"FeatureName","Normal","EPN","GBM","MED","PA","MeanDecreaseAccuracy","MeanDecreaseGini","GeneSymbol"
"EFCAB1",3.08139847371327,5.55967219830161,4.92678368884541,4.85833240833428,4.47551815652981,5.70280976958047,1.08455777611553,"EFCAB1"
"DAW1",3.57798366379873,5.60944789116061,4.89835042052233,5.04224071866415,4.62769341656002,5.71146884028474,1.08243336905308,"DAW1"
"NACC2",3.96900396474462,1.08517682066604,5.33229262628427,6.39769707046227,4.68278265023331,6.83179130642272,1.02231372857842,"NACC2"
"ONECUT2",3.38314364258755,0.859122289958389,5.32597810092404,6.58086100889309,3.79865163035961,6.43537203521598,0.875175668758428,"ONECUT2"
"SPAG17",3.21694163535275,4.72572201900263,4.67308914793546,4.34244629097688,3.61509444423055,4.99095701781296,0.837372160270652,"SPAG17"
"EFHC2",3.95403250760285,4.81410506531003,4.46382945379253,4.41338127217812,3.79934588287206,4.98148031601013,0.830999388974453,"EFHC2"
"CFAP126",3.43211512783052,5.16577658142558,4.47733141585706,4.47852773097999,3.69301879515,5.13168703600434,0.829057383816229,"CFAP126"
"FAM81B",3.70245200558255,5.37218649951699,4.17191845736013,4.48300272291304,1.21478016665367,5.46005153154183,0.822286669050548,"FAM81B"
"CAPSL",3.69260636012959,4.89854704439373,4.37093410251046,4.4404977945087,4.32847264071001,5.02021482894073,0.812375144261235,"CAPSL"
"DNAAF3",3.68639370541439,4.67077251506192,4.49404042928978,4.04313517872853,3.56283851222806,4.83384869676287,0.782978019928577,"DNAAF3"
"VWA3B",3.78766029169002,4.46867224452392,4.11113254996562,3.21155217812972,3.4460829440171,4.49909349530494,0.782961692912273,"VWA3B"
"AK7",3.75939070637793,4.68298482666485,4.00938212804046,4.27527011554225,3.22409921006749,4.73507292424379,0.782530707713443,"AK7"
"SOX2.OT",3.77094997916758,2.21459212058643,5.75019838914736,5.67764777916653,3.75244689860613,6.03331421484703,0.778236311831727,"SOX2-OT"
"MIR548F5",-0.819164570719733,1.41489246138295,4.99160231400516,5.8311983537036,3.77978466220394,5.79316626189106,0.731065430608556,"MIR548F5"
"KIF15",4.0516887392033,0.0671116708685169,5.70112209448889,3.52128142284674,6.13848874083107,6.59439051852148,0.726854693029024,"KIF15"
"LOC101928882",2.9667699921098,4.58115618181374,3.70140352021521,3.54314507180266,3.44660634689488,4.56336209769384,0.693831870483953,"LOC101928882"
"C5orf49",3.58251042117487,4.29495165461362,3.78160061892488,4.17382951043314,3.15426273488481,4.63828694997078,0.689484629920919,"C5orf49"
"DRC1",2.89644053774394,4.31512711262068,3.85975087055076,3.52472669084315,2.87051059223353,4.34210134290683,0.666905361540636,"DRC1"
"TPPP3",3.48096964143788,4.35344836676108,3.33447171760261,4.00499233198895,3.13294224048185,4.37987387848893,0.663207251790301,"TPPP3"
"CFAP206",3.64421630828482,4.30164793158962,4.15636538009541,2.64643357442708,3.67965976561252,4.54292089460215,0.655707377181435,"CFAP206"
"ARMC3",3.31042801022114,4.57497820135945,3.92073351379999,3.91877503548018,3.0149895588054,4.59978311152858,0.653527973503512,"ARMC3"
"INSM1",1.22430206480934,0.549656433120754,4.02459514224726,5.18909959633188,3.09074433539372,5.87070895508393,0.651969236491114,"INSM1"
"RSPH4A",3.65843176879545,4.13142267723194,2.10825225623628,3.87745054394817,3.45821428616232,4.43350137479749,0.648107991417033,"RSPH4A"
"HSPB8",2.27032180623167,4.22489627274345,3.84101604265813,3.48947419909843,3.80456976218064,4.33258488223817,0.643453042324767,"HSPB8"
"TEKT1",3.06735952985025,4.27902282108404,3.60324867209129,3.27366770508295,3.40370717921992,4.36691672408771,0.639497973688389,"TEKT1"
"RSPH1",3.44257951109176,3.95833885918514,3.77387285326604,4.00383096271717,3.1730247846837,4.30315324308549,0.633706585029295,"RSPH1"
"C11orf70",2.86182274187111,4.1636767646937,3.5106743717631,3.47420344954602,3.13137902143405,4.23103171736582,0.614509878669047,"C11orf70"
"CCNB2",3.94793661223492,0.970689608335964,4.69559414625462,3.05350116229606,5.22527791733838,5.87116388689185,0.61317895161495,"CCNB2"
"KIAA0101",4.45684017868096,-0.440954697434588,4.71330247648148,3.11399656848712,4.70120645072259,5.5669986593932,0.600594993785426,"KIAA0101"
"MSX1",3.22833522361367,3.96518617316339,3.98281046191565,3.14727668205777,2.81196666578775,3.97880647790062,0.587903653183002,"MSX1"
"ELAVL2",4.0712421345713,1.65127494038561,3.60194988683575,4.76693513047601,4.18094549660975,5.43368852956486,0.576559517160772,"ELAVL2"
"MELK",4.12167106455496,-0.472472852188483,5.04563805530254,3.04568375833225,3.89869425952049,5.40628980896375,0.571674253940393,"MELK"
"CDC20",4.15041604593908,1.44990833614667,5.16407214435742,3.18926934369992,5.18238715521268,5.66323386230782,0.546941653501354,"CDC20"
"CFAP43",3.48785308879761,3.92078758834862,3.41649418326309,3.19298489705231,2.57873822086756,4.09126912767507,0.542781193145752,"CFAP43"
"CCDC81",3.12488975761209,3.79424833542108,2.89587557910393,3.48237630996297,1.24575429852503,3.85829761267233,0.531016387738866,"CCDC81"
"TTK",3.63837226166097,0.146161933403905,4.92299352409333,2.83985210436805,4.68391527156772,5.50201805190667,0.530174124094902,"TTK"
"CASC1",2.82742529842885,3.60287988080392,2.26522517906114,3.51960740265514,2.94116228056686,3.75367591011019,0.519531798978782,"CASC1"
"SALL1",1.77165074545178,1.12461969484644,4.6401184927091,4.62580013699948,3.34442326286156,5.06068488365021,0.517088438051494,"SALL1"
"TOP2A",4.29372031348259,0.530263301891884,3.97356435040567,2.52605990141241,4.27240966706867,5.33824072384706,0.515350538165359,"TOP2A"
"ZMYND10",3.174420508665,3.7966816864896,2.60445890589151,3.320446942692,3.13887591554376,3.97513423956249,0.510766556765429,"ZMYND10"
"INA",4.36003300129455,1.53503871975212,3.9649232657404,4.94012846227332,3.4556633996151,5.01404614721369,0.504747238450658,"INA"
"AP3B2",3.15875604925556,1.20772248489663,3.9058096176442,4.75761688369864,3.62009972498714,4.82744727569273,0.493513163802876,"AP3B2"
"CFAP45",2.69910941275861,3.76550832834557,3.01159517767842,3.25894096404131,2.6655599347902,3.79532412353198,0.476015586912645,"CFAP45"
"CD24",2.93459300867684,0.579444116178039,3.97707180164884,4.37223835800207,3.03537424546634,5.00376649342516,0.473942988114141,"CD24"
"MLC1",2.79538008273542,2.01112924084564,3.02753484391451,4.56582099800145,2.32770266707235,4.45204042630853,0.46125302709587,"MLC1"
"SPATA17",2.80914674433936,3.87055671451113,1.06684014786312,3.33600253249543,2.90523637261012,3.8878745570669,0.459942539248596,"SPATA17"
"C9orf24",2.86815694870897,3.10518401553032,2.26081566526893,3.05923608813349,3.37643532656442,3.36190987501321,0.456139359933374,"C9orf24"
"ACTL6B",4.12676412268983,1.34284989575028,2.50877291329208,4.60250356997978,3.73765477231871,4.64043898933279,0.447123279122911,"ACTL6B"
"SPAG6",2.72936645820395,3.36536245918151,3.19177475892411,2.9646806149159,3.01359181386353,3.47883154442473,0.445738441939902,"SPAG6"
"C1orf194",2.85330983289865,3.70285329609689,1.02496970545579,2.9177829063265,3.20758885881268,3.63244576573185,0.443787847510878,"C1orf194"
"DACH1",3.69211079280819,0.408986771480572,3.54515085513634,4.39912720699701,3.76047177517528,4.60963142937969,0.443720113598074,"DACH1"
"CENPU",3.97412901598507,-0.0870253797126498,4.77212123932687,2.4291580829323,4.1179638601215,5.3063518105026,0.43822985498409,"CENPU"
"NUSAP1",3.51798313479268,0.420601202218578,3.93745353866239,2.57941046654402,4.00151064823267,4.53088764083695,0.435226369324143,"NUSAP1"
"RRM2",4.16181391387633,-0.571140037221916,4.14381658788527,2.14713653735317,2.57894905945523,4.79811438120227,0.435086496392242,"RRM2"
"KIF4A",4.25198079149479,-0.325129118408845,3.63378981269941,2.4258195837426,3.54314283343995,4.84282405565092,0.433942297440254,"KIF4A"
"RNF43",2.21809148791756,3.85741159529954,3.69469005307691,2.65821449655964,2.47761652681782,4.07166944499685,0.420603878432672,"RNF43"
"C11orf88",2.61145113157432,3.51712199738311,3.11244309717404,2.85041312879893,2.5222921654324,3.46898809284064,0.420429662996009,"C11orf88"
"PLPP4",2.70753225062155,1.00050037531277,2.19875683212951,1.65752345550634,4.61477498435006,4.43644912844857,0.400326728462757,"PLPP4"
"FOXM1",4.21852042856257,0.261651294479707,4.49231672282303,3.12304962801677,3.32257651210649,4.52886241782353,0.400232274796833,"FOXM1"
"SRRM4",3.5411806288091,0.0944354278488995,3.84322961458293,4.27196217810196,3.38644403578651,4.46472232320053,0.398233935588158,"SRRM4"
"UBE2C",3.65512714563945,0.407520123354482,4.58674796011065,2.36301065008674,3.26174358856695,4.67518243147161,0.397817318733418,"UBE2C"
"C6orf118",2.93115790540999,3.6698282706223,2.27282777501328,3.03138323538339,2.54130617708432,3.69715718266043,0.397016638967637,"C6orf118"
"CACNA1B",3.6573180471377,0.995071127339346,3.4607348475509,3.80572612825737,2.60544610786637,4.21310558055884,0.396390482766405,"CACNA1B"
"KCNJ10",3.3290403596872,1.99419107750994,0.998922674365326,4.47217819407517,2.74103514730276,4.50532303922148,0.395973809650907,"KCNJ10"
"DTL",3.77143884665347,0.443272656004964,4.43156196906789,2.87419287679259,2.78404538457081,4.51979914781462,0.379641935731745,"DTL"
"BHLHE22",2.80348374523811,0.643407930483875,3.04419683902118,3.71926453311963,3.22527972353129,4.02149086460925,0.377473416772259,"BHLHE22"
"LRRC4C",2.59516190497116,1.3541811244486,1.51021901450828,1.73685554673564,4.20242664968325,4.41860836145298,0.37550843363036,"LRRC4C"
"AKAP14",1.4821433796022,3.00686024037646,2.58755976846347,2.73520698543621,3.17866581236364,3.29348668726709,0.375191491861796,"AKAP14"
"CFAP52",2.19952155790891,3.16032764175242,2.26072200247397,3.29370368072788,2.55886531572418,3.42656831166389,0.373774724156869,"CFAP52"
"LHFPL4",1.93345815791319,2.79561720340196,1.3009037261644,3.77903889248569,2.42068738485803,3.64117682040917,0.362089040691604,"LHFPL4"
"TTC29",2.6017733112171,3.25050007475064,3.55019643767443,2.20999125951386,2.51929298583557,3.42347434159945,0.358779244234747,"TTC29"
"TTYH1",2.40076867624797,1.86384910289998,0.694451813100844,4.4090122173483,2.55432018748686,4.31156539218295,0.357982781943341,"TTYH1"
"C4orf47",3.16447392044825,3.04842130781739,-1.13809082359396,3.09661585853025,2.80056080501828,3.28769631504203,0.351827743543584,"C4orf47"
"BUB1B",3.80106912673653,1.00050037531277,3.85223249236255,2.65060709539167,3.52468701807456,4.60371175347458,0.346116399685242,"BUB1B"
"CCDC146",2.88783195512552,3.47334177453987,1.44821017483568,2.6646568150598,2.28095089577634,3.53460154439611,0.341261985759518,"CCDC146"
"SVOP",3.80276991411651,1.00050037531277,2.51867124918052,3.66700451675918,1.66484579363175,4.2518791248675,0.340486578585658,"SVOP"
"CELSR1",2.00793299332269,3.19794640693525,2.44600045746813,1.73867515519165,2.51152437718327,3.41402259486321,0.340240102049588,"CELSR1"
"SCRG1",3.28397855890341,0.311511024920717,2.32564522409178,3.62222825877684,3.61608357658163,3.91645763703166,0.330079760999715,"SCRG1"
"IGFBPL1",2.76426912693176,0,1.34258348218404,3.87156938176978,2.43825215384482,4.08582332474539,0.322327140443328,"IGFBPL1"
"MAP3K19",2.49749521605706,2.73442005983355,3.28953084847031,1.97441453521346,2.10000389420647,3.01226275632425,0.319631513158038,"MAP3K19"
"NUP62CL",2.40014073041587,2.85955244262829,3.06534452336381,0.478721721638129,2.01914772608272,3.11668208428805,0.315207617402395,"NUP62CL"
"MAATS1",2.59343066843145,3.12089163864392,2.2338210245483,2.61043406421179,2.33120549424084,3.04427820613821,0.31506826424918,"MAATS1"
"NUF2",3.55726831114421,0.906816261594548,3.61424411058289,2.60271536099828,2.15569313271933,4.52229133291441,0.314608970275787,"NUF2"
"GLIS3",0.98535070039721,0.567163009733262,1.06444658944149,3.6372780314936,2.23017792633233,3.84014019400239,0.30826044561117,"GLIS3"
"DYNLRB2",2.23931726312776,2.95159377257598,2.17421801183143,2.31128093936546,2.37653505839238,3.00024648099279,0.306009691596333,"DYNLRB2"
"SLC35F6",2.83231980570189,1.35132447441189,3.52829178262082,2.30573587456145,3.2747176011189,4.16425599297169,0.298043878917105,"SLC35F6"
"BARHL1",-0.560866451443387,1.00050037531277,2.54214975208725,3.67976024650057,2.48345074046219,3.95429126024423,0.293145831391764,"BARHL1"
"NKX2.2",2.44785049910738,0.864133287004948,3.02739563095114,3.54907805559876,2.844627256328,3.94098171749336,0.287784910919343,"NKX2-2"
"PBK",3.15874571519053,-1.00050037531277,3.05741815219723,1.78444639467028,3.67113059568604,4.26544065104858,0.286059595183608,"PBK"
"SYT4",3.22317082204978,0.643407930483875,3.21689327077154,2.85109615952296,3.04426295834296,3.80786406278646,0.285776012095284,"SYT4"
"NEK11",1.99919324926115,2.56931870866983,2.59750430715585,2.34158136263894,2.35466303079335,2.67886208067679,0.285380898461321,"NEK11"
"E2F7",3.19007740253765,1.3549434237653,2.92446358694932,2.15008555893354,4.27065859696439,4.41520285582744,0.276736083302432,"E2F7"
"ZNF474",2.63939897534826,3.07155897746971,0.74386599181225,2.49215943691634,1.71631223991304,3.20818305763491,0.276015149489514,"ZNF474"
"NALCN",2.17260642088705,0.932126948433743,3.52406938906783,-1.00050037531277,3.57535172751847,4.22796199235332,0.274622165323508,"NALCN"
"GABRB3",1.59887911937099,1.41402439715896,2.80224969569458,3.72037596336755,3.02123718146148,3.55902411641436,0.271672322420706,"GABRB3"
"SLC12A5",3.96909879047462,1.00050037531277,0.706064229081278,2.13804746783531,1.61372463515148,3.95018742940924,0.269870017386674,"SLC12A5"
"C4B_2",1.90524311290121,-0.739882833369536,3.05761502686598,1.67566763221057,3.7324122626559,3.93097123770818,0.266449804275961,"C4B_2"
"ARMC4",2.08802682008306,2.67710072963889,2.90608277803277,0.377991473364515,2.33928225205984,2.99826591000503,0.264234228754917,"ARMC4"
"CELSR3",3.08109468308772,1.00050037531277,3.52995637148757,2.67732036735643,2.55109272581137,4.57009651064575,0.263196407755732,"CELSR3"
"FOXJ1",1.56324833330196,2.5856879495641,2.06983602393511,2.34240184181787,2.14766599671525,2.67250231027676,0.260552286896819,"FOXJ1"
"PIFO",1.65960515773176,2.51608800657222,1.94331219415281,2.29522784038833,2.77934030097372,2.96238480628244,0.251250299673376,"PIFO"
"BCAN",2.16881523404922,-0.438288592396488,1.34257248922098,3.40638975553287,2.87631545345992,3.61784918116961,0.251135024503839,"BCAN"
"FAM131B",2.2010620567694,2.89196782183513,1.08669292783969,0.213471061854679,1.95669745966855,2.8992856777429,0.250187482815783,"FAM131B"
"TNFAIP6",0.831555102857274,0.840663002792665,3.99020770870961,2.96551260629235,2.34375516030387,3.87329968906448,0.247885568304129,"TNFAIP6"
"BIRC5",2.92616729633045,-0.0403896525303661,2.81804840916119,1.5728875635784,2.57039567718143,3.5158668537031,0.245613660378219,"BIRC5"
"KIF14",3.76259277291983,0.772321402763264,2.95083089228721,2.197665543991,2.66640834203965,4.01358227861151,0.242267308420027,"KIF14"
"LAMA1",1.26648996524196,0.145522915860831,2.90533840660528,1.00050037531277,3.56154435540226,3.60370067207291,0.241246232453631,"LAMA1"
"DNAH5",2.16874034018773,3.1451246624905,1.56881622140158,2.37858286680297,-1.00050037531277,3.24813545783186,0.239353735485948,"DNAH5"
"GRIA3",2.50385189232481,0,1.76577635823421,3.19745387334174,2.87087218022233,3.23183144410763,0.238451969943652,"GRIA3"
"FGF1",2.07622598411499,0,1.91974912975374,3.09427477377176,2.52572439234735,3.08126478217191,0.235427424970031,"FGF1"
"C1orf158",2.27901450371696,2.41863509012375,0.732470288523556,2.34780990632895,2.30364375444538,2.53557500946437,0.234370673468555,"C1orf158"
"DLGAP5",2.40879833444916,1.32417489850342,2.62971825232041,2.68924909520767,2.95992077891822,3.85031265598642,0.232680908074045,"DLGAP5"
"BUB1",3.04526493740725,1.00050037531277,2.73997282511456,1.94895727435397,3.17197672169341,3.75993111250964,0.23250656808348,"BUB1"
"KIF2C",2.98086111703602,-1.41344597298508,2.23743952407687,2.06870348940849,2.22740924806607,3.47238117675345,0.232282416862385,"KIF2C"
"APOD",2.16874034018773,1.40859042454753,1.70361210473712,0,3.72294420117855,3.79516862946176,0.232268253372709,"APOD"
"ASPM",3.42188252315855,0.140720902229215,3.02068029617717,2.12589312559837,2.54825478253708,4.21218600341527,0.231730419043562,"ASPM"
"TNFRSF11B",1.9782426481401,2.81290989881414,1.91168786654294,2.79355437201557,0.346623059214623,3.29765838277818,0.230161782683351,"TNFRSF11B"
"LRP2BP",2.00273377160019,2.81242008675708,2.22911514901674,0.686155807993849,1.37534979666916,2.79298251997989,0.229791643546985,"LRP2BP"
"CDCA7",3.21980262025813,0.99832824643071,2.66630229834658,2.20977942753471,3.08268588401674,3.81415684477369,0.226791460516546,"CDCA7"
"KNDC1",3.20111193901915,1.71196635682432,2.36585084857266,2.92714204413152,1.40980462219091,3.97359329560403,0.22440317529086,"KNDC1"
"RBFOX3",3.01550069655525,1.41366934568814,2.60585944401471,2.06339263408367,2.18076086485896,3.43104478461681,0.223904898356273,"RBFOX3"
"DNAH12",2.5236805938435,1.98613247192831,0.710744630017278,1.00596022610978,0.995542572771371,2.37959610884885,0.219943343835272,"DNAH12"
"DNAJC6",2.96407805651401,1.72814641872477,0.477361624427071,2.27561763085472,2.17473082423558,2.91365596229935,0.217618525001551,"DNAJC6"
"SCIN",2.22253022835302,-1.00050037531277,2.01687880678856,2.51322770754284,1.59020960579251,3.42395383792333,0.216402415609416,"SCIN"
"CFAP70",1.43061220057038,2.51777378449442,1.7286655787721,1.88161921007543,2.12776139097115,2.60212779002259,0.214835744858183,"CFAP70"
"LYPD1",1.22480347141348,-1.00050037531277,0.252434498670753,2.84293671420148,2.14998898018153,3.19156421879454,0.211081097602218,"LYPD1"
"SULT4A1",3.0443513901325,1.08299566404498,-0.279315093618467,2.34079957224766,2.15735298613844,3.52644729668698,0.210957963081822,"SULT4A1"
"ASPHD1",3.44954281059747,1.15535641164343,2.85151688956374,2.29575564841825,2.0970061205615,3.49588586900024,0.21055371008646,"ASPHD1"
"LINC00673",2.18164397228906,1.75634024451726,2.92132860420816,2.80512012482862,2.39316689920904,3.42955531215232,0.20870543474878,"LINC00673"
"CENPF",2.66277704524894,1.00050037531277,2.25706180448042,1.89311957718486,2.42663198225474,3.30628931377951,0.208143103133605,"CENPF"
"FAM64A",2.14934792345588,0.240429986458887,1.48649793485557,1.79776863373908,2.20445161853347,2.77905068547955,0.207320657376343,"FAM64A"
"PLAT",2.19533535671448,1.57727293063938,2.93817676571369,2.43128222184569,3.2697528760495,3.25365125585586,0.205517654610256,"PLAT"
"KLHL29",2.89186429342006,-0.128037929428422,2.60005301283273,2.576564143986,2.94152743648652,3.53043835155993,0.20511194295575,"KLHL29"
"TRIM29",1.7286655787721,2.07651327183676,0.760615339313125,2.21672587503129,0.909275101610041,2.28184785177165,0.204778774465468,"TRIM29"
"EBF3",-1.41562990079754,0,1.85138548959064,3.47837570400008,0.557172479038601,3.27319777902554,0.203550685485413,"EBF3"
"B3GAT1",2.29935565792895,2.54068619214066,1.66276474196227,1.9830796933653,2.01306604774692,2.65137933559565,0.201939149725853,"B3GAT1"
"TCTEX1D1",2.11492165518341,2.30837910743717,1.21351252179357,2.13585982359781,2.07490120489049,2.59662725529537,0.200038325136757,"TCTEX1D1"
"UBE2QL1",2.69810459746045,0,2.04754268184298,2.61475040269805,2.50808193628429,2.98194097416714,0.197048602547225,"UBE2QL1"
"SPAG1",1.95249346193784,2.40264680585783,1.55863231264293,1.30579589370429,2.0366874001155,2.29803841031263,0.19676925225635,"SPAG1"
"C11orf63",1.73465474410435,2.50320152467526,2.15225457985419,1.91005147469985,2.24327441690723,2.52623639233662,0.195491182647511,"C11orf63"
"MORN5",1.72566424269263,2.23790230964054,1.47999606801482,2.03631697872121,1.99696235765427,2.35688363503141,0.19340254840356,"MORN5"
"NRXN3",2.34896571866226,1.00050037531277,2.20777400161551,1.00050037531277,2.47422830855691,3.41994735115814,0.191140037769167,"NRXN3"
"WDR63",1.18901665388022,2.28537098089159,1.66103039446558,1.9082066590912,2.13886330850074,2.53974227681864,0.189323296532607,"WDR63"
"PHYHIP",3.08629563896839,0,2.09029764250784,1.63106562135322,2.35771337059721,3.41692710099081,0.187993364107548,"PHYHIP"
"LOC284570",2.51813525584806,1.0983250569165,2.085107982745,3.08814433378692,1.39633091875173,3.78539385883098,0.183503738484607,"LOC284570"
"TEX9",1.80096524524832,2.59616298730695,2.69692625853263,1.725169626028,1.89132401197759,3.04610650914166,0.183356984353336,"TEX9"
"HEPN1",1.83954653580396,1.40591445977102,1.45301267448698,3.22262617628219,1.73032135051496,3.41510267360038,0.183293004644519,"HEPN1"
"CUX2",1.75424076723094,-0.577446518297436,2.21952972786613,2.0455964792792,2.92116137753055,3.93594261018251,0.182924872918862,"CUX2"
"CALY",2.51430668078993,1.29715064478169,0,1.30822108214638,3.11180405918824,3.61269204584755,0.18228332707449,"CALY"
"PLEKHB1",1.00050037531277,0,3.04996413335654,2.36305076294362,1.4939760493853,3.32364700008257,0.182250067779571,"PLEKHB1"
"MEGF11",1.00050037531277,0,2.5202329343525,0,2.843426668303,3.17874558490256,0.181453879717595,"MEGF11"
"CDS1",3.13146995983617,0.731911075058116,1.87671998996976,1.92891051615693,1.64974940907235,3.31193381645719,0.178844091850558,"CDS1"
"LINGO2",1.95997430557141,1.38808583077671,2.15444886037989,2.66931743869534,0.928877155295032,3.27126505118009,0.176985393394374,"LINGO2"
"S100B",1.17990650956807,1.3541811244486,1.34106045230975,2.68432159631328,1.92884729419134,3.05276284216778,0.17611789487623,"S100B"
"SCN2B",3.25394626008468,0,1.09367675878039,1.00050037531277,0.972847342362965,3.01437889452358,0.175182473791958,"SCN2B"
"STMN2",2.63226441256375,1.41933793379641,2.58705833603784,2.46438566399955,1.99395184027418,3.37988403101714,0.172428558852803,"STMN2"
"VASH2",1.63375496508966,1.00050037531277,0.719120398122533,3.38973473845834,0.696042592322362,3.1925792244557,0.172382318638956,"VASH2"
"WDR78",2.28189604145282,2.28814810899259,1.44728961596321,2.10030070174101,1.5633573112985,2.45382970995438,0.172291960209517,"WDR78"
"DCDC2",1.38808583077671,2.34091785372571,0.862602538329099,2.27111812924142,1.57828278977051,2.37135667919575,0.172111756130236,"DCDC2"
"EBF1",0.870718159752349,0.656346313111118,2.52188441221966,2.49178666760153,0.0128575506447642,2.50973928298123,0.171051978544751,"EBF1"
"RAB3C",2.87537226720834,0.0784466954300925,1.66231557687364,1.53019534376604,1.40980462219091,3.1720804334629,0.169264654372281,"RAB3C"
"ZMYND12",1.88483702136668,2.49585902780625,1.63221554319239,2.34758601529334,2.15166027620771,2.71146135981582,0.168678562154381,"ZMYND12"
"CCDC170",1.9036826175444,2.00072068757406,1.02010911757745,1.59674682434019,2.04077257689272,2.17723160826287,0.167657045595075,"CCDC170"
"KNL1",2.30772043413567,-1.00050037531277,2.68931223447777,2.02573644554757,1.66522507722236,2.90886812099529,0.167224104444784,"KNL1"
"KIAA0319",3.15673412142929,0.503213167035666,2.13425470394696,2.0911708231602,2.23779150839009,3.19638449562559,0.164905556987641,"KIAA0319"
"MFAP2",3.33325397152562,0,2.34671284320383,2.37769955498125,0.020510936991361,3.44031709888001,0.164311485033372,"MFAP2"
"ARAP2",1.97774967425427,0,-1.28419531270728,2.44336703936623,1.00050037531277,2.14274610509561,0.162093214167346,"ARAP2"
"TLE2",1.34284989575028,2.50721832630877,1.81061490147715,1.15150818701008,2.13317832031956,2.77772134652878,0.160552514932826,"TLE2"
"CCDC88C",1.85035406559669,1.41489246138295,2.79972334537436,2.52735563341038,1.74070659442628,3.25801433244854,0.160354239381008,"CCDC88C"
"OPCML",2.31065264629149,0.966344967207795,2.10119025232777,1.00050037531277,2.66076866291263,2.80808085179975,0.154769467304032,"OPCML"
"RELN",0.936084146513813,0.867314113849976,3.61696846958504,2.36671763626673,-0.785229032305106,3.63583951140547,0.154555917649285,"RELN"
"CYP2J2",2.54906614009925,-1.00050037531277,0.685027031315533,2.25516102520776,2.15102913982496,3.08337191769678,0.154047662584512,"CYP2J2"
"SSTR2",1.06261506732966,0,0.483854135523277,3.14023414354512,1.7286655787721,2.94699508706831,0.153864163859595,"SSTR2"
"ST8SIA2",-1.00050037531277,-1.00050037531277,2.43815549298678,2.24318042979213,2.04552898458412,2.40779518605937,0.15058313856831,"ST8SIA2"
"FIGN",1.92723953697564,-0.349337303694473,1.12475373683954,2.56522257158255,2.38732048635126,3.01608213200034,0.150345607984377,"FIGN"
"CITED1",2.12338462849558,2.58065267451063,-0.609219632034012,-0.561485152007461,1.4990913733611,2.47383735106091,0.148756969010576,"CITED1"
"CACNA1G",1.21357078494566,0.488959647171827,3.663666445706,1.24158596071939,2.16324900327397,3.33006283949489,0.148136059915207,"CACNA1G"
"BAIAP3",0.359931187734729,1.94323927121715,2.04473482301775,1.58725200099078,1.00050037531277,2.16095358409513,0.147966390317217,"BAIAP3"
"TMSB15B",2.2516760056191,0,0.936144970012997,2.91356626583344,2.26242733035236,3.50846250611804,0.146499472800133,"TMSB15B"
"ENKUR",1.67846749720368,2.40516472692558,1.65321187420513,2.1551655144459,0,2.46891744379367,0.146416178660043,"ENKUR"
"NTNG1",0.727799553436887,0,1.01596787435966,1.41073022424679,2.99795862302768,3.16710700652057,0.145409027564379,"NTNG1"
"FNDC5",1.34284989575028,1.00050037531277,2.03036190652434,2.61605233511916,1.89575313996233,2.90434094697348,0.144937301162988,"FNDC5"
"SLC8A2",2.09132463944454,1.69698218260433,2.31052826357608,2.5686368255743,0.872373204317023,3.13860057625311,0.144740889303386,"SLC8A2"
"GDF10",1.00050037531277,1.2533415594516,3.42339285892488,-1.00050037531277,1.50969740216238,3.46100997219283,0.144706799324536,"GDF10"
"MDH1B",1.3732817904574,1.3126008535365,1.13103835439334,2.0203526250857,1.86870649327307,1.99504920832447,0.142854979446775,"MDH1B"
"SULF1",1.37930743344572,-1.00050037531277,2.41315169741748,-1.36105912720662,2.52572288247736,2.49488647267754,0.140260233180191,"SULF1"
"NETO2",1.93100212211679,2.18083074167922,0.496299639307571,1.13157592916788,-1.00050037531277,2.23906981843228,0.139658054801807,"NETO2"
"PLLP",2.11125560029098,-0.0784466954300925,1.65055143014407,2.02260431843016,1.73407986493031,2.53556613257244,0.137831385462613,"PLLP"
"ZIC2",-0.936996865282231,2.04174216923066,3.18474623014752,0.730491567071403,1.19355566588755,3.03819162076078,0.137625707594632,"ZIC2"
"LRRK2",0.727799553436887,0,1.69266966585957,2.09793213509716,1.84491998618732,2.40404581560965,0.136637641064162,"LRRK2"
"ODF3B",1.55069606311891,1.50045019800166,0.943102795408418,1.21986566937278,1.64974940907235,1.45916192602517,0.133771994427783,"ODF3B"
"OLFM3",2.81139783086389,1.00050037531277,0.645636502194429,1.250195117717,2.35244852778683,2.84462514976174,0.133694582999714,"OLFM3"
"CNTN4",3.25262532444796,1.00050037531277,1.77390871433468,-0.0830457662189448,1.0653192532243,3.07501796394186,0.131743711966074,"CNTN4"
"DNM1",2.6102671622342,1.00050037531277,0.208524908221058,1.39275100660144,1.36565378110622,2.7640950518409,0.131474099300479,"DNM1"
"ERBB3",2.27493691622601,1.00050037531277,-0.1130863883795,2.50194221160137,2.09413021716265,2.79088371414998,0.131268894503046,"ERBB3"
"VAT1L",0,1.00050037531277,-0.0547709229449983,1.3732817904574,2.17263256177614,2.38602005408954,0.129734437052948,"VAT1L"
"RCAN3",1.57337240546645,-1.00050037531277,2.14942412425827,2.76940406059423,2.19469452006519,2.89930233189132,0.129427413008081,"RCAN3"
"GFRA1",1.95266535062214,1.60688652597015,0.750412868256347,0,2.64048900761212,2.76813484813921,0.128867339195733,"GFRA1"
"CBX2",2.33803083805029,-0.211861553880071,1.01219959351581,1.91648996142536,2.30134867250613,3.03560869484026,0.12844958981607,"CBX2"
"NKAIN1",0.128037929428422,0.277360766039542,0.390069530688862,2.44797793026286,2.6616824835841,3.037181485239,0.127703235169101,"NKAIN1"
"COL20A1",2.12610948375575,-1.00050037531277,0.700311708080582,0,3.1671485062353,3.234123856782,0.127259956973347,"COL20A1"
"INSM2",1.9426039394485,0,1.81713481809004,2.72399124626058,1.41562990079754,2.58501484167028,0.125874666453743,"INSM2"
"SHC3",0.513581232669506,0.0784466954300925,1.98996283944715,1.95341101148455,2.17104909930942,2.5533515655491,0.12511165695932,"SHC3"
"PLD5",1.40137402013983,0.245776999063078,0.728749678889889,0,2.48450906494919,2.37213536772883,0.125097232166874,"PLD5"
"LHFPL3",2.01364494291296,0,1.26592420885458,1.57374241964418,2.29982652901629,2.07466881149424,0.124983010207708,"LHFPL3"
"HS6ST3",2.6945500987513,1.00050037531277,2.40559564492332,0.128037929428422,0.667035316786269,2.91335042069039,0.124752842926702,"HS6ST3"
"CKMT1A",2.84991973352374,1.00050037531277,0.726071434411584,1.16354216884132,2.12096135441042,2.72100963294303,0.123510073656466,"CKMT1A"
"CPLX2",3.02739458286819,1.00050037531277,0.813211956960113,1.00050037531277,1.37930743344572,2.3841539466426,0.123290872829441,"CPLX2"
"RARRES1",3.06403508030063,0,0.617507302615372,-1.00050037531277,1.72445038395108,2.8143851280841,0.12326029267057,"RARRES1"
"SPHKAP",3.30269128807724,0,0.44725832356883,0,2.04222197821154,3.19421863195747,0.122628229238739,"SPHKAP"
"IQCG",1.38808583077671,1.4150512896801,1.39090766015135,1.61248379965821,1.2537391634676,1.83429052351394,0.121826409934529,"IQCG"
"LIX1",1.89926681349876,1.25712161050595,-1.72300470430642,2.62794838793735,1.2807771002894,2.9479590191587,0.121518401883717,"LIX1"
"NRGN",1.16795652575305,1.60089097111272,3.11667465558197,0.501619925381248,1.04901125132936,3.23422924787138,0.121217732294491,"NRGN"
"ASXL3",0,0,1.0380943399072,2.5493450352711,1.73857793044139,2.35393426308491,0.120797719136125,"ASXL3"
"CCDC96",1.55593738333794,1.94404260482377,1.99805192222189,1.54744294696733,1.94157485610576,2.05331919466404,0.119132092939699,"CCDC96"
"KCNJ16",0.853161636355963,-1.00050037531277,-1.79017344527724,1.55865823906786,2.51509654447352,2.13426283278338,0.118973293273445,"KCNJ16"
"SHISA9",-1.00050037531277,1.57246482411889,2.29342045949747,1.00050037531277,2.78024745909109,3.25215955822667,0.118443758110801,"SHISA9"
"VSNL1",2.29832581418187,1.00050037531277,0.114351745399563,-1.00050037531277,1.8387001307389,2.78149078349217,0.117886846699282,"VSNL1"
"TMEM130",2.42712971594498,0.760770536792392,1.00050037531277,0.359931187734729,0.153394802424824,2.67555069131865,0.117687226330443,"TMEM130"
"CPLX1",3.16651597461031,0,0.934133111266898,0,1.51163719747478,3.10935351891641,0.117214869722397,"CPLX1"
"CACNG2",2.10909243847868,1.36189207868933,1.34284989575028,1.78956760206192,0.811770005343977,2.71392360483615,0.116923777073456,"CACNG2"
"NR2E1",1.68544076783893,1.00050037531277,2.7206467714985,1.71100026699168,1.89295691873848,2.86841177347221,0.11660937565924,"NR2E1"
"SEMA5A",0.310475173302051,1.00050037531277,1.9877505123917,2.19984459513118,2.12666544790436,2.95706692102845,0.116513380633199,"SEMA5A"
"LOC645321",1.41562990079754,0,2.56548916218443,2.80134458539025,1.66875932107761,2.985470371386,0.115742505661411,"LOC645321"
"RPH3A",3.04361255074911,1.00050037531277,-0.293467902117176,0.074329619955442,1.67551334932672,3.13229109602258,0.114854093166333,"RPH3A"
"HRH1",1.40980462219091,-0.0328798152339493,1.07076735803186,2.5952231350269,1.71043931490344,2.30717785569705,0.113559173585359,"HRH1"
"PMP2",1.95634805837332,0,0.960789523097768,1.38556964396561,1.99213128615384,2.55859085133469,0.113335421130106,"PMP2"
"PPP1R1A",2.58834684009082,0,2.01002308557827,0,2.19468243171797,2.5112662422971,0.11324553195333,"PPP1R1A"
"COL9A3",2.15567619145475,1.00050037531277,1.86189455581526,2.02859396062542,1.76460702540109,2.31578346771106,0.112739773807335,"COL9A3"
"WDR38",1.38325753407396,1.95274747636074,0.765140700343048,2.02123140546802,1.00050037531277,2.03728897869635,0.11271561059444,"WDR38"
"TPX2",1.62492747033307,-0.0455961226559968,2.36276769829775,1.36565378110622,1.72858299686537,2.77635428215305,0.110889237448434,"TPX2"
"SV2B",2.51186713107305,0.812918605557366,1.57759627369103,0.578755862783876,1.50760431215988,2.36922154174726,0.110006664379358,"SV2B"
"TEX26",1.38808583077671,1.82352723995877,0.803875242144025,1.00050037531277,-1.35325093850939,1.72145973119348,0.109806107573719,"TEX26"
"SLC24A2",1.40980462219091,0,2.04344280865815,1.00050037531277,2.33890489470296,2.64088004529628,0.109565862566951,"SLC24A2"
"ADAM12",3.3469628398675,-1.00050037531277,1.27099338847839,0,1.51163719747478,3.47184514858693,0.109447186174205,"ADAM12"
"SH3GL3",1.97766521539305,1.00050037531277,0.313405312352635,1.00050037531277,2.84501721108439,3.06097574084124,0.109181641317972,"SH3GL3"
"EHF",1.41562990079754,1.56942227182423,1.33521516660799,1.35799815659159,1.00050037531277,1.92359872353854,0.108136816304254,"EHF"
"RUNDC3A",2.0506409177673,0,1.35004878554982,1.9258845053176,0,2.31689540457998,0.107824393284218,"RUNDC3A"
"GABRG1",2.65006651960198,1.00050037531277,2.01803495135373,1.00050037531277,1.78613260355542,2.21167514827829,0.107212972617213,"GABRG1"
"LOC101927057",1.62623372774577,0,1.00050037531277,2.48077532907774,1.00050037531277,2.34410205125301,0.107059633776835,"LOC101927057"
"NT5E",1.34284989575028,0.0978813197347813,1.75298427744322,2.00452749843545,2.72292914492682,2.43477755336088,0.107055204082051,"NT5E"
"C2orf80",1.63375496508966,1.21986566937278,2.06488287189805,2.19040397031902,1.3732817904574,2.44574488781116,0.106578880520806,"C2orf80"
"WDR66",1.38808583077671,1.95212941556221,1.64489143700736,1.2537391634676,1.72269929380503,1.83524761468453,0.106559900700987,"WDR66"
"CBLN1",1.12686229088025,1.28725632483538,2.28377412298718,2.36359729623533,0,2.63564445272844,0.106313708889832,"CBLN1"
"NRN1",1.40137402013983,0.68696485886797,2.34022586678003,0,1.98409114181266,2.98660621293477,0.106191891437095,"NRN1"
"CELF3",0,0,2.01222090459013,2.34570128394692,1.0696563746014,2.5665721221225,0.106126049418363,"CELF3"
"OLIG2",-0.73362592390072,1.29840839883319,1.77020053519592,1.33107817398734,2.13762812115978,2.94228460852824,0.105076343834963,"OLIG2"
"ST8SIA3",1.83875310550064,1.00050037531277,1.27884270106749,2.14982484766498,1.51960665112037,2.36609211639427,0.104903882269825,"ST8SIA3"
"JPH3",2.6171370377882,0,1.55078516550701,0,1.33372672786411,2.70412305790902,0.104362768063604,"JPH3"
"ERMN",2.34075281115549,1.25528666252672,0.200004000120004,-0.156175666481518,-1.23595903523664,1.99201328395041,0.104316556078901,"ERMN"
"NEUROD1",-1.41562990079754,1.00050037531277,1.64571656769269,2.36104962473389,1.00887130491562,2.36693079965178,0.103654265463572,"NEUROD1"
"MYBPC1",1.91837446522458,0,0.66890922756132,2.033636509113,0,1.87036723446488,0.10350353765661,"MYBPC1"
"AIFM3",1.72033887827565,1.00050037531277,0,1.697302904962,1.9147596712829,2.32668815325741,0.10165010377985,"AIFM3"
"OTX2",-1.00050037531277,-1.00050037531277,0.584196104274319,2.24884746732437,1.36105912720662,1.94495326122702,0.101589525947366,"OTX2"
"RBFOX1",2.07214320522519,1.40695434046086,0.238947851746429,2.05103541726303,1.83560742908176,3.15100131915848,0.101433718561061,"RBFOX1"
"COL8A1",1.29886561154155,-0.0362499954970711,-0.536054298179557,0,2.96916077314419,2.89876276177904,0.100799225574957,"COL8A1"
"MT1M",2.26052732433638,1.00050037531277,1.40903414129694,2.78496064571962,1.27912344952131,3.06359016731102,0.100336311314498,"MT1M"
"ZNF536",1.80330807589983,-1.00050037531277,-1.00050037531277,1.69827623412521,1.71218160136095,1.93099301613296,0.0986267063801048,"ZNF536"
"PCDH10",1.49352933728898,0,1.94990009381177,1.9891878973849,-0.501176104142144,1.58660532844542,0.0977206297008223,"PCDH10"
"PPP2R2C",1.27524445020207,-1.00050037531277,0.673735717552499,0,2.37814508028294,2.62454375455155,0.0958515011456859,"PPP2R2C"
"CSMD3",1.00050037531277,1.00050037531277,-0.710922885283147,-0.549396681662146,1.61028295716856,0.896608231520989,0.0952462412434189,"CSMD3"
"TMEM232",1.40980462219091,1.96561676766706,1.47482504050587,1.52431847800427,1.68073161363204,1.91117658539642,0.0950600284540343,"TMEM232"
"ROPN1L",1.60214093212151,1.8130392605939,1.71552511747727,0.911701043224842,1.64871464963156,1.90762096112151,0.0946247296752097,"ROPN1L"
"CDK6",1.98638874213398,1.00050037531277,0.387211915495868,2.58614013561535,1.00050037531277,2.50463570675955,0.0943146206255155,"CDK6"
"CRLF1",-0.789936108184565,1.0835056545328,1.21986566937278,1.00050037531277,1.19396764468489,1.47402787600856,0.0941257004410156,"CRLF1"
"SYT13",2.09691613432223,0,-1.00050037531277,1.38808583077671,2.28630298582308,2.59768992991794,0.0932794207161092,"SYT13"
"GPC4",1.08667797870153,1.75308541686414,-0.300860680037847,1.95058785182256,1.00050037531277,1.93471887959208,0.0929581854690549,"GPC4"
"LPAR3",1.30096692465063,1.94077510065846,1.1944006323682,1.68946073029443,1.51455463005495,1.97853332237699,0.0927185903106227,"LPAR3"
"FSTL5",2.48761101500349,1.00050037531277,0.889327639066255,1.00050037531277,1.85970473474003,2.45354533642485,0.0926953403941419,"FSTL5"
"C21orf62",1.22313614065277,0,1.51096383523966,1.72445038395108,1.56918606371732,2.30633857146158,0.0922801884246479,"C21orf62"
"ADCYAP1",1.64974940907235,0,1.30150833828729,2.43689843062205,0,2.58590408412692,0.0916465194145416,"ADCYAP1"
"PLP1",1.47313024722863,1.00050037531277,0.619096172191114,1.68748284907048,0.942279289946127,1.97920859930346,0.0914982722690922,"PLP1"
"PLCXD3",1.3732817904574,1.00050037531277,1.44852274872229,1.38808583077671,0.68696485886797,1.96840685795611,0.0901294071929691,"PLCXD3"
"EGFR",1.67551334932672,1.22296816180581,0.206425681402558,1.00050037531277,2.38349627154358,2.75606557045393,0.0890081624251004,"EGFR"
"GRIA2",1.40137402013983,1.72702903537475,1.87912775306885,1.00050037531277,1.36565378110622,2.21272485182672,0.0886200880063419,"GRIA2"
"ANXA1",2.21331224198303,1.53070637272228,-1.13197492182651,1.89715818175047,1.27912344952131,2.43785703503638,0.0886131355198656,"ANXA1"
"PSMB9",2.58287488242118,0,-1.29802503239157,1.00050037531277,1.67055774641798,2.50813624517786,0.0878867143341807,"PSMB9"
"SRPX",1.38808583077671,1.00050037531277,1.81159244163374,1.64845425584848,1.91587229316717,2.18957371563965,0.0864580710327344,"SRPX"
"TMEM100",1.27691417025197,1.32483082226886,1.2843639158546,1.00050037531277,1.82149664649115,2.2567271722544,0.0861274963949981,"TMEM100"
"SCN7A",0,0,0.296944600353466,1.37930743344572,1.55811103601913,1.93340258877599,0.0850417392170417,"SCN7A"
"MEGF10",0.739746481984339,0,-1.73338523015305,1.93565358861863,1.00050037531277,1.47313809235718,0.0848318020569661,"MEGF10"
"AQP4",1.3732817904574,-1.00050037531277,1.00050037531277,2.23426601751584,1.00050037531277,2.34893433134478,0.0843401177482907,"AQP4"
"POSTN",2.13576337614585,1.00050037531277,0.210781767811494,1.00050037531277,2.42273428404369,2.73108035532558,0.0834300096921473,"POSTN"
"MASP1",1.00050037531277,1.64156369583051,-0.741914308706538,1.90323003367279,1.00050037531277,1.82889688166754,0.0828154629807659,"MASP1"
"SNAP25",2.22289125946826,0,1.41568093649942,1.00050037531277,0,2.13977161496826,0.0827764753075007,"SNAP25"
"SH3GL2",1.97074316363213,1.00050037531277,-1.23929944552859,1.2537391634676,1.85098454361434,2.37403519275039,0.0824730148159197,"SH3GL2"
"ASCL1",2.32825710361736,0,-0.664279549393401,1.00050037531277,1.66536914890126,2.08647956578371,0.0821636753034782,"ASCL1"
"KCNK3",1.86345936543516,0,0.776751717806422,1.60214093212151,1.73811128523267,1.94916312148327,0.0812651754189921,"KCNK3"
"LOC101928817",1.71705042262447,1.51506161001261,1.00050037531277,1.73107109827399,1.00050037531277,1.91356519590077,0.0812337271255876,"LOC101928817"
"SALL3",1.40695434046086,-1.70836987167091,2.04880104295629,2.12036193383912,0,2.07500533410205,0.0811173500368702,"SALL3"
"SLITRK3",1.00050037531277,1.2611218082703,-0.731462470817719,1.39633091875173,1.95684314710624,2.1369709153045,0.0809042554225149,"SLITRK3"
"NAP1L2",2.16324830104694,1.00050037531277,-0.363020528055048,1.0661945129593,1.00050037531277,2.16936205310655,0.0807742343839712,"NAP1L2"
"CCDC40",1.34284989575028,1.38890316120139,2.08093784287281,1.00050037531277,1.40980462219091,2.04858601139092,0.0804994612258414,"CCDC40"
"SLC8A3",1.00050037531277,1.00050037531277,0.0446161145558667,-1.00050037531277,2.79763654635995,2.61503004865513,0.0803179251246487,"SLC8A3"
"CMTM5",1.40137402013983,0,1.0934331695216,1.87927351054166,1.41366934568814,1.8970446824711,0.0801664664966939,"CMTM5"
"HPCAL4",2.39450345614723,0,1.1504870083935,1.00050037531277,0.82328357434833,2.40847370174794,0.079994599363765,"HPCAL4"
"KLRC3",1.41562990079754,0,-1.41248824157478,-0.399075217003319,2.26301289850114,2.26478566104838,0.0798629760555221,"KLRC3"
"GPX3",1.58787786929241,1.41286756412293,1.57973861403995,0,1.72745088789875,2.44607803171509,0.0794816359160693,"GPX3"
"SRCIN1",2.25177678975196,0,1.95916355226009,1.00050037531277,1.68431061651265,2.6078062717346,0.0794353836754857,"SRCIN1"
"ALDH1A1",2.12524371207426,1.00050037531277,1.03649585327383,1.00050037531277,-0.518390694597309,1.84852333592938,0.0787376441632736,"ALDH1A1"
"ATP10B",1.52278497940032,1.00050037531277,-0.277392490055701,1.00050037531277,2.12554005699788,2.45077726523097,0.0787166059078563,"ATP10B"
"SEMA3E",1.00050037531277,1.01205674963714,-0.884591460819812,0,1.95683853165644,1.97455011885888,0.0783468450785995,"SEMA3E"
"ADRB1",1.36565378110622,-1.34284989575028,0.0103628346216664,1.36310136684922,0.636492525999545,1.2223108751079,0.0781136982710966,"ADRB1"
"CA12",-1.00050037531277,0,2.1426174422738,0.85372007262981,0.775259036300792,1.66047411203997,0.0777294038729217,"CA12"
"NEFM",2.62427434717009,-1.00050037531277,-1.40552614826517,0,1.00050037531277,2.25356239436129,0.0763866127116127,"NEFM"
"DAB1",-1.00050037531277,-1.00050037531277,1.45885898730295,-1.00050037531277,1.21586500718131,0.905419208363094,0.0762719432227711,"DAB1"
"LOC101930373",1.00050037531277,1.386033784742,-0.182916288218409,1.3732817904574,1.00050037531277,1.68309273459882,0.0760730440358146,"LOC101930373"
"SLC2A13",1.00050037531277,1.92585578921134,1.38264481086247,-0.632582061100068,1.34284989575028,2.48495232884587,0.0755929725159289,"SLC2A13"
"CTHRC1",1.92852066511198,0,-1.00050037531277,0,2.03761439934969,2.40018673504978,0.0755735033665636,"CTHRC1"
"NEDD4L",1.69109050853111,0,0.525298191359417,1.00050037531277,2.30783392008224,2.2817878110018,0.0752883237615928,"NEDD4L"
"DYNC1I1",1.90452256445399,1.00050037531277,0.725295181633615,0,1.38808583077671,2.21710360449193,0.0749369157046605,"DYNC1I1"
"PTX3",2.4483354517407,1.00050037531277,2.12894666553572,0,-1.00050037531277,2.62975964380557,0.0743244153321051,"PTX3"
"GABRA1",2.16697182966971,0.0403896525303661,0,1.34284989575028,0,2.04363110105721,0.0741287231853773,"GABRA1"
"ZBBX",-1.00050037531277,1.56579463963513,0.0842154907436734,1.3541811244486,1.70020143375549,1.45021229518079,0.0739552435835023,"ZBBX"
"CLDN10",0,0.870718159752349,1.00050037531277,1.96440439322004,0,2.14409198041553,0.0737613312147676,"CLDN10"
"GABRB2",2.6119289846422,1.00050037531277,0.485955030830209,0,1.00050037531277,2.43085637990247,0.0736816213362681,"GABRB2"
"CCL3L3",1.91257941089673,-1.00050037531277,-0.775077366270874,0,1.36310136684922,1.58062902948008,0.0733068388993523,"CCL3L3"
"CHGB",0.139179148116436,1.00050037531277,1.69089908528791,1.46833804923235,1.00050037531277,1.57941647810675,0.0731371698689282,"CHGB"
"LOC283454",0,0,1.01662760608304,1.60522315491462,1.34284989575028,1.67773557859307,0.0727683348486797,"LOC283454"
"LINC01105",-1.00050037531277,1.60205177233861,-0.808514926232896,1.41429109652447,0,1.19257969414902,0.0725451672487719,"LINC01105"
"CSPG4",1.89138070114903,0,0.596433682430674,0.616009744891345,2.10333283429384,2.53832079333973,0.0725258809154451,"CSPG4"
"SCN3B",1.00050037531277,1.18663483644388,1.41137860949325,1.00050037531277,2.84409306847909,3.00362218449758,0.0724108278174826,"SCN3B"
"FBXL16",1.51163719747478,1.76827736445819,0.580861120336746,1.82727781996963,0,2.46326570973193,0.0723077663615383,"FBXL16"
"LOC100996542",1.25819458819458,0.777510014879435,2.7695312902474,-1.00050037531277,1.44532118502083,2.63213473900512,0.0722439907657239,"LOC100996542"
"B3GALT2",1.00050037531277,0,1.3709423585274,0,1.99355283405481,1.82462149439372,0.0721806791645513,"B3GALT2"
"PACSIN1",1.88339350474675,1.00050037531277,-0.283798672321868,1.2537391634676,1.72045197233582,2.10588123355372,0.0720987694135163,"PACSIN1"
"CHGA",1.00050037531277,-1.40137402013983,-0.262702342334485,1.61304888828002,1.87196090028903,1.87828645844616,0.0714432383046898,"CHGA"
"RALYL",1.6056331657874,-0.179840408496586,-0.715182310714844,0.0830457662189448,0.0940725030892943,1.3682819414945,0.070766846763718,"RALYL"
"PNMA3",1.90394151852312,0,0.715163235792612,0,1.55684646281015,1.50165432550261,0.0700739246422617,"PNMA3"
"DUSP26",1.64974940907235,0,2.21756170267489,1.34284989575028,1.38227102572264,2.5699026198591,0.0700323037070144,"DUSP26"
"TRPM3",1.64845425584848,1.00050037531277,1.00050037531277,-0.338651231259169,0.200004000120004,1.19055624178607,0.0699645681539475,"TRPM3"
"DNM3",2.19828394551892,0,-1.00050037531277,0,1.40695434046086,2.15200189451959,0.0697093652793596,"DNM3"
"CDH18",2.20723563384872,1.34284989575028,1.51316700443537,1.00050037531277,1.34284989575028,2.42536310796264,0.0695199156565094,"CDH18"
"IGSF21",1.30881185938403,1.00050037531277,1.64033805553012,1.28852094583562,2.10309404197809,2.33544385685054,0.069496445843533,"IGSF21"
"NEUROD2",0.525298191359417,0.483354128078032,1.52304784434699,1.95400168330669,1.49021010878273,1.98035015838777,0.0683737501422695,"NEUROD2"
"LOX",1.90946059669833,-1.00050037531277,0.0614296275884622,0,0.156175666481518,1.86251099193342,0.0681485106772707,"LOX"
"GAD1",1.00050037531277,-1.73056050047311,1.00050037531277,1.81838007702838,-1.40980462219091,1.34630351062741,0.0680917812427357,"GAD1"
"HOXA10",1.29155895725888,1.97138503489697,1.7845261826104,0,-1.66898631520281,2.26464554336205,0.0678083996315575,"HOXA10"
"COBL",1.40695434046086,0,1.68607591479086,1.24384754084734,1.12215220726539,1.93512765433443,0.0677703788290553,"COBL"
"TCERG1L",1.72584539801565,1.00050037531277,2.04919500522914,0.727799553436887,1.76445410591527,2.72738038464894,0.0672867301409055,"TCERG1L"
"SLC6A15",1.71100026699168,1.00050037531277,-0.628588087025931,1.23209590795413,1.27912344952131,1.41381714621149,0.067073308927097,"SLC6A15"
"BCAS1",1.00050037531277,1.00050037531277,-0.837102434125622,0.759475541578952,1.53684880666697,1.24291498631121,0.0670085951532924,"BCAS1"
"HOGA1",0.128037929428422,1.00050037531277,1.00050037531277,1.49615499745746,0.128037929428422,1.46371712124938,0.0669571794871795,"HOGA1"
"C7orf57",1.36893079513251,1.00050037531277,-0.128037929428422,1.51683157773236,0,1.42297417140386,0.0662635455539556,"C7orf57"
"CDH19",-1.41145182312849,0,1.72512596488403,0,1.30542305205081,1.28307770315782,0.0662596222292095,"CDH19"
"SLC25A18",1.60214093212151,-1.00050037531277,-0.182916288218409,1.70020143375549,-1.00050037531277,1.77259118942207,0.0659170769727904,"SLC25A18"
"MECOM",0,1.29054087260648,1.33600802676034,1.62490179796504,1.00050037531277,1.57254909190487,0.0658011947431302,"MECOM"
"DOK6",1.32110137273639,0,1.60564006980202,0,1.00050037531277,2.07927448040087,0.0658004409591313,"DOK6"
"KCNJ9",2.16134696992088,1.00050037531277,0.817464765629763,1.00050037531277,0.709477859206792,2.45627520467373,0.0656880511904058,"KCNJ9"
"GPC5",1.6935112596953,0,1.84364455867242,0,2.07288809834655,2.52629358138847,0.0651995324327251,"GPC5"
"SYNGR3",1.91257941089673,0,0.164048719186627,0,1.70809203789485,2.06238089665998,0.0651688803190368,"SYNGR3"
"PCP4",1.89055655605959,-1.00050037531277,1.00050037531277,1.56862521733222,1.00050037531277,2.03153123451664,0.0641999496289744,"PCP4"
"RAB27B",1.19396764468489,1.41073022424679,1.79000732854357,1.86487190161208,1.40285330698576,2.08346597416111,0.0641193819735443,"RAB27B"
"SLC7A14",1.40137402013983,1.00050037531277,-0.996302568038875,1.00050037531277,1.76057094405717,2.25429627787719,0.0641170442422715,"SLC7A14"
"CXCL8",1.40980462219091,0,1.4950495240507,1.67718158475617,1.60499408655738,2.28633591789027,0.0640179411277202,"CXCL8"
"PAK5",2.13022917725892,0,1.41318216906731,1.00050037531277,1.00050037531277,2.30216205485851,0.0638387629151931,"PAK5"
"TMEM45A",1.3237389068926,0,1.21794154860958,1.00050037531277,2.00852222278685,2.43213297724184,0.0636808819615612,"TMEM45A"
"GNAL",1.40695434046086,1.00050037531277,1.41478733208513,0.302344151970291,1.00050037531277,1.75159633168799,0.0621197240788252,"GNAL"
"GABRD",1.63046761097612,0,1.58221914140244,-1.00050037531277,1.34284989575028,1.6754471467885,0.0620618356278246,"GABRD"
"CAMK4",1.5960130116924,1.00050037531277,-0.71907098515791,1.62104424230495,1.57337240546645,2.0027312534716,0.0616887280328551,"CAMK4"
"LOC643923",1.68437698210494,1.41099020960115,-0.220569751903578,1.00050037531277,1.00050037531277,1.99530631699046,0.0615449839842388,"LOC643923"
"PCLO",1.69241580882351,0,1.49611790603054,1.19144164242511,0.518390694597309,1.96586776666483,0.0612591044782344,"PCLO"
"NHS",1.00050037531277,1.86650322623828,1.24388588318008,0.969504003022194,1.41562990079754,2.27399845442273,0.0612303290276974,"NHS"
"RFPL1S",1.65730319435331,1.00050037531277,1.61826462500982,1.54223822629188,0.374660617528428,1.98328323257893,0.0611244074903802,"RFPL1S"
"EFHD1",-1.00050037531277,1.72211539382756,0.252990308632882,1.30881185938403,0,1.69021333511792,0.0609991816262073,"EFHD1"
"ZNF365",1.62678783722368,-1.00050037531277,0.489282464790675,1.30881185938403,1.31811975574284,1.65988237421593,0.0605897115497578,"ZNF365"
"SCN1A",1.38808583077671,1.12877907051105,1.0764712264356,1.65067150683228,1.00050037531277,1.66853296960076,0.0603092249264295,"SCN1A"
"FAIM2",1.00050037531277,-1.00050037531277,1.26592420885458,1.3732817904574,1.41145182312849,1.96695583649518,0.0599125943643185,"FAIM2"
"GNG3",1.69207227666108,0,1.34432251216155,0,1.07456335108326,1.59655236975183,0.0593004982411292,"GNG3"
"CFI",1.75745311212985,-1.00050037531277,-1.25821428063667,1.00050037531277,1.88005073587698,1.76156223422145,0.0588591221712518,"CFI"
"LY6H",1.00050037531277,0.550172777190592,1.22664116571276,0,-1.31811975574284,0.347835794925732,0.0587519750317958,"LY6H"
"FXYD1",2.01306604774692,0,1.58414803221198,1.00050037531277,0,2.04939171592788,0.0586435786283998,"FXYD1"
"ROR1",1.66898631520281,0,1.41562990079754,0.70181919220654,1.00050037531277,1.61491161108155,0.0586092249728405,"ROR1"
"FOXG1",1.40980462219091,0,2.06253385924665,1.41318216906731,1.26520575500136,2.07116265710318,0.0581006735470363,"FOXG1"
"LGI1",2.04119452258246,-1.00050037531277,1.00050037531277,1.25712161050595,1.36893079513251,2.17722641541173,0.0574984414100751,"LGI1"
"CA10",1.00050037531277,0.748250665368161,-0.989104241659427,0,1.90967093161379,1.2364270817973,0.0574040567229575,"CA10"
"AK5",1.61455183311553,1.00050037531277,1.00050037531277,1.00050037531277,1.55593738333794,1.89951324013671,0.0573843584452824,"AK5"
"FMO1",-0.397391081338124,1.13801299609227,2.00749382661656,0.331850095099455,1.39404686585532,1.52449386710854,0.057365367573548,"FMO1"
"NTRK2",1.34284989575028,1.00050037531277,0,1.79797963067469,1.00050037531277,2.05928903290717,0.0570470083378779,"NTRK2"
"RIMS2",1.72045197233582,1.02548659201042,1.33179525807685,1.00050037531277,1.40137402013983,2.40241369638237,0.0569854484997075,"RIMS2"
"BOC",0,1.59766713731629,1.67930601533615,1.35938895379591,1.38808583077671,2.33127608464825,0.0569713883608096,"BOC"
"CHI3L1",-0.100759055840562,0,-1.00050037531277,1.84308908773269,1.50927278118246,2.07834423743853,0.0566947174004012,"CHI3L1"
"SNCB",1.96005146125678,0,1.39031898196608,1.40467657862633,0,2.49512418772563,0.0565950606734756,"SNCB"
"CELF4",1.90112742626869,0,1.18890569447926,1.00050037531277,1.00050037531277,1.94675719779286,0.0565000612427105,"CELF4"
"VSTM2L",1.73032135051496,0,0,1.00050037531277,1.00050037531277,1.69477119544129,0.0563646853863497,"VSTM2L"
"IPCEF1",1.40980462219091,0,0,0,-1.00050037531277,0.80613909861591,0.0563334655366641,"IPCEF1"
"NAPSB",1.00050037531277,0,1.26631079048433,2.419556931778,0.44725832356883,2.5471391601261,0.0562161264822135,"NAPSB"
"GJB6",1.98125566756779,0,0,0,1.00050037531277,1.8520031115077,0.0552953274063248,"GJB6"
"SLIT2",0,1.00050037531277,2.38071694700672,1.41318216906731,1.00050037531277,2.66795060139885,0.0552273079040385,"SLIT2"
"TIMP4",0,1.64871464963156,1.91556708588105,1.40137402013983,1.00050037531277,2.4240447539467,0.0549590450013215,"TIMP4"
"CPNE5",0.829686635326803,1.00050037531277,1.28791205471245,1.57761299179416,0.778013138339412,1.72598879258181,0.054899761890763,"CPNE5"
"SCN2A",2.10248239470377,1.40094220618145,-0.736449708627597,1.40137402013983,-1.00050037531277,1.73137895776669,0.0547183229891877,"SCN2A"
"CHN2",1.89971903601815,1.00050037531277,1.57337240546645,1.00050037531277,0,1.94235875250159,0.0544829261627463,"CHN2"
"RSPH9",-1.00050037531277,1.50306285803723,1.34284989575028,1.66678995450696,1.13533093306657,1.70426840132911,0.0544592146205049,"RSPH9"
"DCC",1.40137402013983,0,1.70343266316953,1.7049466946843,0,1.77949657144771,0.05406818105924,"DCC"
"CYP39A1",1.00050037531277,1.00050037531277,1.00050037531277,1.31419774644192,1.34284989575028,1.39536013385337,0.0540260196170748,"CYP39A1"
"LPAR1",1.00050037531277,0,1.34284989575028,1.70132617260994,-1.00050037531277,1.64728250390498,0.0538160317692173,"LPAR1"
"BMPR1B",1.00050037531277,1.41270417004041,1.01700993093537,1.39913611387418,1.00050037531277,1.53520976533322,0.0535406057879742,"BMPR1B"
"C1orf106",1.40980462219091,0,1.64452383020545,1.40552614826517,1.36310136684922,2.07050589472582,0.0532903166865994,"C1orf106"
"SPOCK1",0,1.00050037531277,1.64336864654557,1.00050037531277,1.85738851883995,2.02854162184984,0.0532778668380118,"SPOCK1"
"RIMS3",1.72269929380503,0,-1.00050037531277,0,1.00050037531277,1.33527686011059,0.0531356539538893,"RIMS3"
"ST18",0,1.00050037531277,-0.117444853870243,1.70604854624054,1.00050037531277,2.14191808088599,0.053098042278717,"ST18"
"STUM",1.2847939067156,1.38808583077671,0,0,1.55692253389996,2.24706313124705,0.0528375622243032,"STUM"
"BEX5",1.40137402013983,0.632582061100068,-1.35407292462908,1.70529484670003,-0.128037929428422,1.65931719395234,0.0528160102811966,"BEX5"
"IL20RA",0,1.69761442342289,0.513503719312951,-1.00050037531277,1.38808583077671,2.20868820592914,0.0527774996792848,"IL20RA"
"UNC5A",1.34284989575028,0,2.284185791122,0.31543952594514,0,2.12029019537315,0.052636924284538,"UNC5A"
"TMEM132B",1.00050037531277,-1.00050037531277,-1.39827270883633,0,2.09705338012466,1.74084252677526,0.0521379542476339,"TMEM132B"
"COL15A1",0,1.00050037531277,0.176435546656018,-1.00050037531277,2.52055456461061,1.77185246060372,0.0518885209252392,"COL15A1"
"ZIC3",1.00050037531277,1.00050037531277,2.20882033242674,1.37930743344572,1.00050037531277,2.46550157517016,0.0517689049985088,"ZIC3"
"CYP46A1",1.95231038450322,-1.00050037531277,0,1.46297522696362,-0.277360766039542,1.82940256652475,0.0513418754943145,"CYP46A1"
"PITPNM3",1.87127224880372,0,1.00050037531277,-1.41248824157478,1.40980462219091,1.61887675628933,0.051336558673784,"PITPNM3"
"MYT1L",1.38808583077671,0,0.191693211094843,0,1.66898631520281,1.44755903162246,0.0508743268051687,"MYT1L"
"ST6GAL2",0,0,1.17962373608909,2.08549067429624,-1.33024401166892,1.85827367102863,0.0508012691440479,"ST6GAL2"
"SRPX2",1.43730723105585,-1.00050037531277,1.41525809343573,0,1.00050037531277,1.90782336085475,0.0507479089819673,"SRPX2"
"CADM2",1.40137402013983,2.39327722596561,1.41562990079754,-0.525298191359417,1.00050037531277,2.44605262629314,0.0503275886639741,"CADM2"
"SLC27A6",1.59674682434019,0,1.91214069645642,-1.00050037531277,0,1.94538261739688,0.0503067688727833,"SLC27A6"
"CPNE6",1.56324833330196,1.00050037531277,0,0,1.72045197233582,1.86926324325101,0.0498446520579404,"CPNE6"
"FCGR1B",-1.00050037531277,0,1.00050037531277,1.00050037531277,1.38808583077671,1.35818418603092,0.0497805020063958,"FCGR1B"
"FAXC",0,1.45019831411905,1.4887776218411,1.0421512275482,1.40137402013983,1.67168245234733,0.0497142903700999,"FAXC"
"AIM1",1.41562990079754,1.00050037531277,-1.31419774644192,0,2.26936389168168,1.97304582684968,0.0496963775405881,"AIM1"
"DSCAM",-1.00050037531277,-1.00050037531277,-0.597201026385269,1.00050037531277,1.83418457357823,1.64200700292131,0.0496258857117991,"DSCAM"
"FBXO2",1.33024401166892,1.40137402013983,1.42808969812691,0,1.00050037531277,2.10058697985574,0.0495414137447867,"FBXO2"
"ADM",-1.00050037531277,1.00050037531277,1.25775332556589,1.00959922746364,0.462300692483428,1.23270838579284,0.0489382363625381,"ADM"
"MIR124.1",1.00050037531277,0,1.23563197467088,2.33537490141695,1.00050037531277,2.06651845397864,0.0486044922087427,"MIR124-1"
"VSTM2A",1.38808583077671,1.00050037531277,1.32652065790311,1.98960042568111,1.00050037531277,2.18295386117774,0.048438489881299,"VSTM2A"
"PAX6",0,1.60890352723117,2.57640150561685,0.91105911501097,0,2.65261059558073,0.0480153412390203,"PAX6"
"UNC5C",1.55692253389996,0,2.02034204733155,1.00050037531277,-1.00050037531277,2.03257771742582,0.0480126352565204,"UNC5C"
"SOX8",1.40695434046086,0,-1.41073022424679,1.67476869197255,1.00050037531277,1.76557116706355,0.047839463626733,"SOX8"
"MKX",1.38808583077671,0.794133058537196,0.741392997198441,1.00050037531277,1.71191164633528,1.35141869151667,0.0477739931182665,"MKX"
"KDM5D",2.46263133117794,-1.00050037531277,-1.00050037531277,0,1.00050037531277,2.13289964739661,0.0475058295535547,"KDM5D"
"KCNMB4",1.00050037531277,1.41318216906731,-1.00050037531277,1.00050037531277,1.00050037531277,1.7359739420436,0.0473494391587249,"KCNMB4"
"LINC00844",1.00050037531277,1.00050037531277,-1.33434072900765,1.58165807983105,-1.00050037531277,1.36813603023628,0.047205725804214,"LINC00844"
"CA14",-1.00050037531277,1.00050037531277,1.33037480609655,-1.41248824157478,1.697302904962,1.20143846666029,0.0470600305736719,"CA14"
"HSPA2",-1.00050037531277,1.15818681226826,1.56187175876993,1.48318895023436,0,1.77559720772418,0.0470277167277167,"HSPA2"
"SYN2",1.415208177712,0,-1.00050037531277,0,1.41562990079754,1.4146210359455,0.0468938464659419,"SYN2"
"ENPP5",1.38808583077671,0,0,1.72789804320031,0,1.63601111070999,0.0467332070707071,"ENPP5"
"MAB21L2",0,1.00050037531277,1.58528504606611,1.00050037531277,1.57199631915783,1.85436247233347,0.046487795747964,"MAB21L2"
"TRHDE",0.483354128078032,1.00050037531277,1.3532851441028,1.36893079513251,1.99220009706473,2.14292614366813,0.046419087808743,"TRHDE"
"MRO",1.00050037531277,0,-1.00050037531277,1.65801195750671,-1.00050037531277,0.661190190107307,0.0463879383555038,"MRO"
"RFX4",1.63375496508966,1.41099020960115,1.00050037531277,1.36079032321807,1.00050037531277,2.13290250365086,0.0463674826163859,"RFX4"
"MAL2",1.697302904962,0,0.525298191359417,-1.00050037531277,1.00050037531277,1.52905060253952,0.0462706958930325,"MAL2"
"RMST",0,1.23209590795413,1.34284989575028,1.41562990079754,1.00050037531277,1.75105759656688,0.046234501105031,"RMST"
"ERICH3",1.38808583077671,-1.00050037531277,-1.00050037531277,-1.00050037531277,1.99808559246615,1.17114574796853,0.0462297141770927,"ERICH3"
"MOBP",1.38808583077671,1.41511211823669,0,-1.00050037531277,0.277360766039542,1.32943377993222,0.0461729214346467,"MOBP"
"COL9A2",1.00050037531277,0,0.349660644708069,0,2.05087757882396,2.15249953024264,0.0461675255967995,"COL9A2"
"PPP1R1B",0,1.08962119899389,1.54744294696733,1.00050037531277,1.00050037531277,1.22195916132728,0.0460861384335315,"PPP1R1B"
"SHANK2",1.00050037531277,1.00050037531277,0.797977977707653,0,2.19253678433138,2.63036969036517,0.0460120522577147,"SHANK2"
"SYT1",1.9462924359198,0,0,0,1.40137402013983,1.97695132612262,0.0459696701337878,"SYT1"
"SERTM1",1.57730087841671,0,0,1.39633091875173,1.00050037531277,1.7242531310537,0.0458385427611234,"SERTM1"
"CXCL5",1.00050037531277,1.39633091875173,1.39090766015135,1.00050037531277,1.16795652575305,1.67339651696453,0.0458234359791944,"CXCL5"
"LINC01296",1.00050037531277,1.00050037531277,1.70017491551762,-1.00050037531277,1.00050037531277,1.89770219874031,0.0455952977741213,"LINC01296"
"SYN1",1.8204870966643,0,1.00050037531277,0,1.34284989575028,2.09022924771835,0.0453962389327316,"SYN1"
"UNC13C",2.28333132301158,0,0.376372546465657,0,1.27524445020207,2.38420357537107,0.0453328912503835,"UNC13C"
"ADORA2B",-1.00050037531277,0,-0.388543670100131,2.11419878212121,1.00050037531277,1.80719911483888,0.0452150931475932,"ADORA2B"
"KLRC2",1.3541811244486,0,-1.00050037531277,0,1.81871219632828,1.68056968246701,0.0449088761174968,"KLRC2"
"HCN1",1.30096692465063,1.00050037531277,0.200004000120004,1.00050037531277,1.41145182312849,1.31137312996569,0.0447647756799367,"HCN1"
"SHOX2",1.00050037531277,1.36430269127296,1.46703347531969,1.00050037531277,1.00050037531277,2.12044861560808,0.044574219065102,"SHOX2"
"SEZ6L2",2.21870787782257,0,0.200004000120004,1.00050037531277,0,2.49288392543867,0.0444307120784524,"SEZ6L2"
"DYDC2",0,1.00050037531277,1.00050037531277,1.00050037531277,1.00050037531277,1.00050037531277,0.0440771373989563,"DYDC2"
"ETV1",0,1.51036244079407,2.81584874749307,0.200004000120004,0,2.88425971692942,0.0438838599756701,"ETV1"
"ANGPTL1",1.00050037531277,-0.0403896525303661,-1.00050037531277,0,1.00050037531277,0.302957433755191,0.04368247002997,"ANGPTL1"
"CNDP1",0,1.00050037531277,1.35032597111925,0,1.41562990079754,1.94910088792335,0.0434201617630694,"CNDP1"
"DCX",1.00050037531277,0,1.00050037531277,1.65109545245882,1.00050037531277,1.61065992240595,0.0430412908748502,"DCX"
"PCOLCE2",0.862254572319223,1.00050037531277,1.00050037531277,1.00050037531277,0,1.53284066698199,0.0428498354512871,"PCOLCE2"
"GRIA4",-1.00050037531277,0,1.84789690416954,0,0.931452456456902,1.71913236565967,0.0428396570727924,"GRIA4"
"ECM2",1.97356876508859,1.00050037531277,-0.108465866945716,1.00050037531277,0,1.492172744406,0.0425291357823616,"ECM2"
"IFI44L",1.00050037531277,1.00050037531277,1.28493635363869,1.00050037531277,-1.00050037531277,1.76669379040877,0.0424127503388202,"IFI44L"
"COL11A1",1.41562990079754,1.00050037531277,-1.00050037531277,0,1.76814011463335,1.49487728203363,0.0421485477073712,"COL11A1"
"ALDH1A3",1.38808583077671,1.00050037531277,0.209248068446534,1.00050037531277,1.19144164242511,1.39512655068655,0.0418770360161178,"ALDH1A3"
"RIMS1",1.38808583077671,0,1.00050037531277,0,1.00050037531277,1.46033979814031,0.0414190807053451,"RIMS1"
"GRM3",1.84603033055624,0,1.00050037531277,0,1.00050037531277,1.84227731951861,0.041177948681753,"GRM3"
"FGFR3",1.09173948963571,0,-0.156175666481518,1.06107340219007,0,1.25134502118361,0.0410832352944155,"FGFR3"
"ADAMTS16",1.00050037531277,1.00050037531277,1.26592420885458,1.00050037531277,-1.00050037531277,1.22186511624094,0.0410672938751787,"ADAMTS16"
"RASGEF1A",1.00050037531277,0,0.899884575936288,1.00050037531277,0.368840331635655,1.47529874137439,0.0410045678247331,"RASGEF1A"
"TMEM151B",1.74661315608236,0,-0.136224246698123,0,1.00050037531277,1.75402514674265,0.0409712813971743,"TMEM151B"
"NOS1",1.71751346643182,0,1.00050037531277,1.00050037531277,1.00050037531277,1.64480404970598,0.0409354471550358,"NOS1"
"RNF112",1.00050037531277,1.00050037531277,-0.456404425741529,-1.00050037531277,1.30881185938403,1.09471006353115,0.0409307328928964,"RNF112"
"WDR49",0,1.28852094583562,0.806667657054012,1.29553679056079,-1.00050037531277,1.35273852969654,0.0408587955033607,"WDR49"
"STON1",1.00050037531277,1.38915144228284,0.920547329984768,1.41318216906731,1.3541811244486,1.52862166179292,0.0407832928430414,"STON1"
"FGF14",1.00050037531277,1.32443588333291,0.606869969781055,0,1.34284989575028,1.85081374434057,0.0406046774645956,"FGF14"
"CFB",0,1.00050037531277,1.41478733208513,1.52100789368999,1.00050037531277,1.46441552247921,0.0404584608160352,"CFB"
"ASPA",1.65200200407412,-0.853234313468218,1.66231557687364,1.00050037531277,0,1.50719610512946,0.0404580737806851,"ASPA"
"SLC17A6",1.40980462219091,1.00050037531277,-1.00050037531277,0,1.55772620935998,1.34173540300434,0.0402858717283867,"SLC17A6"
"LOC100509457",0.277360766039542,1.00050037531277,-1.40980462219091,0,1.71569189894232,0.962304751931791,0.0402676565051885,"LOC100509457"
"ROR2",1.00050037531277,1.40411459165958,1.40980462219091,-1.00050037531277,0,1.60370818877931,0.0401733124253286,"ROR2"
"NNAT",1.00050037531277,0,0.772907523765521,1.51683157773236,1.40980462219091,1.85106230335304,0.040138192173354,"NNAT"
"GRM5",1.40137402013983,0,1.41465801722086,0,1.23209590795413,1.88118138620663,0.0399731924982632,"GRM5"
"SEZ6L",0,0,-1.00050037531277,1.41366934568814,1.00050037531277,1.41555754297277,0.0399011938678605,"SEZ6L"
"PRIMA1",1.00050037531277,0,1.00050037531277,0,1.28852094583562,1.50680854104259,0.0397178917901054,"PRIMA1"
"HHATL",1.23719083757454,1.38808583077671,-1.40318729598639,0,0.781106988130724,1.56245910608734,0.0396841290159789,"HHATL"
"EFNA5",0,0,2.50299240223402,0.756313777943995,0,2.3428162477635,0.0396494835259933,"EFNA5"
"SLC15A2",1.00050037531277,0,-1.5914290370007,1.69969889711892,0,1.39964599304776,0.0396328953905294,"SLC15A2"
"EN2",-1.00050037531277,0,1.27912344952131,1.00050037531277,0,1.41429109652447,0.0394980953058807,"EN2"
"RGS7",1.68946073029443,1.00050037531277,0,0,1.00050037531277,1.88648106076753,0.0394799283154122,"RGS7"
"FAM69C",-1.00050037531277,0,-1.3541811244486,1.54690908475446,1.00050037531277,1.19400092181935,0.0392686357804325,"FAM69C"
"C8orf34",0,0.481080720405343,1.00050037531277,1.00050037531277,0.343017348369589,0.974340874141537,0.0389059607059607,"C8orf34"
"EDIL3",-1.00050037531277,-1.00050037531277,0.130598868051438,0,1.00050037531277,-0.281994551070326,0.0388885262130052,"EDIL3"
"PPP4R4",1.00050037531277,1.00050037531277,1.00050037531277,-1.00050037531277,0.359931187734729,1.36087536030434,0.0387476013234078,"PPP4R4"
"MAL",1.00050037531277,1.00050037531277,1.71126640619367,1.41489246138295,1.38808583077671,2.46531879607885,0.0387361546213382,"MAL"
"EXPH5",-1.00050037531277,1.00050037531277,-1.00050037531277,1.39633091875173,-1.00050037531277,1.11821567482387,0.0386084781553086,"EXPH5"
"NMU",1.00050037531277,0,-0.200004000120004,1.00050037531277,1.40137402013983,1.41562990079754,0.0379312176329418,"NMU"
"ADCY1",1.00050037531277,0,1.39633091875173,1.40396736476784,1.00050037531277,2.06639189392163,0.0379189431652966,"ADCY1"
"LOC728613",1.41145182312849,-1.00050037531277,1.00050037531277,1.00050037531277,1.14783407191697,1.52410245704947,0.0378106518909604,"LOC728613"
"NEBL",1.41248824157478,0,1.56161178856688,1.00050037531277,0.679740793535059,1.54581125833369,0.0377645760672076,"NEBL"
"DSP",1.00050037531277,-1.00050037531277,1.38453555591805,1.31419774644192,-1.00050037531277,1.81960031927907,0.0375021578374813,"DSP"
"SOX1",1.00050037531277,0,-1.00050037531277,0,1.28268448274339,1.14823264555878,0.0373085148860861,"SOX1"
"MYRF",0,1.00050037531277,1.02932116473775,1.85696036813833,-1.00050037531277,1.61917902675769,0.037085147485474,"MYRF"
"TAC1",1.68073161363204,0,-1.40552614826517,1.00050037531277,0,1.39358833928442,0.0370560975832254,"TAC1"
"SYNPR",1.40137402013983,0,1.00050037531277,1.00050037531277,0,1.77178338429591,0.0370408947098748,"SYNPR"
"PCP4L1",1.36893079513251,-1.00050037531277,1.00050037531277,1.40137402013983,1.00050037531277,1.73234894004292,0.0369436425831163,"PCP4L1"
"SCUBE2",1.41145182312849,0,0.277360766039542,1.93721737116871,1.67359694262796,2.16868451306302,0.0367657408381093,"SCUBE2"
"FREM2",1.67984944781013,1.00050037531277,-1.00050037531277,0,1.00050037531277,1.89325267365026,0.0367204727161384,"FREM2"
"PRL",-1.00050037531277,0,-1.66944439101728,1.36893079513251,1.00050037531277,0.748676514337167,0.0366036535989431,"PRL"
"XKR4",1.91837446522458,1.00050037531277,0,1.00050037531277,0.44725832356883,2.30219438377934,0.0365021793590384,"XKR4"
"STMN4",1.60499408655738,-1.00050037531277,-1.00050037531277,0,1.21357078494567,1.26609799672827,0.0364332565284178,"STMN4"
"GPR37L1",1.00050037531277,1.00050037531277,1.68471659468502,-1.00050037531277,1.39404686585532,2.20502736496053,0.0364274548513502,"GPR37L1"
"MYO5C",1.00050037531277,1.34840076657556,1.55194797331503,1.00050037531277,1.00050037531277,1.67709748778213,0.0363466329769674,"MYO5C"
"TENM2",1.62074667943896,1.38808583077671,0,-1.00050037531277,0,1.88914956298498,0.0363046776368205,"TENM2"
"PYGM",1.78923214866635,0,0,0,1.38808583077671,1.70913123195443,0.0361155966840177,"PYGM"
"GABRG2",1.61455183311553,0,-0.80193664690709,1.00050037531277,1.41248824157478,1.44682778686655,0.0359447313470843,"GABRG2"
"BRINP3",0,1.00050037531277,1.39827270883633,1.41562990079754,1.00050037531277,1.79724348686112,0.0358672429688311,"BRINP3"
"ELFN2",-1.00050037531277,0,-1.00050037531277,0,1.62678783722368,0.592585480594651,0.0357302508894614,"ELFN2"
"NWD2",1.41145182312849,0,-0.108465866945716,0,-1.23719083757454,0.482234892037745,0.0357248693834901,"NWD2"
"PLAU",0,0.128037929428422,1.00050037531277,1.00050037531277,1.69646796905046,1.87804012866271,0.0356169313960531,"PLAU"
"RCAN2",1.40695434046086,-1.00050037531277,0,-1.00050037531277,0,1.06745170477249,0.0355551336761863,"RCAN2"
"PTPRR",1.37930743344572,0,-1.00050037531277,1.00050037531277,1.71832385121241,1.92419753222342,0.0355111841376867,"PTPRR"
"EGR4",1.73646156146892,0,-1.40980462219091,-1.00050037531277,1.00050037531277,1.35961550990463,0.0353307424660685,"EGR4"
"TOX3",1.00050037531277,1.00050037531277,-0.662411460135352,0,0.613623423974963,0.772398619623409,0.0353303259730264,"TOX3"
"MXRA5",1.00050037531277,1.00050037531277,-0.252990308632882,0,1.47313024722863,1.68241007021698,0.0351713004512477,"MXRA5"
"ME1",-1.00050037531277,-1.00050037531277,-1.00050037531277,1.00050037531277,1.00050037531277,-0.016456263661168,0.0351489046146991,"ME1"
"SNAP91",1.26592420885458,0,1.68513822630186,1.22880790856494,0,2.24065324427813,0.0349389062811183,"SNAP91"
"STK32B",1.00050037531277,1.00050037531277,-1.70020143375549,1.00050037531277,1.80746214787136,1.58570238708981,0.0347778977191686,"STK32B"
"C2orf88",0,1.00050037531277,1.00050037531277,1.38808583077671,0,1.50143944205682,0.0343432607112486,"C2orf88"
"FABP6",1.40137402013983,1.00050037531277,0,0,1.00050037531277,1.61666539285721,0.0342266876869593,"FABP6"
"C2orf40",-1.34284989575028,0.981974222422338,1.2717936589031,1.00050037531277,1.52870290473511,2.20428247602303,0.0341823596293713,"C2orf40"
"F2RL1",1.50280481487412,-1.00050037531277,-0.357700646973121,1.00050037531277,0,1.7738754395187,0.034047665080018,"F2RL1"
"CCDC114",-1.00050037531277,1.00050037531277,1.00050037531277,1.00050037531277,1.00050037531277,1.00050037531277,0.0340360533083937,"CCDC114"
"CXCL2",1.65089377488529,1.00050037531277,-0.530106402666448,0,0,0.975479744169262,0.0339478811105713,"CXCL2"
"BBOX1",1.66131798936138,0,1.00050037531277,1.36893079513251,0,1.61256787456068,0.0339083986928105,"BBOX1"
"ADCYAP1R1",1.27912344952131,0,-1.00050037531277,1.62536053918765,0,1.61819616187432,0.0338610079575597,"ADCYAP1R1"
"IGF2BP3",1.41489246138295,0,1.4309576597005,0,-1.00050037531277,1.89173799512283,0.0338565844824706,"IGF2BP3"
"SORCS3",1.40137402013983,1.00050037531277,0.70398527726447,0.496624764646907,1.00050037531277,1.60466285604619,0.0330048908195367,"SORCS3"
"NMNAT2",1.83816200113434,-1.41402439715896,1.00050037531277,-1.00050037531277,0.47145690780245,0.916312535790474,0.0328340516509634,"NMNAT2"
"GALNT3",1.00050037531277,0.291355181760748,1.00050037531277,1.00050037531277,1.41145182312849,1.18432670762267,0.0327335188933873,"GALNT3"
"KCNC1",0,1.64376322524481,1.03172110019149,0.736449708627597,1.00050037531277,1.89890196262084,0.0327151227742559,"KCNC1"
"FBLN5",1.38808583077671,0,1.20973632812622,0.388543670100131,1.97774967425427,2.25546174120319,0.0324764221073045,"FBLN5"
"KCNJ4",0,0,1.00050037531277,0,1.36565378110622,1.70255070550137,0.0323276223776224,"KCNJ4"
"IGSF11",0,1.00050037531277,1.87427822427133,1.00050037531277,-0.293467902117176,1.98120935495088,0.0322937230618082,"IGSF11"
"COL2A1",1.00050037531277,0,1.00050037531277,0,0,1.41329313960816,0.0320831418581419,"COL2A1"
"KCNIP4",1.00050037531277,1.00050037531277,-0.770978481199747,0,1.00050037531277,1.19014722966496,0.0319118903716538,"KCNIP4"
"ADGRB3",1.26592420885458,0.670832728923866,0,0,1.70020143375549,1.34420497030326,0.0318996818970503,"ADGRB3"
"SORCS1",0,1.18030232042779,1.00050037531277,0,1.41562990079754,1.78282568510981,0.0316870548896935,"SORCS1"
"SUSD5",-1.00050037531277,1.00050037531277,0.318015443840985,0,-0.710921901024198,0.0755241719091016,0.0316366013071896,"SUSD5"
"IGFBP7.AS1",0,0,0.687084808587176,0,1.00050037531277,1.07877853913286,0.0315426135423429,"IGFBP7-AS1"
"FCGR1CP",1.40137402013983,1.00050037531277,0,1.00050037531277,-1.00050037531277,1.23714439517175,0.031456495727397,"FCGR1CP"
"SEL1L2",0,0,1.18539221910388,-1.00050037531277,1.3732817904574,1.21512255471935,0.0314558201058201,"SEL1L2"
"P3H2",0.569650814326596,0,0.483354128078032,0,1.38808583077671,1.16664711503837,0.0314167706167706,"P3H2"
"FUT9",1.41489246138295,0,0,0,1.00050037531277,1.71341041408842,0.0313535701165712,"FUT9"
"DCDC5",0,1.41551627348988,1.00050037531277,1.00050037531277,1.00050037531277,1.35291210528041,0.0312208791208791,"DCDC5"
"SPATA18",1.93272554441004,1.00050037531277,1.00050037531277,0,1.41429109652447,2.15847051438201,0.0310585664639358,"SPATA18"
"CRABP1",2.27178323426129,0,-1.41562990079754,0,1.00050037531277,1.91215291305892,0.0310146825396825,"CRABP1"
"GABRA2",1.40980462219091,0,-1.00050037531277,0,0,0.468009235889396,0.0308851381461676,"GABRA2"
"SPOCK3",1.41562990079754,0,0,1.00050037531277,0,1.30324490953112,0.0308202150537634,"SPOCK3"
"GRM1",1.00050037531277,1.00050037531277,1.84162151316732,-1.00050037531277,0,1.88698187418324,0.0307002563029832,"GRM1"
"TENM3",1.00050037531277,0,0.838767982985158,-1.00050037531277,1.00050037531277,1.32467238129749,0.0305002910882221,"TENM3"
"LOC157503",1.40695434046086,0,0,1.00050037531277,1.00050037531277,1.63814395459328,0.0304940307157346,"LOC157503"
"STX1A",0,-1.00050037531277,-1.00050037531277,0.632582061100068,1.00050037531277,0.632543854490787,0.0303243710811927,"STX1A"
"MYT1",0.245776999063078,1.37479693772212,0.61028383310666,0,1.40137402013983,1.76596373514533,0.0301861859063158,"MYT1"
"EPHA7",1.00050037531277,0,1.23719083757454,-0.074329619955442,0.571863542190132,1.57421312909576,0.0300699274255157,"EPHA7"
"ALOX5AP",1.41562990079754,-1.00050037531277,0,1.00050037531277,1.70809203789485,1.71188191672617,0.0297547008547009,"ALOX5AP"
"PLPPR4",1.00050037531277,0.182916288218409,-1.00050037531277,0,1.00050037531277,0.598860188820857,0.0297034391534392,"PLPPR4"
"ATP8A2",1.00050037531277,1.00050037531277,1.00050037531277,0,1.00050037531277,1.70033453043875,0.0296233957781579,"ATP8A2"
"HSPA6",1.00050037531277,1.00050037531277,1.57682580684328,1.41202517830479,1.40137402013983,1.69442899708628,0.0294355254655255,"HSPA6"
"CRH",1.40695434046086,0,1.31811975574284,0,1.41145182312849,1.57420109822678,0.0293826626804568,"CRH"
"RASGRP1",1.69016945052112,0,0,0,1.40980462219091,1.70622684433679,0.0293532638498156,"RASGRP1"
"BCHE",1.00050037531277,1.39854541250061,1.07276731319212,1.00050037531277,0,1.96522163750392,0.0293174051783808,"BCHE"
"CALN1",1.94511995061193,0,0.456699107896111,0,0,2.13592713006386,0.029313741903258,"CALN1"
"TMEM257",1.71218160136095,0,1.00050037531277,1.30881185938403,0,1.54643475389106,0.0288932942057942,"TMEM257"
"TRPM8",1.40137402013983,1.00050037531277,0.737795049258703,1.00050037531277,1.37930743344572,1.67116793388766,0.0288246680699391,"TRPM8"
"SLC7A2",1.34284989575028,0,0,1.36565378110622,0,1.41195076200539,0.0287703754578755,"SLC7A2"
"CHRDL1",1.00050037531277,1.56263627031741,1.00050037531277,1.16616341175197,1.00050037531277,2.17630465661869,0.0285271428571429,"CHRDL1"
"NRSN1",1.00050037531277,1.70480017268989,-1.00050037531277,0,1.38325753407396,1.95998240447976,0.028519931215995,"NRSN1"
"LHX2",1.37930743344572,0,1.83855753061005,1.00050037531277,0,2.07570181464875,0.0283057192067724,"LHX2"
"FRAS1",1.91305145533994,1.26592420885458,1.00050037531277,1.00050037531277,1.31811975574284,2.57862056817244,0.0277375816993464,"FRAS1"
"CABP7",-1.00050037531277,1.00050037531277,0.880526395969493,-0.108465866945716,-0.277360766039542,0.522661327649469,0.0275714662237299,"CABP7"
"ADAMTS3",0,1.36565378110622,-1.37705954254562,0,1.00050037531277,1.0851805167501,0.0275070908584766,"ADAMTS3"
"SCN3A",0,1.00050037531277,0.597593029588214,0,1.41318216906731,1.52681927218384,0.0273098131874481,"SCN3A"
"KCNIP1",1.37930743344572,0,-1.6108093612007,1.00050037531277,1.00050037531277,0.367481855089255,0.0271796814037338,"KCNIP1"
"FOXP2",0,-1.33300692262217,0.680157270543527,1.00050037531277,1.00050037531277,0.770845095492297,0.027178016194332,"FOXP2"
"KCNQ2",1.40695434046086,0,0,0,0.371672742017016,1.30931357081137,0.027170640905935,"KCNQ2"
"HOXC6",0,1.00050037531277,1.71106357272555,0,-1.00050037531277,1.2058587490561,0.0271466652403661,"HOXC6"
"CCL2",-1.40695434046086,0,1.12689852612753,1.00050037531277,1.00050037531277,1.48566478741608,0.0271455987448728,"CCL2"
"NELL2",-1.00050037531277,-0.352219061898392,1.31630192898914,1.37138167815464,0,1.56218193608468,0.0269506817217395,"NELL2"
"AMPH",0,1.40137402013983,-1.00050037531277,1.00050037531277,-1.00050037531277,1.17680278420079,0.0268334436805025,"AMPH"
"SST",1.00050037531277,0,1.73032135051496,0,1.00050037531277,1.63517485041932,0.0267996109439338,"SST"
"CPAMD8",1.88244152874464,0,1.00050037531277,0,-1.00050037531277,2.05151269984085,0.026760387196916,"CPAMD8"
"LRRC3B",1.00050037531277,-1.00050037531277,-1.00050037531277,0.300434441879884,0,0.468843510629301,0.0267524797042038,"LRRC3B"
"SMOC1",1.00050037531277,1.00050037531277,0,1.00050037531277,1.00050037531277,1.67292457917018,0.0267491596638655,"SMOC1"
"LTF",0,0,0.824343058935739,1.00050037531277,0,0.977113383671371,0.0265965241259359,"LTF"
"DMRT2",1.22481527484702,0.0830457662189448,1.00050037531277,1.41429109652447,0,2.08514346643038,0.0264940009337068,"DMRT2"
"ADIRF",1.00050037531277,1.00050037531277,0,1.39404686585532,0,1.36995762732507,0.0264739066489066,"ADIRF"
"CCDC85A",1.93682606799176,0,0.21504630445456,0,0,1.88717489721409,0.026427878337241,"CCDC85A"
"CAPS",0,0,0.643148282888598,1.98782623687726,1.00050037531277,1.59531066297941,0.0263912078071569,"CAPS"
"C8orf46",1.00050037531277,0,-1.38554701052006,1.00050037531277,1.00050037531277,0.606220961553518,0.0263665111708215,"C8orf46"
"WBSCR17",1.00050037531277,1.00050037531277,1.00197638046377,1.00050037531277,-0.483354128078032,0.573716108992994,0.0263479328388247,"WBSCR17"
"KCNK1",0.44725832356883,0,-1.00050037531277,-1.00050037531277,1.00050037531277,0.728587904375521,0.025738541248024,"KCNK1"
"CADPS2",1.38808583077671,1.00050037531277,-1.00050037531277,0,0,1.32542714788271,0.0254553503100673,"CADPS2"
"SHISA6",1.00050037531277,0,0,-0.175414302563743,-1.00050037531277,0.132940982032245,0.0251923076923077,"SHISA6"
"HMP19",1.00050037531277,0,0,1.00050037531277,0,1.29688076576861,0.0250109807754969,"HMP19"
"CPXM1",0,-1.00050037531277,1.00050037531277,0,-1.00050037531277,0.433035320365017,0.0248298514922556,"CPXM1"
"ROBO2",1.00050037531277,0,-1.00050037531277,0,1.36105912720662,1.4082774055986,0.0247904928404928,"ROBO2"
"CH25H",1.41562990079754,-1.00050037531277,1.00050037531277,-0.245776999063078,1.00050037531277,0.942245145195952,0.0247667887667888,"CH25H"
"EN1",0,0,1.04656765611394,-1.00050037531277,0,0.888196631644149,0.0243508549302667,"EN1"
"PLA2G2A",-1.40695434046086,0,1.00050037531277,0,1.56321398716215,1.23857001568467,0.0243126984126984,"PLA2G2A"
"NRXN1",0,1.00050037531277,0,0,-1.00050037531277,0.44725832356883,0.0242959500791288,"NRXN1"
"SNCAIP",1.00050037531277,0,-1.00050037531277,-1.00050037531277,2.09866688846978,2.10549310944827,0.0242954449031074,"SNCAIP"
"LEMD1",0,0,-1.00050037531277,1.00050037531277,1.00050037531277,0.786452676695605,0.0242446480938416,"LEMD1"
"FAM110C",0,0.0455961226559968,-1.07970956451308,1.00050037531277,-1.00050037531277,-0.0954285529416352,0.0240341243986532,"FAM110C"
"AKR1C1",1.00050037531277,-1.00050037531277,1.00050037531277,1.36893079513251,-1.00050037531277,0.972371315092472,0.0240020952866675,"AKR1C1"
"ANK3",1.00050037531277,1.30881185938403,0.608892925247297,0,0,1.64143291506856,0.0237878705756755,"ANK3"
"RBM24",-1.00050037531277,1.15854420897569,1.00050037531277,0,0,1.17440267764053,0.0235503008485767,"RBM24"
"APLNR",1.67014015203364,0.12077633320215,1.48055758192764,0,0.450880640865606,1.67106807420235,0.0235459930935937,"APLNR"
"PSD2",0,1.40285330698576,1.1548044354936,0,0,1.36095654224245,0.0235254784856454,"PSD2"
"HS3ST1",-1.00050037531277,1.00050037531277,0.693774506792617,1.00050037531277,1.8046110719818,2.10350922785962,0.0234829780434619,"HS3ST1"
"SLITRK1",1.00050037531277,0,-1.32688606871841,-1.00050037531277,0,-0.0757408989329882,0.0233890151515152,"SLITRK1"
"CALB1",1.00050037531277,0,1.00050037531277,1.39827270883633,-0.632582061100068,1.5900054838132,0.0232745007680492,"CALB1"
"HOXA3",0,-0.074329619955442,1.25084224863533,0.779555458770481,-1.41248824157478,0.821572925758649,0.0231822883822459,"HOXA3"
"PCDH8",1.00050037531277,0,1.00050037531277,0,1.40137402013983,1.66085859951624,0.0231701877593951,"PCDH8"
"TF",0,1.00050037531277,1.00050037531277,0,1.23719083757454,1.66871040002939,0.0231566076567913,"TF"
"OXTR",1.00050037531277,0,1.61422848868735,0,1.00050037531277,2.3445250604204,0.0231509618567869,"OXTR"
"GPR17",1.00050037531277,0,0.848848786557436,1.00050037531277,1.41145182312849,1.70958710388453,0.0230280586080586,"GPR17"
"CHI3L2",1.00050037531277,-1.00050037531277,-0.945619496147987,1.00050037531277,1.00050037531277,0.680179777383401,0.0229986831043353,"CHI3L2"
"AQP1",0,0,1.00050037531277,1.00050037531277,1.66529868722946,1.88170943408047,0.0229600713012478,"AQP1"
"CAB39L",1.40467657862633,0,1.40137402013983,-1.00050037531277,1.00050037531277,1.50183780880587,0.0229598447529482,"CAB39L"
"DDX3Y",1.53389314996998,0.0830457662189448,1.00050037531277,0,1.00050037531277,1.66665298106541,0.0226594142785319,"DDX3Y"
"PDE1A",1.34284989575028,0,1.41562990079754,0,-1.00050037531277,1.677323890131,0.0226008918617614,"PDE1A"
"SV2C",0.837102434125622,1.00050037531277,0.61860521354626,0,0,0.99968101602807,0.0225201963013322,"SV2C"
"EPHA5",1.00050037531277,0,1.51053524734977,-1.00050037531277,0.730669091687148,2.05546337850052,0.0224860260379946,"EPHA5"
"C11orf87",0,-1.00050037531277,1.32688606871841,-1.00050037531277,1.00050037531277,0.78057799783022,0.0224324638789501,"C11orf87"
"FGFR2",0,1.00050037531277,1.00050037531277,1.00050037531277,0,1.26999364621695,0.022429881219005,"FGFR2"
"STXBP6",1.00050037531277,0,1.65570062341085,0,-1.00050037531277,1.5932011293259,0.0223839069264069,"STXBP6"
"CHST9",0,0,0,-1.00050037531277,1.00050037531277,0.101792465391537,0.0223253431323199,"CHST9"
"INS.IGF2",0,0,2.32394308318039,0,1.00050037531277,2.52644504360083,0.0221658896658897,"INS-IGF2"
"HLA.DRB4",-1.00050037531277,0,1.00050037531277,0,-1.00050037531277,-0.878807052388227,0.0221269619269619,"HLA-DRB4"
"DACT1",0,0,-1.00050037531277,1.00050037531277,1.00050037531277,1.00050037531277,0.0221240206947524,"DACT1"
"SERPINE1",1.00050037531277,0,1.40903414129694,0.518632715660073,-1.00050037531277,0.729046629392082,0.0220644444444444,"SERPINE1"
"B3GAT2",0,0,-1.00050037531277,1.00050037531277,0,1.00050037531277,0.0218815702337194,"B3GAT2"
"COL28A1",-1.00050037531277,0,1.73121293709006,0,-1.00050037531277,0.551637505662463,0.0218483447234838,"COL28A1"
"KCND2",1.26592420885458,0,-0.127537119101886,1.40980462219091,0,1.36901294026557,0.0218379941897183,"KCND2"
"L1CAM",1.4102973600226,0,0.0565234321875169,1.40137402013983,0,1.95659739152947,0.0216831822081822,"L1CAM"
"FGF13",0,0,1.70786638846416,0,0,1.6323293469589,0.021649951863414,"FGF13"
"PDGFRA",0,1.67137049351232,0,1.00050037531277,1.00050037531277,1.97077372533762,0.0213510005593035,"PDGFRA"
"UNC5D",1.00050037531277,1.00050037531277,1.00050037531277,1.00050037531277,0,1.3359279255368,0.0213123717948718,"UNC5D"
"FOXD1",1.00050037531277,1.00050037531277,-0.691259837156518,1.00050037531277,0,1.39084701327273,0.0213064169769998,"FOXD1"
"EYA1",1.15155568035878,0,0,0.0830457662189448,-1.00050037531277,0.0180422894838827,0.021124959742351,"EYA1"
"TP53TG3B",0,1.00050037531277,1.00050037531277,1.00050037531277,0,1.00050037531277,0.0210887745990928,"TP53TG3B"
"NHLH1",0,0,0.463590409162317,1.00050037531277,1.00050037531277,0.969105695171083,0.0210625776038189,"NHLH1"
"SERPINA3",1.30096692465063,0,-0.905786659631936,0,1.23209590795413,1.08287562916595,0.0210018674136321,"SERPINA3"
"CD109",1.00050037531277,1.00050037531277,0,0,0,0.901143016772704,0.0209603641456583,"CD109"
"ZNF804A",0,0,0.31883732780696,0,0,0.378884199356643,0.0207035087719298,"ZNF804A"
"NEFL",1.00050037531277,1.00050037531277,0.300434441879884,1.00050037531277,-1.00050037531277,1.39835601625385,0.0206629089960023,"NEFL"
"ERBB4",0,1.00050037531277,0.61028383310666,0,1.00050037531277,1.60379917057892,0.0206531820622986,"ERBB4"
"RIBC1",1.00050037531277,-1.00050037531277,0,-1.00050037531277,-1.00050037531277,-1.03093043985489,0.0204314998726763,"RIBC1"
"TDRD9",0,1.00050037531277,-1.00050037531277,0,1.38808583077671,0.596216268947284,0.0203736516357206,"TDRD9"
"C16orf89",1.40980462219091,-1.00050037531277,1.66410596086495,1.41562990079754,0,1.77225393783191,0.0203491566821658,"C16orf89"
"ADCY2",1.00050037531277,0,1.00050037531277,1.00050037531277,0,1.61277834183685,0.0202548842461886,"ADCY2"
"ALDH1L1",1.24614059030074,-1.00050037531277,1.40137402013983,1.00050037531277,1.41562990079754,2.0397739850936,0.0201201363168316,"ALDH1L1"
"MIR124.2HG",1.26592420885458,1.41497907952979,1.38475773438187,0,0,1.79606610774255,0.0199460010319917,"MIR124-2HG"
"CCL20",1.40980462219091,0,1.00050037531277,0,0,1.36679344974253,0.0199449233716475,"CCL20"
"OLIG1",-1.00050037531277,0,0,0,1.00050037531277,0.55473616884054,0.0197482789269554,"OLIG1"
"P2RY12",1.00050037531277,0,1.329293164055,1.00050037531277,0,1.92309935800352,0.0195525826830175,"P2RY12"
"ADGRG2",0,1.00050037531277,0,-1.00050037531277,-1.00050037531277,-0.623651491713494,0.0195,"ADGRG2"
"RSPO3",1.00050037531277,-1.00050037531277,-1.38808583077671,1.39404686585532,0,0.453315535341316,0.0193932346851784,"RSPO3"
"GABRA5",0,1.4150512896801,0.108465866945716,0,-1.00050037531277,0.341877096145175,0.0192778518778519,"GABRA5"
"AQP4.AS1",-1.00050037531277,0,-0.504346538828698,-1.00050037531277,-1.00050037531277,-1.44809421173029,0.0192611780994134,"AQP4-AS1"
"ZNF385B",1.00050037531277,0,1.62636817133707,-1.00050037531277,-0.343017348369589,1.06652498486494,0.0191587232448938,"ZNF385B"
"TUBB4A",1.00050037531277,1.00050037531277,0,1.00050037531277,1.00050037531277,1.41349359967265,0.0191540525887774,"TUBB4A"
"CHODL",1.30881185938403,0,-1.00050037531277,1.23029191628073,0,1.00050037531277,0.0190945054945055,"CHODL"
"EMILIN2",1.00050037531277,0,-1.00050037531277,-1.00050037531277,1.57337240546645,1.00050037531277,0.0190654543409806,"EMILIN2"
"GABBR2",1.00050037531277,0,0,0,0,1.00050037531277,0.018943657219973,"GABBR2"
"HLA.DMA",0,0,-1.00050037531277,1.00050037531277,1.86035378927044,1.89122401288938,0.0188768833849329,"HLA-DMA"
"OGN",0,0,1.60723147391815,0,0,1.62930922377084,0.0188381212989909,"OGN"
"CACNA1E",1.23209590795413,0,0,0,0,1.25290556095777,0.0188285714285714,"CACNA1E"
"EXOSC7",0,1.33912925256629,1.00050037531277,0.699581041100718,-1.00050037531277,1.59257966273094,0.018594238140252,"EXOSC7"
"GRIK3",1.00050037531277,0,0.653882737066796,1.36565378110622,0,1.31759469288924,0.0184050557914486,"GRIK3"
"HOXD4",0,0,1.00050037531277,0,-1.00050037531277,0.0793253666637381,0.0183524767801858,"HOXD4"
"CDHR1",-1.00050037531277,0,0,0,0,-1.00050037531277,0.0183392367894087,"CDHR1"
"HHIP",1.00050037531277,1.00050037531277,-0.200004000120004,1.00050037531277,1.00050037531277,1.39332017886104,0.0183321428571429,"HHIP"
"CXCL14",1.00050037531277,1.59942658835363,0.582213784779554,0,0,2.05317308099058,0.0183296668080997,"CXCL14"
"LOC101928916",1.00050037531277,0,0,0,0,1.00050037531277,0.0181753246753247,"LOC101928916"
"CELF5",0,0,0,0,1.30881185938403,1.35394789622348,0.0181710811904499,"CELF5"
"LAMP5",1.00050037531277,1.00050037531277,1.00050037531277,1.38808583077671,0,1.65831975799634,0.0181454778954779,"LAMP5"
"MAP7D2",1.36105912720662,1.00050037531277,0,0,0,1.40337551558776,0.0180863156451392,"MAP7D2"
"C3",0,0,0,0,1.00050037531277,1.00050037531277,0.0179753968253968,"C3"
"LRRC17",0,0,-1.00050037531277,1.00050037531277,0,0.0152057201832809,0.0179253543612677,"LRRC17"
"XIST",1.3732817904574,1.00050037531277,-1.00050037531277,0,-0.277360766039542,1.0305175684158,0.0178617382617383,"XIST"
"LRRC2",0,0,1.67014015203364,0,-0.44725832356883,2.00203850595295,0.017736504036504,"LRRC2"
"ARHGAP36",0,0,1.00050037531277,1.00050037531277,0,1.41084425209676,0.0174704693998812,"ARHGAP36"
"TMEFF2",1.30881185938403,0,-1.00050037531277,0,-0.200004000120004,0.632830233635078,0.0174642246642247,"TMEFF2"
"GRIA1",-1.00050037531277,0,1.00050037531277,-1.00050037531277,-1.00050037531277,-1.41286756412293,0.0174328525063109,"GRIA1"
"GMPR",0,1.14407789484299,1.70841418263151,0,0,1.58061328315011,0.0173799293002954,"GMPR"
"PDLIM3",0,0,0.168499178851676,0,1.00050037531277,0.830464935403248,0.0173596260298443,"PDLIM3"
"RPS4Y1",1.00050037531277,0,1.00050037531277,0,0.781106988130724,1.38788680477505,0.0171568209408955,"RPS4Y1"
"PCDH17",1.00050037531277,1.65018359313767,1.41562990079754,0,0,2.09274789562724,0.0170453174797269,"PCDH17"
"SGIP1",0,1.00050037531277,0.277360766039542,0,-1.00050037531277,0.17066777217194,0.0169585213032581,"SGIP1"
"SLIT1",-1.00050037531277,0,1.00050037531277,1.00050037531277,-1.34284989575028,-0.917397889456331,0.0169450529637142,"SLIT1"
"FREM1",0,1.00050037531277,0,0,0,1.00050037531277,0.0168546944283786,"FREM1"
"COL9A1",1.00050037531277,-1.00050037531277,-1.00050037531277,0,1.00050037531277,0.0142842582401301,0.0168371428571429,"COL9A1"
"MFAP4",0,0,1.00050037531277,-1.00050037531277,-1.00050037531277,-0.0419878623075844,0.0168263617463617,"MFAP4"
"C9orf135",0,0,1.41562990079754,-1.00050037531277,0.368840331635655,0.567074292819194,0.0168250194250194,"C9orf135"
"METTL7B",0,1.00050037531277,1.18539221910388,1.40859042454753,0,1.57337240546645,0.0166198450672135,"METTL7B"
"MICAL2",1.00050037531277,0,-1.40137402013983,0,1.00050037531277,-0.110579795661106,0.0166164007361999,"MICAL2"
"TNC",1.00050037531277,0,-1.00050037531277,1.00050037531277,1.00050037531277,1.00050037531277,0.0165558756766195,"TNC"
"LOC101927137",1.00050037531277,1.00050037531277,1.00050037531277,1.00050037531277,0,1.52397760036282,0.016531746031746,"LOC101927137"
"CRYM",0,-1.00050037531277,0.676907996033124,0,0,-0.0930638404071208,0.0164432607235436,"CRYM"
"TGFA",0,0,0,0,1.00050037531277,1.00050037531277,0.0164414035087719,"TGFA"
"PTPN5",1.00050037531277,0,1.3122600448056,1.00050037531277,0,1.77250922213584,0.0163899572649573,"PTPN5"
"ADAMTSL4",0,0,1.48963645563314,0,-1.00050037531277,0.755057629085364,0.0162476996687523,"ADAMTSL4"
"CCK",0,0,0.225194384424676,0,0,0.359931187734729,0.0160777777777778,"CCK"
"MOG",1.00050037531277,0,1.00050037531277,0,0,1.00050037531277,0.0160697297297297,"MOG"
"TENM1",0,1.00050037531277,0,0,1.41562990079754,1.46961547549089,0.0160661697475651,"TENM1"
"CNTNAP5",0,1.00050037531277,0.0428353329863006,0,1.00050037531277,0.849915652757324,0.0160477803608317,"CNTNAP5"
"CXorf57",1.00050037531277,0,0,-1.38185443394273,-0.388543670100131,-0.00613104778405877,0.0160237322515213,"CXorf57"
"GABRB1",1.00050037531277,0,1.35938895379591,1.21357078494567,0,1.41396155341426,0.0160235042735043,"GABRB1"
"HEPH",0,0,0,1.00050037531277,0,1.00050037531277,0.0159185520361991,"HEPH"
"ST6GALNAC5",0,1.00050037531277,0,0,0,1.00050037531277,0.0158208333333333,"ST6GALNAC5"
"HOXA7",0,0.745632174959084,1.31419774644192,1.51163719747478,0,1.63083168706315,0.0158068404707421,"HOXA7"
"FNDC1",0,0,1.22880790856494,1.00050037531277,-1.00050037531277,1.51756427673483,0.0157328241193718,"FNDC1"
"FAM189A2",1.00050037531277,0,-1.00050037531277,1.00050037531277,0,0.830329824194917,0.0157264957264957,"FAM189A2"
"KCNA1",0,0,-1.00050037531277,0,0.855498999435581,0.396635517004439,0.0157200106399149,"KCNA1"
"EIF1AY",1.89544829564586,0,0,0,1.00050037531277,1.9912770414073,0.0155882783882784,"EIF1AY"
"RNF128",1.00050037531277,0,-1.41478733208513,1.19854323892744,0,0.770528730344091,0.0155196428571429,"RNF128"
"ACSBG1",0,0,0.335828316847621,0,1.00050037531277,1.04852689228568,0.0154793859649123,"ACSBG1"
"AKR1C3",0,0,2.02221733400127,0,0,1.90870284245658,0.0154628914628915,"AKR1C3"
"PAX3",0,0,2.0058406279634,-1.00050037531277,0,2.12379858152621,0.015441881029381,"PAX3"
"CP",0,1.00050037531277,-1.00050037531277,0,0,0.632582061100068,0.0153684523809524,"CP"
"SEMA3C",0,0,0,0,-0.128037929428422,-0.0627920737494364,0.0153499769240802,"SEMA3C"
"SPRY4",0,0,1.41429109652447,1.36565378110622,0,1.37950210642786,0.0152683982683983,"SPRY4"
"PEBP4",1.00050037531277,0,1.41465801722086,1.00050037531277,0,1.87961644659343,0.0152588160286497,"PEBP4"
"LRFN5",1.00050037531277,1.00050037531277,0.052342463961076,0,1.00050037531277,1.91066122830694,0.0152351592972283,"LRFN5"
"FAM84A",0,-1.00050037531277,0,0,1.00050037531277,0,0.0152077922077922,"FAM84A"
"RIT2",0,1.20663771331729,1.38554701052006,0,0,1.28110799696484,0.0151517920549022,"RIT2"
"MMP9",0,-1.00050037531277,1.88719892990105,0,0,1.89152219263728,0.0151476987687514,"MMP9"
"PLPPR5",0,1.00050037531277,0.574461291212092,-1.00050037531277,1.00050037531277,1.62627188433422,0.0151411556665106,"PLPPR5"
"WIF1",1.00050037531277,0,1.34284989575028,-1.00050037531277,0,1.33559307933775,0.0151194638694639,"WIF1"
"ARX",0,0,1.329293164055,0,-1.00050037531277,0.868442544130709,0.0150936026936027,"ARX"
"COL4A6",1.00050037531277,0,0.277360766039542,0,-1.00050037531277,-0.315806008501507,0.0150083333333333,"COL4A6"
"CHRM3",1.00050037531277,1.00050037531277,-1.00050037531277,0,1.41562990079754,1.58859942463771,0.0148721054397799,"CHRM3"
"LMO3",0,1.19396764468489,0,-1.00050037531277,0,0.982558726950339,0.0148641042204996,"LMO3"
"SLC6A13",1.00050037531277,0,-1.00050037531277,0,-1.37930743344572,-1.40790964087084,0.014796918767507,"SLC6A13"
"CLIC6",0,0,0.607316991207574,0,1.41318216906731,1.41339673696254,0.0147313568868408,"CLIC6"
"EOMES",1.00050037531277,-1.00050037531277,-0.140139339748201,1.00050037531277,0,0.310184881153471,0.0146958028348272,"EOMES"
"KCNJ3",1.00050037531277,1.00050037531277,1.46062059797639,0,1.00050037531277,1.86395798122759,0.0146831254331254,"KCNJ3"
"WFDC1",0,1.00050037531277,-1.00050037531277,0,1.41248824157478,1.34284989575028,0.0145953688141923,"WFDC1"
"KCNN3",1.00050037531277,1.00050037531277,1.00050037531277,0,0,1.73301992989079,0.0145745098039216,"KCNN3"
"P2RX5",0,1.69398853719935,1.720767280279,0,0,1.92917662017595,0.0145398581463237,"P2RX5"
"HS3ST3B1",1.34284989575028,-1.00050037531277,1.00050037531277,0,0,1.18192800968914,0.014527666542304,"HS3ST3B1"
"CX3CR1",0,0,-1.00050037531277,0,0,-1.00050037531277,0.0143775142731665,"CX3CR1"
"LINC01088",0,0,1.00050037531277,0,1.00050037531277,1.32256976835404,0.0142329739442947,"LINC01088"
"ASS1",1.00050037531277,0,-1.00050037531277,0,1.00050037531277,0,0.0141421052631579,"ASS1"
"HOXA10.HOXA9",0,0,1.00050037531277,0,0,1.00050037531277,0.014,"HOXA10-HOXA9"
"FXYD7",1.00050037531277,0,-1.00050037531277,1.00050037531277,0,0.755708159791031,0.0139694083694084,"FXYD7"
"HOXA5",0,1.00050037531277,1.71159818883637,0,0,1.56311795358766,0.0139676288749565,"HOXA5"
"HMGCLL1",1.00050037531277,0,1.00050037531277,0,1.00050037531277,1.67566508808599,0.0139639440308795,"HMGCLL1"
"SELENBP1",1.00050037531277,0,1.00050037531277,1.00050037531277,1.00050037531277,1.60096020270416,0.0139464285714286,"SELENBP1"
"TBR1",-1.00050037531277,0,1.39090766015135,1.00050037531277,0,0.915814619339381,0.0139263014763015,"TBR1"
"PGAM2",0,0,1.00050037531277,0,1.00050037531277,1.41522801224252,0.0138745727956254,"PGAM2"
"SSTR1",0,0,1.35799815659159,0,0,1.37041149444367,0.0138121796360821,"SSTR1"
"MIR675",1.3732817904574,0,0,0,1.41366934568814,1.37643239004395,0.0138019776876268,"MIR675"
"GFPT2",1.00050037531277,0,0,0,0,1.00050037531277,0.0137389355742297,"GFPT2"
"ABI3BP",1.00050037531277,0,0,1.00050037531277,1.00050037531277,1.59500301063106,0.0136209633278599,"ABI3BP"
"ST6GALNAC2",1.00050037531277,0,0.372129967503382,1.40137402013983,0,1.16886717835334,0.0136080586080586,"ST6GALNAC2"
"TNFRSF19",1.21357078494567,0,0,0,-1.00050037531277,1.00050037531277,0.0135245098039216,"TNFRSF19"
"SIX6",0,0,-1.68365802285233,0,0,-1.72904274558584,0.0135150036954915,"SIX6"
"BAMBI",1.00050037531277,0,0,0,1.00050037531277,1.17116563288896,0.0134833333333333,"BAMBI"
"ITGB4",0,-1.00050037531277,1.00050037531277,1.00050037531277,1.10331653378048,1.97111939035131,0.0134643523143523,"ITGB4"
"IBSP",0,0,-1.38325753407396,0,0,-1.41223538174183,0.0132941798941799,"IBSP"
"TKTL1",0,0,0,0,-1.00050037531277,-1.00050037531277,0.0132711038961039,"TKTL1"
"BRINP1",1.00050037531277,1.00050037531277,0,1.00050037531277,0,1.40085907106289,0.01325,"BRINP1"
"HOOK1",0,1.27751557522562,0.0568881044508808,0,0,1.63517478604596,0.0131883735312307,"HOOK1"
"PRDM6",0,1.00050037531277,1.15571115741021,0,0,1.32385307116947,0.0131133544219958,"PRDM6"
"GRIK2",1.00050037531277,1.00050037531277,0,0,1.00050037531277,1.67492129882587,0.0129909090909091,"GRIK2"
"BLACAT1",0,0,-1.68996015478404,0,1.40980462219091,-0.686386423656239,0.0129845624497677,"BLACAT1"
"SNHG17",0,0,1.00050037531277,-1.00050037531277,0.4264402017646,0.493833974005868,0.0129273504273504,"SNHG17"
"TMEM200A",0,-1.00050037531277,-0.252990308632882,0,0,-0.63379123630686,0.0129111111111111,"TMEM200A"
"EPHA3",0,1.00050037531277,0.136224246698123,-1.00050037531277,-1.00050037531277,-0.959123768566255,0.0128789630756141,"EPHA3"
"MAK",0,1.28994453096031,0.740420464733225,0,0,1.28107712178557,0.0127477053680952,"MAK"
"MIR8071.2",0,0,0,-1.00050037531277,0,-1.00050037531277,0.0127349206349206,"MIR8071-2"
"TSPAN18",1.00050037531277,0,1.00050037531277,1.00050037531277,1.00050037531277,1.41092718511421,0.0127282668881506,"TSPAN18"
"GDA",0,-1.00050037531277,0,0,1.00050037531277,0,0.0127234432234432,"GDA"
"SOX10",0,0,1.37705954254562,1.00050037531277,0,1.42853743601177,0.0125572249589491,"SOX10"
"ADAMTS18",1.00050037531277,1.00050037531277,1.00050037531277,0,1.23719083757454,1.7329775068792,0.0124480672991311,"ADAMTS18"
"PCDH11Y",0,1.40411459165958,0,1.41145182312849,0,1.41562990079754,0.0124391070401709,"PCDH11Y"
"HERC6",-1.00050037531277,0,-1.30654164467797,1.65395477860996,1.00050037531277,1.37995307048378,0.0124236638290968,"HERC6"
"MIAT",-1.00050037531277,1.00050037531277,-1.00050037531277,-1.00050037531277,0,0.398388364212384,0.0123242424242424,"MIAT"
"TMEM35A",1.00050037531277,1.00050037531277,-1.00050037531277,0,0,1.18048051424078,0.0122852130325815,"TMEM35A"
"SFRP4",-1.00050037531277,0,-0.21504630445456,0,1.00050037531277,0.626494601973479,0.0122423976608187,"SFRP4"
"HS6ST2",1.00050037531277,0,0,1.00050037531277,1.00050037531277,1.26592420885458,0.0122363636363636,"HS6ST2"
"MCHR1",0,0,0,0,1.00050037531277,1.00050037531277,0.0118321428571429,"MCHR1"
"CXCL12",0,0,1.00050037531277,0,0,1.00050037531277,0.0117707664884135,"CXCL12"
"CHD5",1.19396764468489,0,0,0,1.00050037531277,1.14225568271492,0.0116178571428571,"CHD5"
"LMF1",0,1.39456000409553,1.00050037531277,-1.00050037531277,0,1.35605328976753,0.0115917716934666,"LMF1"
"PHACTR3",1.00050037531277,0,1.00050037531277,1.00050037531277,0,1.3541811244486,0.0115868686868687,"PHACTR3"
"MPPED2",-1.00050037531277,0,1.00050037531277,0,0,-0.424056962203686,0.0114945054945055,"MPPED2"
"LRRC34",1.00050037531277,1.00050037531277,-1.00050037531277,0,0,0.834377988353915,0.0112820512820513,"LRRC34"
"OTX2.AS1",1.00050037531277,-1.00050037531277,0,1.00050037531277,0,0.57099997669046,0.0112503787878788,"OTX2-AS1"
"MAPK8IP1",1.00050037531277,-1.00050037531277,1.00050037531277,0,1.00050037531277,1.08046483451774,0.0112434483079644,"MAPK8IP1"
"ELN",1.00050037531277,1.32924146623698,0,0.074329619955442,-1.00050037531277,1.25017535113167,0.011232650846818,"ELN"
"PRPH",-1.00050037531277,0,-1.41562990079754,1.00050037531277,0,-0.903060433454488,0.0111936188811189,"PRPH"
"GRIN2A",0,1.00050037531277,1.00050037531277,1.00050037531277,0,1.63517478038873,0.011002312599681,"GRIN2A"
"TEKT4P2",1.00050037531277,0,-1.00050037531277,0,0,-0.0713341888573165,0.011,"TEKT4P2"
"EFEMP1",-1.00050037531277,0,1.00050037531277,1.00050037531277,0,1.35799815659159,0.0109767195767196,"EFEMP1"
"FA2H",-1.41248824157478,0,0,1.00050037531277,0,-0.554119740135053,0.0109333333333333,"FA2H"
"FGF12",1.00050037531277,0,0.645275250647748,-1.00050037531277,0,0.822896514271133,0.0109240115440115,"FGF12"
"PCDHB5",0,0,0,0,1.00050037531277,1.00050037531277,0.0108371735791091,"PCDHB5"
"RYR3",1.00050037531277,0,0,0,1.00050037531277,1.40695434046086,0.0108109243697479,"RYR3"
"CAMKV",0,0,-1.00050037531277,1.26592420885458,1.00050037531277,0.794446703156373,0.0107998955067921,"CAMKV"
"SIX1",0,1.00050037531277,1.40767089422999,0,0,1.60742906295241,0.0107900293255132,"SIX1"
"MN1",0,0,0,1.00050037531277,0,1.00050037531277,0.0107013415892673,"MN1"
"LINC01279",0,0,-1.00050037531277,0,1.00050037531277,0.0321329361958318,0.0106777777777778,"LINC01279"
"ELAVL3",0,0,0,1.00050037531277,-1.00050037531277,0,0.010562091503268,"ELAVL3"
"RAMP3",0,1.00050037531277,-1.00050037531277,0,0,-0.0713341888573165,0.0105411764705882,"RAMP3"
"PDE1C",0,1.00050037531277,0,0,0,1.00050037531277,0.0105021645021645,"PDE1C"
"SATB2",0,-1.00050037531277,1.00050037531277,0,0,0.424547666931444,0.0104670653907496,"SATB2"
"KLHL4",0,1.00050037531277,1.54407411992357,0,0,1.5100236239407,0.0104258507258507,"KLHL4"
"IRX5",0,0,0,0,0,0,0.0103655065666041,"IRX5"
"BTBD11",0,0,1.41449648996668,0,0,1.41485971699503,0.0103388888888889,"BTBD11"
"THSD4",0,0,0,0,0,0,0.0101357142857143,"THSD4"
"SCG5",0,1.00050037531277,1.00050037531277,0,0,1.26815126037913,0.010017129575374,"SCG5"
"FCGBP",1.00050037531277,0,1.00050037531277,1.00050037531277,1.00050037531277,1.66004948102685,0.00998592458156887,"FCGBP"
"FAM19A1",-1.00050037531277,0,1.00050037531277,1.00050037531277,0,0.12077633320215,0.00994026901465926,"FAM19A1"
"LINC00839",0,0,-0.145522915860831,0,1.72584539801565,1.57012947464461,0.00991010101010101,"LINC00839"
"HOXB3",0,0,-1.00050037531277,0,0,-1.00050037531277,0.00983522571819425,"HOXB3"
"SPX",0,0,0,0,0,0,0.0096,"SPX"
"DIRAS3",0,1.00050037531277,0,0,1.00050037531277,1.41126281228261,0.0095913189800233,"DIRAS3"
"PARM1",0,-1.00050037531277,1.00050037531277,0,1.00050037531277,0.494456087191052,0.0095312485457676,"PARM1"
"CDKN2B",1.00050037531277,0,0,0,-1.00050037531277,0.0282786273966336,0.00947835497835498,"CDKN2B"
"NPY",1.00050037531277,0,1.00050037531277,1.41562990079754,0,1.27854015038249,0.00942307692307692,"NPY"
"HAPLN1",1.00050037531277,1.00050037531277,1.35682232572999,0,0,1.58823595532059,0.00939722222222222,"HAPLN1"
"LRRC7",0,0,1.00050037531277,1.41248824157478,0,1.73327581133771,0.00939704517704518,"LRRC7"
"KCNE5",0,0,0,0,0,0,0.0093734126984127,"KCNE5"
"TMEM132D",0,0,1.00050037531277,0,1.00050037531277,1.41440019693481,0.00930760611937082,"TMEM132D"
"LOC101926951",0,0,1.55666671220962,0,1.34284989575028,1.55361668167324,0.00924812754912866,"LOC101926951"
"SLCO1C1",0,0,-0.399075217003319,-1.00050037531277,0,-0.609375445289783,0.00917394894894895,"SLCO1C1"
"PRAME",0,0,-1.00050037531277,1.00050037531277,0,-0.0145787481079585,0.00913790849673203,"PRAME"
"CXCL6",0,0,0,1.00050037531277,0,1.00050037531277,0.00911506368028107,"CXCL6"
"WFIKKN2",0,0,1.38808583077671,-1.00050037531277,0,1.00050037531277,0.00910680076628352,"WFIKKN2"
"ZFHX4",1.00050037531277,0,0,-1.00050037531277,0,-0.0314192266883478,0.00910498452012384,"ZFHX4"
"PVALB",0,0,0.553213540600823,1.00050037531277,-1.00050037531277,1.00050037531277,0.00898344594594594,"PVALB"
"SLPI",1.00050037531277,-1.00050037531277,1.00050037531277,0,0,0.913266639983733,0.00891178451178451,"SLPI"
"PLPPR1",0,1.00050037531277,1.00050037531277,-1.00050037531277,1.00050037531277,1.00050037531277,0.00887666666666667,"PLPPR1"
"HMGA2",-1.00050037531277,0,0,-1.00050037531277,0,-1.41248824157478,0.00881746031746032,"HMGA2"
"SPOCD1",0,0,0,0,0,0,0.00877519379844961,"SPOCD1"
"CNTN1",0,0,-1.00050037531277,0,-1.00050037531277,-1.00050037531277,0.00877083333333333,"CNTN1"
"TMEM255A",0,0,1.00050037531277,0,0,1.00050037531277,0.00864425770308123,"TMEM255A"
"IL13RA2",-1.00050037531277,0,0,1.34284989575028,1.00050037531277,1.6380136003391,0.00863722943722944,"IL13RA2"
"PCDHGA3",0,0,0,0,1.00050037531277,1.00050037531277,0.0085995670995671,"PCDHGA3"
"CXCL3",0,1.00050037531277,-1.00050037531277,0,1.00050037531277,1.00050037531277,0.00855238095238095,"CXCL3"
"ATRNL1",0,1.00050037531277,1.40695434046086,0,0,1.14295434035032,0.00850320512820513,"ATRNL1"
"AR",0,0,0,1.22481527484702,1.00050037531277,1.38649218496527,0.00849244264507422,"AR"
"IGF2BP2",0,0,-1.00050037531277,1.00050037531277,0,0.624837229673354,0.00845,"IGF2BP2"
"LOC441179",0,0,0,0,1.00050037531277,1.00050037531277,0.00844089068825911,"LOC441179"
"DSG2",0,0,0,1.00050037531277,0,1.00050037531277,0.00844047619047619,"DSG2"
"UGT8",0,1.00050037531277,-1.00050037531277,0,0,0.756313777943995,0.00831944444444445,"UGT8"
"GCNT2",0,1.00050037531277,0,0,1.00050037531277,1.21881608549752,0.00822785714285714,"GCNT2"
"GBP3",1.3541811244486,0,0.0487370757654051,0,0,1.06038517003601,0.00817647058823529,"GBP3"
"CACNB2",0,1.00050037531277,1.00050037531277,0,-1.00050037531277,1.02558348221673,0.00811867118388857,"CACNB2"
"SEZ6",1.00050037531277,0,0.525298191359417,0,-1.00050037531277,0.44725832356883,0.0081110079119367,"SEZ6"
"DLK1",1.00050037531277,0,-1.38414544663986,0,1.00050037531277,-0.0145787481079585,0.00808333333333334,"DLK1"
"SFRP2",0,0,1.00050037531277,0,0,1.00050037531277,0.00804313725490196,"SFRP2"
"FAR2P3",0,1.00050037531277,1.00050037531277,0,0,1.00050037531277,0.0079949074074074,"FAR2P3"
"CBLN2",1.00050037531277,0,1.00050037531277,0,0,1.39745464994388,0.00797619047619048,"CBLN2"
"DIRAS2",0,0,1.00050037531277,0,1.00050037531277,1.35126252035824,0.00791666666666667,"DIRAS2"
"NPTX2",0,0,-1.00050037531277,0,0,-1.00050037531277,0.00790952380952381,"NPTX2"
"PEX5L",1.34284989575028,0,0,0,0,1.32614493688589,0.00784313725490196,"PEX5L"
"NPTX1",0,0,0,0,0,0,0.00783783783783784,"NPTX1"
"NEUROG1",0,0,0,0,0,0,0.00782051282051282,"NEUROG1"
"EEF1A2",0,-1.00050037531277,1.00050037531277,1.00050037531277,-1.00050037531277,-0.0148856355344764,0.00777,"EEF1A2"
"F13A1",0,0,0,0,0,0,0.00773956043956044,"F13A1"
"SLC14A1",0,1.00050037531277,1.00050037531277,0,0,1.41297884877976,0.00768070175438596,"SLC14A1"
"RASL10A",0,0,1.00050037531277,0,1.00050037531277,1.41492316161712,0.00762167487684729,"RASL10A"
"TFCP2L1",-1.00050037531277,0,-1.37930743344572,1.00050037531277,0,-0.905111674245185,0.00758334708243964,"TFCP2L1"
"VCAM1",0,0,0,0,0,0,0.00751190476190477,"VCAM1"
"SLC17A7",0,0,0,1.00050037531277,0,1.00050037531277,0.00744761904761905,"SLC17A7"
"FAM216B",0.0830457662189448,0,0,0,0,0.24861318793192,0.00733650793650794,"FAM216B"
"COPG2IT1",0,0,0,0,0,0,0.00728571428571429,"COPG2IT1"
"LINC01116",0,0,-1.72900128032592,0,0,-1.73176729431829,0.0071869918699187,"LINC01116"
"PRDM16",0,1.00050037531277,1.40903414129694,0,0,1.33132234566946,0.00718333333333333,"PRDM16"
"CA4",0,0,1.00050037531277,0,0,1.00050037531277,0.00716666666666667,"CA4"
"CNR1",0,0,-1.00050037531277,0,1.00050037531277,-0.403933212362181,0.00705811965811966,"CNR1"
"MOXD1",0,0,-1.00050037531277,1.29660613596298,0,1.73080956428595,0.00702,"MOXD1"
"NXPH1",0,1.26592420885458,-1.00050037531277,0,0,1.25527871147223,0.00676548024201173,"NXPH1"
"SLN",0,0,0,0,0,0,0.0067547619047619,"SLN"
"EYA4",-1.00050037531277,0,0,1.00050037531277,0,0.0588745829767072,0.00673809523809524,"EYA4"
"AHNAK2",-1.00050037531277,1.00050037531277,1.36893079513251,0,0,1.39932625828987,0.00673365384615385,"AHNAK2"
"ZFPM2",0,0,0,1.00050037531277,0,1.00050037531277,0.00672235872235873,"ZFPM2"
"DLL3",0,0.613623423974963,1.00050037531277,0,0,0.861343878973307,0.00671511936339523,"DLL3"
"CD36",1.00050037531277,0,0,0,0,1.00050037531277,0.00667592592592593,"CD36"
"DLGAP1",0,0,0,0,1.00050037531277,1.00050037531277,0.00659473684210526,"DLGAP1"
"DUSP5",0,0,1.00050037531277,0,0,1.00050037531277,0.00659388528138528,"DUSP5"
"NPNT",0,0,0,0,1.00050037531277,1.00050037531277,0.00648011204481793,"NPNT"
"CRNDE",1.26592420885458,1.00050037531277,0,0,0,1.57951991467117,0.00645490196078431,"CRNDE"
"IRX1",0,0,0,0,1.00050037531277,1.00050037531277,0.00643976608187135,"IRX1"
"PDGFD",1.00050037531277,0,0,1.00050037531277,0,1.00050037531277,0.00643833685694151,"PDGFD"
"PPP1R17",0,0,1.00050037531277,0,0,1.00050037531277,0.00634139194139194,"PPP1R17"
"FZD7",0,0,0,0,1.00050037531277,1.00050037531277,0.00625245995834231,"FZD7"
"TSTD1",0,0,0,1.00050037531277,0,1.00050037531277,0.00620289855072464,"TSTD1"
"RUNX2",1.00050037531277,0,0,0,1.00050037531277,1.22785689709466,0.00616433566433567,"RUNX2"
"CYP1B1",0,0,0,0,0,0,0.00616147186147186,"CYP1B1"
"CADPS",0.200004000120004,0,0,0,0,0.458243364171474,0.00614772727272727,"CADPS"
"CPNE4",0,0,0,0,0,0,0.00614545454545455,"CPNE4"
"CA3",0,0,-1.40859042454753,0,0,-1.41532217416207,0.00614285714285714,"CA3"
"ATCAY",0,0,0,0,0,0,0.00613333333333333,"ATCAY"
"KISS1R",1.00050037531277,1.00050037531277,0,0,1.00050037531277,1.41489246138295,0.00597777777777778,"KISS1R"
"SERPINA5",0,0,0,1.00050037531277,0,1.00050037531277,0.00591515151515151,"SERPINA5"
"MLIP",0,1.00050037531277,0,-1.00050037531277,0,0.632582061100068,0.00584068627450981,"MLIP"
"FAM179A",0,0,1.00050037531277,0,1.00050037531277,1.41533460237718,0.00578787878787879,"FAM179A"
"IGSF1",0,1.00050037531277,-1.40980462219091,0,1.00050037531277,0.833746560620953,0.00578482062625285,"IGSF1"
"CCNA1",0,0.772769939463099,1.00050037531277,1.00050037531277,1.00050037531277,1.14882213339755,0.00575392051557465,"CCNA1"
"COL4A5",1.00050037531277,1.15883752348061,-1.00050037531277,0,0,1.31319640914689,0.00565678507538973,"COL4A5"
"MEG3",0,1.00050037531277,0,0,0,1.00050037531277,0.00562222222222222,"MEG3"
"PLN",-1.00050037531277,0,0,1.00050037531277,-1.00050037531277,0.22966860722591,0.00559473684210526,"PLN"
"ETNPPL",1.00050037531277,0,0,0,0,1.00050037531277,0.00555384615384615,"ETNPPL"
"EFNA2",0,0,0,0,0,0,0.00552663102663102,"EFNA2"
"KCNA5",0,0,0,0,0,0,0.00542857142857143,"KCNA5"
"FLJ37786",0,1.00050037531277,-1.00050037531277,0,0,-0.0672674315885627,0.00541304347826087,"FLJ37786"
"GPR88",0,0,-1.00050037531277,0,0,-1.00050037531277,0.00536666666666667,"GPR88"
"FCGR3B",0,0,0,0,-1.00050037531277,-1.00050037531277,0.00535897435897436,"FCGR3B"
"EYA2",1.00050037531277,0,0,0,1.00050037531277,1.41562990079754,0.00528947368421053,"EYA2"
"HOXB2",0,0,-1.00050037531277,0,1.00050037531277,0,0.00528733031674208,"HOXB2"
"MET",0,0,0,0,1.00050037531277,1.00050037531277,0.00517777777777778,"MET"
"RSPO2",0,0,0,0,0,0,0.00508333333333333,"RSPO2"
"COL6A2",1.26592420885458,0,-1.00050037531277,0,0,1.00050037531277,0.00508235294117647,"COL6A2"
"PIRT",0,1.00050037531277,1.00050037531277,0,0,1.41497907952979,0.00506666666666667,"PIRT"
"CNTN2",1.00050037531277,0,0,0,-1.00050037531277,0,0.00504,"CNTN2"
"IGHA2",0,0,1.00050037531277,-1.00050037531277,0,0.0775872476658839,0.00493333333333333,"IGHA2"
"CAMK2A",1.00050037531277,0,0,1.00050037531277,0,1.41449648996668,0.00492,"CAMK2A"
"PCSK1",0,1.00050037531277,0,0,-1.00050037531277,0.692304662275335,0.00483333333333334,"PCSK1"
"SERPINF1",0,0,0,0,0,0,0.00475935828877005,"SERPINF1"
"SAPCD2",0,0,0,1.00050037531277,0,1.00050037531277,0.00451589743589743,"SAPCD2"
"MIR9.3HG",0,0,0,0,0,0,0.0045,"MIR9-3HG"
"USP9Y",1.00050037531277,1.00050037531277,0,0,0,1.00050037531277,0.0045,"USP9Y"
"PPL",0,0,0,0,0,0,0.00446666666666667,"PPL"
"IRX2",-1.00050037531277,0,0,0,-1.00050037531277,-1.35350904985678,0.00444444444444444,"IRX2"
"SFRP1",0,0,0,1.00050037531277,0,1.00050037531277,0.00444027370478983,"SFRP1"
"DPP10",0.372129967503382,1.00050037531277,0,0,0,0.540292834752666,0.00433333333333333,"DPP10"
"PCDH7",0,0,0,0,0,0,0.00428413547237077,"PCDH7"
"IER3",0,0,0,0,1.00050037531277,1.00050037531277,0.0042156862745098,"IER3"
"IGLC1",1.00050037531277,0,-1.00050037531277,0,1.00050037531277,1.00050037531277,0.0042,"IGLC1"
"BMP5",0,0,-1.00050037531277,1.00050037531277,0,1.00050037531277,0.0042,"BMP5"
"SLC39A12",1.00050037531277,0,0,0,0,1.00050037531277,0.00416666666666667,"SLC39A12"
"KCNQ5",0,0,-1.00050037531277,-1.00050037531277,0,-1.41073022424679,0.00394285714285714,"KCNQ5"
"ANGPT1",0,1.00050037531277,0,0,0,1.00050037531277,0.00389634551495017,"ANGPT1"
"CXCL1",0,0,-1.00050037531277,0,-1.00050037531277,-1.00050037531277,0.00386666666666667,"CXCL1"
"HPR",0,0,0,0,0,0,0.00386666666666667,"HPR"
"GLI2",0,0,1.00050037531277,0,0,1.00050037531277,0.0038575,"GLI2"
"LOC100509445",0,0,0.163345059207043,0,-1.00050037531277,0.0300828554919642,0.00378666666666667,"LOC100509445"
"CNPY1",0,0,0,0,0,0,0.00378571428571429,"CNPY1"
"CNTN3",0,0,0,0,0,0,0.00378378378378378,"CNTN3"
"TTC9B",1.00050037531277,0,0,0,0,1.00050037531277,0.00375,"TTC9B"
"DLX1",0,1.00050037531277,0,0,0,1.00050037531277,0.00373333333333333,"DLX1"
"SHD",1.40980462219091,0,0,0,0,1.41534629268074,0.00367532467532468,"SHD"
"CTSZ",0,0,0,0,1.00050037531277,1.00050037531277,0.00366666666666667,"CTSZ"
"LOC101060391",0,0,1.00050037531277,0,1.00050037531277,1.00050037531277,0.00335384615384615,"LOC101060391"
"DKK2",0,0,0,0,0,0,0.00333333333333333,"DKK2"
"LGR5",0,0,-1.00050037531277,0,0,-1.00050037531277,0.00333333333333333,"LGR5"
"ELAVL4",0,0,-1.00050037531277,0,0,-1.00050037531277,0.00327272727272727,"ELAVL4"
"VIPR2",1.00050037531277,1.00050037531277,0,0,0,1.00050037531277,0.00326666666666667,"VIPR2"
"RAB33A",1.00050037531277,0,-1.00050037531277,0,0,1.00050037531277,0.00316666666666667,"RAB33A"
"SLC1A6",0,0,0,0,0,0,0.00316666666666667,"SLC1A6"
"IGLON5",0,0,-1.00050037531277,0,0,-1.00050037531277,0.00314285714285714,"IGLON5"
"RGS4",0,0,0,0,-1.00050037531277,-1.00050037531277,0.00313333333333333,"RGS4"
"C2orf82",-1.00050037531277,1.00050037531277,0,0,0,0,0.003,"C2orf82"
"NTS",0,0,0,0,0,0,0.003,"NTS"
"DDIT4L",0,0,0,0,1.00050037531277,1.00050037531277,0.00285714285714286,"DDIT4L"
"OLFML1",0,0,0,0,1.00050037531277,1.00050037531277,0.00285714285714286,"OLFML1"
"CRB1",0,0,-1.00050037531277,0,1.00050037531277,-1.00050037531277,0.00277777777777778,"CRB1"
"COL6A3",0,0,0,0,0,0,0.0025,"COL6A3"
"CSMD1",0,0,1.00050037531277,0,-1.00050037531277,1.00050037531277,0.0025,"CSMD1"
"PROM1",0,1.00050037531277,0,0,0,1.00050037531277,0.00195238095238095,"PROM1"
"PRKCB",0,0,-1.00050037531277,-1.00050037531277,0,-1.00050037531277,0.00193939393939394,"PRKCB"
"BCL11A",0,0,0,0,0,0,0.0019375,"BCL11A"
"BRINP2",0,0,0,1.00050037531277,0,1.00050037531277,0.00189473684210526,"BRINP2"
"NDP",0,0,0,0,0,0,0.00184615384615385,"NDP"
"DAO",0,0,1.00050037531277,0,0,1.00050037531277,0.0016,"DAO"
"EMX2",0,0,0,0,0,0,0.0015,"EMX2"
"THRB",0,0,0,0,-1.00050037531277,-1.00050037531277,0.00133333333333333,"THRB"
"CD163",0,0,0,0,0,0,0.001,"CD163"
"EPPK1",1.00050037531277,0,0,0,0,1.00050037531277,0.001,"EPPK1"
"SLITRK4",0,0,0,0,0,0,0.001,"SLITRK4"
"SLC47A2",0,0,0,0,0,0,0.000931034482758619,"SLC47A2"
"FAM198A",0,0,0,0,0,0,0,"FAM198A"
"GSTT2",0,0,0,0,0,0,0,"GSTT2"
"LNX1",0,0,0,0,0,0,0,"LNX1"
"LRRTM2",0,0,0,0,0,0,0,"LRRTM2"
"NHLH2",0,0,0,0,0,0,0,"NHLH2"
"PTGS2",0,0,0,0,0,0,0,"PTGS2"
"S100A8",0,0,0,0,0,0,0,"S100A8"
"SLC1A1",0,0,0,0,0,0,0,"SLC1A1"
"WDR72",0,0,0,0,0,0,0,"WDR72"
