"FeatureName","Class","Coefficient","GeneSymbol"
"EFCAB1","EPN",0.373781793942279,"EFCAB1"
"TTYH1","MED",-0.255111148099529,"TTYH1"
"COL8A1","PA",0.25180222958196,"COL8A1"
"GJB6","Normal",0.221565678977505,"GJB6"
"COL20A1","PA",0.21444269477469,"COL20A1"
"SOX2.OT","GBM",0.210397942772276,"SOX2-OT"
"EGR4","Normal",0.197404984468012,"EGR4"
"TNFRSF11B","EPN",0.194283280832398,"TNFRSF11B"
"EBF3","MED",0.181161593432751,"EBF3"
"TNFAIP6","GBM",0.180324566003245,"TNFAIP6"
"ONECUT2","MED",0.165949266627262,"ONECUT2"
"BARHL1","MED",0.155731393135947,"BARHL1"
"SEL1L2","GBM",0.145401320711701,"SEL1L2"
"LINC01296","GBM",0.144306101140455,"LINC01296"
"FOXG1","GBM",0.142011243328946,"FOXG1"
"MELK","GBM",0.136716806260915,"MELK"
"PLA2G2A","PA",0.130952804032086,"PLA2G2A"
"PVALB","Normal",0.127446353787559,"PVALB"
"RSPH9","EPN",0.0957867745442236,"RSPH9"
"RNF128","PA",0.09231648652616,"RNF128"
"COL15A1","PA",0.0863463836734339,"COL15A1"
"CCL3L3","Normal",-0.0777915333161192,"CCL3L3"
"USP9Y","GBM",-0.0750487801471722,"USP9Y"
"CDC20","PA",-0.0691925944267386,"CDC20"
"KIF14","GBM",0.0685910051853284,"KIF14"
"UNC5C","GBM",-0.0596065790244497,"UNC5C"
"LOC645321","GBM",0.0559878889092744,"LOC645321"
"INS.IGF2","GBM",-0.0533081373122557,"INS-IGF2"
"CA12","GBM",0.0532633955987432,"CA12"
"NRSN1","EPN",-0.046255756064047,"NRSN1"
"CAB39L","GBM",-0.0384018749635661,"CAB39L"
"NACC2","MED",-0.0373714697939911,"NACC2"
"SST","Normal",0.0355158914866233,"SST"
"UNC5D","EPN",-0.032196873362383,"UNC5D"
"INS.IGF2","EPN",0.0292507775042634,"INS-IGF2"
"LINC00673","GBM",0.0279405972126372,"LINC00673"
"SV2C","GBM",-0.027504411324573,"SV2C"
"SLIT2","GBM",-0.0261510478754475,"SLIT2"
"GDF10","GBM",-0.0210170356918884,"GDF10"
"CA14","GBM",0.0193621707884383,"CA14"
"CCL3L3","PA",0.0160634163968545,"CCL3L3"
"ADCYAP1","GBM",-0.0142391527691515,"ADCYAP1"
"CACNA1G","GBM",-0.0136498360015599,"CACNA1G"
"INSM2","MED",0.0122708785490467,"INSM2"
"IL13RA2","GBM",0.0113424692793771,"IL13RA2"
"LPAR3","EPN",0.0108520466593611,"LPAR3"
"SOX2.OT","MED",-0.00970610991302214,"SOX2-OT"
"EPHA5","PA",0.00628331927140961,"EPHA5"
"GFRA1","PA",0.00251931435675127,"GFRA1"
"PTX3","GBM",0.00250489090651844,"PTX3"
"SHISA9","PA",0.000784355586850508,"SHISA9"
"ABI3BP","GBM",0,"ABI3BP"
"ABI3BP","Normal",0,"ABI3BP"
"ABI3BP","EPN",0,"ABI3BP"
"ABI3BP","MED",0,"ABI3BP"
"ABI3BP","PA",0,"ABI3BP"
"ACSBG1","Normal",0,"ACSBG1"
"ACSBG1","GBM",0,"ACSBG1"
"ACSBG1","MED",0,"ACSBG1"
"ACSBG1","EPN",0,"ACSBG1"
"ACSBG1","PA",0,"ACSBG1"
"ACTL6B","Normal",0,"ACTL6B"
"ACTL6B","EPN",0,"ACTL6B"
"ACTL6B","MED",0,"ACTL6B"
"ACTL6B","PA",0,"ACTL6B"
"ACTL6B","GBM",0,"ACTL6B"
"ADAM12","Normal",0,"ADAM12"
"ADAM12","PA",0,"ADAM12"
"ADAM12","MED",0,"ADAM12"
"ADAM12","GBM",0,"ADAM12"
"ADAM12","EPN",0,"ADAM12"
"ADAMTS16","Normal",0,"ADAMTS16"
"ADAMTS16","EPN",0,"ADAMTS16"
"ADAMTS16","MED",0,"ADAMTS16"
"ADAMTS16","PA",0,"ADAMTS16"
"ADAMTS16","GBM",0,"ADAMTS16"
"ADAMTS18","EPN",0,"ADAMTS18"
"ADAMTS18","MED",0,"ADAMTS18"
"ADAMTS18","Normal",0,"ADAMTS18"
"ADAMTS18","GBM",0,"ADAMTS18"
"ADAMTS18","PA",0,"ADAMTS18"
"ADAMTS3","MED",0,"ADAMTS3"
"ADAMTS3","EPN",0,"ADAMTS3"
"ADAMTS3","Normal",0,"ADAMTS3"
"ADAMTS3","GBM",0,"ADAMTS3"
"ADAMTS3","PA",0,"ADAMTS3"
"ADAMTSL4","GBM",0,"ADAMTSL4"
"ADAMTSL4","MED",0,"ADAMTSL4"
"ADAMTSL4","EPN",0,"ADAMTSL4"
"ADAMTSL4","PA",0,"ADAMTSL4"
"ADAMTSL4","Normal",0,"ADAMTSL4"
"ADCY1","GBM",0,"ADCY1"
"ADCY1","Normal",0,"ADCY1"
"ADCY1","PA",0,"ADCY1"
"ADCY1","MED",0,"ADCY1"
"ADCY1","EPN",0,"ADCY1"
"ADCY2","GBM",0,"ADCY2"
"ADCY2","Normal",0,"ADCY2"
"ADCY2","EPN",0,"ADCY2"
"ADCY2","PA",0,"ADCY2"
"ADCY2","MED",0,"ADCY2"
"ADCYAP1","Normal",0,"ADCYAP1"
"ADCYAP1","EPN",0,"ADCYAP1"
"ADCYAP1","PA",0,"ADCYAP1"
"ADCYAP1","MED",0,"ADCYAP1"
"ADCYAP1R1","GBM",0,"ADCYAP1R1"
"ADCYAP1R1","Normal",0,"ADCYAP1R1"
"ADCYAP1R1","PA",0,"ADCYAP1R1"
"ADCYAP1R1","MED",0,"ADCYAP1R1"
"ADCYAP1R1","EPN",0,"ADCYAP1R1"
"ADGRB3","Normal",0,"ADGRB3"
"ADGRB3","MED",0,"ADGRB3"
"ADGRB3","EPN",0,"ADGRB3"
"ADGRB3","GBM",0,"ADGRB3"
"ADGRB3","PA",0,"ADGRB3"
"ADGRG2","Normal",0,"ADGRG2"
"ADGRG2","GBM",0,"ADGRG2"
"ADGRG2","PA",0,"ADGRG2"
"ADGRG2","MED",0,"ADGRG2"
"ADGRG2","EPN",0,"ADGRG2"
"ADIRF","MED",0,"ADIRF"
"ADIRF","GBM",0,"ADIRF"
"ADIRF","Normal",0,"ADIRF"
"ADIRF","PA",0,"ADIRF"
"ADIRF","EPN",0,"ADIRF"
"ADM","GBM",0,"ADM"
"ADM","EPN",0,"ADM"
"ADM","MED",0,"ADM"
"ADM","Normal",0,"ADM"
"ADM","PA",0,"ADM"
"ADORA2B","Normal",0,"ADORA2B"
"ADORA2B","GBM",0,"ADORA2B"
"ADORA2B","PA",0,"ADORA2B"
"ADORA2B","MED",0,"ADORA2B"
"ADORA2B","EPN",0,"ADORA2B"
"ADRB1","MED",0,"ADRB1"
"ADRB1","Normal",0,"ADRB1"
"ADRB1","GBM",0,"ADRB1"
"ADRB1","PA",0,"ADRB1"
"ADRB1","EPN",0,"ADRB1"
"AHNAK2","GBM",0,"AHNAK2"
"AHNAK2","MED",0,"AHNAK2"
"AHNAK2","EPN",0,"AHNAK2"
"AHNAK2","Normal",0,"AHNAK2"
"AHNAK2","PA",0,"AHNAK2"
"AIFM3","GBM",0,"AIFM3"
"AIFM3","Normal",0,"AIFM3"
"AIFM3","PA",0,"AIFM3"
"AIFM3","EPN",0,"AIFM3"
"AIFM3","MED",0,"AIFM3"
"AIM1","MED",0,"AIM1"
"AIM1","Normal",0,"AIM1"
"AIM1","PA",0,"AIM1"
"AIM1","EPN",0,"AIM1"
"AIM1","GBM",0,"AIM1"
"AK5","Normal",0,"AK5"
"AK5","EPN",0,"AK5"
"AK5","GBM",0,"AK5"
"AK5","MED",0,"AK5"
"AK5","PA",0,"AK5"
"AK7","MED",0,"AK7"
"AK7","PA",0,"AK7"
"AK7","GBM",0,"AK7"
"AK7","Normal",0,"AK7"
"AK7","EPN",0,"AK7"
"AKAP14","Normal",0,"AKAP14"
"AKAP14","EPN",0,"AKAP14"
"AKAP14","MED",0,"AKAP14"
"AKAP14","PA",0,"AKAP14"
"AKAP14","GBM",0,"AKAP14"
"AKR1C1","MED",0,"AKR1C1"
"AKR1C1","PA",0,"AKR1C1"
"AKR1C1","GBM",0,"AKR1C1"
"AKR1C1","Normal",0,"AKR1C1"
"AKR1C1","EPN",0,"AKR1C1"
"AKR1C3","MED",0,"AKR1C3"
"AKR1C3","GBM",0,"AKR1C3"
"AKR1C3","EPN",0,"AKR1C3"
"AKR1C3","Normal",0,"AKR1C3"
"AKR1C3","PA",0,"AKR1C3"
"ALDH1A1","Normal",0,"ALDH1A1"
"ALDH1A1","MED",0,"ALDH1A1"
"ALDH1A1","EPN",0,"ALDH1A1"
"ALDH1A1","GBM",0,"ALDH1A1"
"ALDH1A1","PA",0,"ALDH1A1"
"ALDH1A3","MED",0,"ALDH1A3"
"ALDH1A3","PA",0,"ALDH1A3"
"ALDH1A3","GBM",0,"ALDH1A3"
"ALDH1A3","Normal",0,"ALDH1A3"
"ALDH1A3","EPN",0,"ALDH1A3"
"ALDH1L1","PA",0,"ALDH1L1"
"ALDH1L1","MED",0,"ALDH1L1"
"ALDH1L1","GBM",0,"ALDH1L1"
"ALDH1L1","Normal",0,"ALDH1L1"
"ALDH1L1","EPN",0,"ALDH1L1"
"ALOX5AP","MED",0,"ALOX5AP"
"ALOX5AP","PA",0,"ALOX5AP"
"ALOX5AP","GBM",0,"ALOX5AP"
"ALOX5AP","EPN",0,"ALOX5AP"
"ALOX5AP","Normal",0,"ALOX5AP"
"AMPH","Normal",0,"AMPH"
"AMPH","GBM",0,"AMPH"
"AMPH","PA",0,"AMPH"
"AMPH","EPN",0,"AMPH"
"AMPH","MED",0,"AMPH"
"ANGPT1","MED",0,"ANGPT1"
"ANGPT1","Normal",0,"ANGPT1"
"ANGPT1","EPN",0,"ANGPT1"
"ANGPT1","PA",0,"ANGPT1"
"ANGPT1","GBM",0,"ANGPT1"
"ANGPTL1","MED",0,"ANGPTL1"
"ANGPTL1","GBM",0,"ANGPTL1"
"ANGPTL1","PA",0,"ANGPTL1"
"ANGPTL1","EPN",0,"ANGPTL1"
"ANGPTL1","Normal",0,"ANGPTL1"
"ANK3","EPN",0,"ANK3"
"ANK3","Normal",0,"ANK3"
"ANK3","MED",0,"ANK3"
"ANK3","PA",0,"ANK3"
"ANK3","GBM",0,"ANK3"
"ANXA1","MED",0,"ANXA1"
"ANXA1","Normal",0,"ANXA1"
"ANXA1","PA",0,"ANXA1"
"ANXA1","GBM",0,"ANXA1"
"ANXA1","EPN",0,"ANXA1"
"AP3B2","MED",0,"AP3B2"
"AP3B2","PA",0,"AP3B2"
"AP3B2","Normal",0,"AP3B2"
"AP3B2","GBM",0,"AP3B2"
"AP3B2","EPN",0,"AP3B2"
"APLNR","MED",0,"APLNR"
"APLNR","Normal",0,"APLNR"
"APLNR","GBM",0,"APLNR"
"APLNR","PA",0,"APLNR"
"APLNR","EPN",0,"APLNR"
"APOD","PA",0,"APOD"
"APOD","Normal",0,"APOD"
"APOD","MED",0,"APOD"
"APOD","EPN",0,"APOD"
"APOD","GBM",0,"APOD"
"AQP1","MED",0,"AQP1"
"AQP1","GBM",0,"AQP1"
"AQP1","EPN",0,"AQP1"
"AQP1","Normal",0,"AQP1"
"AQP1","PA",0,"AQP1"
"AQP4","Normal",0,"AQP4"
"AQP4","EPN",0,"AQP4"
"AQP4","MED",0,"AQP4"
"AQP4","PA",0,"AQP4"
"AQP4","GBM",0,"AQP4"
"AQP4.AS1","PA",0,"AQP4-AS1"
"AQP4.AS1","Normal",0,"AQP4-AS1"
"AQP4.AS1","MED",0,"AQP4-AS1"
"AQP4.AS1","EPN",0,"AQP4-AS1"
"AQP4.AS1","GBM",0,"AQP4-AS1"
"AR","EPN",0,"AR"
"AR","GBM",0,"AR"
"AR","Normal",0,"AR"
"AR","MED",0,"AR"
"AR","PA",0,"AR"
"ARAP2","MED",0,"ARAP2"
"ARAP2","Normal",0,"ARAP2"
"ARAP2","PA",0,"ARAP2"
"ARAP2","EPN",0,"ARAP2"
"ARAP2","GBM",0,"ARAP2"
"ARHGAP36","MED",0,"ARHGAP36"
"ARHGAP36","PA",0,"ARHGAP36"
"ARHGAP36","GBM",0,"ARHGAP36"
"ARHGAP36","EPN",0,"ARHGAP36"
"ARHGAP36","Normal",0,"ARHGAP36"
"ARMC3","MED",0,"ARMC3"
"ARMC3","GBM",0,"ARMC3"
"ARMC3","PA",0,"ARMC3"
"ARMC3","EPN",0,"ARMC3"
"ARMC3","Normal",0,"ARMC3"
"ARMC4","Normal",0,"ARMC4"
"ARMC4","MED",0,"ARMC4"
"ARMC4","EPN",0,"ARMC4"
"ARMC4","PA",0,"ARMC4"
"ARMC4","GBM",0,"ARMC4"
"ARX","Normal",0,"ARX"
"ARX","PA",0,"ARX"
"ARX","MED",0,"ARX"
"ARX","EPN",0,"ARX"
"ARX","GBM",0,"ARX"
"ASCL1","MED",0,"ASCL1"
"ASCL1","PA",0,"ASCL1"
"ASCL1","Normal",0,"ASCL1"
"ASCL1","GBM",0,"ASCL1"
"ASCL1","EPN",0,"ASCL1"
"ASPA","Normal",0,"ASPA"
"ASPA","GBM",0,"ASPA"
"ASPA","MED",0,"ASPA"
"ASPA","EPN",0,"ASPA"
"ASPA","PA",0,"ASPA"
"ASPHD1","Normal",0,"ASPHD1"
"ASPHD1","MED",0,"ASPHD1"
"ASPHD1","PA",0,"ASPHD1"
"ASPHD1","EPN",0,"ASPHD1"
"ASPHD1","GBM",0,"ASPHD1"
"ASPM","Normal",0,"ASPM"
"ASPM","MED",0,"ASPM"
"ASPM","GBM",0,"ASPM"
"ASPM","EPN",0,"ASPM"
"ASPM","PA",0,"ASPM"
"ASS1","EPN",0,"ASS1"
"ASS1","GBM",0,"ASS1"
"ASS1","PA",0,"ASS1"
"ASS1","Normal",0,"ASS1"
"ASS1","MED",0,"ASS1"
"ASXL3","EPN",0,"ASXL3"
"ASXL3","MED",0,"ASXL3"
"ASXL3","Normal",0,"ASXL3"
"ASXL3","GBM",0,"ASXL3"
"ASXL3","PA",0,"ASXL3"
"ATCAY","Normal",0,"ATCAY"
"ATCAY","GBM",0,"ATCAY"
"ATCAY","MED",0,"ATCAY"
"ATCAY","PA",0,"ATCAY"
"ATCAY","EPN",0,"ATCAY"
"ATP10B","EPN",0,"ATP10B"
"ATP10B","GBM",0,"ATP10B"
"ATP10B","MED",0,"ATP10B"
"ATP10B","Normal",0,"ATP10B"
"ATP10B","PA",0,"ATP10B"
"ATP8A2","MED",0,"ATP8A2"
"ATP8A2","GBM",0,"ATP8A2"
"ATP8A2","EPN",0,"ATP8A2"
"ATP8A2","Normal",0,"ATP8A2"
"ATP8A2","PA",0,"ATP8A2"
"ATRNL1","MED",0,"ATRNL1"
"ATRNL1","Normal",0,"ATRNL1"
"ATRNL1","EPN",0,"ATRNL1"
"ATRNL1","PA",0,"ATRNL1"
"ATRNL1","GBM",0,"ATRNL1"
"B3GALT2","GBM",0,"B3GALT2"
"B3GALT2","MED",0,"B3GALT2"
"B3GALT2","Normal",0,"B3GALT2"
"B3GALT2","EPN",0,"B3GALT2"
"B3GALT2","PA",0,"B3GALT2"
"B3GAT1","GBM",0,"B3GAT1"
"B3GAT1","EPN",0,"B3GAT1"
"B3GAT1","Normal",0,"B3GAT1"
"B3GAT1","MED",0,"B3GAT1"
"B3GAT1","PA",0,"B3GAT1"
"B3GAT2","Normal",0,"B3GAT2"
"B3GAT2","GBM",0,"B3GAT2"
"B3GAT2","MED",0,"B3GAT2"
"B3GAT2","EPN",0,"B3GAT2"
"B3GAT2","PA",0,"B3GAT2"
"BAIAP3","MED",0,"BAIAP3"
"BAIAP3","PA",0,"BAIAP3"
"BAIAP3","Normal",0,"BAIAP3"
"BAIAP3","GBM",0,"BAIAP3"
"BAIAP3","EPN",0,"BAIAP3"
"BAMBI","GBM",0,"BAMBI"
"BAMBI","Normal",0,"BAMBI"
"BAMBI","EPN",0,"BAMBI"
"BAMBI","MED",0,"BAMBI"
"BAMBI","PA",0,"BAMBI"
"BARHL1","GBM",0,"BARHL1"
"BARHL1","Normal",0,"BARHL1"
"BARHL1","EPN",0,"BARHL1"
"BARHL1","PA",0,"BARHL1"
"BBOX1","GBM",0,"BBOX1"
"BBOX1","EPN",0,"BBOX1"
"BBOX1","Normal",0,"BBOX1"
"BBOX1","MED",0,"BBOX1"
"BBOX1","PA",0,"BBOX1"
"BCAN","MED",0,"BCAN"
"BCAN","EPN",0,"BCAN"
"BCAN","Normal",0,"BCAN"
"BCAN","GBM",0,"BCAN"
"BCAN","PA",0,"BCAN"
"BCAS1","Normal",0,"BCAS1"
"BCAS1","PA",0,"BCAS1"
"BCAS1","EPN",0,"BCAS1"
"BCAS1","GBM",0,"BCAS1"
"BCAS1","MED",0,"BCAS1"
"BCHE","MED",0,"BCHE"
"BCHE","Normal",0,"BCHE"
"BCHE","PA",0,"BCHE"
"BCHE","EPN",0,"BCHE"
"BCHE","GBM",0,"BCHE"
"BCL11A","EPN",0,"BCL11A"
"BCL11A","GBM",0,"BCL11A"
"BCL11A","MED",0,"BCL11A"
"BCL11A","Normal",0,"BCL11A"
"BCL11A","PA",0,"BCL11A"
"BEX5","Normal",0,"BEX5"
"BEX5","MED",0,"BEX5"
"BEX5","EPN",0,"BEX5"
"BEX5","PA",0,"BEX5"
"BEX5","GBM",0,"BEX5"
"BHLHE22","GBM",0,"BHLHE22"
"BHLHE22","Normal",0,"BHLHE22"
"BHLHE22","PA",0,"BHLHE22"
"BHLHE22","MED",0,"BHLHE22"
"BHLHE22","EPN",0,"BHLHE22"
"BIRC5","MED",0,"BIRC5"
"BIRC5","PA",0,"BIRC5"
"BIRC5","EPN",0,"BIRC5"
"BIRC5","GBM",0,"BIRC5"
"BIRC5","Normal",0,"BIRC5"
"BLACAT1","PA",0,"BLACAT1"
"BLACAT1","MED",0,"BLACAT1"
"BLACAT1","Normal",0,"BLACAT1"
"BLACAT1","GBM",0,"BLACAT1"
"BLACAT1","EPN",0,"BLACAT1"
"BMP5","GBM",0,"BMP5"
"BMP5","Normal",0,"BMP5"
"BMP5","EPN",0,"BMP5"
"BMP5","PA",0,"BMP5"
"BMP5","MED",0,"BMP5"
"BMPR1B","GBM",0,"BMPR1B"
"BMPR1B","MED",0,"BMPR1B"
"BMPR1B","Normal",0,"BMPR1B"
"BMPR1B","PA",0,"BMPR1B"
"BMPR1B","EPN",0,"BMPR1B"
"BOC","Normal",0,"BOC"
"BOC","EPN",0,"BOC"
"BOC","PA",0,"BOC"
"BOC","GBM",0,"BOC"
"BOC","MED",0,"BOC"
"BRINP1","MED",0,"BRINP1"
"BRINP1","GBM",0,"BRINP1"
"BRINP1","Normal",0,"BRINP1"
"BRINP1","PA",0,"BRINP1"
"BRINP1","EPN",0,"BRINP1"
"BRINP2","MED",0,"BRINP2"
"BRINP2","Normal",0,"BRINP2"
"BRINP2","GBM",0,"BRINP2"
"BRINP2","PA",0,"BRINP2"
"BRINP2","EPN",0,"BRINP2"
"BRINP3","MED",0,"BRINP3"
"BRINP3","Normal",0,"BRINP3"
"BRINP3","GBM",0,"BRINP3"
"BRINP3","PA",0,"BRINP3"
"BRINP3","EPN",0,"BRINP3"
"BTBD11","GBM",0,"BTBD11"
"BTBD11","MED",0,"BTBD11"
"BTBD11","Normal",0,"BTBD11"
"BTBD11","PA",0,"BTBD11"
"BTBD11","EPN",0,"BTBD11"
"BUB1","MED",0,"BUB1"
"BUB1","GBM",0,"BUB1"
"BUB1","PA",0,"BUB1"
"BUB1","Normal",0,"BUB1"
"BUB1","EPN",0,"BUB1"
"BUB1B","MED",0,"BUB1B"
"BUB1B","PA",0,"BUB1B"
"BUB1B","GBM",0,"BUB1B"
"BUB1B","EPN",0,"BUB1B"
"BUB1B","Normal",0,"BUB1B"
"C11orf63","PA",0,"C11orf63"
"C11orf63","MED",0,"C11orf63"
"C11orf63","Normal",0,"C11orf63"
"C11orf63","EPN",0,"C11orf63"
"C11orf63","GBM",0,"C11orf63"
"C11orf70","MED",0,"C11orf70"
"C11orf70","PA",0,"C11orf70"
"C11orf70","Normal",0,"C11orf70"
"C11orf70","GBM",0,"C11orf70"
"C11orf70","EPN",0,"C11orf70"
"C11orf87","EPN",0,"C11orf87"
"C11orf87","MED",0,"C11orf87"
"C11orf87","Normal",0,"C11orf87"
"C11orf87","GBM",0,"C11orf87"
"C11orf87","PA",0,"C11orf87"
"C11orf88","MED",0,"C11orf88"
"C11orf88","GBM",0,"C11orf88"
"C11orf88","Normal",0,"C11orf88"
"C11orf88","PA",0,"C11orf88"
"C11orf88","EPN",0,"C11orf88"
"C16orf89","GBM",0,"C16orf89"
"C16orf89","MED",0,"C16orf89"
"C16orf89","PA",0,"C16orf89"
"C16orf89","Normal",0,"C16orf89"
"C16orf89","EPN",0,"C16orf89"
"C1orf106","Normal",0,"C1orf106"
"C1orf106","GBM",0,"C1orf106"
"C1orf106","MED",0,"C1orf106"
"C1orf106","PA",0,"C1orf106"
"C1orf106","EPN",0,"C1orf106"
"C1orf158","MED",0,"C1orf158"
"C1orf158","PA",0,"C1orf158"
"C1orf158","EPN",0,"C1orf158"
"C1orf158","GBM",0,"C1orf158"
"C1orf158","Normal",0,"C1orf158"
"C1orf194","Normal",0,"C1orf194"
"C1orf194","PA",0,"C1orf194"
"C1orf194","GBM",0,"C1orf194"
"C1orf194","EPN",0,"C1orf194"
"C1orf194","MED",0,"C1orf194"
"C21orf62","Normal",0,"C21orf62"
"C21orf62","MED",0,"C21orf62"
"C21orf62","GBM",0,"C21orf62"
"C21orf62","EPN",0,"C21orf62"
"C21orf62","PA",0,"C21orf62"
"C2orf40","MED",0,"C2orf40"
"C2orf40","PA",0,"C2orf40"
"C2orf40","EPN",0,"C2orf40"
"C2orf40","GBM",0,"C2orf40"
"C2orf40","Normal",0,"C2orf40"
"C2orf80","PA",0,"C2orf80"
"C2orf80","Normal",0,"C2orf80"
"C2orf80","EPN",0,"C2orf80"
"C2orf80","GBM",0,"C2orf80"
"C2orf80","MED",0,"C2orf80"
"C2orf82","MED",0,"C2orf82"
"C2orf82","Normal",0,"C2orf82"
"C2orf82","EPN",0,"C2orf82"
"C2orf82","PA",0,"C2orf82"
"C2orf82","GBM",0,"C2orf82"
"C2orf88","GBM",0,"C2orf88"
"C2orf88","Normal",0,"C2orf88"
"C2orf88","MED",0,"C2orf88"
"C2orf88","PA",0,"C2orf88"
"C2orf88","EPN",0,"C2orf88"
"C3","MED",0,"C3"
"C3","Normal",0,"C3"
"C3","GBM",0,"C3"
"C3","PA",0,"C3"
"C3","EPN",0,"C3"
"C4B_2","EPN",0,"C4B_2"
"C4B_2","GBM",0,"C4B_2"
"C4B_2","PA",0,"C4B_2"
"C4B_2","Normal",0,"C4B_2"
"C4B_2","MED",0,"C4B_2"
"C4orf47","GBM",0,"C4orf47"
"C4orf47","Normal",0,"C4orf47"
"C4orf47","MED",0,"C4orf47"
"C4orf47","PA",0,"C4orf47"
"C4orf47","EPN",0,"C4orf47"
"C5orf49","EPN",0,"C5orf49"
"C5orf49","GBM",0,"C5orf49"
"C5orf49","Normal",0,"C5orf49"
"C5orf49","MED",0,"C5orf49"
"C5orf49","PA",0,"C5orf49"
"C6orf118","MED",0,"C6orf118"
"C6orf118","Normal",0,"C6orf118"
"C6orf118","GBM",0,"C6orf118"
"C6orf118","PA",0,"C6orf118"
"C6orf118","EPN",0,"C6orf118"
"C7orf57","MED",0,"C7orf57"
"C7orf57","Normal",0,"C7orf57"
"C7orf57","GBM",0,"C7orf57"
"C7orf57","PA",0,"C7orf57"
"C7orf57","EPN",0,"C7orf57"
"C8orf34","GBM",0,"C8orf34"
"C8orf34","Normal",0,"C8orf34"
"C8orf34","EPN",0,"C8orf34"
"C8orf34","MED",0,"C8orf34"
"C8orf34","PA",0,"C8orf34"
"C8orf46","Normal",0,"C8orf46"
"C8orf46","MED",0,"C8orf46"
"C8orf46","PA",0,"C8orf46"
"C8orf46","EPN",0,"C8orf46"
"C8orf46","GBM",0,"C8orf46"
"C9orf135","Normal",0,"C9orf135"
"C9orf135","PA",0,"C9orf135"
"C9orf135","MED",0,"C9orf135"
"C9orf135","GBM",0,"C9orf135"
"C9orf135","EPN",0,"C9orf135"
"C9orf24","MED",0,"C9orf24"
"C9orf24","PA",0,"C9orf24"
"C9orf24","GBM",0,"C9orf24"
"C9orf24","Normal",0,"C9orf24"
"C9orf24","EPN",0,"C9orf24"
"CA10","MED",0,"CA10"
"CA10","EPN",0,"CA10"
"CA10","Normal",0,"CA10"
"CA10","GBM",0,"CA10"
"CA10","PA",0,"CA10"
"CA12","MED",0,"CA12"
"CA12","Normal",0,"CA12"
"CA12","PA",0,"CA12"
"CA12","EPN",0,"CA12"
"CA14","Normal",0,"CA14"
"CA14","MED",0,"CA14"
"CA14","PA",0,"CA14"
"CA14","EPN",0,"CA14"
"CA3","EPN",0,"CA3"
"CA3","Normal",0,"CA3"
"CA3","MED",0,"CA3"
"CA3","GBM",0,"CA3"
"CA3","PA",0,"CA3"
"CA4","Normal",0,"CA4"
"CA4","GBM",0,"CA4"
"CA4","EPN",0,"CA4"
"CA4","PA",0,"CA4"
"CA4","MED",0,"CA4"
"CAB39L","Normal",0,"CAB39L"
"CAB39L","MED",0,"CAB39L"
"CAB39L","EPN",0,"CAB39L"
"CAB39L","PA",0,"CAB39L"
"CABP7","MED",0,"CABP7"
"CABP7","EPN",0,"CABP7"
"CABP7","Normal",0,"CABP7"
"CABP7","PA",0,"CABP7"
"CABP7","GBM",0,"CABP7"
"CACNA1B","MED",0,"CACNA1B"
"CACNA1B","GBM",0,"CACNA1B"
"CACNA1B","PA",0,"CACNA1B"
"CACNA1B","EPN",0,"CACNA1B"
"CACNA1B","Normal",0,"CACNA1B"
"CACNA1E","PA",0,"CACNA1E"
"CACNA1E","MED",0,"CACNA1E"
"CACNA1E","Normal",0,"CACNA1E"
"CACNA1E","GBM",0,"CACNA1E"
"CACNA1E","EPN",0,"CACNA1E"
"CACNA1G","MED",0,"CACNA1G"
"CACNA1G","Normal",0,"CACNA1G"
"CACNA1G","PA",0,"CACNA1G"
"CACNA1G","EPN",0,"CACNA1G"
"CACNB2","MED",0,"CACNB2"
"CACNB2","GBM",0,"CACNB2"
"CACNB2","PA",0,"CACNB2"
"CACNB2","Normal",0,"CACNB2"
"CACNB2","EPN",0,"CACNB2"
"CACNG2","Normal",0,"CACNG2"
"CACNG2","EPN",0,"CACNG2"
"CACNG2","GBM",0,"CACNG2"
"CACNG2","PA",0,"CACNG2"
"CACNG2","MED",0,"CACNG2"
"CADM2","GBM",0,"CADM2"
"CADM2","Normal",0,"CADM2"
"CADM2","MED",0,"CADM2"
"CADM2","EPN",0,"CADM2"
"CADM2","PA",0,"CADM2"
"CADPS","Normal",0,"CADPS"
"CADPS","EPN",0,"CADPS"
"CADPS","PA",0,"CADPS"
"CADPS","MED",0,"CADPS"
"CADPS","GBM",0,"CADPS"
"CADPS2","MED",0,"CADPS2"
"CADPS2","GBM",0,"CADPS2"
"CADPS2","PA",0,"CADPS2"
"CADPS2","EPN",0,"CADPS2"
"CADPS2","Normal",0,"CADPS2"
"CALB1","GBM",0,"CALB1"
"CALB1","MED",0,"CALB1"
"CALB1","PA",0,"CALB1"
"CALB1","Normal",0,"CALB1"
"CALB1","EPN",0,"CALB1"
"CALN1","PA",0,"CALN1"
"CALN1","GBM",0,"CALN1"
"CALN1","MED",0,"CALN1"
"CALN1","EPN",0,"CALN1"
"CALN1","Normal",0,"CALN1"
"CALY","Normal",0,"CALY"
"CALY","PA",0,"CALY"
"CALY","EPN",0,"CALY"
"CALY","GBM",0,"CALY"
"CALY","MED",0,"CALY"
"CAMK2A","MED",0,"CAMK2A"
"CAMK2A","PA",0,"CAMK2A"
"CAMK2A","EPN",0,"CAMK2A"
"CAMK2A","Normal",0,"CAMK2A"
"CAMK2A","GBM",0,"CAMK2A"
"CAMK4","MED",0,"CAMK4"
"CAMK4","EPN",0,"CAMK4"
"CAMK4","GBM",0,"CAMK4"
"CAMK4","Normal",0,"CAMK4"
"CAMK4","PA",0,"CAMK4"
"CAMKV","MED",0,"CAMKV"
"CAMKV","PA",0,"CAMKV"
"CAMKV","GBM",0,"CAMKV"
"CAMKV","Normal",0,"CAMKV"
"CAMKV","EPN",0,"CAMKV"
"CAPS","PA",0,"CAPS"
"CAPS","MED",0,"CAPS"
"CAPS","EPN",0,"CAPS"
"CAPS","GBM",0,"CAPS"
"CAPS","Normal",0,"CAPS"
"CAPSL","MED",0,"CAPSL"
"CAPSL","GBM",0,"CAPSL"
"CAPSL","PA",0,"CAPSL"
"CAPSL","EPN",0,"CAPSL"
"CAPSL","Normal",0,"CAPSL"
"CASC1","Normal",0,"CASC1"
"CASC1","MED",0,"CASC1"
"CASC1","EPN",0,"CASC1"
"CASC1","PA",0,"CASC1"
"CASC1","GBM",0,"CASC1"
"CBLN1","Normal",0,"CBLN1"
"CBLN1","GBM",0,"CBLN1"
"CBLN1","MED",0,"CBLN1"
"CBLN1","EPN",0,"CBLN1"
"CBLN1","PA",0,"CBLN1"
"CBLN2","MED",0,"CBLN2"
"CBLN2","GBM",0,"CBLN2"
"CBLN2","Normal",0,"CBLN2"
"CBLN2","EPN",0,"CBLN2"
"CBLN2","PA",0,"CBLN2"
"CBX2","MED",0,"CBX2"
"CBX2","GBM",0,"CBX2"
"CBX2","Normal",0,"CBX2"
"CBX2","PA",0,"CBX2"
"CBX2","EPN",0,"CBX2"
"CCDC114","Normal",0,"CCDC114"
"CCDC114","PA",0,"CCDC114"
"CCDC114","MED",0,"CCDC114"
"CCDC114","EPN",0,"CCDC114"
"CCDC114","GBM",0,"CCDC114"
"CCDC146","MED",0,"CCDC146"
"CCDC146","GBM",0,"CCDC146"
"CCDC146","PA",0,"CCDC146"
"CCDC146","Normal",0,"CCDC146"
"CCDC146","EPN",0,"CCDC146"
"CCDC170","PA",0,"CCDC170"
"CCDC170","MED",0,"CCDC170"
"CCDC170","EPN",0,"CCDC170"
"CCDC170","Normal",0,"CCDC170"
"CCDC170","GBM",0,"CCDC170"
"CCDC40","MED",0,"CCDC40"
"CCDC40","GBM",0,"CCDC40"
"CCDC40","Normal",0,"CCDC40"
"CCDC40","PA",0,"CCDC40"
"CCDC40","EPN",0,"CCDC40"
"CCDC81","Normal",0,"CCDC81"
"CCDC81","GBM",0,"CCDC81"
"CCDC81","PA",0,"CCDC81"
"CCDC81","EPN",0,"CCDC81"
"CCDC81","MED",0,"CCDC81"
"CCDC85A","Normal",0,"CCDC85A"
"CCDC85A","MED",0,"CCDC85A"
"CCDC85A","EPN",0,"CCDC85A"
"CCDC85A","PA",0,"CCDC85A"
"CCDC85A","GBM",0,"CCDC85A"
"CCDC88C","MED",0,"CCDC88C"
"CCDC88C","PA",0,"CCDC88C"
"CCDC88C","EPN",0,"CCDC88C"
"CCDC88C","Normal",0,"CCDC88C"
"CCDC88C","GBM",0,"CCDC88C"
"CCDC96","Normal",0,"CCDC96"
"CCDC96","EPN",0,"CCDC96"
"CCDC96","MED",0,"CCDC96"
"CCDC96","PA",0,"CCDC96"
"CCDC96","GBM",0,"CCDC96"
"CCK","GBM",0,"CCK"
"CCK","Normal",0,"CCK"
"CCK","MED",0,"CCK"
"CCK","PA",0,"CCK"
"CCK","EPN",0,"CCK"
"CCL2","MED",0,"CCL2"
"CCL2","EPN",0,"CCL2"
"CCL2","Normal",0,"CCL2"
"CCL2","GBM",0,"CCL2"
"CCL2","PA",0,"CCL2"
"CCL20","EPN",0,"CCL20"
"CCL20","MED",0,"CCL20"
"CCL20","Normal",0,"CCL20"
"CCL20","PA",0,"CCL20"
"CCL20","GBM",0,"CCL20"
"CCL3L3","MED",0,"CCL3L3"
"CCL3L3","EPN",0,"CCL3L3"
"CCL3L3","GBM",0,"CCL3L3"
"CCNA1","MED",0,"CCNA1"
"CCNA1","Normal",0,"CCNA1"
"CCNA1","EPN",0,"CCNA1"
"CCNA1","GBM",0,"CCNA1"
"CCNA1","PA",0,"CCNA1"
"CCNB2","GBM",0,"CCNB2"
"CCNB2","Normal",0,"CCNB2"
"CCNB2","MED",0,"CCNB2"
"CCNB2","EPN",0,"CCNB2"
"CCNB2","PA",0,"CCNB2"
"CD109","MED",0,"CD109"
"CD109","PA",0,"CD109"
"CD109","GBM",0,"CD109"
"CD109","EPN",0,"CD109"
"CD109","Normal",0,"CD109"
"CD163","MED",0,"CD163"
"CD163","GBM",0,"CD163"
"CD163","Normal",0,"CD163"
"CD163","EPN",0,"CD163"
"CD163","PA",0,"CD163"
"CD24","MED",0,"CD24"
"CD24","PA",0,"CD24"
"CD24","Normal",0,"CD24"
"CD24","GBM",0,"CD24"
"CD24","EPN",0,"CD24"
"CD36","PA",0,"CD36"
"CD36","MED",0,"CD36"
"CD36","Normal",0,"CD36"
"CD36","EPN",0,"CD36"
"CD36","GBM",0,"CD36"
"CDC20","Normal",0,"CDC20"
"CDC20","EPN",0,"CDC20"
"CDC20","MED",0,"CDC20"
"CDC20","GBM",0,"CDC20"
"CDCA7","PA",0,"CDCA7"
"CDCA7","GBM",0,"CDCA7"
"CDCA7","MED",0,"CDCA7"
"CDCA7","Normal",0,"CDCA7"
"CDCA7","EPN",0,"CDCA7"
"CDH18","MED",0,"CDH18"
"CDH18","GBM",0,"CDH18"
"CDH18","PA",0,"CDH18"
"CDH18","EPN",0,"CDH18"
"CDH18","Normal",0,"CDH18"
"CDH19","GBM",0,"CDH19"
"CDH19","MED",0,"CDH19"
"CDH19","EPN",0,"CDH19"
"CDH19","Normal",0,"CDH19"
"CDH19","PA",0,"CDH19"
"CDHR1","GBM",0,"CDHR1"
"CDHR1","Normal",0,"CDHR1"
"CDHR1","EPN",0,"CDHR1"
"CDHR1","MED",0,"CDHR1"
"CDHR1","PA",0,"CDHR1"
"CDK6","PA",0,"CDK6"
"CDK6","GBM",0,"CDK6"
"CDK6","MED",0,"CDK6"
"CDK6","EPN",0,"CDK6"
"CDK6","Normal",0,"CDK6"
"CDKN2B","GBM",0,"CDKN2B"
"CDKN2B","MED",0,"CDKN2B"
"CDKN2B","Normal",0,"CDKN2B"
"CDKN2B","EPN",0,"CDKN2B"
"CDKN2B","PA",0,"CDKN2B"
"CDS1","Normal",0,"CDS1"
"CDS1","EPN",0,"CDS1"
"CDS1","PA",0,"CDS1"
"CDS1","GBM",0,"CDS1"
"CDS1","MED",0,"CDS1"
"CELF3","MED",0,"CELF3"
"CELF3","EPN",0,"CELF3"
"CELF3","PA",0,"CELF3"
"CELF3","GBM",0,"CELF3"
"CELF3","Normal",0,"CELF3"
"CELF4","EPN",0,"CELF4"
"CELF4","MED",0,"CELF4"
"CELF4","Normal",0,"CELF4"
"CELF4","GBM",0,"CELF4"
"CELF4","PA",0,"CELF4"
"CELF5","MED",0,"CELF5"
"CELF5","PA",0,"CELF5"
"CELF5","EPN",0,"CELF5"
"CELF5","Normal",0,"CELF5"
"CELF5","GBM",0,"CELF5"
"CELSR1","MED",0,"CELSR1"
"CELSR1","PA",0,"CELSR1"
"CELSR1","GBM",0,"CELSR1"
"CELSR1","Normal",0,"CELSR1"
"CELSR1","EPN",0,"CELSR1"
"CELSR3","MED",0,"CELSR3"
"CELSR3","EPN",0,"CELSR3"
"CELSR3","Normal",0,"CELSR3"
"CELSR3","PA",0,"CELSR3"
"CELSR3","GBM",0,"CELSR3"
"CENPF","Normal",0,"CENPF"
"CENPF","GBM",0,"CENPF"
"CENPF","PA",0,"CENPF"
"CENPF","MED",0,"CENPF"
"CENPF","EPN",0,"CENPF"
"CENPU","EPN",0,"CENPU"
"CENPU","GBM",0,"CENPU"
"CENPU","MED",0,"CENPU"
"CENPU","PA",0,"CENPU"
"CENPU","Normal",0,"CENPU"
"CFAP126","MED",0,"CFAP126"
"CFAP126","PA",0,"CFAP126"
"CFAP126","EPN",0,"CFAP126"
"CFAP126","GBM",0,"CFAP126"
"CFAP126","Normal",0,"CFAP126"
"CFAP206","EPN",0,"CFAP206"
"CFAP206","PA",0,"CFAP206"
"CFAP206","MED",0,"CFAP206"
"CFAP206","GBM",0,"CFAP206"
"CFAP206","Normal",0,"CFAP206"
"CFAP43","MED",0,"CFAP43"
"CFAP43","PA",0,"CFAP43"
"CFAP43","GBM",0,"CFAP43"
"CFAP43","EPN",0,"CFAP43"
"CFAP43","Normal",0,"CFAP43"
"CFAP45","GBM",0,"CFAP45"
"CFAP45","Normal",0,"CFAP45"
"CFAP45","MED",0,"CFAP45"
"CFAP45","PA",0,"CFAP45"
"CFAP45","EPN",0,"CFAP45"
"CFAP52","GBM",0,"CFAP52"
"CFAP52","MED",0,"CFAP52"
"CFAP52","Normal",0,"CFAP52"
"CFAP52","PA",0,"CFAP52"
"CFAP52","EPN",0,"CFAP52"
"CFAP70","Normal",0,"CFAP70"
"CFAP70","GBM",0,"CFAP70"
"CFAP70","EPN",0,"CFAP70"
"CFAP70","PA",0,"CFAP70"
"CFAP70","MED",0,"CFAP70"
"CFB","GBM",0,"CFB"
"CFB","MED",0,"CFB"
"CFB","Normal",0,"CFB"
"CFB","EPN",0,"CFB"
"CFB","PA",0,"CFB"
"CFI","GBM",0,"CFI"
"CFI","PA",0,"CFI"
"CFI","Normal",0,"CFI"
"CFI","EPN",0,"CFI"
"CFI","MED",0,"CFI"
"CH25H","PA",0,"CH25H"
"CH25H","MED",0,"CH25H"
"CH25H","EPN",0,"CH25H"
"CH25H","Normal",0,"CH25H"
"CH25H","GBM",0,"CH25H"
"CHD5","MED",0,"CHD5"
"CHD5","PA",0,"CHD5"
"CHD5","GBM",0,"CHD5"
"CHD5","EPN",0,"CHD5"
"CHD5","Normal",0,"CHD5"
"CHGA","EPN",0,"CHGA"
"CHGA","Normal",0,"CHGA"
"CHGA","MED",0,"CHGA"
"CHGA","GBM",0,"CHGA"
"CHGA","PA",0,"CHGA"
"CHGB","MED",0,"CHGB"
"CHGB","GBM",0,"CHGB"
"CHGB","Normal",0,"CHGB"
"CHGB","PA",0,"CHGB"
"CHGB","EPN",0,"CHGB"
"CHI3L1","MED",0,"CHI3L1"
"CHI3L1","GBM",0,"CHI3L1"
"CHI3L1","Normal",0,"CHI3L1"
"CHI3L1","PA",0,"CHI3L1"
"CHI3L1","EPN",0,"CHI3L1"
"CHI3L2","MED",0,"CHI3L2"
"CHI3L2","Normal",0,"CHI3L2"
"CHI3L2","PA",0,"CHI3L2"
"CHI3L2","GBM",0,"CHI3L2"
"CHI3L2","EPN",0,"CHI3L2"
"CHN2","Normal",0,"CHN2"
"CHN2","MED",0,"CHN2"
"CHN2","PA",0,"CHN2"
"CHN2","EPN",0,"CHN2"
"CHN2","GBM",0,"CHN2"
"CHODL","EPN",0,"CHODL"
"CHODL","MED",0,"CHODL"
"CHODL","Normal",0,"CHODL"
"CHODL","PA",0,"CHODL"
"CHODL","GBM",0,"CHODL"
"CHRDL1","Normal",0,"CHRDL1"
"CHRDL1","EPN",0,"CHRDL1"
"CHRDL1","GBM",0,"CHRDL1"
"CHRDL1","MED",0,"CHRDL1"
"CHRDL1","PA",0,"CHRDL1"
"CHRM3","MED",0,"CHRM3"
"CHRM3","Normal",0,"CHRM3"
"CHRM3","PA",0,"CHRM3"
"CHRM3","GBM",0,"CHRM3"
"CHRM3","EPN",0,"CHRM3"
"CHST9","GBM",0,"CHST9"
"CHST9","MED",0,"CHST9"
"CHST9","Normal",0,"CHST9"
"CHST9","PA",0,"CHST9"
"CHST9","EPN",0,"CHST9"
"CITED1","MED",0,"CITED1"
"CITED1","Normal",0,"CITED1"
"CITED1","GBM",0,"CITED1"
"CITED1","PA",0,"CITED1"
"CITED1","EPN",0,"CITED1"
"CKMT1A","Normal",0,"CKMT1A"
"CKMT1A","PA",0,"CKMT1A"
"CKMT1A","MED",0,"CKMT1A"
"CKMT1A","GBM",0,"CKMT1A"
"CKMT1A","EPN",0,"CKMT1A"
"CLDN10","MED",0,"CLDN10"
"CLDN10","GBM",0,"CLDN10"
"CLDN10","EPN",0,"CLDN10"
"CLDN10","Normal",0,"CLDN10"
"CLDN10","PA",0,"CLDN10"
"CLIC6","MED",0,"CLIC6"
"CLIC6","GBM",0,"CLIC6"
"CLIC6","Normal",0,"CLIC6"
"CLIC6","EPN",0,"CLIC6"
"CLIC6","PA",0,"CLIC6"
"CMTM5","MED",0,"CMTM5"
"CMTM5","GBM",0,"CMTM5"
"CMTM5","PA",0,"CMTM5"
"CMTM5","Normal",0,"CMTM5"
"CMTM5","EPN",0,"CMTM5"
"CNDP1","PA",0,"CNDP1"
"CNDP1","MED",0,"CNDP1"
"CNDP1","GBM",0,"CNDP1"
"CNDP1","Normal",0,"CNDP1"
"CNDP1","EPN",0,"CNDP1"
"CNPY1","GBM",0,"CNPY1"
"CNPY1","MED",0,"CNPY1"
"CNPY1","Normal",0,"CNPY1"
"CNPY1","EPN",0,"CNPY1"
"CNPY1","PA",0,"CNPY1"
"CNR1","MED",0,"CNR1"
"CNR1","EPN",0,"CNR1"
"CNR1","GBM",0,"CNR1"
"CNR1","Normal",0,"CNR1"
"CNR1","PA",0,"CNR1"
"CNTN1","Normal",0,"CNTN1"
"CNTN1","GBM",0,"CNTN1"
"CNTN1","MED",0,"CNTN1"
"CNTN1","PA",0,"CNTN1"
"CNTN1","EPN",0,"CNTN1"
"CNTN2","Normal",0,"CNTN2"
"CNTN2","MED",0,"CNTN2"
"CNTN2","GBM",0,"CNTN2"
"CNTN2","EPN",0,"CNTN2"
"CNTN2","PA",0,"CNTN2"
"CNTN3","Normal",0,"CNTN3"
"CNTN3","MED",0,"CNTN3"
"CNTN3","EPN",0,"CNTN3"
"CNTN3","PA",0,"CNTN3"
"CNTN3","GBM",0,"CNTN3"
"CNTN4","PA",0,"CNTN4"
"CNTN4","GBM",0,"CNTN4"
"CNTN4","MED",0,"CNTN4"
"CNTN4","Normal",0,"CNTN4"
"CNTN4","EPN",0,"CNTN4"
"CNTNAP5","MED",0,"CNTNAP5"
"CNTNAP5","GBM",0,"CNTNAP5"
"CNTNAP5","EPN",0,"CNTNAP5"
"CNTNAP5","Normal",0,"CNTNAP5"
"CNTNAP5","PA",0,"CNTNAP5"
"COBL","EPN",0,"COBL"
"COBL","Normal",0,"COBL"
"COBL","MED",0,"COBL"
"COBL","PA",0,"COBL"
"COBL","GBM",0,"COBL"
"COL11A1","MED",0,"COL11A1"
"COL11A1","GBM",0,"COL11A1"
"COL11A1","Normal",0,"COL11A1"
"COL11A1","PA",0,"COL11A1"
"COL11A1","EPN",0,"COL11A1"
"COL15A1","MED",0,"COL15A1"
"COL15A1","GBM",0,"COL15A1"
"COL15A1","Normal",0,"COL15A1"
"COL15A1","EPN",0,"COL15A1"
"COL20A1","EPN",0,"COL20A1"
"COL20A1","Normal",0,"COL20A1"
"COL20A1","MED",0,"COL20A1"
"COL20A1","GBM",0,"COL20A1"
"COL28A1","MED",0,"COL28A1"
"COL28A1","Normal",0,"COL28A1"
"COL28A1","EPN",0,"COL28A1"
"COL28A1","PA",0,"COL28A1"
"COL28A1","GBM",0,"COL28A1"
"COL2A1","Normal",0,"COL2A1"
"COL2A1","GBM",0,"COL2A1"
"COL2A1","MED",0,"COL2A1"
"COL2A1","EPN",0,"COL2A1"
"COL2A1","PA",0,"COL2A1"
"COL4A5","PA",0,"COL4A5"
"COL4A5","MED",0,"COL4A5"
"COL4A5","Normal",0,"COL4A5"
"COL4A5","GBM",0,"COL4A5"
"COL4A5","EPN",0,"COL4A5"
"COL4A6","Normal",0,"COL4A6"
"COL4A6","GBM",0,"COL4A6"
"COL4A6","MED",0,"COL4A6"
"COL4A6","EPN",0,"COL4A6"
"COL4A6","PA",0,"COL4A6"
"COL6A2","GBM",0,"COL6A2"
"COL6A2","PA",0,"COL6A2"
"COL6A2","MED",0,"COL6A2"
"COL6A2","Normal",0,"COL6A2"
"COL6A2","EPN",0,"COL6A2"
"COL6A3","GBM",0,"COL6A3"
"COL6A3","Normal",0,"COL6A3"
"COL6A3","PA",0,"COL6A3"
"COL6A3","EPN",0,"COL6A3"
"COL6A3","MED",0,"COL6A3"
"COL8A1","Normal",0,"COL8A1"
"COL8A1","MED",0,"COL8A1"
"COL8A1","GBM",0,"COL8A1"
"COL8A1","EPN",0,"COL8A1"
"COL9A1","Normal",0,"COL9A1"
"COL9A1","GBM",0,"COL9A1"
"COL9A1","MED",0,"COL9A1"
"COL9A1","EPN",0,"COL9A1"
"COL9A1","PA",0,"COL9A1"
"COL9A2","Normal",0,"COL9A2"
"COL9A2","PA",0,"COL9A2"
"COL9A2","GBM",0,"COL9A2"
"COL9A2","MED",0,"COL9A2"
"COL9A2","EPN",0,"COL9A2"
"COL9A3","Normal",0,"COL9A3"
"COL9A3","GBM",0,"COL9A3"
"COL9A3","MED",0,"COL9A3"
"COL9A3","EPN",0,"COL9A3"
"COL9A3","PA",0,"COL9A3"
"COPG2IT1","EPN",0,"COPG2IT1"
"COPG2IT1","Normal",0,"COPG2IT1"
"COPG2IT1","MED",0,"COPG2IT1"
"COPG2IT1","PA",0,"COPG2IT1"
"COPG2IT1","GBM",0,"COPG2IT1"
"CP","MED",0,"CP"
"CP","GBM",0,"CP"
"CP","PA",0,"CP"
"CP","Normal",0,"CP"
"CP","EPN",0,"CP"
"CPAMD8","MED",0,"CPAMD8"
"CPAMD8","GBM",0,"CPAMD8"
"CPAMD8","Normal",0,"CPAMD8"
"CPAMD8","PA",0,"CPAMD8"
"CPAMD8","EPN",0,"CPAMD8"
"CPLX1","GBM",0,"CPLX1"
"CPLX1","EPN",0,"CPLX1"
"CPLX1","Normal",0,"CPLX1"
"CPLX1","MED",0,"CPLX1"
"CPLX1","PA",0,"CPLX1"
"CPLX2","Normal",0,"CPLX2"
"CPLX2","EPN",0,"CPLX2"
"CPLX2","GBM",0,"CPLX2"
"CPLX2","PA",0,"CPLX2"
"CPLX2","MED",0,"CPLX2"
"CPNE4","PA",0,"CPNE4"
"CPNE4","GBM",0,"CPNE4"
"CPNE4","EPN",0,"CPNE4"
"CPNE4","Normal",0,"CPNE4"
"CPNE4","MED",0,"CPNE4"
"CPNE5","PA",0,"CPNE5"
"CPNE5","GBM",0,"CPNE5"
"CPNE5","MED",0,"CPNE5"
"CPNE5","EPN",0,"CPNE5"
"CPNE5","Normal",0,"CPNE5"
"CPNE6","Normal",0,"CPNE6"
"CPNE6","PA",0,"CPNE6"
"CPNE6","EPN",0,"CPNE6"
"CPNE6","GBM",0,"CPNE6"
"CPNE6","MED",0,"CPNE6"
"CPXM1","EPN",0,"CPXM1"
"CPXM1","GBM",0,"CPXM1"
"CPXM1","Normal",0,"CPXM1"
"CPXM1","MED",0,"CPXM1"
"CPXM1","PA",0,"CPXM1"
"CRABP1","EPN",0,"CRABP1"
"CRABP1","MED",0,"CRABP1"
"CRABP1","Normal",0,"CRABP1"
"CRABP1","PA",0,"CRABP1"
"CRABP1","GBM",0,"CRABP1"
"CRB1","Normal",0,"CRB1"
"CRB1","MED",0,"CRB1"
"CRB1","EPN",0,"CRB1"
"CRB1","PA",0,"CRB1"
"CRB1","GBM",0,"CRB1"
"CRH","GBM",0,"CRH"
"CRH","MED",0,"CRH"
"CRH","Normal",0,"CRH"
"CRH","PA",0,"CRH"
"CRH","EPN",0,"CRH"
"CRLF1","Normal",0,"CRLF1"
"CRLF1","PA",0,"CRLF1"
"CRLF1","EPN",0,"CRLF1"
"CRLF1","MED",0,"CRLF1"
"CRLF1","GBM",0,"CRLF1"
"CRNDE","GBM",0,"CRNDE"
"CRNDE","MED",0,"CRNDE"
"CRNDE","PA",0,"CRNDE"
"CRNDE","EPN",0,"CRNDE"
"CRNDE","Normal",0,"CRNDE"
"CRYM","Normal",0,"CRYM"
"CRYM","MED",0,"CRYM"
"CRYM","PA",0,"CRYM"
"CRYM","EPN",0,"CRYM"
"CRYM","GBM",0,"CRYM"
"CSMD1","GBM",0,"CSMD1"
"CSMD1","EPN",0,"CSMD1"
"CSMD1","Normal",0,"CSMD1"
"CSMD1","MED",0,"CSMD1"
"CSMD1","PA",0,"CSMD1"
"CSMD3","EPN",0,"CSMD3"
"CSMD3","MED",0,"CSMD3"
"CSMD3","PA",0,"CSMD3"
"CSMD3","Normal",0,"CSMD3"
"CSMD3","GBM",0,"CSMD3"
"CSPG4","MED",0,"CSPG4"
"CSPG4","PA",0,"CSPG4"
"CSPG4","Normal",0,"CSPG4"
"CSPG4","EPN",0,"CSPG4"
"CSPG4","GBM",0,"CSPG4"
"CTHRC1","MED",0,"CTHRC1"
"CTHRC1","PA",0,"CTHRC1"
"CTHRC1","Normal",0,"CTHRC1"
"CTHRC1","GBM",0,"CTHRC1"
"CTHRC1","EPN",0,"CTHRC1"
"CTSZ","Normal",0,"CTSZ"
"CTSZ","MED",0,"CTSZ"
"CTSZ","EPN",0,"CTSZ"
"CTSZ","PA",0,"CTSZ"
"CTSZ","GBM",0,"CTSZ"
"CUX2","MED",0,"CUX2"
"CUX2","PA",0,"CUX2"
"CUX2","GBM",0,"CUX2"
"CUX2","Normal",0,"CUX2"
"CUX2","EPN",0,"CUX2"
"CX3CR1","Normal",0,"CX3CR1"
"CX3CR1","MED",0,"CX3CR1"
"CX3CR1","PA",0,"CX3CR1"
"CX3CR1","GBM",0,"CX3CR1"
"CX3CR1","EPN",0,"CX3CR1"
"CXCL1","MED",0,"CXCL1"
"CXCL1","Normal",0,"CXCL1"
"CXCL1","GBM",0,"CXCL1"
"CXCL1","PA",0,"CXCL1"
"CXCL1","EPN",0,"CXCL1"
"CXCL12","GBM",0,"CXCL12"
"CXCL12","MED",0,"CXCL12"
"CXCL12","Normal",0,"CXCL12"
"CXCL12","EPN",0,"CXCL12"
"CXCL12","PA",0,"CXCL12"
"CXCL14","GBM",0,"CXCL14"
"CXCL14","PA",0,"CXCL14"
"CXCL14","MED",0,"CXCL14"
"CXCL14","EPN",0,"CXCL14"
"CXCL14","Normal",0,"CXCL14"
"CXCL2","EPN",0,"CXCL2"
"CXCL2","Normal",0,"CXCL2"
"CXCL2","MED",0,"CXCL2"
"CXCL2","GBM",0,"CXCL2"
"CXCL2","PA",0,"CXCL2"
"CXCL3","MED",0,"CXCL3"
"CXCL3","EPN",0,"CXCL3"
"CXCL3","GBM",0,"CXCL3"
"CXCL3","Normal",0,"CXCL3"
"CXCL3","PA",0,"CXCL3"
"CXCL5","GBM",0,"CXCL5"
"CXCL5","PA",0,"CXCL5"
"CXCL5","Normal",0,"CXCL5"
"CXCL5","EPN",0,"CXCL5"
"CXCL5","MED",0,"CXCL5"
"CXCL6","EPN",0,"CXCL6"
"CXCL6","Normal",0,"CXCL6"
"CXCL6","MED",0,"CXCL6"
"CXCL6","PA",0,"CXCL6"
"CXCL6","GBM",0,"CXCL6"
"CXCL8","Normal",0,"CXCL8"
"CXCL8","MED",0,"CXCL8"
"CXCL8","GBM",0,"CXCL8"
"CXCL8","PA",0,"CXCL8"
"CXCL8","EPN",0,"CXCL8"
"CXorf57","Normal",0,"CXorf57"
"CXorf57","EPN",0,"CXorf57"
"CXorf57","MED",0,"CXorf57"
"CXorf57","GBM",0,"CXorf57"
"CXorf57","PA",0,"CXorf57"
"CYP1B1","PA",0,"CYP1B1"
"CYP1B1","GBM",0,"CYP1B1"
"CYP1B1","Normal",0,"CYP1B1"
"CYP1B1","EPN",0,"CYP1B1"
"CYP1B1","MED",0,"CYP1B1"
"CYP2J2","MED",0,"CYP2J2"
"CYP2J2","Normal",0,"CYP2J2"
"CYP2J2","EPN",0,"CYP2J2"
"CYP2J2","PA",0,"CYP2J2"
"CYP2J2","GBM",0,"CYP2J2"
"CYP39A1","MED",0,"CYP39A1"
"CYP39A1","PA",0,"CYP39A1"
"CYP39A1","GBM",0,"CYP39A1"
"CYP39A1","Normal",0,"CYP39A1"
"CYP39A1","EPN",0,"CYP39A1"
"CYP46A1","GBM",0,"CYP46A1"
"CYP46A1","Normal",0,"CYP46A1"
"CYP46A1","PA",0,"CYP46A1"
"CYP46A1","EPN",0,"CYP46A1"
"CYP46A1","MED",0,"CYP46A1"
"DAB1","MED",0,"DAB1"
"DAB1","PA",0,"DAB1"
"DAB1","EPN",0,"DAB1"
"DAB1","GBM",0,"DAB1"
"DAB1","Normal",0,"DAB1"
"DACH1","PA",0,"DACH1"
"DACH1","Normal",0,"DACH1"
"DACH1","EPN",0,"DACH1"
"DACH1","MED",0,"DACH1"
"DACH1","GBM",0,"DACH1"
"DACT1","EPN",0,"DACT1"
"DACT1","GBM",0,"DACT1"
"DACT1","PA",0,"DACT1"
"DACT1","Normal",0,"DACT1"
"DACT1","MED",0,"DACT1"
"DAO","MED",0,"DAO"
"DAO","GBM",0,"DAO"
"DAO","Normal",0,"DAO"
"DAO","PA",0,"DAO"
"DAO","EPN",0,"DAO"
"DAW1","PA",0,"DAW1"
"DAW1","GBM",0,"DAW1"
"DAW1","Normal",0,"DAW1"
"DAW1","MED",0,"DAW1"
"DAW1","EPN",0,"DAW1"
"DCC","Normal",0,"DCC"
"DCC","MED",0,"DCC"
"DCC","PA",0,"DCC"
"DCC","EPN",0,"DCC"
"DCC","GBM",0,"DCC"
"DCDC2","Normal",0,"DCDC2"
"DCDC2","EPN",0,"DCDC2"
"DCDC2","PA",0,"DCDC2"
"DCDC2","MED",0,"DCDC2"
"DCDC2","GBM",0,"DCDC2"
"DCDC5","EPN",0,"DCDC5"
"DCDC5","Normal",0,"DCDC5"
"DCDC5","PA",0,"DCDC5"
"DCDC5","GBM",0,"DCDC5"
"DCDC5","MED",0,"DCDC5"
"DCX","GBM",0,"DCX"
"DCX","MED",0,"DCX"
"DCX","PA",0,"DCX"
"DCX","Normal",0,"DCX"
"DCX","EPN",0,"DCX"
"DDIT4L","MED",0,"DDIT4L"
"DDIT4L","GBM",0,"DDIT4L"
"DDIT4L","Normal",0,"DDIT4L"
"DDIT4L","PA",0,"DDIT4L"
"DDIT4L","EPN",0,"DDIT4L"
"DDX3Y","MED",0,"DDX3Y"
"DDX3Y","Normal",0,"DDX3Y"
"DDX3Y","GBM",0,"DDX3Y"
"DDX3Y","EPN",0,"DDX3Y"
"DDX3Y","PA",0,"DDX3Y"
"DIRAS2","Normal",0,"DIRAS2"
"DIRAS2","GBM",0,"DIRAS2"
"DIRAS2","MED",0,"DIRAS2"
"DIRAS2","PA",0,"DIRAS2"
"DIRAS2","EPN",0,"DIRAS2"
"DIRAS3","MED",0,"DIRAS3"
"DIRAS3","Normal",0,"DIRAS3"
"DIRAS3","PA",0,"DIRAS3"
"DIRAS3","EPN",0,"DIRAS3"
"DIRAS3","GBM",0,"DIRAS3"
"DKK2","GBM",0,"DKK2"
"DKK2","Normal",0,"DKK2"
"DKK2","EPN",0,"DKK2"
"DKK2","MED",0,"DKK2"
"DKK2","PA",0,"DKK2"
"DLGAP1","MED",0,"DLGAP1"
"DLGAP1","EPN",0,"DLGAP1"
"DLGAP1","GBM",0,"DLGAP1"
"DLGAP1","Normal",0,"DLGAP1"
"DLGAP1","PA",0,"DLGAP1"
"DLGAP5","MED",0,"DLGAP5"
"DLGAP5","GBM",0,"DLGAP5"
"DLGAP5","Normal",0,"DLGAP5"
"DLGAP5","PA",0,"DLGAP5"
"DLGAP5","EPN",0,"DLGAP5"
"DLK1","EPN",0,"DLK1"
"DLK1","Normal",0,"DLK1"
"DLK1","MED",0,"DLK1"
"DLK1","PA",0,"DLK1"
"DLK1","GBM",0,"DLK1"
"DLL3","PA",0,"DLL3"
"DLL3","Normal",0,"DLL3"
"DLL3","MED",0,"DLL3"
"DLL3","EPN",0,"DLL3"
"DLL3","GBM",0,"DLL3"
"DLX1","MED",0,"DLX1"
"DLX1","EPN",0,"DLX1"
"DLX1","Normal",0,"DLX1"
"DLX1","GBM",0,"DLX1"
"DLX1","PA",0,"DLX1"
"DMRT2","MED",0,"DMRT2"
"DMRT2","EPN",0,"DMRT2"
"DMRT2","Normal",0,"DMRT2"
"DMRT2","PA",0,"DMRT2"
"DMRT2","GBM",0,"DMRT2"
"DNAAF3","MED",0,"DNAAF3"
"DNAAF3","Normal",0,"DNAAF3"
"DNAAF3","GBM",0,"DNAAF3"
"DNAAF3","PA",0,"DNAAF3"
"DNAAF3","EPN",0,"DNAAF3"
"DNAH12","EPN",0,"DNAH12"
"DNAH12","GBM",0,"DNAH12"
"DNAH12","Normal",0,"DNAH12"
"DNAH12","PA",0,"DNAH12"
"DNAH12","MED",0,"DNAH12"
"DNAH5","MED",0,"DNAH5"
"DNAH5","Normal",0,"DNAH5"
"DNAH5","PA",0,"DNAH5"
"DNAH5","GBM",0,"DNAH5"
"DNAH5","EPN",0,"DNAH5"
"DNAJC6","GBM",0,"DNAJC6"
"DNAJC6","MED",0,"DNAJC6"
"DNAJC6","PA",0,"DNAJC6"
"DNAJC6","EPN",0,"DNAJC6"
"DNAJC6","Normal",0,"DNAJC6"
"DNM1","MED",0,"DNM1"
"DNM1","Normal",0,"DNM1"
"DNM1","GBM",0,"DNM1"
"DNM1","PA",0,"DNM1"
"DNM1","EPN",0,"DNM1"
"DNM3","Normal",0,"DNM3"
"DNM3","GBM",0,"DNM3"
"DNM3","PA",0,"DNM3"
"DNM3","EPN",0,"DNM3"
"DNM3","MED",0,"DNM3"
"DOK6","EPN",0,"DOK6"
"DOK6","GBM",0,"DOK6"
"DOK6","MED",0,"DOK6"
"DOK6","Normal",0,"DOK6"
"DOK6","PA",0,"DOK6"
"DPP10","Normal",0,"DPP10"
"DPP10","EPN",0,"DPP10"
"DPP10","PA",0,"DPP10"
"DPP10","GBM",0,"DPP10"
"DPP10","MED",0,"DPP10"
"DRC1","Normal",0,"DRC1"
"DRC1","MED",0,"DRC1"
"DRC1","PA",0,"DRC1"
"DRC1","GBM",0,"DRC1"
"DRC1","EPN",0,"DRC1"
"DSCAM","PA",0,"DSCAM"
"DSCAM","MED",0,"DSCAM"
"DSCAM","EPN",0,"DSCAM"
"DSCAM","Normal",0,"DSCAM"
"DSCAM","GBM",0,"DSCAM"
"DSG2","Normal",0,"DSG2"
"DSG2","MED",0,"DSG2"
"DSG2","PA",0,"DSG2"
"DSG2","GBM",0,"DSG2"
"DSG2","EPN",0,"DSG2"
"DSP","MED",0,"DSP"
"DSP","GBM",0,"DSP"
"DSP","Normal",0,"DSP"
"DSP","PA",0,"DSP"
"DSP","EPN",0,"DSP"
"DTL","Normal",0,"DTL"
"DTL","MED",0,"DTL"
"DTL","EPN",0,"DTL"
"DTL","GBM",0,"DTL"
"DTL","PA",0,"DTL"
"DUSP26","MED",0,"DUSP26"
"DUSP26","GBM",0,"DUSP26"
"DUSP26","Normal",0,"DUSP26"
"DUSP26","EPN",0,"DUSP26"
"DUSP26","PA",0,"DUSP26"
"DUSP5","MED",0,"DUSP5"
"DUSP5","GBM",0,"DUSP5"
"DUSP5","PA",0,"DUSP5"
"DUSP5","Normal",0,"DUSP5"
"DUSP5","EPN",0,"DUSP5"
"DYDC2","Normal",0,"DYDC2"
"DYDC2","EPN",0,"DYDC2"
"DYDC2","MED",0,"DYDC2"
"DYDC2","PA",0,"DYDC2"
"DYDC2","GBM",0,"DYDC2"
"DYNC1I1","MED",0,"DYNC1I1"
"DYNC1I1","EPN",0,"DYNC1I1"
"DYNC1I1","GBM",0,"DYNC1I1"
"DYNC1I1","Normal",0,"DYNC1I1"
"DYNC1I1","PA",0,"DYNC1I1"
"DYNLRB2","PA",0,"DYNLRB2"
"DYNLRB2","MED",0,"DYNLRB2"
"DYNLRB2","GBM",0,"DYNLRB2"
"DYNLRB2","Normal",0,"DYNLRB2"
"DYNLRB2","EPN",0,"DYNLRB2"
"E2F7","Normal",0,"E2F7"
"E2F7","GBM",0,"E2F7"
"E2F7","PA",0,"E2F7"
"E2F7","MED",0,"E2F7"
"E2F7","EPN",0,"E2F7"
"EBF1","MED",0,"EBF1"
"EBF1","GBM",0,"EBF1"
"EBF1","PA",0,"EBF1"
"EBF1","Normal",0,"EBF1"
"EBF1","EPN",0,"EBF1"
"EBF3","GBM",0,"EBF3"
"EBF3","PA",0,"EBF3"
"EBF3","Normal",0,"EBF3"
"EBF3","EPN",0,"EBF3"
"ECM2","Normal",0,"ECM2"
"ECM2","MED",0,"ECM2"
"ECM2","PA",0,"ECM2"
"ECM2","GBM",0,"ECM2"
"ECM2","EPN",0,"ECM2"
"EDIL3","EPN",0,"EDIL3"
"EDIL3","PA",0,"EDIL3"
"EDIL3","GBM",0,"EDIL3"
"EDIL3","Normal",0,"EDIL3"
"EDIL3","MED",0,"EDIL3"
"EEF1A2","EPN",0,"EEF1A2"
"EEF1A2","MED",0,"EEF1A2"
"EEF1A2","PA",0,"EEF1A2"
"EEF1A2","GBM",0,"EEF1A2"
"EEF1A2","Normal",0,"EEF1A2"
"EFCAB1","MED",0,"EFCAB1"
"EFCAB1","GBM",0,"EFCAB1"
"EFCAB1","PA",0,"EFCAB1"
"EFCAB1","Normal",0,"EFCAB1"
"EFEMP1","Normal",0,"EFEMP1"
"EFEMP1","MED",0,"EFEMP1"
"EFEMP1","EPN",0,"EFEMP1"
"EFEMP1","GBM",0,"EFEMP1"
"EFEMP1","PA",0,"EFEMP1"
"EFHC2","MED",0,"EFHC2"
"EFHC2","PA",0,"EFHC2"
"EFHC2","Normal",0,"EFHC2"
"EFHC2","GBM",0,"EFHC2"
"EFHC2","EPN",0,"EFHC2"
"EFHD1","EPN",0,"EFHD1"
"EFHD1","GBM",0,"EFHD1"
"EFHD1","MED",0,"EFHD1"
"EFHD1","PA",0,"EFHD1"
"EFHD1","Normal",0,"EFHD1"
"EFNA2","MED",0,"EFNA2"
"EFNA2","EPN",0,"EFNA2"
"EFNA2","PA",0,"EFNA2"
"EFNA2","GBM",0,"EFNA2"
"EFNA2","Normal",0,"EFNA2"
"EFNA5","MED",0,"EFNA5"
"EFNA5","EPN",0,"EFNA5"
"EFNA5","GBM",0,"EFNA5"
"EFNA5","Normal",0,"EFNA5"
"EFNA5","PA",0,"EFNA5"
"EGFR","MED",0,"EGFR"
"EGFR","Normal",0,"EGFR"
"EGFR","PA",0,"EGFR"
"EGFR","GBM",0,"EGFR"
"EGFR","EPN",0,"EGFR"
"EGR4","MED",0,"EGR4"
"EGR4","EPN",0,"EGR4"
"EGR4","GBM",0,"EGR4"
"EGR4","PA",0,"EGR4"
"EHF","PA",0,"EHF"
"EHF","MED",0,"EHF"
"EHF","EPN",0,"EHF"
"EHF","GBM",0,"EHF"
"EHF","Normal",0,"EHF"
"EIF1AY","MED",0,"EIF1AY"
"EIF1AY","PA",0,"EIF1AY"
"EIF1AY","Normal",0,"EIF1AY"
"EIF1AY","GBM",0,"EIF1AY"
"EIF1AY","EPN",0,"EIF1AY"
"ELAVL2","PA",0,"ELAVL2"
"ELAVL2","Normal",0,"ELAVL2"
"ELAVL2","MED",0,"ELAVL2"
"ELAVL2","EPN",0,"ELAVL2"
"ELAVL2","GBM",0,"ELAVL2"
"ELAVL3","EPN",0,"ELAVL3"
"ELAVL3","Normal",0,"ELAVL3"
"ELAVL3","MED",0,"ELAVL3"
"ELAVL3","GBM",0,"ELAVL3"
"ELAVL3","PA",0,"ELAVL3"
"ELAVL4","PA",0,"ELAVL4"
"ELAVL4","GBM",0,"ELAVL4"
"ELAVL4","Normal",0,"ELAVL4"
"ELAVL4","MED",0,"ELAVL4"
"ELAVL4","EPN",0,"ELAVL4"
"ELFN2","MED",0,"ELFN2"
"ELFN2","Normal",0,"ELFN2"
"ELFN2","PA",0,"ELFN2"
"ELFN2","EPN",0,"ELFN2"
"ELFN2","GBM",0,"ELFN2"
"ELN","Normal",0,"ELN"
"ELN","EPN",0,"ELN"
"ELN","MED",0,"ELN"
"ELN","GBM",0,"ELN"
"ELN","PA",0,"ELN"
"EMILIN2","MED",0,"EMILIN2"
"EMILIN2","PA",0,"EMILIN2"
"EMILIN2","Normal",0,"EMILIN2"
"EMILIN2","GBM",0,"EMILIN2"
"EMILIN2","EPN",0,"EMILIN2"
"EMX2","PA",0,"EMX2"
"EMX2","GBM",0,"EMX2"
"EMX2","EPN",0,"EMX2"
"EMX2","Normal",0,"EMX2"
"EMX2","MED",0,"EMX2"
"EN1","GBM",0,"EN1"
"EN1","Normal",0,"EN1"
"EN1","MED",0,"EN1"
"EN1","EPN",0,"EN1"
"EN1","PA",0,"EN1"
"EN2","EPN",0,"EN2"
"EN2","MED",0,"EN2"
"EN2","Normal",0,"EN2"
"EN2","GBM",0,"EN2"
"EN2","PA",0,"EN2"
"ENKUR","GBM",0,"ENKUR"
"ENKUR","Normal",0,"ENKUR"
"ENKUR","EPN",0,"ENKUR"
"ENKUR","PA",0,"ENKUR"
"ENKUR","MED",0,"ENKUR"
"ENPP5","MED",0,"ENPP5"
"ENPP5","Normal",0,"ENPP5"
"ENPP5","GBM",0,"ENPP5"
"ENPP5","PA",0,"ENPP5"
"ENPP5","EPN",0,"ENPP5"
"EOMES","MED",0,"EOMES"
"EOMES","PA",0,"EOMES"
"EOMES","Normal",0,"EOMES"
"EOMES","GBM",0,"EOMES"
"EOMES","EPN",0,"EOMES"
"EPHA3","Normal",0,"EPHA3"
"EPHA3","PA",0,"EPHA3"
"EPHA3","MED",0,"EPHA3"
"EPHA3","GBM",0,"EPHA3"
"EPHA3","EPN",0,"EPHA3"
"EPHA5","MED",0,"EPHA5"
"EPHA5","EPN",0,"EPHA5"
"EPHA5","GBM",0,"EPHA5"
"EPHA5","Normal",0,"EPHA5"
"EPHA7","PA",0,"EPHA7"
"EPHA7","GBM",0,"EPHA7"
"EPHA7","MED",0,"EPHA7"
"EPHA7","EPN",0,"EPHA7"
"EPHA7","Normal",0,"EPHA7"
"EPPK1","EPN",0,"EPPK1"
"EPPK1","Normal",0,"EPPK1"
"EPPK1","PA",0,"EPPK1"
"EPPK1","GBM",0,"EPPK1"
"EPPK1","MED",0,"EPPK1"
"ERBB3","Normal",0,"ERBB3"
"ERBB3","EPN",0,"ERBB3"
"ERBB3","GBM",0,"ERBB3"
"ERBB3","MED",0,"ERBB3"
"ERBB3","PA",0,"ERBB3"
"ERBB4","MED",0,"ERBB4"
"ERBB4","Normal",0,"ERBB4"
"ERBB4","EPN",0,"ERBB4"
"ERBB4","PA",0,"ERBB4"
"ERBB4","GBM",0,"ERBB4"
"ERICH3","PA",0,"ERICH3"
"ERICH3","MED",0,"ERICH3"
"ERICH3","Normal",0,"ERICH3"
"ERICH3","GBM",0,"ERICH3"
"ERICH3","EPN",0,"ERICH3"
"ERMN","Normal",0,"ERMN"
"ERMN","PA",0,"ERMN"
"ERMN","EPN",0,"ERMN"
"ERMN","GBM",0,"ERMN"
"ERMN","MED",0,"ERMN"
"ETNPPL","MED",0,"ETNPPL"
"ETNPPL","PA",0,"ETNPPL"
"ETNPPL","GBM",0,"ETNPPL"
"ETNPPL","EPN",0,"ETNPPL"
"ETNPPL","Normal",0,"ETNPPL"
"ETV1","PA",0,"ETV1"
"ETV1","MED",0,"ETV1"
"ETV1","Normal",0,"ETV1"
"ETV1","GBM",0,"ETV1"
"ETV1","EPN",0,"ETV1"
"EXOSC7","GBM",0,"EXOSC7"
"EXOSC7","Normal",0,"EXOSC7"
"EXOSC7","MED",0,"EXOSC7"
"EXOSC7","PA",0,"EXOSC7"
"EXOSC7","EPN",0,"EXOSC7"
"EXPH5","MED",0,"EXPH5"
"EXPH5","PA",0,"EXPH5"
"EXPH5","EPN",0,"EXPH5"
"EXPH5","GBM",0,"EXPH5"
"EXPH5","Normal",0,"EXPH5"
"EYA1","Normal",0,"EYA1"
"EYA1","MED",0,"EYA1"
"EYA1","PA",0,"EYA1"
"EYA1","EPN",0,"EYA1"
"EYA1","GBM",0,"EYA1"
"EYA2","MED",0,"EYA2"
"EYA2","EPN",0,"EYA2"
"EYA2","Normal",0,"EYA2"
"EYA2","GBM",0,"EYA2"
"EYA2","PA",0,"EYA2"
"EYA4","PA",0,"EYA4"
"EYA4","Normal",0,"EYA4"
"EYA4","MED",0,"EYA4"
"EYA4","EPN",0,"EYA4"
"EYA4","GBM",0,"EYA4"
"F13A1","Normal",0,"F13A1"
"F13A1","PA",0,"F13A1"
"F13A1","MED",0,"F13A1"
"F13A1","EPN",0,"F13A1"
"F13A1","GBM",0,"F13A1"
"F2RL1","Normal",0,"F2RL1"
"F2RL1","GBM",0,"F2RL1"
"F2RL1","MED",0,"F2RL1"
"F2RL1","EPN",0,"F2RL1"
"F2RL1","PA",0,"F2RL1"
"FA2H","MED",0,"FA2H"
"FA2H","Normal",0,"FA2H"
"FA2H","EPN",0,"FA2H"
"FA2H","PA",0,"FA2H"
"FA2H","GBM",0,"FA2H"
"FABP6","MED",0,"FABP6"
"FABP6","GBM",0,"FABP6"
"FABP6","EPN",0,"FABP6"
"FABP6","Normal",0,"FABP6"
"FABP6","PA",0,"FABP6"
"FAIM2","GBM",0,"FAIM2"
"FAIM2","Normal",0,"FAIM2"
"FAIM2","MED",0,"FAIM2"
"FAIM2","PA",0,"FAIM2"
"FAIM2","EPN",0,"FAIM2"
"FAM110C","MED",0,"FAM110C"
"FAM110C","EPN",0,"FAM110C"
"FAM110C","GBM",0,"FAM110C"
"FAM110C","Normal",0,"FAM110C"
"FAM110C","PA",0,"FAM110C"
"FAM131B","Normal",0,"FAM131B"
"FAM131B","MED",0,"FAM131B"
"FAM131B","PA",0,"FAM131B"
"FAM131B","GBM",0,"FAM131B"
"FAM131B","EPN",0,"FAM131B"
"FAM179A","Normal",0,"FAM179A"
"FAM179A","EPN",0,"FAM179A"
"FAM179A","PA",0,"FAM179A"
"FAM179A","GBM",0,"FAM179A"
"FAM179A","MED",0,"FAM179A"
"FAM189A2","GBM",0,"FAM189A2"
"FAM189A2","MED",0,"FAM189A2"
"FAM189A2","EPN",0,"FAM189A2"
"FAM189A2","PA",0,"FAM189A2"
"FAM189A2","Normal",0,"FAM189A2"
"FAM198A","GBM",0,"FAM198A"
"FAM198A","MED",0,"FAM198A"
"FAM198A","EPN",0,"FAM198A"
"FAM198A","Normal",0,"FAM198A"
"FAM198A","PA",0,"FAM198A"
"FAM19A1","MED",0,"FAM19A1"
"FAM19A1","Normal",0,"FAM19A1"
"FAM19A1","EPN",0,"FAM19A1"
"FAM19A1","GBM",0,"FAM19A1"
"FAM19A1","PA",0,"FAM19A1"
"FAM216B","Normal",0,"FAM216B"
"FAM216B","MED",0,"FAM216B"
"FAM216B","PA",0,"FAM216B"
"FAM216B","EPN",0,"FAM216B"
"FAM216B","GBM",0,"FAM216B"
"FAM64A","MED",0,"FAM64A"
"FAM64A","GBM",0,"FAM64A"
"FAM64A","PA",0,"FAM64A"
"FAM64A","Normal",0,"FAM64A"
"FAM64A","EPN",0,"FAM64A"
"FAM69C","MED",0,"FAM69C"
"FAM69C","GBM",0,"FAM69C"
"FAM69C","EPN",0,"FAM69C"
"FAM69C","Normal",0,"FAM69C"
"FAM69C","PA",0,"FAM69C"
"FAM81B","Normal",0,"FAM81B"
"FAM81B","EPN",0,"FAM81B"
"FAM81B","MED",0,"FAM81B"
"FAM81B","PA",0,"FAM81B"
"FAM81B","GBM",0,"FAM81B"
"FAM84A","GBM",0,"FAM84A"
"FAM84A","MED",0,"FAM84A"
"FAM84A","Normal",0,"FAM84A"
"FAM84A","EPN",0,"FAM84A"
"FAM84A","PA",0,"FAM84A"
"FAR2P3","EPN",0,"FAR2P3"
"FAR2P3","MED",0,"FAR2P3"
"FAR2P3","Normal",0,"FAR2P3"
"FAR2P3","PA",0,"FAR2P3"
"FAR2P3","GBM",0,"FAR2P3"
"FAXC","MED",0,"FAXC"
"FAXC","Normal",0,"FAXC"
"FAXC","PA",0,"FAXC"
"FAXC","EPN",0,"FAXC"
"FAXC","GBM",0,"FAXC"
"FBLN5","PA",0,"FBLN5"
"FBLN5","MED",0,"FBLN5"
"FBLN5","GBM",0,"FBLN5"
"FBLN5","Normal",0,"FBLN5"
"FBLN5","EPN",0,"FBLN5"
"FBXL16","MED",0,"FBXL16"
"FBXL16","PA",0,"FBXL16"
"FBXL16","EPN",0,"FBXL16"
"FBXL16","Normal",0,"FBXL16"
"FBXL16","GBM",0,"FBXL16"
"FBXO2","MED",0,"FBXO2"
"FBXO2","PA",0,"FBXO2"
"FBXO2","GBM",0,"FBXO2"
"FBXO2","EPN",0,"FBXO2"
"FBXO2","Normal",0,"FBXO2"
"FCGBP","MED",0,"FCGBP"
"FCGBP","GBM",0,"FCGBP"
"FCGBP","EPN",0,"FCGBP"
"FCGBP","Normal",0,"FCGBP"
"FCGBP","PA",0,"FCGBP"
"FCGR1B","PA",0,"FCGR1B"
"FCGR1B","Normal",0,"FCGR1B"
"FCGR1B","EPN",0,"FCGR1B"
"FCGR1B","GBM",0,"FCGR1B"
"FCGR1B","MED",0,"FCGR1B"
"FCGR1CP","Normal",0,"FCGR1CP"
"FCGR1CP","PA",0,"FCGR1CP"
"FCGR1CP","GBM",0,"FCGR1CP"
"FCGR1CP","EPN",0,"FCGR1CP"
"FCGR1CP","MED",0,"FCGR1CP"
"FCGR3B","EPN",0,"FCGR3B"
"FCGR3B","MED",0,"FCGR3B"
"FCGR3B","PA",0,"FCGR3B"
"FCGR3B","GBM",0,"FCGR3B"
"FCGR3B","Normal",0,"FCGR3B"
"FGF1","Normal",0,"FGF1"
"FGF1","EPN",0,"FGF1"
"FGF1","PA",0,"FGF1"
"FGF1","MED",0,"FGF1"
"FGF1","GBM",0,"FGF1"
"FGF12","MED",0,"FGF12"
"FGF12","GBM",0,"FGF12"
"FGF12","Normal",0,"FGF12"
"FGF12","EPN",0,"FGF12"
"FGF12","PA",0,"FGF12"
"FGF13","GBM",0,"FGF13"
"FGF13","Normal",0,"FGF13"
"FGF13","PA",0,"FGF13"
"FGF13","MED",0,"FGF13"
"FGF13","EPN",0,"FGF13"
"FGF14","MED",0,"FGF14"
"FGF14","GBM",0,"FGF14"
"FGF14","Normal",0,"FGF14"
"FGF14","EPN",0,"FGF14"
"FGF14","PA",0,"FGF14"
"FGFR2","MED",0,"FGFR2"
"FGFR2","GBM",0,"FGFR2"
"FGFR2","Normal",0,"FGFR2"
"FGFR2","PA",0,"FGFR2"
"FGFR2","EPN",0,"FGFR2"
"FGFR3","MED",0,"FGFR3"
"FGFR3","GBM",0,"FGFR3"
"FGFR3","EPN",0,"FGFR3"
"FGFR3","PA",0,"FGFR3"
"FGFR3","Normal",0,"FGFR3"
"FIGN","GBM",0,"FIGN"
"FIGN","EPN",0,"FIGN"
"FIGN","MED",0,"FIGN"
"FIGN","PA",0,"FIGN"
"FIGN","Normal",0,"FIGN"
"FLJ37786","GBM",0,"FLJ37786"
"FLJ37786","EPN",0,"FLJ37786"
"FLJ37786","PA",0,"FLJ37786"
"FLJ37786","Normal",0,"FLJ37786"
"FLJ37786","MED",0,"FLJ37786"
"FMO1","GBM",0,"FMO1"
"FMO1","MED",0,"FMO1"
"FMO1","PA",0,"FMO1"
"FMO1","Normal",0,"FMO1"
"FMO1","EPN",0,"FMO1"
"FNDC1","MED",0,"FNDC1"
"FNDC1","Normal",0,"FNDC1"
"FNDC1","PA",0,"FNDC1"
"FNDC1","GBM",0,"FNDC1"
"FNDC1","EPN",0,"FNDC1"
"FNDC5","PA",0,"FNDC5"
"FNDC5","GBM",0,"FNDC5"
"FNDC5","MED",0,"FNDC5"
"FNDC5","EPN",0,"FNDC5"
"FNDC5","Normal",0,"FNDC5"
"FOXD1","MED",0,"FOXD1"
"FOXD1","EPN",0,"FOXD1"
"FOXD1","Normal",0,"FOXD1"
"FOXD1","GBM",0,"FOXD1"
"FOXD1","PA",0,"FOXD1"
"FOXG1","Normal",0,"FOXG1"
"FOXG1","EPN",0,"FOXG1"
"FOXG1","MED",0,"FOXG1"
"FOXG1","PA",0,"FOXG1"
"FOXJ1","Normal",0,"FOXJ1"
"FOXJ1","MED",0,"FOXJ1"
"FOXJ1","PA",0,"FOXJ1"
"FOXJ1","EPN",0,"FOXJ1"
"FOXJ1","GBM",0,"FOXJ1"
"FOXM1","Normal",0,"FOXM1"
"FOXM1","GBM",0,"FOXM1"
"FOXM1","PA",0,"FOXM1"
"FOXM1","MED",0,"FOXM1"
"FOXM1","EPN",0,"FOXM1"
"FOXP2","GBM",0,"FOXP2"
"FOXP2","Normal",0,"FOXP2"
"FOXP2","EPN",0,"FOXP2"
"FOXP2","PA",0,"FOXP2"
"FOXP2","MED",0,"FOXP2"
"FRAS1","GBM",0,"FRAS1"
"FRAS1","MED",0,"FRAS1"
"FRAS1","Normal",0,"FRAS1"
"FRAS1","PA",0,"FRAS1"
"FRAS1","EPN",0,"FRAS1"
"FREM1","EPN",0,"FREM1"
"FREM1","PA",0,"FREM1"
"FREM1","MED",0,"FREM1"
"FREM1","GBM",0,"FREM1"
"FREM1","Normal",0,"FREM1"
"FREM2","Normal",0,"FREM2"
"FREM2","GBM",0,"FREM2"
"FREM2","EPN",0,"FREM2"
"FREM2","PA",0,"FREM2"
"FREM2","MED",0,"FREM2"
"FSTL5","PA",0,"FSTL5"
"FSTL5","Normal",0,"FSTL5"
"FSTL5","GBM",0,"FSTL5"
"FSTL5","MED",0,"FSTL5"
"FSTL5","EPN",0,"FSTL5"
"FUT9","MED",0,"FUT9"
"FUT9","EPN",0,"FUT9"
"FUT9","Normal",0,"FUT9"
"FUT9","PA",0,"FUT9"
"FUT9","GBM",0,"FUT9"
"FXYD1","PA",0,"FXYD1"
"FXYD1","MED",0,"FXYD1"
"FXYD1","Normal",0,"FXYD1"
"FXYD1","GBM",0,"FXYD1"
"FXYD1","EPN",0,"FXYD1"
"FXYD7","GBM",0,"FXYD7"
"FXYD7","Normal",0,"FXYD7"
"FXYD7","EPN",0,"FXYD7"
"FXYD7","PA",0,"FXYD7"
"FXYD7","MED",0,"FXYD7"
"FZD7","GBM",0,"FZD7"
"FZD7","MED",0,"FZD7"
"FZD7","Normal",0,"FZD7"
"FZD7","EPN",0,"FZD7"
"FZD7","PA",0,"FZD7"
"GABBR2","Normal",0,"GABBR2"
"GABBR2","MED",0,"GABBR2"
"GABBR2","EPN",0,"GABBR2"
"GABBR2","PA",0,"GABBR2"
"GABBR2","GBM",0,"GABBR2"
"GABRA1","GBM",0,"GABRA1"
"GABRA1","EPN",0,"GABRA1"
"GABRA1","Normal",0,"GABRA1"
"GABRA1","PA",0,"GABRA1"
"GABRA1","MED",0,"GABRA1"
"GABRA2","Normal",0,"GABRA2"
"GABRA2","MED",0,"GABRA2"
"GABRA2","GBM",0,"GABRA2"
"GABRA2","EPN",0,"GABRA2"
"GABRA2","PA",0,"GABRA2"
"GABRA5","EPN",0,"GABRA5"
"GABRA5","PA",0,"GABRA5"
"GABRA5","Normal",0,"GABRA5"
"GABRA5","GBM",0,"GABRA5"
"GABRA5","MED",0,"GABRA5"
"GABRB1","EPN",0,"GABRB1"
"GABRB1","PA",0,"GABRB1"
"GABRB1","GBM",0,"GABRB1"
"GABRB1","Normal",0,"GABRB1"
"GABRB1","MED",0,"GABRB1"
"GABRB2","GBM",0,"GABRB2"
"GABRB2","Normal",0,"GABRB2"
"GABRB2","EPN",0,"GABRB2"
"GABRB2","PA",0,"GABRB2"
"GABRB2","MED",0,"GABRB2"
"GABRB3","MED",0,"GABRB3"
"GABRB3","GBM",0,"GABRB3"
"GABRB3","EPN",0,"GABRB3"
"GABRB3","Normal",0,"GABRB3"
"GABRB3","PA",0,"GABRB3"
"GABRD","PA",0,"GABRD"
"GABRD","EPN",0,"GABRD"
"GABRD","GBM",0,"GABRD"
"GABRD","Normal",0,"GABRD"
"GABRD","MED",0,"GABRD"
"GABRG1","MED",0,"GABRG1"
"GABRG1","GBM",0,"GABRG1"
"GABRG1","Normal",0,"GABRG1"
"GABRG1","PA",0,"GABRG1"
"GABRG1","EPN",0,"GABRG1"
"GABRG2","PA",0,"GABRG2"
"GABRG2","MED",0,"GABRG2"
"GABRG2","GBM",0,"GABRG2"
"GABRG2","Normal",0,"GABRG2"
"GABRG2","EPN",0,"GABRG2"
"GAD1","PA",0,"GAD1"
"GAD1","MED",0,"GAD1"
"GAD1","Normal",0,"GAD1"
"GAD1","GBM",0,"GAD1"
"GAD1","EPN",0,"GAD1"
"GALNT3","MED",0,"GALNT3"
"GALNT3","GBM",0,"GALNT3"
"GALNT3","Normal",0,"GALNT3"
"GALNT3","EPN",0,"GALNT3"
"GALNT3","PA",0,"GALNT3"
"GBP3","Normal",0,"GBP3"
"GBP3","MED",0,"GBP3"
"GBP3","PA",0,"GBP3"
"GBP3","GBM",0,"GBP3"
"GBP3","EPN",0,"GBP3"
"GCNT2","GBM",0,"GCNT2"
"GCNT2","EPN",0,"GCNT2"
"GCNT2","Normal",0,"GCNT2"
"GCNT2","PA",0,"GCNT2"
"GCNT2","MED",0,"GCNT2"
"GDA","MED",0,"GDA"
"GDA","EPN",0,"GDA"
"GDA","PA",0,"GDA"
"GDA","Normal",0,"GDA"
"GDA","GBM",0,"GDA"
"GDF10","MED",0,"GDF10"
"GDF10","Normal",0,"GDF10"
"GDF10","PA",0,"GDF10"
"GDF10","EPN",0,"GDF10"
"GFPT2","GBM",0,"GFPT2"
"GFPT2","MED",0,"GFPT2"
"GFPT2","PA",0,"GFPT2"
"GFPT2","EPN",0,"GFPT2"
"GFPT2","Normal",0,"GFPT2"
"GFRA1","EPN",0,"GFRA1"
"GFRA1","GBM",0,"GFRA1"
"GFRA1","MED",0,"GFRA1"
"GFRA1","Normal",0,"GFRA1"
"GJB6","EPN",0,"GJB6"
"GJB6","PA",0,"GJB6"
"GJB6","GBM",0,"GJB6"
"GJB6","MED",0,"GJB6"
"GLI2","MED",0,"GLI2"
"GLI2","GBM",0,"GLI2"
"GLI2","PA",0,"GLI2"
"GLI2","EPN",0,"GLI2"
"GLI2","Normal",0,"GLI2"
"GLIS3","MED",0,"GLIS3"
"GLIS3","Normal",0,"GLIS3"
"GLIS3","PA",0,"GLIS3"
"GLIS3","EPN",0,"GLIS3"
"GLIS3","GBM",0,"GLIS3"
"GMPR","EPN",0,"GMPR"
"GMPR","MED",0,"GMPR"
"GMPR","GBM",0,"GMPR"
"GMPR","PA",0,"GMPR"
"GMPR","Normal",0,"GMPR"
"GNAL","MED",0,"GNAL"
"GNAL","Normal",0,"GNAL"
"GNAL","PA",0,"GNAL"
"GNAL","EPN",0,"GNAL"
"GNAL","GBM",0,"GNAL"
"GNG3","Normal",0,"GNG3"
"GNG3","MED",0,"GNG3"
"GNG3","GBM",0,"GNG3"
"GNG3","PA",0,"GNG3"
"GNG3","EPN",0,"GNG3"
"GPC4","GBM",0,"GPC4"
"GPC4","MED",0,"GPC4"
"GPC4","EPN",0,"GPC4"
"GPC4","Normal",0,"GPC4"
"GPC4","PA",0,"GPC4"
"GPC5","GBM",0,"GPC5"
"GPC5","MED",0,"GPC5"
"GPC5","Normal",0,"GPC5"
"GPC5","PA",0,"GPC5"
"GPC5","EPN",0,"GPC5"
"GPR17","PA",0,"GPR17"
"GPR17","MED",0,"GPR17"
"GPR17","Normal",0,"GPR17"
"GPR17","EPN",0,"GPR17"
"GPR17","GBM",0,"GPR17"
"GPR37L1","MED",0,"GPR37L1"
"GPR37L1","GBM",0,"GPR37L1"
"GPR37L1","Normal",0,"GPR37L1"
"GPR37L1","EPN",0,"GPR37L1"
"GPR37L1","PA",0,"GPR37L1"
"GPR88","MED",0,"GPR88"
"GPR88","PA",0,"GPR88"
"GPR88","GBM",0,"GPR88"
"GPR88","Normal",0,"GPR88"
"GPR88","EPN",0,"GPR88"
"GPX3","MED",0,"GPX3"
"GPX3","Normal",0,"GPX3"
"GPX3","GBM",0,"GPX3"
"GPX3","EPN",0,"GPX3"
"GPX3","PA",0,"GPX3"
"GRIA1","GBM",0,"GRIA1"
"GRIA1","PA",0,"GRIA1"
"GRIA1","EPN",0,"GRIA1"
"GRIA1","MED",0,"GRIA1"
"GRIA1","Normal",0,"GRIA1"
"GRIA2","MED",0,"GRIA2"
"GRIA2","Normal",0,"GRIA2"
"GRIA2","PA",0,"GRIA2"
"GRIA2","EPN",0,"GRIA2"
"GRIA2","GBM",0,"GRIA2"
"GRIA3","Normal",0,"GRIA3"
"GRIA3","MED",0,"GRIA3"
"GRIA3","EPN",0,"GRIA3"
"GRIA3","GBM",0,"GRIA3"
"GRIA3","PA",0,"GRIA3"
"GRIA4","PA",0,"GRIA4"
"GRIA4","MED",0,"GRIA4"
"GRIA4","GBM",0,"GRIA4"
"GRIA4","Normal",0,"GRIA4"
"GRIA4","EPN",0,"GRIA4"
"GRIK2","MED",0,"GRIK2"
"GRIK2","Normal",0,"GRIK2"
"GRIK2","GBM",0,"GRIK2"
"GRIK2","EPN",0,"GRIK2"
"GRIK2","PA",0,"GRIK2"
"GRIK3","PA",0,"GRIK3"
"GRIK3","MED",0,"GRIK3"
"GRIK3","Normal",0,"GRIK3"
"GRIK3","GBM",0,"GRIK3"
"GRIK3","EPN",0,"GRIK3"
"GRIN2A","MED",0,"GRIN2A"
"GRIN2A","Normal",0,"GRIN2A"
"GRIN2A","EPN",0,"GRIN2A"
"GRIN2A","PA",0,"GRIN2A"
"GRIN2A","GBM",0,"GRIN2A"
"GRM1","GBM",0,"GRM1"
"GRM1","EPN",0,"GRM1"
"GRM1","Normal",0,"GRM1"
"GRM1","MED",0,"GRM1"
"GRM1","PA",0,"GRM1"
"GRM3","MED",0,"GRM3"
"GRM3","Normal",0,"GRM3"
"GRM3","EPN",0,"GRM3"
"GRM3","GBM",0,"GRM3"
"GRM3","PA",0,"GRM3"
"GRM5","PA",0,"GRM5"
"GRM5","MED",0,"GRM5"
"GRM5","Normal",0,"GRM5"
"GRM5","EPN",0,"GRM5"
"GRM5","GBM",0,"GRM5"
"GSTT2","EPN",0,"GSTT2"
"GSTT2","Normal",0,"GSTT2"
"GSTT2","PA",0,"GSTT2"
"GSTT2","MED",0,"GSTT2"
"GSTT2","GBM",0,"GSTT2"
"HAPLN1","GBM",0,"HAPLN1"
"HAPLN1","Normal",0,"HAPLN1"
"HAPLN1","MED",0,"HAPLN1"
"HAPLN1","EPN",0,"HAPLN1"
"HAPLN1","PA",0,"HAPLN1"
"HCN1","MED",0,"HCN1"
"HCN1","Normal",0,"HCN1"
"HCN1","GBM",0,"HCN1"
"HCN1","PA",0,"HCN1"
"HCN1","EPN",0,"HCN1"
"HEPH","MED",0,"HEPH"
"HEPH","PA",0,"HEPH"
"HEPH","GBM",0,"HEPH"
"HEPH","Normal",0,"HEPH"
"HEPH","EPN",0,"HEPH"
"HEPN1","MED",0,"HEPN1"
"HEPN1","Normal",0,"HEPN1"
"HEPN1","PA",0,"HEPN1"
"HEPN1","GBM",0,"HEPN1"
"HEPN1","EPN",0,"HEPN1"
"HERC6","MED",0,"HERC6"
"HERC6","Normal",0,"HERC6"
"HERC6","GBM",0,"HERC6"
"HERC6","PA",0,"HERC6"
"HERC6","EPN",0,"HERC6"
"HHATL","Normal",0,"HHATL"
"HHATL","GBM",0,"HHATL"
"HHATL","PA",0,"HHATL"
"HHATL","EPN",0,"HHATL"
"HHATL","MED",0,"HHATL"
"HHIP","MED",0,"HHIP"
"HHIP","EPN",0,"HHIP"
"HHIP","Normal",0,"HHIP"
"HHIP","GBM",0,"HHIP"
"HHIP","PA",0,"HHIP"
"HLA.DMA","PA",0,"HLA-DMA"
"HLA.DMA","MED",0,"HLA-DMA"
"HLA.DMA","GBM",0,"HLA-DMA"
"HLA.DMA","Normal",0,"HLA-DMA"
"HLA.DMA","EPN",0,"HLA-DMA"
"HLA.DRB4","MED",0,"HLA-DRB4"
"HLA.DRB4","Normal",0,"HLA-DRB4"
"HLA.DRB4","GBM",0,"HLA-DRB4"
"HLA.DRB4","PA",0,"HLA-DRB4"
"HLA.DRB4","EPN",0,"HLA-DRB4"
"HMGA2","Normal",0,"HMGA2"
"HMGA2","MED",0,"HMGA2"
"HMGA2","EPN",0,"HMGA2"
"HMGA2","GBM",0,"HMGA2"
"HMGA2","PA",0,"HMGA2"
"HMGCLL1","EPN",0,"HMGCLL1"
"HMGCLL1","GBM",0,"HMGCLL1"
"HMGCLL1","PA",0,"HMGCLL1"
"HMGCLL1","Normal",0,"HMGCLL1"
"HMGCLL1","MED",0,"HMGCLL1"
"HMP19","MED",0,"HMP19"
"HMP19","EPN",0,"HMP19"
"HMP19","Normal",0,"HMP19"
"HMP19","GBM",0,"HMP19"
"HMP19","PA",0,"HMP19"
"HOGA1","EPN",0,"HOGA1"
"HOGA1","GBM",0,"HOGA1"
"HOGA1","MED",0,"HOGA1"
"HOGA1","PA",0,"HOGA1"
"HOGA1","Normal",0,"HOGA1"
"HOOK1","MED",0,"HOOK1"
"HOOK1","PA",0,"HOOK1"
"HOOK1","Normal",0,"HOOK1"
"HOOK1","GBM",0,"HOOK1"
"HOOK1","EPN",0,"HOOK1"
"HOXA10","MED",0,"HOXA10"
"HOXA10","EPN",0,"HOXA10"
"HOXA10","Normal",0,"HOXA10"
"HOXA10","GBM",0,"HOXA10"
"HOXA10","PA",0,"HOXA10"
"HOXA10.HOXA9","Normal",0,"HOXA10-HOXA9"
"HOXA10.HOXA9","PA",0,"HOXA10-HOXA9"
"HOXA10.HOXA9","GBM",0,"HOXA10-HOXA9"
"HOXA10.HOXA9","MED",0,"HOXA10-HOXA9"
"HOXA10.HOXA9","EPN",0,"HOXA10-HOXA9"
"HOXA3","PA",0,"HOXA3"
"HOXA3","Normal",0,"HOXA3"
"HOXA3","GBM",0,"HOXA3"
"HOXA3","EPN",0,"HOXA3"
"HOXA3","MED",0,"HOXA3"
"HOXA5","MED",0,"HOXA5"
"HOXA5","PA",0,"HOXA5"
"HOXA5","GBM",0,"HOXA5"
"HOXA5","Normal",0,"HOXA5"
"HOXA5","EPN",0,"HOXA5"
"HOXA7","Normal",0,"HOXA7"
"HOXA7","GBM",0,"HOXA7"
"HOXA7","PA",0,"HOXA7"
"HOXA7","MED",0,"HOXA7"
"HOXA7","EPN",0,"HOXA7"
"HOXB2","Normal",0,"HOXB2"
"HOXB2","EPN",0,"HOXB2"
"HOXB2","PA",0,"HOXB2"
"HOXB2","GBM",0,"HOXB2"
"HOXB2","MED",0,"HOXB2"
"HOXB3","GBM",0,"HOXB3"
"HOXB3","MED",0,"HOXB3"
"HOXB3","PA",0,"HOXB3"
"HOXB3","Normal",0,"HOXB3"
"HOXB3","EPN",0,"HOXB3"
"HOXC6","PA",0,"HOXC6"
"HOXC6","MED",0,"HOXC6"
"HOXC6","Normal",0,"HOXC6"
"HOXC6","GBM",0,"HOXC6"
"HOXC6","EPN",0,"HOXC6"
"HOXD4","GBM",0,"HOXD4"
"HOXD4","Normal",0,"HOXD4"
"HOXD4","MED",0,"HOXD4"
"HOXD4","EPN",0,"HOXD4"
"HOXD4","PA",0,"HOXD4"
"HPCAL4","PA",0,"HPCAL4"
"HPCAL4","MED",0,"HPCAL4"
"HPCAL4","Normal",0,"HPCAL4"
"HPCAL4","EPN",0,"HPCAL4"
"HPCAL4","GBM",0,"HPCAL4"
"HPR","GBM",0,"HPR"
"HPR","MED",0,"HPR"
"HPR","Normal",0,"HPR"
"HPR","PA",0,"HPR"
"HPR","EPN",0,"HPR"
"HRH1","MED",0,"HRH1"
"HRH1","PA",0,"HRH1"
"HRH1","Normal",0,"HRH1"
"HRH1","GBM",0,"HRH1"
"HRH1","EPN",0,"HRH1"
"HS3ST1","Normal",0,"HS3ST1"
"HS3ST1","GBM",0,"HS3ST1"
"HS3ST1","EPN",0,"HS3ST1"
"HS3ST1","PA",0,"HS3ST1"
"HS3ST1","MED",0,"HS3ST1"
"HS3ST3B1","GBM",0,"HS3ST3B1"
"HS3ST3B1","Normal",0,"HS3ST3B1"
"HS3ST3B1","EPN",0,"HS3ST3B1"
"HS3ST3B1","MED",0,"HS3ST3B1"
"HS3ST3B1","PA",0,"HS3ST3B1"
"HS6ST2","Normal",0,"HS6ST2"
"HS6ST2","EPN",0,"HS6ST2"
"HS6ST2","PA",0,"HS6ST2"
"HS6ST2","MED",0,"HS6ST2"
"HS6ST2","GBM",0,"HS6ST2"
"HS6ST3","PA",0,"HS6ST3"
"HS6ST3","GBM",0,"HS6ST3"
"HS6ST3","MED",0,"HS6ST3"
"HS6ST3","Normal",0,"HS6ST3"
"HS6ST3","EPN",0,"HS6ST3"
"HSPA2","MED",0,"HSPA2"
"HSPA2","Normal",0,"HSPA2"
"HSPA2","PA",0,"HSPA2"
"HSPA2","EPN",0,"HSPA2"
"HSPA2","GBM",0,"HSPA2"
"HSPA6","GBM",0,"HSPA6"
"HSPA6","Normal",0,"HSPA6"
"HSPA6","PA",0,"HSPA6"
"HSPA6","MED",0,"HSPA6"
"HSPA6","EPN",0,"HSPA6"
"HSPB8","MED",0,"HSPB8"
"HSPB8","Normal",0,"HSPB8"
"HSPB8","GBM",0,"HSPB8"
"HSPB8","EPN",0,"HSPB8"
"HSPB8","PA",0,"HSPB8"
"IBSP","PA",0,"IBSP"
"IBSP","MED",0,"IBSP"
"IBSP","Normal",0,"IBSP"
"IBSP","EPN",0,"IBSP"
"IBSP","GBM",0,"IBSP"
"IER3","MED",0,"IER3"
"IER3","GBM",0,"IER3"
"IER3","PA",0,"IER3"
"IER3","Normal",0,"IER3"
"IER3","EPN",0,"IER3"
"IFI44L","MED",0,"IFI44L"
"IFI44L","GBM",0,"IFI44L"
"IFI44L","Normal",0,"IFI44L"
"IFI44L","EPN",0,"IFI44L"
"IFI44L","PA",0,"IFI44L"
"IGF2BP2","MED",0,"IGF2BP2"
"IGF2BP2","GBM",0,"IGF2BP2"
"IGF2BP2","Normal",0,"IGF2BP2"
"IGF2BP2","EPN",0,"IGF2BP2"
"IGF2BP2","PA",0,"IGF2BP2"
"IGF2BP3","MED",0,"IGF2BP3"
"IGF2BP3","Normal",0,"IGF2BP3"
"IGF2BP3","GBM",0,"IGF2BP3"
"IGF2BP3","PA",0,"IGF2BP3"
"IGF2BP3","EPN",0,"IGF2BP3"
"IGFBP7.AS1","MED",0,"IGFBP7-AS1"
"IGFBP7.AS1","Normal",0,"IGFBP7-AS1"
"IGFBP7.AS1","PA",0,"IGFBP7-AS1"
"IGFBP7.AS1","GBM",0,"IGFBP7-AS1"
"IGFBP7.AS1","EPN",0,"IGFBP7-AS1"
"IGFBPL1","PA",0,"IGFBPL1"
"IGFBPL1","GBM",0,"IGFBPL1"
"IGFBPL1","Normal",0,"IGFBPL1"
"IGFBPL1","MED",0,"IGFBPL1"
"IGFBPL1","EPN",0,"IGFBPL1"
"IGHA2","MED",0,"IGHA2"
"IGHA2","Normal",0,"IGHA2"
"IGHA2","PA",0,"IGHA2"
"IGHA2","EPN",0,"IGHA2"
"IGHA2","GBM",0,"IGHA2"
"IGLC1","MED",0,"IGLC1"
"IGLC1","Normal",0,"IGLC1"
"IGLC1","EPN",0,"IGLC1"
"IGLC1","GBM",0,"IGLC1"
"IGLC1","PA",0,"IGLC1"
"IGLON5","EPN",0,"IGLON5"
"IGLON5","MED",0,"IGLON5"
"IGLON5","Normal",0,"IGLON5"
"IGLON5","GBM",0,"IGLON5"
"IGLON5","PA",0,"IGLON5"
"IGSF1","Normal",0,"IGSF1"
"IGSF1","PA",0,"IGSF1"
"IGSF1","EPN",0,"IGSF1"
"IGSF1","MED",0,"IGSF1"
"IGSF1","GBM",0,"IGSF1"
"IGSF11","GBM",0,"IGSF11"
"IGSF11","EPN",0,"IGSF11"
"IGSF11","MED",0,"IGSF11"
"IGSF11","PA",0,"IGSF11"
"IGSF11","Normal",0,"IGSF11"
"IGSF21","EPN",0,"IGSF21"
"IGSF21","MED",0,"IGSF21"
"IGSF21","PA",0,"IGSF21"
"IGSF21","Normal",0,"IGSF21"
"IGSF21","GBM",0,"IGSF21"
"IL13RA2","MED",0,"IL13RA2"
"IL13RA2","Normal",0,"IL13RA2"
"IL13RA2","PA",0,"IL13RA2"
"IL13RA2","EPN",0,"IL13RA2"
"IL20RA","MED",0,"IL20RA"
"IL20RA","PA",0,"IL20RA"
"IL20RA","Normal",0,"IL20RA"
"IL20RA","GBM",0,"IL20RA"
"IL20RA","EPN",0,"IL20RA"
"INA","PA",0,"INA"
"INA","MED",0,"INA"
"INA","GBM",0,"INA"
"INA","Normal",0,"INA"
"INA","EPN",0,"INA"
"INS.IGF2","Normal",0,"INS-IGF2"
"INS.IGF2","PA",0,"INS-IGF2"
"INS.IGF2","MED",0,"INS-IGF2"
"INSM1","GBM",0,"INSM1"
"INSM1","PA",0,"INSM1"
"INSM1","MED",0,"INSM1"
"INSM1","EPN",0,"INSM1"
"INSM1","Normal",0,"INSM1"
"INSM2","GBM",0,"INSM2"
"INSM2","Normal",0,"INSM2"
"INSM2","EPN",0,"INSM2"
"INSM2","PA",0,"INSM2"
"IPCEF1","Normal",0,"IPCEF1"
"IPCEF1","MED",0,"IPCEF1"
"IPCEF1","GBM",0,"IPCEF1"
"IPCEF1","EPN",0,"IPCEF1"
"IPCEF1","PA",0,"IPCEF1"
"IQCG","MED",0,"IQCG"
"IQCG","EPN",0,"IQCG"
"IQCG","PA",0,"IQCG"
"IQCG","Normal",0,"IQCG"
"IQCG","GBM",0,"IQCG"
"IRX1","MED",0,"IRX1"
"IRX1","PA",0,"IRX1"
"IRX1","GBM",0,"IRX1"
"IRX1","Normal",0,"IRX1"
"IRX1","EPN",0,"IRX1"
"IRX2","Normal",0,"IRX2"
"IRX2","MED",0,"IRX2"
"IRX2","PA",0,"IRX2"
"IRX2","GBM",0,"IRX2"
"IRX2","EPN",0,"IRX2"
"IRX5","Normal",0,"IRX5"
"IRX5","EPN",0,"IRX5"
"IRX5","PA",0,"IRX5"
"IRX5","MED",0,"IRX5"
"IRX5","GBM",0,"IRX5"
"ITGB4","GBM",0,"ITGB4"
"ITGB4","MED",0,"ITGB4"
"ITGB4","EPN",0,"ITGB4"
"ITGB4","PA",0,"ITGB4"
"ITGB4","Normal",0,"ITGB4"
"JPH3","EPN",0,"JPH3"
"JPH3","PA",0,"JPH3"
"JPH3","GBM",0,"JPH3"
"JPH3","Normal",0,"JPH3"
"JPH3","MED",0,"JPH3"
"KCNA1","MED",0,"KCNA1"
"KCNA1","GBM",0,"KCNA1"
"KCNA1","PA",0,"KCNA1"
"KCNA1","Normal",0,"KCNA1"
"KCNA1","EPN",0,"KCNA1"
"KCNA5","EPN",0,"KCNA5"
"KCNA5","Normal",0,"KCNA5"
"KCNA5","PA",0,"KCNA5"
"KCNA5","MED",0,"KCNA5"
"KCNA5","GBM",0,"KCNA5"
"KCNC1","GBM",0,"KCNC1"
"KCNC1","EPN",0,"KCNC1"
"KCNC1","Normal",0,"KCNC1"
"KCNC1","MED",0,"KCNC1"
"KCNC1","PA",0,"KCNC1"
"KCND2","Normal",0,"KCND2"
"KCND2","EPN",0,"KCND2"
"KCND2","PA",0,"KCND2"
"KCND2","MED",0,"KCND2"
"KCND2","GBM",0,"KCND2"
"KCNE5","MED",0,"KCNE5"
"KCNE5","Normal",0,"KCNE5"
"KCNE5","GBM",0,"KCNE5"
"KCNE5","PA",0,"KCNE5"
"KCNE5","EPN",0,"KCNE5"
"KCNIP1","MED",0,"KCNIP1"
"KCNIP1","PA",0,"KCNIP1"
"KCNIP1","Normal",0,"KCNIP1"
"KCNIP1","EPN",0,"KCNIP1"
"KCNIP1","GBM",0,"KCNIP1"
"KCNIP4","EPN",0,"KCNIP4"
"KCNIP4","Normal",0,"KCNIP4"
"KCNIP4","MED",0,"KCNIP4"
"KCNIP4","GBM",0,"KCNIP4"
"KCNIP4","PA",0,"KCNIP4"
"KCNJ10","EPN",0,"KCNJ10"
"KCNJ10","GBM",0,"KCNJ10"
"KCNJ10","Normal",0,"KCNJ10"
"KCNJ10","MED",0,"KCNJ10"
"KCNJ10","PA",0,"KCNJ10"
"KCNJ16","GBM",0,"KCNJ16"
"KCNJ16","PA",0,"KCNJ16"
"KCNJ16","MED",0,"KCNJ16"
"KCNJ16","Normal",0,"KCNJ16"
"KCNJ16","EPN",0,"KCNJ16"
"KCNJ3","MED",0,"KCNJ3"
"KCNJ3","PA",0,"KCNJ3"
"KCNJ3","GBM",0,"KCNJ3"
"KCNJ3","Normal",0,"KCNJ3"
"KCNJ3","EPN",0,"KCNJ3"
"KCNJ4","Normal",0,"KCNJ4"
"KCNJ4","PA",0,"KCNJ4"
"KCNJ4","MED",0,"KCNJ4"
"KCNJ4","EPN",0,"KCNJ4"
"KCNJ4","GBM",0,"KCNJ4"
"KCNJ9","MED",0,"KCNJ9"
"KCNJ9","Normal",0,"KCNJ9"
"KCNJ9","PA",0,"KCNJ9"
"KCNJ9","GBM",0,"KCNJ9"
"KCNJ9","EPN",0,"KCNJ9"
"KCNK1","MED",0,"KCNK1"
"KCNK1","EPN",0,"KCNK1"
"KCNK1","Normal",0,"KCNK1"
"KCNK1","PA",0,"KCNK1"
"KCNK1","GBM",0,"KCNK1"
"KCNK3","EPN",0,"KCNK3"
"KCNK3","GBM",0,"KCNK3"
"KCNK3","PA",0,"KCNK3"
"KCNK3","Normal",0,"KCNK3"
"KCNK3","MED",0,"KCNK3"
"KCNMB4","PA",0,"KCNMB4"
"KCNMB4","GBM",0,"KCNMB4"
"KCNMB4","EPN",0,"KCNMB4"
"KCNMB4","Normal",0,"KCNMB4"
"KCNMB4","MED",0,"KCNMB4"
"KCNN3","Normal",0,"KCNN3"
"KCNN3","GBM",0,"KCNN3"
"KCNN3","MED",0,"KCNN3"
"KCNN3","EPN",0,"KCNN3"
"KCNN3","PA",0,"KCNN3"
"KCNQ2","PA",0,"KCNQ2"
"KCNQ2","Normal",0,"KCNQ2"
"KCNQ2","GBM",0,"KCNQ2"
"KCNQ2","MED",0,"KCNQ2"
"KCNQ2","EPN",0,"KCNQ2"
"KCNQ5","MED",0,"KCNQ5"
"KCNQ5","GBM",0,"KCNQ5"
"KCNQ5","Normal",0,"KCNQ5"
"KCNQ5","PA",0,"KCNQ5"
"KCNQ5","EPN",0,"KCNQ5"
"KDM5D","GBM",0,"KDM5D"
"KDM5D","MED",0,"KDM5D"
"KDM5D","Normal",0,"KDM5D"
"KDM5D","PA",0,"KDM5D"
"KDM5D","EPN",0,"KDM5D"
"KIAA0101","PA",0,"KIAA0101"
"KIAA0101","GBM",0,"KIAA0101"
"KIAA0101","MED",0,"KIAA0101"
"KIAA0101","EPN",0,"KIAA0101"
"KIAA0101","Normal",0,"KIAA0101"
"KIAA0319","EPN",0,"KIAA0319"
"KIAA0319","MED",0,"KIAA0319"
"KIAA0319","PA",0,"KIAA0319"
"KIAA0319","Normal",0,"KIAA0319"
"KIAA0319","GBM",0,"KIAA0319"
"KIF14","MED",0,"KIF14"
"KIF14","EPN",0,"KIF14"
"KIF14","PA",0,"KIF14"
"KIF14","Normal",0,"KIF14"
"KIF15","PA",0,"KIF15"
"KIF15","MED",0,"KIF15"
"KIF15","Normal",0,"KIF15"
"KIF15","GBM",0,"KIF15"
"KIF15","EPN",0,"KIF15"
"KIF2C","Normal",0,"KIF2C"
"KIF2C","GBM",0,"KIF2C"
"KIF2C","MED",0,"KIF2C"
"KIF2C","PA",0,"KIF2C"
"KIF2C","EPN",0,"KIF2C"
"KIF4A","GBM",0,"KIF4A"
"KIF4A","MED",0,"KIF4A"
"KIF4A","PA",0,"KIF4A"
"KIF4A","EPN",0,"KIF4A"
"KIF4A","Normal",0,"KIF4A"
"KISS1R","MED",0,"KISS1R"
"KISS1R","PA",0,"KISS1R"
"KISS1R","GBM",0,"KISS1R"
"KISS1R","EPN",0,"KISS1R"
"KISS1R","Normal",0,"KISS1R"
"KLHL29","Normal",0,"KLHL29"
"KLHL29","GBM",0,"KLHL29"
"KLHL29","PA",0,"KLHL29"
"KLHL29","MED",0,"KLHL29"
"KLHL29","EPN",0,"KLHL29"
"KLHL4","MED",0,"KLHL4"
"KLHL4","GBM",0,"KLHL4"
"KLHL4","PA",0,"KLHL4"
"KLHL4","EPN",0,"KLHL4"
"KLHL4","Normal",0,"KLHL4"
"KLRC2","EPN",0,"KLRC2"
"KLRC2","GBM",0,"KLRC2"
"KLRC2","Normal",0,"KLRC2"
"KLRC2","PA",0,"KLRC2"
"KLRC2","MED",0,"KLRC2"
"KLRC3","Normal",0,"KLRC3"
"KLRC3","GBM",0,"KLRC3"
"KLRC3","PA",0,"KLRC3"
"KLRC3","MED",0,"KLRC3"
"KLRC3","EPN",0,"KLRC3"
"KNDC1","GBM",0,"KNDC1"
"KNDC1","MED",0,"KNDC1"
"KNDC1","PA",0,"KNDC1"
"KNDC1","EPN",0,"KNDC1"
"KNDC1","Normal",0,"KNDC1"
"KNL1","Normal",0,"KNL1"
"KNL1","GBM",0,"KNL1"
"KNL1","MED",0,"KNL1"
"KNL1","EPN",0,"KNL1"
"KNL1","PA",0,"KNL1"
"L1CAM","PA",0,"L1CAM"
"L1CAM","MED",0,"L1CAM"
"L1CAM","GBM",0,"L1CAM"
"L1CAM","Normal",0,"L1CAM"
"L1CAM","EPN",0,"L1CAM"
"LAMA1","MED",0,"LAMA1"
"LAMA1","PA",0,"LAMA1"
"LAMA1","Normal",0,"LAMA1"
"LAMA1","GBM",0,"LAMA1"
"LAMA1","EPN",0,"LAMA1"
"LAMP5","Normal",0,"LAMP5"
"LAMP5","MED",0,"LAMP5"
"LAMP5","EPN",0,"LAMP5"
"LAMP5","GBM",0,"LAMP5"
"LAMP5","PA",0,"LAMP5"
"LEMD1","MED",0,"LEMD1"
"LEMD1","PA",0,"LEMD1"
"LEMD1","GBM",0,"LEMD1"
"LEMD1","Normal",0,"LEMD1"
"LEMD1","EPN",0,"LEMD1"
"LGI1","MED",0,"LGI1"
"LGI1","EPN",0,"LGI1"
"LGI1","PA",0,"LGI1"
"LGI1","GBM",0,"LGI1"
"LGI1","Normal",0,"LGI1"
"LGR5","EPN",0,"LGR5"
"LGR5","MED",0,"LGR5"
"LGR5","PA",0,"LGR5"
"LGR5","GBM",0,"LGR5"
"LGR5","Normal",0,"LGR5"
"LHFPL3","PA",0,"LHFPL3"
"LHFPL3","Normal",0,"LHFPL3"
"LHFPL3","GBM",0,"LHFPL3"
"LHFPL3","EPN",0,"LHFPL3"
"LHFPL3","MED",0,"LHFPL3"
"LHFPL4","Normal",0,"LHFPL4"
"LHFPL4","PA",0,"LHFPL4"
"LHFPL4","MED",0,"LHFPL4"
"LHFPL4","GBM",0,"LHFPL4"
"LHFPL4","EPN",0,"LHFPL4"
"LHX2","EPN",0,"LHX2"
"LHX2","MED",0,"LHX2"
"LHX2","GBM",0,"LHX2"
"LHX2","Normal",0,"LHX2"
"LHX2","PA",0,"LHX2"
"LINC00673","MED",0,"LINC00673"
"LINC00673","Normal",0,"LINC00673"
"LINC00673","EPN",0,"LINC00673"
"LINC00673","PA",0,"LINC00673"
"LINC00839","MED",0,"LINC00839"
"LINC00839","Normal",0,"LINC00839"
"LINC00839","GBM",0,"LINC00839"
"LINC00839","PA",0,"LINC00839"
"LINC00839","EPN",0,"LINC00839"
"LINC00844","MED",0,"LINC00844"
"LINC00844","PA",0,"LINC00844"
"LINC00844","GBM",0,"LINC00844"
"LINC00844","Normal",0,"LINC00844"
"LINC00844","EPN",0,"LINC00844"
"LINC01088","EPN",0,"LINC01088"
"LINC01088","GBM",0,"LINC01088"
"LINC01088","Normal",0,"LINC01088"
"LINC01088","MED",0,"LINC01088"
"LINC01088","PA",0,"LINC01088"
"LINC01105","MED",0,"LINC01105"
"LINC01105","Normal",0,"LINC01105"
"LINC01105","EPN",0,"LINC01105"
"LINC01105","GBM",0,"LINC01105"
"LINC01105","PA",0,"LINC01105"
"LINC01116","EPN",0,"LINC01116"
"LINC01116","PA",0,"LINC01116"
"LINC01116","GBM",0,"LINC01116"
"LINC01116","MED",0,"LINC01116"
"LINC01116","Normal",0,"LINC01116"
"LINC01279","GBM",0,"LINC01279"
"LINC01279","MED",0,"LINC01279"
"LINC01279","EPN",0,"LINC01279"
"LINC01279","Normal",0,"LINC01279"
"LINC01279","PA",0,"LINC01279"
"LINC01296","PA",0,"LINC01296"
"LINC01296","Normal",0,"LINC01296"
"LINC01296","MED",0,"LINC01296"
"LINC01296","EPN",0,"LINC01296"
"LINGO2","MED",0,"LINGO2"
"LINGO2","GBM",0,"LINGO2"
"LINGO2","PA",0,"LINGO2"
"LINGO2","Normal",0,"LINGO2"
"LINGO2","EPN",0,"LINGO2"
"LIX1","EPN",0,"LIX1"
"LIX1","Normal",0,"LIX1"
"LIX1","MED",0,"LIX1"
"LIX1","GBM",0,"LIX1"
"LIX1","PA",0,"LIX1"
"LMF1","EPN",0,"LMF1"
"LMF1","Normal",0,"LMF1"
"LMF1","MED",0,"LMF1"
"LMF1","GBM",0,"LMF1"
"LMF1","PA",0,"LMF1"
"LMO3","GBM",0,"LMO3"
"LMO3","Normal",0,"LMO3"
"LMO3","MED",0,"LMO3"
"LMO3","EPN",0,"LMO3"
"LMO3","PA",0,"LMO3"
"LNX1","PA",0,"LNX1"
"LNX1","MED",0,"LNX1"
"LNX1","Normal",0,"LNX1"
"LNX1","EPN",0,"LNX1"
"LNX1","GBM",0,"LNX1"
"LOC100509445","MED",0,"LOC100509445"
"LOC100509445","GBM",0,"LOC100509445"
"LOC100509445","EPN",0,"LOC100509445"
"LOC100509445","Normal",0,"LOC100509445"
"LOC100509445","PA",0,"LOC100509445"
"LOC100509457","GBM",0,"LOC100509457"
"LOC100509457","Normal",0,"LOC100509457"
"LOC100509457","EPN",0,"LOC100509457"
"LOC100509457","MED",0,"LOC100509457"
"LOC100509457","PA",0,"LOC100509457"
"LOC100996542","Normal",0,"LOC100996542"
"LOC100996542","MED",0,"LOC100996542"
"LOC100996542","PA",0,"LOC100996542"
"LOC100996542","GBM",0,"LOC100996542"
"LOC100996542","EPN",0,"LOC100996542"
"LOC101060391","MED",0,"LOC101060391"
"LOC101060391","PA",0,"LOC101060391"
"LOC101060391","GBM",0,"LOC101060391"
"LOC101060391","Normal",0,"LOC101060391"
"LOC101060391","EPN",0,"LOC101060391"
"LOC101926951","MED",0,"LOC101926951"
"LOC101926951","EPN",0,"LOC101926951"
"LOC101926951","Normal",0,"LOC101926951"
"LOC101926951","PA",0,"LOC101926951"
"LOC101926951","GBM",0,"LOC101926951"
"LOC101927057","Normal",0,"LOC101927057"
"LOC101927057","PA",0,"LOC101927057"
"LOC101927057","GBM",0,"LOC101927057"
"LOC101927057","MED",0,"LOC101927057"
"LOC101927057","EPN",0,"LOC101927057"
"LOC101927137","Normal",0,"LOC101927137"
"LOC101927137","GBM",0,"LOC101927137"
"LOC101927137","PA",0,"LOC101927137"
"LOC101927137","MED",0,"LOC101927137"
"LOC101927137","EPN",0,"LOC101927137"
"LOC101928817","PA",0,"LOC101928817"
"LOC101928817","MED",0,"LOC101928817"
"LOC101928817","Normal",0,"LOC101928817"
"LOC101928817","EPN",0,"LOC101928817"
"LOC101928817","GBM",0,"LOC101928817"
"LOC101928882","Normal",0,"LOC101928882"
"LOC101928882","MED",0,"LOC101928882"
"LOC101928882","EPN",0,"LOC101928882"
"LOC101928882","GBM",0,"LOC101928882"
"LOC101928882","PA",0,"LOC101928882"
"LOC101928916","GBM",0,"LOC101928916"
"LOC101928916","MED",0,"LOC101928916"
"LOC101928916","PA",0,"LOC101928916"
"LOC101928916","EPN",0,"LOC101928916"
"LOC101928916","Normal",0,"LOC101928916"
"LOC101930373","PA",0,"LOC101930373"
"LOC101930373","MED",0,"LOC101930373"
"LOC101930373","EPN",0,"LOC101930373"
"LOC101930373","GBM",0,"LOC101930373"
"LOC101930373","Normal",0,"LOC101930373"
"LOC157503","MED",0,"LOC157503"
"LOC157503","GBM",0,"LOC157503"
"LOC157503","PA",0,"LOC157503"
"LOC157503","Normal",0,"LOC157503"
"LOC157503","EPN",0,"LOC157503"
"LOC283454","Normal",0,"LOC283454"
"LOC283454","PA",0,"LOC283454"
"LOC283454","GBM",0,"LOC283454"
"LOC283454","MED",0,"LOC283454"
"LOC283454","EPN",0,"LOC283454"
"LOC284570","Normal",0,"LOC284570"
"LOC284570","MED",0,"LOC284570"
"LOC284570","EPN",0,"LOC284570"
"LOC284570","PA",0,"LOC284570"
"LOC284570","GBM",0,"LOC284570"
"LOC441179","MED",0,"LOC441179"
"LOC441179","EPN",0,"LOC441179"
"LOC441179","PA",0,"LOC441179"
"LOC441179","GBM",0,"LOC441179"
"LOC441179","Normal",0,"LOC441179"
"LOC643923","MED",0,"LOC643923"
"LOC643923","Normal",0,"LOC643923"
"LOC643923","PA",0,"LOC643923"
"LOC643923","GBM",0,"LOC643923"
"LOC643923","EPN",0,"LOC643923"
"LOC645321","PA",0,"LOC645321"
"LOC645321","MED",0,"LOC645321"
"LOC645321","Normal",0,"LOC645321"
"LOC645321","EPN",0,"LOC645321"
"LOC728613","EPN",0,"LOC728613"
"LOC728613","MED",0,"LOC728613"
"LOC728613","GBM",0,"LOC728613"
"LOC728613","Normal",0,"LOC728613"
"LOC728613","PA",0,"LOC728613"
"LOX","Normal",0,"LOX"
"LOX","MED",0,"LOX"
"LOX","PA",0,"LOX"
"LOX","EPN",0,"LOX"
"LOX","GBM",0,"LOX"
"LPAR1","GBM",0,"LPAR1"
"LPAR1","MED",0,"LPAR1"
"LPAR1","Normal",0,"LPAR1"
"LPAR1","PA",0,"LPAR1"
"LPAR1","EPN",0,"LPAR1"
"LPAR3","Normal",0,"LPAR3"
"LPAR3","MED",0,"LPAR3"
"LPAR3","PA",0,"LPAR3"
"LPAR3","GBM",0,"LPAR3"
"LRFN5","GBM",0,"LRFN5"
"LRFN5","Normal",0,"LRFN5"
"LRFN5","EPN",0,"LRFN5"
"LRFN5","PA",0,"LRFN5"
"LRFN5","MED",0,"LRFN5"
"LRP2BP","PA",0,"LRP2BP"
"LRP2BP","GBM",0,"LRP2BP"
"LRP2BP","MED",0,"LRP2BP"
"LRP2BP","Normal",0,"LRP2BP"
"LRP2BP","EPN",0,"LRP2BP"
"LRRC17","Normal",0,"LRRC17"
"LRRC17","GBM",0,"LRRC17"
"LRRC17","PA",0,"LRRC17"
"LRRC17","EPN",0,"LRRC17"
"LRRC17","MED",0,"LRRC17"
"LRRC2","MED",0,"LRRC2"
"LRRC2","PA",0,"LRRC2"
"LRRC2","EPN",0,"LRRC2"
"LRRC2","Normal",0,"LRRC2"
"LRRC2","GBM",0,"LRRC2"
"LRRC34","GBM",0,"LRRC34"
"LRRC34","MED",0,"LRRC34"
"LRRC34","PA",0,"LRRC34"
"LRRC34","EPN",0,"LRRC34"
"LRRC34","Normal",0,"LRRC34"
"LRRC3B","Normal",0,"LRRC3B"
"LRRC3B","PA",0,"LRRC3B"
"LRRC3B","MED",0,"LRRC3B"
"LRRC3B","EPN",0,"LRRC3B"
"LRRC3B","GBM",0,"LRRC3B"
"LRRC4C","MED",0,"LRRC4C"
"LRRC4C","GBM",0,"LRRC4C"
"LRRC4C","Normal",0,"LRRC4C"
"LRRC4C","EPN",0,"LRRC4C"
"LRRC4C","PA",0,"LRRC4C"
"LRRC7","MED",0,"LRRC7"
"LRRC7","PA",0,"LRRC7"
"LRRC7","GBM",0,"LRRC7"
"LRRC7","Normal",0,"LRRC7"
"LRRC7","EPN",0,"LRRC7"
"LRRK2","GBM",0,"LRRK2"
"LRRK2","MED",0,"LRRK2"
"LRRK2","EPN",0,"LRRK2"
"LRRK2","Normal",0,"LRRK2"
"LRRK2","PA",0,"LRRK2"
"LRRTM2","Normal",0,"LRRTM2"
"LRRTM2","GBM",0,"LRRTM2"
"LRRTM2","MED",0,"LRRTM2"
"LRRTM2","EPN",0,"LRRTM2"
"LRRTM2","PA",0,"LRRTM2"
"LTF","MED",0,"LTF"
"LTF","PA",0,"LTF"
"LTF","GBM",0,"LTF"
"LTF","EPN",0,"LTF"
"LTF","Normal",0,"LTF"
"LY6H","Normal",0,"LY6H"
"LY6H","GBM",0,"LY6H"
"LY6H","MED",0,"LY6H"
"LY6H","EPN",0,"LY6H"
"LY6H","PA",0,"LY6H"
"LYPD1","PA",0,"LYPD1"
"LYPD1","GBM",0,"LYPD1"
"LYPD1","Normal",0,"LYPD1"
"LYPD1","EPN",0,"LYPD1"
"LYPD1","MED",0,"LYPD1"
"MAATS1","Normal",0,"MAATS1"
"MAATS1","GBM",0,"MAATS1"
"MAATS1","PA",0,"MAATS1"
"MAATS1","MED",0,"MAATS1"
"MAATS1","EPN",0,"MAATS1"
"MAB21L2","GBM",0,"MAB21L2"
"MAB21L2","Normal",0,"MAB21L2"
"MAB21L2","PA",0,"MAB21L2"
"MAB21L2","MED",0,"MAB21L2"
"MAB21L2","EPN",0,"MAB21L2"
"MAK","Normal",0,"MAK"
"MAK","MED",0,"MAK"
"MAK","EPN",0,"MAK"
"MAK","GBM",0,"MAK"
"MAK","PA",0,"MAK"
"MAL","MED",0,"MAL"
"MAL","GBM",0,"MAL"
"MAL","Normal",0,"MAL"
"MAL","EPN",0,"MAL"
"MAL","PA",0,"MAL"
"MAL2","Normal",0,"MAL2"
"MAL2","PA",0,"MAL2"
"MAL2","MED",0,"MAL2"
"MAL2","GBM",0,"MAL2"
"MAL2","EPN",0,"MAL2"
"MAP3K19","PA",0,"MAP3K19"
"MAP3K19","Normal",0,"MAP3K19"
"MAP3K19","EPN",0,"MAP3K19"
"MAP3K19","MED",0,"MAP3K19"
"MAP3K19","GBM",0,"MAP3K19"
"MAP7D2","Normal",0,"MAP7D2"
"MAP7D2","EPN",0,"MAP7D2"
"MAP7D2","MED",0,"MAP7D2"
"MAP7D2","GBM",0,"MAP7D2"
"MAP7D2","PA",0,"MAP7D2"
"MAPK8IP1","Normal",0,"MAPK8IP1"
"MAPK8IP1","EPN",0,"MAPK8IP1"
"MAPK8IP1","PA",0,"MAPK8IP1"
"MAPK8IP1","GBM",0,"MAPK8IP1"
"MAPK8IP1","MED",0,"MAPK8IP1"
"MASP1","MED",0,"MASP1"
"MASP1","EPN",0,"MASP1"
"MASP1","Normal",0,"MASP1"
"MASP1","GBM",0,"MASP1"
"MASP1","PA",0,"MASP1"
"MCHR1","MED",0,"MCHR1"
"MCHR1","Normal",0,"MCHR1"
"MCHR1","PA",0,"MCHR1"
"MCHR1","GBM",0,"MCHR1"
"MCHR1","EPN",0,"MCHR1"
"MDH1B","Normal",0,"MDH1B"
"MDH1B","GBM",0,"MDH1B"
"MDH1B","MED",0,"MDH1B"
"MDH1B","EPN",0,"MDH1B"
"MDH1B","PA",0,"MDH1B"
"ME1","MED",0,"ME1"
"ME1","PA",0,"ME1"
"ME1","Normal",0,"ME1"
"ME1","GBM",0,"ME1"
"ME1","EPN",0,"ME1"
"MECOM","MED",0,"MECOM"
"MECOM","EPN",0,"MECOM"
"MECOM","Normal",0,"MECOM"
"MECOM","GBM",0,"MECOM"
"MECOM","PA",0,"MECOM"
"MEG3","PA",0,"MEG3"
"MEG3","MED",0,"MEG3"
"MEG3","GBM",0,"MEG3"
"MEG3","Normal",0,"MEG3"
"MEG3","EPN",0,"MEG3"
"MEGF10","GBM",0,"MEGF10"
"MEGF10","Normal",0,"MEGF10"
"MEGF10","MED",0,"MEGF10"
"MEGF10","PA",0,"MEGF10"
"MEGF10","EPN",0,"MEGF10"
"MEGF11","EPN",0,"MEGF11"
"MEGF11","Normal",0,"MEGF11"
"MEGF11","MED",0,"MEGF11"
"MEGF11","PA",0,"MEGF11"
"MEGF11","GBM",0,"MEGF11"
"MELK","Normal",0,"MELK"
"MELK","MED",0,"MELK"
"MELK","PA",0,"MELK"
"MELK","EPN",0,"MELK"
"MET","EPN",0,"MET"
"MET","MED",0,"MET"
"MET","GBM",0,"MET"
"MET","Normal",0,"MET"
"MET","PA",0,"MET"
"METTL7B","MED",0,"METTL7B"
"METTL7B","EPN",0,"METTL7B"
"METTL7B","Normal",0,"METTL7B"
"METTL7B","PA",0,"METTL7B"
"METTL7B","GBM",0,"METTL7B"
"MFAP2","MED",0,"MFAP2"
"MFAP2","PA",0,"MFAP2"
"MFAP2","Normal",0,"MFAP2"
"MFAP2","GBM",0,"MFAP2"
"MFAP2","EPN",0,"MFAP2"
"MFAP4","MED",0,"MFAP4"
"MFAP4","PA",0,"MFAP4"
"MFAP4","GBM",0,"MFAP4"
"MFAP4","Normal",0,"MFAP4"
"MFAP4","EPN",0,"MFAP4"
"MIAT","MED",0,"MIAT"
"MIAT","GBM",0,"MIAT"
"MIAT","PA",0,"MIAT"
"MIAT","Normal",0,"MIAT"
"MIAT","EPN",0,"MIAT"
"MICAL2","MED",0,"MICAL2"
"MICAL2","Normal",0,"MICAL2"
"MICAL2","GBM",0,"MICAL2"
"MICAL2","PA",0,"MICAL2"
"MICAL2","EPN",0,"MICAL2"
"MIR124.1","MED",0,"MIR124-1"
"MIR124.1","Normal",0,"MIR124-1"
"MIR124.1","PA",0,"MIR124-1"
"MIR124.1","GBM",0,"MIR124-1"
"MIR124.1","EPN",0,"MIR124-1"
"MIR124.2HG","MED",0,"MIR124-2HG"
"MIR124.2HG","GBM",0,"MIR124-2HG"
"MIR124.2HG","PA",0,"MIR124-2HG"
"MIR124.2HG","EPN",0,"MIR124-2HG"
"MIR124.2HG","Normal",0,"MIR124-2HG"
"MIR548F5","GBM",0,"MIR548F5"
"MIR548F5","MED",0,"MIR548F5"
"MIR548F5","Normal",0,"MIR548F5"
"MIR548F5","PA",0,"MIR548F5"
"MIR548F5","EPN",0,"MIR548F5"
"MIR675","GBM",0,"MIR675"
"MIR675","MED",0,"MIR675"
"MIR675","Normal",0,"MIR675"
"MIR675","PA",0,"MIR675"
"MIR675","EPN",0,"MIR675"
"MIR8071.2","MED",0,"MIR8071-2"
"MIR8071.2","GBM",0,"MIR8071-2"
"MIR8071.2","Normal",0,"MIR8071-2"
"MIR8071.2","PA",0,"MIR8071-2"
"MIR8071.2","EPN",0,"MIR8071-2"
"MIR9.3HG","MED",0,"MIR9-3HG"
"MIR9.3HG","Normal",0,"MIR9-3HG"
"MIR9.3HG","PA",0,"MIR9-3HG"
"MIR9.3HG","GBM",0,"MIR9-3HG"
"MIR9.3HG","EPN",0,"MIR9-3HG"
"MKX","MED",0,"MKX"
"MKX","Normal",0,"MKX"
"MKX","EPN",0,"MKX"
"MKX","GBM",0,"MKX"
"MKX","PA",0,"MKX"
"MLC1","EPN",0,"MLC1"
"MLC1","GBM",0,"MLC1"
"MLC1","MED",0,"MLC1"
"MLC1","Normal",0,"MLC1"
"MLC1","PA",0,"MLC1"
"MLIP","MED",0,"MLIP"
"MLIP","EPN",0,"MLIP"
"MLIP","Normal",0,"MLIP"
"MLIP","GBM",0,"MLIP"
"MLIP","PA",0,"MLIP"
"MMP9","Normal",0,"MMP9"
"MMP9","EPN",0,"MMP9"
"MMP9","GBM",0,"MMP9"
"MMP9","MED",0,"MMP9"
"MMP9","PA",0,"MMP9"
"MN1","MED",0,"MN1"
"MN1","GBM",0,"MN1"
"MN1","PA",0,"MN1"
"MN1","Normal",0,"MN1"
"MN1","EPN",0,"MN1"
"MOBP","GBM",0,"MOBP"
"MOBP","EPN",0,"MOBP"
"MOBP","Normal",0,"MOBP"
"MOBP","MED",0,"MOBP"
"MOBP","PA",0,"MOBP"
"MOG","Normal",0,"MOG"
"MOG","GBM",0,"MOG"
"MOG","PA",0,"MOG"
"MOG","EPN",0,"MOG"
"MOG","MED",0,"MOG"
"MORN5","Normal",0,"MORN5"
"MORN5","MED",0,"MORN5"
"MORN5","PA",0,"MORN5"
"MORN5","GBM",0,"MORN5"
"MORN5","EPN",0,"MORN5"
"MOXD1","GBM",0,"MOXD1"
"MOXD1","EPN",0,"MOXD1"
"MOXD1","Normal",0,"MOXD1"
"MOXD1","MED",0,"MOXD1"
"MOXD1","PA",0,"MOXD1"
"MPPED2","MED",0,"MPPED2"
"MPPED2","PA",0,"MPPED2"
"MPPED2","GBM",0,"MPPED2"
"MPPED2","EPN",0,"MPPED2"
"MPPED2","Normal",0,"MPPED2"
"MRO","EPN",0,"MRO"
"MRO","MED",0,"MRO"
"MRO","Normal",0,"MRO"
"MRO","PA",0,"MRO"
"MRO","GBM",0,"MRO"
"MSX1","GBM",0,"MSX1"
"MSX1","Normal",0,"MSX1"
"MSX1","PA",0,"MSX1"
"MSX1","EPN",0,"MSX1"
"MSX1","MED",0,"MSX1"
"MT1M","MED",0,"MT1M"
"MT1M","GBM",0,"MT1M"
"MT1M","Normal",0,"MT1M"
"MT1M","PA",0,"MT1M"
"MT1M","EPN",0,"MT1M"
"MXRA5","MED",0,"MXRA5"
"MXRA5","Normal",0,"MXRA5"
"MXRA5","EPN",0,"MXRA5"
"MXRA5","PA",0,"MXRA5"
"MXRA5","GBM",0,"MXRA5"
"MYBPC1","MED",0,"MYBPC1"
"MYBPC1","Normal",0,"MYBPC1"
"MYBPC1","PA",0,"MYBPC1"
"MYBPC1","GBM",0,"MYBPC1"
"MYBPC1","EPN",0,"MYBPC1"
"MYO5C","Normal",0,"MYO5C"
"MYO5C","MED",0,"MYO5C"
"MYO5C","PA",0,"MYO5C"
"MYO5C","GBM",0,"MYO5C"
"MYO5C","EPN",0,"MYO5C"
"MYRF","MED",0,"MYRF"
"MYRF","GBM",0,"MYRF"
"MYRF","Normal",0,"MYRF"
"MYRF","EPN",0,"MYRF"
"MYRF","PA",0,"MYRF"
"MYT1","Normal",0,"MYT1"
"MYT1","MED",0,"MYT1"
"MYT1","PA",0,"MYT1"
"MYT1","GBM",0,"MYT1"
"MYT1","EPN",0,"MYT1"
"MYT1L","MED",0,"MYT1L"
"MYT1L","GBM",0,"MYT1L"
"MYT1L","PA",0,"MYT1L"
"MYT1L","Normal",0,"MYT1L"
"MYT1L","EPN",0,"MYT1L"
"NACC2","PA",0,"NACC2"
"NACC2","Normal",0,"NACC2"
"NACC2","EPN",0,"NACC2"
"NACC2","GBM",0,"NACC2"
"NALCN","MED",0,"NALCN"
"NALCN","PA",0,"NALCN"
"NALCN","Normal",0,"NALCN"
"NALCN","EPN",0,"NALCN"
"NALCN","GBM",0,"NALCN"
"NAP1L2","MED",0,"NAP1L2"
"NAP1L2","Normal",0,"NAP1L2"
"NAP1L2","PA",0,"NAP1L2"
"NAP1L2","GBM",0,"NAP1L2"
"NAP1L2","EPN",0,"NAP1L2"
"NAPSB","MED",0,"NAPSB"
"NAPSB","GBM",0,"NAPSB"
"NAPSB","Normal",0,"NAPSB"
"NAPSB","EPN",0,"NAPSB"
"NAPSB","PA",0,"NAPSB"
"NDP","EPN",0,"NDP"
"NDP","Normal",0,"NDP"
"NDP","MED",0,"NDP"
"NDP","PA",0,"NDP"
"NDP","GBM",0,"NDP"
"NEBL","Normal",0,"NEBL"
"NEBL","MED",0,"NEBL"
"NEBL","EPN",0,"NEBL"
"NEBL","PA",0,"NEBL"
"NEBL","GBM",0,"NEBL"
"NEDD4L","GBM",0,"NEDD4L"
"NEDD4L","MED",0,"NEDD4L"
"NEDD4L","Normal",0,"NEDD4L"
"NEDD4L","EPN",0,"NEDD4L"
"NEDD4L","PA",0,"NEDD4L"
"NEFL","Normal",0,"NEFL"
"NEFL","GBM",0,"NEFL"
"NEFL","MED",0,"NEFL"
"NEFL","EPN",0,"NEFL"
"NEFL","PA",0,"NEFL"
"NEFM","MED",0,"NEFM"
"NEFM","EPN",0,"NEFM"
"NEFM","Normal",0,"NEFM"
"NEFM","GBM",0,"NEFM"
"NEFM","PA",0,"NEFM"
"NEK11","PA",0,"NEK11"
"NEK11","MED",0,"NEK11"
"NEK11","Normal",0,"NEK11"
"NEK11","EPN",0,"NEK11"
"NEK11","GBM",0,"NEK11"
"NELL2","GBM",0,"NELL2"
"NELL2","Normal",0,"NELL2"
"NELL2","MED",0,"NELL2"
"NELL2","PA",0,"NELL2"
"NELL2","EPN",0,"NELL2"
"NETO2","Normal",0,"NETO2"
"NETO2","MED",0,"NETO2"
"NETO2","EPN",0,"NETO2"
"NETO2","GBM",0,"NETO2"
"NETO2","PA",0,"NETO2"
"NEUROD1","GBM",0,"NEUROD1"
"NEUROD1","PA",0,"NEUROD1"
"NEUROD1","Normal",0,"NEUROD1"
"NEUROD1","MED",0,"NEUROD1"
"NEUROD1","EPN",0,"NEUROD1"
"NEUROD2","Normal",0,"NEUROD2"
"NEUROD2","GBM",0,"NEUROD2"
"NEUROD2","PA",0,"NEUROD2"
"NEUROD2","EPN",0,"NEUROD2"
"NEUROD2","MED",0,"NEUROD2"
"NEUROG1","MED",0,"NEUROG1"
"NEUROG1","PA",0,"NEUROG1"
"NEUROG1","GBM",0,"NEUROG1"
"NEUROG1","Normal",0,"NEUROG1"
"NEUROG1","EPN",0,"NEUROG1"
"NHLH1","GBM",0,"NHLH1"
"NHLH1","PA",0,"NHLH1"
"NHLH1","MED",0,"NHLH1"
"NHLH1","Normal",0,"NHLH1"
"NHLH1","EPN",0,"NHLH1"
"NHLH2","Normal",0,"NHLH2"
"NHLH2","MED",0,"NHLH2"
"NHLH2","EPN",0,"NHLH2"
"NHLH2","GBM",0,"NHLH2"
"NHLH2","PA",0,"NHLH2"
"NHS","EPN",0,"NHS"
"NHS","PA",0,"NHS"
"NHS","Normal",0,"NHS"
"NHS","GBM",0,"NHS"
"NHS","MED",0,"NHS"
"NKAIN1","MED",0,"NKAIN1"
"NKAIN1","Normal",0,"NKAIN1"
"NKAIN1","EPN",0,"NKAIN1"
"NKAIN1","PA",0,"NKAIN1"
"NKAIN1","GBM",0,"NKAIN1"
"NKX2.2","Normal",0,"NKX2-2"
"NKX2.2","PA",0,"NKX2-2"
"NKX2.2","GBM",0,"NKX2-2"
"NKX2.2","MED",0,"NKX2-2"
"NKX2.2","EPN",0,"NKX2-2"
"NMNAT2","MED",0,"NMNAT2"
"NMNAT2","PA",0,"NMNAT2"
"NMNAT2","Normal",0,"NMNAT2"
"NMNAT2","EPN",0,"NMNAT2"
"NMNAT2","GBM",0,"NMNAT2"
"NMU","PA",0,"NMU"
"NMU","MED",0,"NMU"
"NMU","Normal",0,"NMU"
"NMU","GBM",0,"NMU"
"NMU","EPN",0,"NMU"
"NNAT","PA",0,"NNAT"
"NNAT","GBM",0,"NNAT"
"NNAT","Normal",0,"NNAT"
"NNAT","EPN",0,"NNAT"
"NNAT","MED",0,"NNAT"
"NOS1","GBM",0,"NOS1"
"NOS1","Normal",0,"NOS1"
"NOS1","EPN",0,"NOS1"
"NOS1","MED",0,"NOS1"
"NOS1","PA",0,"NOS1"
"NPNT","EPN",0,"NPNT"
"NPNT","Normal",0,"NPNT"
"NPNT","MED",0,"NPNT"
"NPNT","PA",0,"NPNT"
"NPNT","GBM",0,"NPNT"
"NPTX1","Normal",0,"NPTX1"
"NPTX1","MED",0,"NPTX1"
"NPTX1","EPN",0,"NPTX1"
"NPTX1","GBM",0,"NPTX1"
"NPTX1","PA",0,"NPTX1"
"NPTX2","MED",0,"NPTX2"
"NPTX2","Normal",0,"NPTX2"
"NPTX2","EPN",0,"NPTX2"
"NPTX2","PA",0,"NPTX2"
"NPTX2","GBM",0,"NPTX2"
"NPY","Normal",0,"NPY"
"NPY","MED",0,"NPY"
"NPY","GBM",0,"NPY"
"NPY","PA",0,"NPY"
"NPY","EPN",0,"NPY"
"NR2E1","Normal",0,"NR2E1"
"NR2E1","MED",0,"NR2E1"
"NR2E1","GBM",0,"NR2E1"
"NR2E1","PA",0,"NR2E1"
"NR2E1","EPN",0,"NR2E1"
"NRGN","Normal",0,"NRGN"
"NRGN","MED",0,"NRGN"
"NRGN","PA",0,"NRGN"
"NRGN","GBM",0,"NRGN"
"NRGN","EPN",0,"NRGN"
"NRN1","MED",0,"NRN1"
"NRN1","PA",0,"NRN1"
"NRN1","GBM",0,"NRN1"
"NRN1","Normal",0,"NRN1"
"NRN1","EPN",0,"NRN1"
"NRSN1","Normal",0,"NRSN1"
"NRSN1","MED",0,"NRSN1"
"NRSN1","PA",0,"NRSN1"
"NRSN1","GBM",0,"NRSN1"
"NRXN1","MED",0,"NRXN1"
"NRXN1","EPN",0,"NRXN1"
"NRXN1","PA",0,"NRXN1"
"NRXN1","Normal",0,"NRXN1"
"NRXN1","GBM",0,"NRXN1"
"NRXN3","MED",0,"NRXN3"
"NRXN3","Normal",0,"NRXN3"
"NRXN3","GBM",0,"NRXN3"
"NRXN3","EPN",0,"NRXN3"
"NRXN3","PA",0,"NRXN3"
"NT5E","Normal",0,"NT5E"
"NT5E","GBM",0,"NT5E"
"NT5E","EPN",0,"NT5E"
"NT5E","PA",0,"NT5E"
"NT5E","MED",0,"NT5E"
"NTNG1","Normal",0,"NTNG1"
"NTNG1","PA",0,"NTNG1"
"NTNG1","GBM",0,"NTNG1"
"NTNG1","MED",0,"NTNG1"
"NTNG1","EPN",0,"NTNG1"
"NTRK2","Normal",0,"NTRK2"
"NTRK2","GBM",0,"NTRK2"
"NTRK2","PA",0,"NTRK2"
"NTRK2","EPN",0,"NTRK2"
"NTRK2","MED",0,"NTRK2"
"NTS","Normal",0,"NTS"
"NTS","MED",0,"NTS"
"NTS","EPN",0,"NTS"
"NTS","PA",0,"NTS"
"NTS","GBM",0,"NTS"
"NUF2","MED",0,"NUF2"
"NUF2","GBM",0,"NUF2"
"NUF2","Normal",0,"NUF2"
"NUF2","EPN",0,"NUF2"
"NUF2","PA",0,"NUF2"
"NUP62CL","EPN",0,"NUP62CL"
"NUP62CL","GBM",0,"NUP62CL"
"NUP62CL","Normal",0,"NUP62CL"
"NUP62CL","MED",0,"NUP62CL"
"NUP62CL","PA",0,"NUP62CL"
"NUSAP1","GBM",0,"NUSAP1"
"NUSAP1","Normal",0,"NUSAP1"
"NUSAP1","MED",0,"NUSAP1"
"NUSAP1","PA",0,"NUSAP1"
"NUSAP1","EPN",0,"NUSAP1"
"NWD2","GBM",0,"NWD2"
"NWD2","Normal",0,"NWD2"
"NWD2","MED",0,"NWD2"
"NWD2","PA",0,"NWD2"
"NWD2","EPN",0,"NWD2"
"NXPH1","PA",0,"NXPH1"
"NXPH1","GBM",0,"NXPH1"
"NXPH1","EPN",0,"NXPH1"
"NXPH1","Normal",0,"NXPH1"
"NXPH1","MED",0,"NXPH1"
"ODF3B","GBM",0,"ODF3B"
"ODF3B","PA",0,"ODF3B"
"ODF3B","Normal",0,"ODF3B"
"ODF3B","EPN",0,"ODF3B"
"ODF3B","MED",0,"ODF3B"
"OGN","PA",0,"OGN"
"OGN","MED",0,"OGN"
"OGN","EPN",0,"OGN"
"OGN","GBM",0,"OGN"
"OGN","Normal",0,"OGN"
"OLFM3","MED",0,"OLFM3"
"OLFM3","Normal",0,"OLFM3"
"OLFM3","EPN",0,"OLFM3"
"OLFM3","PA",0,"OLFM3"
"OLFM3","GBM",0,"OLFM3"
"OLFML1","PA",0,"OLFML1"
"OLFML1","GBM",0,"OLFML1"
"OLFML1","MED",0,"OLFML1"
"OLFML1","EPN",0,"OLFML1"
"OLFML1","Normal",0,"OLFML1"
"OLIG1","GBM",0,"OLIG1"
"OLIG1","MED",0,"OLIG1"
"OLIG1","Normal",0,"OLIG1"
"OLIG1","PA",0,"OLIG1"
"OLIG1","EPN",0,"OLIG1"
"OLIG2","PA",0,"OLIG2"
"OLIG2","MED",0,"OLIG2"
"OLIG2","EPN",0,"OLIG2"
"OLIG2","Normal",0,"OLIG2"
"OLIG2","GBM",0,"OLIG2"
"ONECUT2","EPN",0,"ONECUT2"
"ONECUT2","GBM",0,"ONECUT2"
"ONECUT2","PA",0,"ONECUT2"
"ONECUT2","Normal",0,"ONECUT2"
"OPCML","GBM",0,"OPCML"
"OPCML","MED",0,"OPCML"
"OPCML","Normal",0,"OPCML"
"OPCML","PA",0,"OPCML"
"OPCML","EPN",0,"OPCML"
"OTX2","MED",0,"OTX2"
"OTX2","GBM",0,"OTX2"
"OTX2","Normal",0,"OTX2"
"OTX2","PA",0,"OTX2"
"OTX2","EPN",0,"OTX2"
"OTX2.AS1","MED",0,"OTX2-AS1"
"OTX2.AS1","Normal",0,"OTX2-AS1"
"OTX2.AS1","GBM",0,"OTX2-AS1"
"OTX2.AS1","PA",0,"OTX2-AS1"
"OTX2.AS1","EPN",0,"OTX2-AS1"
"OXTR","Normal",0,"OXTR"
"OXTR","GBM",0,"OXTR"
"OXTR","EPN",0,"OXTR"
"OXTR","MED",0,"OXTR"
"OXTR","PA",0,"OXTR"
"P2RX5","GBM",0,"P2RX5"
"P2RX5","MED",0,"P2RX5"
"P2RX5","PA",0,"P2RX5"
"P2RX5","EPN",0,"P2RX5"
"P2RX5","Normal",0,"P2RX5"
"P2RY12","GBM",0,"P2RY12"
"P2RY12","Normal",0,"P2RY12"
"P2RY12","MED",0,"P2RY12"
"P2RY12","EPN",0,"P2RY12"
"P2RY12","PA",0,"P2RY12"
"P3H2","Normal",0,"P3H2"
"P3H2","GBM",0,"P3H2"
"P3H2","PA",0,"P3H2"
"P3H2","MED",0,"P3H2"
"P3H2","EPN",0,"P3H2"
"PACSIN1","MED",0,"PACSIN1"
"PACSIN1","GBM",0,"PACSIN1"
"PACSIN1","Normal",0,"PACSIN1"
"PACSIN1","PA",0,"PACSIN1"
"PACSIN1","EPN",0,"PACSIN1"
"PAK5","MED",0,"PAK5"
"PAK5","Normal",0,"PAK5"
"PAK5","EPN",0,"PAK5"
"PAK5","PA",0,"PAK5"
"PAK5","GBM",0,"PAK5"
"PARM1","Normal",0,"PARM1"
"PARM1","GBM",0,"PARM1"
"PARM1","PA",0,"PARM1"
"PARM1","MED",0,"PARM1"
"PARM1","EPN",0,"PARM1"
"PAX3","PA",0,"PAX3"
"PAX3","MED",0,"PAX3"
"PAX3","EPN",0,"PAX3"
"PAX3","GBM",0,"PAX3"
"PAX3","Normal",0,"PAX3"
"PAX6","Normal",0,"PAX6"
"PAX6","GBM",0,"PAX6"
"PAX6","MED",0,"PAX6"
"PAX6","EPN",0,"PAX6"
"PAX6","PA",0,"PAX6"
"PBK","GBM",0,"PBK"
"PBK","Normal",0,"PBK"
"PBK","MED",0,"PBK"
"PBK","EPN",0,"PBK"
"PBK","PA",0,"PBK"
"PCDH10","GBM",0,"PCDH10"
"PCDH10","EPN",0,"PCDH10"
"PCDH10","Normal",0,"PCDH10"
"PCDH10","PA",0,"PCDH10"
"PCDH10","MED",0,"PCDH10"
"PCDH11Y","Normal",0,"PCDH11Y"
"PCDH11Y","PA",0,"PCDH11Y"
"PCDH11Y","MED",0,"PCDH11Y"
"PCDH11Y","GBM",0,"PCDH11Y"
"PCDH11Y","EPN",0,"PCDH11Y"
"PCDH17","MED",0,"PCDH17"
"PCDH17","EPN",0,"PCDH17"
"PCDH17","PA",0,"PCDH17"
"PCDH17","Normal",0,"PCDH17"
"PCDH17","GBM",0,"PCDH17"
"PCDH7","MED",0,"PCDH7"
"PCDH7","Normal",0,"PCDH7"
"PCDH7","EPN",0,"PCDH7"
"PCDH7","PA",0,"PCDH7"
"PCDH7","GBM",0,"PCDH7"
"PCDH8","MED",0,"PCDH8"
"PCDH8","GBM",0,"PCDH8"
"PCDH8","Normal",0,"PCDH8"
"PCDH8","EPN",0,"PCDH8"
"PCDH8","PA",0,"PCDH8"
"PCDHB5","MED",0,"PCDHB5"
"PCDHB5","PA",0,"PCDHB5"
"PCDHB5","EPN",0,"PCDHB5"
"PCDHB5","GBM",0,"PCDHB5"
"PCDHB5","Normal",0,"PCDHB5"
"PCDHGA3","PA",0,"PCDHGA3"
"PCDHGA3","MED",0,"PCDHGA3"
"PCDHGA3","EPN",0,"PCDHGA3"
"PCDHGA3","GBM",0,"PCDHGA3"
"PCDHGA3","Normal",0,"PCDHGA3"
"PCLO","MED",0,"PCLO"
"PCLO","Normal",0,"PCLO"
"PCLO","EPN",0,"PCLO"
"PCLO","PA",0,"PCLO"
"PCLO","GBM",0,"PCLO"
"PCOLCE2","PA",0,"PCOLCE2"
"PCOLCE2","Normal",0,"PCOLCE2"
"PCOLCE2","GBM",0,"PCOLCE2"
"PCOLCE2","EPN",0,"PCOLCE2"
"PCOLCE2","MED",0,"PCOLCE2"
"PCP4","PA",0,"PCP4"
"PCP4","GBM",0,"PCP4"
"PCP4","MED",0,"PCP4"
"PCP4","EPN",0,"PCP4"
"PCP4","Normal",0,"PCP4"
"PCP4L1","EPN",0,"PCP4L1"
"PCP4L1","GBM",0,"PCP4L1"
"PCP4L1","Normal",0,"PCP4L1"
"PCP4L1","MED",0,"PCP4L1"
"PCP4L1","PA",0,"PCP4L1"
"PCSK1","MED",0,"PCSK1"
"PCSK1","Normal",0,"PCSK1"
"PCSK1","PA",0,"PCSK1"
"PCSK1","EPN",0,"PCSK1"
"PCSK1","GBM",0,"PCSK1"
"PDE1A","MED",0,"PDE1A"
"PDE1A","Normal",0,"PDE1A"
"PDE1A","EPN",0,"PDE1A"
"PDE1A","GBM",0,"PDE1A"
"PDE1A","PA",0,"PDE1A"
"PDE1C","GBM",0,"PDE1C"
"PDE1C","MED",0,"PDE1C"
"PDE1C","Normal",0,"PDE1C"
"PDE1C","EPN",0,"PDE1C"
"PDE1C","PA",0,"PDE1C"
"PDGFD","Normal",0,"PDGFD"
"PDGFD","MED",0,"PDGFD"
"PDGFD","GBM",0,"PDGFD"
"PDGFD","PA",0,"PDGFD"
"PDGFD","EPN",0,"PDGFD"
"PDGFRA","MED",0,"PDGFRA"
"PDGFRA","PA",0,"PDGFRA"
"PDGFRA","Normal",0,"PDGFRA"
"PDGFRA","GBM",0,"PDGFRA"
"PDGFRA","EPN",0,"PDGFRA"
"PDLIM3","Normal",0,"PDLIM3"
"PDLIM3","MED",0,"PDLIM3"
"PDLIM3","PA",0,"PDLIM3"
"PDLIM3","GBM",0,"PDLIM3"
"PDLIM3","EPN",0,"PDLIM3"
"PEBP4","Normal",0,"PEBP4"
"PEBP4","PA",0,"PEBP4"
"PEBP4","GBM",0,"PEBP4"
"PEBP4","MED",0,"PEBP4"
"PEBP4","EPN",0,"PEBP4"
"PEX5L","MED",0,"PEX5L"
"PEX5L","GBM",0,"PEX5L"
"PEX5L","PA",0,"PEX5L"
"PEX5L","Normal",0,"PEX5L"
"PEX5L","EPN",0,"PEX5L"
"PGAM2","MED",0,"PGAM2"
"PGAM2","Normal",0,"PGAM2"
"PGAM2","PA",0,"PGAM2"
"PGAM2","GBM",0,"PGAM2"
"PGAM2","EPN",0,"PGAM2"
"PHACTR3","Normal",0,"PHACTR3"
"PHACTR3","MED",0,"PHACTR3"
"PHACTR3","EPN",0,"PHACTR3"
"PHACTR3","GBM",0,"PHACTR3"
"PHACTR3","PA",0,"PHACTR3"
"PHYHIP","MED",0,"PHYHIP"
"PHYHIP","Normal",0,"PHYHIP"
"PHYHIP","EPN",0,"PHYHIP"
"PHYHIP","PA",0,"PHYHIP"
"PHYHIP","GBM",0,"PHYHIP"
"PIFO","EPN",0,"PIFO"
"PIFO","PA",0,"PIFO"
"PIFO","Normal",0,"PIFO"
"PIFO","MED",0,"PIFO"
"PIFO","GBM",0,"PIFO"
"PIRT","EPN",0,"PIRT"
"PIRT","Normal",0,"PIRT"
"PIRT","GBM",0,"PIRT"
"PIRT","MED",0,"PIRT"
"PIRT","PA",0,"PIRT"
"PITPNM3","GBM",0,"PITPNM3"
"PITPNM3","EPN",0,"PITPNM3"
"PITPNM3","MED",0,"PITPNM3"
"PITPNM3","Normal",0,"PITPNM3"
"PITPNM3","PA",0,"PITPNM3"
"PLA2G2A","EPN",0,"PLA2G2A"
"PLA2G2A","MED",0,"PLA2G2A"
"PLA2G2A","Normal",0,"PLA2G2A"
"PLA2G2A","GBM",0,"PLA2G2A"
"PLAT","Normal",0,"PLAT"
"PLAT","GBM",0,"PLAT"
"PLAT","MED",0,"PLAT"
"PLAT","EPN",0,"PLAT"
"PLAT","PA",0,"PLAT"
"PLAU","Normal",0,"PLAU"
"PLAU","MED",0,"PLAU"
"PLAU","PA",0,"PLAU"
"PLAU","EPN",0,"PLAU"
"PLAU","GBM",0,"PLAU"
"PLCXD3","PA",0,"PLCXD3"
"PLCXD3","MED",0,"PLCXD3"
"PLCXD3","EPN",0,"PLCXD3"
"PLCXD3","GBM",0,"PLCXD3"
"PLCXD3","Normal",0,"PLCXD3"
"PLD5","MED",0,"PLD5"
"PLD5","PA",0,"PLD5"
"PLD5","GBM",0,"PLD5"
"PLD5","EPN",0,"PLD5"
"PLD5","Normal",0,"PLD5"
"PLEKHB1","MED",0,"PLEKHB1"
"PLEKHB1","Normal",0,"PLEKHB1"
"PLEKHB1","GBM",0,"PLEKHB1"
"PLEKHB1","PA",0,"PLEKHB1"
"PLEKHB1","EPN",0,"PLEKHB1"
"PLLP","Normal",0,"PLLP"
"PLLP","GBM",0,"PLLP"
"PLLP","MED",0,"PLLP"
"PLLP","EPN",0,"PLLP"
"PLLP","PA",0,"PLLP"
"PLN","GBM",0,"PLN"
"PLN","Normal",0,"PLN"
"PLN","MED",0,"PLN"
"PLN","PA",0,"PLN"
"PLN","EPN",0,"PLN"
"PLP1","MED",0,"PLP1"
"PLP1","Normal",0,"PLP1"
"PLP1","EPN",0,"PLP1"
"PLP1","GBM",0,"PLP1"
"PLP1","PA",0,"PLP1"
"PLPP4","MED",0,"PLPP4"
"PLPP4","EPN",0,"PLPP4"
"PLPP4","Normal",0,"PLPP4"
"PLPP4","PA",0,"PLPP4"
"PLPP4","GBM",0,"PLPP4"
"PLPPR1","EPN",0,"PLPPR1"
"PLPPR1","MED",0,"PLPPR1"
"PLPPR1","Normal",0,"PLPPR1"
"PLPPR1","GBM",0,"PLPPR1"
"PLPPR1","PA",0,"PLPPR1"
"PLPPR4","PA",0,"PLPPR4"
"PLPPR4","MED",0,"PLPPR4"
"PLPPR4","Normal",0,"PLPPR4"
"PLPPR4","EPN",0,"PLPPR4"
"PLPPR4","GBM",0,"PLPPR4"
"PLPPR5","Normal",0,"PLPPR5"
"PLPPR5","EPN",0,"PLPPR5"
"PLPPR5","PA",0,"PLPPR5"
"PLPPR5","MED",0,"PLPPR5"
"PLPPR5","GBM",0,"PLPPR5"
"PMP2","PA",0,"PMP2"
"PMP2","EPN",0,"PMP2"
"PMP2","Normal",0,"PMP2"
"PMP2","MED",0,"PMP2"
"PMP2","GBM",0,"PMP2"
"PNMA3","MED",0,"PNMA3"
"PNMA3","GBM",0,"PNMA3"
"PNMA3","EPN",0,"PNMA3"
"PNMA3","Normal",0,"PNMA3"
"PNMA3","PA",0,"PNMA3"
"POSTN","PA",0,"POSTN"
"POSTN","GBM",0,"POSTN"
"POSTN","MED",0,"POSTN"
"POSTN","EPN",0,"POSTN"
"POSTN","Normal",0,"POSTN"
"PPL","Normal",0,"PPL"
"PPL","GBM",0,"PPL"
"PPL","PA",0,"PPL"
"PPL","MED",0,"PPL"
"PPL","EPN",0,"PPL"
"PPP1R17","Normal",0,"PPP1R17"
"PPP1R17","GBM",0,"PPP1R17"
"PPP1R17","MED",0,"PPP1R17"
"PPP1R17","EPN",0,"PPP1R17"
"PPP1R17","PA",0,"PPP1R17"
"PPP1R1A","Normal",0,"PPP1R1A"
"PPP1R1A","GBM",0,"PPP1R1A"
"PPP1R1A","EPN",0,"PPP1R1A"
"PPP1R1A","MED",0,"PPP1R1A"
"PPP1R1A","PA",0,"PPP1R1A"
"PPP1R1B","PA",0,"PPP1R1B"
"PPP1R1B","Normal",0,"PPP1R1B"
"PPP1R1B","MED",0,"PPP1R1B"
"PPP1R1B","EPN",0,"PPP1R1B"
"PPP1R1B","GBM",0,"PPP1R1B"
"PPP2R2C","EPN",0,"PPP2R2C"
"PPP2R2C","PA",0,"PPP2R2C"
"PPP2R2C","Normal",0,"PPP2R2C"
"PPP2R2C","GBM",0,"PPP2R2C"
"PPP2R2C","MED",0,"PPP2R2C"
"PPP4R4","MED",0,"PPP4R4"
"PPP4R4","PA",0,"PPP4R4"
"PPP4R4","GBM",0,"PPP4R4"
"PPP4R4","Normal",0,"PPP4R4"
"PPP4R4","EPN",0,"PPP4R4"
"PRAME","EPN",0,"PRAME"
"PRAME","MED",0,"PRAME"
"PRAME","Normal",0,"PRAME"
"PRAME","GBM",0,"PRAME"
"PRAME","PA",0,"PRAME"
"PRDM16","MED",0,"PRDM16"
"PRDM16","Normal",0,"PRDM16"
"PRDM16","EPN",0,"PRDM16"
"PRDM16","PA",0,"PRDM16"
"PRDM16","GBM",0,"PRDM16"
"PRDM6","Normal",0,"PRDM6"
"PRDM6","EPN",0,"PRDM6"
"PRDM6","PA",0,"PRDM6"
"PRDM6","MED",0,"PRDM6"
"PRDM6","GBM",0,"PRDM6"
"PRIMA1","EPN",0,"PRIMA1"
"PRIMA1","MED",0,"PRIMA1"
"PRIMA1","GBM",0,"PRIMA1"
"PRIMA1","PA",0,"PRIMA1"
"PRIMA1","Normal",0,"PRIMA1"
"PRKCB","Normal",0,"PRKCB"
"PRKCB","GBM",0,"PRKCB"
"PRKCB","MED",0,"PRKCB"
"PRKCB","EPN",0,"PRKCB"
"PRKCB","PA",0,"PRKCB"
"PRL","EPN",0,"PRL"
"PRL","Normal",0,"PRL"
"PRL","MED",0,"PRL"
"PRL","GBM",0,"PRL"
"PRL","PA",0,"PRL"
"PROM1","Normal",0,"PROM1"
"PROM1","MED",0,"PROM1"
"PROM1","PA",0,"PROM1"
"PROM1","GBM",0,"PROM1"
"PROM1","EPN",0,"PROM1"
"PRPH","EPN",0,"PRPH"
"PRPH","Normal",0,"PRPH"
"PRPH","PA",0,"PRPH"
"PRPH","GBM",0,"PRPH"
"PRPH","MED",0,"PRPH"
"PSD2","MED",0,"PSD2"
"PSD2","PA",0,"PSD2"
"PSD2","EPN",0,"PSD2"
"PSD2","Normal",0,"PSD2"
"PSD2","GBM",0,"PSD2"
"PSMB9","MED",0,"PSMB9"
"PSMB9","GBM",0,"PSMB9"
"PSMB9","Normal",0,"PSMB9"
"PSMB9","EPN",0,"PSMB9"
"PSMB9","PA",0,"PSMB9"
"PTGS2","EPN",0,"PTGS2"
"PTGS2","Normal",0,"PTGS2"
"PTGS2","MED",0,"PTGS2"
"PTGS2","PA",0,"PTGS2"
"PTGS2","GBM",0,"PTGS2"
"PTPN5","Normal",0,"PTPN5"
"PTPN5","EPN",0,"PTPN5"
"PTPN5","MED",0,"PTPN5"
"PTPN5","PA",0,"PTPN5"
"PTPN5","GBM",0,"PTPN5"
"PTPRR","MED",0,"PTPRR"
"PTPRR","GBM",0,"PTPRR"
"PTPRR","PA",0,"PTPRR"
"PTPRR","Normal",0,"PTPRR"
"PTPRR","EPN",0,"PTPRR"
"PTX3","Normal",0,"PTX3"
"PTX3","PA",0,"PTX3"
"PTX3","MED",0,"PTX3"
"PTX3","EPN",0,"PTX3"
"PVALB","MED",0,"PVALB"
"PVALB","PA",0,"PVALB"
"PVALB","GBM",0,"PVALB"
"PVALB","EPN",0,"PVALB"
"PYGM","EPN",0,"PYGM"
"PYGM","Normal",0,"PYGM"
"PYGM","PA",0,"PYGM"
"PYGM","MED",0,"PYGM"
"PYGM","GBM",0,"PYGM"
"RAB27B","MED",0,"RAB27B"
"RAB27B","GBM",0,"RAB27B"
"RAB27B","Normal",0,"RAB27B"
"RAB27B","EPN",0,"RAB27B"
"RAB27B","PA",0,"RAB27B"
"RAB33A","GBM",0,"RAB33A"
"RAB33A","PA",0,"RAB33A"
"RAB33A","Normal",0,"RAB33A"
"RAB33A","EPN",0,"RAB33A"
"RAB33A","MED",0,"RAB33A"
"RAB3C","PA",0,"RAB3C"
"RAB3C","Normal",0,"RAB3C"
"RAB3C","EPN",0,"RAB3C"
"RAB3C","MED",0,"RAB3C"
"RAB3C","GBM",0,"RAB3C"
"RALYL","GBM",0,"RALYL"
"RALYL","Normal",0,"RALYL"
"RALYL","MED",0,"RALYL"
"RALYL","PA",0,"RALYL"
"RALYL","EPN",0,"RALYL"
"RAMP3","MED",0,"RAMP3"
"RAMP3","EPN",0,"RAMP3"
"RAMP3","GBM",0,"RAMP3"
"RAMP3","PA",0,"RAMP3"
"RAMP3","Normal",0,"RAMP3"
"RARRES1","PA",0,"RARRES1"
"RARRES1","GBM",0,"RARRES1"
"RARRES1","Normal",0,"RARRES1"
"RARRES1","EPN",0,"RARRES1"
"RARRES1","MED",0,"RARRES1"
"RASGEF1A","Normal",0,"RASGEF1A"
"RASGEF1A","GBM",0,"RASGEF1A"
"RASGEF1A","MED",0,"RASGEF1A"
"RASGEF1A","PA",0,"RASGEF1A"
"RASGEF1A","EPN",0,"RASGEF1A"
"RASGRP1","Normal",0,"RASGRP1"
"RASGRP1","MED",0,"RASGRP1"
"RASGRP1","PA",0,"RASGRP1"
"RASGRP1","GBM",0,"RASGRP1"
"RASGRP1","EPN",0,"RASGRP1"
"RASL10A","GBM",0,"RASL10A"
"RASL10A","EPN",0,"RASL10A"
"RASL10A","MED",0,"RASL10A"
"RASL10A","PA",0,"RASL10A"
"RASL10A","Normal",0,"RASL10A"
"RBFOX1","GBM",0,"RBFOX1"
"RBFOX1","Normal",0,"RBFOX1"
"RBFOX1","PA",0,"RBFOX1"
"RBFOX1","MED",0,"RBFOX1"
"RBFOX1","EPN",0,"RBFOX1"
"RBFOX3","GBM",0,"RBFOX3"
"RBFOX3","MED",0,"RBFOX3"
"RBFOX3","Normal",0,"RBFOX3"
"RBFOX3","PA",0,"RBFOX3"
"RBFOX3","EPN",0,"RBFOX3"
"RBM24","MED",0,"RBM24"
"RBM24","PA",0,"RBM24"
"RBM24","Normal",0,"RBM24"
"RBM24","EPN",0,"RBM24"
"RBM24","GBM",0,"RBM24"
"RCAN2","MED",0,"RCAN2"
"RCAN2","GBM",0,"RCAN2"
"RCAN2","PA",0,"RCAN2"
"RCAN2","Normal",0,"RCAN2"
"RCAN2","EPN",0,"RCAN2"
"RCAN3","MED",0,"RCAN3"
"RCAN3","GBM",0,"RCAN3"
"RCAN3","Normal",0,"RCAN3"
"RCAN3","EPN",0,"RCAN3"
"RCAN3","PA",0,"RCAN3"
"RELN","MED",0,"RELN"
"RELN","PA",0,"RELN"
"RELN","Normal",0,"RELN"
"RELN","GBM",0,"RELN"
"RELN","EPN",0,"RELN"
"RFPL1S","Normal",0,"RFPL1S"
"RFPL1S","PA",0,"RFPL1S"
"RFPL1S","GBM",0,"RFPL1S"
"RFPL1S","MED",0,"RFPL1S"
"RFPL1S","EPN",0,"RFPL1S"
"RFX4","PA",0,"RFX4"
"RFX4","Normal",0,"RFX4"
"RFX4","MED",0,"RFX4"
"RFX4","GBM",0,"RFX4"
"RFX4","EPN",0,"RFX4"
"RGS4","PA",0,"RGS4"
"RGS4","GBM",0,"RGS4"
"RGS4","MED",0,"RGS4"
"RGS4","EPN",0,"RGS4"
"RGS4","Normal",0,"RGS4"
"RGS7","GBM",0,"RGS7"
"RGS7","Normal",0,"RGS7"
"RGS7","MED",0,"RGS7"
"RGS7","EPN",0,"RGS7"
"RGS7","PA",0,"RGS7"
"RIBC1","Normal",0,"RIBC1"
"RIBC1","PA",0,"RIBC1"
"RIBC1","GBM",0,"RIBC1"
"RIBC1","MED",0,"RIBC1"
"RIBC1","EPN",0,"RIBC1"
"RIMS1","MED",0,"RIMS1"
"RIMS1","GBM",0,"RIMS1"
"RIMS1","Normal",0,"RIMS1"
"RIMS1","EPN",0,"RIMS1"
"RIMS1","PA",0,"RIMS1"
"RIMS2","Normal",0,"RIMS2"
"RIMS2","MED",0,"RIMS2"
"RIMS2","PA",0,"RIMS2"
"RIMS2","GBM",0,"RIMS2"
"RIMS2","EPN",0,"RIMS2"
"RIMS3","GBM",0,"RIMS3"
"RIMS3","Normal",0,"RIMS3"
"RIMS3","EPN",0,"RIMS3"
"RIMS3","PA",0,"RIMS3"
"RIMS3","MED",0,"RIMS3"
"RIT2","EPN",0,"RIT2"
"RIT2","MED",0,"RIT2"
"RIT2","Normal",0,"RIT2"
"RIT2","PA",0,"RIT2"
"RIT2","GBM",0,"RIT2"
"RMST","PA",0,"RMST"
"RMST","GBM",0,"RMST"
"RMST","EPN",0,"RMST"
"RMST","Normal",0,"RMST"
"RMST","MED",0,"RMST"
"RNF112","GBM",0,"RNF112"
"RNF112","EPN",0,"RNF112"
"RNF112","MED",0,"RNF112"
"RNF112","PA",0,"RNF112"
"RNF112","Normal",0,"RNF112"
"RNF128","Normal",0,"RNF128"
"RNF128","GBM",0,"RNF128"
"RNF128","MED",0,"RNF128"
"RNF128","EPN",0,"RNF128"
"RNF43","GBM",0,"RNF43"
"RNF43","MED",0,"RNF43"
"RNF43","EPN",0,"RNF43"
"RNF43","PA",0,"RNF43"
"RNF43","Normal",0,"RNF43"
"ROBO2","GBM",0,"ROBO2"
"ROBO2","MED",0,"ROBO2"
"ROBO2","Normal",0,"ROBO2"
"ROBO2","EPN",0,"ROBO2"
"ROBO2","PA",0,"ROBO2"
"ROPN1L","Normal",0,"ROPN1L"
"ROPN1L","GBM",0,"ROPN1L"
"ROPN1L","PA",0,"ROPN1L"
"ROPN1L","EPN",0,"ROPN1L"
"ROPN1L","MED",0,"ROPN1L"
"ROR1","EPN",0,"ROR1"
"ROR1","Normal",0,"ROR1"
"ROR1","MED",0,"ROR1"
"ROR1","PA",0,"ROR1"
"ROR1","GBM",0,"ROR1"
"ROR2","PA",0,"ROR2"
"ROR2","MED",0,"ROR2"
"ROR2","GBM",0,"ROR2"
"ROR2","Normal",0,"ROR2"
"ROR2","EPN",0,"ROR2"
"RPH3A","GBM",0,"RPH3A"
"RPH3A","MED",0,"RPH3A"
"RPH3A","PA",0,"RPH3A"
"RPH3A","EPN",0,"RPH3A"
"RPH3A","Normal",0,"RPH3A"
"RPS4Y1","MED",0,"RPS4Y1"
"RPS4Y1","PA",0,"RPS4Y1"
"RPS4Y1","GBM",0,"RPS4Y1"
"RPS4Y1","Normal",0,"RPS4Y1"
"RPS4Y1","EPN",0,"RPS4Y1"
"RRM2","EPN",0,"RRM2"
"RRM2","Normal",0,"RRM2"
"RRM2","MED",0,"RRM2"
"RRM2","PA",0,"RRM2"
"RRM2","GBM",0,"RRM2"
"RSPH1","GBM",0,"RSPH1"
"RSPH1","Normal",0,"RSPH1"
"RSPH1","PA",0,"RSPH1"
"RSPH1","EPN",0,"RSPH1"
"RSPH1","MED",0,"RSPH1"
"RSPH4A","MED",0,"RSPH4A"
"RSPH4A","PA",0,"RSPH4A"
"RSPH4A","GBM",0,"RSPH4A"
"RSPH4A","EPN",0,"RSPH4A"
"RSPH4A","Normal",0,"RSPH4A"
"RSPH9","MED",0,"RSPH9"
"RSPH9","Normal",0,"RSPH9"
"RSPH9","GBM",0,"RSPH9"
"RSPH9","PA",0,"RSPH9"
"RSPO2","MED",0,"RSPO2"
"RSPO2","PA",0,"RSPO2"
"RSPO2","EPN",0,"RSPO2"
"RSPO2","GBM",0,"RSPO2"
"RSPO2","Normal",0,"RSPO2"
"RSPO3","Normal",0,"RSPO3"
"RSPO3","MED",0,"RSPO3"
"RSPO3","PA",0,"RSPO3"
"RSPO3","GBM",0,"RSPO3"
"RSPO3","EPN",0,"RSPO3"
"RUNDC3A","Normal",0,"RUNDC3A"
"RUNDC3A","PA",0,"RUNDC3A"
"RUNDC3A","MED",0,"RUNDC3A"
"RUNDC3A","GBM",0,"RUNDC3A"
"RUNDC3A","EPN",0,"RUNDC3A"
"RUNX2","GBM",0,"RUNX2"
"RUNX2","Normal",0,"RUNX2"
"RUNX2","MED",0,"RUNX2"
"RUNX2","PA",0,"RUNX2"
"RUNX2","EPN",0,"RUNX2"
"RYR3","Normal",0,"RYR3"
"RYR3","MED",0,"RYR3"
"RYR3","EPN",0,"RYR3"
"RYR3","GBM",0,"RYR3"
"RYR3","PA",0,"RYR3"
"S100A8","Normal",0,"S100A8"
"S100A8","MED",0,"S100A8"
"S100A8","PA",0,"S100A8"
"S100A8","GBM",0,"S100A8"
"S100A8","EPN",0,"S100A8"
"S100B","Normal",0,"S100B"
"S100B","GBM",0,"S100B"
"S100B","EPN",0,"S100B"
"S100B","MED",0,"S100B"
"S100B","PA",0,"S100B"
"SALL1","GBM",0,"SALL1"
"SALL1","Normal",0,"SALL1"
"SALL1","MED",0,"SALL1"
"SALL1","PA",0,"SALL1"
"SALL1","EPN",0,"SALL1"
"SALL3","Normal",0,"SALL3"
"SALL3","MED",0,"SALL3"
"SALL3","EPN",0,"SALL3"
"SALL3","GBM",0,"SALL3"
"SALL3","PA",0,"SALL3"
"SAPCD2","PA",0,"SAPCD2"
"SAPCD2","GBM",0,"SAPCD2"
"SAPCD2","MED",0,"SAPCD2"
"SAPCD2","Normal",0,"SAPCD2"
"SAPCD2","EPN",0,"SAPCD2"
"SATB2","MED",0,"SATB2"
"SATB2","Normal",0,"SATB2"
"SATB2","PA",0,"SATB2"
"SATB2","GBM",0,"SATB2"
"SATB2","EPN",0,"SATB2"
"SCG5","EPN",0,"SCG5"
"SCG5","GBM",0,"SCG5"
"SCG5","PA",0,"SCG5"
"SCG5","Normal",0,"SCG5"
"SCG5","MED",0,"SCG5"
"SCIN","Normal",0,"SCIN"
"SCIN","GBM",0,"SCIN"
"SCIN","MED",0,"SCIN"
"SCIN","PA",0,"SCIN"
"SCIN","EPN",0,"SCIN"
"SCN1A","MED",0,"SCN1A"
"SCN1A","GBM",0,"SCN1A"
"SCN1A","PA",0,"SCN1A"
"SCN1A","Normal",0,"SCN1A"
"SCN1A","EPN",0,"SCN1A"
"SCN2A","GBM",0,"SCN2A"
"SCN2A","MED",0,"SCN2A"
"SCN2A","Normal",0,"SCN2A"
"SCN2A","PA",0,"SCN2A"
"SCN2A","EPN",0,"SCN2A"
"SCN2B","Normal",0,"SCN2B"
"SCN2B","GBM",0,"SCN2B"
"SCN2B","EPN",0,"SCN2B"
"SCN2B","PA",0,"SCN2B"
"SCN2B","MED",0,"SCN2B"
"SCN3A","Normal",0,"SCN3A"
"SCN3A","MED",0,"SCN3A"
"SCN3A","EPN",0,"SCN3A"
"SCN3A","PA",0,"SCN3A"
"SCN3A","GBM",0,"SCN3A"
"SCN3B","MED",0,"SCN3B"
"SCN3B","Normal",0,"SCN3B"
"SCN3B","GBM",0,"SCN3B"
"SCN3B","PA",0,"SCN3B"
"SCN3B","EPN",0,"SCN3B"
"SCN7A","Normal",0,"SCN7A"
"SCN7A","PA",0,"SCN7A"
"SCN7A","MED",0,"SCN7A"
"SCN7A","GBM",0,"SCN7A"
"SCN7A","EPN",0,"SCN7A"
"SCRG1","PA",0,"SCRG1"
"SCRG1","GBM",0,"SCRG1"
"SCRG1","MED",0,"SCRG1"
"SCRG1","Normal",0,"SCRG1"
"SCRG1","EPN",0,"SCRG1"
"SCUBE2","MED",0,"SCUBE2"
"SCUBE2","Normal",0,"SCUBE2"
"SCUBE2","PA",0,"SCUBE2"
"SCUBE2","GBM",0,"SCUBE2"
"SCUBE2","EPN",0,"SCUBE2"
"SEL1L2","Normal",0,"SEL1L2"
"SEL1L2","MED",0,"SEL1L2"
"SEL1L2","PA",0,"SEL1L2"
"SEL1L2","EPN",0,"SEL1L2"
"SELENBP1","EPN",0,"SELENBP1"
"SELENBP1","Normal",0,"SELENBP1"
"SELENBP1","MED",0,"SELENBP1"
"SELENBP1","PA",0,"SELENBP1"
"SELENBP1","GBM",0,"SELENBP1"
"SEMA3C","MED",0,"SEMA3C"
"SEMA3C","GBM",0,"SEMA3C"
"SEMA3C","Normal",0,"SEMA3C"
"SEMA3C","EPN",0,"SEMA3C"
"SEMA3C","PA",0,"SEMA3C"
"SEMA3E","MED",0,"SEMA3E"
"SEMA3E","GBM",0,"SEMA3E"
"SEMA3E","Normal",0,"SEMA3E"
"SEMA3E","EPN",0,"SEMA3E"
"SEMA3E","PA",0,"SEMA3E"
"SEMA5A","GBM",0,"SEMA5A"
"SEMA5A","EPN",0,"SEMA5A"
"SEMA5A","Normal",0,"SEMA5A"
"SEMA5A","MED",0,"SEMA5A"
"SEMA5A","PA",0,"SEMA5A"
"SERPINA3","MED",0,"SERPINA3"
"SERPINA3","EPN",0,"SERPINA3"
"SERPINA3","Normal",0,"SERPINA3"
"SERPINA3","GBM",0,"SERPINA3"
"SERPINA3","PA",0,"SERPINA3"
"SERPINA5","Normal",0,"SERPINA5"
"SERPINA5","GBM",0,"SERPINA5"
"SERPINA5","MED",0,"SERPINA5"
"SERPINA5","PA",0,"SERPINA5"
"SERPINA5","EPN",0,"SERPINA5"
"SERPINE1","Normal",0,"SERPINE1"
"SERPINE1","MED",0,"SERPINE1"
"SERPINE1","PA",0,"SERPINE1"
"SERPINE1","GBM",0,"SERPINE1"
"SERPINE1","EPN",0,"SERPINE1"
"SERPINF1","MED",0,"SERPINF1"
"SERPINF1","Normal",0,"SERPINF1"
"SERPINF1","GBM",0,"SERPINF1"
"SERPINF1","EPN",0,"SERPINF1"
"SERPINF1","PA",0,"SERPINF1"
"SERTM1","GBM",0,"SERTM1"
"SERTM1","MED",0,"SERTM1"
"SERTM1","EPN",0,"SERTM1"
"SERTM1","Normal",0,"SERTM1"
"SERTM1","PA",0,"SERTM1"
"SEZ6","Normal",0,"SEZ6"
"SEZ6","GBM",0,"SEZ6"
"SEZ6","EPN",0,"SEZ6"
"SEZ6","PA",0,"SEZ6"
"SEZ6","MED",0,"SEZ6"
"SEZ6L","MED",0,"SEZ6L"
"SEZ6L","GBM",0,"SEZ6L"
"SEZ6L","Normal",0,"SEZ6L"
"SEZ6L","EPN",0,"SEZ6L"
"SEZ6L","PA",0,"SEZ6L"
"SEZ6L2","GBM",0,"SEZ6L2"
"SEZ6L2","Normal",0,"SEZ6L2"
"SEZ6L2","PA",0,"SEZ6L2"
"SEZ6L2","MED",0,"SEZ6L2"
"SEZ6L2","EPN",0,"SEZ6L2"
"SFRP1","EPN",0,"SFRP1"
"SFRP1","MED",0,"SFRP1"
"SFRP1","PA",0,"SFRP1"
"SFRP1","GBM",0,"SFRP1"
"SFRP1","Normal",0,"SFRP1"
"SFRP2","MED",0,"SFRP2"
"SFRP2","GBM",0,"SFRP2"
"SFRP2","Normal",0,"SFRP2"
"SFRP2","PA",0,"SFRP2"
"SFRP2","EPN",0,"SFRP2"
"SFRP4","PA",0,"SFRP4"
"SFRP4","MED",0,"SFRP4"
"SFRP4","EPN",0,"SFRP4"
"SFRP4","GBM",0,"SFRP4"
"SFRP4","Normal",0,"SFRP4"
"SGIP1","MED",0,"SGIP1"
"SGIP1","GBM",0,"SGIP1"
"SGIP1","Normal",0,"SGIP1"
"SGIP1","EPN",0,"SGIP1"
"SGIP1","PA",0,"SGIP1"
"SH3GL2","MED",0,"SH3GL2"
"SH3GL2","GBM",0,"SH3GL2"
"SH3GL2","PA",0,"SH3GL2"
"SH3GL2","Normal",0,"SH3GL2"
"SH3GL2","EPN",0,"SH3GL2"
"SH3GL3","EPN",0,"SH3GL3"
"SH3GL3","Normal",0,"SH3GL3"
"SH3GL3","PA",0,"SH3GL3"
"SH3GL3","MED",0,"SH3GL3"
"SH3GL3","GBM",0,"SH3GL3"
"SHANK2","MED",0,"SHANK2"
"SHANK2","PA",0,"SHANK2"
"SHANK2","Normal",0,"SHANK2"
"SHANK2","EPN",0,"SHANK2"
"SHANK2","GBM",0,"SHANK2"
"SHC3","MED",0,"SHC3"
"SHC3","GBM",0,"SHC3"
"SHC3","EPN",0,"SHC3"
"SHC3","Normal",0,"SHC3"
"SHC3","PA",0,"SHC3"
"SHD","PA",0,"SHD"
"SHD","GBM",0,"SHD"
"SHD","MED",0,"SHD"
"SHD","Normal",0,"SHD"
"SHD","EPN",0,"SHD"
"SHISA6","EPN",0,"SHISA6"
"SHISA6","MED",0,"SHISA6"
"SHISA6","PA",0,"SHISA6"
"SHISA6","Normal",0,"SHISA6"
"SHISA6","GBM",0,"SHISA6"
"SHISA9","GBM",0,"SHISA9"
"SHISA9","EPN",0,"SHISA9"
"SHISA9","MED",0,"SHISA9"
"SHISA9","Normal",0,"SHISA9"
"SHOX2","PA",0,"SHOX2"
"SHOX2","MED",0,"SHOX2"
"SHOX2","GBM",0,"SHOX2"
"SHOX2","Normal",0,"SHOX2"
"SHOX2","EPN",0,"SHOX2"
"SIX1","Normal",0,"SIX1"
"SIX1","PA",0,"SIX1"
"SIX1","MED",0,"SIX1"
"SIX1","GBM",0,"SIX1"
"SIX1","EPN",0,"SIX1"
"SIX6","MED",0,"SIX6"
"SIX6","PA",0,"SIX6"
"SIX6","Normal",0,"SIX6"
"SIX6","EPN",0,"SIX6"
"SIX6","GBM",0,"SIX6"
"SLC12A5","GBM",0,"SLC12A5"
"SLC12A5","MED",0,"SLC12A5"
"SLC12A5","PA",0,"SLC12A5"
"SLC12A5","Normal",0,"SLC12A5"
"SLC12A5","EPN",0,"SLC12A5"
"SLC14A1","Normal",0,"SLC14A1"
"SLC14A1","MED",0,"SLC14A1"
"SLC14A1","EPN",0,"SLC14A1"
"SLC14A1","GBM",0,"SLC14A1"
"SLC14A1","PA",0,"SLC14A1"
"SLC15A2","MED",0,"SLC15A2"
"SLC15A2","GBM",0,"SLC15A2"
"SLC15A2","Normal",0,"SLC15A2"
"SLC15A2","PA",0,"SLC15A2"
"SLC15A2","EPN",0,"SLC15A2"
"SLC17A6","GBM",0,"SLC17A6"
"SLC17A6","PA",0,"SLC17A6"
"SLC17A6","MED",0,"SLC17A6"
"SLC17A6","Normal",0,"SLC17A6"
"SLC17A6","EPN",0,"SLC17A6"
"SLC17A7","Normal",0,"SLC17A7"
"SLC17A7","GBM",0,"SLC17A7"
"SLC17A7","EPN",0,"SLC17A7"
"SLC17A7","PA",0,"SLC17A7"
"SLC17A7","MED",0,"SLC17A7"
"SLC1A1","Normal",0,"SLC1A1"
"SLC1A1","PA",0,"SLC1A1"
"SLC1A1","GBM",0,"SLC1A1"
"SLC1A1","EPN",0,"SLC1A1"
"SLC1A1","MED",0,"SLC1A1"
"SLC1A6","Normal",0,"SLC1A6"
"SLC1A6","MED",0,"SLC1A6"
"SLC1A6","PA",0,"SLC1A6"
"SLC1A6","GBM",0,"SLC1A6"
"SLC1A6","EPN",0,"SLC1A6"
"SLC24A2","PA",0,"SLC24A2"
"SLC24A2","MED",0,"SLC24A2"
"SLC24A2","GBM",0,"SLC24A2"
"SLC24A2","Normal",0,"SLC24A2"
"SLC24A2","EPN",0,"SLC24A2"
"SLC25A18","MED",0,"SLC25A18"
"SLC25A18","PA",0,"SLC25A18"
"SLC25A18","GBM",0,"SLC25A18"
"SLC25A18","Normal",0,"SLC25A18"
"SLC25A18","EPN",0,"SLC25A18"
"SLC27A6","Normal",0,"SLC27A6"
"SLC27A6","GBM",0,"SLC27A6"
"SLC27A6","MED",0,"SLC27A6"
"SLC27A6","EPN",0,"SLC27A6"
"SLC27A6","PA",0,"SLC27A6"
"SLC2A13","Normal",0,"SLC2A13"
"SLC2A13","MED",0,"SLC2A13"
"SLC2A13","EPN",0,"SLC2A13"
"SLC2A13","GBM",0,"SLC2A13"
"SLC2A13","PA",0,"SLC2A13"
"SLC35F6","Normal",0,"SLC35F6"
"SLC35F6","MED",0,"SLC35F6"
"SLC35F6","EPN",0,"SLC35F6"
"SLC35F6","GBM",0,"SLC35F6"
"SLC35F6","PA",0,"SLC35F6"
"SLC39A12","Normal",0,"SLC39A12"
"SLC39A12","PA",0,"SLC39A12"
"SLC39A12","MED",0,"SLC39A12"
"SLC39A12","EPN",0,"SLC39A12"
"SLC39A12","GBM",0,"SLC39A12"
"SLC47A2","PA",0,"SLC47A2"
"SLC47A2","GBM",0,"SLC47A2"
"SLC47A2","MED",0,"SLC47A2"
"SLC47A2","Normal",0,"SLC47A2"
"SLC47A2","EPN",0,"SLC47A2"
"SLC6A13","MED",0,"SLC6A13"
"SLC6A13","PA",0,"SLC6A13"
"SLC6A13","GBM",0,"SLC6A13"
"SLC6A13","Normal",0,"SLC6A13"
"SLC6A13","EPN",0,"SLC6A13"
"SLC6A15","EPN",0,"SLC6A15"
"SLC6A15","Normal",0,"SLC6A15"
"SLC6A15","GBM",0,"SLC6A15"
"SLC6A15","MED",0,"SLC6A15"
"SLC6A15","PA",0,"SLC6A15"
"SLC7A14","MED",0,"SLC7A14"
"SLC7A14","Normal",0,"SLC7A14"
"SLC7A14","PA",0,"SLC7A14"
"SLC7A14","GBM",0,"SLC7A14"
"SLC7A14","EPN",0,"SLC7A14"
"SLC7A2","EPN",0,"SLC7A2"
"SLC7A2","Normal",0,"SLC7A2"
"SLC7A2","MED",0,"SLC7A2"
"SLC7A2","PA",0,"SLC7A2"
"SLC7A2","GBM",0,"SLC7A2"
"SLC8A2","GBM",0,"SLC8A2"
"SLC8A2","MED",0,"SLC8A2"
"SLC8A2","PA",0,"SLC8A2"
"SLC8A2","Normal",0,"SLC8A2"
"SLC8A2","EPN",0,"SLC8A2"
"SLC8A3","GBM",0,"SLC8A3"
"SLC8A3","PA",0,"SLC8A3"
"SLC8A3","EPN",0,"SLC8A3"
"SLC8A3","MED",0,"SLC8A3"
"SLC8A3","Normal",0,"SLC8A3"
"SLCO1C1","Normal",0,"SLCO1C1"
"SLCO1C1","MED",0,"SLCO1C1"
"SLCO1C1","EPN",0,"SLCO1C1"
"SLCO1C1","GBM",0,"SLCO1C1"
"SLCO1C1","PA",0,"SLCO1C1"
"SLIT1","MED",0,"SLIT1"
"SLIT1","Normal",0,"SLIT1"
"SLIT1","GBM",0,"SLIT1"
"SLIT1","PA",0,"SLIT1"
"SLIT1","EPN",0,"SLIT1"
"SLIT2","Normal",0,"SLIT2"
"SLIT2","MED",0,"SLIT2"
"SLIT2","EPN",0,"SLIT2"
"SLIT2","PA",0,"SLIT2"
"SLITRK1","GBM",0,"SLITRK1"
"SLITRK1","Normal",0,"SLITRK1"
"SLITRK1","MED",0,"SLITRK1"
"SLITRK1","EPN",0,"SLITRK1"
"SLITRK1","PA",0,"SLITRK1"
"SLITRK3","PA",0,"SLITRK3"
"SLITRK3","Normal",0,"SLITRK3"
"SLITRK3","EPN",0,"SLITRK3"
"SLITRK3","GBM",0,"SLITRK3"
"SLITRK3","MED",0,"SLITRK3"
"SLITRK4","MED",0,"SLITRK4"
"SLITRK4","Normal",0,"SLITRK4"
"SLITRK4","PA",0,"SLITRK4"
"SLITRK4","GBM",0,"SLITRK4"
"SLITRK4","EPN",0,"SLITRK4"
"SLN","GBM",0,"SLN"
"SLN","PA",0,"SLN"
"SLN","Normal",0,"SLN"
"SLN","MED",0,"SLN"
"SLN","EPN",0,"SLN"
"SLPI","Normal",0,"SLPI"
"SLPI","MED",0,"SLPI"
"SLPI","PA",0,"SLPI"
"SLPI","GBM",0,"SLPI"
"SLPI","EPN",0,"SLPI"
"SMOC1","Normal",0,"SMOC1"
"SMOC1","MED",0,"SMOC1"
"SMOC1","GBM",0,"SMOC1"
"SMOC1","EPN",0,"SMOC1"
"SMOC1","PA",0,"SMOC1"
"SNAP25","MED",0,"SNAP25"
"SNAP25","EPN",0,"SNAP25"
"SNAP25","Normal",0,"SNAP25"
"SNAP25","PA",0,"SNAP25"
"SNAP25","GBM",0,"SNAP25"
"SNAP91","MED",0,"SNAP91"
"SNAP91","Normal",0,"SNAP91"
"SNAP91","PA",0,"SNAP91"
"SNAP91","GBM",0,"SNAP91"
"SNAP91","EPN",0,"SNAP91"
"SNCAIP","GBM",0,"SNCAIP"
"SNCAIP","MED",0,"SNCAIP"
"SNCAIP","PA",0,"SNCAIP"
"SNCAIP","EPN",0,"SNCAIP"
"SNCAIP","Normal",0,"SNCAIP"
"SNCB","MED",0,"SNCB"
"SNCB","PA",0,"SNCB"
"SNCB","GBM",0,"SNCB"
"SNCB","Normal",0,"SNCB"
"SNCB","EPN",0,"SNCB"
"SNHG17","Normal",0,"SNHG17"
"SNHG17","GBM",0,"SNHG17"
"SNHG17","MED",0,"SNHG17"
"SNHG17","EPN",0,"SNHG17"
"SNHG17","PA",0,"SNHG17"
"SORCS1","MED",0,"SORCS1"
"SORCS1","PA",0,"SORCS1"
"SORCS1","GBM",0,"SORCS1"
"SORCS1","EPN",0,"SORCS1"
"SORCS1","Normal",0,"SORCS1"
"SORCS3","PA",0,"SORCS3"
"SORCS3","Normal",0,"SORCS3"
"SORCS3","MED",0,"SORCS3"
"SORCS3","GBM",0,"SORCS3"
"SORCS3","EPN",0,"SORCS3"
"SOX1","MED",0,"SOX1"
"SOX1","Normal",0,"SOX1"
"SOX1","GBM",0,"SOX1"
"SOX1","PA",0,"SOX1"
"SOX1","EPN",0,"SOX1"
"SOX10","EPN",0,"SOX10"
"SOX10","MED",0,"SOX10"
"SOX10","Normal",0,"SOX10"
"SOX10","GBM",0,"SOX10"
"SOX10","PA",0,"SOX10"
"SOX2.OT","Normal",0,"SOX2-OT"
"SOX2.OT","PA",0,"SOX2-OT"
"SOX2.OT","EPN",0,"SOX2-OT"
"SOX8","Normal",0,"SOX8"
"SOX8","PA",0,"SOX8"
"SOX8","MED",0,"SOX8"
"SOX8","GBM",0,"SOX8"
"SOX8","EPN",0,"SOX8"
"SPAG1","MED",0,"SPAG1"
"SPAG1","PA",0,"SPAG1"
"SPAG1","GBM",0,"SPAG1"
"SPAG1","EPN",0,"SPAG1"
"SPAG1","Normal",0,"SPAG1"
"SPAG17","MED",0,"SPAG17"
"SPAG17","GBM",0,"SPAG17"
"SPAG17","Normal",0,"SPAG17"
"SPAG17","EPN",0,"SPAG17"
"SPAG17","PA",0,"SPAG17"
"SPAG6","MED",0,"SPAG6"
"SPAG6","PA",0,"SPAG6"
"SPAG6","Normal",0,"SPAG6"
"SPAG6","GBM",0,"SPAG6"
"SPAG6","EPN",0,"SPAG6"
"SPATA17","MED",0,"SPATA17"
"SPATA17","PA",0,"SPATA17"
"SPATA17","GBM",0,"SPATA17"
"SPATA17","Normal",0,"SPATA17"
"SPATA17","EPN",0,"SPATA17"
"SPATA18","Normal",0,"SPATA18"
"SPATA18","GBM",0,"SPATA18"
"SPATA18","PA",0,"SPATA18"
"SPATA18","MED",0,"SPATA18"
"SPATA18","EPN",0,"SPATA18"
"SPHKAP","MED",0,"SPHKAP"
"SPHKAP","Normal",0,"SPHKAP"
"SPHKAP","PA",0,"SPHKAP"
"SPHKAP","GBM",0,"SPHKAP"
"SPHKAP","EPN",0,"SPHKAP"
"SPOCD1","MED",0,"SPOCD1"
"SPOCD1","PA",0,"SPOCD1"
"SPOCD1","EPN",0,"SPOCD1"
"SPOCD1","GBM",0,"SPOCD1"
"SPOCD1","Normal",0,"SPOCD1"
"SPOCK1","GBM",0,"SPOCK1"
"SPOCK1","Normal",0,"SPOCK1"
"SPOCK1","PA",0,"SPOCK1"
"SPOCK1","MED",0,"SPOCK1"
"SPOCK1","EPN",0,"SPOCK1"
"SPOCK3","MED",0,"SPOCK3"
"SPOCK3","PA",0,"SPOCK3"
"SPOCK3","Normal",0,"SPOCK3"
"SPOCK3","GBM",0,"SPOCK3"
"SPOCK3","EPN",0,"SPOCK3"
"SPRY4","GBM",0,"SPRY4"
"SPRY4","MED",0,"SPRY4"
"SPRY4","EPN",0,"SPRY4"
"SPRY4","PA",0,"SPRY4"
"SPRY4","Normal",0,"SPRY4"
"SPX","GBM",0,"SPX"
"SPX","Normal",0,"SPX"
"SPX","PA",0,"SPX"
"SPX","MED",0,"SPX"
"SPX","EPN",0,"SPX"
"SRCIN1","Normal",0,"SRCIN1"
"SRCIN1","GBM",0,"SRCIN1"
"SRCIN1","PA",0,"SRCIN1"
"SRCIN1","MED",0,"SRCIN1"
"SRCIN1","EPN",0,"SRCIN1"
"SRPX","Normal",0,"SRPX"
"SRPX","PA",0,"SRPX"
"SRPX","EPN",0,"SRPX"
"SRPX","GBM",0,"SRPX"
"SRPX","MED",0,"SRPX"
"SRPX2","Normal",0,"SRPX2"
"SRPX2","GBM",0,"SRPX2"
"SRPX2","PA",0,"SRPX2"
"SRPX2","MED",0,"SRPX2"
"SRPX2","EPN",0,"SRPX2"
"SRRM4","GBM",0,"SRRM4"
"SRRM4","Normal",0,"SRRM4"
"SRRM4","MED",0,"SRRM4"
"SRRM4","EPN",0,"SRRM4"
"SRRM4","PA",0,"SRRM4"
"SST","MED",0,"SST"
"SST","PA",0,"SST"
"SST","GBM",0,"SST"
"SST","EPN",0,"SST"
"SSTR1","EPN",0,"SSTR1"
"SSTR1","Normal",0,"SSTR1"
"SSTR1","MED",0,"SSTR1"
"SSTR1","PA",0,"SSTR1"
"SSTR1","GBM",0,"SSTR1"
"SSTR2","MED",0,"SSTR2"
"SSTR2","EPN",0,"SSTR2"
"SSTR2","Normal",0,"SSTR2"
"SSTR2","GBM",0,"SSTR2"
"SSTR2","PA",0,"SSTR2"
"ST18","PA",0,"ST18"
"ST18","MED",0,"ST18"
"ST18","Normal",0,"ST18"
"ST18","GBM",0,"ST18"
"ST18","EPN",0,"ST18"
"ST6GAL2","GBM",0,"ST6GAL2"
"ST6GAL2","MED",0,"ST6GAL2"
"ST6GAL2","Normal",0,"ST6GAL2"
"ST6GAL2","EPN",0,"ST6GAL2"
"ST6GAL2","PA",0,"ST6GAL2"
"ST6GALNAC2","EPN",0,"ST6GALNAC2"
"ST6GALNAC2","GBM",0,"ST6GALNAC2"
"ST6GALNAC2","Normal",0,"ST6GALNAC2"
"ST6GALNAC2","PA",0,"ST6GALNAC2"
"ST6GALNAC2","MED",0,"ST6GALNAC2"
"ST6GALNAC5","MED",0,"ST6GALNAC5"
"ST6GALNAC5","Normal",0,"ST6GALNAC5"
"ST6GALNAC5","GBM",0,"ST6GALNAC5"
"ST6GALNAC5","EPN",0,"ST6GALNAC5"
"ST6GALNAC5","PA",0,"ST6GALNAC5"
"ST8SIA2","MED",0,"ST8SIA2"
"ST8SIA2","PA",0,"ST8SIA2"
"ST8SIA2","GBM",0,"ST8SIA2"
"ST8SIA2","EPN",0,"ST8SIA2"
"ST8SIA2","Normal",0,"ST8SIA2"
"ST8SIA3","MED",0,"ST8SIA3"
"ST8SIA3","PA",0,"ST8SIA3"
"ST8SIA3","GBM",0,"ST8SIA3"
"ST8SIA3","Normal",0,"ST8SIA3"
"ST8SIA3","EPN",0,"ST8SIA3"
"STK32B","MED",0,"STK32B"
"STK32B","Normal",0,"STK32B"
"STK32B","EPN",0,"STK32B"
"STK32B","GBM",0,"STK32B"
"STK32B","PA",0,"STK32B"
"STMN2","Normal",0,"STMN2"
"STMN2","PA",0,"STMN2"
"STMN2","MED",0,"STMN2"
"STMN2","EPN",0,"STMN2"
"STMN2","GBM",0,"STMN2"
"STMN4","GBM",0,"STMN4"
"STMN4","PA",0,"STMN4"
"STMN4","MED",0,"STMN4"
"STMN4","Normal",0,"STMN4"
"STMN4","EPN",0,"STMN4"
"STON1","EPN",0,"STON1"
"STON1","MED",0,"STON1"
"STON1","GBM",0,"STON1"
"STON1","PA",0,"STON1"
"STON1","Normal",0,"STON1"
"STUM","MED",0,"STUM"
"STUM","Normal",0,"STUM"
"STUM","GBM",0,"STUM"
"STUM","PA",0,"STUM"
"STUM","EPN",0,"STUM"
"STX1A","GBM",0,"STX1A"
"STX1A","PA",0,"STX1A"
"STX1A","MED",0,"STX1A"
"STX1A","EPN",0,"STX1A"
"STX1A","Normal",0,"STX1A"
"STXBP6","Normal",0,"STXBP6"
"STXBP6","GBM",0,"STXBP6"
"STXBP6","PA",0,"STXBP6"
"STXBP6","EPN",0,"STXBP6"
"STXBP6","MED",0,"STXBP6"
"SULF1","MED",0,"SULF1"
"SULF1","GBM",0,"SULF1"
"SULF1","PA",0,"SULF1"
"SULF1","Normal",0,"SULF1"
"SULF1","EPN",0,"SULF1"
"SULT4A1","Normal",0,"SULT4A1"
"SULT4A1","GBM",0,"SULT4A1"
"SULT4A1","MED",0,"SULT4A1"
"SULT4A1","PA",0,"SULT4A1"
"SULT4A1","EPN",0,"SULT4A1"
"SUSD5","Normal",0,"SUSD5"
"SUSD5","GBM",0,"SUSD5"
"SUSD5","MED",0,"SUSD5"
"SUSD5","PA",0,"SUSD5"
"SUSD5","EPN",0,"SUSD5"
"SV2B","PA",0,"SV2B"
"SV2B","MED",0,"SV2B"
"SV2B","GBM",0,"SV2B"
"SV2B","Normal",0,"SV2B"
"SV2B","EPN",0,"SV2B"
"SV2C","Normal",0,"SV2C"
"SV2C","PA",0,"SV2C"
"SV2C","MED",0,"SV2C"
"SV2C","EPN",0,"SV2C"
"SVOP","Normal",0,"SVOP"
"SVOP","MED",0,"SVOP"
"SVOP","PA",0,"SVOP"
"SVOP","GBM",0,"SVOP"
"SVOP","EPN",0,"SVOP"
"SYN1","Normal",0,"SYN1"
"SYN1","EPN",0,"SYN1"
"SYN1","PA",0,"SYN1"
"SYN1","GBM",0,"SYN1"
"SYN1","MED",0,"SYN1"
"SYN2","Normal",0,"SYN2"
"SYN2","MED",0,"SYN2"
"SYN2","EPN",0,"SYN2"
"SYN2","GBM",0,"SYN2"
"SYN2","PA",0,"SYN2"
"SYNGR3","MED",0,"SYNGR3"
"SYNGR3","GBM",0,"SYNGR3"
"SYNGR3","Normal",0,"SYNGR3"
"SYNGR3","EPN",0,"SYNGR3"
"SYNGR3","PA",0,"SYNGR3"
"SYNPR","Normal",0,"SYNPR"
"SYNPR","MED",0,"SYNPR"
"SYNPR","PA",0,"SYNPR"
"SYNPR","EPN",0,"SYNPR"
"SYNPR","GBM",0,"SYNPR"
"SYT1","MED",0,"SYT1"
"SYT1","PA",0,"SYT1"
"SYT1","Normal",0,"SYT1"
"SYT1","GBM",0,"SYT1"
"SYT1","EPN",0,"SYT1"
"SYT13","Normal",0,"SYT13"
"SYT13","GBM",0,"SYT13"
"SYT13","EPN",0,"SYT13"
"SYT13","MED",0,"SYT13"
"SYT13","PA",0,"SYT13"
"SYT4","MED",0,"SYT4"
"SYT4","PA",0,"SYT4"
"SYT4","GBM",0,"SYT4"
"SYT4","Normal",0,"SYT4"
"SYT4","EPN",0,"SYT4"
"TAC1","EPN",0,"TAC1"
"TAC1","Normal",0,"TAC1"
"TAC1","GBM",0,"TAC1"
"TAC1","MED",0,"TAC1"
"TAC1","PA",0,"TAC1"
"TBR1","EPN",0,"TBR1"
"TBR1","PA",0,"TBR1"
"TBR1","MED",0,"TBR1"
"TBR1","GBM",0,"TBR1"
"TBR1","Normal",0,"TBR1"
"TCERG1L","Normal",0,"TCERG1L"
"TCERG1L","EPN",0,"TCERG1L"
"TCERG1L","GBM",0,"TCERG1L"
"TCERG1L","PA",0,"TCERG1L"
"TCERG1L","MED",0,"TCERG1L"
"TCTEX1D1","GBM",0,"TCTEX1D1"
"TCTEX1D1","PA",0,"TCTEX1D1"
"TCTEX1D1","MED",0,"TCTEX1D1"
"TCTEX1D1","EPN",0,"TCTEX1D1"
"TCTEX1D1","Normal",0,"TCTEX1D1"
"TDRD9","MED",0,"TDRD9"
"TDRD9","Normal",0,"TDRD9"
"TDRD9","EPN",0,"TDRD9"
"TDRD9","PA",0,"TDRD9"
"TDRD9","GBM",0,"TDRD9"
"TEKT1","Normal",0,"TEKT1"
"TEKT1","MED",0,"TEKT1"
"TEKT1","GBM",0,"TEKT1"
"TEKT1","PA",0,"TEKT1"
"TEKT1","EPN",0,"TEKT1"
"TEKT4P2","EPN",0,"TEKT4P2"
"TEKT4P2","PA",0,"TEKT4P2"
"TEKT4P2","MED",0,"TEKT4P2"
"TEKT4P2","GBM",0,"TEKT4P2"
"TEKT4P2","Normal",0,"TEKT4P2"
"TENM1","MED",0,"TENM1"
"TENM1","Normal",0,"TENM1"
"TENM1","EPN",0,"TENM1"
"TENM1","PA",0,"TENM1"
"TENM1","GBM",0,"TENM1"
"TENM2","GBM",0,"TENM2"
"TENM2","Normal",0,"TENM2"
"TENM2","MED",0,"TENM2"
"TENM2","PA",0,"TENM2"
"TENM2","EPN",0,"TENM2"
"TENM3","MED",0,"TENM3"
"TENM3","EPN",0,"TENM3"
"TENM3","Normal",0,"TENM3"
"TENM3","GBM",0,"TENM3"
"TENM3","PA",0,"TENM3"
"TEX26","PA",0,"TEX26"
"TEX26","EPN",0,"TEX26"
"TEX26","MED",0,"TEX26"
"TEX26","Normal",0,"TEX26"
"TEX26","GBM",0,"TEX26"
"TEX9","MED",0,"TEX9"
"TEX9","EPN",0,"TEX9"
"TEX9","Normal",0,"TEX9"
"TEX9","PA",0,"TEX9"
"TEX9","GBM",0,"TEX9"
"TF","Normal",0,"TF"
"TF","PA",0,"TF"
"TF","MED",0,"TF"
"TF","EPN",0,"TF"
"TF","GBM",0,"TF"
"TFCP2L1","MED",0,"TFCP2L1"
"TFCP2L1","Normal",0,"TFCP2L1"
"TFCP2L1","PA",0,"TFCP2L1"
"TFCP2L1","GBM",0,"TFCP2L1"
"TFCP2L1","EPN",0,"TFCP2L1"
"TGFA","MED",0,"TGFA"
"TGFA","PA",0,"TGFA"
"TGFA","Normal",0,"TGFA"
"TGFA","GBM",0,"TGFA"
"TGFA","EPN",0,"TGFA"
"THRB","EPN",0,"THRB"
"THRB","GBM",0,"THRB"
"THRB","Normal",0,"THRB"
"THRB","PA",0,"THRB"
"THRB","MED",0,"THRB"
"THSD4","MED",0,"THSD4"
"THSD4","GBM",0,"THSD4"
"THSD4","EPN",0,"THSD4"
"THSD4","PA",0,"THSD4"
"THSD4","Normal",0,"THSD4"
"TIMP4","MED",0,"TIMP4"
"TIMP4","EPN",0,"TIMP4"
"TIMP4","GBM",0,"TIMP4"
"TIMP4","Normal",0,"TIMP4"
"TIMP4","PA",0,"TIMP4"
"TKTL1","GBM",0,"TKTL1"
"TKTL1","Normal",0,"TKTL1"
"TKTL1","MED",0,"TKTL1"
"TKTL1","PA",0,"TKTL1"
"TKTL1","EPN",0,"TKTL1"
"TLE2","Normal",0,"TLE2"
"TLE2","MED",0,"TLE2"
"TLE2","EPN",0,"TLE2"
"TLE2","GBM",0,"TLE2"
"TLE2","PA",0,"TLE2"
"TMEFF2","EPN",0,"TMEFF2"
"TMEFF2","PA",0,"TMEFF2"
"TMEFF2","Normal",0,"TMEFF2"
"TMEFF2","GBM",0,"TMEFF2"
"TMEFF2","MED",0,"TMEFF2"
"TMEM100","MED",0,"TMEM100"
"TMEM100","GBM",0,"TMEM100"
"TMEM100","PA",0,"TMEM100"
"TMEM100","EPN",0,"TMEM100"
"TMEM100","Normal",0,"TMEM100"
"TMEM130","GBM",0,"TMEM130"
"TMEM130","Normal",0,"TMEM130"
"TMEM130","MED",0,"TMEM130"
"TMEM130","PA",0,"TMEM130"
"TMEM130","EPN",0,"TMEM130"
"TMEM132B","MED",0,"TMEM132B"
"TMEM132B","Normal",0,"TMEM132B"
"TMEM132B","PA",0,"TMEM132B"
"TMEM132B","GBM",0,"TMEM132B"
"TMEM132B","EPN",0,"TMEM132B"
"TMEM132D","MED",0,"TMEM132D"
"TMEM132D","Normal",0,"TMEM132D"
"TMEM132D","PA",0,"TMEM132D"
"TMEM132D","EPN",0,"TMEM132D"
"TMEM132D","GBM",0,"TMEM132D"
"TMEM151B","PA",0,"TMEM151B"
"TMEM151B","MED",0,"TMEM151B"
"TMEM151B","EPN",0,"TMEM151B"
"TMEM151B","GBM",0,"TMEM151B"
"TMEM151B","Normal",0,"TMEM151B"
"TMEM200A","MED",0,"TMEM200A"
"TMEM200A","Normal",0,"TMEM200A"
"TMEM200A","EPN",0,"TMEM200A"
"TMEM200A","GBM",0,"TMEM200A"
"TMEM200A","PA",0,"TMEM200A"
"TMEM232","EPN",0,"TMEM232"
"TMEM232","PA",0,"TMEM232"
"TMEM232","GBM",0,"TMEM232"
"TMEM232","Normal",0,"TMEM232"
"TMEM232","MED",0,"TMEM232"
"TMEM255A","MED",0,"TMEM255A"
"TMEM255A","PA",0,"TMEM255A"
"TMEM255A","Normal",0,"TMEM255A"
"TMEM255A","GBM",0,"TMEM255A"
"TMEM255A","EPN",0,"TMEM255A"
"TMEM257","PA",0,"TMEM257"
"TMEM257","GBM",0,"TMEM257"
"TMEM257","Normal",0,"TMEM257"
"TMEM257","MED",0,"TMEM257"
"TMEM257","EPN",0,"TMEM257"
"TMEM35A","MED",0,"TMEM35A"
"TMEM35A","PA",0,"TMEM35A"
"TMEM35A","GBM",0,"TMEM35A"
"TMEM35A","Normal",0,"TMEM35A"
"TMEM35A","EPN",0,"TMEM35A"
"TMEM45A","GBM",0,"TMEM45A"
"TMEM45A","Normal",0,"TMEM45A"
"TMEM45A","EPN",0,"TMEM45A"
"TMEM45A","PA",0,"TMEM45A"
"TMEM45A","MED",0,"TMEM45A"
"TMSB15B","MED",0,"TMSB15B"
"TMSB15B","PA",0,"TMSB15B"
"TMSB15B","Normal",0,"TMSB15B"
"TMSB15B","GBM",0,"TMSB15B"
"TMSB15B","EPN",0,"TMSB15B"
"TNC","EPN",0,"TNC"
"TNC","MED",0,"TNC"
"TNC","Normal",0,"TNC"
"TNC","GBM",0,"TNC"
"TNC","PA",0,"TNC"
"TNFAIP6","MED",0,"TNFAIP6"
"TNFAIP6","PA",0,"TNFAIP6"
"TNFAIP6","Normal",0,"TNFAIP6"
"TNFAIP6","EPN",0,"TNFAIP6"
"TNFRSF11B","GBM",0,"TNFRSF11B"
"TNFRSF11B","Normal",0,"TNFRSF11B"
"TNFRSF11B","PA",0,"TNFRSF11B"
"TNFRSF11B","MED",0,"TNFRSF11B"
"TNFRSF19","PA",0,"TNFRSF19"
"TNFRSF19","MED",0,"TNFRSF19"
"TNFRSF19","GBM",0,"TNFRSF19"
"TNFRSF19","Normal",0,"TNFRSF19"
"TNFRSF19","EPN",0,"TNFRSF19"
"TOP2A","Normal",0,"TOP2A"
"TOP2A","MED",0,"TOP2A"
"TOP2A","PA",0,"TOP2A"
"TOP2A","GBM",0,"TOP2A"
"TOP2A","EPN",0,"TOP2A"
"TOX3","GBM",0,"TOX3"
"TOX3","Normal",0,"TOX3"
"TOX3","MED",0,"TOX3"
"TOX3","PA",0,"TOX3"
"TOX3","EPN",0,"TOX3"
"TP53TG3B","EPN",0,"TP53TG3B"
"TP53TG3B","PA",0,"TP53TG3B"
"TP53TG3B","Normal",0,"TP53TG3B"
"TP53TG3B","GBM",0,"TP53TG3B"
"TP53TG3B","MED",0,"TP53TG3B"
"TPPP3","GBM",0,"TPPP3"
"TPPP3","Normal",0,"TPPP3"
"TPPP3","PA",0,"TPPP3"
"TPPP3","EPN",0,"TPPP3"
"TPPP3","MED",0,"TPPP3"
"TPX2","GBM",0,"TPX2"
"TPX2","Normal",0,"TPX2"
"TPX2","EPN",0,"TPX2"
"TPX2","PA",0,"TPX2"
"TPX2","MED",0,"TPX2"
"TRHDE","GBM",0,"TRHDE"
"TRHDE","MED",0,"TRHDE"
"TRHDE","Normal",0,"TRHDE"
"TRHDE","EPN",0,"TRHDE"
"TRHDE","PA",0,"TRHDE"
"TRIM29","Normal",0,"TRIM29"
"TRIM29","EPN",0,"TRIM29"
"TRIM29","MED",0,"TRIM29"
"TRIM29","PA",0,"TRIM29"
"TRIM29","GBM",0,"TRIM29"
"TRPM3","PA",0,"TRPM3"
"TRPM3","EPN",0,"TRPM3"
"TRPM3","GBM",0,"TRPM3"
"TRPM3","Normal",0,"TRPM3"
"TRPM3","MED",0,"TRPM3"
"TRPM8","Normal",0,"TRPM8"
"TRPM8","MED",0,"TRPM8"
"TRPM8","EPN",0,"TRPM8"
"TRPM8","GBM",0,"TRPM8"
"TRPM8","PA",0,"TRPM8"
"TSPAN18","Normal",0,"TSPAN18"
"TSPAN18","MED",0,"TSPAN18"
"TSPAN18","EPN",0,"TSPAN18"
"TSPAN18","PA",0,"TSPAN18"
"TSPAN18","GBM",0,"TSPAN18"
"TSTD1","EPN",0,"TSTD1"
"TSTD1","PA",0,"TSTD1"
"TSTD1","MED",0,"TSTD1"
"TSTD1","GBM",0,"TSTD1"
"TSTD1","Normal",0,"TSTD1"
"TTC29","MED",0,"TTC29"
"TTC29","PA",0,"TTC29"
"TTC29","GBM",0,"TTC29"
"TTC29","Normal",0,"TTC29"
"TTC29","EPN",0,"TTC29"
"TTC9B","MED",0,"TTC9B"
"TTC9B","Normal",0,"TTC9B"
"TTC9B","PA",0,"TTC9B"
"TTC9B","EPN",0,"TTC9B"
"TTC9B","GBM",0,"TTC9B"
"TTK","MED",0,"TTK"
"TTK","Normal",0,"TTK"
"TTK","EPN",0,"TTK"
"TTK","GBM",0,"TTK"
"TTK","PA",0,"TTK"
"TTYH1","Normal",0,"TTYH1"
"TTYH1","GBM",0,"TTYH1"
"TTYH1","EPN",0,"TTYH1"
"TTYH1","PA",0,"TTYH1"
"TUBB4A","PA",0,"TUBB4A"
"TUBB4A","MED",0,"TUBB4A"
"TUBB4A","GBM",0,"TUBB4A"
"TUBB4A","Normal",0,"TUBB4A"
"TUBB4A","EPN",0,"TUBB4A"
"UBE2C","GBM",0,"UBE2C"
"UBE2C","Normal",0,"UBE2C"
"UBE2C","MED",0,"UBE2C"
"UBE2C","EPN",0,"UBE2C"
"UBE2C","PA",0,"UBE2C"
"UBE2QL1","GBM",0,"UBE2QL1"
"UBE2QL1","MED",0,"UBE2QL1"
"UBE2QL1","EPN",0,"UBE2QL1"
"UBE2QL1","Normal",0,"UBE2QL1"
"UBE2QL1","PA",0,"UBE2QL1"
"UGT8","GBM",0,"UGT8"
"UGT8","PA",0,"UGT8"
"UGT8","Normal",0,"UGT8"
"UGT8","MED",0,"UGT8"
"UGT8","EPN",0,"UGT8"
"UNC13C","MED",0,"UNC13C"
"UNC13C","Normal",0,"UNC13C"
"UNC13C","GBM",0,"UNC13C"
"UNC13C","PA",0,"UNC13C"
"UNC13C","EPN",0,"UNC13C"
"UNC5A","GBM",0,"UNC5A"
"UNC5A","MED",0,"UNC5A"
"UNC5A","PA",0,"UNC5A"
"UNC5A","EPN",0,"UNC5A"
"UNC5A","Normal",0,"UNC5A"
"UNC5C","Normal",0,"UNC5C"
"UNC5C","PA",0,"UNC5C"
"UNC5C","EPN",0,"UNC5C"
"UNC5C","MED",0,"UNC5C"
"UNC5D","Normal",0,"UNC5D"
"UNC5D","MED",0,"UNC5D"
"UNC5D","GBM",0,"UNC5D"
"UNC5D","PA",0,"UNC5D"
"USP9Y","MED",0,"USP9Y"
"USP9Y","Normal",0,"USP9Y"
"USP9Y","PA",0,"USP9Y"
"USP9Y","EPN",0,"USP9Y"
"VASH2","MED",0,"VASH2"
"VASH2","Normal",0,"VASH2"
"VASH2","EPN",0,"VASH2"
"VASH2","GBM",0,"VASH2"
"VASH2","PA",0,"VASH2"
"VAT1L","MED",0,"VAT1L"
"VAT1L","Normal",0,"VAT1L"
"VAT1L","PA",0,"VAT1L"
"VAT1L","EPN",0,"VAT1L"
"VAT1L","GBM",0,"VAT1L"
"VCAM1","Normal",0,"VCAM1"
"VCAM1","MED",0,"VCAM1"
"VCAM1","PA",0,"VCAM1"
"VCAM1","GBM",0,"VCAM1"
"VCAM1","EPN",0,"VCAM1"
"VIPR2","MED",0,"VIPR2"
"VIPR2","Normal",0,"VIPR2"
"VIPR2","GBM",0,"VIPR2"
"VIPR2","PA",0,"VIPR2"
"VIPR2","EPN",0,"VIPR2"
"VSNL1","MED",0,"VSNL1"
"VSNL1","GBM",0,"VSNL1"
"VSNL1","PA",0,"VSNL1"
"VSNL1","EPN",0,"VSNL1"
"VSNL1","Normal",0,"VSNL1"
"VSTM2A","Normal",0,"VSTM2A"
"VSTM2A","MED",0,"VSTM2A"
"VSTM2A","GBM",0,"VSTM2A"
"VSTM2A","PA",0,"VSTM2A"
"VSTM2A","EPN",0,"VSTM2A"
"VSTM2L","Normal",0,"VSTM2L"
"VSTM2L","GBM",0,"VSTM2L"
"VSTM2L","EPN",0,"VSTM2L"
"VSTM2L","PA",0,"VSTM2L"
"VSTM2L","MED",0,"VSTM2L"
"VWA3B","GBM",0,"VWA3B"
"VWA3B","PA",0,"VWA3B"
"VWA3B","MED",0,"VWA3B"
"VWA3B","Normal",0,"VWA3B"
"VWA3B","EPN",0,"VWA3B"
"WBSCR17","MED",0,"WBSCR17"
"WBSCR17","PA",0,"WBSCR17"
"WBSCR17","GBM",0,"WBSCR17"
"WBSCR17","Normal",0,"WBSCR17"
"WBSCR17","EPN",0,"WBSCR17"
"WDR38","MED",0,"WDR38"
"WDR38","Normal",0,"WDR38"
"WDR38","GBM",0,"WDR38"
"WDR38","PA",0,"WDR38"
"WDR38","EPN",0,"WDR38"
"WDR49","Normal",0,"WDR49"
"WDR49","MED",0,"WDR49"
"WDR49","PA",0,"WDR49"
"WDR49","GBM",0,"WDR49"
"WDR49","EPN",0,"WDR49"
"WDR63","EPN",0,"WDR63"
"WDR63","Normal",0,"WDR63"
"WDR63","MED",0,"WDR63"
"WDR63","PA",0,"WDR63"
"WDR63","GBM",0,"WDR63"
"WDR66","EPN",0,"WDR66"
"WDR66","MED",0,"WDR66"
"WDR66","PA",0,"WDR66"
"WDR66","Normal",0,"WDR66"
"WDR66","GBM",0,"WDR66"
"WDR72","MED",0,"WDR72"
"WDR72","GBM",0,"WDR72"
"WDR72","Normal",0,"WDR72"
"WDR72","EPN",0,"WDR72"
"WDR72","PA",0,"WDR72"
"WDR78","GBM",0,"WDR78"
"WDR78","Normal",0,"WDR78"
"WDR78","EPN",0,"WDR78"
"WDR78","PA",0,"WDR78"
"WDR78","MED",0,"WDR78"
"WFDC1","MED",0,"WFDC1"
"WFDC1","EPN",0,"WFDC1"
"WFDC1","Normal",0,"WFDC1"
"WFDC1","GBM",0,"WFDC1"
"WFDC1","PA",0,"WFDC1"
"WFIKKN2","EPN",0,"WFIKKN2"
"WFIKKN2","GBM",0,"WFIKKN2"
"WFIKKN2","MED",0,"WFIKKN2"
"WFIKKN2","Normal",0,"WFIKKN2"
"WFIKKN2","PA",0,"WFIKKN2"
"WIF1","PA",0,"WIF1"
"WIF1","EPN",0,"WIF1"
"WIF1","MED",0,"WIF1"
"WIF1","Normal",0,"WIF1"
"WIF1","GBM",0,"WIF1"
"XIST","Normal",0,"XIST"
"XIST","GBM",0,"XIST"
"XIST","MED",0,"XIST"
"XIST","EPN",0,"XIST"
"XIST","PA",0,"XIST"
"XKR4","GBM",0,"XKR4"
"XKR4","Normal",0,"XKR4"
"XKR4","MED",0,"XKR4"
"XKR4","PA",0,"XKR4"
"XKR4","EPN",0,"XKR4"
"ZBBX","EPN",0,"ZBBX"
"ZBBX","Normal",0,"ZBBX"
"ZBBX","PA",0,"ZBBX"
"ZBBX","GBM",0,"ZBBX"
"ZBBX","MED",0,"ZBBX"
"ZFHX4","GBM",0,"ZFHX4"
"ZFHX4","Normal",0,"ZFHX4"
"ZFHX4","EPN",0,"ZFHX4"
"ZFHX4","PA",0,"ZFHX4"
"ZFHX4","MED",0,"ZFHX4"
"ZFPM2","MED",0,"ZFPM2"
"ZFPM2","EPN",0,"ZFPM2"
"ZFPM2","Normal",0,"ZFPM2"
"ZFPM2","PA",0,"ZFPM2"
"ZFPM2","GBM",0,"ZFPM2"
"ZIC2","Normal",0,"ZIC2"
"ZIC2","GBM",0,"ZIC2"
"ZIC2","PA",0,"ZIC2"
"ZIC2","MED",0,"ZIC2"
"ZIC2","EPN",0,"ZIC2"
"ZIC3","Normal",0,"ZIC3"
"ZIC3","EPN",0,"ZIC3"
"ZIC3","MED",0,"ZIC3"
"ZIC3","PA",0,"ZIC3"
"ZIC3","GBM",0,"ZIC3"
"ZMYND10","GBM",0,"ZMYND10"
"ZMYND10","Normal",0,"ZMYND10"
"ZMYND10","MED",0,"ZMYND10"
"ZMYND10","EPN",0,"ZMYND10"
"ZMYND10","PA",0,"ZMYND10"
"ZMYND12","PA",0,"ZMYND12"
"ZMYND12","Normal",0,"ZMYND12"
"ZMYND12","EPN",0,"ZMYND12"
"ZMYND12","MED",0,"ZMYND12"
"ZMYND12","GBM",0,"ZMYND12"
"ZNF365","GBM",0,"ZNF365"
"ZNF365","Normal",0,"ZNF365"
"ZNF365","EPN",0,"ZNF365"
"ZNF365","PA",0,"ZNF365"
"ZNF365","MED",0,"ZNF365"
"ZNF385B","MED",0,"ZNF385B"
"ZNF385B","Normal",0,"ZNF385B"
"ZNF385B","PA",0,"ZNF385B"
"ZNF385B","EPN",0,"ZNF385B"
"ZNF385B","GBM",0,"ZNF385B"
"ZNF474","Normal",0,"ZNF474"
"ZNF474","MED",0,"ZNF474"
"ZNF474","EPN",0,"ZNF474"
"ZNF474","PA",0,"ZNF474"
"ZNF474","GBM",0,"ZNF474"
"ZNF536","GBM",0,"ZNF536"
"ZNF536","PA",0,"ZNF536"
"ZNF536","Normal",0,"ZNF536"
"ZNF536","EPN",0,"ZNF536"
"ZNF536","MED",0,"ZNF536"
"ZNF804A","Normal",0,"ZNF804A"
"ZNF804A","MED",0,"ZNF804A"
"ZNF804A","EPN",0,"ZNF804A"
"ZNF804A","GBM",0,"ZNF804A"
"ZNF804A","PA",0,"ZNF804A"
