"FeatureName","Class","Coefficient","GeneSymbol"
"TNFAIP6","GBM",0.00480844092803165,"TNFAIP6"
"SLIT2","GBM",-0.00412620304120922,"SLIT2"
"ONECUT2","MED",0.00407984814343004,"ONECUT2"
"CA12","GBM",0.00397123474461084,"CA12"
"CAB39L","GBM",-0.00396580052252107,"CAB39L"
"SEL1L2","GBM",0.00392186165386025,"SEL1L2"
"KIF14","GBM",0.00386781643059787,"KIF14"
"NACC2","MED",-0.003831681147687,"NACC2"
"MELK","GBM",0.00372936564706752,"MELK"
"EGR4","Normal",0.0037224179545057,"EGR4"
"SOX2.OT","MED",-0.00362844872956889,"SOX2-OT"
"LINC01296","GBM",0.00361811022490646,"LINC01296"
"CA14","GBM",0.00357460236199465,"CA14"
"KIF4A","GBM",0.00356514497192403,"KIF4A"
"SCN7A","PA",0.00355003415878028,"SCN7A"
"COL15A1","PA",0.00354555679774498,"COL15A1"
"SOX2.OT","GBM",0.00351846282358672,"SOX2-OT"
"PLA2G2A","PA",0.00350784085787753,"PLA2G2A"
"PLEKHB1","MED",-0.00347898741977277,"PLEKHB1"
"EBF3","MED",0.00347680827131151,"EBF3"
"KIF15","GBM",0.00347318834579075,"KIF15"
"SNAP91","GBM",-0.00345328922619351,"SNAP91"
"LOC645321","GBM",0.0034527667382996,"LOC645321"
"TTYH1","MED",-0.00345223373441978,"TTYH1"
"VASH2","MED",0.00343864186300815,"VASH2"
"COL8A1","PA",0.00341113927641442,"COL8A1"
"FAM64A","GBM",0.0033993642805863,"FAM64A"
"AKR1C1","GBM",-0.00339536591720893,"AKR1C1"
"AIM1","PA",0.00338187622154104,"AIM1"
"SHISA9","PA",0.00336356173422769,"SHISA9"
"RSPH9","EPN",0.00336266063677849,"RSPH9"
"FOXM1","GBM",0.00333897390451171,"FOXM1"
"SALL1","MED",-0.00331507381391389,"SALL1"
"FIGN","MED",-0.00331293977141837,"FIGN"
"LINC01116","GBM",0.00331155975124785,"LINC01116"
"ARAP2","MED",-0.00330726528946448,"ARAP2"
"NRGN","GBM",0.00327683940733852,"NRGN"
"DOK6","GBM",-0.00325764477835219,"DOK6"
"SLIT2","EPN",0.00325136415998575,"SLIT2"
"PLCXD3","GBM",-0.00325088887127653,"PLCXD3"
"COL20A1","PA",0.00323072064374327,"COL20A1"
"DTL","GBM",0.00322581374382725,"DTL"
"CENPU","GBM",0.00322575116705734,"CENPU"
"CBLN1","MED",0.00322449544454514,"CBLN1"
"CACNA1G","GBM",-0.00321414740474748,"CACNA1G"
"BUB1B","GBM",0.00321298626129396,"BUB1B"
"UNC5C","GBM",-0.00319790782575355,"UNC5C"
"BARHL1","MED",0.00318774239128466,"BARHL1"
"PVALB","Normal",0.00318539462953207,"PVALB"
"PSD2","GBM",-0.00318536438243196,"PSD2"
"HEPN1","MED",-0.00318443785386265,"HEPN1"
"EGFR","GBM",0.00316983912276388,"EGFR"
"SALL1","GBM",0.0031623881538358,"SALL1"
"EBF1","MED",0.00315759615663602,"EBF1"
"GSTT2","GBM",0.00313575836447209,"GSTT2"
"CABP7","GBM",-0.00311465905052717,"CABP7"
"SSTR2","MED",0.00311407905637823,"SSTR2"
"BUB1","GBM",0.00310486905856028,"BUB1"
"SEMA3E","PA",0.00310369163830609,"SEMA3E"
"INSM2","MED",0.00309995938184705,"INSM2"
"UBE2C","GBM",0.00308633182785025,"UBE2C"
"NUF2","GBM",0.00308566097789439,"NUF2"
"CPNE5","GBM",0.00308424200036173,"CPNE5"
"S100B","MED",-0.00307903334615247,"S100B"
"IL20RA","EPN",0.00307571891143411,"IL20RA"
"SLC35F6","GBM",0.00306435680048515,"SLC35F6"
"NKAIN1","MED",0.00306133973184707,"NKAIN1"
"MN1","GBM",-0.00305687474913211,"MN1"
"MT1M","MED",-0.00305377060604723,"MT1M"
"CSPG4","PA",0.00303788063152187,"CSPG4"
"FBXO2","GBM",-0.00303008424540144,"FBXO2"
"MCHR1","PA",0.00302993868150021,"MCHR1"
"BCAS1","PA",0.0030244613643185,"BCAS1"
"CBX2","MED",0.00302086476414406,"CBX2"
"ETV1","GBM",0.00302050939030487,"ETV1"
"CCDC88C","MED",0.00301656631826803,"CCDC88C"
"KCNJ10","MED",-0.00300190217552623,"KCNJ10"
"SPAG17","EPN",0.00299874460133038,"SPAG17"
"NAP1L2","GBM",-0.0029957229503386,"NAP1L2"
"NHLH1","MED",0.00298969518716388,"NHLH1"
"LINC00673","GBM",0.00298630082742986,"LINC00673"
"MLC1","MED",-0.00298381462324599,"MLC1"
"TTK","GBM",0.00298065002879832,"TTK"
"PBK","GBM",0.00297782592022387,"PBK"
"BCAN","MED",-0.00295585983974238,"BCAN"
"TPX2","GBM",0.00295464211379453,"TPX2"
"CCDC170","EPN",0.00295164077819391,"CCDC170"
"CFAP206","EPN",0.00294999867878408,"CFAP206"
"NR2E1","GBM",0.00294123722740104,"NR2E1"
"LHFPL4","EPN",-0.00294111695474835,"LHFPL4"
"CALY","Normal",0.00293786415970583,"CALY"
"RRM2","GBM",0.00292684572100724,"RRM2"
"ERBB4","GBM",-0.00292304714011198,"ERBB4"
"FAM131B","EPN",-0.00291757511030718,"FAM131B"
"MAATS1","EPN",0.00290745425175209,"MAATS1"
"LY6H","EPN",0.00289532464792883,"LY6H"
"TRPM8","PA",0.00289395563684944,"TRPM8"
"SHANK2","PA",-0.0028878589088431,"SHANK2"
"FAR2P3","MED",-0.00288468173952169,"FAR2P3"
"INS.IGF2","GBM",-0.00287381024913011,"INS-IGF2"
"OGN","GBM",-0.00286604357340671,"OGN"
"ONECUT2","GBM",-0.00286512111365582,"ONECUT2"
"CDC20","GBM",0.00286479673859456,"CDC20"
"RNF128","PA",0.00286028656104576,"RNF128"
"CELSR1","EPN",0.00286003385786475,"CELSR1"
"KIF15","PA",-0.00285389633517428,"KIF15"
"NEUROG1","MED",0.00285339163417515,"NEUROG1"
"LOC100996542","GBM",-0.00284922781803306,"LOC100996542"
"HRH1","GBM",0.00284498103491446,"HRH1"
"WBSCR17","GBM",-0.00284405535080209,"WBSCR17"
"CCL3L3","PA",0.00283371527405944,"CCL3L3"
"KNL1","GBM",0.00283155785042524,"KNL1"
"CD24","PA",-0.00282547712078017,"CD24"
"MYBPC1","GBM",0.00281562368825773,"MYBPC1"
"DNAAF3","EPN",0.00281403145149218,"DNAAF3"
"ATP10B","PA",0.00281337634126418,"ATP10B"
"EBF1","GBM",-0.00281073113038723,"EBF1"
"SCN2B","Normal",0.00280670834357406,"SCN2B"
"TNFRSF11B","EPN",0.00280373055446582,"TNFRSF11B"
"TP53TG3B","MED",0.00279709294520278,"TP53TG3B"
"NUSAP1","GBM",0.00279540365578435,"NUSAP1"
"EFNA5","GBM",-0.00279376621746497,"EFNA5"
"NALCN","GBM",-0.00279142922196984,"NALCN"
"APOD","PA",0.00278818260066226,"APOD"
"GFRA1","PA",0.00277848413917361,"GFRA1"
"GDF10","GBM",-0.00277522725271007,"GDF10"
"P3H2","PA",0.00277329572902169,"P3H2"
"EGFR","PA",-0.00277308658324972,"EGFR"
"FNDC1","GBM",-0.00277300983569013,"FNDC1"
"NEK11","EPN",0.00275926709371058,"NEK11"
"LPAR1","MED",-0.00275617997918299,"LPAR1"
"CAMK2A","Normal",0.00275348945093488,"CAMK2A"
"TEX9","EPN",0.00275205701498317,"TEX9"
"SNCAIP","PA",-0.0027500390074845,"SNCAIP"
"ADRB1","GBM",0.00274721743230807,"ADRB1"
"ERMN","GBM",0.00274465441967609,"ERMN"
"BIRC5","GBM",0.00274443259718724,"BIRC5"
"METTL7B","GBM",0.00274349157205529,"METTL7B"
"C4B_2","PA",0.00274065705198767,"C4B_2"
"ASPM","GBM",0.00273794622709187,"ASPM"
"ARX","GBM",0.00273228781119815,"ARX"
"HS6ST3","GBM",-0.00273157426878803,"HS6ST3"
"CPLX2","Normal",0.00273124911428412,"CPLX2"
"GJB6","Normal",0.00273083488480607,"GJB6"
"KCNMB4","EPN",-0.00270964832359358,"KCNMB4"
"DLGAP5","GBM",0.00270123232309343,"DLGAP5"
"CADPS2","EPN",-0.00269939457458322,"CADPS2"
"DRC1","EPN",0.00269905955885224,"DRC1"
"C11orf63","EPN",0.00269331143156331,"C11orf63"
"IGF2BP3","GBM",0.00269080477070361,"IGF2BP3"
"RSPH4A","EPN",0.00268623725153661,"RSPH4A"
"NTNG1","PA",0.00268399552959141,"NTNG1"
"ZNF474","EPN",0.00268379406973455,"ZNF474"
"TTC29","EPN",0.00268041790976311,"TTC29"
"C6orf118","EPN",0.00267629265502125,"C6orf118"
"CDCA7","Normal",-0.00265873981666267,"CDCA7"
"KIF4A","PA",-0.00265818308552862,"KIF4A"
"CCDC81","EPN",0.00265615201483015,"CCDC81"
"IGSF11","GBM",0.00265152315034492,"IGSF11"
"AK7","EPN",0.00264976517913817,"AK7"
"SLC27A6","EPN",0.0026491153602096,"SLC27A6"
"XKR4","GBM",-0.00264898606579281,"XKR4"
"CAB39L","EPN",0.00264884049174055,"CAB39L"
"SV2C","GBM",-0.00264770653917802,"SV2C"
"CENPF","GBM",0.00264541211954607,"CENPF"
"NUSAP1","Normal",-0.00264455597096196,"NUSAP1"
"EHF","EPN",0.00264390899973711,"EHF"
"IPCEF1","Normal",0.00263854358769795,"IPCEF1"
"BMPR1B","MED",-0.00263409276388518,"BMPR1B"
"GPR37L1","GBM",-0.00263271702813518,"GPR37L1"
"CH25H","PA",0.00262952944835207,"CH25H"
"C5orf49","EPN",0.00262914056806327,"C5orf49"
"C21orf62","GBM",0.00262601208784891,"C21orf62"
"RIBC1","EPN",0.00262292954830101,"RIBC1"
"TMEM232","EPN",0.00262243792017214,"TMEM232"
"NUP62CL","EPN",0.00262159266578236,"NUP62CL"
"KNDC1","EPN",0.00262108572969301,"KNDC1"
"CDCA7","GBM",0.00262032911092403,"CDCA7"
"PCOLCE2","GBM",0.00261736545030207,"PCOLCE2"
"PLD5","PA",0.00261586824358849,"PLD5"
"CFAP45","EPN",0.00261210037160062,"CFAP45"
"KIF4A","Normal",-0.00260881159558054,"KIF4A"
"PCDH10","GBM",0.00260758502280498,"PCDH10"
"PRL","MED",0.00260551727536852,"PRL"
"CCNB2","GBM",0.00260341653941135,"CCNB2"
"NETO2","EPN",-0.00260043190718431,"NETO2"
"LINC00673","MED",-0.00258287565190832,"LINC00673"
"CNDP1","GBM",0.00258264277328255,"CNDP1"
"PSD2","EPN",0.00258168819924908,"PSD2"
"NEDD4L","PA",-0.00258106692547136,"NEDD4L"
"KIF2C","GBM",0.00257992858822044,"KIF2C"
"HS3ST1","PA",0.00257562920268497,"HS3ST1"
"ADAMTSL4","EPN",0.00257556428814025,"ADAMTSL4"
"GRIA3","MED",-0.00257342629101828,"GRIA3"
"CASC1","EPN",0.00257264482220565,"CASC1"
"SNCB","Normal",0.00257193784027419,"SNCB"
"MEGF11","PA",0.00256863492158604,"MEGF11"
"DNAH5","EPN",0.00256627053833761,"DNAH5"
"ADCYAP1","GBM",-0.00256356508843563,"ADCYAP1"
"HERC6","MED",-0.00256317777535518,"HERC6"
"E2F7","PA",-0.00256123761928519,"E2F7"
"VCAM1","GBM",0.00255855122175969,"VCAM1"
"LOC101928882","EPN",0.00255589350069438,"LOC101928882"
"PLAU","PA",0.0025526078767566,"PLAU"
"SALL3","GBM",0.00255069268808966,"SALL3"
"CDH19","PA",0.00254606660896752,"CDH19"
"ZMYND10","EPN",0.00254124941658373,"ZMYND10"
"ADORA2B","EPN",0.00254119179168432,"ADORA2B"
"GRIA1","PA",0.00253829901319388,"GRIA1"
"TEKT4P2","GBM",0.0025380366609418,"TEKT4P2"
"SLC25A18","MED",-0.00253272214089934,"SLC25A18"
"NNAT","MED",0.00253065053181268,"NNAT"
"LPAR3","EPN",0.00252983310714638,"LPAR3"
"CRH","Normal",0.00252372529307998,"CRH"
"LOC284570","MED",-0.0025193795636428,"LOC284570"
"KIAA0101","GBM",0.00251850598622813,"KIAA0101"
"SLPI","GBM",0.00251728648972396,"SLPI"
"PCDH10","MED",-0.00251225719457571,"PCDH10"
"IL13RA2","GBM",0.00251140429684341,"IL13RA2"
"LRFN5","GBM",-0.002509253343128,"LRFN5"
"LOC283454","PA",-0.002508915267154,"LOC283454"
"TRIM29","EPN",0.0025030973723056,"TRIM29"
"CFAP70","EPN",0.00249749765125927,"CFAP70"
"LRP2BP","EPN",0.00248885433692241,"LRP2BP"
"KNDC1","MED",-0.00248074629313651,"KNDC1"
"DCDC2","EPN",0.00247961789243723,"DCDC2"
"SYT13","PA",-0.00247798169335585,"SYT13"
"ZIC3","GBM",-0.00247717650888241,"ZIC3"
"CCDC146","EPN",0.00247256899410743,"CCDC146"
"HS6ST3","Normal",0.00247234108950575,"HS6ST3"
"CCDC96","EPN",0.00247042994515826,"CCDC96"
"GRIK3","EPN",-0.00246933855086014,"GRIK3"
"ZNF536","MED",0.00246861851807578,"ZNF536"
"EPHA5","GBM",-0.00246792484188353,"EPHA5"
"LOC283454","MED",0.0024605924176465,"LOC283454"
"WDR63","EPN",0.00245956316686859,"WDR63"
"HS3ST3B1","GBM",0.00245771753521204,"HS3ST3B1"
"WDR66","EPN",0.00245770103938703,"WDR66"
"ETV1","EPN",-0.00245523563340125,"ETV1"
"FGF1","MED",-0.0024524763417776,"FGF1"
"LOC101930373","EPN",0.00245238481312209,"LOC101930373"
"LRRC17","GBM",0.00245116975804858,"LRRC17"
"ZFPM2","GBM",-0.00245111140636489,"ZFPM2"
"RAB27B","GBM",0.00244587099831301,"RAB27B"
"RNF43","EPN",0.00244345847845779,"RNF43"
"BUB1B","Normal",-0.00244287736796539,"BUB1B"
"CDC20","PA",-0.00244064132224225,"CDC20"
"DSCAM","PA",0.00243907887081153,"DSCAM"
"RARRES1","PA",0.00243838823450847,"RARRES1"
"MDH1B","EPN",0.0024378569449186,"MDH1B"
"C1orf106","GBM",0.00243475362237721,"C1orf106"
"ZNF365","MED",-0.0024336384703578,"ZNF365"
"DACH1","GBM",-0.0024310438546204,"DACH1"
"HRH1","MED",-0.00242499435509737,"HRH1"
"PHYHIP","Normal",0.00242295562684636,"PHYHIP"
"ST6GAL2","MED",0.0024220137852896,"ST6GAL2"
"SULF1","PA",0.00242170077304449,"SULF1"
"C3","MED",-0.002418698413742,"C3"
"ALOX5AP","MED",-0.00241852712289152,"ALOX5AP"
"GNAL","GBM",-0.00241840275283741,"GNAL"
"DACT1","MED",0.00241770774013089,"DACT1"
"KIAA0101","Normal",-0.00241497832644107,"KIAA0101"
"DNAJC6","EPN",-0.00241297286538736,"DNAJC6"
"LOC441179","MED",0.00240990202656409,"LOC441179"
"CFAP43","EPN",0.00240862804857976,"CFAP43"
"MAP7D2","Normal",0.00240542478456944,"MAP7D2"
"CSMD3","PA",0.00240477254759475,"CSMD3"
"EFCAB1","EPN",0.00240394193995156,"EFCAB1"
"HSPA6","GBM",0.00240247052704498,"HSPA6"
"LOC728613","Normal",-0.00239920597733593,"LOC728613"
"CLDN10","MED",-0.00239793800597086,"CLDN10"
"CCL3L3","Normal",-0.00239630468780111,"CCL3L3"
"OTX2.AS1","MED",0.00239560815097717,"OTX2-AS1"
"NEFL","Normal",0.00239155729177057,"NEFL"
"SORCS3","PA",0.00239086517228917,"SORCS3"
"SPATA18","EPN",0.00239014035788364,"SPATA18"
"ADCY1","EPN",-0.00239009040794093,"ADCY1"
"WBSCR17","Normal",0.00238936231370949,"WBSCR17"
"KCNJ9","Normal",0.00238925122897436,"KCNJ9"
"DNM1","EPN",-0.00238888108032805,"DNM1"
"MOBP","Normal",0.00238487404207406,"MOBP"
"TOP2A","GBM",0.00238391614635244,"TOP2A"
"ZNF536","PA",-0.00238298082744799,"ZNF536"
"GNAL","EPN",0.00238225556370126,"GNAL"
"MEGF10","MED",-0.00238000162388181,"MEGF10"
"AQP4","MED",-0.0023775044962742,"AQP4"
"SH3GL3","PA",-0.00237146965301381,"SH3GL3"
"PTX3","GBM",0.00236786168015276,"PTX3"
"MYBPC1","EPN",-0.00236377858188749,"MYBPC1"
"MRO","MED",-0.00236027241479574,"MRO"
"E2F7","GBM",0.00236012923339154,"E2F7"
"HSPB8","MED",-0.00235712214109079,"HSPB8"
"PCDH17","EPN",-0.00235611722871283,"PCDH17"
"GPR37L1","EPN",0.00235602357180875,"GPR37L1"
"BAIAP3","EPN",0.0023521555115624,"BAIAP3"
"FBXL16","EPN",-0.00234982700941113,"FBXL16"
"NTRK2","MED",-0.00234847114428841,"NTRK2"
"VSTM2L","Normal",0.0023445553085007,"VSTM2L"
"CYP46A1","Normal",0.002341449161699,"CYP46A1"
"ZIC2","GBM",-0.0023412796340459,"ZIC2"
"AKR1C3","GBM",-0.00233818389165585,"AKR1C3"
"PLPP4","PA",0.00233557992259288,"PLPP4"
"PGAM2","GBM",-0.00233143700157625,"PGAM2"
"LRRK2","MED",-0.0023280699906928,"LRRK2"
"CCDC40","EPN",0.0023279159848706,"CCDC40"
"SLC15A2","MED",-0.00232674416764275,"SLC15A2"
"ENKUR","EPN",0.0023254003654628,"ENKUR"
"ZMYND12","EPN",0.00232530273776461,"ZMYND12"
"KIAA0319","Normal",0.0023238563984685,"KIAA0319"
"FGF1","GBM",0.00232218343222553,"FGF1"
"TEKT4P2","EPN",-0.00232080015341155,"TEKT4P2"
"CHRDL1","EPN",0.0023199070580865,"CHRDL1"
"SCRG1","MED",-0.00231778629167059,"SCRG1"
"CDCA7","PA",-0.00231706092738753,"CDCA7"
"ROR2","EPN",0.00231326674044798,"ROR2"
"GRIK2","EPN",-0.00231134992477007,"GRIK2"
"ZIC2","EPN",0.00230984898881774,"ZIC2"
"KNDC1","Normal",0.00230912448713496,"KNDC1"
"CDK6","MED",0.00230855571646398,"CDK6"
"COL9A3","MED",-0.00230834311925667,"COL9A3"
"KLHL29","MED",0.00230694427293923,"KLHL29"
"NT5E","GBM",0.00230535836779635,"NT5E"
"C8orf46","MED",-0.00230081749672088,"C8orf46"
"MELK","Normal",-0.0022978422377544,"MELK"
"KIF2C","PA",-0.00229533595010118,"KIF2C"
"GNG3","GBM",-0.00229407664927078,"GNG3"
"C4orf47","EPN",0.00229138503731901,"C4orf47"
"FOXG1","GBM",0.00228974011580928,"FOXG1"
"TNFAIP6","EPN",-0.00228884451710536,"TNFAIP6"
"SST","Normal",0.00228773481398096,"SST"
"CENPU","Normal",-0.00228506072625345,"CENPU"
"KCNC1","EPN",-0.00228474990391505,"KCNC1"
"B3GAT1","EPN",-0.00228347250938925,"B3GAT1"
"EFHC2","EPN",0.00228205449300508,"EFHC2"
"KCNIP4","GBM",-0.00228153669333798,"KCNIP4"
"KLHL29","PA",-0.0022792586442944,"KLHL29"
"MXRA5","PA",0.00227105836526165,"MXRA5"
"CMTM5","MED",-0.00226904763445604,"CMTM5"
"ATP8A2","GBM",-0.00226846827522085,"ATP8A2"
"SPAG1","EPN",0.00226540501685552,"SPAG1"
"RRM2","Normal",-0.00226323035933557,"RRM2"
"TBR1","MED",0.00225990734970686,"TBR1"
"CYP2J2","MED",-0.00225935662922291,"CYP2J2"
"GLIS3","MED",-0.00225931799917818,"GLIS3"
"BCAN","GBM",0.00225882254850673,"BCAN"
"COBL","MED",-0.00225765716263386,"COBL"
"GPC4","EPN",0.00225549305164562,"GPC4"
"ALDH1A3","PA",0.00225482919237259,"ALDH1A3"
"KNL1","PA",-0.00225333178168394,"KNL1"
"AIFM3","Normal",0.00225217994472271,"AIFM3"
"SRRM4","GBM",-0.00224844792111912,"SRRM4"
"NRSN1","EPN",-0.00224814342460377,"NRSN1"
"CTHRC1","Normal",-0.00224454699168998,"CTHRC1"
"ADM","GBM",0.00224196781216287,"ADM"
"ARMC4","EPN",0.0022402600358337,"ARMC4"
"TRHDE","GBM",-0.00223889846109403,"TRHDE"
"BUB1","PA",-0.00223474757247672,"BUB1"
"PLAT","GBM",0.00223417442647505,"PLAT"
"DAW1","EPN",0.00223335357219916,"DAW1"
"LOC100996542","PA",0.00222825806620835,"LOC100996542"
"HSPA2","EPN",0.00222732675230513,"HSPA2"
"C2orf40","GBM",-0.00222397510128335,"C2orf40"
"SVOP","Normal",0.00222247491526994,"SVOP"
"SUSD5","PA",0.00222047791471723,"SUSD5"
"PRAME","MED",0.00221935417576118,"PRAME"
"FNDC5","MED",0.00221834399515179,"FNDC5"
"HHIP","EPN",-0.00221607330213375,"HHIP"
"SFRP4","PA",0.00221470009488615,"SFRP4"
"ADGRG2","EPN",0.00221391214911025,"ADGRG2"
"STK32B","PA",0.00221279163677581,"STK32B"
"C1orf194","EPN",0.00220973997436159,"C1orf194"
"SLC8A3","PA",0.0022076197561626,"SLC8A3"
"CFB","EPN",0.00220666680074115,"CFB"
"CHRDL1","MED",-0.00220607767395554,"CHRDL1"
"TEKT1","EPN",0.00220453896421796,"TEKT1"
"CENPU","PA",-0.00220293993587083,"CENPU"
"CDHR1","MED",0.00220064045675819,"CDHR1"
"UBE2C","Normal",-0.00220016042406285,"UBE2C"
"LOC157503","GBM",-0.00219766364831058,"LOC157503"
"TMEM45A","GBM",0.00219670560279663,"TMEM45A"
"PTPRR","Normal",0.00219562297787934,"PTPRR"
"BBOX1","MED",-0.00219436250816568,"BBOX1"
"TLE2","EPN",-0.00219156071877797,"TLE2"
"TTK","PA",-0.00219153928569585,"TTK"
"VWA3B","EPN",0.00219000857904946,"VWA3B"
"B3GALT2","PA",0.00218826324622296,"B3GALT2"
"SORCS1","PA",0.00218751182490192,"SORCS1"
"HSPA2","GBM",-0.00218444454791538,"HSPA2"
"CDKN2B","PA",0.00218219779465861,"CDKN2B"
"HOXA10","GBM",0.00218156273585499,"HOXA10"
"CHGA","MED",0.00218056392132657,"CHGA"
"ADORA2B","MED",-0.00217933824628412,"ADORA2B"
"PPP2R2C","PA",-0.00217761744037172,"PPP2R2C"
"KIF14","PA",-0.00217434406582856,"KIF14"
"CACNG2","MED",0.00217370527040979,"CACNG2"
"HOXA10.HOXA9","MED",0.00217212042637004,"HOXA10-HOXA9"
"NEBL","MED",-0.00217175038780045,"NEBL"
"CLDN10","EPN",0.00217130264238661,"CLDN10"
"FOXJ1","EPN",0.00216925410639068,"FOXJ1"
"SPATA17","EPN",0.002167966071446,"SPATA17"
"AKAP14","EPN",0.00216725780799,"AKAP14"
"CA12","MED",-0.00216545878977755,"CA12"
"CRLF1","EPN",0.00216512244067753,"CRLF1"
"EXPH5","GBM",-0.0021638037095904,"EXPH5"
"EPHA5","PA",0.00216153760680977,"EPHA5"
"IGFBPL1","MED",0.00216124726110167,"IGFBPL1"
"CENPF","PA",-0.00215999434101029,"CENPF"
"FOXM1","PA",-0.00215972445307725,"FOXM1"
"CA14","PA",-0.00215950319773942,"CA14"
"ADAMTS16","EPN",0.00215931275400509,"ADAMTS16"
"NEUROD2","MED",0.00215865627572886,"NEUROD2"
"USP9Y","GBM",-0.00215743735904545,"USP9Y"
"CCDC88C","GBM",-0.00215685643161807,"CCDC88C"
"SLC8A2","Normal",0.00215661853703222,"SLC8A2"
"C11orf88","EPN",0.00215649853168962,"C11orf88"
"NT5E","MED",-0.00215385092082972,"NT5E"
"UNC5A","GBM",-0.00215308684234112,"UNC5A"
"CDS1","Normal",0.00215204668867052,"CDS1"
"STX1A","Normal",0.00214690254821649,"STX1A"
"TOP2A","Normal",-0.00214513753662301,"TOP2A"
"EDIL3","GBM",-0.00214504113942493,"EDIL3"
"DLGAP1","EPN",-0.00214288438074718,"DLGAP1"
"CNTNAP5","GBM",-0.00214226610284789,"CNTNAP5"
"ALDH1A1","Normal",0.0021412856818525,"ALDH1A1"
"GNAL","MED",-0.0021407243909446,"GNAL"
"DKK2","GBM",-0.00213928247559585,"DKK2"
"EN1","GBM",0.00213864499807686,"EN1"
"DNAH12","EPN",0.00213786596913345,"DNAH12"
"MIR548F5","MED",0.00213422722166817,"MIR548F5"
"STON1","EPN",0.0021337210690473,"STON1"
"TEX26","EPN",0.00213152060344242,"TEX26"
"FMO1","EPN",0.00213151016862642,"FMO1"
"KIF14","Normal",-0.00213018620243658,"KIF14"
"WFIKKN2","EPN",0.00212946524044453,"WFIKKN2"
"TTK","MED",0.0021289890419889,"TTK"
"DACT1","GBM",-0.00212751594610569,"DACT1"
"OLFM3","Normal",0.00212458729378964,"OLFM3"
"PMP2","MED",-0.00212365931480344,"PMP2"
"TOX3","PA",-0.00212355000841987,"TOX3"
"INS.IGF2","EPN",0.00212310669688441,"INS-IGF2"
"CA14","EPN",-0.00212103434596637,"CA14"
"SLC35F6","PA",-0.00212087416966446,"SLC35F6"
"AHNAK2","GBM",-0.00211862913414278,"AHNAK2"
"NRXN3","Normal",0.00211856746060337,"NRXN3"
"TMEM257","MED",-0.00211764215167524,"TMEM257"
"ST8SIA2","MED",0.00211380897620306,"ST8SIA2"
"PLLP","PA",0.00211081541890115,"PLLP"
"KNL1","MED",0.00210945329912886,"KNL1"
"CCNA1","EPN",0.00210783154561043,"CCNA1"
"SRRM4","MED",0.0021047438016049,"SRRM4"
"PGAM2","EPN",0.0021047245145665,"PGAM2"
"NOS1","PA",0.0021027398401277,"NOS1"
"GRM3","Normal",0.00210045602370718,"GRM3"
"DYDC2","EPN",0.00209960089684087,"DYDC2"
"EPPK1","EPN",0.00209754295127583,"EPPK1"
"ROR1","MED",0.0020969309417354,"ROR1"
"RCAN3","MED",0.00209554831472839,"RCAN3"
"SPHKAP","Normal",0.00209302672901437,"SPHKAP"
"CBX2","PA",-0.00209283908243779,"CBX2"
"ARMC3","EPN",0.00209179093607933,"ARMC3"
"RIMS3","Normal",0.00209170003691495,"RIMS3"
"DACH1","MED",0.00209169714878415,"DACH1"
"RFX4","MED",-0.00209073993256663,"RFX4"
"TTC9B","Normal",0.00209065371656716,"TTC9B"
"TMEM151B","Normal",0.00209000921396788,"TMEM151B"
"LIX1","MED",-0.0020890849949803,"LIX1"
"NUSAP1","PA",-0.00208762030526852,"NUSAP1"
"HOXA7","EPN",-0.00208487320224482,"HOXA7"
"HOGA1","EPN",0.00208328225689033,"HOGA1"
"IQCG","EPN",0.00207920860861828,"IQCG"
"STUM","Normal",0.00207781592373391,"STUM"
"PNMA3","Normal",0.0020754404611544,"PNMA3"
"FLJ37786","EPN",0.0020729227264075,"FLJ37786"
"CPNE5","MED",-0.00207239316943045,"CPNE5"
"ZBBX","EPN",0.0020699349546385,"ZBBX"
"MICAL2","Normal",0.00206889652131888,"MICAL2"
"CX3CR1","MED",-0.00206458244731257,"CX3CR1"
"SHOX2","GBM",0.002062725209283,"SHOX2"
"LINC00844","MED",-0.00206240350184138,"LINC00844"
"EFNA5","EPN",0.00206170427378422,"EFNA5"
"SYN2","Normal",0.00206166248564527,"SYN2"
"MEG3","Normal",0.00206122912093809,"MEG3"
"PLCXD3","PA",0.00205942515712045,"PLCXD3"
"MYO5C","EPN",0.00205814158316596,"MYO5C"
"C2orf40","EPN",0.00205747909705244,"C2orf40"
"MOG","EPN",-0.00205718708956353,"MOG"
"TNFRSF19","Normal",-0.00205647337287594,"TNFRSF19"
"SCN1A","MED",-0.00205633134370397,"SCN1A"
"DIRAS2","EPN",-0.00205542187915794,"DIRAS2"
"NTNG1","GBM",-0.00205491718844179,"NTNG1"
"PPP4R4","Normal",0.00205436743858339,"PPP4R4"
"TOX3","GBM",0.00205366396609957,"TOX3"
"HLA.DMA","PA",0.00205226359994698,"HLA-DMA"
"WDR38","EPN",0.00205107186150718,"WDR38"
"RIMS1","Normal",0.00205056182107218,"RIMS1"
"MAP3K19","EPN",0.00204932891255989,"MAP3K19"
"FCGR1B","MED",-0.00204891542073322,"FCGR1B"
"HOXA10","EPN",-0.00204792353916202,"HOXA10"
"TCERG1L","GBM",-0.0020473525775715,"TCERG1L"
"VAT1L","PA",0.0020464716049001,"VAT1L"
"COL4A6","EPN",0.00204399132351958,"COL4A6"
"BUB1B","PA",-0.00204328879944868,"BUB1B"
"ADCYAP1R1","EPN",0.00204049425703288,"ADCYAP1R1"
"MYBPC1","Normal",0.00203890865275239,"MYBPC1"
"TENM3","GBM",-0.00203727985770647,"TENM3"
"CYP39A1","EPN",0.00203716098508607,"CYP39A1"
"CXCL6","EPN",0.00203619823728103,"CXCL6"
"LINC01296","EPN",-0.00203594004487108,"LINC01296"
"LINC00839","PA",0.00203444818110146,"LINC00839"
"CDCA7","MED",0.00203401121103547,"CDCA7"
"ANXA1","MED",-0.00203387112139557,"ANXA1"
"MIAT","GBM",0.0020335750538554,"MIAT"
"FGFR3","MED",-0.0020335294623256,"FGFR3"
"CXorf57","EPN",0.00203146276604533,"CXorf57"
"CPAMD8","EPN",0.002031309583193,"CPAMD8"
"GPR37L1","PA",0.00203106676999326,"GPR37L1"
"NAPSB","PA",0.00203015529619693,"NAPSB"
"TKTL1","EPN",0.00202918097364821,"TKTL1"
"SRPX","EPN",-0.00202771082823303,"SRPX"
"SHOX2","EPN",-0.00202709403844669,"SHOX2"
"COL9A1","PA",0.0020267967606117,"COL9A1"
"MAL","Normal",0.00202643175152355,"MAL"
"LINGO2","GBM",-0.00202625549381666,"LINGO2"
"CALN1","Normal",0.00202608317848621,"CALN1"
"CHD5","Normal",0.0020255589116716,"CHD5"
"SULT4A1","Normal",0.00202543099261979,"SULT4A1"
"COL15A1","GBM",-0.00202296184274901,"COL15A1"
"GABRB2","Normal",0.00202088585331735,"GABRB2"
"PACSIN1","Normal",0.00202024340411057,"PACSIN1"
"FOXD1","EPN",-0.00202020883760635,"FOXD1"
"CFI","PA",0.00202015314172747,"CFI"
"CYP46A1","MED",-0.00201941207226147,"CYP46A1"
"NUSAP1","MED",0.00201704161992353,"NUSAP1"
"TMEM132B","PA",0.00201674172019844,"TMEM132B"
"UNC5D","EPN",-0.00201604165334094,"UNC5D"
"CNTN4","MED",0.00201399573513235,"CNTN4"
"PTX3","Normal",-0.00201385037971789,"PTX3"
"NMU","PA",-0.00201293438535496,"NMU"
"TPX2","PA",-0.00201007733803579,"TPX2"
"DTL","PA",-0.00200993810508074,"DTL"
"ST8SIA2","GBM",-0.00200626179707186,"ST8SIA2"
"MAL","MED",-0.00200561746115281,"MAL"
"SHISA9","EPN",-0.00200496154245524,"SHISA9"
"CCNB2","PA",-0.00200476053311522,"CCNB2"
"UBE2C","MED",0.00200269909261342,"UBE2C"
"ALDH1L1","MED",-0.00200238775057432,"ALDH1L1"
"VAT1L","GBM",-0.0020004905850143,"VAT1L"
"PBK","Normal",-0.00199978605457486,"PBK"
"LRRC34","EPN",0.00199831363398101,"LRRC34"
"NPNT","GBM",0.00199773619689816,"NPNT"
"CAMKV","PA",-0.00199762456798368,"CAMKV"
"PNMA3","PA",-0.00199720767127668,"PNMA3"
"CSMD3","GBM",-0.00199549692671225,"CSMD3"
"SIX1","EPN",-0.00199500428077791,"SIX1"
"CRABP1","Normal",0.00199477363821015,"CRABP1"
"CFAP52","EPN",0.00199289245279354,"CFAP52"
"ACTL6B","MED",0.00199123570174624,"ACTL6B"
"UBE2C","PA",-0.00199051406601357,"UBE2C"
"DTL","Normal",-0.00199041553371151,"DTL"
"LHFPL4","MED",0.00199005401187596,"LHFPL4"
"DLGAP5","PA",-0.00198965016169683,"DLGAP5"
"MFAP2","MED",0.00198881514007337,"MFAP2"
"CD24","MED",0.00198717346359026,"CD24"
"SAPCD2","PA",0.00198599652385531,"SAPCD2"
"CNTN4","Normal",0.0019856238572311,"CNTN4"
"KIF2C","MED",0.0019853644855497,"KIF2C"
"PLLP","MED",-0.00198491422877038,"PLLP"
"SLC12A5","Normal",0.00198445233616146,"SLC12A5"
"DNM1","Normal",0.00198384493120087,"DNM1"
"GABRA2","Normal",0.00198376492467211,"GABRA2"
"KIF15","MED",0.00198352210676812,"KIF15"
"DCC","MED",0.00198257708852792,"DCC"
"SLC1A6","GBM",0.00197991022618302,"SLC1A6"
"CPLX1","Normal",0.00197990293463473,"CPLX1"
"MSX1","EPN",0.00197910897950983,"MSX1"
"LOC101927137","EPN",-0.00197830609616182,"LOC101927137"
"SERPINF1","EPN",-0.00197791321420685,"SERPINF1"
"SRPX2","PA",0.00197711751425568,"SRPX2"
"RAB27B","MED",-0.00197621190082804,"RAB27B"
"EN2","MED",0.00197581720158288,"EN2"
"NT5E","PA",0.00197513100034878,"NT5E"
"ODF3B","EPN",0.00197471222188419,"ODF3B"
"MASP1","EPN",0.00197302499511985,"MASP1"
"TPX2","Normal",-0.00197062287143458,"TPX2"
"SRCIN1","Normal",0.00196671592758743,"SRCIN1"
"PCP4L1","Normal",0.00196492807326606,"PCP4L1"
"ADAM12","Normal",-0.00196413162870569,"ADAM12"
"SERPINF1","PA",0.00196208392527518,"SERPINF1"
"BCAS1","MED",-0.00195746596271981,"BCAS1"
"SYNGR3","Normal",0.00195630130778567,"SYNGR3"
"ITGB4","MED",-0.00195533951184362,"ITGB4"
"C1orf158","EPN",0.00195509925965968,"C1orf158"
"GPC5","PA",0.00195385799097465,"GPC5"
"TNFAIP6","MED",-0.00195197374439518,"TNFAIP6"
"CPXM1","Normal",-0.00195102761495915,"CPXM1"
"KIAA0319","EPN",0.00195098316503923,"KIAA0319"
"CENPU","MED",0.00194950947279956,"CENPU"
"SEL1L2","EPN",-0.00194944210682323,"SEL1L2"
"C2orf88","MED",-0.00194847957085848,"C2orf88"
"TGFA","PA",0.00194836284367236,"TGFA"
"NUF2","PA",-0.00194827502796466,"NUF2"
"VSTM2A","MED",0.00194749923308455,"VSTM2A"
"TSPAN18","MED",0.00194700884741636,"TSPAN18"
"SLC2A13","EPN",-0.00194669423873256,"SLC2A13"
"SEMA3C","GBM",-0.00194396042645836,"SEMA3C"
"IER3","PA",0.00194232294974239,"IER3"
"BUB1B","MED",0.00194205275939095,"BUB1B"
"LYPD1","MED",-0.00194175139505196,"LYPD1"
"PCDHB5","EPN",-0.00193450653744254,"PCDHB5"
"CAPSL","EPN",0.00193436747189664,"CAPSL"
"EFHD1","MED",-0.00193430007962488,"EFHD1"
"GABRB3","MED",0.00193352192516957,"GABRB3"
"KIAA0319","PA",-0.00193287505461332,"KIAA0319"
"RCAN3","GBM",-0.00193261210672807,"RCAN3"
"KCNIP1","PA",0.00193126949336874,"KCNIP1"
"COL8A1","EPN",-0.00193039418906627,"COL8A1"
"ZIC3","MED",0.0019295009358001,"ZIC3"
"GABRB3","GBM",-0.00192943849381481,"GABRB3"
"IFI44L","MED",-0.00192857636843449,"IFI44L"
"AMPH","GBM",-0.00192745065015873,"AMPH"
"KLRC3","PA",0.00192634344069775,"KLRC3"
"MYT1","PA",0.00192621428839072,"MYT1"
"CAMK4","Normal",0.00192586120606518,"CAMK4"
"LINC01296","PA",-0.00192521195258355,"LINC01296"
"CCDC85A","Normal",0.00192473647564114,"CCDC85A"
"NEFL","EPN",-0.00192417400314314,"NEFL"
"FGF14","PA",0.00192409445152294,"FGF14"
"DLGAP5","MED",0.00192404689784105,"DLGAP5"
"KCNA5","GBM",-0.00192402271500966,"KCNA5"
"SPOCK1","GBM",-0.00192359463868189,"SPOCK1"
"ST6GALNAC2","EPN",0.00192341576158098,"ST6GALNAC2"
"LRRTM2","EPN",-0.00192228245293402,"LRRTM2"
"PITPNM3","Normal",0.00192223040879342,"PITPNM3"
"NUF2","Normal",-0.00192184410272523,"NUF2"
"LRRC4C","PA",0.0019218047933366,"LRRC4C"
"LINC01105","EPN",-0.00192105942941794,"LINC01105"
"ASCL1","MED",-0.00191989519273849,"ASCL1"
"LINGO2","MED",0.00191718552246328,"LINGO2"
"MAPK8IP1","EPN",0.0019152558215772,"MAPK8IP1"
"HPCAL4","Normal",0.00191489812735712,"HPCAL4"
"P2RY12","MED",-0.0019144310497281,"P2RY12"
"CABP7","PA",0.00191400225078411,"CABP7"
"SPHKAP","PA",-0.0019125426855185,"SPHKAP"
"C1orf106","PA",0.00191249597166737,"C1orf106"
"LRRK2","GBM",0.001912060204917,"LRRK2"
"FREM2","Normal",-0.00191094303628039,"FREM2"
"FAXC","EPN",-0.00191016814273053,"FAXC"
"TMEM130","Normal",0.00190878288964048,"TMEM130"
"ZNF385B","Normal",0.00190804531637459,"ZNF385B"
"HOOK1","Normal",0.00190621362076637,"HOOK1"
"ALOX5AP","GBM",0.00190481080757845,"ALOX5AP"
"FBLN5","PA",0.00190399144548828,"FBLN5"
"RNF112","EPN",-0.0019031397204692,"RNF112"
"ELAVL2","PA",-0.00190156721501581,"ELAVL2"
"SPOCD1","PA",0.00190140034308815,"SPOCD1"
"MELK","PA",-0.00190129884388955,"MELK"
"SCIN","MED",-0.00190045918954431,"SCIN"
"FABP6","Normal",0.00190017097921791,"FABP6"
"SHANK2","Normal",0.00190011174581564,"SHANK2"
"CCNB2","MED",0.00189959838857758,"CCNB2"
"SLC1A1","MED",-0.00189919908501224,"SLC1A1"
"SYT13","GBM",0.00189707718696094,"SYT13"
"SPATA18","GBM",-0.00189592499412358,"SPATA18"
"FCGR1CP","MED",-0.00189524221414857,"FCGR1CP"
"SLCO1C1","MED",-0.00189459434440878,"SLCO1C1"
"MIAT","EPN",-0.00189389275328782,"MIAT"
"ROBO2","PA",-0.00189337777565342,"ROBO2"
"BAMBI","MED",-0.00189328111831878,"BAMBI"
"FAM69C","MED",-0.0018918054061689,"FAM69C"
"NUF2","MED",0.00189070140859151,"NUF2"
"CDC20","MED",0.00189047676417186,"CDC20"
"RMST","EPN",0.00189001763679692,"RMST"
"CACNA1E","Normal",0.00188985663226288,"CACNA1E"
"GPX3","PA",0.00188528507987663,"GPX3"
"PLAT","PA",0.00188230014711932,"PLAT"
"MAK","EPN",0.0018817635827559,"MAK"
"METTL7B","Normal",-0.00188130386998898,"METTL7B"
"ASPM","PA",-0.00187668867598257,"ASPM"
"DSG2","EPN",0.00187641359269501,"DSG2"
"SYN1","Normal",0.00187395796408818,"SYN1"
"CCDC85A","GBM",-0.00187330519481577,"CCDC85A"
"DSP","MED",0.00187183471557115,"DSP"
"TIMP4","EPN",-0.00187146183418179,"TIMP4"
"CLIC6","PA",0.00187020648039542,"CLIC6"
"FAIM2","MED",-0.00186948085874848,"FAIM2"
"MIR675","PA",0.00186859116134146,"MIR675"
"PHYHIP","GBM",-0.00186852705045797,"PHYHIP"
"SHC3","GBM",0.00186682460377645,"SHC3"
"EFEMP1","MED",-0.00186667395519057,"EFEMP1"
"DSP","GBM",-0.0018663338001246,"DSP"
"RNF112","PA",0.00186500521412459,"RNF112"
"TF","EPN",-0.00186279375219149,"TF"
"LEMD1","MED",0.00186104397754055,"LEMD1"
"SYT4","PA",-0.00186042254778527,"SYT4"
"GABRA1","Normal",0.00186008046774157,"GABRA1"
"SCIN","Normal",-0.00185898946845561,"SCIN"
"TTK","Normal",-0.00185798758725545,"TTK"
"FAM64A","Normal",-0.00185663470163721,"FAM64A"
"NEDD4L","MED",0.00185588837248655,"NEDD4L"
"CUX2","MED",0.00185459600380641,"CUX2"
"DCDC5","EPN",0.00185459017750029,"DCDC5"
"EYA1","GBM",0.00184984922312929,"EYA1"
"SORCS3","EPN",-0.00184669146399809,"SORCS3"
"BIRC5","PA",-0.00184659759010848,"BIRC5"
"GPR37L1","MED",-0.00184483204416248,"GPR37L1"
"SEL1L2","PA",-0.00184437772101218,"SEL1L2"
"LAMA1","EPN",0.00184362360375995,"LAMA1"
"MASP1","MED",-0.00184332038118601,"MASP1"
"EPHA7","GBM",-0.00184331604524421,"EPHA7"
"NR2E1","MED",-0.00184112886101276,"NR2E1"
"LOC100509445","EPN",-0.00183616799408564,"LOC100509445"
"ACSBG1","MED",-0.00183533500694851,"ACSBG1"
"SCN7A","GBM",-0.00183467158137342,"SCN7A"
"ASPM","Normal",-0.00183371558934126,"ASPM"
"OLIG2","GBM",0.00183054272802159,"OLIG2"
"P2RX5","EPN",0.00183008890492564,"P2RX5"
"FBLN5","GBM",-0.00182783282096632,"FBLN5"
"FA2H","MED",-0.00182549879805836,"FA2H"
"LOC284570","EPN",0.00182494516170832,"LOC284570"
"PCLO","Normal",0.00182473533136806,"PCLO"
"ATCAY","EPN",-0.00182404629684403,"ATCAY"
"HOXC6","GBM",0.00182385348165997,"HOXC6"
"HOXA7","MED",0.00182327372588369,"HOXA7"
"CCNB2","Normal",-0.00182293083514126,"CCNB2"
"CCDC40","GBM",-0.00182204957272122,"CCDC40"
"PITPNM3","PA",-0.00182198633384385,"PITPNM3"
"NKAIN1","EPN",-0.00182145208165168,"NKAIN1"
"NRGN","EPN",-0.00182129460216786,"NRGN"
"NHLH2","MED",0.00182079292645469,"NHLH2"
"BTBD11","GBM",-0.00182053400985622,"BTBD11"
"SHC3","EPN",-0.00182050083448328,"SHC3"
"MFAP2","Normal",-0.00181927575814187,"MFAP2"
"ADCYAP1","MED",0.00181830359366605,"ADCYAP1"
"TMEM132D","PA",0.00181730192418178,"TMEM132D"
"HS6ST2","MED",-0.00181486693214163,"HS6ST2"
"KIAA0101","MED",0.00181483067944194,"KIAA0101"
"C2orf82","MED",-0.00181410047753666,"C2orf82"
"WDR49","EPN",0.00181388201448721,"WDR49"
"GSTT2","MED",-0.00181228120197498,"GSTT2"
"GABRD","Normal",0.00181184634653232,"GABRD"
"RASGEF1A","GBM",-0.00181067671455393,"RASGEF1A"
"ROR2","GBM",-0.00181046264912999,"ROR2"
"MN1","PA",0.00181025935265659,"MN1"
"LOC645321","MED",-0.00181005709757146,"LOC645321"
"CENPF","Normal",-0.00180927669918319,"CENPF"
"CYP39A1","GBM",-0.00180892729649917,"CYP39A1"
"EPHA3","PA",0.00180700554798239,"EPHA3"
"CITED1","EPN",-0.00180624462802861,"CITED1"
"UNC5D","MED",0.00180548050863182,"UNC5D"
"NOS1","GBM",-0.00180544737448387,"NOS1"
"RELN","GBM",-0.00180535807047835,"RELN"
"C2orf80","GBM",0.00180482375006863,"C2orf80"
"ERBB3","MED",-0.00180393509631452,"ERBB3"
"NMU","MED",0.00180257019863833,"NMU"
"C4B_2","MED",-0.00180206494985859,"C4B_2"
"KNL1","Normal",-0.00180180130436355,"KNL1"
"PRIMA1","PA",0.00180035268343591,"PRIMA1"
"FCGR1CP","GBM",0.00179909296829331,"FCGR1CP"
"CNTNAP5","MED",0.00179895935347777,"CNTNAP5"
"DAB1","GBM",-0.00179878232944239,"DAB1"
"FOXP2","PA",-0.00179689407500392,"FOXP2"
"C7orf57","EPN",0.00179687163574801,"C7orf57"
"IQCG","PA",-0.00179676272186946,"IQCG"
"DLL3","EPN",-0.0017955449903475,"DLL3"
"CELSR3","MED",0.00179541821631401,"CELSR3"
"CCL2","PA",0.00179391324317266,"CCL2"
"SPAG1","MED",-0.00179334487481436,"SPAG1"
"CPXM1","GBM",0.00179218105582434,"CPXM1"
"SELENBP1","EPN",0.00179154559544764,"SELENBP1"
"OXTR","PA",0.00179125287335059,"OXTR"
"C2orf80","MED",-0.00178907469951716,"C2orf80"
"FAM84A","PA",0.0017885946114664,"FAM84A"
"ERMN","EPN",-0.0017876131110029,"ERMN"
"WDR78","EPN",0.00178750310177338,"WDR78"
"CLIC6","GBM",-0.00178637201964851,"CLIC6"
"P3H2","MED",-0.00178570577283133,"P3H2"
"GPR17","PA",0.00178260400271463,"GPR17"
"SCIN","GBM",0.00178190081978778,"SCIN"
"MIR124.2HG","Normal",0.00178132068895466,"MIR124-2HG"
"UNC13C","Normal",0.00177692833332861,"UNC13C"
"FBXO2","EPN",0.00177669191169907,"FBXO2"
"MFAP4","GBM",-0.00177617181597128,"MFAP4"
"CADPS","EPN",-0.0017746853575141,"CADPS"
"SERTM1","Normal",0.00177088062732004,"SERTM1"
"POSTN","PA",0.00177044537174419,"POSTN"
"KCNK3","PA",-0.00176917550334962,"KCNK3"
"DUSP26","GBM",-0.00176774743184777,"DUSP26"
"CUX2","GBM",-0.00176754515107545,"CUX2"
"MIR124.1","MED",0.0017673126261923,"MIR124-1"
"RCAN2","Normal",0.00176711606256698,"RCAN2"
"ACSBG1","Normal",0.00176570160026281,"ACSBG1"
"NALCN","PA",0.00176463084419438,"NALCN"
"C11orf70","EPN",0.00176432869269031,"C11orf70"
"TCERG1L","MED",0.00176372205224746,"TCERG1L"
"FRAS1","MED",0.00176328426462126,"FRAS1"
"SYN1","EPN",-0.00176211156632433,"SYN1"
"ASXL3","MED",0.00176195300127032,"ASXL3"
"VASH2","EPN",-0.00176167105158062,"VASH2"
"TMEM132D","GBM",-0.00176092552315335,"TMEM132D"
"SRPX2","Normal",-0.0017578859658102,"SRPX2"
"COL9A2","MED",-0.00175705956883988,"COL9A2"
"CELF3","MED",0.00175576172625294,"CELF3"
"CPNE5","EPN",-0.00175520135173211,"CPNE5"
"HS6ST2","PA",0.0017528840081893,"HS6ST2"
"ADAMTS3","PA",-0.00175221838675952,"ADAMTS3"
"LNX1","EPN",-0.00175210234387125,"LNX1"
"ATP10B","MED",-0.0017518607425962,"ATP10B"
"DLGAP5","Normal",-0.00175115367440122,"DLGAP5"
"ADRB1","EPN",-0.00175110539461829,"ADRB1"
"ATRNL1","PA",0.00175101017534162,"ATRNL1"
"EXOSC7","GBM",-0.00175003217856841,"EXOSC7"
"MMP9","GBM",0.00175001636467554,"MMP9"
"NKX2.2","GBM",0.0017499208517871,"NKX2-2"
"HAPLN1","EPN",0.00174955071639577,"HAPLN1"
"LOC100509457","PA",0.00174895079407222,"LOC100509457"
"KIAA0101","PA",-0.00174836587649101,"KIAA0101"
"ROPN1L","EPN",0.00174774981581397,"ROPN1L"
"C11orf87","GBM",-0.00174669346934806,"C11orf87"
"ATP8A2","Normal",0.00174656546804753,"ATP8A2"
"PCLO","PA",-0.00174557436338487,"PCLO"
"ELFN2","GBM",-0.00174482202861688,"ELFN2"
"FABP6","PA",-0.00174393812153819,"FABP6"
"MORN5","EPN",0.00174221373490457,"MORN5"
"CBLN1","GBM",-0.00173994687704226,"CBLN1"
"TPPP3","EPN",0.00173911921410428,"TPPP3"
"MCHR1","MED",-0.00173908126755178,"MCHR1"
"CELF3","PA",-0.00173890355176202,"CELF3"
"CYP2J2","PA",0.0017383299003898,"CYP2J2"
"CXCL2","EPN",0.00173825343290953,"CXCL2"
"PCDH17","GBM",0.00173804923547993,"PCDH17"
"B3GAT2","MED",-0.00173759579654166,"B3GAT2"
"TRPM3","Normal",0.00173676868272038,"TRPM3"
"KCNJ3","Normal",0.00173553906656735,"KCNJ3"
"CENPF","MED",0.00173490209558147,"CENPF"
"CCDC88C","EPN",0.00173472278317154,"CCDC88C"
"SYNPR","Normal",0.00173412801704951,"SYNPR"
"BIRC5","MED",0.00173345770762406,"BIRC5"
"CACNA1G","PA",0.00173274827903749,"CACNA1G"
"CHN2","Normal",0.00173142361151692,"CHN2"
"DYNC1I1","Normal",0.00173134107380597,"DYNC1I1"
"TOP2A","MED",0.001731173963139,"TOP2A"
"IGSF21","GBM",-0.00173048051934539,"IGSF21"
"CNPY1","MED",0.00173019432244454,"CNPY1"
"FAM81B","EPN",0.00173017739745074,"FAM81B"
"BHLHE22","MED",0.00172883744386341,"BHLHE22"
"SPOCK1","PA",0.00172699347093719,"SPOCK1"
"CALN1","EPN",-0.0017267459094995,"CALN1"
"OGN","PA",0.00172496487597806,"OGN"
"NAP1L2","PA",0.00172449207499481,"NAP1L2"
"GLI2","EPN",0.00172444702984684,"GLI2"
"CACNG2","Normal",0.00172386515606369,"CACNG2"
"TMEM151B","PA",-0.00172378464411866,"TMEM151B"
"P2RX5","MED",-0.0017231850850841,"P2RX5"
"INSM2","GBM",-0.00172306391181247,"INSM2"
"PCP4","Normal",0.00172281905657921,"PCP4"
"RGS7","EPN",-0.00172200528040415,"RGS7"
"BUB1","MED",0.00172014793604329,"BUB1"
"PSMB9","MED",-0.00171976621018267,"PSMB9"
"HMGCLL1","PA",-0.00171953871568662,"HMGCLL1"
"MKX","GBM",-0.00171846006675329,"MKX"
"PLAT","MED",-0.00171693987417285,"PLAT"
"ARMC4","GBM",-0.0017167944386657,"ARMC4"
"CELSR3","EPN",-0.00171562831635226,"CELSR3"
"HSPA2","MED",-0.00171505736106085,"HSPA2"
"PSMB9","Normal",-0.00171378573626046,"PSMB9"
"FRAS1","EPN",-0.00171323165224201,"FRAS1"
"SLC8A3","EPN",-0.00171317827469833,"SLC8A3"
"GRIN2A","GBM",-0.00171235895610151,"GRIN2A"
"CXCL3","EPN",0.00171215853393109,"CXCL3"
"CCK","GBM",0.00171137371260577,"CCK"
"LOC157503","MED",0.00171122697555218,"LOC157503"
"CACNA1B","MED",0.00170913065790601,"CACNA1B"
"KDM5D","GBM",-0.00170792996782725,"KDM5D"
"NRN1","GBM",0.00170667611861619,"NRN1"
"SEZ6","PA",-0.00170586829372609,"SEZ6"
"GALNT3","EPN",0.00170578516186116,"GALNT3"
"SMOC1","GBM",-0.00170343399563054,"SMOC1"
"PCOLCE2","Normal",-0.00170323482894861,"PCOLCE2"
"NEUROD1","MED",0.0017026375697932,"NEUROD1"
"BLACAT1","MED",0.00170175808787453,"BLACAT1"
"LOC101927057","MED",-0.00170145111286165,"LOC101927057"
"SOX8","MED",-0.0017003112607903,"SOX8"
"KCNJ3","PA",-0.00169946637662574,"KCNJ3"
"ADAMTS3","EPN",0.00169814979896246,"ADAMTS3"
"SHD","EPN",-0.00169661912301368,"SHD"
"CKMT1A","Normal",0.00169593329422039,"CKMT1A"
"CXCL8","GBM",0.00169533780027305,"CXCL8"
"NHS","EPN",0.00169516150513383,"NHS"
"BOC","GBM",-0.00169493317719945,"BOC"
"FRAS1","PA",-0.00169390651637943,"FRAS1"
"TMEM100","PA",0.0016931154950662,"TMEM100"
"SLC35F6","MED",0.00169250527875045,"SLC35F6"
"KCNK1","EPN",-0.00169191447726525,"KCNK1"
"CHI3L1","MED",-0.00169072308689401,"CHI3L1"
"CRB1","MED",-0.00169046705915907,"CRB1"
"MECOM","EPN",0.00169012305976922,"MECOM"
"C1orf106","MED",-0.00168968735122849,"C1orf106"
"WBSCR17","EPN",-0.00168901009221595,"WBSCR17"
"CNTN3","GBM",-0.00168900972226092,"CNTN3"
"CACNG2","GBM",-0.00168802226311486,"CACNG2"
"FOXM1","MED",0.0016853982765907,"FOXM1"
"SLC6A15","MED",0.00168524214588862,"SLC6A15"
"CELSR3","PA",-0.00168357035489899,"CELSR3"
"SOX1","EPN",0.00168277622622622,"SOX1"
"CNDP1","PA",-0.00168154462621045,"CNDP1"
"KIF15","Normal",-0.0016815027749232,"KIF15"
"PEBP4","EPN",0.00168115790474754,"PEBP4"
"SIX1","GBM",0.00167955193709018,"SIX1"
"EXOSC7","EPN",0.00167905847998776,"EXOSC7"
"HMGA2","GBM",0.00167726437379648,"HMGA2"
"C4B_2","GBM",-0.00167718344753126,"C4B_2"
"SLC8A2","GBM",-0.00167605583932572,"SLC8A2"
"ALDH1A1","PA",-0.00167534520865434,"ALDH1A1"
"TMEM100","GBM",0.00167450496786981,"TMEM100"
"PIFO","EPN",0.0016733835586588,"PIFO"
"SV2C","Normal",0.00167319530396788,"SV2C"
"INSM1","MED",0.00167313549321211,"INSM1"
"PBK","PA",-0.00167281785274885,"PBK"
"DIRAS3","PA",0.00167211565917785,"DIRAS3"
"BIRC5","Normal",-0.00167179626665008,"BIRC5"
"CBLN1","EPN",-0.00167008765173685,"CBLN1"
"AKR1C3","PA",0.00166908639090751,"AKR1C3"
"SLC35F6","Normal",-0.00166860682034861,"SLC35F6"
"EPHA3","GBM",-0.00166852215511801,"EPHA3"
"TMEM255A","MED",-0.00166845881024078,"TMEM255A"
"MOG","PA",0.00166837397822713,"MOG"
"DYNLRB2","EPN",0.00166824442616145,"DYNLRB2"
"SLC24A2","PA",0.00166820661826604,"SLC24A2"
"CNDP1","Normal",0.0016676124331299,"CNDP1"
"ADAMTSL4","GBM",-0.00166710002424728,"ADAMTSL4"
"FAM64A","PA",-0.00166676475703848,"FAM64A"
"ERICH3","Normal",0.00166660124682259,"ERICH3"
"XKR4","Normal",0.00166583915461256,"XKR4"
"MOBP","GBM",0.00166562821165615,"MOBP"
"KLHL4","EPN",-0.00166390649598427,"KLHL4"
"PLP1","MED",-0.00166302264874471,"PLP1"
"ZNF365","Normal",0.00166191034570456,"ZNF365"
"HAPLN1","MED",-0.00166185217586432,"HAPLN1"
"SCN1A","GBM",0.00165990070062303,"SCN1A"
"FXYD7","Normal",0.00165908088216076,"FXYD7"
"CRLF1","GBM",-0.00165889878009547,"CRLF1"
"GLI2","MED",0.00165774115126376,"GLI2"
"FGF1","EPN",-0.00165769185671906,"FGF1"
"TMEM255A","GBM",0.00165497173763497,"TMEM255A"
"PAX6","PA",-0.00165480806871412,"PAX6"
"DPP10","MED",-0.00165336722640072,"DPP10"
"ERMN","Normal",0.00165284105834352,"ERMN"
"KIF4A","MED",0.00165086429977108,"KIF4A"
"C8orf46","GBM",0.00165071382361253,"C8orf46"
"CX3CR1","PA",0.00165014288012896,"CX3CR1"
"FAM84A","EPN",-0.00164977415638656,"FAM84A"
"FCGBP","MED",-0.00164957540041565,"FCGBP"
"SLC25A18","Normal",0.00164917967239468,"SLC25A18"
"BAMBI","PA",0.00164690448094931,"BAMBI"
"FNDC5","EPN",-0.00164577274602651,"FNDC5"
"SLN","Normal",0.00164554212618097,"SLN"
"TCTEX1D1","EPN",0.00164538546573722,"TCTEX1D1"
"CADM2","EPN",-0.00164512084443243,"CADM2"
"SLC6A15","PA",-0.00164453042662267,"SLC6A15"
"COL11A1","PA",0.00164240713498785,"COL11A1"
"ARAP2","GBM",0.00164220268970928,"ARAP2"
"MKX","EPN",0.00164162813471538,"MKX"
"NRGN","PA",-0.00164125389365647,"NRGN"
"GRM1","GBM",-0.00164062544819583,"GRM1"
"CFI","EPN",0.00163915290673572,"CFI"
"SALL3","MED",-0.00163697720835421,"SALL3"
"MIR124.2HG","PA",-0.00163622520325677,"MIR124-2HG"
"ADAM12","GBM",0.0016355176271747,"ADAM12"
"FXYD7","MED",-0.00163528443392505,"FXYD7"
"CCDC114","EPN",0.00163426008610166,"CCDC114"
"BARHL1","GBM",-0.00163343819773302,"BARHL1"
"CXCL14","EPN",-0.00163300370749598,"CXCL14"
"NMNAT2","GBM",-0.00163282885830571,"NMNAT2"
"KCNA1","GBM",-0.00163282396869478,"KCNA1"
"C8orf34","EPN",0.00163253161430924,"C8orf34"
"ELFN2","PA",0.00163244341774432,"ELFN2"
"TOP2A","PA",-0.00163196061586077,"TOP2A"
"SCRG1","GBM",0.00163148954592129,"SCRG1"
"GRIK2","PA",0.00163094861194212,"GRIK2"
"FGF14","EPN",-0.0016298784238853,"FGF14"
"SPAG6","EPN",0.00162921842524629,"SPAG6"
"FOXM1","Normal",-0.00162915114583887,"FOXM1"
"FBXL16","Normal",0.00162893527480712,"FBXL16"
"CYP2J2","Normal",0.00162882787566792,"CYP2J2"
"IGSF21","EPN",-0.00162567651835667,"IGSF21"
"VSNL1","Normal",0.00162420820802026,"VSNL1"
"CCNA1","PA",-0.0016238269491442,"CCNA1"
"E2F7","Normal",-0.0016234157306018,"E2F7"
"GABRD","GBM",-0.00162235065045093,"GABRD"
"COPG2IT1","EPN",-0.00162171066400292,"COPG2IT1"
"HOXA10.HOXA9","EPN",-0.00162154022809603,"HOXA10-HOXA9"
"ATRNL1","EPN",-0.00162141228469965,"ATRNL1"
"SH3GL2","EPN",-0.00161988232796226,"SH3GL2"
"HCN1","Normal",0.00161924363245042,"HCN1"
"SLITRK3","EPN",-0.00161923051480817,"SLITRK3"
"NT5E","EPN",-0.00161828415993341,"NT5E"
"CITED1","PA",0.00161596086536122,"CITED1"
"DUSP26","EPN",-0.00161577998808837,"DUSP26"
"ENKUR","MED",-0.00161558841285231,"ENKUR"
"ELN","EPN",0.00161554722362971,"ELN"
"TKTL1","GBM",-0.00161541117547986,"TKTL1"
"AP3B2","EPN",-0.00161483784491492,"AP3B2"
"CACNA1B","Normal",0.00161469961177747,"CACNA1B"
"IGSF21","PA",0.00161453349045106,"IGSF21"
"RBFOX1","Normal",0.00161438971937366,"RBFOX1"
"TMEM45A","Normal",-0.00161407380528037,"TMEM45A"
"CXCL14","GBM",0.00161335405844979,"CXCL14"
"GFRA1","EPN",-0.00161326819928165,"GFRA1"
"SLC7A2","MED",-0.00161188084972789,"SLC7A2"
"CSPG4","MED",-0.00161156776626958,"CSPG4"
"GRIA1","GBM",-0.00161059007570209,"GRIA1"
"CELF4","EPN",-0.00161038676346149,"CELF4"
"ROR1","PA",-0.00160895961605,"ROR1"
"SLC1A1","PA",0.00160797952357837,"SLC1A1"
"MYBPC1","MED",-0.00160772273812186,"MYBPC1"
"WBSCR17","MED",0.00160731592004345,"WBSCR17"
"FAM216B","EPN",0.00160730725687154,"FAM216B"
"P2RY12","PA",0.0016071649590373,"P2RY12"
"ADAMTS3","GBM",0.0016071220286457,"ADAMTS3"
"RELN","MED",0.00160702342238465,"RELN"
"IGSF1","EPN",0.00160673311183593,"IGSF1"
"NDP","GBM",0.00160660428367078,"NDP"
"RNF43","GBM",-0.00160639089868635,"RNF43"
"CFB","GBM",-0.00160596598607673,"CFB"
"ST18","MED",0.00160526181778999,"ST18"
"MT1M","GBM",0.00160162775780408,"MT1M"
"COL11A1","MED",-0.00160102158906774,"COL11A1"
"CTHRC1","PA",0.00159899084540779,"CTHRC1"
"NPY","MED",-0.00159898963532044,"NPY"
"MN1","EPN",0.00159886082052041,"MN1"
"ALDH1L1","EPN",0.00159821725918006,"ALDH1L1"
"COL9A2","PA",0.00159809227388243,"COL9A2"
"OLFML1","EPN",0.00159726166942781,"OLFML1"
"PCDH11Y","Normal",0.00159704062509173,"PCDH11Y"
"CD109","MED",-0.00159676377861835,"CD109"
"TPX2","MED",0.00159666473168195,"TPX2"
"NELL2","EPN",-0.00159593964935805,"NELL2"
"ALDH1A3","GBM",-0.00159592892156427,"ALDH1A3"
"GCNT2","EPN",-0.00159545278640406,"GCNT2"
"GRM5","PA",0.0015954002133077,"GRM5"
"TMSB15B","MED",0.00159532310529868,"TMSB15B"
"OTX2","MED",0.00159527643045997,"OTX2"
"GRIA3","GBM",0.00159384510433806,"GRIA3"
"TENM1","EPN",-0.00159287949312783,"TENM1"
"MELK","MED",0.00159255516946404,"MELK"
"TIMP4","GBM",0.00159199440978832,"TIMP4"
"PLAT","EPN",-0.0015919307125271,"PLAT"
"SEMA5A","MED",-0.00159108675466918,"SEMA5A"
"WFDC1","PA",0.00159089260514043,"WFDC1"
"USP9Y","Normal",0.00159021240632346,"USP9Y"
"SEMA5A","GBM",0.00158979013025818,"SEMA5A"
"PCDHGA3","PA",0.00158922837964092,"PCDHGA3"
"SLC2A13","GBM",0.00158852081931299,"SLC2A13"
"SEZ6","EPN",-0.00158770574061212,"SEZ6"
"NRN1","EPN",-0.00158658223092647,"NRN1"
"SOX10","PA",0.00158610250605761,"SOX10"
"LRRK2","PA",0.00158501157588795,"LRRK2"
"CSMD3","MED",-0.00158446706811079,"CSMD3"
"SFRP4","Normal",-0.00158446163952479,"SFRP4"
"LRRC17","Normal",-0.00158359417622191,"LRRC17"
"ELAVL2","MED",0.00158350332298555,"ELAVL2"
"ASXL3","GBM",-0.00158182199917936,"ASXL3"
"LNX1","GBM",0.00158181898835568,"LNX1"
"DLX1","GBM",0.00158140652125053,"DLX1"
"EBF3","GBM",-0.00158071956297954,"EBF3"
"GMPR","EPN",0.00157965058244888,"GMPR"
"GRM3","PA",-0.00157730209209912,"GRM3"
"SORCS1","MED",-0.00157506584171744,"SORCS1"
"ADIRF","MED",-0.00157431233408284,"ADIRF"
"PROM1","EPN",0.00157414453894641,"PROM1"
"CA10","PA",0.00157368126502828,"CA10"
"B3GALT2","EPN",-0.0015733399230023,"B3GALT2"
"ATCAY","PA",0.00157317919235449,"ATCAY"
"VIPR2","EPN",0.00157312669864067,"VIPR2"
"MOBP","EPN",-0.00157304151345929,"MOBP"
"RFPL1S","MED",0.00157232201602764,"RFPL1S"
"TMEM100","MED",-0.00157131675112444,"TMEM100"
"ADCYAP1R1","GBM",-0.00157113141432813,"ADCYAP1R1"
"KLRC3","MED",-0.00157089883087469,"KLRC3"
"MXRA5","Normal",-0.0015698013399171,"MXRA5"
"CPXM1","MED",0.00156865224505827,"CPXM1"
"RRM2","PA",-0.00156858212410289,"RRM2"
"MRO","Normal",0.00156820401230091,"MRO"
"LRRC7","MED",0.00156810125978644,"LRRC7"
"RBFOX1","GBM",-0.00156744239102135,"RBFOX1"
"NUP62CL","GBM",-0.00156604383113806,"NUP62CL"
"PPP4R4","MED",-0.00156460388107629,"PPP4R4"
"CALY","PA",-0.00156437308844056,"CALY"
"STUM","PA",-0.00156392679981496,"STUM"
"CRB1","EPN",0.00156373261445108,"CRB1"
"AMPH","MED",0.00156316114126209,"AMPH"
"GPC4","MED",-0.00156282025036331,"GPC4"
"NEUROD2","GBM",-0.0015622371009555,"NEUROD2"
"ASPHD1","EPN",-0.00156218045801458,"ASPHD1"
"SERPINA5","EPN",0.00156144905126263,"SERPINA5"
"C1orf106","Normal",-0.00155986685606427,"C1orf106"
"PEX5L","EPN",-0.00155868505514914,"PEX5L"
"NELL2","MED",0.00155828547761359,"NELL2"
"CELF4","Normal",0.00155746197247864,"CELF4"
"ACSBG1","EPN",-0.00155647747590949,"ACSBG1"
"SLC8A2","MED",0.0015558318655161,"SLC8A2"
"LINC01088","GBM",-0.00155542589998809,"LINC01088"
"NEFL","PA",-0.00155507491203514,"NEFL"
"DOK6","EPN",0.00155410985998479,"DOK6"
"AQP4.AS1","EPN",0.00155361705741008,"AQP4-AS1"
"GPC5","MED",-0.00155285651453768,"GPC5"
"RBFOX3","MED",0.00154975844475243,"RBFOX3"
"AHNAK2","EPN",0.0015481245526346,"AHNAK2"
"NKAIN1","PA",-0.0015475061633291,"NKAIN1"
"SEZ6L2","EPN",-0.00154552373540399,"SEZ6L2"
"SLC39A12","MED",-0.00154503712726858,"SLC39A12"
"HEPH","MED",-0.00154499720562344,"HEPH"
"PCDH11Y","EPN",-0.001543418100547,"PCDH11Y"
"PSMB9","PA",0.00154295615660557,"PSMB9"
"MOXD1","MED",-0.00154292448486341,"MOXD1"
"PMP2","GBM",0.00154272158620432,"PMP2"
"RASGRP1","GBM",0.00154228811519101,"RASGRP1"
"ABI3BP","PA",0.00154215792382797,"ABI3BP"
"PAX3","GBM",-0.00154206125534826,"PAX3"
"NEFM","Normal",0.00154170253788283,"NEFM"
"PLPPR1","EPN",-0.00154125600686318,"PLPPR1"
"ADCYAP1R1","MED",-0.00154095001169674,"ADCYAP1R1"
"OLFML1","GBM",-0.00154050926181807,"OLFML1"
"ETNPPL","Normal",0.00153886548093247,"ETNPPL"
"SPRY4","EPN",-0.00153866820459122,"SPRY4"
"LOC101928916","GBM",0.00153837187719603,"LOC101928916"
"SMOC1","EPN",0.00153795876139423,"SMOC1"
"SSTR2","EPN",-0.00153763209119695,"SSTR2"
"LY6H","GBM",-0.00153762400787999,"LY6H"
"NACC2","PA",0.00153742866767438,"NACC2"
"SHC3","MED",-0.0015368082653873,"SHC3"
"NR2E1","PA",-0.00153679504579858,"NR2E1"
"ME1","MED",-0.00153661115594498,"ME1"
"C3","PA",0.00153508998554674,"C3"
"PRDM6","GBM",-0.00153487042747777,"PRDM6"
"ZFHX4","GBM",0.00153416327649361,"ZFHX4"
"CPLX2","PA",-0.00153374276942894,"CPLX2"
"NRXN3","MED",-0.00153298228940691,"NRXN3"
"EFEMP1","GBM",0.00153296667057822,"EFEMP1"
"CNR1","EPN",-0.00153273354083666,"CNR1"
"CUX2","PA",-0.00153261219704566,"CUX2"
"CADPS2","Normal",0.00153238177933635,"CADPS2"
"LOC101927137","PA",-0.00153140058344349,"LOC101927137"
"KCND2","MED",-0.00153022931600933,"KCND2"
"ADCY2","MED",-0.00153020707316719,"ADCY2"
"PHYHIP","MED",-0.00152923356954572,"PHYHIP"
"RBFOX3","Normal",0.00152841398371764,"RBFOX3"
"TMEM132B","EPN",-0.00152809525010308,"TMEM132B"
"MOG","MED",-0.00152788402445915,"MOG"
"TNC","MED",-0.00152742309481908,"TNC"
"UGT8","EPN",-0.0015270077570779,"UGT8"
"EOMES","MED",0.00152696686900694,"EOMES"
"SCG5","MED",-0.00152677335988148,"SCG5"
"STX1A","EPN",-0.00152637712768239,"STX1A"
"BRINP1","EPN",-0.00152588535307362,"BRINP1"
"NHS","MED",-0.00152454585737919,"NHS"
"BUB1","Normal",-0.00152434442296477,"BUB1"
"LINC00839","EPN",-0.00152422279360724,"LINC00839"
"ST8SIA3","GBM",-0.00152384613906674,"ST8SIA3"
"LIX1","EPN",0.00152383019441524,"LIX1"
"MYRF","MED",-0.00152329628351172,"MYRF"
"TMSB15B","Normal",-0.001522327637135,"TMSB15B"
"CA12","PA",-0.00152212605711216,"CA12"
"ASS1","PA",-0.00152210538958669,"ASS1"
"SYT1","PA",-0.00152203397855332,"SYT1"
"PACSIN1","PA",-0.00152184478893786,"PACSIN1"
"SMOC1","PA",0.00152120054429427,"SMOC1"
"PROM1","GBM",0.00152103659293211,"PROM1"
"CDK6","Normal",-0.00152064085865538,"CDK6"
"CDHR1","GBM",-0.00152021502247604,"CDHR1"
"RNF128","MED",-0.00152006922139134,"RNF128"
"NRSN1","Normal",0.00151750649390685,"NRSN1"
"PRKCB","Normal",0.00151669000024763,"PRKCB"
"RAB33A","EPN",-0.0015165892585711,"RAB33A"
"CABP7","MED",0.00151643551919974,"CABP7"
"RPH3A","Normal",0.00151592599625015,"RPH3A"
"STON1","MED",-0.00151433628507502,"STON1"
"IBSP","GBM",0.00151308104958547,"IBSP"
"PCP4L1","MED",-0.00151200535609803,"PCP4L1"
"RSPH1","EPN",0.00151192025187732,"RSPH1"
"OLIG2","MED",-0.00151158328548888,"OLIG2"
"MIR124.2HG","EPN",-0.00151003380056834,"MIR124-2HG"
"FCGR1B","GBM",0.00150991574884253,"FCGR1B"
"TGFA","MED",-0.0015098848388756,"TGFA"
"MEG3","GBM",-0.0015095673968523,"MEG3"
"SPAG17","GBM",-0.00150916234809485,"SPAG17"
"MIR124.1","EPN",-0.00150886206914674,"MIR124-1"
"LOC101926951","PA",0.00150827710018094,"LOC101926951"
"CALY","MED",-0.00150811039276673,"CALY"
"RCAN2","EPN",-0.00150690294827195,"RCAN2"
"PLEKHB1","GBM",0.00150689887056823,"PLEKHB1"
"ASPM","MED",0.00150645980644673,"ASPM"
"DTL","MED",0.00150623877579702,"DTL"
"SERPINA3","MED",-0.00150538164579329,"SERPINA3"
"MFAP4","EPN",0.00150469553947049,"MFAP4"
"CFI","Normal",-0.00150452518768923,"CFI"
"EYA1","EPN",-0.00150381120753059,"EYA1"
"C21orf62","Normal",-0.00150370395876981,"C21orf62"
"NRGN","Normal",0.00150313880724962,"NRGN"
"KIF2C","Normal",-0.00150163312362215,"KIF2C"
"ZIC3","EPN",0.00150161798804851,"ZIC3"
"MICAL2","PA",-0.00150141875004819,"MICAL2"
"C9orf24","EPN",0.00149927964442133,"C9orf24"
"MT1M","Normal",0.00149889445190063,"MT1M"
"IGF2BP2","MED",-0.00149878974295481,"IGF2BP2"
"LOC100509445","GBM",0.00149869436253365,"LOC100509445"
"SFRP1","MED",0.00149853669914304,"SFRP1"
"HSPA6","MED",-0.00149584415472763,"HSPA6"
"PDE1A","Normal",0.00149537081339312,"PDE1A"
"TUBB4A","Normal",0.00149533342017145,"TUBB4A"
"DUSP5","EPN",-0.00149483614597321,"DUSP5"
"VSTM2L","GBM",-0.00149440945931943,"VSTM2L"
"MAK","GBM",-0.00149260555705707,"MAK"
"CFAP206","GBM",-0.001492246060465,"CFAP206"
"RAB3C","Normal",0.00149207343958183,"RAB3C"
"SLC1A6","PA",-0.00149126761607811,"SLC1A6"
"GPR88","EPN",-0.0014888430921837,"GPR88"
"DYNC1I1","EPN",-0.00148875301412301,"DYNC1I1"
"GDF10","EPN",0.00148747765976931,"GDF10"
"CBX2","Normal",-0.00148746490317895,"CBX2"
"WIF1","EPN",0.00148689134314889,"WIF1"
"STK32B","Normal",-0.00148597107568623,"STK32B"
"S100A8","GBM",0.00148548201716978,"S100A8"
"ASPHD1","Normal",0.00148491854936095,"ASPHD1"
"FXYD1","GBM",-0.00148487193132116,"FXYD1"
"FOXD1","MED",0.00148451797882714,"FOXD1"
"SPOCK3","EPN",-0.0014837936472801,"SPOCK3"
"CSPG4","Normal",-0.00148379297160626,"CSPG4"
"OLFM3","EPN",-0.00148197305559228,"OLFM3"
"BCHE","GBM",0.00148148895491149,"BCHE"
"NPY","GBM",0.00148106056632792,"NPY"
"DNAH5","GBM",-0.00148082506225932,"DNAH5"
"HOXA10","MED",0.00148032297048695,"HOXA10"
"SGIP1","EPN",-0.00147987087910841,"SGIP1"
"MOBP","PA",-0.00147951905943574,"MOBP"
"RASGRP1","Normal",0.00147941045477942,"RASGRP1"
"KCNMB4","PA",0.00147894262715311,"KCNMB4"
"SHD","PA",0.00147888339217265,"SHD"
"FAM69C","GBM",0.00147856187675293,"FAM69C"
"FAM198A","GBM",0.00147832463407101,"FAM198A"
"SLC12A5","PA",-0.00147830500246365,"SLC12A5"
"DAB1","PA",0.0014779473328803,"DAB1"
"MAP7D2","EPN",-0.00147786414137202,"MAP7D2"
"RASGRP1","EPN",-0.00147571884634978,"RASGRP1"
"CNDP1","EPN",-0.00147554959802135,"CNDP1"
"SCN3B","EPN",-0.00147464123041113,"SCN3B"
"FSTL5","GBM",-0.00147441439746394,"FSTL5"
"NMNAT2","Normal",0.00147426342296558,"NMNAT2"
"SERPINA3","PA",0.00147405202095181,"SERPINA3"
"FREM1","EPN",0.00147385790994038,"FREM1"
"SLITRK3","PA",0.00147385093120863,"SLITRK3"
"SPRY4","GBM",0.00147297597842186,"SPRY4"
"LOC284570","PA",0.00147229728644492,"LOC284570"
"KCNJ16","MED",-0.00147211574670089,"KCNJ16"
"KLHL4","GBM",0.00147141267471656,"KLHL4"
"CFAP126","EPN",0.00146979187042221,"CFAP126"
"C11orf87","PA",-0.00146967552037631,"C11orf87"
"SFRP1","PA",-0.00146829222201417,"SFRP1"
"RUNX2","PA",0.00146802876483979,"RUNX2"
"HHIP","GBM",0.0014674021899088,"HHIP"
"GBP3","MED",-0.00146730049949577,"GBP3"
"KCNK3","Normal",0.00146728975755174,"KCNK3"
"CACNB2","MED",-0.00146587140375853,"CACNB2"
"LOC100509445","Normal",-0.00146535746481859,"LOC100509445"
"TUBB4A","EPN",-0.00146504730288016,"TUBB4A"
"PDE1C","EPN",-0.00146492088798518,"PDE1C"
"EPHA7","MED",0.00146442938882401,"EPHA7"
"DAO","GBM",-0.00146364513124572,"DAO"
"CXCL1","EPN",0.0014634174378017,"CXCL1"
"CYP1B1","PA",0.00146273103174987,"CYP1B1"
"PTPN5","PA",-0.00146271948982979,"PTPN5"
"PRL","GBM",-0.00146266180633916,"PRL"
"NPY","PA",-0.00146262396929173,"NPY"
"HHATL","Normal",0.00146131892840877,"HHATL"
"ETV1","MED",-0.00146053600176526,"ETV1"
"CPLX2","EPN",-0.001460529451433,"CPLX2"
"FRAS1","Normal",0.0014600067368351,"FRAS1"
"NPTX2","GBM",-0.00145976023443411,"NPTX2"
"SHISA6","PA",-0.00145892908592723,"SHISA6"
"SRPX","PA",0.00145869324779322,"SRPX"
"FAIM2","PA",0.00145863921928596,"FAIM2"
"ARX","MED",-0.00145737241455505,"ARX"
"CA4","GBM",-0.00145727329986166,"CA4"
"DAO","Normal",0.0014564626596658,"DAO"
"AKR1C1","MED",0.00145542991509999,"AKR1C1"
"P3H2","EPN",0.00145514579370168,"P3H2"
"CTHRC1","GBM",0.00145356407884135,"CTHRC1"
"NRXN3","PA",0.00145313713510453,"NRXN3"
"LRRC3B","Normal",0.00145193180968482,"LRRC3B"
"MYRF","EPN",-0.00145147227711929,"MYRF"
"CD24","GBM",0.00144992284845448,"CD24"
"STX1A","MED",0.00144969677605792,"STX1A"
"SRPX","GBM",0.00144937279770068,"SRPX"
"FAM198A","MED",-0.00144817731773101,"FAM198A"
"SYT13","Normal",0.00144780452393789,"SYT13"
"NRN1","PA",-0.00144643295815064,"NRN1"
"BRINP3","MED",-0.001445706152982,"BRINP3"
"HHATL","PA",-0.00144543537990738,"HHATL"
"ADCYAP1","Normal",0.00144528341393897,"ADCYAP1"
"FAM189A2","MED",-0.0014448724214851,"FAM189A2"
"HMP19","EPN",-0.00144452885303696,"HMP19"
"CMTM5","PA",0.00144450374950173,"CMTM5"
"UNC5C","PA",0.00144447105698205,"UNC5C"
"LRFN5","Normal",0.00144305638023273,"LRFN5"
"MEGF11","GBM",-0.00144275122212912,"MEGF11"
"SERPINE1","GBM",0.00144207218078964,"SERPINE1"
"KDM5D","Normal",0.00144178697999887,"KDM5D"
"BRINP2","MED",-0.00144159423488668,"BRINP2"
"RARRES1","GBM",-0.00144076804739582,"RARRES1"
"NEDD4L","EPN",-0.00144074901469064,"NEDD4L"
"TDRD9","EPN",0.00143852322520892,"TDRD9"
"BBOX1","GBM",0.0014383838706787,"BBOX1"
"SLITRK4","GBM",-0.0014380393274543,"SLITRK4"
"NDP","EPN",-0.00143770272159905,"NDP"
"RBFOX1","MED",0.00143737454905912,"RBFOX1"
"ADORA2B","PA",-0.00143711218227307,"ADORA2B"
"ERBB4","EPN",0.00143697743096678,"ERBB4"
"FAM179A","EPN",0.00143618842917104,"FAM179A"
"TRHDE","PA",0.00143612945043916,"TRHDE"
"FCGR1B","PA",0.00143560415579563,"FCGR1B"
"ERBB3","PA",0.00143544620584966,"ERBB3"
"MLC1","EPN",0.00143536964311318,"MLC1"
"HLA.DMA","Normal",-0.00143507136553999,"HLA-DMA"
"NAPSB","MED",-0.00143367454768301,"NAPSB"
"CHGB","EPN",-0.00143309791998009,"CHGB"
"FAM64A","MED",0.00143274636667887,"FAM64A"
"PPP1R1A","Normal",0.00143153388390125,"PPP1R1A"
"INA","MED",0.00143086218205818,"INA"
"CELSR1","PA",-0.00143060836962692,"CELSR1"
"ZFPM2","MED",0.0014301334978481,"ZFPM2"
"DMRT2","PA",0.00143004265696567,"DMRT2"
"LOC101927137","Normal",0.0014298681277422,"LOC101927137"
"APOD","EPN",-0.00142972354727564,"APOD"
"RRM2","MED",0.00142943350446256,"RRM2"
"KISS1R","GBM",0.0014276761347046,"KISS1R"
"ANGPTL1","EPN",0.00142695831339667,"ANGPTL1"
"HS3ST1","EPN",-0.00142644267227375,"HS3ST1"
"NPY","Normal",0.00142601595868227,"NPY"
"IGSF11","EPN",-0.00142579567805765,"IGSF11"
"STX1A","PA",-0.00142545758802229,"STX1A"
"LOC643923","EPN",-0.0014250988019632,"LOC643923"
"IFI44L","GBM",0.00142503732166442,"IFI44L"
"SPX","Normal",0.00142503712745642,"SPX"
"GRIK3","PA",0.00142452434338484,"GRIK3"
"HLA.DRB4","PA",0.00142421015504716,"HLA-DRB4"
"CAMKV","Normal",0.00142416981038212,"CAMKV"
"SLC24A2","GBM",-0.00142389405375417,"SLC24A2"
"MYT1","EPN",-0.00142274031323603,"MYT1"
"SYN2","EPN",-0.00142246973182954,"SYN2"
"SIX1","PA",0.00142175905711606,"SIX1"
"EPHA5","Normal",0.00142105833121368,"EPHA5"
"TOX3","MED",0.00142090568915898,"TOX3"
"CCK","PA",-0.00142016398399505,"CCK"
"CCDC170","GBM",-0.00141996912792898,"CCDC170"
"FAM110C","EPN",0.00141831531163061,"FAM110C"
"FXYD1","Normal",0.00141695232308736,"FXYD1"
"CCDC88C","Normal",-0.00141689784634243,"CCDC88C"
"FCGBP","PA",0.00141678392482417,"FCGBP"
"SLC39A12","Normal",0.00141660190381834,"SLC39A12"
"SCN3B","PA",-0.00141546340069709,"SCN3B"
"MAATS1","GBM",-0.0014151338355448,"MAATS1"
"HS3ST1","MED",-0.00141474489845549,"HS3ST1"
"CMTM5","GBM",0.00141444429162555,"CMTM5"
"LINC01296","MED",0.00141443881800888,"LINC01296"
"CACNA1B","GBM",-0.00141364607177944,"CACNA1B"
"OLFM3","MED",0.00141350276394181,"OLFM3"
"TENM2","Normal",0.00141303731478182,"TENM2"
"SFRP1","EPN",-0.00141275510282878,"SFRP1"
"CXCL5","EPN",0.00141273810193996,"CXCL5"
"ANXA1","EPN",0.00141231467192924,"ANXA1"
"NALCN","MED",-0.00141202510793083,"NALCN"
"SOX10","MED",-0.00141124416534668,"SOX10"
"CPNE6","Normal",0.00141084187641835,"CPNE6"
"SEZ6L","MED",0.00141053209845977,"SEZ6L"
"LMF1","MED",-0.00141001553852635,"LMF1"
"C21orf62","MED",-0.00140765664387793,"C21orf62"
"ROR1","EPN",0.00140708151088459,"ROR1"
"TRHDE","Normal",0.00140701838614442,"TRHDE"
"NEBL","EPN",0.00140691845163843,"NEBL"
"IRX5","EPN",0.00140667333530586,"IRX5"
"FOXP2","MED",0.00140664818265504,"FOXP2"
"HOXC6","EPN",-0.00140635652387456,"HOXC6"
"COL6A2","EPN",0.00140603652753956,"COL6A2"
"KCNJ9","EPN",-0.00140541656887707,"KCNJ9"
"RGS7","Normal",0.00140510325100349,"RGS7"
"CNTN4","EPN",-0.00140503754309512,"CNTN4"
"FLJ37786","GBM",-0.00140469906268131,"FLJ37786"
"ASPA","PA",-0.00140454862075849,"ASPA"
"RIMS2","GBM",-0.00140432807193834,"RIMS2"
"FNDC5","GBM",-0.00140413156085612,"FNDC5"
"NEUROG1","GBM",-0.00140400186376069,"NEUROG1"
"SPRY4","PA",0.00140341785236077,"SPRY4"
"ME1","PA",0.00140339487896507,"ME1"
"SPOCK3","Normal",0.00140304973748038,"SPOCK3"
"COL15A1","EPN",-0.00140254178401185,"COL15A1"
"ST6GAL2","GBM",-0.00140052990892482,"ST6GAL2"
"INA","EPN",-0.00139980158712484,"INA"
"LOC157503","Normal",0.00139977878754213,"LOC157503"
"OPCML","PA",0.00139896048260305,"OPCML"
"FIGN","PA",0.0013983548348493,"FIGN"
"MAL","EPN",-0.00139779099931384,"MAL"
"ADGRB3","EPN",-0.00139680988815053,"ADGRB3"
"SLC17A7","Normal",0.00139665050730061,"SLC17A7"
"LRRC4C","MED",-0.00139448030614014,"LRRC4C"
"GABRG1","Normal",0.00139437787866493,"GABRG1"
"KCNIP4","PA",0.00139402236940149,"KCNIP4"
"NALCN","EPN",0.00139385284798133,"NALCN"
"KLRC2","PA",0.00139313968065282,"KLRC2"
"GPR88","Normal",0.00139260543351213,"GPR88"
"ALOX5AP","PA",0.00139203860233834,"ALOX5AP"
"SYT1","Normal",0.00139176642709451,"SYT1"
"SYNPR","PA",-0.0013897029149922,"SYNPR"
"TPPP3","MED",-0.00138955339720871,"TPPP3"
"CRYM","Normal",0.00138917331056769,"CRYM"
"CHGA","PA",-0.00138904419542564,"CHGA"
"SRRM4","Normal",0.00138795371946593,"SRRM4"
"C11orf63","MED",-0.00138781086443332,"C11orf63"
"NHLH1","GBM",-0.00138773340412783,"NHLH1"
"CACNB2","Normal",0.00138711278269379,"CACNB2"
"PDGFRA","PA",0.00138683621259036,"PDGFRA"
"EYA2","MED",0.00138599678494726,"EYA2"
"GRM3","MED",-0.00138493237905484,"GRM3"
"GRIN2A","Normal",0.00138461551300244,"GRIN2A"
"CACNA1B","PA",-0.00138430572404791,"CACNA1B"
"CD36","EPN",0.00138296795095494,"CD36"
"MOXD1","GBM",0.00138187627289797,"MOXD1"
"CACNB2","EPN",-0.00138161600338107,"CACNB2"
"FBLN5","EPN",0.00138136872632686,"FBLN5"
"KNDC1","GBM",-0.0013813183335405,"KNDC1"
"C2orf40","PA",0.00138121347480696,"C2orf40"
"THRB","MED",-0.00138119056655873,"THRB"
"CAMKV","MED",0.00138114516751886,"CAMKV"
"KCNA1","EPN",-0.00138080097289549,"KCNA1"
"CDH18","Normal",0.00137970302020978,"CDH18"
"CSMD1","Normal",0.00137738925345942,"CSMD1"
"CPLX1","EPN",-0.00137684438452425,"CPLX1"
"LRRC4C","EPN",-0.00137570492648047,"LRRC4C"
"AIM1","EPN",-0.00137513656012538,"AIM1"
"IGF2BP2","PA",0.001375034099439,"IGF2BP2"
"TRIM29","GBM",-0.00137438057712297,"TRIM29"
"LOC101928817","EPN",0.00137398042214613,"LOC101928817"
"KIF14","MED",0.00137357809685941,"KIF14"
"BAIAP3","PA",-0.00137219301981604,"BAIAP3"
"BEX5","Normal",0.00137207898974758,"BEX5"
"IRX2","GBM",-0.0013715517982543,"IRX2"
"DLX1","EPN",-0.00137064119980693,"DLX1"
"NAP1L2","Normal",0.00136983689288224,"NAP1L2"
"TNFRSF19","EPN",0.00136931561638071,"TNFRSF19"
"PIRT","EPN",0.00136893838651191,"PIRT"
"ADAMTS16","GBM",-0.00136869568177586,"ADAMTS16"
"FXYD7","PA",0.00136803322993016,"FXYD7"
"NRXN3","GBM",-0.00136740929812136,"NRXN3"
"ERMN","MED",-0.00136739134132127,"ERMN"
"SNCAIP","EPN",0.00136719210390578,"SNCAIP"
"KCNA5","MED",0.00136714743498171,"KCNA5"
"FA2H","PA",0.00136670458789345,"FA2H"
"GRIN2A","PA",-0.00136664763625718,"GRIN2A"
"DDX3Y","GBM",-0.00136612512734675,"DDX3Y"
"OXTR","MED",-0.00136603730370026,"OXTR"
"MRO","PA",0.00136570834236829,"MRO"
"CELF3","EPN",-0.00136481457708633,"CELF3"
"HRH1","PA",0.00136401972269687,"HRH1"
"CACNA1G","Normal",0.0013632788929377,"CACNA1G"
"FOXG1","PA",-0.00136303097323692,"FOXG1"
"FGF13","PA",-0.00136175931289957,"FGF13"
"METTL7B","MED",-0.00136146836597119,"METTL7B"
"CAMK4","PA",-0.00136133276384327,"CAMK4"
"FUT9","Normal",0.00136083811839391,"FUT9"
"TSPAN18","PA",-0.00136075024218449,"TSPAN18"
"FGFR2","MED",-0.00136036934592636,"FGFR2"
"CNPY1","GBM",-0.00136016466680823,"CNPY1"
"ADAMTS18","PA",-0.00135996396363967,"ADAMTS18"
"UNC13C","PA",-0.00135992195800371,"UNC13C"
"UBE2QL1","MED",0.00135929410756236,"UBE2QL1"
"EXPH5","EPN",0.00135845993260789,"EXPH5"
"KCNN3","MED",-0.00135700046944914,"KCNN3"
"MN1","MED",-0.00135649887628658,"MN1"
"NETO2","GBM",0.00135634233899592,"NETO2"
"NPNT","MED",-0.001356062442158,"NPNT"
"EMILIN2","PA",0.00135576607563116,"EMILIN2"
"KCNA1","Normal",0.00135535513925636,"KCNA1"
"CRNDE","Normal",-0.0013550222796301,"CRNDE"
"DNM3","Normal",0.00135395674489829,"DNM3"
"ROBO2","GBM",0.00135376627927678,"ROBO2"
"KCNQ5","PA",0.00135369577013397,"KCNQ5"
"WFIKKN2","GBM",-0.00135247368808108,"WFIKKN2"
"CALB1","Normal",0.00135169726747036,"CALB1"
"AK5","Normal",0.00135096877587241,"AK5"
"RPH3A","EPN",-0.00135077166368466,"RPH3A"
"S100A8","MED",-0.00134922390069737,"S100A8"
"DCDC5","GBM",-0.00134910764856266,"DCDC5"
"AIFM3","PA",-0.00134888180133458,"AIFM3"
"DSCAM","EPN",-0.00134871805615916,"DSCAM"
"FXYD7","EPN",-0.00134831678426277,"FXYD7"
"SCIN","PA",0.00134734487159488,"SCIN"
"FAM19A1","Normal",0.00134677606679253,"FAM19A1"
"RSPH9","GBM",-0.00134626281329822,"RSPH9"
"CCNA1","GBM",-0.00134518448746775,"CCNA1"
"PTPRR","EPN",-0.00134430910359929,"PTPRR"
"OLFM3","PA",-0.0013440693806196,"OLFM3"
"SUSD5","MED",-0.00134388713040696,"SUSD5"
"VSTM2L","MED",-0.00134387120848138,"VSTM2L"
"NETO2","MED",0.00134268966016168,"NETO2"
"C11orf87","Normal",0.00134267453823296,"C11orf87"
"SNAP25","EPN",-0.00134250044247549,"SNAP25"
"CRH","MED",-0.00134084966794917,"CRH"
"TGFA","EPN",-0.00134033221759201,"TGFA"
"SLC2A13","MED",-0.00133855953145113,"SLC2A13"
"NTNG1","EPN",-0.00133808936261789,"NTNG1"
"DOK6","Normal",0.00133794375190427,"DOK6"
"PLEKHB1","PA",0.0013377669715036,"PLEKHB1"
"KCNJ16","PA",0.00133771772465598,"KCNJ16"
"EFHD1","Normal",0.00133648135259397,"EFHD1"
"CADPS","MED",0.00133629546806165,"CADPS"
"SCN1A","EPN",-0.00133610487253088,"SCN1A"
"NELL2","GBM",-0.00133600458430577,"NELL2"
"COPG2IT1","Normal",0.00133565601436727,"COPG2IT1"
"CNTN4","PA",-0.00133525613285203,"CNTN4"
"EEF1A2","PA",0.00133434836905729,"EEF1A2"
"LIX1","PA",-0.00133217251061602,"LIX1"
"TEX9","Normal",-0.00133155737704693,"TEX9"
"LOX","EPN",0.00133039111305018,"LOX"
"PAK5","GBM",-0.00133025517706586,"PAK5"
"LOC643923","Normal",0.00132998121694463,"LOC643923"
"PHACTR3","EPN",-0.00132974925937723,"PHACTR3"
"SCRG1","PA",0.00132905656746191,"SCRG1"
"STXBP6","Normal",0.00132881888491391,"STXBP6"
"KCNJ9","MED",-0.00132680322681005,"KCNJ9"
"RBFOX3","GBM",-0.00132637094912845,"RBFOX3"
"LINC00673","PA",0.00132509412739001,"LINC00673"
"KLRC2","MED",-0.00132470039137247,"KLRC2"
"SULF1","GBM",-0.00132401027317656,"SULF1"
"BTBD11","MED",0.00132390969739324,"BTBD11"
"E2F7","MED",0.00132298481671917,"E2F7"
"GRIA2","EPN",-0.00132296859908496,"GRIA2"
"AMPH","Normal",0.00132238168229763,"AMPH"
"AR","PA",0.00132187312325944,"AR"
"MIR124.1","Normal",0.00132160451361413,"MIR124-1"
"SPX","PA",-0.00132066389320253,"SPX"
"CCL2","Normal",-0.00131959124880819,"CCL2"
"C11orf63","PA",-0.0013195325597489,"C11orf63"
"MCHR1","EPN",-0.00131917935273399,"MCHR1"
"TF","PA",0.00131901393390708,"TF"
"SRCIN1","PA",-0.00131879863285219,"SRCIN1"
"JPH3","Normal",0.00131819385650073,"JPH3"
"NRGN","MED",-0.0013174297187638,"NRGN"
"CHN2","MED",0.0013169765299456,"CHN2"
"EEF1A2","Normal",0.00131691813808334,"EEF1A2"
"CXCL2","MED",-0.00131682530462215,"CXCL2"
"SERPINE1","MED",-0.00131673805190045,"SERPINE1"
"SEMA3C","MED",0.00131641529504979,"SEMA3C"
"GRIA1","MED",-0.00131608497467757,"GRIA1"
"CELF4","MED",0.00131546737621279,"CELF4"
"FCGR1CP","Normal",-0.00131434319482573,"FCGR1CP"
"TEX9","GBM",-0.00131303289252874,"TEX9"
"RSPO3","MED",0.00131251776077122,"RSPO3"
"RFPL1S","GBM",-0.00131247150646225,"RFPL1S"
"FBXO2","Normal",0.0013112502223503,"FBXO2"
"F2RL1","EPN",0.00131105007217284,"F2RL1"
"ARHGAP36","GBM",0.00131048711755342,"ARHGAP36"
"FAM64A","EPN",-0.00130871118858948,"FAM64A"
"UBE2QL1","EPN",-0.00130789258422823,"UBE2QL1"
"PCSK1","EPN",-0.00130756047781807,"PCSK1"
"ASPA","MED",-0.00130746430241414,"ASPA"
"SLIT1","MED",-0.0013064371008488,"SLIT1"
"UBE2QL1","GBM",-0.00130544420273027,"UBE2QL1"
"APLNR","PA",0.00130476279488444,"APLNR"
"SCN3A","PA",0.00130429333153047,"SCN3A"
"NAP1L2","MED",-0.00130390258888411,"NAP1L2"
"C2orf82","GBM",0.00130373873851764,"C2orf82"
"SCN2B","GBM",-0.00130292465303816,"SCN2B"
"FNDC1","EPN",0.0013027641424114,"FNDC1"
"TTC9B","EPN",-0.00130221133988277,"TTC9B"
"CDKN2B","Normal",-0.00130167392295668,"CDKN2B"
"FCGR3B","MED",-0.0013009253622027,"FCGR3B"
"SRCIN1","MED",0.00130050799116848,"SRCIN1"
"TMEM257","GBM",0.00130009605216967,"TMEM257"
"NKX2.2","MED",-0.00129945793819112,"NKX2-2"
"PPP1R1B","EPN",0.00129922066332378,"PPP1R1B"
"STMN2","EPN",-0.0012988492452424,"STMN2"
"ZNF804A","MED",0.00129882252334128,"ZNF804A"
"IGSF11","PA",-0.00129866931919652,"IGSF11"
"WDR72","EPN",0.00129813127036409,"WDR72"
"SRRM4","PA",-0.00129693914629691,"SRRM4"
"CXCL12","GBM",-0.00129656670362382,"CXCL12"
"PITPNM3","GBM",0.00129615698975488,"PITPNM3"
"CNTN2","Normal",0.00129556335262789,"CNTN2"
"EDIL3","PA",0.00129542859603969,"EDIL3"
"AP3B2","MED",0.00129532477376765,"AP3B2"
"CXorf57","GBM",-0.0012952620690489,"CXorf57"
"STON1","Normal",-0.00129495349759003,"STON1"
"TDRD9","GBM",-0.00129319479248622,"TDRD9"
"DNAAF3","GBM",-0.00129292691043393,"DNAAF3"
"SYNPR","EPN",-0.001292883270997,"SYNPR"
"SH3GL3","Normal",0.00129171270076585,"SH3GL3"
"ADCY1","Normal",0.00129168726361937,"ADCY1"
"NXPH1","PA",0.00129135088336725,"NXPH1"
"HPCAL4","PA",-0.00129124969958001,"HPCAL4"
"TLE2","MED",0.00129118115401629,"TLE2"
"CDC20","Normal",-0.00129074919183234,"CDC20"
"TTC29","GBM",-0.00129026463232046,"TTC29"
"DIRAS2","Normal",0.0012902500325009,"DIRAS2"
"SLITRK3","MED",-0.00128904863181126,"SLITRK3"
"SV2B","Normal",0.00128857918674851,"SV2B"
"GBP3","PA",0.0012884921575679,"GBP3"
"ADCY1","MED",0.00128777044301999,"ADCY1"
"SSTR2","GBM",-0.00128726509893735,"SSTR2"
"SLITRK1","GBM",-0.00128514592546774,"SLITRK1"
"FGF12","EPN",-0.00128497851889045,"FGF12"
"RSPO2","EPN",0.00128424006650818,"RSPO2"
"FCGR3B","PA",0.00128404302394727,"FCGR3B"
"ADAMTS18","Normal",0.00128396960317242,"ADAMTS18"
"SV2B","MED",0.00128354214523793,"SV2B"
"LOC100996542","Normal",0.00128329886187838,"LOC100996542"
"TENM3","MED",0.00128260853052015,"TENM3"
"GLI2","PA",-0.00128248927960675,"GLI2"
"RASGRP1","PA",-0.00128209456619041,"RASGRP1"
"PBK","MED",0.00128161467502536,"PBK"
"NPTX2","EPN",-0.00128132415413748,"NPTX2"
"GFRA1","GBM",-0.00128120692410343,"GFRA1"
"GRM5","GBM",-0.00127974994935346,"GRM5"
"LINC00839","GBM",0.00127971866913044,"LINC00839"
"PCDHGA3","GBM",-0.00127967726274099,"PCDHGA3"
"FREM1","MED",0.00127862515067552,"FREM1"
"SNAP91","Normal",0.00127841987210093,"SNAP91"
"WFDC1","MED",-0.00127832839667973,"WFDC1"
"SGIP1","Normal",0.00127821218811686,"SGIP1"
"PRDM6","EPN",0.0012773601663003,"PRDM6"
"CA4","MED",0.00127665288039278,"CA4"
"PRAME","PA",-0.00127633650836503,"PRAME"
"BRINP3","PA",0.00127617654536396,"BRINP3"
"TMEM255A","PA",0.00127599443776192,"TMEM255A"
"LOC284570","GBM",-0.00127513747189566,"LOC284570"
"DDIT4L","PA",-0.00127498284009442,"DDIT4L"
"HPR","MED",-0.00127498224779536,"HPR"
"SYT4","MED",0.00127300740955099,"SYT4"
"LRRC2","MED",-0.00127273935695467,"LRRC2"
"SOX8","GBM",0.00127270447793804,"SOX8"
"SST","PA",-0.00127243209834082,"SST"
"KLRC3","GBM",0.0012723975860811,"KLRC3"
"PAK5","MED",0.00127231021004243,"PAK5"
"SPATA18","Normal",-0.00127194355510135,"SPATA18"
"SLN","GBM",0.00127191368061406,"SLN"
"F2RL1","Normal",-0.00127177874738771,"F2RL1"
"CPAMD8","GBM",-0.00127073698943733,"CPAMD8"
"SLC1A1","EPN",-0.00127006058716018,"SLC1A1"
"FGF12","Normal",0.00126970237470434,"FGF12"
"FCGR1CP","PA",0.00126964081819295,"FCGR1CP"
"INSM1","EPN",-0.00126839056260569,"INSM1"
"ST8SIA3","MED",0.00126798280551299,"ST8SIA3"
"OLIG2","EPN",-0.00126695759369487,"OLIG2"
"BOC","EPN",0.00126690969033008,"BOC"
"GRIK3","GBM",0.00126625457427717,"GRIK3"
"AQP1","GBM",0.0012655563237235,"AQP1"
"PEBP4","GBM",-0.00126400198859827,"PEBP4"
"NNAT","PA",-0.00126374273236357,"NNAT"
"TSTD1","MED",-0.00126315825794012,"TSTD1"
"CAMK2A","MED",-0.00126255545893537,"CAMK2A"
"CSMD1","MED",-0.00126223683257098,"CSMD1"
"PLA2G2A","EPN",-0.00126095768223918,"PLA2G2A"
"HOXA5","MED",0.00126042976848638,"HOXA5"
"DNAJC6","Normal",0.00125941542361305,"DNAJC6"
"CNTN4","GBM",-0.00125932591641629,"CNTN4"
"PLP1","GBM",0.00125874986746853,"PLP1"
"EN1","EPN",-0.0012586491463629,"EN1"
"GNG3","Normal",0.00125858875521378,"GNG3"
"LMF1","EPN",-0.00125827776859846,"LMF1"
"ADCY2","Normal",0.0012575195654628,"ADCY2"
"FAR2P3","PA",0.00125701306159114,"FAR2P3"
"ENPP5","MED",-0.00125684895185962,"ENPP5"
"PROM1","Normal",-0.0012566079436942,"PROM1"
"LHFPL3","MED",-0.00125641428521102,"LHFPL3"
"CAPS","EPN",0.00125638513372972,"CAPS"
"GABRG2","Normal",0.00125607902104207,"GABRG2"
"CLDN10","GBM",-0.00125597968786972,"CLDN10"
"KCNIP4","Normal",0.00125549599707788,"KCNIP4"
"CKMT1A","EPN",-0.00125512041373576,"CKMT1A"
"VIPR2","GBM",-0.00125493732527494,"VIPR2"
"PCOLCE2","EPN",-0.00125439760374416,"PCOLCE2"
"SEZ6","Normal",0.00125439344102276,"SEZ6"
"CHI3L2","PA",0.00125432772554021,"CHI3L2"
"MLIP","EPN",0.00125400317460461,"MLIP"
"MAL2","Normal",0.00125385330769616,"MAL2"
"FSTL5","PA",-0.001253499307249,"FSTL5"
"SHOX2","MED",0.00125317297461988,"SHOX2"
"GPC5","Normal",0.00125265354569236,"GPC5"
"PYGM","Normal",0.00125261936482622,"PYGM"
"PPP2R2C","Normal",0.00125226457187849,"PPP2R2C"
"AK7","GBM",-0.00125092281412007,"AK7"
"COL28A1","EPN",0.00125053364256152,"COL28A1"
"TMEM257","EPN",-0.00125050480938163,"TMEM257"
"EFCAB1","GBM",-0.00124801985225147,"EFCAB1"
"SULT4A1","MED",0.00124799697599531,"SULT4A1"
"FIGN","GBM",0.00124704591200909,"FIGN"
"MAB21L2","EPN",0.00124653509000932,"MAB21L2"
"ADIRF","EPN",0.00124586540376006,"ADIRF"
"SVOP","PA",-0.00124566543099351,"SVOP"
"SELENBP1","PA",-0.00124550759656333,"SELENBP1"
"LOC643923","MED",-0.00124548288734933,"LOC643923"
"COL9A3","PA",0.00124448034842871,"COL9A3"
"LMF1","PA",0.00124446084198335,"LMF1"
"LHFPL3","PA",0.00124399806053549,"LHFPL3"
"KIAA0319","GBM",-0.00124352875303689,"KIAA0319"
"LAMA1","PA",-0.00124335866210389,"LAMA1"
"P3H2","Normal",-0.00124334044533083,"P3H2"
"SLC17A6","Normal",0.0012428516573435,"SLC17A6"
"ERMN","PA",-0.00124249102569544,"ERMN"
"ADM","PA",-0.00124225153275278,"ADM"
"RSPH9","MED",-0.00124201966349939,"RSPH9"
"RFPL1S","Normal",0.00124162288254379,"RFPL1S"
"LOC101926951","MED",-0.00124130596576403,"LOC101926951"
"BCAS1","EPN",-0.00124102047715667,"BCAS1"
"FGF13","GBM",-0.0012408474387221,"FGF13"
"CELF3","Normal",0.0012403793074392,"CELF3"
"SLC8A2","EPN",-0.00123973638009879,"SLC8A2"
"LMF1","GBM",0.00123966403981451,"LMF1"
"TCERG1L","PA",-0.00123944693946469,"TCERG1L"
"CH25H","MED",-0.00123714726163153,"CH25H"
"SULT4A1","EPN",-0.00123690604741689,"SULT4A1"
"TENM1","MED",0.00123664158667346,"TENM1"
"NPTX2","MED",0.00123653543398916,"NPTX2"
"RARRES1","Normal",-0.00123647058978583,"RARRES1"
"GRIA4","MED",-0.00123562219202642,"GRIA4"
"NKX2.2","EPN",-0.00123552637787839,"NKX2-2"
"FOXM1","EPN",-0.00123549658218628,"FOXM1"
"C2orf88","EPN",0.0012353628800281,"C2orf88"
"GRM1","EPN",0.00123397427231438,"GRM1"
"EPHA7","Normal",0.00123377701840247,"EPHA7"
"PEX5L","Normal",0.00123342832773829,"PEX5L"
"PLCXD3","Normal",0.00123337705101237,"PLCXD3"
"FOXD1","GBM",0.00123324768390718,"FOXD1"
"ANGPTL1","GBM",0.00123305614546912,"ANGPTL1"
"GPX3","MED",-0.0012328874355739,"GPX3"
"TAC1","Normal",0.00123277117175149,"TAC1"
"INA","PA",-0.00123212045912134,"INA"
"PLCXD3","EPN",-0.00123199292721818,"PLCXD3"
"CPAMD8","PA",-0.00123166815006078,"CPAMD8"
"PPP1R1A","PA",-0.00123165715079994,"PPP1R1A"
"DACH1","EPN",0.00123055309029732,"DACH1"
"DYNC1I1","MED",0.00122981792291621,"DYNC1I1"
"OLIG1","GBM",0.00122971132554506,"OLIG1"
"ANK3","Normal",0.00122951974515234,"ANK3"
"UBE2QL1","Normal",0.00122951854549948,"UBE2QL1"
"PCDH7","PA",0.00122917021134555,"PCDH7"
"DCC","EPN",-0.00122873456204609,"DCC"
"AIM1","Normal",-0.00122872651037663,"AIM1"
"CDS1","MED",-0.0012284323716104,"CDS1"
"RAB3C","EPN",-0.00122812198264926,"RAB3C"
"PAX6","MED",0.00122713143723293,"PAX6"
"CH25H","Normal",-0.00122686038982735,"CH25H"
"CADM2","PA",0.0012268133197536,"CADM2"
"RIT2","EPN",-0.00122641551996013,"RIT2"
"IGF2BP3","Normal",-0.00122635393277817,"IGF2BP3"
"RASGEF1A","Normal",0.00122627672624725,"RASGEF1A"
"ANGPT1","EPN",0.00122580822727124,"ANGPT1"
"SLC12A5","EPN",-0.0012254198808593,"SLC12A5"
"NEDD4L","Normal",0.00122507209908662,"NEDD4L"
"GRIA3","PA",0.00122483423506468,"GRIA3"
"SLC6A15","Normal",0.00122408680954232,"SLC6A15"
"UNC13C","EPN",-0.0012227818962244,"UNC13C"
"GSTT2","EPN",-0.00122114850558352,"GSTT2"
"CHN2","GBM",-0.00122075662608799,"CHN2"
"PCDH7","GBM",-0.00122071829638699,"PCDH7"
"DAO","EPN",0.0012205491441173,"DAO"
"FAM131B","PA",0.00122043914054632,"FAM131B"
"SRPX2","EPN",-0.00122021599659601,"SRPX2"
"HRH1","Normal",-0.00121986274363203,"HRH1"
"INSM2","EPN",-0.00121937734890477,"INSM2"
"ANXA1","Normal",-0.00121920033095879,"ANXA1"
"LOC101927137","MED",0.0012190899762244,"LOC101927137"
"RASGEF1A","MED",-0.00121827155147921,"RASGEF1A"
"PTPN5","Normal",0.00121812119490049,"PTPN5"
"LOC728613","EPN",0.00121808540260809,"LOC728613"
"PSD2","Normal",0.00121781556462924,"PSD2"
"CHI3L1","GBM",0.00121755969532929,"CHI3L1"
"CELSR3","Normal",0.00121675223442385,"CELSR3"
"S100B","GBM",0.00121653927677523,"S100B"
"BCL11A","PA",-0.00121651782788082,"BCL11A"
"ADRB1","MED",-0.00121633000125696,"ADRB1"
"COL2A1","MED",0.00121558453365186,"COL2A1"
"MAL2","PA",-0.00121548559643895,"MAL2"
"VCAM1","Normal",-0.00121533726682976,"VCAM1"
"KCND2","PA",0.00121473692984807,"KCND2"
"SLC47A2","EPN",0.00121473464734271,"SLC47A2"
"AKR1C1","PA",0.00121430960021602,"AKR1C1"
"SHC3","PA",0.00121392553443666,"SHC3"
"PRKCB","EPN",-0.00121343530213119,"PRKCB"
"IGSF21","MED",0.00121336203534317,"IGSF21"
"SEZ6L","GBM",-0.00121316424028534,"SEZ6L"
"IRX2","PA",0.00121245465747255,"IRX2"
"ADGRG2","GBM",-0.00121162409485919,"ADGRG2"
"FA2H","EPN",-0.00121104603808972,"FA2H"
"PARM1","PA",-0.00121087626037886,"PARM1"
"TNC","EPN",0.00120929827528709,"TNC"
"LOX","Normal",-0.0012091562504472,"LOX"
"EIF1AY","Normal",0.00120895964813487,"EIF1AY"
"LOC101928882","GBM",-0.00120818983104928,"LOC101928882"
"SPOCD1","GBM",0.00120810828372704,"SPOCD1"
"GLIS3","EPN",0.00120792737391319,"GLIS3"
"PTGS2","PA",0.00120762171165898,"PTGS2"
"ROBO2","EPN",-0.00120739974294587,"ROBO2"
"C4B_2","EPN",0.00120732007520928,"C4B_2"
"EIF1AY","GBM",-0.00120701389411733,"EIF1AY"
"STMN4","EPN",-0.00120699308865398,"STMN4"
"TMEM257","Normal",0.0012065422797313,"TMEM257"
"FBXO2","MED",-0.00120642505827081,"FBXO2"
"SCN2B","MED",-0.00120638786688765,"SCN2B"
"HLA.DMA","MED",-0.00120564869303073,"HLA-DMA"
"INSM1","PA",-0.00120548280105587,"INSM1"
"NAP1L2","EPN",0.00120529657134565,"NAP1L2"
"C6orf118","GBM",-0.00120523875574744,"C6orf118"
"ROR1","GBM",-0.00120519424958578,"ROR1"
"ADRB1","Normal",0.00120453896829516,"ADRB1"
"PITPNM3","EPN",-0.00120431477570191,"PITPNM3"
"MYRF","GBM",0.00120431223131463,"MYRF"
"SPOCD1","MED",-0.0012043020517436,"SPOCD1"
"MICAL2","EPN",-0.00120370104705475,"MICAL2"
"VASH2","Normal",-0.00120335966644741,"VASH2"
"LOC645321","EPN",-0.0012032966106147,"LOC645321"
"IQCG","GBM",0.00120309973399658,"IQCG"
"PLD5","GBM",-0.00120305025182598,"PLD5"
"PLPPR4","PA",0.00120251337224315,"PLPPR4"
"KCNJ3","EPN",0.00120208451100638,"KCNJ3"
"CHODL","MED",0.00120178015707287,"CHODL"
"COL28A1","PA",-0.00120142951549851,"COL28A1"
"SRPX2","GBM",0.00120115598992443,"SRPX2"
"FXYD1","PA",0.00119999703492545,"FXYD1"
"DDIT4L","EPN",0.00119983434681464,"DDIT4L"
"P3H2","GBM",-0.00119939530456121,"P3H2"
"TSPAN18","GBM",-0.00119812778356707,"TSPAN18"
"CELF5","Normal",0.00119807000865387,"CELF5"
"EN2","GBM",-0.00119777332674591,"EN2"
"CBLN2","Normal",0.00119771628044173,"CBLN2"
"TNC","Normal",-0.00119763125873951,"TNC"
"EGR4","MED",-0.00119715344544215,"EGR4"
"SLCO1C1","GBM",0.00119664814076823,"SLCO1C1"
"SEMA5A","PA",0.0011965320221309,"SEMA5A"
"PTPN5","GBM",0.00119564076097585,"PTPN5"
"TIMP4","PA",0.00119562338536447,"TIMP4"
"DIRAS3","MED",-0.00119523703321939,"DIRAS3"
"SEMA3C","PA",0.00119519870720116,"SEMA3C"
"FCGR3B","Normal",-0.00119466771230633,"FCGR3B"
"BCL11A","MED",0.00119451021767261,"BCL11A"
"HPCAL4","MED",-0.00119397579363043,"HPCAL4"
"NEBL","GBM",-0.00119369092397659,"NEBL"
"GNG3","PA",0.00119256155640506,"GNG3"
"HHIP","PA",-0.00119240246603577,"HHIP"
"CAMK4","EPN",-0.00119233104056289,"CAMK4"
"LRRC34","MED",-0.00119208666225176,"LRRC34"
"SLC7A14","EPN",-0.00119142838666686,"SLC7A14"
"CA14","MED",0.00119062637606522,"CA14"
"PLCXD3","MED",0.00119007959036188,"PLCXD3"
"SLC7A14","Normal",0.0011894379502329,"SLC7A14"
"LINC01116","EPN",-0.00118932806394556,"LINC01116"
"ERICH3","PA",-0.00118924567649875,"ERICH3"
"EBF3","EPN",-0.00118869197668529,"EBF3"
"GPR17","MED",-0.00118776445677577,"GPR17"
"SLC7A14","GBM",-0.00118776347760291,"SLC7A14"
"CHGB","MED",0.00118753818114376,"CHGB"
"BCHE","EPN",-0.00118628473441012,"BCHE"
"PDGFRA","EPN",-0.00118616432702878,"PDGFRA"
"GRM1","Normal",0.00118567636578956,"GRM1"
"PRIMA1","MED",-0.00118559064865037,"PRIMA1"
"CA10","GBM",-0.00118544856236761,"CA10"
"BHLHE22","GBM",-0.00118403872541846,"BHLHE22"
"PIRT","GBM",-0.00118365230456927,"PIRT"
"IFI44L","PA",0.00118354725891009,"IFI44L"
"GLI2","Normal",-0.0011834865030727,"GLI2"
"CELF4","PA",-0.00118328066432264,"CELF4"
"LINGO2","Normal",0.00118175744649196,"LINGO2"
"CYP39A1","Normal",-0.00118152861648714,"CYP39A1"
"CCK","Normal",0.00118129748211715,"CCK"
"FREM2","PA",0.00118128239596323,"FREM2"
"SOX8","PA",0.00118102447971373,"SOX8"
"PTGS2","MED",-0.00118072750686832,"PTGS2"
"GJB6","MED",-0.0011806768776072,"GJB6"
"PRDM16","MED",-0.00118026890815988,"PRDM16"
"FGFR2","Normal",0.00118000470135928,"FGFR2"
"HMGA2","PA",0.00117923405692803,"HMGA2"
"SLC17A6","EPN",-0.00117860090620767,"SLC17A6"
"ATP8A2","EPN",-0.00117832073615123,"ATP8A2"
"SLC24A2","EPN",-0.00117831520277024,"SLC24A2"
"CDS1","EPN",0.00117813645744005,"CDS1"
"ARX","EPN",-0.00117805391399409,"ARX"
"CCDC88C","PA",-0.00117753482347907,"CCDC88C"
"RGS4","Normal",0.00117737538218546,"RGS4"
"LIX1","GBM",0.00117722906123994,"LIX1"
"NPTX1","Normal",0.00117719634157559,"NPTX1"
"SERTM1","MED",-0.00117619741016655,"SERTM1"
"CFAP45","GBM",-0.00117571807730174,"CFAP45"
"ANGPTL1","PA",-0.00117565618412648,"ANGPTL1"
"ASPA","Normal",0.00117564160373096,"ASPA"
"CD109","GBM",0.00117554004574063,"CD109"
"ASPHD1","PA",-0.00117511109833839,"ASPHD1"
"PVALB","EPN",-0.00117506269396255,"PVALB"
"NRXN1","EPN",-0.00117464698858761,"NRXN1"
"PLPPR1","PA",0.00117419058679518,"PLPPR1"
"TENM3","Normal",0.00117417562959114,"TENM3"
"CELF5","EPN",-0.00117359822487995,"CELF5"
"AIFM3","MED",-0.00117320289085474,"AIFM3"
"SLC2A13","Normal",0.00117260993027901,"SLC2A13"
"DCX","MED",0.00117212409139978,"DCX"
"FNDC1","PA",0.00117197067419909,"FNDC1"
"XKR4","MED",0.00117159100166588,"XKR4"
"RGS7","MED",0.00117133692435139,"RGS7"
"IGFBP7.AS1","GBM",0.00117130474170289,"IGFBP7-AS1"
"OLIG1","MED",-0.00117093617012861,"OLIG1"
"IGFBP7.AS1","EPN",0.00117060917750823,"IGFBP7-AS1"
"TNC","GBM",0.00117004932555855,"TNC"
"TLE2","PA",0.00116989636359865,"TLE2"
"DMRT2","Normal",-0.00116978215891216,"DMRT2"
"C2orf80","EPN",-0.00116859907848413,"C2orf80"
"CTSZ","PA",0.00116836003346155,"CTSZ"
"COL6A3","MED",0.0011682359323897,"COL6A3"
"MIR9.3HG","EPN",-0.00116784140140623,"MIR9-3HG"
"SLC6A13","GBM",-0.00116734084448572,"SLC6A13"
"PTPRR","PA",-0.00116662419836273,"PTPRR"
"MXRA5","GBM",-0.00116648809523596,"MXRA5"
"SPOCD1","Normal",-0.00116462237856077,"SPOCD1"
"CHST9","PA",0.00116410144478399,"CHST9"
"COL9A1","MED",-0.0011640024152033,"COL9A1"
"CHN2","PA",-0.00116351289113475,"CHN2"
"GAD1","MED",-0.00116340855445482,"GAD1"
"AP3B2","Normal",0.00116338681089613,"AP3B2"
"OLIG2","PA",0.00116328352571443,"OLIG2"
"HMGCLL1","Normal",0.00116299344578744,"HMGCLL1"
"ERICH3","MED",-0.00116264059801636,"ERICH3"
"GPC5","GBM",-0.00116217671007821,"GPC5"
"PTPN5","EPN",-0.0011619837724444,"PTPN5"
"CADPS2","GBM",0.00115987717312206,"CADPS2"
"ST6GALNAC5","PA",-0.00115942649857631,"ST6GALNAC5"
"TENM2","PA",-0.00115920197744656,"TENM2"
"PIFO","MED",-0.00115907490060132,"PIFO"
"CADM2","MED",-0.00115844202668296,"CADM2"
"PLP1","EPN",-0.00115843036806363,"PLP1"
"KCNA1","MED",0.00115695009042937,"KCNA1"
"AHNAK2","MED",-0.00115562138073334,"AHNAK2"
"AK5","PA",0.00115546596660138,"AK5"
"C11orf87","EPN",0.00115525060752123,"C11orf87"
"DUSP26","MED",0.00115405371190051,"DUSP26"
"WIF1","GBM",-0.00115363784823947,"WIF1"
"ECM2","Normal",-0.00115346153308114,"ECM2"
"C8orf46","EPN",-0.00115251047674169,"C8orf46"
"PDE1A","EPN",-0.00115183729246152,"PDE1A"
"RUNDC3A","Normal",0.00115150415128668,"RUNDC3A"
"PCDH11Y","PA",-0.00115067880246004,"PCDH11Y"
"GABRB1","Normal",0.00115061674506792,"GABRB1"
"RFX4","EPN",0.00114993973902093,"RFX4"
"RIMS3","PA",-0.00114968856687754,"RIMS3"
"SULT4A1","PA",-0.00114963499965817,"SULT4A1"
"FNDC5","Normal",0.00114956917237117,"FNDC5"
"SLC17A6","MED",0.00114947893249557,"SLC17A6"
"COL4A6","GBM",-0.00114897611965375,"COL4A6"
"FBXO2","PA",0.00114856716962289,"FBXO2"
"BMPR1B","EPN",0.00114826956411732,"BMPR1B"
"GNAL","PA",0.00114809474437439,"GNAL"
"TMEM35A","GBM",-0.00114783952138266,"TMEM35A"
"FAM84A","MED",0.00114767563535893,"FAM84A"
"EYA2","PA",-0.00114685716770623,"EYA2"
"SHISA6","Normal",0.00114673293495175,"SHISA6"
"CXCL8","Normal",-0.00114615538387932,"CXCL8"
"PLD5","MED",-0.00114609633134233,"PLD5"
"FGFR2","PA",-0.0011459678198208,"FGFR2"
"SHD","MED",0.00114593176015446,"SHD"
"KCNQ2","GBM",-0.00114572097906254,"KCNQ2"
"DYDC2","GBM",-0.0011457001494349,"DYDC2"
"SOX1","MED",-0.00114559905739316,"SOX1"
"SLITRK4","PA",0.0011442146032938,"SLITRK4"
"SCN2A","Normal",0.00114407243728061,"SCN2A"
"SCUBE2","EPN",0.00114314423062417,"SCUBE2"
"CTHRC1","EPN",-0.00114286182380939,"CTHRC1"
"STK32B","EPN",-0.00114276250870667,"STK32B"
"UNC5A","PA",0.00114139459659083,"UNC5A"
"WDR49","MED",-0.00114099728715777,"WDR49"
"SEMA3E","EPN",-0.00114096394748559,"SEMA3E"
"LYPD1","GBM",0.00114023722905372,"LYPD1"
"DCDC2","GBM",-0.00113928484657437,"DCDC2"
"SLC7A2","EPN",0.00113922422570018,"SLC7A2"
"KCNJ4","PA",-0.00113866204175472,"KCNJ4"
"P2RX5","PA",-0.0011378612690656,"P2RX5"
"LGR5","EPN",0.00113738730244838,"LGR5"
"ASPHD1","MED",0.00113702341584213,"ASPHD1"
"TRPM8","Normal",-0.0011369592912819,"TRPM8"
"CXCL12","MED",0.00113669567509015,"CXCL12"
"SLC17A7","EPN",-0.0011365549828543,"SLC17A7"
"ELAVL4","EPN",-0.00113655292409308,"ELAVL4"
"RASGEF1A","EPN",0.00113637990529059,"RASGEF1A"
"CDS1","GBM",-0.0011360749438803,"CDS1"
"ADAMTSL4","MED",-0.00113598652633427,"ADAMTSL4"
"DUSP26","Normal",0.00113577934669308,"DUSP26"
"TMEM100","EPN",-0.00113555313953225,"TMEM100"
"TNFRSF11B","GBM",-0.00113499359820349,"TNFRSF11B"
"COL4A5","EPN",0.00113464870857021,"COL4A5"
"IL20RA","PA",-0.00113462049248701,"IL20RA"
"UNC5C","Normal",0.00113455250426763,"UNC5C"
"F13A1","EPN",-0.0011342724478448,"F13A1"
"UGT8","PA",0.00113405291495895,"UGT8"
"CACNG2","EPN",-0.00113341658081394,"CACNG2"
"FAIM2","Normal",0.00113328385858145,"FAIM2"
"LOC100509445","PA",0.0011326649300419,"LOC100509445"
"RGS4","MED",-0.00113192121502035,"RGS4"
"SLC1A6","Normal",0.00113185888257795,"SLC1A6"
"SERPINA3","Normal",-0.00113130267965351,"SERPINA3"
"IL13RA2","MED",-0.00113042635261057,"IL13RA2"
"NTNG1","Normal",0.00112961589243205,"NTNG1"
"EYA4","EPN",0.00112941444276822,"EYA4"
"SYT4","Normal",0.00112862823667017,"SYT4"
"RUNX2","Normal",-0.00112848828150358,"RUNX2"
"BCHE","MED",-0.00112844031786892,"BCHE"
"DCDC5","MED",0.00112821100944136,"DCDC5"
"SLC17A6","PA",-0.00112806759288713,"SLC17A6"
"TNFRSF11B","MED",-0.0011278748207476,"TNFRSF11B"
"SLN","MED",-0.00112759874383157,"SLN"
"RSPH4A","GBM",-0.00112689264058221,"RSPH4A"
"PMP2","PA",0.00112645433992193,"PMP2"
"C8orf34","MED",-0.00112640274071063,"C8orf34"
"SPAG6","GBM",-0.00112567709974339,"SPAG6"
"RIMS1","EPN",-0.00112567509567608,"RIMS1"
"MIAT","Normal",0.00112552409080104,"MIAT"
"MAP7D2","PA",-0.00112532882282249,"MAP7D2"
"NPTX1","MED",0.00112525733215964,"NPTX1"
"HCN1","GBM",-0.00112487718049248,"HCN1"
"DNM3","MED",-0.00112471301919802,"DNM3"
"VSTM2A","PA",-0.001124553299348,"VSTM2A"
"IL20RA","GBM",-0.00112410952591741,"IL20RA"
"SEZ6L2","Normal",0.00112372118437602,"SEZ6L2"
"DIRAS3","GBM",0.0011229896489481,"DIRAS3"
"RIMS2","Normal",0.00112283187399214,"RIMS2"
"MELK","EPN",-0.0011227797348876,"MELK"
"RAB3C","GBM",-0.00112259233460269,"RAB3C"
"CRH","PA",-0.00112174647744638,"CRH"
"CRNDE","MED",0.00112143026940365,"CRNDE"
"FREM1","PA",-0.00112132728850666,"FREM1"
"SLC7A2","Normal",0.00112125724358591,"SLC7A2"
"HSPB8","EPN",0.00112096542251128,"HSPB8"
"CNTN2","EPN",-0.00112084192699328,"CNTN2"
"FAM84A","GBM",-0.00112012117284701,"FAM84A"
"C2orf40","MED",-0.00111992172544784,"C2orf40"
"HS3ST3B1","MED",-0.00111984793831121,"HS3ST3B1"
"SCN3B","GBM",0.00111963589223417,"SCN3B"
"FSTL5","Normal",0.00111906612445548,"FSTL5"
"ODF3B","GBM",-0.00111876853392549,"ODF3B"
"SRCIN1","EPN",-0.00111868969679925,"SRCIN1"
"ZNF536","GBM",-0.00111780406158745,"ZNF536"
"CHGA","EPN",-0.00111761101701221,"CHGA"
"MYRF","Normal",0.00111684156310377,"MYRF"
"STON1","PA",0.00111548231326644,"STON1"
"FREM2","GBM",0.00111437725037454,"FREM2"
"SLN","EPN",-0.00111374187026744,"SLN"
"PSD2","MED",-0.00111325976360689,"PSD2"
"PRDM16","EPN",0.00111304809008554,"PRDM16"
"NEFM","EPN",-0.00111248088571357,"NEFM"
"AKR1C3","EPN",0.0011122694813665,"AKR1C3"
"TMEM45A","EPN",-0.00111147912022362,"TMEM45A"
"ARAP2","Normal",0.00111120167400108,"ARAP2"
"DLL3","GBM",0.00111086212798563,"DLL3"
"XIST","GBM",0.00110996998466909,"XIST"
"ACTL6B","GBM",-0.00110985676581903,"ACTL6B"
"SH3GL3","MED",0.00110841196106375,"SH3GL3"
"CHI3L2","MED",-0.00110837106789521,"CHI3L2"
"COL20A1","MED",-0.00110818080359521,"COL20A1"
"MAATS1","PA",-0.00110815930383215,"MAATS1"
"ST6GAL2","EPN",-0.00110769709479034,"ST6GAL2"
"MFAP2","EPN",0.0011073349276488,"MFAP2"
"SCN3B","Normal",0.00110726689203318,"SCN3B"
"NUF2","EPN",-0.00110624325579601,"NUF2"
"SOX2.OT","EPN",-0.00110563344023584,"SOX2-OT"
"GABBR2","Normal",0.00110528242198399,"GABBR2"
"EPHA7","PA",-0.00110421292065712,"EPHA7"
"ZMYND12","MED",-0.00110415910836227,"ZMYND12"
"NEBL","Normal",0.00110402802724986,"NEBL"
"ETNPPL","EPN",-0.00110401662864272,"ETNPPL"
"SVOP","MED",0.00110318779576632,"SVOP"
"KCNQ5","EPN",-0.00110312959573623,"KCNQ5"
"ZFHX4","Normal",-0.00110297457637664,"ZFHX4"
"CPLX1","PA",-0.00110213413214032,"CPLX1"
"BRINP2","PA",0.00110197810530137,"BRINP2"
"PAX6","GBM",-0.00110187895114466,"PAX6"
"TENM3","PA",-0.00110181258735683,"TENM3"
"DSG2","Normal",-0.00110085029264783,"DSG2"
"VSNL1","PA",-0.00110075935958244,"VSNL1"
"HS6ST2","EPN",-0.00110073073973892,"HS6ST2"
"NEFL","GBM",0.00109977072429267,"NEFL"
"KCNK1","PA",0.00109963853473034,"KCNK1"
"KCNIP1","MED",-0.00109885757543241,"KCNIP1"
"EYA1","MED",0.00109881030166714,"EYA1"
"KIAA0319","MED",-0.00109843575585752,"KIAA0319"
"TGFA","GBM",0.00109842421152092,"TGFA"
"CA3","GBM",0.00109831656932096,"CA3"
"BCL11A","GBM",0.0010981030240129,"BCL11A"
"VSTM2A","EPN",-0.00109808823153994,"VSTM2A"
"C1orf106","EPN",-0.00109769538675182,"C1orf106"
"SVOP","EPN",-0.0010975964671396,"SVOP"
"C8orf46","PA",0.00109735945519769,"C8orf46"
"CACNA1E","PA",-0.00109617385569882,"CACNA1E"
"SCG5","EPN",-0.00109562683830889,"SCG5"
"LGI1","PA",-0.00109513016124634,"LGI1"
"CNR1","PA",0.00109487426603264,"CNR1"
"THRB","Normal",0.00109448652042521,"THRB"
"GRM1","PA",-0.00109448390406753,"GRM1"
"HMGA2","Normal",-0.00109443276966433,"HMGA2"
"CDH19","GBM",-0.00109417179349198,"CDH19"
"SCUBE2","MED",-0.00109411186044803,"SCUBE2"
"DUSP26","PA",0.00109369436134255,"DUSP26"
"CNDP1","MED",-0.00109316098218065,"CNDP1"
"GCNT2","PA",0.00109286980839877,"GCNT2"
"COL28A1","GBM",0.00109197076710968,"COL28A1"
"GJB6","PA",-0.00109169796972962,"GJB6"
"SPOCK1","EPN",-0.00109108420645968,"SPOCK1"
"CPNE6","PA",-0.00109100265669874,"CPNE6"
"BRINP3","EPN",-0.00108995472667975,"BRINP3"
"GABRG2","PA",-0.00108921122810087,"GABRG2"
"GAD1","EPN",-0.00108786418399657,"GAD1"
"CCDC81","GBM",-0.00108778449795196,"CCDC81"
"FGF14","GBM",-0.00108722097555764,"FGF14"
"S100B","PA",0.00108687162559437,"S100B"
"CDH19","MED",-0.0010850665576316,"CDH19"
"CTSZ","GBM",-0.0010848509509149,"CTSZ"
"HCN1","PA",-0.00108439545732238,"HCN1"
"SCN2A","EPN",-0.00108411179255349,"SCN2A"
"CFI","MED",-0.00108264662703161,"CFI"
"CUX2","Normal",0.00108214980799882,"CUX2"
"SLITRK1","PA",0.00108134644688712,"SLITRK1"
"NEK11","GBM",-0.001081229197351,"NEK11"
"P2RX5","Normal",0.00108016688109835,"P2RX5"
"SFRP1","GBM",0.0010800677413336,"SFRP1"
"PHACTR3","Normal",0.00107966625196445,"PHACTR3"
"TTYH1","EPN",0.00107943295052107,"TTYH1"
"FAM69C","EPN",0.00107924810412822,"FAM69C"
"PHACTR3","PA",0.00107826164825853,"PHACTR3"
"TMEM232","GBM",-0.00107767816572475,"TMEM232"
"CACNG2","PA",-0.00107613158254467,"CACNG2"
"RSPH1","MED",-0.00107575454369189,"RSPH1"
"HOOK1","PA",-0.00107538293520902,"HOOK1"
"RAB27B","Normal",0.00107492799787124,"RAB27B"
"ANXA1","GBM",0.00107435975851936,"ANXA1"
"ACTL6B","Normal",0.00107375660511248,"ACTL6B"
"AIFM3","EPN",0.00107369968709106,"AIFM3"
"ZNF385B","GBM",-0.00107343265290024,"ZNF385B"
"FZD7","PA",-0.0010733608109835,"FZD7"
"GBP3","Normal",-0.00107281586581932,"GBP3"
"AQP4.AS1","MED",-0.00107274551044317,"AQP4-AS1"
"CFI","GBM",-0.00107213423374236,"CFI"
"AKAP14","GBM",-0.00107184657323032,"AKAP14"
"LINC01296","Normal",-0.00107139704546071,"LINC01296"
"HOOK1","GBM",-0.00107037030523703,"HOOK1"
"OXTR","EPN",-0.00107026471391532,"OXTR"
"DOK6","MED",0.00107003078393145,"DOK6"
"DAW1","GBM",-0.00106991623250808,"DAW1"
"PYGM","EPN",0.00106931334961906,"PYGM"
"TEX26","GBM",-0.00106896175926707,"TEX26"
"F2RL1","MED",-0.00106839590547168,"F2RL1"
"KLRC2","GBM",0.00106823020090954,"KLRC2"
"KNDC1","PA",-0.00106814559015096,"KNDC1"
"GRIN2A","EPN",0.00106725279992157,"GRIN2A"
"C16orf89","GBM",-0.00106723516941864,"C16orf89"
"SLC7A14","MED",0.00106686405841071,"SLC7A14"
"OLIG1","EPN",-0.00106676169455564,"OLIG1"
"DUSP5","MED",0.00106649230231195,"DUSP5"
"RASL10A","EPN",0.00106635365245625,"RASL10A"
"CCDC40","PA",-0.00106622696032428,"CCDC40"
"PSMB9","GBM",0.00106606416287573,"PSMB9"
"BUB1","EPN",-0.00106592499916208,"BUB1"
"LMO3","GBM",-0.00106574169965582,"LMO3"
"SERPINA5","GBM",-0.00106500970652875,"SERPINA5"
"FGF13","Normal",0.00106438330819232,"FGF13"
"ADM","MED",-0.00106405612716935,"ADM"
"TMEM255A","Normal",-0.00106396144369112,"TMEM255A"
"CAMK4","MED",0.00106385142103446,"CAMK4"
"ATP8A2","PA",0.00106307681439217,"ATP8A2"
"DDX3Y","Normal",0.00106264818937916,"DDX3Y"
"BRINP2","GBM",0.00106211854385489,"BRINP2"
"MEGF10","EPN",0.00106173030290133,"MEGF10"
"IGFBPL1","EPN",-0.00106160886889268,"IGFBPL1"
"CYP2J2","EPN",-0.00106080445582355,"CYP2J2"
"EXPH5","MED",0.00106063139844262,"EXPH5"
"FREM1","GBM",-0.00106029287119523,"FREM1"
"FZD7","MED",0.00106017537965906,"FZD7"
"TTK","EPN",-0.00106011219783592,"TTK"
"FMO1","GBM",-0.00105980163215656,"FMO1"
"SLITRK4","Normal",0.00105964156174858,"SLITRK4"
"AK5","EPN",-0.00105927998458649,"AK5"
"SST","EPN",-0.00105891790508243,"SST"
"COBL","PA",0.0010585053342092,"COBL"
"PRIMA1","GBM",-0.00105758517073711,"PRIMA1"
"ACTL6B","EPN",-0.00105675062899137,"ACTL6B"
"CD109","Normal",-0.00105665292380013,"CD109"
"TMEM130","EPN",-0.00105602464226472,"TMEM130"
"SPRY4","MED",-0.00105569139800125,"SPRY4"
"FXYD1","MED",-0.00105524216737437,"FXYD1"
"SLC1A6","EPN",-0.00105516973698719,"SLC1A6"
"ROBO2","Normal",0.00105499746855837,"ROBO2"
"NWD2","Normal",0.00105478871856356,"NWD2"
"MIR124.1","GBM",-0.0010546136926026,"MIR124-1"
"FAM131B","Normal",0.00105450533077573,"FAM131B"
"CACNB2","PA",0.00105388105635008,"CACNB2"
"PYGM","PA",-0.00105352698961608,"PYGM"
"CXCL8","MED",-0.00105285262735188,"CXCL8"
"GABRD","PA",-0.00105268798747018,"GABRD"
"ME1","EPN",-0.00105266914457624,"ME1"
"PCP4","MED",-0.0010522254630754,"PCP4"
"ELN","GBM",-0.00105064712019549,"ELN"
"SERPINE1","Normal",-0.00105029588199664,"SERPINE1"
"CALB1","EPN",0.00104976095698026,"CALB1"
"HHATL","MED",-0.00104927328318599,"HHATL"
"CDH18","MED",0.00104911284694155,"CDH18"
"DLX1","PA",-0.00104807286965758,"DLX1"
"HERC6","EPN",0.00104803258556371,"HERC6"
"ST8SIA3","Normal",0.00104768585238736,"ST8SIA3"
"RPS4Y1","GBM",-0.00104739551743578,"RPS4Y1"
"NALCN","Normal",0.00104497063772495,"NALCN"
"GABRG1","PA",-0.0010438242289481,"GABRG1"
"NPTX2","PA",0.00104365534971966,"NPTX2"
"TFCP2L1","MED",-0.00104345434181842,"TFCP2L1"
"NRSN1","GBM",0.00104317012849913,"NRSN1"
"C11orf88","GBM",-0.00104266599840512,"C11orf88"
"LAMP5","EPN",0.00104217205168411,"LAMP5"
"SEZ6","MED",0.0010421498903514,"SEZ6"
"PLN","EPN",0.00104105702064545,"PLN"
"SNAP91","MED",0.00104058164828855,"SNAP91"
"DIRAS3","EPN",-0.00104045972560093,"DIRAS3"
"PRKCB","GBM",-0.00104004253331509,"PRKCB"
"ECM2","EPN",0.0010391116348055,"ECM2"
"LOC728613","GBM",0.00103819770926437,"LOC728613"
"BRINP3","GBM",0.00103808756185285,"BRINP3"
"CXorf57","Normal",-0.00103778248944442,"CXorf57"
"RAMP3","EPN",0.00103774251330783,"RAMP3"
"LGI1","Normal",0.0010371934259724,"LGI1"
"TEKT1","GBM",-0.00103704536519624,"TEKT1"
"LOC101927057","PA",0.00103669867357219,"LOC101927057"
"SMOC1","MED",-0.00103660149546461,"SMOC1"
"INSM1","GBM",0.00103655242631107,"INSM1"
"CAMK2A","EPN",-0.00103498830019342,"CAMK2A"
"MET","GBM",-0.00103408813738078,"MET"
"LHFPL3","GBM",0.0010339770601744,"LHFPL3"
"LAMP5","PA",-0.0010338543757866,"LAMP5"
"RALYL","Normal",0.00103345020181275,"RALYL"
"HOGA1","GBM",-0.00103341979808508,"HOGA1"
"HSPB8","PA",0.00103286040823964,"HSPB8"
"EEF1A2","EPN",-0.00103263898648648,"EEF1A2"
"HEPN1","EPN",0.00103262925873867,"HEPN1"
"GABRG1","EPN",0.00103222395921177,"GABRG1"
"KCNK3","GBM",-0.00103211809681821,"KCNK3"
"EOMES","GBM",-0.00103206171820992,"EOMES"
"SYT13","EPN",-0.00103091944320414,"SYT13"
"KCNC1","PA",0.00103049946366718,"KCNC1"
"LY6H","MED",-0.00102957895095612,"LY6H"
"EFHC2","MED",-0.00102957292171909,"EFHC2"
"FZD7","GBM",-0.00102899867105673,"FZD7"
"GNAL","Normal",0.00102877683570636,"GNAL"
"LRRC34","Normal",-0.00102863822654804,"LRRC34"
"GABRA1","PA",-0.00102780962931745,"GABRA1"
"C16orf89","Normal",0.00102749919132184,"C16orf89"
"NXPH1","MED",-0.00102734598114656,"NXPH1"
"CADM2","GBM",0.00102727938642714,"CADM2"
"KCNIP1","EPN",-0.00102714938500909,"KCNIP1"
"PCDH8","MED",0.00102632036114685,"PCDH8"
"DRC1","GBM",-0.00102631038220057,"DRC1"
"CACNA1E","EPN",-0.00102546654621842,"CACNA1E"
"LPAR3","GBM",-0.00102534597697222,"LPAR3"
"ZNF474","GBM",-0.00102520566628124,"ZNF474"
"LYPD1","PA",0.0010251924535714,"LYPD1"
"KCNK1","Normal",0.0010246196913023,"KCNK1"
"KCNMB4","Normal",0.00102443726940978,"KCNMB4"
"LOC101060391","PA",-0.00102416480726071,"LOC101060391"
"CDC20","EPN",-0.00102388298869183,"CDC20"
"SEZ6L2","MED",0.00102317251462794,"SEZ6L2"
"UNC5C","MED",0.00102289391003715,"UNC5C"
"LRP2BP","GBM",-0.00102207492961588,"LRP2BP"
"SATB2","GBM",0.00102175355833665,"SATB2"
"GRM5","Normal",0.00102146371213491,"GRM5"
"FA2H","Normal",0.00102128591311255,"FA2H"
"RAMP3","GBM",-0.0010205405449519,"RAMP3"
"BRINP2","EPN",-0.00102006998531744,"BRINP2"
"AQP4.AS1","PA",-0.00102005686321692,"AQP4-AS1"
"CPNE4","EPN",-0.00101997479183344,"CPNE4"
"PCOLCE2","PA",0.00101866633504758,"PCOLCE2"
"SERTM1","PA",-0.00101863031321342,"SERTM1"
"RELN","PA",-0.00101826331924025,"RELN"
"SLC6A13","EPN",0.00101714980685532,"SLC6A13"
"RMST","PA",-0.00101708976126903,"RMST"
"EYA2","Normal",-0.00101610970941541,"EYA2"
"SGIP1","PA",0.001015801128896,"SGIP1"
"ABI3BP","MED",-0.00101559242794457,"ABI3BP"
"GABRB3","EPN",-0.00101501971628658,"GABRB3"
"LTF","GBM",0.00101479875898931,"LTF"
"ETV1","PA",0.0010142229114877,"ETV1"
"PCP4L1","EPN",0.00101407990429521,"PCP4L1"
"SNCB","EPN",-0.00101407747239223,"SNCB"
"LOC157503","EPN",-0.00101322711011521,"LOC157503"
"PLPPR5","EPN",-0.00101305050549689,"PLPPR5"
"TRPM3","MED",0.00101101871882698,"TRPM3"
"CAMKV","EPN",-0.00101094979961304,"CAMKV"
"ST6GALNAC5","EPN",0.00101079596072643,"ST6GALNAC5"
"COL9A1","Normal",-0.00101078294285944,"COL9A1"
"SV2B","EPN",-0.00101050197142758,"SV2B"
"ACSBG1","GBM",0.00101046928489063,"ACSBG1"
"AR","MED",-0.00100972808921321,"AR"
"HMGCLL1","EPN",0.00100968176261566,"HMGCLL1"
"BEX5","MED",-0.00100923838148123,"BEX5"
"STXBP6","MED",-0.00100879436624445,"STXBP6"
"BCHE","PA",0.00100853031510461,"BCHE"
"FGF13","MED",0.00100813409540133,"FGF13"
"KCNC1","Normal",0.00100716430398038,"KCNC1"
"ERBB3","GBM",0.00100529385057449,"ERBB3"
"ARMC3","GBM",-0.00100511575688863,"ARMC3"
"GRIK2","GBM",-0.00100488407205827,"GRIK2"
"MN1","Normal",0.00100425345224169,"MN1"
"ASPA","EPN",0.00100391694340906,"ASPA"
"B3GALT2","GBM",-0.00100385603931662,"B3GALT2"
"OTX2.AS1","GBM",-0.00100320901827773,"OTX2-AS1"
"ZNF385B","EPN",-0.00100310183782131,"ZNF385B"
"LRFN5","PA",0.00100289980967812,"LRFN5"
"LRRC3B","MED",-0.00100254446187807,"LRRC3B"
"PAX6","EPN",0.00100252946946245,"PAX6"
"FAM131B","GBM",0.00100245803151297,"FAM131B"
"SORCS3","MED",-0.0010022518757707,"SORCS3"
"COBL","EPN",0.00100120229305114,"COBL"
"ERBB3","EPN",-0.00100106799171708,"ERBB3"
"ETNPPL","PA",-0.00100098602840067,"ETNPPL"
"DSCAM","MED",-0.00100094046785795,"DSCAM"
"DNAJC6","MED",0.00100031394839946,"DNAJC6"
"ZNF804A","EPN",-0.00100029540059704,"ZNF804A"
"SCG5","PA",0.0010002522445458,"SCG5"
"NOS1","Normal",0.000999576389937734,"NOS1"
"KCNJ3","GBM",-0.000999547395057214,"KCNJ3"
"MIR124.2HG","MED",0.00099857173991699,"MIR124-2HG"
"DMRT2","MED",-0.000998540529368191,"DMRT2"
"SFRP2","MED",-0.000998462949610028,"SFRP2"
"STUM","MED",-0.000998419662570915,"STUM"
"WDR66","GBM",-0.000997961250141258,"WDR66"
"MOBP","MED",-0.000997941680835176,"MOBP"
"ROPN1L","GBM",-0.000997151828268965,"ROPN1L"
"AHNAK2","Normal",0.000997119012295309,"AHNAK2"
"SEZ6","GBM",0.000997030702964051,"SEZ6"
"COL11A1","GBM",0.000996280602533666,"COL11A1"
"GAD1","GBM",0.000996247790521199,"GAD1"
"LOC100509457","Normal",-0.000994880259826223,"LOC100509457"
"CHD5","PA",-0.000994801206166478,"CHD5"
"LRRTM2","PA",0.000994329389881663,"LRRTM2"
"AMPH","EPN",-0.000994283804167293,"AMPH"
"CFAP70","GBM",-0.000993841869132344,"CFAP70"
"BTBD11","Normal",0.00099326636496491,"BTBD11"
"ITGB4","PA",0.000993189370404775,"ITGB4"
"CDH18","GBM",-0.000992839479291652,"CDH18"
"TAC1","EPN",-0.000992456151560485,"TAC1"
"IL20RA","MED",-0.000992444459144669,"IL20RA"
"IGFBPL1","PA",-0.000992372310710243,"IGFBPL1"
"LINC01088","PA",0.000992318144859249,"LINC01088"
"LHFPL4","Normal",0.000991298788609194,"LHFPL4"
"HS3ST3B1","PA",-0.000990306493919595,"HS3ST3B1"
"HSPA2","PA",0.000990055278575137,"HSPA2"
"IGLON5","EPN",-0.000989739087800009,"IGLON5"
"GABRA2","GBM",-0.000989720909500675,"GABRA2"
"PRAME","EPN",-0.000989671896756433,"PRAME"
"SLITRK1","Normal",0.000988844413543456,"SLITRK1"
"DYNC1I1","PA",-0.000987897993502046,"DYNC1I1"
"SH3GL2","MED",0.000987067163442908,"SH3GL2"
"CHGA","Normal",0.000986413076037462,"CHGA"
"PLAU","Normal",-0.000986259359066468,"PLAU"
"BCL11A","EPN",-0.000985906324168061,"BCL11A"
"ADRB1","PA",-0.000984321004727973,"ADRB1"
"PROM1","PA",-0.000984274771698199,"PROM1"
"LHX2","EPN",-0.000984242290326023,"LHX2"
"GRIA4","PA",0.000984195502436819,"GRIA4"
"LTF","MED",-0.000983985284661615,"LTF"
"APOD","GBM",-0.000983451652052795,"APOD"
"MMP9","Normal",-0.000982806240607638,"MMP9"
"SVOP","GBM",-0.00098240081290315,"SVOP"
"VSTM2L","EPN",0.000981928872426521,"VSTM2L"
"MLC1","GBM",0.000981817287561772,"MLC1"
"SH3GL2","Normal",0.000979571288845704,"SH3GL2"
"POSTN","Normal",-0.000979432368020306,"POSTN"
"MOG","GBM",0.000979016081079028,"MOG"
"CADPS","GBM",-0.000978961949622831,"CADPS"
"B3GAT1","Normal",0.000978779778339429,"B3GAT1"
"GPR88","PA",-0.000978727109702299,"GPR88"
"FAM179A","GBM",-0.000978314209089976,"FAM179A"
"LINC00844","EPN",0.000977206422224445,"LINC00844"
"RBM24","PA",-0.00097677838125427,"RBM24"
"HHIP","Normal",0.000976775193919083,"HHIP"
"SGIP1","GBM",-0.000976579216212058,"SGIP1"
"RASL10A","PA",-0.000976430035357263,"RASL10A"
"EFEMP1","PA",0.000975126819132225,"EFEMP1"
"PCDHB5","GBM",0.000974867246870157,"PCDHB5"
"MFAP2","PA",-0.000974849937325363,"MFAP2"
"CRNDE","EPN",0.000974427998419265,"CRNDE"
"LINC00839","MED",-0.000973881654881266,"LINC00839"
"CNTNAP5","PA",0.000973711519741248,"CNTNAP5"
"MYT1L","EPN",-0.00097332762423279,"MYT1L"
"STMN4","Normal",0.000973057554154928,"STMN4"
"EXPH5","PA",-0.000971995072733367,"EXPH5"
"EGR4","EPN",-0.000971892371878207,"EGR4"
"HMP19","MED",0.000971630057788785,"HMP19"
"TOX3","EPN",-0.000971382103805228,"TOX3"
"ZNF365","PA",0.000970889985817602,"ZNF365"
"MYT1","MED",0.000970221333865626,"MYT1"
"CHST9","EPN",0.000969957542708894,"CHST9"
"CBLN2","GBM",-0.000969672014620698,"CBLN2"
"GFRA1","MED",0.00096949528119022,"GFRA1"
"CDH18","EPN",-0.000968990539871415,"CDH18"
"SNAP91","PA",0.000968901557938867,"SNAP91"
"SIX1","Normal",-0.000968668252688674,"SIX1"
"NPTX1","GBM",-0.000968273090460359,"NPTX1"
"CA3","EPN",0.000968131492777203,"CA3"
"SLC14A1","Normal",0.000968102858575252,"SLC14A1"
"PLAU","MED",-0.000967754037937198,"PLAU"
"SLC35F6","EPN",-0.000967381089222534,"SLC35F6"
"GABRG2","MED",0.000967138135084228,"GABRG2"
"SLITRK4","MED",-0.000966086625509712,"SLITRK4"
"LINC01279","PA",0.000965959887589426,"LINC01279"
"CDS1","PA",-0.000965675830619862,"CDS1"
"SEL1L2","MED",-0.000965283172502485,"SEL1L2"
"GABRG2","EPN",-0.000965181082612286,"GABRG2"
"MLIP","MED",-0.0009648487704824,"MLIP"
"INA","Normal",0.000964799422553787,"INA"
"HHIP","MED",0.000964298384341636,"HHIP"
"HOXA7","GBM",0.000964181488850854,"HOXA7"
"CALB1","GBM",-0.000964152231464422,"CALB1"
"P2RY12","GBM",0.000963826254049661,"P2RY12"
"PDGFRA","GBM",0.000962929641932893,"PDGFRA"
"HLA.DRB4","MED",-0.000962831725847071,"HLA-DRB4"
"SLC27A6","PA",-0.000961611356236248,"SLC27A6"
"LOC101927057","GBM",0.000961474823104231,"LOC101927057"
"FOXD1","Normal",-0.000961234152831811,"FOXD1"
"SLPI","MED",-0.000959676324634924,"SLPI"
"BIRC5","EPN",-0.000959496448052744,"BIRC5"
"EFNA5","MED",0.000958800214797012,"EFNA5"
"AQP4","PA",0.000958321718553834,"AQP4"
"FOXJ1","MED",-0.000958220679240872,"FOXJ1"
"TRPM8","EPN",-0.000955569930184754,"TRPM8"
"FAM189A2","Normal",0.000954821681092869,"FAM189A2"
"SSTR1","GBM",-0.000954656026963219,"SSTR1"
"SEMA5A","EPN",-0.00095461047464459,"SEMA5A"
"AP3B2","GBM",-0.000952846286134541,"AP3B2"
"TRPM3","PA",-0.000952332814839972,"TRPM3"
"GCNT2","MED",0.000951485189627012,"GCNT2"
"RIBC1","GBM",-0.000950700410161868,"RIBC1"
"FCGBP","GBM",0.00095065069620521,"FCGBP"
"EPPK1","MED",-0.000950605143835198,"EPPK1"
"DLL3","PA",0.000949825525052837,"DLL3"
"RAB27B","EPN",-0.000949736317243567,"RAB27B"
"SNAP25","Normal",0.000949237049529905,"SNAP25"
"MAPK8IP1","GBM",-0.000948440672064458,"MAPK8IP1"
"ST6GALNAC5","MED",0.000948412465868592,"ST6GALNAC5"
"DLGAP1","Normal",0.00094769450368697,"DLGAP1"
"KLHL29","GBM",-0.000947207467005545,"KLHL29"
"ALDH1L1","Normal",0.000946756424901884,"ALDH1L1"
"GABRA1","EPN",-0.000946318592434857,"GABRA1"
"TAC1","PA",-0.000946143807566421,"TAC1"
"SCRG1","EPN",-0.000946093183826842,"SCRG1"
"IGSF11","Normal",0.000945767205526031,"IGSF11"
"GRIA4","Normal",0.000944849933714729,"GRIA4"
"LRP2BP","PA",-0.000944849323717129,"LRP2BP"
"SCN3A","EPN",-0.00094427182058469,"SCN3A"
"SATB2","EPN",-0.000944154874274801,"SATB2"
"RGS4","PA",0.00094356677096683,"RGS4"
"SV2B","PA",-0.000943233872094137,"SV2B"
"LRRC7","Normal",0.000942934834937128,"LRRC7"
"CCDC96","GBM",-0.000942435003289667,"CCDC96"
"NTRK2","EPN",0.000941847022397233,"NTRK2"
"CCDC114","GBM",-0.000941125721977283,"CCDC114"
"NEDD4L","GBM",0.000940855468588833,"NEDD4L"
"STK32B","GBM",0.000940809578934064,"STK32B"
"ZIC3","PA",-0.000939882614792132,"ZIC3"
"FGF1","Normal",0.000939580681734541,"FGF1"
"MIR675","Normal",-0.000938917380127732,"MIR675"
"TCERG1L","Normal",0.000938579893365605,"TCERG1L"
"DIRAS2","GBM",0.000938029501803871,"DIRAS2"
"MOG","Normal",0.000937681054716528,"MOG"
"COL20A1","Normal",-0.000937597021398446,"COL20A1"
"RNF128","EPN",-0.000936892883851381,"RNF128"
"KIF14","EPN",-0.000936864259192136,"KIF14"
"CXorf57","PA",0.000936773567976558,"CXorf57"
"ZMYND10","PA",-0.000936668108944588,"ZMYND10"
"WDR72","MED",0.000935235017481348,"WDR72"
"NWD2","MED",0.000934883369423154,"NWD2"
"MYT1L","MED",0.000934664099101424,"MYT1L"
"EYA1","PA",-0.000934472543692311,"EYA1"
"ROR2","MED",0.000934393682732674,"ROR2"
"RCAN3","PA",-0.000934341544133405,"RCAN3"
"CAPSL","GBM",-0.000933703376671208,"CAPSL"
"CHODL","EPN",0.00093360917715633,"CHODL"
"SNCAIP","GBM",0.000933228810576979,"SNCAIP"
"C1orf194","MED",-0.000933107364299711,"C1orf194"
"HMGA2","MED",-0.000933068455173899,"HMGA2"
"TSPAN18","EPN",0.000932892853887752,"TSPAN18"
"HSPA6","Normal",-0.000932286955599635,"HSPA6"
"FGFR3","Normal",0.000932264238565168,"FGFR3"
"SPATA17","PA",-0.000931989004587702,"SPATA17"
"CYP39A1","PA",0.000931797687974523,"CYP39A1"
"DCDC5","PA",-0.000931009661097602,"DCDC5"
"TRPM3","EPN",-0.000930977461821665,"TRPM3"
"NXPH1","EPN",-0.000930916947301231,"NXPH1"
"LRRC7","GBM",-0.000929864150123896,"LRRC7"
"KCNJ10","PA",0.000929327888349554,"KCNJ10"
"GRIK2","MED",0.000929182385506651,"GRIK2"
"EGFR","MED",-0.000928911034507816,"EGFR"
"BRINP1","Normal",0.000928887847153084,"BRINP1"
"TF","GBM",0.000928556297805208,"TF"
"ELAVL2","EPN",-0.000928446842595831,"ELAVL2"
"CCL20","GBM",0.000927765992739787,"CCL20"
"SLPI","Normal",-0.000927110616006244,"SLPI"
"CHODL","Normal",-0.000926942973470694,"CHODL"
"ST18","PA",-0.000926902253917964,"ST18"
"SLC25A18","GBM",0.000926719344987316,"SLC25A18"
"WDR63","GBM",-0.000926639282245948,"WDR63"
"CCDC146","Normal",-0.000926442481336367,"CCDC146"
"FCGBP","Normal",-0.000925956682961162,"FCGBP"
"SEMA3E","MED",-0.000925480497939601,"SEMA3E"
"SCUBE2","PA",0.00092498629523407,"SCUBE2"
"RBM24","MED",0.000924819279157433,"RBM24"
"HEPH","Normal",0.000924101103966748,"HEPH"
"C4orf47","MED",-0.000923751560349843,"C4orf47"
"LEMD1","PA",-0.00092374758450964,"LEMD1"
"CKMT1A","GBM",-0.000923651028401995,"CKMT1A"
"BAIAP3","MED",-0.0009227988099069,"BAIAP3"
"POSTN","EPN",-0.000922603045584073,"POSTN"
"KLHL29","Normal",0.000922350876476598,"KLHL29"
"PCDH8","PA",-0.000921551580051496,"PCDH8"
"KIF15","EPN",-0.000921311342461403,"KIF15"
"LINC00673","EPN",-0.000921024658558899,"LINC00673"
"IGFBP7.AS1","PA",-0.000920917579151178,"IGFBP7-AS1"
"CLDN10","Normal",0.000920554443133959,"CLDN10"
"ST18","EPN",-0.000920401354718558,"ST18"
"CD163","PA",0.00091936693142906,"CD163"
"MAL","GBM",0.000919070206519886,"MAL"
"PRDM16","PA",-0.000919057573998344,"PRDM16"
"TTC9B","MED",-0.000918796707899123,"TTC9B"
"SHD","Normal",-0.00091710273897387,"SHD"
"GLI2","GBM",-0.000916212398431145,"GLI2"
"PLPPR4","GBM",-0.000915538227755328,"PLPPR4"
"LOC101930373","GBM",-0.000915173380287145,"LOC101930373"
"USP9Y","MED",0.000914531798557239,"USP9Y"
"TBR1","GBM",-0.000914204486492059,"TBR1"
"SYT4","EPN",-0.000913882982431856,"SYT4"
"BLACAT1","GBM",-0.00091382914813536,"BLACAT1"
"FSTL5","EPN",0.000913552496655743,"FSTL5"
"HOXA10","Normal",-0.000913417320917712,"HOXA10"
"SYNGR3","EPN",-0.000913161570788124,"SYNGR3"
"MIR548F5","GBM",-0.000912797141659905,"MIR548F5"
"PPP1R1B","Normal",0.000911613969044741,"PPP1R1B"
"NACC2","EPN",0.000911194735417469,"NACC2"
"IPCEF1","PA",-0.00091071979652362,"IPCEF1"
"SLC1A1","GBM",0.000910671735439992,"SLC1A1"
"TSTD1","PA",-0.000910584248828398,"TSTD1"
"DPP10","EPN",0.000910323015926419,"DPP10"
"CNTN3","Normal",0.000910107775673676,"CNTN3"
"IQCG","Normal",-0.000910062856585278,"IQCG"
"AK5","GBM",-0.000909496123405624,"AK5"
"C5orf49","GBM",-0.000908670399201586,"C5orf49"
"ZMYND10","GBM",-0.000908540974703562,"ZMYND10"
"PPL","PA",-0.000908166093310836,"PPL"
"MIR9.3HG","PA",0.000907730718303499,"MIR9-3HG"
"VAT1L","EPN",-0.00090673131906179,"VAT1L"
"CXCL12","PA",0.000906542596915404,"CXCL12"
"SELENBP1","MED",-0.000906537966782176,"SELENBP1"
"KLRC3","EPN",-0.000906343433623804,"KLRC3"
"XIST","Normal",-0.00090583941904762,"XIST"
"AQP4","EPN",0.000905147623411355,"AQP4"
"SSTR1","MED",-0.000904702419704061,"SSTR1"
"RSPH1","PA",-0.00090296910240996,"RSPH1"
"RIT2","Normal",0.000902586917783286,"RIT2"
"MFAP4","Normal",-0.000902388954664042,"MFAP4"
"VWA3B","GBM",-0.000902114412098045,"VWA3B"
"NNAT","GBM",-0.000900993315892634,"NNAT"
"ST6GALNAC5","GBM",-0.000900728955004838,"ST6GALNAC5"
"GDF10","PA",0.000900659611720435,"GDF10"
"ST6GALNAC2","GBM",-0.000900643767669246,"ST6GALNAC2"
"MYO5C","PA",-0.00090043059076226,"MYO5C"
"ANK3","GBM",-0.000900263198919555,"ANK3"
"IRX5","PA",-0.000900163908538872,"IRX5"
"RSPH9","PA",-0.0008997594855961,"RSPH9"
"ZBBX","PA",-0.000899644570909957,"ZBBX"
"AIM1","MED",-0.000899263519737305,"AIM1"
"OPCML","EPN",-0.000899125703267406,"OPCML"
"WDR38","GBM",-0.000898445967476835,"WDR38"
"ACTL6B","PA",-0.000898384912048325,"ACTL6B"
"UBE2C","EPN",-0.000898356430387251,"UBE2C"
"SHANK2","MED",0.000898324584907622,"SHANK2"
"C11orf70","Normal",-0.000898084459025123,"C11orf70"
"ASCL1","PA",0.000897902180178401,"ASCL1"
"SNHG17","GBM",0.000896888992844686,"SNHG17"
"LINC01116","MED",-0.000896621791302847,"LINC01116"
"CYP46A1","GBM",-0.000896564118785274,"CYP46A1"
"SLIT1","GBM",0.000896248849923896,"SLIT1"
"SIX6","Normal",-0.000895967050240588,"SIX6"
"ZNF804A","PA",-0.000895561956172568,"ZNF804A"
"ADAMTS3","MED",-0.00089537033905257,"ADAMTS3"
"SLC7A2","PA",-0.000894952016657085,"SLC7A2"
"PAK5","Normal",0.000894506039761165,"PAK5"
"RIT2","MED",-0.000894301189824286,"RIT2"
"MYT1L","Normal",0.000893150034913939,"MYT1L"
"SLC15A2","Normal",0.000893089822923231,"SLC15A2"
"TEX26","MED",-0.000892571304269599,"TEX26"
"SCN1A","PA",0.000891701493828162,"SCN1A"
"CASC1","PA",-0.00089126417337214,"CASC1"
"HEPN1","Normal",0.000890167939142588,"HEPN1"
"CHD5","GBM",-0.000890055254381152,"CHD5"
"ITGB4","EPN",0.000889762615988502,"ITGB4"
"HS6ST2","Normal",0.000889701727026039,"HS6ST2"
"PTPRR","MED",0.000889273387931727,"PTPRR"
"CSMD3","Normal",0.000889235882757388,"CSMD3"
"TDRD9","PA",-0.000889179833914901,"TDRD9"
"PPP1R1B","GBM",-0.00088896104170186,"PPP1R1B"
"SLC15A2","GBM",0.000888476826099161,"SLC15A2"
"PPP2R2C","MED",0.000888447665673821,"PPP2R2C"
"TMEM151B","MED",0.000887171236109458,"TMEM151B"
"NWD2","GBM",-0.000887147184548246,"NWD2"
"PACSIN1","EPN",-0.000886921693529793,"PACSIN1"
"SULT4A1","GBM",-0.00088688692154004,"SULT4A1"
"CHODL","PA",-0.00088637395156924,"CHODL"
"DCX","EPN",-0.000886170624375863,"DCX"
"KNL1","EPN",-0.000885878063506598,"KNL1"
"PAX3","EPN",0.000885818445583244,"PAX3"
"CADPS2","MED",0.000885171284110214,"CADPS2"
"F13A1","PA",0.000885038319179949,"F13A1"
"IL13RA2","PA",-0.000884808873007342,"IL13RA2"
"LRRC17","EPN",-0.000884787426011663,"LRRC17"
"DLGAP5","EPN",-0.000884475384836431,"DLGAP5"
"SLC8A3","GBM",-0.000884351550491135,"SLC8A3"
"LOC101927057","EPN",-0.000883592264121919,"LOC101927057"
"PPP1R1A","GBM",-0.000883473307780654,"PPP1R1A"
"UNC13C","MED",0.00088307888885972,"UNC13C"
"MYBPC1","PA",-0.000883031021000767,"MYBPC1"
"WDR72","GBM",-0.000882548740351183,"WDR72"
"LOC643923","PA",0.000881353969150983,"LOC643923"
"NPTX1","PA",-0.000880978340942277,"NPTX1"
"SERPINA5","PA",0.000880620065248135,"SERPINA5"
"STMN2","MED",0.000880456663404004,"STMN2"
"MIR9.3HG","Normal",0.000880245967160487,"MIR9-3HG"
"HOXB2","GBM",-0.000878557220830472,"HOXB2"
"B3GAT2","EPN",0.000878188337687725,"B3GAT2"
"CADPS2","PA",-0.000878035661985405,"CADPS2"
"RBFOX3","EPN",-0.000877780070552465,"RBFOX3"
"PRDM16","GBM",0.00087771821704003,"PRDM16"
"CPNE4","MED",0.000877569132749012,"CPNE4"
"SLC12A5","GBM",0.000877069766078465,"SLC12A5"
"LINC01105","PA",0.000876526231950361,"LINC01105"
"PLLP","EPN",-0.000876037007895057,"PLLP"
"HOXD4","GBM",0.000875225998576595,"HOXD4"
"TUBB4A","MED",-0.000874974908256084,"TUBB4A"
"GALNT3","Normal",-0.000874651857687913,"GALNT3"
"RAB33A","Normal",0.000874474245430507,"RAB33A"
"RBFOX3","PA",-0.000874021408789147,"RBFOX3"
"DYNLRB2","PA",-0.000873804615759418,"DYNLRB2"
"IGSF11","MED",-0.000872825358616781,"IGSF11"
"PCDH8","GBM",-0.000872631760000532,"PCDH8"
"ERBB4","Normal",0.000872556820965341,"ERBB4"
"FGF12","PA",0.000872406955570651,"FGF12"
"TNFAIP6","Normal",-0.000872061206296104,"TNFAIP6"
"TMEM232","MED",-0.000871279001695331,"TMEM232"
"CPXM1","EPN",-0.000870436895058988,"CPXM1"
"HERC6","PA",0.000869807654291337,"HERC6"
"HCN1","EPN",0.000869238865126127,"HCN1"
"LINC01279","EPN",0.000868465049401571,"LINC01279"
"CFAP43","PA",-0.000868221597267577,"CFAP43"
"SIX6","PA",0.000868199444231221,"SIX6"
"NHLH2","GBM",-0.000867879146702917,"NHLH2"
"CXCL2","Normal",-0.000867561906507788,"CXCL2"
"RSPO2","GBM",-0.000867489221158192,"RSPO2"
"SLC6A15","GBM",-0.000866830339732499,"SLC6A15"
"EGR4","GBM",-0.00086667446821107,"EGR4"
"CCL2","EPN",0.000866083662909161,"CCL2"
"RGS7","GBM",-0.000865789473704992,"RGS7"
"L1CAM","Normal",0.000865434116032412,"L1CAM"
"TRPM3","GBM",-0.000864477124885723,"TRPM3"
"MAK","MED",0.000864271003719507,"MAK"
"SCG5","GBM",0.000864145833050376,"SCG5"
"LPAR1","Normal",0.000864130329585819,"LPAR1"
"GPR17","Normal",-0.00086389711832197,"GPR17"
"HMP19","GBM",-0.000863552714726266,"HMP19"
"PCDHGA3","EPN",0.00086334773110238,"PCDHGA3"
"HS6ST3","PA",0.000863064349126959,"HS6ST3"
"GAD1","Normal",0.000862802677397286,"GAD1"
"C2orf80","PA",0.000862590719621925,"C2orf80"
"CDKN2B","MED",-0.000862584122237153,"CDKN2B"
"CRABP1","PA",-0.000862266426573648,"CRABP1"
"ZNF365","EPN",-0.00086209937227737,"ZNF365"
"TMEM257","PA",0.0008615086291559,"TMEM257"
"PRPH","GBM",-0.00086139873892639,"PRPH"
"LOC101927137","GBM",0.00086074857563871,"LOC101927137"
"C9orf135","PA",-0.000860462398021091,"C9orf135"
"PLP1","Normal",0.000859074562523069,"PLP1"
"C16orf89","EPN",0.000858038661960498,"C16orf89"
"BCAN","PA",0.000857816460448195,"BCAN"
"EEF1A2","GBM",-0.000857682176290204,"EEF1A2"
"HPR","PA",0.000857670974929829,"HPR"
"CCNA1","Normal",0.000857457100827112,"CCNA1"
"PLPPR4","EPN",-0.000856871680068266,"PLPPR4"
"FNDC1","MED",0.000856814377179623,"FNDC1"
"ELFN2","MED",-0.000856692634253905,"ELFN2"
"GRIA2","PA",0.000856690509022311,"GRIA2"
"CXCL6","GBM",-0.000856476517149177,"CXCL6"
"CA3","MED",-0.000856160280333321,"CA3"
"MDH1B","MED",-0.000855659618276812,"MDH1B"
"JPH3","PA",-0.000855619219347557,"JPH3"
"IGFBP7.AS1","MED",-0.000854735914436033,"IGFBP7-AS1"
"NEBL","PA",0.000854494832888751,"NEBL"
"PROM1","MED",-0.000854298416486126,"PROM1"
"PCSK1","PA",0.000854212996021709,"PCSK1"
"ANGPTL1","MED",-0.000854200953088103,"ANGPTL1"
"FAR2P3","EPN",0.00085409434316996,"FAR2P3"
"LOC101928916","Normal",-0.000853584904535561,"LOC101928916"
"GFRA1","Normal",-0.00085350429697874,"GFRA1"
"NEFM","PA",-0.000852510357972523,"NEFM"
"DPP10","Normal",0.000852392399962702,"DPP10"
"GRIA1","Normal",0.000851681965538691,"GRIA1"
"EMILIN2","Normal",-0.000851503032756712,"EMILIN2"
"EFHD1","EPN",0.000850692671200141,"EFHD1"
"LOC283454","Normal",-0.000850692060932425,"LOC283454"
"BMP5","EPN",0.00085054166821935,"BMP5"
"WIF1","MED",-0.000849071286552856,"WIF1"
"LRRTM2","Normal",0.000848568492790184,"LRRTM2"
"FGF1","PA",0.00084840408453659,"FGF1"
"EYA4","PA",-0.000848374666227805,"EYA4"
"SCN2A","MED",-0.000848026379880566,"SCN2A"
"CHST9","MED",-0.000847385602977896,"CHST9"
"LAMA1","Normal",-0.00084611377103166,"LAMA1"
"GABRB1","GBM",-0.00084601882269549,"GABRB1"
"MET","PA",0.000845586213360822,"MET"
"LPAR1","GBM",0.000845361511741518,"LPAR1"
"SORCS1","Normal",0.000845199845851922,"SORCS1"
"FCGR3B","GBM",0.000844468933621824,"FCGR3B"
"IGSF1","GBM",-0.000844144147390322,"IGSF1"
"PVALB","PA",-0.000843977930929519,"PVALB"
"PRPH","EPN",0.000843398965557998,"PRPH"
"SSTR2","PA",-0.000841773102460004,"SSTR2"
"BLACAT1","PA",-0.000841519060525532,"BLACAT1"
"CALN1","PA",-0.000841046765924307,"CALN1"
"SCN1A","Normal",0.000840834021783663,"SCN1A"
"CD163","MED",-0.000840598350643492,"CD163"
"SOX2.OT","PA",0.00084029370474292,"SOX2-OT"
"IPCEF1","EPN",-0.000839878416918841,"IPCEF1"
"PCP4L1","PA",-0.000839018653664199,"PCP4L1"
"GBP3","EPN",0.000838455470049592,"GBP3"
"SEL1L2","Normal",0.000837241346477648,"SEL1L2"
"NDP","MED",-0.000837105613980798,"NDP"
"MIAT","PA",-0.000837008834879826,"MIAT"
"RIMS2","MED",0.000836150889578086,"RIMS2"
"ZNF536","Normal",0.000836105540343687,"ZNF536"
"TRPM8","MED",-0.00083554912265004,"TRPM8"
"LOC441179","PA",-0.000835289505833369,"LOC441179"
"LOC101926951","GBM",-0.000834564192135096,"LOC101926951"
"RALYL","GBM",-0.000834468480202659,"RALYL"
"ASS1","MED",0.000834164566334246,"ASS1"
"PDGFD","PA",0.000834161787003936,"PDGFD"
"FAM19A1","MED",-0.000833780282997482,"FAM19A1"
"SHOX2","PA",-0.000833779556982072,"SHOX2"
"ST6GALNAC2","MED",-0.000833207371331941,"ST6GALNAC2"
"RBM24","GBM",-0.000833092430257057,"RBM24"
"PDLIM3","GBM",0.000831742509370205,"PDLIM3"
"SORCS1","EPN",-0.000831431222629975,"SORCS1"
"IER3","GBM",-0.000831260370143569,"IER3"
"CFAP70","MED",-0.0008311053697737,"CFAP70"
"HOXC6","Normal",-0.000830427910706539,"HOXC6"
"OLIG1","PA",0.000830192832797496,"OLIG1"
"IGF2BP2","GBM",0.000830054454009982,"IGF2BP2"
"ETNPPL","GBM",0.000829943342090308,"ETNPPL"
"FBLN5","Normal",-0.000829878698623864,"FBLN5"
"SRCIN1","GBM",-0.000829735589104466,"SRCIN1"
"CNPY1","PA",-0.000829619855249395,"CNPY1"
"CADPS","PA",0.000829436399651067,"CADPS"
"TP53TG3B","Normal",-0.000829274670089645,"TP53TG3B"
"KCNQ2","Normal",0.000829135170671841,"KCNQ2"
"HMGA2","EPN",-0.000828997205886289,"HMGA2"
"SLPI","PA",-0.000828404251244029,"SLPI"
"PCDH11Y","GBM",0.000827460849440634,"PCDH11Y"
"MDH1B","PA",-0.00082687938590211,"MDH1B"
"LRRC7","EPN",-0.00082683983019317,"LRRC7"
"CHGB","Normal",0.000825946285921441,"CHGB"
"SLITRK3","GBM",0.000825584530662818,"SLITRK3"
"CMTM5","EPN",-0.000824806370088556,"CMTM5"
"PSMB9","EPN",0.000824531626961838,"PSMB9"
"UNC5A","Normal",0.000824070461192078,"UNC5A"
"MYT1L","PA",-0.000823964185577995,"MYT1L"
"KCNA5","EPN",0.000823732121200033,"KCNA5"
"CSMD1","PA",0.000823499953866014,"CSMD1"
"ALDH1L1","GBM",-0.000822572815080561,"ALDH1L1"
"HEPH","EPN",0.000822475312411717,"HEPH"
"SFRP2","PA",0.000821312505878516,"SFRP2"
"GPX3","GBM",-0.00082067094787462,"GPX3"
"ROR2","PA",-0.00082057988106694,"ROR2"
"OPCML","GBM",-0.000820018363841167,"OPCML"
"FAXC","MED",0.000819543754940612,"FAXC"
"ARX","PA",-0.000819127615149169,"ARX"
"TENM2","EPN",0.000818283519324127,"TENM2"
"B3GAT1","PA",0.000818073507969249,"B3GAT1"
"COL9A3","EPN",0.000817362602321017,"COL9A3"
"LOC101928916","MED",-0.000816744075397856,"LOC101928916"
"CDK6","GBM",-0.000816575789667124,"CDK6"
"SAPCD2","Normal",-0.000816072037877018,"SAPCD2"
"LINC00839","Normal",-0.000816062401743388,"LINC00839"
"CPAMD8","Normal",0.000815933042077506,"CPAMD8"
"TMEM45A","PA",0.000815579632697993,"TMEM45A"
"NTS","EPN",0.000815385111822913,"NTS"
"ADGRB3","Normal",0.000814391864611088,"ADGRB3"
"FGFR2","EPN",0.000813421025604138,"FGFR2"
"CD109","PA",0.00081262474536846,"CD109"
"DNAH12","GBM",-0.000811280279138485,"DNAH12"
"CAPS","PA",-0.000810662243259224,"CAPS"
"PLA2G2A","GBM",-0.000809972553824338,"PLA2G2A"
"PLPPR1","MED",0.000809851007320617,"PLPPR1"
"ASCL1","EPN",0.000809072989608043,"ASCL1"
"LHX2","GBM",0.000808419437133363,"LHX2"
"HOOK1","MED",0.000808179904868083,"HOOK1"
"PLAT","Normal",-0.000807603986894425,"PLAT"
"PRAME","GBM",0.00080755510272644,"PRAME"
"LINC00673","Normal",-0.000807494644352649,"LINC00673"
"EMILIN2","EPN",-0.000806995992230251,"EMILIN2"
"COL6A2","GBM",-0.000806910491273469,"COL6A2"
"CPNE6","EPN",0.000806653052586175,"CPNE6"
"CPLX2","MED",0.00080608089088924,"CPLX2"
"LOC283454","GBM",0.000805876262414808,"LOC283454"
"MT1M","EPN",-0.000805796728008231,"MT1M"
"PMP2","EPN",-0.000805350206433588,"PMP2"
"ELN","Normal",-0.000805330734276698,"ELN"
"DNM3","EPN",-0.000805282954395944,"DNM3"
"PNMA3","EPN",0.000805074243351798,"PNMA3"
"NHLH2","EPN",-0.000804917984856095,"NHLH2"
"FAM110C","MED",-0.000804307695151284,"FAM110C"
"CFAP43","GBM",-0.000804293887592203,"CFAP43"
"COL8A1","Normal",-0.000804280346674991,"COL8A1"
"SLC17A7","PA",-0.000804277520017521,"SLC17A7"
"HEPN1","GBM",0.000804265029787139,"HEPN1"
"TMEFF2","PA",0.000803843861335965,"TMEFF2"
"AIFM3","GBM",-0.000803794939624453,"AIFM3"
"COL4A6","Normal",-0.000803560006328864,"COL4A6"
"C5orf49","MED",-0.000803284482530396,"C5orf49"
"APLNR","GBM",-0.000802966953889259,"APLNR"
"SYN2","PA",-0.00080184636967872,"SYN2"
"KCNJ10","GBM",0.000801322978895657,"KCNJ10"
"MMP9","MED",-0.000801249601785224,"MMP9"
"CA4","EPN",0.000801140011397454,"CA4"
"FCGR1B","Normal",-0.000800845957331462,"FCGR1B"
"OXTR","Normal",0.000799070017941431,"OXTR"
"FAM216B","GBM",-0.000798922669584702,"FAM216B"
"TTYH1","GBM",0.00079856181324005,"TTYH1"
"TTYH1","Normal",0.000797904372899118,"TTYH1"
"CYP46A1","PA",0.00079721759358472,"CYP46A1"
"SLC8A2","PA",-0.00079665818312381,"SLC8A2"
"TMEM132D","Normal",0.000796591143671443,"TMEM132D"
"SSTR1","PA",0.000796150325924156,"SSTR1"
"PDLIM3","MED",-0.000795764403485303,"PDLIM3"
"KCNE5","MED",-0.000795726627576404,"KCNE5"
"ZIC2","PA",-0.000795065141940517,"ZIC2"
"EHF","GBM",-0.000794800083181907,"EHF"
"PRIMA1","EPN",0.00079450895858491,"PRIMA1"
"PLD5","EPN",-0.000794192851201202,"PLD5"
"LPAR1","PA",0.000793880681934299,"LPAR1"
"RUNDC3A","EPN",-0.000793713481100195,"RUNDC3A"
"EYA4","MED",-0.000792989957850335,"EYA4"
"EMILIN2","GBM",0.000792669319875093,"EMILIN2"
"SPATA18","PA",0.000792612716675531,"SPATA18"
"ELAVL3","Normal",0.000792205561775775,"ELAVL3"
"PLPP4","MED",-0.000792128460521212,"PLPP4"
"LRRC4C","Normal",0.000791691167452915,"LRRC4C"
"TEX9","PA",-0.000791324692353413,"TEX9"
"RPH3A","PA",-0.000791048765252852,"RPH3A"
"HOXA3","MED",0.000790894368556473,"HOXA3"
"CCDC96","PA",-0.000790751975991419,"CCDC96"
"NKX2.2","PA",0.000790570057286756,"NKX2-2"
"INS.IGF2","PA",0.000790551797326096,"INS-IGF2"
"GPR88","MED",0.000789841786034639,"GPR88"
"STMN2","PA",-0.00078932218558794,"STMN2"
"FZD7","EPN",0.000786879363144104,"FZD7"
"SEMA3E","GBM",-0.000785938921296814,"SEMA3E"
"SYT1","GBM",0.000785735007983269,"SYT1"
"SELENBP1","Normal",0.000785060516835336,"SELENBP1"
"CCL2","GBM",-0.000784725956197031,"CCL2"
"RFPL1S","EPN",-0.000784700784160385,"RFPL1S"
"NEK11","PA",-0.000784664072714774,"NEK11"
"DSP","Normal",-0.000784500094237277,"DSP"
"KCNJ9","PA",0.000783984777242755,"KCNJ9"
"ME1","Normal",0.000782519834802408,"ME1"
"TMSB15B","GBM",0.000782442408269789,"TMSB15B"
"SLC39A12","GBM",0.000782048010886528,"SLC39A12"
"B3GAT2","Normal",0.000781774593068519,"B3GAT2"
"SLC8A3","Normal",0.000781662096194501,"SLC8A3"
"NOS1","EPN",-0.000781001903729356,"NOS1"
"RPS4Y1","Normal",0.000780566274958053,"RPS4Y1"
"COBL","Normal",0.000780488936123527,"COBL"
"RBFOX1","EPN",-0.000780176555838825,"RBFOX1"
"SFRP2","Normal",-0.00077954316229534,"SFRP2"
"ELAVL2","Normal",0.000779488545768999,"ELAVL2"
"DAO","PA",-0.000779281409768076,"DAO"
"TF","MED",-0.000779078170091648,"TF"
"PCDH10","PA",-0.000778002866315304,"PCDH10"
"RSPO3","GBM",-0.000777409000357307,"RSPO3"
"PDLIM3","EPN",0.000776698554930254,"PDLIM3"
"TTYH1","PA",0.000776334597759551,"TTYH1"
"C4orf47","Normal",-0.000776136094970844,"C4orf47"
"STMN4","GBM",0.000773378250655167,"STMN4"
"PLPPR5","PA",0.000772947835776465,"PLPPR5"
"PCDHB5","MED",0.000772908895964977,"PCDHB5"
"SERPINA3","GBM",0.000772838571451175,"SERPINA3"
"SERPINA5","Normal",-0.000772510712432299,"SERPINA5"
"SV2C","EPN",0.000771755724092855,"SV2C"
"CXCL5","PA",-0.000771330137688205,"CXCL5"
"SULF1","MED",-0.000771309900410024,"SULF1"
"CCDC40","MED",0.000770647986462632,"CCDC40"
"MYO5C","MED",-0.000770285663098353,"MYO5C"
"GABRB2","PA",-0.000769776552277531,"GABRB2"
"LMO3","Normal",0.000769175027573243,"LMO3"
"FAR2P3","Normal",0.000768912940647278,"FAR2P3"
"KIF2C","EPN",-0.000768324000046816,"KIF2C"
"RSPO3","PA",-0.000768254577641241,"RSPO3"
"CNTNAP5","EPN",-0.000768040064414406,"CNTNAP5"
"SERPINF1","MED",0.000767392807578189,"SERPINF1"
"PRPH","MED",0.000767294659548254,"PRPH"
"TNFRSF19","GBM",0.000766681063391753,"TNFRSF19"
"DKK2","EPN",0.000766423407975309,"DKK2"
"ANXA1","PA",0.00076639702190576,"ANXA1"
"WDR72","PA",-0.000765566704443811,"WDR72"
"PYGM","GBM",-0.000765299633451891,"PYGM"
"PLPP4","GBM",-0.000765133276902603,"PLPP4"
"NHLH1","PA",-0.000765106355445761,"NHLH1"
"MFAP4","MED",0.000764939066401965,"MFAP4"
"PDE1C","MED",0.000763550518963298,"PDE1C"
"EFNA5","PA",-0.0007634301151605,"EFNA5"
"HOXB2","PA",0.000763073445642605,"HOXB2"
"CRYM","GBM",-0.000762948302651501,"CRYM"
"KCNJ4","EPN",0.000762482399234554,"KCNJ4"
"NMU","GBM",0.000762141994597584,"NMU"
"CCK","MED",-0.000761182547936209,"CCK"
"TSTD1","GBM",0.000761178289193965,"TSTD1"
"EEF1A2","MED",-0.000760945344363943,"EEF1A2"
"PRAME","Normal",-0.000760900873366152,"PRAME"
"PPP4R4","EPN",0.000760809557467562,"PPP4R4"
"STXBP6","EPN",-0.000760675861900334,"STXBP6"
"NRN1","Normal",0.000760241339734752,"NRN1"
"SNCB","PA",-0.000760081931063753,"SNCB"
"LMO3","EPN",0.000759464757156552,"LMO3"
"C7orf57","MED",-0.000759441940496743,"C7orf57"
"ZIC2","MED",0.000759348641456206,"ZIC2"
"MT1M","PA",0.00075904512435075,"MT1M"
"PCDH8","Normal",0.000758995733378034,"PCDH8"
"MAB21L2","PA",-0.000758948860051693,"MAB21L2"
"SCG5","Normal",0.000758002120594192,"SCG5"
"EPHA5","MED",-0.00075761049469498,"EPHA5"
"CXCL12","EPN",-0.000757410735118873,"CXCL12"
"GABRA5","PA",-0.000757384458391371,"GABRA5"
"TMEFF2","Normal",0.000757264893827491,"TMEFF2"
"GRIK2","Normal",0.000756102999379562,"GRIK2"
"ALOX5AP","Normal",-0.000755999528045908,"ALOX5AP"
"LOC100509457","MED",-0.000755448663217336,"LOC100509457"
"BMPR1B","GBM",0.000755242109914177,"BMPR1B"
"LRRC7","PA",-0.000754332114406507,"LRRC7"
"ADGRB3","PA",0.000753387034325298,"ADGRB3"
"TCTEX1D1","MED",-0.000753076630270552,"TCTEX1D1"
"MAP3K19","GBM",-0.00075261364390968,"MAP3K19"
"RYR3","EPN",0.000752314364238201,"RYR3"
"RIT2","PA",0.000751794993083706,"RIT2"
"PLEKHB1","Normal",0.000750841039677342,"PLEKHB1"
"SAPCD2","GBM",-0.000750663304726321,"SAPCD2"
"COL2A1","Normal",-0.000750465906227268,"COL2A1"
"HOXA10.HOXA9","Normal",-0.000750260561397642,"HOXA10-HOXA9"
"HOGA1","MED",-0.000749664786694577,"HOGA1"
"LHX2","MED",0.000749379558434823,"LHX2"
"ELAVL3","EPN",-0.00074909095349617,"ELAVL3"
"MYT1","GBM",-0.000748788403487381,"MYT1"
"NEUROD2","PA",-0.000748256532073108,"NEUROD2"
"EBF1","PA",0.000748045875128585,"EBF1"
"SLC27A6","Normal",-0.000748023755961106,"SLC27A6"
"NEUROD2","Normal",0.000747186023761728,"NEUROD2"
"CHST9","Normal",-0.000746985557723527,"CHST9"
"ELAVL4","Normal",0.000746806046256549,"ELAVL4"
"FABP6","EPN",-0.000746693402324323,"FABP6"
"RYR3","Normal",0.000746273626541024,"RYR3"
"CALY","EPN",0.0007461947331665,"CALY"
"BARHL1","EPN",-0.00074605393366398,"BARHL1"
"SLITRK1","EPN",-0.000745921718504133,"SLITRK1"
"KCND2","EPN",-0.000745387489801043,"KCND2"
"CFAP206","PA",-0.000745057260151246,"CFAP206"
"GRM5","MED",-0.000744158373257341,"GRM5"
"GDA","EPN",0.000743782344329175,"GDA"
"CALB1","MED",-0.000743386385821708,"CALB1"
"PARM1","Normal",0.000743058445334589,"PARM1"
"LINC01279","Normal",-0.000742920662703193,"LINC01279"
"SOX8","EPN",-0.000742465989733323,"SOX8"
"SPOCK1","Normal",0.000742388284888829,"SPOCK1"
"SYT1","EPN",-0.000742274796585377,"SYT1"
"WDR78","Normal",-0.000741906064758814,"WDR78"
"GABBR2","GBM",-0.000741726339800602,"GABBR2"
"CYP1B1","GBM",-0.000741626245650336,"CYP1B1"
"OPCML","Normal",0.000741559409420563,"OPCML"
"DPP10","GBM",-0.000741463702888281,"DPP10"
"CHI3L2","Normal",-0.000741081625600383,"CHI3L2"
"DCC","GBM",-0.000740914795593102,"DCC"
"TNFRSF19","MED",-0.000740902244674083,"TNFRSF19"
"GDA","MED",-0.000740661197368938,"GDA"
"MDH1B","GBM",-0.000740654633417746,"MDH1B"
"SPOCD1","EPN",-0.000740584196510831,"SPOCD1"
"NACC2","GBM",0.00074012853854451,"NACC2"
"COL20A1","GBM",-0.000739787396311292,"COL20A1"
"ELFN2","EPN",0.000739565473698566,"ELFN2"
"PHYHIP","PA",0.00073921536439553,"PHYHIP"
"ZBBX","MED",-0.000738857733665192,"ZBBX"
"STXBP6","PA",0.000738779802051248,"STXBP6"
"TFCP2L1","EPN",0.000738573562935312,"TFCP2L1"
"HOXA7","Normal",-0.000738414198620961,"HOXA7"
"SPHKAP","GBM",0.000738277230127889,"SPHKAP"
"ADIRF","Normal",0.000737695433880633,"ADIRF"
"AKR1C1","Normal",0.000737574265692438,"AKR1C1"
"SIX6","MED",0.000737443173648568,"SIX6"
"SCN7A","EPN",-0.000737025287516979,"SCN7A"
"SH3GL2","GBM",-0.000736988055788896,"SH3GL2"
"TMEM200A","PA",-0.000735919708547032,"TMEM200A"
"DCDC2","MED",-0.000735793402024216,"DCDC2"
"GABRB3","Normal",0.000734831448303761,"GABRB3"
"NUP62CL","PA",-0.000734811097808374,"NUP62CL"
"EFHD1","PA",-0.000734585368328647,"EFHD1"
"SCN3A","MED",-0.000733792997831058,"SCN3A"
"EMX2","PA",-0.000732897054726354,"EMX2"
"DTL","EPN",-0.000731698880832018,"DTL"
"GMPR","GBM",-0.000731287192418499,"GMPR"
"IRX1","PA",0.000731199434588183,"IRX1"
"PLA2G2A","Normal",-0.000731115145146356,"PLA2G2A"
"PVALB","GBM",-0.000730977620775381,"PVALB"
"PRDM6","MED",0.000729658226714199,"PRDM6"
"CHRM3","EPN",-0.000729400821449442,"CHRM3"
"C8orf34","GBM",-0.000729336630443606,"C8orf34"
"AHNAK2","PA",0.000729006949946203,"AHNAK2"
"SUSD5","Normal",-0.000728914625488907,"SUSD5"
"EFNA2","EPN",0.000727877178397069,"EFNA2"
"RALYL","EPN",-0.00072775637379944,"RALYL"
"SLC17A7","MED",0.000727602633710127,"SLC17A7"
"DLK1","EPN",0.000727572483714985,"DLK1"
"UNC5D","PA",-0.000727413026691529,"UNC5D"
"SERPINE1","PA",0.000727181682794948,"SERPINE1"
"HPCAL4","GBM",0.000726753307021922,"HPCAL4"
"MAB21L2","GBM",-0.000726404789966406,"MAB21L2"
"CHD5","MED",-0.000726366407423668,"CHD5"
"CPLX1","MED",0.000725716714442336,"CPLX1"
"NEUROG1","Normal",-0.000725130572155716,"NEUROG1"
"MYT1","Normal",-0.000724906905532929,"MYT1"
"GABRG1","GBM",-0.000724668013062105,"GABRG1"
"IPCEF1","MED",-0.000724519929678748,"IPCEF1"
"PCP4","PA",-0.000724029159651577,"PCP4"
"PCLO","MED",0.000724013675156716,"PCLO"
"ADCY2","EPN",0.000723582233974812,"ADCY2"
"KCNE5","PA",0.000723553079738505,"KCNE5"
"PCDH10","Normal",0.000723418678957425,"PCDH10"
"DAB1","EPN",-0.000723352099379232,"DAB1"
"IFI44L","Normal",-0.000722702481088284,"IFI44L"
"ARX","Normal",0.000722266132500169,"ARX"
"PPP2R2C","EPN",0.000722213100745257,"PPP2R2C"
"PDGFRA","Normal",-0.000721872387201904,"PDGFRA"
"UNC5D","Normal",0.000721577104386513,"UNC5D"
"KLRC3","Normal",-0.000721498762280361,"KLRC3"
"LOC441179","Normal",-0.000721476991287438,"LOC441179"
"LIX1","Normal",0.000720198249941138,"LIX1"
"DCC","Normal",-0.000719463041652134,"DCC"
"STMN2","Normal",0.000719360994667484,"STMN2"
"VCAM1","MED",-0.000719139162886366,"VCAM1"
"DRC1","MED",-0.00071909423070995,"DRC1"
"CPNE6","GBM",-0.000719023865807537,"CPNE6"
"C11orf87","MED",0.000718443843970174,"C11orf87"
"FABP6","GBM",0.000718218939115545,"FABP6"
"COL6A3","PA",0.000718205494574689,"COL6A3"
"ENPP5","PA",0.000717567097981327,"ENPP5"
"RYR3","PA",-0.000717162983655144,"RYR3"
"COPG2IT1","GBM",-0.000716925535035569,"COPG2IT1"
"PNMA3","GBM",-0.000716825763401447,"PNMA3"
"RFPL1S","PA",-0.000716772607948796,"RFPL1S"
"EXPH5","Normal",0.000716707451273261,"EXPH5"
"IGF2BP3","PA",-0.000716585921079513,"IGF2BP3"
"SLC24A2","Normal",0.000716307767598897,"SLC24A2"
"SLC15A2","EPN",0.000716124839554915,"SLC15A2"
"TP53TG3B","PA",-0.000716019452062605,"TP53TG3B"
"LAMP5","MED",-0.000715929898822009,"LAMP5"
"PRKCB","PA",0.000715741553380635,"PRKCB"
"TEKT4P2","MED",0.000714992426572478,"TEKT4P2"
"DSG2","PA",-0.000714406687872646,"DSG2"
"PCDH17","PA",0.000713495417232711,"PCDH17"
"IRX5","GBM",-0.000713253551697644,"IRX5"
"NELL2","PA",0.000712936615887577,"NELL2"
"OLFM3","GBM",-0.000712047621519564,"OLFM3"
"CHGB","GBM",-0.000711892339235042,"CHGB"
"CCK","EPN",-0.000711324662791656,"CCK"
"IBSP","Normal",-0.000710718542398646,"IBSP"
"MIR8071.2","Normal",-0.000710118672198089,"MIR8071-2"
"C3","GBM",0.000709442261544916,"C3"
"CA3","PA",-0.000709225660291513,"CA3"
"TSTD1","EPN",0.000709091062662248,"TSTD1"
"GMPR","PA",-0.00070887518579181,"GMPR"
"DNM1","PA",0.000708683596662047,"DNM1"
"FUT9","GBM",-0.000708157110522197,"FUT9"
"CFAP52","MED",-0.000708033792975146,"CFAP52"
"DCC","PA",0.000706535310763414,"DCC"
"CXCL14","Normal",0.000706509438977419,"CXCL14"
"PLA2G2A","MED",-0.000705795476667657,"PLA2G2A"
"COL6A3","EPN",-0.000705520330170256,"COL6A3"
"EFEMP1","EPN",-0.000705457413120802,"EFEMP1"
"C8orf46","Normal",0.000705254694652343,"C8orf46"
"PCDH7","EPN",-0.000705160355869353,"PCDH7"
"DOK6","PA",-0.000704439617468318,"DOK6"
"RBFOX1","PA",-0.000704145321572611,"RBFOX1"
"GLIS3","GBM",0.000704126454663578,"GLIS3"
"PLP1","PA",0.000703628586816751,"PLP1"
"TSTD1","Normal",0.000703473154912303,"TSTD1"
"DCDC5","Normal",-0.000702683877281387,"DCDC5"
"COL11A1","Normal",-0.000701941704036232,"COL11A1"
"PAK5","EPN",-0.000701047398736949,"PAK5"
"HOXA10","PA",-0.000700544846262201,"HOXA10"
"C9orf135","MED",-0.000699932028193854,"C9orf135"
"BEX5","PA",0.000699898440703938,"BEX5"
"TP53TG3B","GBM",-0.000699560330254386,"TP53TG3B"
"NEUROD1","EPN",-0.000698631477013515,"NEUROD1"
"SRPX","MED",-0.00069813431897603,"SRPX"
"LNX1","Normal",0.000698065204661713,"LNX1"
"FAM189A2","PA",-0.000697519345807471,"FAM189A2"
"TFCP2L1","PA",-0.000696270603571426,"TFCP2L1"
"MOXD1","PA",0.000696005046271072,"MOXD1"
"APLNR","MED",-0.000695484318638696,"APLNR"
"FSTL5","MED",0.00069529508360172,"FSTL5"
"TMEFF2","EPN",-0.000695089562850205,"TMEFF2"
"FAM81B","GBM",-0.000694979839914379,"FAM81B"
"C2orf88","GBM",0.000694364579656256,"C2orf88"
"FAM19A1","PA",-0.000694334764850698,"FAM19A1"
"CALB1","PA",-0.000693919607164492,"CALB1"
"ZNF474","MED",-0.000693475645082965,"ZNF474"
"VCAM1","PA",-0.000692117640120952,"VCAM1"
"ROBO2","MED",0.000692013770764141,"ROBO2"
"C9orf135","EPN",0.000691613698996765,"C9orf135"
"UNC5A","MED",0.00069130807049318,"UNC5A"
"SPAG1","PA",-0.000691198900812084,"SPAG1"
"C1orf158","GBM",-0.000690914364406195,"C1orf158"
"SPAG17","MED",-0.000690643591796485,"SPAG17"
"HS3ST3B1","EPN",-0.000689910434414091,"HS3ST3B1"
"ROR1","Normal",-0.000689858586984204,"ROR1"
"MEGF10","PA",0.000689823340795858,"MEGF10"
"PPP4R4","GBM",-0.000689738489293424,"PPP4R4"
"SLC14A1","MED",-0.000688747377511605,"SLC14A1"
"SNCAIP","MED",0.000688395046422339,"SNCAIP"
"ANGPT1","MED",-0.000687620925945453,"ANGPT1"
"ADAMTSL4","PA",0.000687469930235893,"ADAMTSL4"
"MAK","PA",-0.000687382321292235,"MAK"
"CENPU","EPN",-0.000687259977732613,"CENPU"
"TTC9B","PA",0.000686784412170735,"TTC9B"
"EGR4","PA",-0.000686697668974266,"EGR4"
"DACH1","PA",-0.000686562853323705,"DACH1"
"LOC645321","PA",-0.00068640943194126,"LOC645321"
"ELAVL4","PA",-0.000686174078479106,"ELAVL4"
"JPH3","MED",0.000685316393000555,"JPH3"
"PPP2R2C","GBM",-0.000685307897925847,"PPP2R2C"
"ZFHX4","EPN",-0.000684669512876925,"ZFHX4"
"IGLC1","PA",0.000684409894071282,"IGLC1"
"TBR1","EPN",-0.00068415101319525,"TBR1"
"GRIA3","EPN",-0.000684055377043607,"GRIA3"
"TEX9","MED",0.000683857946945924,"TEX9"
"LRRK2","EPN",-0.00068337102766975,"LRRK2"
"IGLON5","Normal",0.000682742504847309,"IGLON5"
"NEUROD1","GBM",-0.000682492925069668,"NEUROD1"
"TENM3","EPN",0.000682308284952003,"TENM3"
"HSPA2","Normal",0.000682119878095966,"HSPA2"
"SALL1","PA",0.000681320731956908,"SALL1"
"DCX","Normal",-0.000681301411913445,"DCX"
"SLC27A6","MED",-0.000679736825111241,"SLC27A6"
"CXCL3","MED",-0.000679085855481905,"CXCL3"
"MIR675","MED",-0.000678685511013276,"MIR675"
"HHATL","GBM",0.000678603231074369,"HHATL"
"PCOLCE2","MED",-0.000678399352656875,"PCOLCE2"
"TMEM35A","Normal",0.000677426183193146,"TMEM35A"
"CCDC170","MED",-0.000677397894458519,"CCDC170"
"PARM1","EPN",0.000676454626610285,"PARM1"
"SLN","PA",-0.000676115192696031,"SLN"
"MECOM","MED",-0.000675677800152064,"MECOM"
"RIBC1","PA",-0.000675594461451006,"RIBC1"
"CCNB2","EPN",-0.00067532355973246,"CCNB2"
"PDE1A","MED",-0.000674307692494452,"PDE1A"
"PPP1R1B","PA",-0.000673280413329453,"PPP1R1B"
"PLN","GBM",-0.000673150121911527,"PLN"
"COL4A5","MED",-0.000672966544410134,"COL4A5"
"NHLH1","EPN",-0.000672075720031567,"NHLH1"
"HMP19","PA",0.000671841702883225,"HMP19"
"ATCAY","Normal",0.000671726736163351,"ATCAY"
"CFB","MED",-0.000671407562324387,"CFB"
"LPAR3","PA",-0.000671317163316216,"LPAR3"
"NRXN3","EPN",-0.000671313008179633,"NRXN3"
"LOC100509445","MED",0.000670166166328687,"LOC100509445"
"KCNC1","MED",0.0006701170422275,"KCNC1"
"KCND2","GBM",0.000670069635245105,"KCND2"
"RFX4","GBM",0.000669560212360652,"RFX4"
"EYA4","GBM",0.00066938925445844,"EYA4"
"KCNK3","EPN",0.000669349726827531,"KCNK3"
"DKK2","MED",0.00066909832667778,"DKK2"
"SALL3","EPN",-0.000669050156456994,"SALL3"
"BUB1B","EPN",-0.000668872853270837,"BUB1B"
"LRRC34","GBM",0.000668808974010219,"LRRC34"
"TMSB15B","EPN",-0.000668734214851717,"TMSB15B"
"CAPS","MED",-0.000667785264885346,"CAPS"
"C5orf49","PA",-0.000667740102073572,"C5orf49"
"COL2A1","GBM",-0.000667493633527402,"COL2A1"
"SFRP4","EPN",-0.000667301751276511,"SFRP4"
"FLJ37786","PA",-0.00066707555415468,"FLJ37786"
"EPHA3","MED",0.000666941803657346,"EPHA3"
"RASGEF1A","PA",0.000666291634495308,"RASGEF1A"
"TENM2","MED",-0.000666279334318264,"TENM2"
"FGF14","Normal",0.000665654918164054,"FGF14"
"CD109","EPN",0.000665251911309384,"CD109"
"ADGRG2","PA",-0.000665202725393429,"ADGRG2"
"CCDC146","GBM",-0.000664883079709193,"CCDC146"
"KCNK3","MED",0.000664654115788567,"KCNK3"
"HMP19","Normal",0.000664609807091218,"HMP19"
"TMEM35A","PA",0.000664521310981676,"TMEM35A"
"LRRC2","EPN",0.000664395996653653,"LRRC2"
"CHN2","EPN",-0.000664130624239789,"CHN2"
"SCN3B","MED",0.000663201846840871,"SCN3B"
"ZNF365","GBM",0.000662937511113008,"ZNF365"
"FAM198A","EPN",-0.000662787000667867,"FAM198A"
"ST8SIA2","EPN",0.000662701586638579,"ST8SIA2"
"RMST","Normal",-0.000661759464736963,"RMST"
"TNFRSF19","PA",0.000661378937777558,"TNFRSF19"
"RARRES1","EPN",0.000661104541324,"RARRES1"
"TMEM100","Normal",-0.000660750572279311,"TMEM100"
"NELL2","Normal",0.000660722140162658,"NELL2"
"DNAAF3","MED",-0.000660589541365924,"DNAAF3"
"CHGA","GBM",-0.000660321784926175,"CHGA"
"ELAVL4","GBM",0.000659665053514791,"ELAVL4"
"ALDH1A1","MED",-0.000659461501105628,"ALDH1A1"
"RELN","EPN",0.000658875328714178,"RELN"
"COL9A3","GBM",0.000658844673140508,"COL9A3"
"ALDH1A3","Normal",-0.000658828004685741,"ALDH1A3"
"CASC1","GBM",-0.000658136905793248,"CASC1"
"GABRG1","MED",-0.000658109595866504,"GABRG1"
"MSX1","PA",-0.000657852656104432,"MSX1"
"RAB3C","MED",0.000657848171827825,"RAB3C"
"ADAMTS3","Normal",-0.000657683101796076,"ADAMTS3"
"NTS","PA",-0.000657563624651414,"NTS"
"LINC01116","PA",-0.000656022113372936,"LINC01116"
"ZMYND12","PA",-0.000655540896008089,"ZMYND12"
"MSX1","GBM",-0.00065539175923725,"MSX1"
"IBSP","MED",-0.000654851863608844,"IBSP"
"KCNJ10","EPN",0.000654613624611198,"KCNJ10"
"CALN1","GBM",0.000654441933767879,"CALN1"
"MYRF","PA",0.000653614766212604,"MYRF"
"PLAU","GBM",-0.000653467182434194,"PLAU"
"ENPP5","Normal",0.000652791277965205,"ENPP5"
"GDA","PA",-0.000652757935828876,"GDA"
"CNTN2","PA",-0.00065223188948273,"CNTN2"
"SSTR1","EPN",0.00065220454237292,"SSTR1"
"ABI3BP","Normal",-0.000652115977929962,"ABI3BP"
"ASS1","EPN",0.00065193303656997,"ASS1"
"PDGFD","MED",0.000651219254969626,"PDGFD"
"EPHA3","EPN",-0.000651139075756628,"EPHA3"
"CP","EPN",0.000650967602939557,"CP"
"PEBP4","MED",-0.00065095986285419,"PEBP4"
"EDIL3","Normal",0.000650728995452446,"EDIL3"
"SLC1A1","Normal",0.000650608413154053,"SLC1A1"
"ADAM12","PA",0.000650075192660573,"ADAM12"
"IRX2","EPN",0.000649924871198366,"IRX2"
"BHLHE22","Normal",0.000649799905551968,"BHLHE22"
"EHF","MED",-0.00064926961646995,"EHF"
"SPHKAP","MED",-0.000649178952809461,"SPHKAP"
"KCNIP4","EPN",-0.000649135042677685,"KCNIP4"
"C6orf118","PA",-0.00064889033874442,"C6orf118"
"JPH3","EPN",-0.000648705730870427,"JPH3"
"PPP1R1B","MED",-0.000648593177337204,"PPP1R1B"
"FA2H","GBM",0.000648554335142093,"FA2H"
"EMX2","GBM",0.000648232436250083,"EMX2"
"CSMD1","GBM",-0.000647059527219142,"CSMD1"
"EBF1","Normal",-0.000646102605732955,"EBF1"
"CFAP126","MED",-0.000645642957527911,"CFAP126"
"GNG3","MED",-0.000645369107880485,"GNG3"
"STX1A","GBM",-0.00064476460856974,"STX1A"
"WDR63","MED",-0.000644699666860369,"WDR63"
"WFDC1","EPN",-0.000643743222121111,"WFDC1"
"COL28A1","MED",-0.000643612143788878,"COL28A1"
"NACC2","Normal",0.000642929206050639,"NACC2"
"LHFPL3","EPN",-0.000642607845682174,"LHFPL3"
"MLC1","Normal",0.000642299865197562,"MLC1"
"PCLO","EPN",-0.000641949029270298,"PCLO"
"CHI3L1","PA",0.000640612923312648,"CHI3L1"
"USP9Y","PA",-0.000640348784674644,"USP9Y"
"HERC6","GBM",0.000640320963844725,"HERC6"
"DLL3","Normal",-0.000638719608636346,"DLL3"
"CBLN2","MED",0.000638598836696906,"CBLN2"
"TENM1","Normal",0.000638461470087195,"TENM1"
"NWD2","PA",-0.00063765488907215,"NWD2"
"RSPH4A","PA",-0.000637631773379504,"RSPH4A"
"ATP8A2","MED",0.000637146728932382,"ATP8A2"
"ZNF474","PA",-0.000636728841130382,"ZNF474"
"FAM198A","PA",0.000636516658315207,"FAM198A"
"TMEM151B","GBM",-0.000636365805076504,"TMEM151B"
"MEGF11","MED",-0.000635746150669423,"MEGF11"
"TRHDE","EPN",-0.000635360312205841,"TRHDE"
"CXorf57","MED",-0.000635191775528567,"CXorf57"
"TTC29","PA",-0.000634921283888115,"TTC29"
"SPX","MED",0.000633730152464799,"SPX"
"CHI3L2","EPN",0.000633553447444588,"CHI3L2"
"SERTM1","EPN",0.000632328921817078,"SERTM1"
"ANK3","EPN",-0.000632219914936572,"ANK3"
"NEUROD1","PA",-0.000632119789620182,"NEUROD1"
"DPP10","PA",0.00063211551339988,"DPP10"
"RNF112","Normal",0.000630482630647309,"RNF112"
"SCIN","EPN",0.000630202966617252,"SCIN"
"ANGPTL1","Normal",-0.000630157321651209,"ANGPTL1"
"PDGFD","EPN",-0.000629573691887351,"PDGFD"
"SLCO1C1","Normal",0.00062941376525268,"SLCO1C1"
"FIGN","EPN",0.00062927421374148,"FIGN"
"LEMD1","GBM",-0.000629161100465835,"LEMD1"
"C1orf194","GBM",-0.000629111311799508,"C1orf194"
"BHLHE22","PA",-0.000628761049669687,"BHLHE22"
"KLRC2","EPN",-0.000628578063060025,"KLRC2"
"MIR675","GBM",-0.000628106230300069,"MIR675"
"PCP4L1","GBM",-0.000627983967799045,"PCP4L1"
"MICAL2","GBM",0.00062774281341082,"MICAL2"
"FBLN5","MED",-0.000627648652224957,"FBLN5"
"MAL2","GBM",-0.000627382339808909,"MAL2"
"GRIN2A","MED",0.000627138279434676,"GRIN2A"
"SORCS1","GBM",-0.000626214606406426,"SORCS1"
"RUNDC3A","MED",0.000626011887771993,"RUNDC3A"
"TMEM130","GBM",-0.000625320647141538,"TMEM130"
"FAM189A2","EPN",0.000624671318188937,"FAM189A2"
"CHRDL1","GBM",-0.000623916499932697,"CHRDL1"
"GABRB2","EPN",-0.000623725023478012,"GABRB2"
"LINC01105","Normal",0.000622592458569946,"LINC01105"
"CXCL1","PA",-0.000622324432603875,"CXCL1"
"MIR548F5","PA",-0.000622037382311158,"MIR548F5"
"CP","Normal",-0.000621577939100617,"CP"
"MAPK8IP1","MED",-0.000621553229599659,"MAPK8IP1"
"SHISA9","MED",-0.000621342077907209,"SHISA9"
"ATP10B","Normal",-0.000620945480179132,"ATP10B"
"CDHR1","Normal",-0.000620595252702322,"CDHR1"
"CFAP52","PA",-0.000620001076122731,"CFAP52"
"CHRM3","MED",0.00061926076220161,"CHRM3"
"TMEFF2","MED",-0.000618570714802229,"TMEFF2"
"SV2B","GBM",-0.000618385488464719,"SV2B"
"BOC","MED",0.00061822529112794,"BOC"
"SYNPR","GBM",0.000618213985888896,"SYNPR"
"PIFO","Normal",-0.000617601703792155,"PIFO"
"ADCYAP1R1","Normal",0.000617439687834158,"ADCYAP1R1"
"TMEM151B","EPN",-0.000617030000882174,"TMEM151B"
"KCNJ10","Normal",0.000616637683669818,"KCNJ10"
"ROR2","Normal",-0.000616617892983724,"ROR2"
"COL6A3","GBM",-0.000616417792514758,"COL6A3"
"SCN2A","PA",0.000616340143688752,"SCN2A"
"TNFRSF11B","Normal",-0.00061589741331578,"TNFRSF11B"
"ACSBG1","PA",0.000615641597704548,"ACSBG1"
"ADAM12","EPN",-0.000615631028084354,"ADAM12"
"LOC101930373","PA",-0.000614570683066559,"LOC101930373"
"TMEM200A","Normal",0.000614557123028637,"TMEM200A"
"COL6A2","Normal",-0.000614336530690482,"COL6A2"
"GFPT2","GBM",-0.00061288901045895,"GFPT2"
"COL9A2","EPN",0.00061274046716981,"COL9A2"
"LINC01279","GBM",-0.000612155885922906,"LINC01279"
"CPNE5","Normal",0.000611950305515008,"CPNE5"
"BCAS1","Normal",0.000611578265351824,"BCAS1"
"CALY","GBM",-0.000611575411665038,"CALY"
"ADCYAP1","EPN",-0.000611479592551527,"ADCYAP1"
"HOXB3","EPN",0.000610753559523693,"HOXB3"
"SLC47A2","MED",-0.000610693274741263,"SLC47A2"
"C2orf82","PA",0.000609617119866258,"C2orf82"
"CNTN2","GBM",0.000609285688929515,"CNTN2"
"GALNT3","MED",-0.000609068416370799,"GALNT3"
"SLITRK3","Normal",0.000608843684747981,"SLITRK3"
"FGF12","MED",-0.000608659014059201,"FGF12"
"CLIC6","Normal",-0.000607890546585282,"CLIC6"
"TBR1","PA",-0.000606612790354041,"TBR1"
"SCUBE2","Normal",-0.000606362909822983,"SCUBE2"
"CCDC81","MED",-0.000606283813628097,"CCDC81"
"CCL3L3","GBM",-0.000606229553549562,"CCL3L3"
"DLGAP1","MED",0.000604973171183821,"DLGAP1"
"IGSF1","MED",-0.000604854024870223,"IGSF1"
"SERPINA5","MED",-0.000604548697549714,"SERPINA5"
"GFPT2","EPN",-0.000604538767080936,"GFPT2"
"NTRK2","PA",0.00060453323710928,"NTRK2"
"MET","EPN",0.000604503297692971,"MET"
"RCAN2","MED",-0.000604044983605076,"RCAN2"
"DNAH12","PA",-0.000602972293181095,"DNAH12"
"EDIL3","MED",0.000602441895198964,"EDIL3"
"EHF","PA",-0.000602145560602868,"EHF"
"LOC100509457","GBM",0.000602003349265125,"LOC100509457"
"TAC1","MED",0.000601992819786622,"TAC1"
"KCNK1","GBM",-0.000601751338656634,"KCNK1"
"LOC441179","GBM",-0.000601567704151871,"LOC441179"
"CITED1","MED",0.000601557416063674,"CITED1"
"C9orf24","PA",-0.000600943398077293,"C9orf24"
"LOC100509457","EPN",-0.000600625220293784,"LOC100509457"
"ADORA2B","GBM",0.000600434488879059,"ADORA2B"
"VSTM2A","Normal",0.000600310420400639,"VSTM2A"
"C4orf47","PA",-0.000599667754433128,"C4orf47"
"KCNJ16","EPN",-0.000599522402170495,"KCNJ16"
"EPPK1","GBM",-0.000599372498043249,"EPPK1"
"RIMS2","EPN",-0.000598940735771177,"RIMS2"
"F2RL1","PA",0.000598900255939336,"F2RL1"
"RNF128","GBM",-0.000598699913039354,"RNF128"
"KCNJ4","Normal",0.000598672668710551,"KCNJ4"
"DNM1","MED",-0.000598540894122954,"DNM1"
"IRX5","MED",0.000598033161725269,"IRX5"
"EHF","Normal",-0.000597693739482382,"EHF"
"CRABP1","GBM",-0.00059762107450409,"CRABP1"
"PCDHGA3","Normal",-0.00059742544381666,"PCDHGA3"
"MORN5","MED",-0.00059724343457929,"MORN5"
"WDR66","PA",-0.000596721001351339,"WDR66"
"CYP1B1","EPN",-0.000596700333922037,"CYP1B1"
"CFAP45","MED",-0.000596482461530582,"CFAP45"
"CXCL8","EPN",0.000596363988857149,"CXCL8"
"MORN5","PA",-0.000596270598093808,"MORN5"
"FOXJ1","GBM",-0.000595898027610867,"FOXJ1"
"NEUROD2","EPN",-0.000595348666461981,"NEUROD2"
"RAB27B","PA",-0.000594850778112647,"RAB27B"
"GJB6","EPN",-0.000594645992800285,"GJB6"
"CXCL5","MED",-0.000594241067123167,"CXCL5"
"COL9A2","Normal",-0.000593779047171042,"COL9A2"
"GCNT2","Normal",-0.000593767145246491,"GCNT2"
"THSD4","GBM",-0.000593123172002755,"THSD4"
"GRM5","EPN",-0.000592955602831812,"GRM5"
"IGF2BP3","EPN",-0.0005913447599962,"IGF2BP3"
"NXPH1","GBM",0.00059120895832407,"NXPH1"
"CFB","PA",0.000591205934586058,"CFB"
"GABRD","EPN",0.000590887022768097,"GABRD"
"IGF2BP2","EPN",-0.000590445356129267,"IGF2BP2"
"WDR78","PA",-0.000589810994058647,"WDR78"
"CBLN2","PA",-0.000589522873374746,"CBLN2"
"GABRA5","Normal",0.000589183717688889,"GABRA5"
"BRINP1","PA",0.000588655043641233,"BRINP1"
"CP","PA",0.000587918510488126,"CP"
"CADPS","Normal",0.00058791543942421,"CADPS"
"SHISA9","GBM",-0.000587195191063738,"SHISA9"
"CRB1","GBM",0.000587037075065905,"CRB1"
"PDE1C","Normal",0.000586872306519198,"PDE1C"
"LOC101927057","Normal",0.000586869880307145,"LOC101927057"
"PBK","EPN",-0.000586836687925526,"PBK"
"SERPINF1","GBM",-0.000586006056956576,"SERPINF1"
"CASC1","MED",-0.000585777043380008,"CASC1"
"CA4","PA",-0.000585762192431368,"CA4"
"CHD5","EPN",0.000585663956299696,"CHD5"
"HMGCLL1","GBM",-0.000585280750602907,"HMGCLL1"
"WDR72","Normal",-0.000585250843050448,"WDR72"
"ADM","EPN",0.00058456116437636,"ADM"
"TCERG1L","EPN",0.000584497571423118,"TCERG1L"
"RBM24","EPN",0.000584456139053792,"RBM24"
"CFAP45","PA",-0.000584359515558699,"CFAP45"
"ASXL3","EPN",-0.000584239679381976,"ASXL3"
"NMU","EPN",-0.000584126742748941,"NMU"
"MEG3","EPN",-0.000583904955024792,"MEG3"
"C9orf24","GBM",-0.000583830977162336,"C9orf24"
"WDR66","MED",-0.000583627796117522,"WDR66"
"AQP4.AS1","GBM",0.000583144467067636,"AQP4-AS1"
"GLIS3","PA",0.000582861066965626,"GLIS3"
"COBL","GBM",-0.000582539400750009,"COBL"
"ST8SIA3","EPN",-0.00058232220189596,"ST8SIA3"
"OTX2","GBM",-0.00058201912181295,"OTX2"
"NAPSB","Normal",-0.000581220625642754,"NAPSB"
"CAMK2A","PA",-0.000580945209309456,"CAMK2A"
"FAXC","Normal",0.000580339491672839,"FAXC"
"TCTEX1D1","PA",-0.000580108034696315,"TCTEX1D1"
"WIF1","Normal",0.000578858794588287,"WIF1"
"RAB33A","GBM",0.000578795811718214,"RAB33A"
"LOX","PA",-0.000578576750081324,"LOX"
"TEX26","Normal",-0.000578422851559095,"TEX26"
"LRRC3B","PA",-0.000578199035019597,"LRRC3B"
"EN1","Normal",-0.000578172160117477,"EN1"
"CCDC81","PA",-0.000575717619236426,"CCDC81"
"CKMT1A","MED",0.000575582201553716,"CKMT1A"
"IQCG","MED",-0.000575482764160117,"IQCG"
"PCDHGA3","MED",-0.000575473404185657,"PCDHGA3"
"EXOSC7","MED",-0.000575438164287086,"EXOSC7"
"NUP62CL","Normal",-0.000575310686895722,"NUP62CL"
"PTPRR","GBM",-0.000573963063849047,"PTPRR"
"THSD4","Normal",0.000572840038858357,"THSD4"
"KCNN3","Normal",0.000572697978336446,"KCNN3"
"RGS4","EPN",-0.000572656212681489,"RGS4"
"ANGPT1","Normal",-0.000571839742640988,"ANGPT1"
"DYNLRB2","MED",-0.000571658955814748,"DYNLRB2"
"ARMC4","PA",-0.000571557390422491,"ARMC4"
"ADAMTS16","MED",-0.000571438387163288,"ADAMTS16"
"LOC101930373","MED",-0.00057116579056181,"LOC101930373"
"RUNDC3A","GBM",-0.000571045112027729,"RUNDC3A"
"FREM1","Normal",-0.00057086290091401,"FREM1"
"TPX2","EPN",-0.00057060663600611,"TPX2"
"LRFN5","MED",0.000570543976063659,"LRFN5"
"DRC1","PA",-0.000569980831058534,"DRC1"
"IGLC1","GBM",-0.000569760869554732,"IGLC1"
"ZFHX4","PA",0.000569648368893652,"ZFHX4"
"LINC01116","Normal",-0.000569587782626505,"LINC01116"
"OGN","MED",0.000569527294013045,"OGN"
"PDE1C","PA",0.000569455896990786,"PDE1C"
"SEMA3C","EPN",-0.00056938457696666,"SEMA3C"
"PCDHB5","PA",0.000569346652342251,"PCDHB5"
"VIPR2","PA",-0.000569298005906347,"VIPR2"
"SOX1","PA",-0.000568930343038285,"SOX1"
"LRRTM2","GBM",0.000568799745591129,"LRRTM2"
"HOOK1","EPN",-0.000568640285188408,"HOOK1"
"MSX1","MED",-0.000568611587529355,"MSX1"
"NRXN1","Normal",0.000568443744643194,"NRXN1"
"MEGF11","Normal",-0.000568191663376897,"MEGF11"
"IGFBP7.AS1","Normal",-0.000566260425623917,"IGFBP7-AS1"
"NRN1","MED",0.000566097730726168,"NRN1"
"MAK","Normal",-0.000566046708126103,"MAK"
"BHLHE22","EPN",-0.000565837574327236,"BHLHE22"
"RASL10A","GBM",-0.000565708758620253,"RASL10A"
"SFRP2","GBM",0.000565656361006118,"SFRP2"
"SLC1A6","MED",-0.000565331755695672,"SLC1A6"
"CXCL3","Normal",-0.000565295286322321,"CXCL3"
"ATCAY","GBM",-0.000564696888097315,"ATCAY"
"COL6A3","Normal",-0.000564503304279371,"COL6A3"
"HRH1","EPN",-0.000564143658881932,"HRH1"
"GFPT2","Normal",0.000563519889902225,"GFPT2"
"TFCP2L1","GBM",0.000563244965236868,"TFCP2L1"
"FAM189A2","GBM",0.000562898768010763,"FAM189A2"
"ATRNL1","Normal",0.000562353272443701,"ATRNL1"
"MKX","Normal",0.000562173828096803,"MKX"
"CLDN10","PA",0.000562060608320008,"CLDN10"
"AQP4","Normal",0.000561877512053837,"AQP4"
"CRYM","PA",-0.000561797659346391,"CRYM"
"CCDC146","PA",-0.000561759245086106,"CCDC146"
"DAB1","MED",0.000561577958768761,"DAB1"
"WDR63","PA",-0.000561263405600619,"WDR63"
"RNF43","PA",-0.000560969831834213,"RNF43"
"NRSN1","PA",-0.000560957537123142,"NRSN1"
"PPP4R4","PA",-0.000560834625681231,"PPP4R4"
"ZNF804A","Normal",0.000560279360990744,"ZNF804A"
"DIRAS3","Normal",-0.000559408549305634,"DIRAS3"
"RSPH4A","MED",-0.000559131688316346,"RSPH4A"
"FNDC1","Normal",-0.000558539358099982,"FNDC1"
"SPAG6","PA",-0.000557751481258812,"SPAG6"
"RELN","Normal",0.000557722638619768,"RELN"
"S100B","Normal",0.00055771757310164,"S100B"
"ARAP2","EPN",0.000557716926225986,"ARAP2"
"SEZ6L2","GBM",-0.00055684758395978,"SEZ6L2"
"VWA3B","PA",-0.000556603697251681,"VWA3B"
"LNX1","MED",-0.000556598461016382,"LNX1"
"PCSK1","MED",-0.000556566333313003,"PCSK1"
"RIMS3","EPN",-0.000556448657470306,"RIMS3"
"TTC9B","GBM",-0.000556430080955999,"TTC9B"
"CCL2","MED",-0.000555679701076601,"CCL2"
"SPATA17","MED",-0.000554824882173455,"SPATA17"
"PCSK1","Normal",0.000554713009445355,"PCSK1"
"MKX","PA",-0.00055469792855028,"MKX"
"CD36","GBM",-0.000554657246350765,"CD36"
"EFNA2","MED",-0.000553642829743142,"EFNA2"
"CAB39L","PA",0.000553585734016818,"CAB39L"
"WFIKKN2","PA",-0.000553556454808383,"WFIKKN2"
"PRL","EPN",-0.000553261859929757,"PRL"
"IGSF1","PA",-0.000552671213297844,"IGSF1"
"SSTR2","Normal",0.000552591236216075,"SSTR2"
"KCNJ16","Normal",0.000552389309283692,"KCNJ16"
"MEGF10","Normal",0.000552344829098823,"MEGF10"
"TP53TG3B","EPN",-0.000552238492796141,"TP53TG3B"
"HOXA5","EPN",-0.000551567736135191,"HOXA5"
"L1CAM","MED",0.000551461825565857,"L1CAM"
"HOXB2","EPN",0.000550642032314658,"HOXB2"
"AQP1","MED",-0.000550621990481393,"AQP1"
"CADM2","Normal",0.000549470164934655,"CADM2"
"DLGAP1","PA",0.000548743558361295,"DLGAP1"
"EN2","PA",-0.000547876038571305,"EN2"
"CRB1","PA",-0.000547585177481005,"CRB1"
"IGLON5","MED",0.000547166565319619,"IGLON5"
"DNAAF3","PA",-0.000546490402237905,"DNAAF3"
"LOC101928882","MED",-0.000545940810410241,"LOC101928882"
"BAMBI","GBM",0.000545830802871327,"BAMBI"
"SPOCK1","MED",0.000545297089315557,"SPOCK1"
"SEZ6L","EPN",-0.000545000924799494,"SEZ6L"
"LINC00844","PA",0.000544572413929009,"LINC00844"
"RSPH1","Normal",0.000544348749410477,"RSPH1"
"LINGO2","PA",-0.000544164608354389,"LINGO2"
"BEX5","EPN",-0.000543492614955644,"BEX5"
"COPG2IT1","PA",0.000543422292777468,"COPG2IT1"
"PAX3","MED",0.000543389113342528,"PAX3"
"CPLX2","GBM",-0.000543057784311423,"CPLX2"
"CCL3L3","MED",0.000542599280984257,"CCL3L3"
"NTRK2","Normal",0.000541338029007568,"NTRK2"
"LGR5","PA",-0.000541098707326497,"LGR5"
"SNCB","GBM",-0.00054082577801138,"SNCB"
"CELF5","GBM",-0.000539793495400269,"CELF5"
"CHST9","GBM",-0.000539687826791462,"CHST9"
"ALDH1A3","EPN",-0.00053942863677333,"ALDH1A3"
"CPXM1","PA",-0.000539368790864481,"CPXM1"
"ALDH1A3","MED",0.000539356370650753,"ALDH1A3"
"LOC101060391","MED",0.000538607757743437,"LOC101060391"
"C1orf194","PA",-0.000538249189629867,"C1orf194"
"DNAH5","Normal",-0.000538159958157746,"DNAH5"
"LAMA1","GBM",0.000537724242858069,"LAMA1"
"AK5","MED",-0.000537658634481682,"AK5"
"CDK6","PA",0.00053737688416595,"CDK6"
"GPC4","Normal",-0.000537290617031406,"GPC4"
"TDRD9","Normal",0.000537208134398016,"TDRD9"
"EFNA5","Normal",0.000536691844044243,"EFNA5"
"FREM2","MED",-0.000536530912829558,"FREM2"
"WBSCR17","PA",0.000536387209265105,"WBSCR17"
"AK7","MED",-0.000536130701620585,"AK7"
"SYNGR3","MED",-0.000535603422316419,"SYNGR3"
"LOC101928817","GBM",-0.000535542431275528,"LOC101928817"
"RIBC1","MED",-0.000535203898129986,"RIBC1"
"SPATA17","Normal",-0.000535155771784815,"SPATA17"
"ONECUT2","PA",-0.000535100839088566,"ONECUT2"
"BMP5","PA",-0.000534375787280639,"BMP5"
"CLIC6","EPN",0.000534270920407069,"CLIC6"
"EFCAB1","MED",-0.000534155998606053,"EFCAB1"
"ASPM","EPN",-0.000534001768214768,"ASPM"
"GRM3","GBM",0.000533953886237029,"GRM3"
"TKTL1","Normal",-0.000533934944935809,"TKTL1"
"IRX2","MED",-0.000533800801571383,"IRX2"
"RAMP3","Normal",0.000533625899449807,"RAMP3"
"C9orf24","MED",-0.000532956805575669,"C9orf24"
"ASPA","GBM",0.000532454376032612,"ASPA"
"EMX2","EPN",-0.000531896729518074,"EMX2"
"FAM110C","GBM",-0.000530904092706619,"FAM110C"
"PTGS2","Normal",0.000530816775145632,"PTGS2"
"LTF","PA",0.000530500379102565,"LTF"
"FGF13","EPN",0.000530089348028024,"FGF13"
"SATB2","PA",0.000529560487460147,"SATB2"
"PPP1R17","EPN",-0.000528701043703613,"PPP1R17"
"LINGO2","EPN",-0.000528522866784197,"LINGO2"
"IGSF21","Normal",0.000528261511907831,"IGSF21"
"TENM1","PA",-0.000528189024449003,"TENM1"
"ERICH3","GBM",0.000527987828566331,"ERICH3"
"CELSR1","MED",-0.000527750361592682,"CELSR1"
"L1CAM","PA",-0.000527732625437449,"L1CAM"
"PLD5","Normal",0.000527471190781028,"PLD5"
"TMEM200A","MED",0.000527303804721012,"TMEM200A"
"PAX6","Normal",0.000527026113163406,"PAX6"
"MAP3K19","PA",-0.000526481104517425,"MAP3K19"
"EXOSC7","Normal",0.000526174204557058,"EXOSC7"
"LOC101928882","PA",-0.000526046362240021,"LOC101928882"
"CACNA1B","EPN",-0.000525878473856132,"CACNA1B"
"OTX2.AS1","Normal",-0.000525850993269805,"OTX2-AS1"
"CNTN3","EPN",0.000525826363739407,"CNTN3"
"DMRT2","GBM",0.00052546994102146,"DMRT2"
"MIR124.1","PA",-0.000525441378057085,"MIR124-1"
"ECM2","MED",-0.000525390584994109,"ECM2"
"STK32B","MED",-0.000524867631316975,"STK32B"
"VAT1L","Normal",0.000524585519679871,"VAT1L"
"GDF10","Normal",0.000524523891605556,"GDF10"
"RRM2","EPN",-0.000524466742031342,"RRM2"
"CRH","GBM",-0.000524136859126422,"CRH"
"SLC2A13","PA",0.000524123020591695,"SLC2A13"
"TMEM232","PA",-0.000524076608131903,"TMEM232"
"IGHA2","Normal",-0.000523934675735069,"IGHA2"
"BAMBI","Normal",-0.000523450665074961,"BAMBI"
"VWA3B","MED",-0.000523094586441121,"VWA3B"
"NMNAT2","PA",-0.00052278840096372,"NMNAT2"
"SOX10","EPN",-0.00052238029663366,"SOX10"
"MECOM","Normal",-0.000521570584610425,"MECOM"
"RUNX2","MED",-0.000521400376152923,"RUNX2"
"TUBB4A","PA",0.000521361799091171,"TUBB4A"
"CRABP1","EPN",-0.00052093095733726,"CRABP1"
"RIMS1","PA",-0.000520839864318837,"RIMS1"
"SCN7A","MED",-0.00052055559919083,"SCN7A"
"CFB","Normal",-0.000520499186926095,"CFB"
"ADM","Normal",-0.000520221316617101,"ADM"
"PDGFD","GBM",-0.000519446337722388,"PDGFD"
"BEX5","GBM",-0.000519246434014654,"BEX5"
"CXCL3","PA",-0.000518501308432932,"CXCL3"
"OTX2.AS1","PA",-0.000518418787484025,"OTX2-AS1"
"NRXN1","PA",0.000517351043586327,"NRXN1"
"TIMP4","Normal",-0.000517041319068917,"TIMP4"
"FOXP2","Normal",0.000516739307960313,"FOXP2"
"OGN","EPN",0.00051624663154056,"OGN"
"C7orf57","PA",-0.00051623573323383,"C7orf57"
"NOS1","MED",-0.000515866951852204,"NOS1"
"EPPK1","PA",-0.000515242586594947,"EPPK1"
"P2RY12","EPN",-0.000515014076418436,"P2RY12"
"LYPD1","Normal",-0.000514879030034416,"LYPD1"
"AKAP14","PA",-0.000514730630713696,"AKAP14"
"EFHC2","GBM",-0.00051457812347758,"EFHC2"
"FGFR2","GBM",0.000512911438783742,"FGFR2"
"FGFR3","EPN",0.00051225412662264,"FGFR3"
"GRIA4","EPN",-0.000512239238039358,"GRIA4"
"RAMP3","MED",-0.000511251846967419,"RAMP3"
"SYN1","MED",0.000510973112815684,"SYN1"
"GPC4","GBM",-0.000510919502573722,"GPC4"
"CCDC170","PA",-0.000510500812051177,"CCDC170"
"EYA1","Normal",-0.000510375773573527,"EYA1"
"PRL","PA",-0.000509963296479585,"PRL"
"ERBB4","PA",0.000509632822330638,"ERBB4"
"SPAG17","PA",-0.000509260332042082,"SPAG17"
"AK7","PA",-0.000508963405648625,"AK7"
"CDK6","EPN",-0.000508715952307426,"CDK6"
"NMNAT2","EPN",0.000508435230490947,"NMNAT2"
"NT5E","Normal",-0.000508354287381998,"NT5E"
"KLRC2","Normal",-0.000508091427129866,"KLRC2"
"LRFN5","EPN",-0.000507246822846502,"LRFN5"
"FLJ37786","Normal",-0.000506340306477725,"FLJ37786"
"C1orf158","MED",-0.000506230226630933,"C1orf158"
"SIX6","GBM",-0.000505254622660902,"SIX6"
"UGT8","GBM",0.00050522464528451,"UGT8"
"FLJ37786","MED",0.000505192196906219,"FLJ37786"
"WDR78","MED",-0.000505152250357179,"WDR78"
"CFAP52","GBM",-0.000505051753567372,"CFAP52"
"FAM69C","PA",-0.000504866255538255,"FAM69C"
"SALL1","Normal",-0.000504744271067605,"SALL1"
"TEKT4P2","Normal",-0.000504019579330461,"TEKT4P2"
"PLPP4","Normal",-0.000504015004208206,"PLPP4"
"UNC5A","EPN",-0.000503686285934972,"UNC5A"
"C11orf70","MED",-0.000503471385713973,"C11orf70"
"PYGM","MED",-0.000503106091377316,"PYGM"
"BTBD11","PA",-0.000502867606899656,"BTBD11"
"MAP3K19","MED",-0.000502235989224029,"MAP3K19"
"NDP","PA",0.00050197181226595,"NDP"
"HOXB3","GBM",-0.00050188293678647,"HOXB3"
"E2F7","EPN",0.000501539299776268,"E2F7"
"NNAT","EPN",-0.000501516992608211,"NNAT"
"KCNA1","PA",0.000501319711904533,"KCNA1"
"ASCL1","GBM",0.000501200778241125,"ASCL1"
"CA3","Normal",-0.000501062121473333,"CA3"
"FAM19A1","GBM",0.000501055632261338,"FAM19A1"
"GABRB2","GBM",-0.000500993053749847,"GABRB2"
"DKK2","Normal",0.000500452298046812,"DKK2"
"THSD4","MED",-0.000499997400852244,"THSD4"
"FUT9","MED",-0.000499277543944892,"FUT9"
"JPH3","GBM",-0.000499185299283304,"JPH3"
"PSD2","PA",0.000499120382160532,"PSD2"
"LINC01105","GBM",0.000498065522382291,"LINC01105"
"KISS1R","EPN",-0.000497712703638753,"KISS1R"
"COL28A1","Normal",-0.000497462750383801,"COL28A1"
"LOC284570","Normal",0.000497274587385221,"LOC284570"
"CCDC85A","PA",-0.000496621647203587,"CCDC85A"
"TEKT1","PA",-0.000496606121576094,"TEKT1"
"EN1","MED",-0.000496561043342245,"EN1"
"VASH2","PA",-0.000496321023128103,"VASH2"
"C16orf89","MED",-0.000496194045035472,"C16orf89"
"CNTN1","GBM",-0.000492514173480946,"CNTN1"
"BMP5","Normal",-0.000492278815678741,"BMP5"
"DAW1","MED",-0.000492004766787169,"DAW1"
"FOXP2","GBM",-0.000491843097896484,"FOXP2"
"MYO5C","GBM",-0.000491606028175695,"MYO5C"
"GPC5","EPN",-0.000491478312051121,"GPC5"
"SLC39A12","EPN",-0.000491125451370488,"SLC39A12"
"CXCL14","MED",-0.000490695164855712,"CXCL14"
"C1orf158","PA",-0.000490606324994014,"C1orf158"
"ADGRB3","GBM",-0.000490382246294911,"ADGRB3"
"PHACTR3","MED",-0.000490039624737568,"PHACTR3"
"EMILIN2","MED",-0.00048993637051929,"EMILIN2"
"OTX2","EPN",-0.000489425913005164,"OTX2"
"LRRTM2","MED",-0.000489415175328956,"LRRTM2"
"GSTT2","PA",-0.000489137354139447,"GSTT2"
"ADAMTS18","EPN",0.000488890253600719,"ADAMTS18"
"PGAM2","MED",0.000488519325770352,"PGAM2"
"STMN2","GBM",0.000488353772758849,"STMN2"
"GNG3","EPN",0.000488295445532423,"GNG3"
"VSTM2L","PA",-0.000488203513126409,"VSTM2L"
"GPX3","EPN",0.000488153651481201,"GPX3"
"XKR4","EPN",-0.000487929938076915,"XKR4"
"IER3","Normal",-0.000487655648770481,"IER3"
"RYR3","MED",-0.000487450658419104,"RYR3"
"LRP2BP","Normal",-0.000487439962898865,"LRP2BP"
"HOXA10.HOXA9","GBM",0.000486890771612938,"HOXA10-HOXA9"
"C9orf135","Normal",0.000486579374693183,"C9orf135"
"MIR9.3HG","GBM",-0.000486520492471914,"MIR9-3HG"
"LINC01088","EPN",0.000486091507805685,"LINC01088"
"TMEM132D","EPN",-0.000485820566324888,"TMEM132D"
"LRRK2","Normal",-0.000485630762442395,"LRRK2"
"IER3","MED",-0.000485250402327653,"IER3"
"CA14","Normal",-0.000484691194354085,"CA14"
"DYNC1I1","GBM",-0.000484507989097134,"DYNC1I1"
"B3GAT1","GBM",0.000484324152115196,"B3GAT1"
"GABRA5","GBM",-0.000483573612179282,"GABRA5"
"LHX2","Normal",-0.000482727904424724,"LHX2"
"DAB1","Normal",0.000482609137172564,"DAB1"
"LAMP5","Normal",0.000482547786816154,"LAMP5"
"EFHD1","GBM",0.00048171142415942,"EFHD1"
"CP","MED",-0.000481560618806255,"CP"
"CBLN1","Normal",0.000480783576592753,"CBLN1"
"CXCL6","MED",-0.00048077517063562,"CXCL6"
"DLX1","Normal",0.000480505500926378,"DLX1"
"CFAP43","Normal",-0.000480169416053202,"CFAP43"
"KCNJ4","GBM",-0.000479637935296454,"KCNJ4"
"LINC01279","MED",-0.000479348388364897,"LINC01279"
"PGAM2","PA",-0.000478592235852389,"PGAM2"
"VSNL1","EPN",-0.000477731485138993,"VSNL1"
"TRIM29","MED",-0.000477730272503748,"TRIM29"
"WDR38","MED",-0.000477556635275589,"WDR38"
"FBXL16","MED",0.000475912568838848,"FBXL16"
"TMEM130","PA",-0.000475908512483079,"TMEM130"
"BBOX1","Normal",0.000475484007910134,"BBOX1"
"ADORA2B","Normal",0.000474824147993811,"ADORA2B"
"CX3CR1","GBM",0.000474589360237733,"CX3CR1"
"BMPR1B","Normal",0.000474264252916509,"BMPR1B"
"SPX","GBM",-0.000472842341600015,"SPX"
"COL8A1","MED",-0.000470328658569555,"COL8A1"
"CELSR1","Normal",-0.000470180747829106,"CELSR1"
"PPP1R17","PA",0.000469929907202668,"PPP1R17"
"C4B_2","Normal",-0.000468728729807096,"C4B_2"
"FAM81B","MED",-0.000468426234871419,"FAM81B"
"EFCAB1","PA",-0.000468345332496355,"EFCAB1"
"DUSP5","Normal",0.000468164771992225,"DUSP5"
"HLA.DMA","GBM",0.000467583479889284,"HLA-DMA"
"KDM5D","PA",-0.000467448814590614,"KDM5D"
"ELAVL2","GBM",0.000467022188857084,"ELAVL2"
"CDH18","PA",-0.000466985847988263,"CDH18"
"RIT2","GBM",0.000466334798917427,"RIT2"
"HLA.DRB4","Normal",-0.000466124493173736,"HLA-DRB4"
"NWD2","EPN",-0.00046487001436632,"NWD2"
"KCNQ2","EPN",-0.000464017345676316,"KCNQ2"
"C8orf34","Normal",0.000463546844009002,"C8orf34"
"GRIA1","EPN",-0.000463305928352915,"GRIA1"
"CRH","EPN",0.000463007711442001,"CRH"
"GFPT2","MED",0.000462927456310054,"GFPT2"
"EIF1AY","EPN",0.000461790744356311,"EIF1AY"
"ARHGAP36","EPN",-0.000461669718093159,"ARHGAP36"
"EIF1AY","PA",-0.000461564692938294,"EIF1AY"
"MRO","EPN",-0.000461474303581464,"MRO"
"RIBC1","Normal",-0.000461430778558146,"RIBC1"
"NPTX2","Normal",0.000460893604862763,"NPTX2"
"ADAMTSL4","Normal",-0.000459947667794599,"ADAMTSL4"
"C11orf88","MED",-0.00045983543020963,"C11orf88"
"COPG2IT1","MED",0.000459557891893748,"COPG2IT1"
"LOC643923","GBM",0.000459246503216908,"LOC643923"
"FAM179A","MED",-0.000458982933777932,"FAM179A"
"SLC14A1","PA",-0.000458871978272648,"SLC14A1"
"PAX3","PA",0.000458869094496688,"PAX3"
"DDX3Y","MED",0.000458568823319967,"DDX3Y"
"MAL","PA",0.000457906502423213,"MAL"
"SCN7A","Normal",-0.000457781690699052,"SCN7A"
"HEPN1","PA",0.000457375626194256,"HEPN1"
"LPAR3","Normal",-0.000457349967419579,"LPAR3"
"NEUROG1","EPN",-0.000456974660049029,"NEUROG1"
"GABRB1","EPN",-0.000456017684717787,"GABRB1"
"HSPB8","Normal",0.000455424615870378,"HSPB8"
"ONECUT2","EPN",-0.000455295376203791,"ONECUT2"
"PCSK1","GBM",0.000455200805664011,"PCSK1"
"SHOX2","Normal",-0.00045502458847411,"SHOX2"
"PDE1C","GBM",-0.000454957834488102,"PDE1C"
"CFAP126","PA",-0.000454684895966751,"CFAP126"
"RNF43","MED",-0.000454464532746536,"RNF43"
"CNPY1","EPN",0.00045426465163116,"CNPY1"
"ADCYAP1R1","PA",0.000454147481157833,"ADCYAP1R1"
"CAPS","GBM",0.000453781183110004,"CAPS"
"HAPLN1","Normal",-0.000453767056262551,"HAPLN1"
"ARMC3","PA",-0.000453338675652783,"ARMC3"
"NPTX1","EPN",-0.000453202242332597,"NPTX1"
"ANGPT1","GBM",0.000452591754397737,"ANGPT1"
"ZMYND10","MED",-0.000451702319096187,"ZMYND10"
"C7orf57","Normal",-0.000450986419228764,"C7orf57"
"GABRA2","PA",-0.000450657244343879,"GABRA2"
"WDR49","GBM",-0.000450644688070412,"WDR49"
"BRINP1","MED",0.000449825508179218,"BRINP1"
"OLFML1","MED",0.000449666815372938,"OLFML1"
"NEK11","MED",-0.000449339586701974,"NEK11"
"NAPSB","EPN",-0.000449223891135496,"NAPSB"
"ROPN1L","PA",-0.000449178406446974,"ROPN1L"
"CCL20","MED",-0.000449090086863211,"CCL20"
"ZMYND12","GBM",-0.000448964661312244,"ZMYND12"
"EBF1","EPN",-0.000448808295644421,"EBF1"
"C6orf118","MED",-0.000448562775502048,"C6orf118"
"SST","GBM",0.000448219694765482,"SST"
"TRIM29","PA",-0.000447798547618093,"TRIM29"
"RMST","GBM",-0.000447496793116951,"RMST"
"APLNR","EPN",0.000447292010307742,"APLNR"
"PLLP","Normal",0.000447150370897346,"PLLP"
"RFX4","Normal",0.000446665019904341,"RFX4"
"LRRC34","PA",-0.000446397719191426,"LRRC34"
"L1CAM","GBM",-0.00044629297929632,"L1CAM"
"ASXL3","PA",0.000445433458951924,"ASXL3"
"COL20A1","EPN",-0.000445155422438324,"COL20A1"
"EOMES","PA",-0.000445083963820454,"EOMES"
"BOC","PA",-0.000444369566823111,"BOC"
"NEK11","Normal",-0.000444034236942834,"NEK11"
"RSPO3","Normal",0.000443993102211204,"RSPO3"
"L1CAM","EPN",-0.0004428703368645,"L1CAM"
"SLIT2","PA",0.000442529772611567,"SLIT2"
"PDGFRA","MED",-0.000441729140292564,"PDGFRA"
"BRINP1","GBM",-0.000441483045899919,"BRINP1"
"GPR17","GBM",0.000441276138439964,"GPR17"
"KCNJ9","GBM",-0.000441016210530003,"KCNJ9"
"NHLH2","PA",-0.000440193344467118,"NHLH2"
"STON1","GBM",-0.0004399135996487,"STON1"
"CAB39L","MED",0.000439287050222178,"CAB39L"
"CCL20","PA",-0.000439135015070291,"CCL20"
"CD24","Normal",-0.000438854249783331,"CD24"
"GRIA3","Normal",0.000438802328659146,"GRIA3"
"SNAP25","MED",0.000438602744015531,"SNAP25"
"DLK1","MED",-0.000438507004034057,"DLK1"
"CA10","EPN",-0.000438403622837203,"CA10"
"CBX2","GBM",0.000438030825182597,"CBX2"
"TFCP2L1","Normal",0.000437906417217663,"TFCP2L1"
"ZFPM2","PA",0.000437798552647171,"ZFPM2"
"CXCL6","Normal",-0.000437780041733424,"CXCL6"
"BCAS1","GBM",-0.000437553189793851,"BCAS1"
"CASC1","Normal",-0.000437466699660253,"CASC1"
"C11orf70","PA",-0.000436736167188028,"C11orf70"
"AQP1","Normal",-0.000436697117890637,"AQP1"
"CAMK4","GBM",-0.000436048822693491,"CAMK4"
"CHRM3","GBM",-0.000436020199802056,"CHRM3"
"RNF112","MED",-0.000435380052477472,"RNF112"
"PVALB","MED",-0.000435376383864623,"PVALB"
"DAO","MED",-0.000434085262769299,"DAO"
"IGLON5","PA",-0.000434032488967679,"IGLON5"
"NAPSB","GBM",0.000433963768264324,"NAPSB"
"DSP","PA",0.00043369640618821,"DSP"
"HAPLN1","GBM",0.000433596235534934,"HAPLN1"
"PLPPR4","Normal",0.000433312224757324,"PLPPR4"
"CCL20","Normal",-0.000432831569311396,"CCL20"
"MORN5","GBM",-0.000432824374901096,"MORN5"
"KISS1R","Normal",-0.000432621881636265,"KISS1R"
"ADAMTS16","PA",-0.000431579398476213,"ADAMTS16"
"CELSR1","GBM",-0.000431494378816036,"CELSR1"
"F2RL1","GBM",0.000430224324747213,"F2RL1"
"ARHGAP36","MED",-0.000429324074871656,"ARHGAP36"
"APOD","MED",-0.000429135609262997,"APOD"
"TEKT4P2","PA",-0.000428209354772267,"TEKT4P2"
"MIAT","MED",-0.00042819755648879,"MIAT"
"IRX1","Normal",-0.000427054320620388,"IRX1"
"CXCL1","MED",-0.000426873804601635,"CXCL1"
"WDR38","PA",-0.000426304046442201,"WDR38"
"SLC47A2","PA",-0.000425803683729901,"SLC47A2"
"ST8SIA2","PA",-0.000425471038884903,"ST8SIA2"
"NR2E1","Normal",0.000425336142888967,"NR2E1"
"SYN2","GBM",0.000425248425407511,"SYN2"
"ANK3","PA",0.000424893070231924,"ANK3"
"DYDC2","PA",-0.000424768452428232,"DYDC2"
"SELENBP1","GBM",-0.000424560548937469,"SELENBP1"
"BARHL1","PA",-0.000424382595253406,"BARHL1"
"SOX1","Normal",0.000424197416842662,"SOX1"
"FOXJ1","Normal",-0.000424100957154867,"FOXJ1"
"PRPH","Normal",-0.000423495480562828,"PRPH"
"KCNC1","GBM",-0.000423030905960015,"KCNC1"
"TMEM35A","EPN",-0.000422308475756476,"TMEM35A"
"RARRES1","MED",-0.000422254138650823,"RARRES1"
"OPCML","MED",-0.000421375824915035,"OPCML"
"RCAN3","Normal",0.000421033688509895,"RCAN3"
"GRIK3","MED",-0.000420915417808099,"GRIK3"
"NTNG1","MED",-0.000420604870963776,"NTNG1"
"HOXA3","Normal",-0.000420600030616934,"HOXA3"
"KCNN3","PA",0.000420051470343904,"KCNN3"
"CFAP70","PA",-0.000419634750789367,"CFAP70"
"ANGPT1","PA",-0.000418939313082537,"ANGPT1"
"EMX2","Normal",0.000418914679300083,"EMX2"
"CCDC114","PA",-0.000418657861567527,"CCDC114"
"FOXG1","EPN",-0.000418608825430459,"FOXG1"
"LMO3","PA",-0.000416985303098176,"LMO3"
"CNR1","MED",0.000416440954250017,"CNR1"
"RGS4","GBM",-0.000416364725450453,"RGS4"
"ELAVL4","MED",0.000416255902800848,"ELAVL4"
"MMP9","EPN",0.000414987889254404,"MMP9"
"GDA","Normal",0.000414727614959585,"GDA"
"CACNA1G","MED",0.000414437991966223,"CACNA1G"
"FMO1","MED",-0.000413416226480132,"FMO1"
"KDM5D","MED",0.000413213391274394,"KDM5D"
"GBP3","GBM",0.000413168737697611,"GBP3"
"RUNDC3A","PA",-0.000412757445930746,"RUNDC3A"
"PDLIM3","Normal",-0.000412585494505401,"PDLIM3"
"COL9A3","Normal",-0.000412344504633565,"COL9A3"
"HOGA1","PA",-0.000412281547014032,"HOGA1"
"SULF1","Normal",-0.000412279584761276,"SULF1"
"OTX2","PA",-0.00041148857813218,"OTX2"
"ADGRG2","Normal",-0.00041122497931735,"ADGRG2"
"CENPF","EPN",-0.000411043174934059,"CENPF"
"SSTR1","Normal",0.000411003578370203,"SSTR1"
"DDX3Y","PA",-0.000410869698644408,"DDX3Y"
"FMO1","PA",-0.000410329287038937,"FMO1"
"CAPSL","PA",-0.000410133633065306,"CAPSL"
"ASS1","Normal",0.000409452324308112,"ASS1"
"MFAP4","PA",0.000408926164762865,"MFAP4"
"RPH3A","GBM",0.000408501257557926,"RPH3A"
"TEX26","PA",0.000408435311653344,"TEX26"
"AKAP14","MED",-0.00040838414268755,"AKAP14"
"OLFML1","Normal",-0.000408015080184589,"OLFML1"
"EFHC2","PA",-0.000407860134143181,"EFHC2"
"DNAJC6","PA",0.000407675654266564,"DNAJC6"
"CPNE6","MED",-0.000407468406498247,"CPNE6"
"KCNQ2","MED",0.000407115943401493,"KCNQ2"
"ARHGAP36","PA",-0.000407082572012412,"ARHGAP36"
"LOC101926951","EPN",0.000406564766037529,"LOC101926951"
"CACNB2","GBM",0.000406493568095738,"CACNB2"
"HLA.DRB4","EPN",0.000406221149415576,"HLA-DRB4"
"TENM2","GBM",-0.000405839522341123,"TENM2"
"SST","MED",-0.000404604505323188,"SST"
"UNC5C","EPN",-0.000404009645533283,"UNC5C"
"EDIL3","EPN",-0.00040355834726617,"EDIL3"
"ME1","GBM",0.00040336558675374,"ME1"
"C11orf88","PA",-0.000402859129669854,"C11orf88"
"DYNLRB2","GBM",-0.000402583414241841,"DYNLRB2"
"CITED1","Normal",-0.000402502727701165,"CITED1"
"CRNDE","PA",-0.000402430349607231,"CRNDE"
"HLA.DRB4","GBM",-0.000401475085441931,"HLA-DRB4"
"EGFR","EPN",0.000401448070230328,"EGFR"
"FGFR3","PA",0.000400816640872052,"FGFR3"
"PPP1R1A","EPN",0.000400519410742937,"PPP1R1A"
"WFDC1","Normal",0.000400442080265493,"WFDC1"
"PDLIM3","PA",-0.000400091166309755,"PDLIM3"
"ARMC3","MED",-0.000399894657800588,"ARMC3"
"PEBP4","Normal",0.000399572346092587,"PEBP4"
"DIRAS2","MED",-0.000399522200176837,"DIRAS2"
"TIMP4","MED",-0.000399114641902079,"TIMP4"
"SLC6A15","EPN",-0.000397968189075765,"SLC6A15"
"ZBBX","GBM",-0.000397306305317191,"ZBBX"
"ATRNL1","GBM",-0.000395841199164118,"ATRNL1"
"MOXD1","Normal",-0.000395838262364876,"MOXD1"
"TEKT1","MED",-0.000395659010894731,"TEKT1"
"IGSF1","Normal",0.000394936273722462,"IGSF1"
"TTC29","MED",-0.000394856963769309,"TTC29"
"SYN1","GBM",-0.000394798175237178,"SYN1"
"RSPO2","PA",-0.000394329983941469,"RSPO2"
"TF","Normal",0.000394301690570841,"TF"
"CXCL1","Normal",-0.000393587424340258,"CXCL1"
"DNAH12","MED",-0.000393377657962748,"DNAH12"
"CCL20","EPN",0.000393290678505111,"CCL20"
"SOX1","GBM",-0.000392444242637441,"SOX1"
"GAD1","PA",0.000392222270532899,"GAD1"
"SLC8A3","MED",-0.000391752027167629,"SLC8A3"
"IRX5","Normal",-0.000391289036794613,"IRX5"
"MAPK8IP1","PA",-0.000391213888267601,"MAPK8IP1"
"SFRP2","EPN",0.000391037245020734,"SFRP2"
"THSD4","PA",0.000390982680427623,"THSD4"
"KCND2","Normal",0.000390810240717197,"KCND2"
"EBF3","Normal",-0.00039053513873381,"EBF3"
"CCDC85A","EPN",0.000390329108706063,"CCDC85A"
"SH3GL2","PA",0.000390231931462543,"SH3GL2"
"EYA2","GBM",0.000389921358209357,"EYA2"
"SERPINA3","EPN",0.000389793733043822,"SERPINA3"
"RAB33A","PA",0.000389776859361376,"RAB33A"
"LEMD1","Normal",-0.000389614355083633,"LEMD1"
"MIR8071.2","PA",0.000389475383195856,"MIR8071-2"
"MAATS1","Normal",-0.000388205879475386,"MAATS1"
"ARMC4","MED",0.000387781652798171,"ARMC4"
"CFAP206","MED",-0.000387621765607787,"CFAP206"
"EYA2","EPN",0.000387048733965022,"EYA2"
"CAPSL","MED",-0.000387045902076753,"CAPSL"
"CELSR3","GBM",0.000387028220513394,"CELSR3"
"AQP1","EPN",-0.000386896523365905,"AQP1"
"GSTT2","Normal",0.000386808697225857,"GSTT2"
"CCDC81","Normal",-0.000386366084013668,"CCDC81"
"CCDC96","Normal",-0.000385392273010071,"CCDC96"
"ENPP5","EPN",-0.000385392222192146,"ENPP5"
"BARHL1","Normal",-0.000383867664634253,"BARHL1"
"DRC1","Normal",-0.000383674114883191,"DRC1"
"WDR49","Normal",-0.000383382537854758,"WDR49"
"STMN4","PA",-0.000383173203766274,"STMN4"
"CRYM","MED",-0.000383007730060838,"CRYM"
"PCDHB5","Normal",-0.000382616257734842,"PCDHB5"
"C9orf135","GBM",0.000382201352524996,"C9orf135"
"FAXC","GBM",0.000382074829911648,"FAXC"
"B3GALT2","Normal",0.000381373767555043,"B3GALT2"
"MMP9","PA",-0.000380948411537084,"MMP9"
"SH3GL3","EPN",-0.000380598758966498,"SH3GL3"
"BAIAP3","GBM",-0.000380217885307047,"BAIAP3"
"TOX3","Normal",-0.000379637543033455,"TOX3"
"LOX","GBM",0.000379454864844698,"LOX"
"LHFPL3","Normal",-0.000378952989816693,"LHFPL3"
"RPS4Y1","MED",0.000378850147524004,"RPS4Y1"
"MIR675","EPN",0.000377117960099616,"MIR675"
"LPAR3","MED",-0.000375819999438365,"LPAR3"
"SOX2.OT","Normal",0.000375325641475095,"SOX2-OT"
"DAW1","PA",-0.000374797416403743,"DAW1"
"HS6ST3","MED",-0.000374703974252817,"HS6ST3"
"FAIM2","GBM",-0.000374531664112054,"FAIM2"
"PACSIN1","GBM",0.000374192572400092,"PACSIN1"
"TMEM132B","GBM",-0.000373928416747313,"TMEM132B"
"CCL3L3","EPN",-0.000373780313693023,"CCL3L3"
"C6orf118","Normal",-0.000373600785027346,"C6orf118"
"DLL3","MED",0.000373576945945381,"DLL3"
"KCNQ2","PA",0.000373487210665522,"KCNQ2"
"ASS1","GBM",-0.000373444537625639,"ASS1"
"SHISA6","MED",0.000373211853444404,"SHISA6"
"LOC100996542","EPN",-0.000372867218516452,"LOC100996542"
"SYT4","GBM",0.00037266988399596,"SYT4"
"HEPH","GBM",-0.000372150574982628,"HEPH"
"GMPR","MED",-0.00037208614038631,"GMPR"
"COL15A1","Normal",-0.000371380315589296,"COL15A1"
"ODF3B","Normal",-0.000369445213721966,"ODF3B"
"HPR","EPN",0.000368882988397381,"HPR"
"SCUBE2","GBM",-0.000367655755587218,"SCUBE2"
"LHFPL4","PA",-0.000367406444711745,"LHFPL4"
"TMEM132D","MED",-0.000367146978374992,"TMEM132D"
"FCGR3B","EPN",0.000367081116939933,"FCGR3B"
"LRRC3B","EPN",0.00036704559376735,"LRRC3B"
"PPL","GBM",0.000366723935131648,"PPL"
"MIR124.2HG","GBM",0.000366366574953466,"MIR124-2HG"
"PEX5L","GBM",0.000365841114704829,"PEX5L"
"C21orf62","EPN",0.000365538656919751,"C21orf62"
"FOXP2","EPN",0.000365349682285056,"FOXP2"
"IRX1","EPN",0.000365083645687982,"IRX1"
"PCDH7","MED",0.000364385718625052,"PCDH7"
"ERBB3","Normal",0.000364263031607454,"ERBB3"
"KCNE5","Normal",0.000363893589098714,"KCNE5"
"CUX2","EPN",0.000363411536315882,"CUX2"
"SCN2B","EPN",-0.00036314708032197,"SCN2B"
"SNHG17","EPN",-0.000362973574024544,"SNHG17"
"RSPH4A","Normal",-0.000362581149258557,"RSPH4A"
"METTL7B","PA",0.000361229730479397,"METTL7B"
"S100A8","Normal",0.00036120772972238,"S100A8"
"FOXG1","MED",-0.000360892035896488,"FOXG1"
"TTC29","Normal",-0.00036037502978522,"TTC29"
"FAM131B","MED",-0.00035982739252784,"FAM131B"
"ELAVL3","GBM",-0.000359569384818501,"ELAVL3"
"POSTN","GBM",0.000359067506367842,"POSTN"
"MLIP","GBM",-0.000358724466367389,"MLIP"
"NPNT","PA",-0.000358642230419011,"NPNT"
"IRX1","GBM",-0.00035789200340912,"IRX1"
"EPHA5","EPN",-0.000357060601444936,"EPHA5"
"S100A8","PA",-0.000356895127483366,"S100A8"
"DLX1","MED",0.000356802047287604,"DLX1"
"GPC4","PA",0.000355537318322823,"GPC4"
"HHATL","EPN",0.000354786503610228,"HHATL"
"PEX5L","PA",-0.000354565289043693,"PEX5L"
"SNAP25","GBM",-0.00035434061885631,"SNAP25"
"AK7","Normal",-0.000353748257748892,"AK7"
"CHRM3","PA",0.000352363193606255,"CHRM3"
"SH3GL3","GBM",0.000351943750150711,"SH3GL3"
"CCDC96","MED",-0.000351850692867103,"CCDC96"
"PRIMA1","Normal",-0.000351685822633338,"PRIMA1"
"SYNGR3","GBM",-0.000351482793507197,"SYNGR3"
"LOC101930373","Normal",-0.000351474959206574,"LOC101930373"
"RCAN3","EPN",0.000350371647623194,"RCAN3"
"CNTN3","MED",0.000350054960751276,"CNTN3"
"OTX2.AS1","EPN",-0.000348129351945608,"OTX2-AS1"
"FAIM2","EPN",-0.000347910555006881,"FAIM2"
"MASP1","Normal",-0.000347261622386202,"MASP1"
"DCX","GBM",0.000347030437278758,"DCX"
"PAX3","Normal",-0.000346015398074203,"PAX3"
"TNC","PA",0.000345706752712955,"TNC"
"DSP","EPN",0.000345302772602513,"DSP"
"CPAMD8","MED",-0.000344837485772405,"CPAMD8"
"ST8SIA2","Normal",-0.000344777726884875,"ST8SIA2"
"LRRC2","GBM",0.000344550456456827,"LRRC2"
"DYDC2","MED",-0.000344004748443655,"DYDC2"
"CELF5","PA",0.000344002100564377,"CELF5"
"CCDC170","Normal",-0.000343772943755234,"CCDC170"
"MIR8071.2","MED",0.000343768556510819,"MIR8071-2"
"ADAMTS18","GBM",-0.000343036652408744,"ADAMTS18"
"EFNA2","GBM",0.000342547095390223,"EFNA2"
"HS3ST3B1","Normal",0.000342347331432853,"HS3ST3B1"
"ECM2","PA",0.000342315152661049,"ECM2"
"RPS4Y1","PA",-0.000341976323550859,"RPS4Y1"
"CXCL2","PA",0.000341966571879551,"CXCL2"
"RALYL","MED",0.000341829391043343,"RALYL"
"XIST","PA",0.000340746727671484,"XIST"
"TMEM132B","Normal",-0.000340662173503814,"TMEM132B"
"DNM3","GBM",0.000339881288143908,"DNM3"
"ARMC4","Normal",-0.000339689859543673,"ARMC4"
"DNAH5","PA",-0.000338776821956907,"DNAH5"
"CRNDE","GBM",-0.000338405638585584,"CRNDE"
"PHACTR3","GBM",-0.000338139016108188,"PHACTR3"
"TOP2A","EPN",-0.000337991957007655,"TOP2A"
"MAL2","EPN",0.000337764290216438,"MAL2"
"XIST","MED",-0.000337608465737442,"XIST"
"LGR5","MED",-0.000337521488237271,"LGR5"
"PDGFD","Normal",-0.000336361012363824,"PDGFD"
"VAT1L","MED",0.000336164779496121,"VAT1L"
"COL11A1","EPN",-0.000335724444417543,"COL11A1"
"ELN","PA",0.000335626728350371,"ELN"
"LTF","EPN",-0.000335595161324354,"LTF"
"CTHRC1","MED",0.000334853891250231,"CTHRC1"
"LGI1","EPN",0.000334769168564862,"LGI1"
"GABRA5","MED",0.000333885482639575,"GABRA5"
"CHI3L1","Normal",-0.00033345324820365,"CHI3L1"
"PLN","Normal",-0.000333213402546976,"PLN"
"PCDH7","Normal",0.000332322722285743,"PCDH7"
"FAM81B","PA",-0.000331112585248829,"FAM81B"
"CTSZ","Normal",0.00033104915814153,"CTSZ"
"LOC101928916","PA",0.000330640897257005,"LOC101928916"
"SYNPR","MED",0.000330244183050787,"SYNPR"
"DNAH12","Normal",-0.000330235738851125,"DNAH12"
"EFHC2","Normal",-0.000330043313665224,"EFHC2"
"KCNA5","Normal",-0.000329810088812225,"KCNA5"
"IGLC1","Normal",-0.000328654219807954,"IGLC1"
"LOC101928817","PA",-0.000328446067386048,"LOC101928817"
"ZNF474","Normal",-0.000328383917239964,"ZNF474"
"GRM3","EPN",0.000327824561209755,"GRM3"
"LHFPL4","GBM",0.000327170598974946,"LHFPL4"
"WDR63","Normal",-0.00032696081216165,"WDR63"
"LINC00844","Normal",0.000326909914489825,"LINC00844"
"RAB33A","MED",-0.000326457657938995,"RAB33A"
"PRPH","PA",-0.000325799405617034,"PRPH"
"VSTM2A","GBM",-0.000325168122597256,"VSTM2A"
"CFAP206","Normal",-0.000325073592560048,"CFAP206"
"CHRDL1","PA",0.00032500353717139,"CHRDL1"
"RIMS1","GBM",-0.000324748891643202,"RIMS1"
"CAB39L","Normal",0.00032408724654153,"CAB39L"
"TUBB4A","GBM",0.000323326991873625,"TUBB4A"
"BAIAP3","Normal",0.000323054203467589,"BAIAP3"
"HOXD4","EPN",-0.000322881340462454,"HOXD4"
"MAB21L2","MED",0.000322312703945927,"MAB21L2"
"C16orf89","PA",-0.000322108638828227,"C16orf89"
"CHODL","GBM",-0.000322072409189264,"CHODL"
"KCNMB4","MED",0.000321960444158058,"KCNMB4"
"CDCA7","EPN",0.000321460422090696,"CDCA7"
"TSPAN18","Normal",-0.000321023675552547,"TSPAN18"
"DACT1","Normal",0.000320979467018626,"DACT1"
"CCDC114","MED",-0.000320485656672814,"CCDC114"
"KDM5D","EPN",0.000320378411144606,"KDM5D"
"ODF3B","PA",-0.000319983567799019,"ODF3B"
"GPX3","Normal",-0.000319880347909313,"GPX3"
"FAM19A1","EPN",-0.00031971665120569,"FAM19A1"
"CCDC146","MED",-0.000319484187975764,"CCDC146"
"ADGRB3","MED",0.000319413235509056,"ADGRB3"
"LOC101060391","EPN",0.00031920539317971,"LOC101060391"
"SMOC1","Normal",-0.000319123814593356,"SMOC1"
"CRYM","EPN",0.000318580381491044,"CRYM"
"FNDC5","PA",-0.000318008860640326,"FNDC5"
"GABRA5","EPN",0.000317888870242188,"GABRA5"
"EBF3","PA",-0.000316861592912878,"EBF3"
"ZFHX4","MED",-0.0003161675561337,"ZFHX4"
"GRM1","MED",0.000315458714159419,"GRM1"
"CNTN1","Normal",0.000315449445942394,"CNTN1"
"PLPPR1","GBM",-0.000314953480816325,"PLPPR1"
"DACT1","PA",-0.000314944193612911,"DACT1"
"LOC101928817","MED",-0.000314796300857303,"LOC101928817"
"DUSP5","GBM",-0.000314563336328179,"DUSP5"
"DNAAF3","Normal",-0.000314024597454419,"DNAAF3"
"PEX5L","MED",0.000313980901749714,"PEX5L"
"DCDC2","Normal",-0.000313844382225148,"DCDC2"
"PPL","MED",0.000312787064166038,"PPL"
"KCNN3","EPN",0.000312710559879775,"KCNN3"
"STUM","GBM",0.000311602510186162,"STUM"
"IRX1","MED",-0.000311336756246658,"IRX1"
"BBOX1","EPN",0.000310781678328565,"BBOX1"
"NEUROD1","Normal",0.000310606621910166,"NEUROD1"
"KCNQ5","GBM",-0.000310052111220633,"KCNQ5"
"ST18","Normal",0.000309759547842109,"ST18"
"RCAN2","GBM",0.000309375894947708,"RCAN2"
"SNAP25","PA",0.000309001267786361,"SNAP25"
"CDKN2B","GBM",-0.000308886050860801,"CDKN2B"
"CXCL5","Normal",-0.00030856236816168,"CXCL5"
"MIR548F5","Normal",-0.000308463882431668,"MIR548F5"
"GABRA2","MED",-0.000306755338779913,"GABRA2"
"SATB2","Normal",-0.000306705757427388,"SATB2"
"SCN3A","Normal",0.000306055627986363,"SCN3A"
"PIFO","PA",0.000305764741236137,"PIFO"
"COL4A6","PA",-0.000305268024110432,"COL4A6"
"NEFM","GBM",0.000304932261060834,"NEFM"
"SLIT2","MED",0.000304926078835794,"SLIT2"
"ZFPM2","Normal",0.000304742580722141,"ZFPM2"
"TNFAIP6","PA",0.00030443853976499,"TNFAIP6"
"SCRG1","Normal",0.000303333362114237,"SCRG1"
"CRLF1","Normal",-0.000303265689599014,"CRLF1"
"PLLP","GBM",0.000302985446866942,"PLLP"
"SFRP1","Normal",0.000302442884366307,"SFRP1"
"HOXB2","Normal",-0.000302288354925699,"HOXB2"
"MFAP2","GBM",-0.000302024372254939,"MFAP2"
"RBM24","Normal",0.000300595393300101,"RBM24"
"SATB2","MED",-0.000300453414094607,"SATB2"
"XKR4","PA",0.000299485847591288,"XKR4"
"FAM216B","PA",-0.000298836829806674,"FAM216B"
"RUNX2","GBM",0.000298794178646993,"RUNX2"
"STXBP6","GBM",-0.000298128458820373,"STXBP6"
"PRDM6","PA",-0.000297828787940277,"PRDM6"
"BRINP2","Normal",0.00029756757104786,"BRINP2"
"ECM2","GBM",0.000297425330608702,"ECM2"
"DAW1","Normal",-0.00029663515650017,"DAW1"
"SPAG1","GBM",0.000296453234125967,"SPAG1"
"CACNA1G","EPN",-0.000296317759193932,"CACNA1G"
"CX3CR1","Normal",-0.000296264460783155,"CX3CR1"
"DACT1","EPN",-0.000296227067430912,"DACT1"
"ATRNL1","MED",-0.000296109963921552,"ATRNL1"
"CBLN1","PA",-0.000295244492358787,"CBLN1"
"DNM1","GBM",0.000294893446588085,"DNM1"
"EFNA2","Normal",-0.000294400677235926,"EFNA2"
"ADAM12","MED",0.000294169836954774,"ADAM12"
"RYR3","GBM",-0.000293974348704977,"RYR3"
"USP9Y","EPN",0.000293041938839397,"USP9Y"
"TCTEX1D1","Normal",-0.000292584467450748,"TCTEX1D1"
"NHLH2","Normal",0.000292197549571442,"NHLH2"
"KISS1R","PA",-0.000292111174286712,"KISS1R"
"LAMA1","MED",-0.000291875413482461,"LAMA1"
"CSMD1","EPN",-0.000291592847535312,"CSMD1"
"CD36","MED",-0.000291549117058557,"CD36"
"LYPD1","EPN",0.00029120074246126,"LYPD1"
"CDKN2B","EPN",0.000290946301396029,"CDKN2B"
"MIR548F5","EPN",-0.000290928815265444,"MIR548F5"
"DCDC2","PA",-0.000290695261613492,"DCDC2"
"C2orf80","Normal",0.000290259308310738,"C2orf80"
"SPAG17","Normal",-0.000289678329396958,"SPAG17"
"LOC100996542","MED",-0.000289461891537219,"LOC100996542"
"BCAN","Normal",-0.0002891819769115,"BCAN"
"SEZ6L","Normal",0.000289064906851072,"SEZ6L"
"MET","MED",-0.000288966598732468,"MET"
"ASCL1","Normal",-0.00028828075528908,"ASCL1"
"CNR1","Normal",0.000288080795277084,"CNR1"
"MECOM","GBM",-0.000287739314020558,"MECOM"
"HOXA10.HOXA9","PA",-0.000287210408489307,"HOXA10-HOXA9"
"TMEM45A","MED",-0.000286732309990632,"TMEM45A"
"CPNE4","GBM",-0.000286213718796421,"CPNE4"
"CSMD3","EPN",0.000285955564470904,"CSMD3"
"GPR88","GBM",0.000285122982339231,"GPR88"
"PPP1R1A","MED",0.000283077163936406,"PPP1R1A"
"TKTL1","PA",0.000282923431423461,"TKTL1"
"SPRY4","Normal",-0.00028203422819016,"SPRY4"
"PTGS2","EPN",-0.000281779027613516,"PTGS2"
"SLIT1","PA",0.000281166599484745,"SLIT1"
"KCNIP4","MED",0.000281153369536287,"KCNIP4"
"FAM216B","MED",-0.000280964656136909,"FAM216B"
"MLIP","Normal",0.000280058331687226,"MLIP"
"ALDH1L1","PA",0.000279986881572938,"ALDH1L1"
"CA10","Normal",0.000279839942699417,"CA10"
"WDR66","Normal",-0.00027939099177691,"WDR66"
"HCN1","MED",-0.000279209859761685,"HCN1"
"LGI1","MED",-0.000278823094220424,"LGI1"
"ZFPM2","EPN",0.000278436775147478,"ZFPM2"
"CD36","Normal",-0.000277163357525882,"CD36"
"CBLN2","EPN",-0.000277120229143193,"CBLN2"
"EN2","EPN",-0.000276622908890519,"EN2"
"SHC3","Normal",0.00027655896165747,"SHC3"
"SALL3","PA",-0.000276191535724951,"SALL3"
"GABRB3","PA",0.000276104836628066,"GABRB3"
"PTGS2","GBM",-0.000275931952322772,"PTGS2"
"LOC101928882","Normal",-0.000275716496994835,"LOC101928882"
"NPNT","EPN",-0.000275446212922656,"NPNT"
"TEKT1","Normal",-0.000275228466550898,"TEKT1"
"SV2C","MED",0.000275210747525473,"SV2C"
"DUSP5","PA",0.000274742407997219,"DUSP5"
"THRB","PA",0.000274722826214927,"THRB"
"PLPP4","EPN",-0.000274303180960856,"PLPP4"
"HOXB3","Normal",-0.000273944203927982,"HOXB3"
"GABRA1","MED",0.00027384502999724,"GABRA1"
"MASP1","PA",0.00027361736343469,"MASP1"
"HOXA3","PA",-0.000273483881445519,"HOXA3"
"HS6ST2","GBM",0.00027301193666521,"HS6ST2"
"ADCY2","GBM",-0.000272402951410963,"ADCY2"
"GABRD","MED",0.000272305268620691,"GABRD"
"ENPP5","GBM",0.000271882798105231,"ENPP5"
"PCDH17","MED",-0.000271876389160288,"PCDH17"
"GRIA2","Normal",0.000271245274702683,"GRIA2"
"FAM179A","Normal",0.000271128708920928,"FAM179A"
"SPOCK3","GBM",0.000270983375293781,"SPOCK3"
"PARM1","GBM",-0.000270821153039833,"PARM1"
"SOX10","GBM",0.000270500481286931,"SOX10"
"FAM179A","PA",-0.000270019995224059,"FAM179A"
"PCDH11Y","MED",0.000269595428474678,"PCDH11Y"
"SPHKAP","EPN",-0.000269582320814293,"SPHKAP"
"HOXA5","Normal",-0.000268858895409334,"HOXA5"
"CD163","EPN",-0.00026876007510245,"CD163"
"MAP3K19","Normal",-0.000267998174908752,"MAP3K19"
"C1orf158","Normal",-0.000267348343628543,"C1orf158"
"NEUROG1","PA",-0.000267284538209717,"NEUROG1"
"SNHG17","MED",-0.000266985479085282,"SNHG17"
"CNR1","GBM",-0.000266662474723083,"CNR1"
"ELAVL3","PA",0.000266577119254124,"ELAVL3"
"PDE1A","PA",0.000266080560143833,"PDE1A"
"CDHR1","PA",-0.000265477778586237,"CDHR1"
"SPX","EPN",-0.000265261045118671,"SPX"
"RASGRP1","MED",-0.000263885157430244,"RASGRP1"
"NTS","GBM",-0.000263819394104645,"NTS"
"ETNPPL","MED",-0.000263806165979381,"ETNPPL"
"FOXD1","PA",0.000263677327703841,"FOXD1"
"RASL10A","Normal",0.000262949884701685,"RASL10A"
"ROPN1L","Normal",-0.000262720168066617,"ROPN1L"
"SYN2","MED",-0.000262594809544528,"SYN2"
"CXCL5","GBM",0.000261395471033087,"CXCL5"
"CXCL6","PA",-0.000261166507762813,"CXCL6"
"NTRK2","GBM",0.00026075285577433,"NTRK2"
"HOXD4","Normal",-0.000260512980862527,"HOXD4"
"ST6GALNAC2","Normal",-0.000260349401674891,"ST6GALNAC2"
"PMP2","Normal",0.000259833595110769,"PMP2"
"SLC27A6","GBM",-0.000259743422901008,"SLC27A6"
"AKR1C3","MED",-0.000259627013321261,"AKR1C3"
"CD36","PA",-0.000259598230019739,"CD36"
"CTSZ","MED",-0.000259591225633375,"CTSZ"
"CPNE4","Normal",0.000258454418485425,"CPNE4"
"KCNJ4","MED",0.000257144909106072,"KCNJ4"
"SNCB","MED",-0.00025695265880683,"SNCB"
"BMPR1B","PA",0.000256316836937167,"BMPR1B"
"CFAP43","MED",-0.000255943147666779,"CFAP43"
"DDX3Y","EPN",0.000255777813292035,"DDX3Y"
"IL13RA2","Normal",-0.000255621754003868,"IL13RA2"
"CFAP45","Normal",-0.000255540317209598,"CFAP45"
"FZD7","Normal",0.000255304739237071,"FZD7"
"SLCO1C1","PA",0.000255203467939284,"SLCO1C1"
"NUP62CL","MED",0.000254572950059791,"NUP62CL"
"DNAJC6","GBM",-0.00025443216089172,"DNAJC6"
"BOC","Normal",0.000254167762564535,"BOC"
"APLNR","Normal",-0.000253603532664228,"APLNR"
"ENKUR","Normal",-0.000253070014783847,"ENKUR"
"ADIRF","GBM",-0.000252980955611296,"ADIRF"
"CFAP70","Normal",-0.000252915661563859,"CFAP70"
"LPAR1","EPN",0.000252807455921352,"LPAR1"
"TLE2","GBM",-0.000252796080194934,"TLE2"
"HSPB8","GBM",-0.000252128305530499,"HSPB8"
"LOC441179","EPN",-0.000251567825291414,"LOC441179"
"COL15A1","MED",0.000251327144605178,"COL15A1"
"SEMA3E","Normal",-0.000251308271584076,"SEMA3E"
"MAL2","MED",0.000251250338335262,"MAL2"
"C11orf88","Normal",-0.000251137973405014,"C11orf88"
"RIMS3","GBM",-0.000250528696270527,"RIMS3"
"GALNT3","GBM",-0.000249997426007252,"GALNT3"
"C5orf49","Normal",-0.000249445584257717,"C5orf49"
"EPHA7","EPN",0.000249322558674848,"EPHA7"
"MCHR1","GBM",0.000249275718311635,"MCHR1"
"PTX3","MED",-0.000248900584374191,"PTX3"
"WDR38","Normal",-0.000248765212312553,"WDR38"
"FGF12","GBM",-0.000248471797325342,"FGF12"
"TMEM130","MED",0.000248470912248863,"TMEM130"
"NRSN1","MED",0.000248424339320937,"NRSN1"
"FMO1","Normal",-0.000247963022950793,"FMO1"
"TMEFF2","GBM",-0.000247448477511021,"TMEFF2"
"MXRA5","EPN",0.000247434053822981,"MXRA5"
"ENKUR","PA",-0.000247024526456697,"ENKUR"
"LOC645321","Normal",0.000246996401827822,"LOC645321"
"INSM2","PA",-0.00024637953389915,"INSM2"
"SLC7A2","GBM",0.000246351397098891,"SLC7A2"
"TENM1","GBM",0.000245965460816179,"TENM1"
"HOXC6","MED",0.000245194468337538,"HOXC6"
"ZMYND10","Normal",-0.000244338013839395,"ZMYND10"
"UGT8","MED",-0.000243847729034163,"UGT8"
"CH25H","GBM",-0.000242663706701886,"CH25H"
"SPOCK3","PA",-0.000241525575287947,"SPOCK3"
"COL4A5","Normal",-0.000241016047746478,"COL4A5"
"WFIKKN2","Normal",-0.000240834924248267,"WFIKKN2"
"SEMA5A","Normal",-0.000240624923075313,"SEMA5A"
"IL13RA2","EPN",-0.000240547317221633,"IL13RA2"
"C8orf34","PA",-0.000240339087164007,"C8orf34"
"KCNE5","GBM",-0.000239799499885205,"KCNE5"
"SNCAIP","Normal",-0.000238776953420591,"SNCAIP"
"KCNJ3","MED",-0.000238609805890777,"KCNJ3"
"LRRC3B","GBM",-0.000238233906554507,"LRRC3B"
"DSG2","GBM",-0.000237917807351767,"DSG2"
"COL6A2","PA",0.00023740571624673,"COL6A2"
"HOXA5","PA",-0.000237327116362179,"HOXA5"
"PLN","MED",-0.000236773524947327,"PLN"
"GABRA2","EPN",-0.000236631432047648,"GABRA2"
"RMST","MED",0.000236328382326029,"RMST"
"INA","GBM",0.000236260441634215,"INA"
"DNM3","PA",0.000236157940551772,"DNM3"
"CX3CR1","EPN",0.000236114667729032,"CX3CR1"
"LGR5","GBM",-0.000235906388781652,"LGR5"
"INSM1","Normal",-0.000235814555861625,"INSM1"
"FAM81B","Normal",-0.000235658737416109,"FAM81B"
"GLIS3","Normal",-0.000235596896364217,"GLIS3"
"PHYHIP","EPN",0.000235589628761804,"PHYHIP"
"PCP4","EPN",0.000234984606573978,"PCP4"
"GDA","GBM",0.000234909173909053,"GDA"
"CMTM5","Normal",0.000234905963417319,"CMTM5"
"ARMC3","Normal",-0.000233441845737329,"ARMC3"
"GMPR","Normal",0.000232597936147739,"GMPR"
"CDH19","Normal",-0.00023189955067774,"CDH19"
"CAPS","Normal",-0.00023171880869515,"CAPS"
"SORCS3","Normal",0.000231072377330763,"SORCS3"
"LY6H","PA",-0.000230191710005511,"LY6H"
"RPS4Y1","EPN",0.000229955418504581,"RPS4Y1"
"CA10","MED",-0.000229669022522886,"CA10"
"ELFN2","Normal",0.000229505771427898,"ELFN2"
"CABP7","EPN",-0.000229277206992948,"CABP7"
"HS6ST3","EPN",-0.000229127195591867,"HS6ST3"
"FAM216B","Normal",-0.000228583101343258,"FAM216B"
"TMEM35A","MED",0.000228200502964308,"TMEM35A"
"SYN1","PA",-0.00022802133534236,"SYN1"
"B3GAT2","PA",0.000228002013650504,"B3GAT2"
"PPL","EPN",0.000227960921539231,"PPL"
"POSTN","MED",-0.000227477464507652,"POSTN"
"SORCS3","GBM",0.000227005790148856,"SORCS3"
"DIRAS2","PA",0.000226664545029998,"DIRAS2"
"CPLX1","GBM",-0.000226641132412507,"CPLX1"
"TMEM132B","MED",0.000225944120155766,"TMEM132B"
"KLHL4","Normal",0.000225859716524689,"KLHL4"
"LTF","Normal",-0.000225718692105904,"LTF"
"LAMP5","GBM",0.00022506443610834,"LAMP5"
"SPAG6","MED",0.000224671730165542,"SPAG6"
"SAPCD2","EPN",-0.000224350208358411,"SAPCD2"
"ONECUT2","Normal",-0.000224330814481863,"ONECUT2"
"BAMBI","EPN",0.000223996499573101,"BAMBI"
"INS.IGF2","Normal",-0.000222957903596872,"INS-IGF2"
"CYP46A1","EPN",-0.000222690564236977,"CYP46A1"
"EFNA2","PA",-0.000222380766808223,"EFNA2"
"COL6A2","MED",-0.000222195221822338,"COL6A2"
"ATP10B","GBM",-0.000222152680658297,"ATP10B"
"PIRT","PA",-0.000221600741993387,"PIRT"
"BRINP3","Normal",0.000221396772444939,"BRINP3"
"NETO2","PA",-0.000221010173079295,"NETO2"
"MCHR1","Normal",-0.000220953779526064,"MCHR1"
"GRIA2","MED",0.000219910960419858,"GRIA2"
"C9orf24","Normal",0.000218451536393972,"C9orf24"
"ATP10B","EPN",-0.000218417437830553,"ATP10B"
"C3","EPN",0.000218098321964336,"C3"
"S100B","EPN",0.00021790487068123,"S100B"
"MXRA5","MED",0.000217797016068425,"MXRA5"
"IBSP","EPN",-0.000217734360861358,"IBSP"
"SLC24A2","MED",0.000217694870659472,"SLC24A2"
"RPH3A","MED",0.000217393175129443,"RPH3A"
"PGAM2","Normal",0.000216785397091793,"PGAM2"
"UNC5D","GBM",0.000216397067014137,"UNC5D"
"OLIG2","Normal",-0.00021528537455227,"OLIG2"
"GABBR2","EPN",-0.000214743453600846,"GABBR2"
"SNHG17","Normal",-0.000214148498468159,"SNHG17"
"COL4A6","MED",0.000213812826573463,"COL4A6"
"LINC00844","GBM",0.000213714751198101,"LINC00844"
"RASL10A","MED",0.000212835256819576,"RASL10A"
"DMRT2","EPN",0.000212810090293218,"DMRT2"
"ADAMTS16","Normal",0.000212400713410269,"ADAMTS16"
"FAM110C","PA",-0.000212258940507517,"FAM110C"
"PTPN5","MED",0.000210941306397855,"PTPN5"
"RSPO3","EPN",-0.000210847284983875,"RSPO3"
"MLIP","PA",-0.000210488269442049,"MLIP"
"GABRB1","PA",0.000210459583922801,"GABRB1"
"CCDC40","Normal",-0.00021028743828773,"CCDC40"
"ENKUR","GBM",-0.000209717411369947,"ENKUR"
"ST8SIA3","PA",-0.000209500316937643,"ST8SIA3"
"THRB","GBM",0.00020926230435248,"THRB"
"F13A1","GBM",0.000209217609776925,"F13A1"
"DNAH5","MED",-0.00020850869596364,"DNAH5"
"SERTM1","GBM",-0.00020838182575714,"SERTM1"
"VWA3B","Normal",-0.000208195883258615,"VWA3B"
"FCGBP","EPN",0.000208097462347438,"FCGBP"
"XIST","EPN",-0.000207268827555514,"XIST"
"TDRD9","MED",0.000206643266794192,"TDRD9"
"COL8A1","GBM",-0.000206136082103613,"COL8A1"
"CDHR1","EPN",0.000205647597006404,"CDHR1"
"CD163","Normal",0.00020546322980241,"CD163"
"KISS1R","MED",-0.000205230375142866,"KISS1R"
"MECOM","PA",-0.000205135360986176,"MECOM"
"CA12","EPN",-0.00020508142556466,"CA12"
"DACH1","Normal",-0.000204643531137364,"DACH1"
"SIX6","EPN",-0.000204420944978299,"SIX6"
"CAPSL","Normal",-0.00020348456008337,"CAPSL"
"DKK2","PA",0.000203308442895953,"DKK2"
"CAMKV","GBM",0.000203259389695739,"CAMKV"
"TMEM200A","GBM",-0.000203254834423368,"TMEM200A"
"TRIM29","Normal",-0.000203187975060794,"TRIM29"
"TMEM200A","EPN",-0.000202686384779249,"TMEM200A"
"HOXA5","GBM",-0.000202676020579674,"HOXA5"
"PIFO","GBM",-0.00020247169550147,"PIFO"
"SLC47A2","GBM",-0.000202414629226405,"SLC47A2"
"LRRC2","Normal",0.000202191801558728,"LRRC2"
"IGHA2","GBM",0.000202161523635789,"IGHA2"
"PLN","PA",0.000202080028760385,"PLN"
"SHISA6","GBM",-0.000201961664617794,"SHISA6"
"HS3ST1","Normal",0.00020118678215785,"HS3ST1"
"RAB3C","PA",0.00020079270584229,"RAB3C"
"SLC6A13","Normal",0.000200269877281907,"SLC6A13"
"SLITRK4","EPN",0.000200269787921639,"SLITRK4"
"SRPX2","MED",-0.000200171541773899,"SRPX2"
"GRIK3","Normal",0.000199475051006227,"GRIK3"
"LOC101928916","EPN",-0.000198683794519617,"LOC101928916"
"TMEM255A","EPN",-0.000198545921464991,"TMEM255A"
"SLPI","EPN",0.000197904702161238,"SLPI"
"SERPINE1","EPN",0.000197780070312502,"SERPINE1"
"EMX2","MED",0.000197646668694262,"EMX2"
"BMP5","GBM",0.000197567958789126,"BMP5"
"THRB","EPN",-0.000197281084433879,"THRB"
"TGFA","Normal",-0.000196569998725667,"TGFA"
"FBXL16","PA",0.000196245134931431,"FBXL16"
"CXCL14","PA",-0.000196164625075519,"CXCL14"
"ZNF536","EPN",0.000196060830615969,"ZNF536"
"RNF128","Normal",0.000195375457236308,"RNF128"
"LOC101928817","Normal",-0.000195195622627254,"LOC101928817"
"SAPCD2","MED",-0.00019491097289356,"SAPCD2"
"TPPP3","GBM",-0.000194870212937048,"TPPP3"
"EN1","PA",0.000194737351745771,"EN1"
"IGLON5","GBM",0.00019386250660076,"IGLON5"
"CHRM3","Normal",0.000193797065443634,"CHRM3"
"C11orf63","GBM",0.00019366361138296,"C11orf63"
"PITPNM3","MED",-0.000192086289002536,"PITPNM3"
"TPPP3","PA",-0.000191551780031667,"TPPP3"
"FOXJ1","PA",-0.000191034442384071,"FOXJ1"
"GFPT2","PA",0.000190980431327608,"GFPT2"
"CFAP126","GBM",-0.000189894813030863,"CFAP126"
"FGFR3","GBM",0.000188194456265743,"FGFR3"
"COL4A5","GBM",-0.000187886864789188,"COL4A5"
"RALYL","PA",0.000186945261146003,"RALYL"
"TMSB15B","PA",-0.000186703661581757,"TMSB15B"
"SLCO1C1","EPN",-0.000186671029551416,"SLCO1C1"
"IGHA2","EPN",0.000186418305975072,"IGHA2"
"AR","Normal",-0.000186290137103849,"AR"
"DYDC2","Normal",-0.000185127546534082,"DYDC2"
"CHRDL1","Normal",0.000185083578630341,"CHRDL1"
"LMF1","Normal",0.000184168425326954,"LMF1"
"FRAS1","GBM",0.000183847167165086,"FRAS1"
"AKR1C3","Normal",-0.000183544967296899,"AKR1C3"
"SLC17A7","GBM",-0.000183420638138918,"SLC17A7"
"INS.IGF2","MED",0.000183109658516482,"INS-IGF2"
"SRPX","Normal",-0.000182220898284843,"SRPX"
"PCP4","GBM",-0.000181549040426209,"PCP4"
"KCNJ16","GBM",0.000181531114931707,"KCNJ16"
"GRIA4","GBM",-0.00018118400608577,"GRIA4"
"SLC6A13","MED",-0.000180214366924047,"SLC6A13"
"DYNLRB2","Normal",0.000179802559654558,"DYNLRB2"
"C11orf63","Normal",-0.000179631618764046,"C11orf63"
"CFAP126","Normal",-0.000179569203896685,"CFAP126"
"ADCY2","PA",-0.000178491774859459,"ADCY2"
"RNF43","Normal",0.000178366784809303,"RNF43"
"OLIG1","Normal",0.000177793706341694,"OLIG1"
"DSG2","MED",0.000176761195177234,"DSG2"
"PCDH17","Normal",0.00017644896516048,"PCDH17"
"IL20RA","Normal",0.000175455566114982,"IL20RA"
"RFX4","PA",-0.00017542503871929,"RFX4"
"BCHE","Normal",-0.000175294217737061,"BCHE"
"CSPG4","EPN",0.000174885083111691,"CSPG4"
"PRDM6","Normal",-0.000174319177596453,"PRDM6"
"PLPPR5","GBM",0.000174236033515651,"PLPPR5"
"LINC01088","Normal",0.000173931203347104,"LINC01088"
"KCNQ5","Normal",0.000173577578153848,"KCNQ5"
"STUM","EPN",0.000172928028465805,"STUM"
"NMNAT2","MED",0.000172918605812904,"NMNAT2"
"CD24","EPN",-0.000172764941481242,"CD24"
"AKAP14","Normal",-0.000172296461358432,"AKAP14"
"GPR17","EPN",-0.000172218566056855,"GPR17"
"F13A1","Normal",0.000172070412566307,"F13A1"
"SCN2A","GBM",0.000171725591464689,"SCN2A"
"CELF5","MED",0.000171319611061972,"CELF5"
"SLC15A2","PA",-0.000170947320934561,"SLC15A2"
"HEPH","PA",0.000170571364227605,"HEPH"
"SPAG6","Normal",-0.000170461574409639,"SPAG6"
"CPNE4","PA",0.000170164959395424,"CPNE4"
"KIAA0101","EPN",-0.000169992462737986,"KIAA0101"
"ADCY1","GBM",-0.000169927797525256,"ADCY1"
"KCNK1","MED",0.00016940758988925,"KCNK1"
"GABRG2","GBM",-0.000168824845413151,"GABRG2"
"NKAIN1","GBM",0.000167755059206047,"NKAIN1"
"HOXC6","PA",0.000167736484583595,"HOXC6"
"ODF3B","MED",-0.000166514906437713,"ODF3B"
"PNMA3","MED",-0.000166481269828074,"PNMA3"
"FAM84A","Normal",-0.000166374917591764,"FAM84A"
"NDP","Normal",0.000166232239643116,"NDP"
"VIPR2","MED",0.000166118906256126,"VIPR2"
"CHI3L1","EPN",0.000166003716455726,"CHI3L1"
"PEBP4","PA",-0.000165768399387672,"PEBP4"
"SERPINF1","Normal",-0.000165557461689949,"SERPINF1"
"SNAP91","EPN",0.000165386147865158,"SNAP91"
"NHLH1","Normal",-0.000164779707558714,"NHLH1"
"SYT13","MED",0.000164019425661156,"SYT13"
"IPCEF1","GBM",-0.000163425444576743,"IPCEF1"
"SLIT1","EPN",0.000163104164629495,"SLIT1"
"TKTL1","MED",-0.000162758284656004,"TKTL1"
"SLC39A12","PA",-0.000162487336065793,"SLC39A12"
"SGIP1","MED",0.000162436778307608,"SGIP1"
"PCLO","GBM",-0.000161225613869602,"PCLO"
"WDR49","PA",0.000161142498595733,"WDR49"
"FAM69C","Normal",-0.000161138319173998,"FAM69C"
"LOC101926951","Normal",0.000161028291680663,"LOC101926951"
"CFAP52","Normal",-0.000159805830128293,"CFAP52"
"GABRA1","GBM",-0.000159797275986503,"GABRA1"
"SLC12A5","MED",-0.000157797218916969,"SLC12A5"
"EYA4","Normal",-0.000157439073148523,"EYA4"
"ERICH3","EPN",0.000157297199126193,"ERICH3"
"RNF112","GBM",-0.000156968071825219,"RNF112"
"IGF2BP3","MED",-0.000156520156849725,"IGF2BP3"
"HPCAL4","EPN",-0.000156425941168596,"HPCAL4"
"STMN4","MED",-0.000156269512389837,"STMN4"
"ADIRF","PA",-0.000156267547946555,"ADIRF"
"SYNGR3","PA",-0.000156053521173925,"SYNGR3"
"MEG3","PA",0.000155238328924429,"MEG3"
"CTSZ","EPN",-0.000154967015054807,"CTSZ"
"NPY","EPN",0.000154537079601984,"NPY"
"DLK1","PA",-0.000154366510260517,"DLK1"
"EPHA3","Normal",-0.000154286120765102,"EPHA3"
"GABBR2","MED",-0.0001541622798677,"GABBR2"
"OXTR","GBM",-0.000154020873676435,"OXTR"
"EFCAB1","Normal",-0.00015342075659768,"EFCAB1"
"SUSD5","GBM",-0.0001531061021713,"SUSD5"
"IGLC1","EPN",0.000152262159149119,"IGLC1"
"FREM2","EPN",0.000151814302772175,"FREM2"
"PLPPR5","Normal",0.000151574955249066,"PLPPR5"
"ALDH1A1","GBM",0.00015147739359266,"ALDH1A1"
"CRLF1","PA",-0.000151346678223176,"CRLF1"
"DSCAM","Normal",-0.000151139730578066,"DSCAM"
"B3GAT2","GBM",-0.000150369147865092,"B3GAT2"
"SHISA9","Normal",-0.000150062922801502,"SHISA9"
"TMEM232","Normal",-0.00014940414462015,"TMEM232"
"HOXD4","PA",-0.000148109627833073,"HOXD4"
"FOXG1","Normal",-0.000147208281245412,"FOXG1"
"HOXA3","EPN",-0.000147168128634152,"HOXA3"
"SPATA17","GBM",-0.000145996412900029,"SPATA17"
"GCNT2","GBM",0.000144864933624761,"GCNT2"
"ATCAY","MED",0.000143837256423495,"ATCAY"
"HOXD4","MED",-0.000143722049418541,"HOXD4"
"SLC14A1","EPN",0.000143528327823526,"SLC14A1"
"COL9A1","EPN",0.000142707565679456,"COL9A1"
"P2RY12","Normal",-0.000141546086940424,"P2RY12"
"SHISA6","EPN",0.000140945962148871,"SHISA6"
"FCGR1CP","EPN",0.000140851622488037,"FCGR1CP"
"S100A8","EPN",-0.000140570718711428,"S100A8"
"COL9A2","GBM",0.000140005874958679,"COL9A2"
"NKAIN1","Normal",0.00013986345392766,"NKAIN1"
"MOXD1","EPN",-0.000139118571940757,"MOXD1"
"IER3","EPN",-0.000138156528500683,"IER3"
"METTL7B","EPN",0.000138050933425485,"METTL7B"
"SIX1","MED",-0.000137638460739647,"SIX1"
"CNTNAP5","Normal",0.000137635294043283,"CNTNAP5"
"GDF10","MED",-0.000137433910385237,"GDF10"
"LOC101060391","Normal",0.000136834368994619,"LOC101060391"
"PLPPR4","MED",0.000136584310823121,"PLPPR4"
"GJB6","GBM",0.000136185955331027,"GJB6"
"CP","GBM",-0.000135747555520811,"CP"
"NNAT","Normal",0.000135602509051732,"NNAT"
"PTX3","EPN",-0.000135595882893267,"PTX3"
"PAK5","PA",-0.000135513674000787,"PAK5"
"COL2A1","PA",0.000135101680371749,"COL2A1"
"RIMS3","MED",-0.000135034116296581,"RIMS3"
"CDH19","EPN",-0.000134928707166194,"CDH19"
"MIR9.3HG","MED",-0.000133614791585841,"MIR9-3HG"
"HOXB2","MED",-0.000132869902201093,"HOXB2"
"HMGCLL1","MED",0.000132144257886425,"HMGCLL1"
"F13A1","MED",-0.00013205389367838,"F13A1"
"CNTN2","MED",-0.000131775225081388,"CNTN2"
"UGT8","Normal",0.000131577925868604,"UGT8"
"CHGB","PA",0.000131505792149927,"CHGB"
"CPNE5","PA",0.000131402215285825,"CPNE5"
"IGFBPL1","Normal",-0.000130928355293064,"IGFBPL1"
"EGFR","Normal",0.000130710424763335,"EGFR"
"NTS","MED",0.000130579801125773,"NTS"
"SLC6A13","PA",0.000130135527272535,"SLC6A13"
"IGHA2","PA",0.000129995437894184,"IGHA2"
"DLK1","Normal",-0.00012987475434928,"DLK1"
"THSD4","EPN",0.000129297853569019,"THSD4"
"FAM110C","Normal",0.000129155416734805,"FAM110C"
"BCAN","EPN",0.000128402807698961,"BCAN"
"FAXC","PA",0.000128210066205434,"FAXC"
"PLPPR1","Normal",-0.000127832106436297,"PLPPR1"
"FABP6","MED",-0.000127758394470939,"FABP6"
"SLIT2","Normal",0.000127383029776108,"SLIT2"
"FGF14","MED",0.000127350029755948,"FGF14"
"MET","Normal",-0.00012703477494054,"MET"
"GABRB2","MED",-0.000126391223811958,"GABRB2"
"LRRC17","MED",0.000126016888549003,"LRRC17"
"VSNL1","MED",-0.000125625041093496,"VSNL1"
"RSPH9","Normal",0.000125381325615219,"RSPH9"
"AR","GBM",-0.000125108692232542,"AR"
"CAMK2A","GBM",0.000124999517503359,"CAMK2A"
"CACNA1E","GBM",0.000124920740583452,"CACNA1E"
"HOXB3","PA",0.000123288523192458,"HOXB3"
"MEG3","MED",-0.000122995097985425,"MEG3"
"SLC7A14","PA",0.000122889855626165,"SLC7A14"
"NETO2","Normal",0.000122410081106007,"NETO2"
"ALOX5AP","EPN",-0.000122322758979369,"ALOX5AP"
"PIRT","MED",0.000122000594984503,"PIRT"
"ANK3","MED",-0.000121929701528138,"ANK3"
"CBX2","EPN",0.000121408396290091,"CBX2"
"AIM1","GBM",0.000121250368698275,"AIM1"
"HLA.DMA","EPN",0.000120872978734449,"HLA-DMA"
"EXOSC7","PA",0.000120237658310676,"EXOSC7"
"MAP7D2","MED",0.00011938272473419,"MAP7D2"
"HSPA6","PA",0.000119156494467878,"HSPA6"
"ETV1","Normal",-0.000118960666626063,"ETV1"
"NEFM","MED",0.000118356444742424,"NEFM"
"RSPO2","MED",-0.000117584443369255,"RSPO2"
"CSPG4","GBM",-0.000117404976757723,"CSPG4"
"RUNX2","EPN",-0.000116934285830277,"RUNX2"
"ZMYND12","Normal",-0.000116638072082,"ZMYND12"
"PLEKHB1","EPN",-0.000116519461976399,"PLEKHB1"
"MORN5","Normal",-0.000115875327330373,"MORN5"
"IGF2BP2","Normal",-0.000115853454364905,"IGF2BP2"
"KCNMB4","GBM",-0.000115692017127363,"KCNMB4"
"ASPHD1","GBM",0.00011534959114989,"ASPHD1"
"KCNQ5","MED",-0.000114091641330954,"KCNQ5"
"CALN1","MED",-0.000112732436830278,"CALN1"
"OTX2","Normal",-0.000112342817509678,"OTX2"
"MRO","GBM",-0.000112165636291988,"MRO"
"HOGA1","Normal",0.000112083874903358,"HOGA1"
"ZNF385B","PA",0.000110854036793119,"ZNF385B"
"KCNIP1","Normal",0.000109644401043729,"KCNIP1"
"C1orf194","Normal",-0.000109272108632504,"C1orf194"
"AP3B2","PA",0.000108972546385679,"AP3B2"
"LRRC17","PA",-0.000108805044364009,"LRRC17"
"AQP1","PA",0.00010865930801444,"AQP1"
"PRDM16","Normal",0.00010856017503265,"PRDM16"
"CYP1B1","MED",-0.000107854748316993,"CYP1B1"
"CELF3","GBM",0.000107577095156214,"CELF3"
"CNTN1","MED",0.00010686820840134,"CNTN1"
"CACNA1E","MED",0.000106863029070915,"CACNA1E"
"MPPED2","PA",0.000105955567568124,"MPPED2"
"MYO5C","Normal",0.000104180698870354,"MYO5C"
"CXCL2","GBM",0.000104167206340851,"CXCL2"
"ERBB4","MED",0.000103880065849215,"ERBB4"
"TAC1","GBM",0.000103835967588791,"TAC1"
"ST6GALNAC5","Normal",0.000100947026986128,"ST6GALNAC5"
"LOC157503","PA",9.98849953314841e-05,"LOC157503"
"SFRP4","GBM",9.93270041689832e-05,"SFRP4"
"OLFML1","PA",-9.84041427980911e-05,"OLFML1"
"LY6H","Normal",-9.79299790872105e-05,"LY6H"
"MSX1","Normal",-9.72529766387953e-05,"MSX1"
"CNTN3","PA",-9.697937790344e-05,"CNTN3"
"LINC01088","MED",-9.69149560239438e-05,"LINC01088"
"FCGR1B","EPN",-9.57585265734791e-05,"FCGR1B"
"FUT9","EPN",-9.52185398695951e-05,"FUT9"
"ELN","MED",-9.51960975078902e-05,"ELN"
"RSPO2","Normal",9.51635819607406e-05,"RSPO2"
"C2orf40","Normal",-9.47957451282108e-05,"C2orf40"
"HSPA6","EPN",-9.34959111856015e-05,"HSPA6"
"SLC25A18","PA",-9.34952725661218e-05,"SLC25A18"
"LOC283454","EPN",9.31386480251141e-05,"LOC283454"
"CKMT1A","PA",-9.27440536363473e-05,"CKMT1A"
"CXCL8","PA",-9.26937778989918e-05,"CXCL8"
"LHX2","PA",-9.08288008174395e-05,"LHX2"
"GPR37L1","Normal",9.04587304956516e-05,"GPR37L1"
"BCL11A","Normal",-9.01890896366295e-05,"BCL11A"
"INSM2","Normal",8.88614127693392e-05,"INSM2"
"ADCYAP1","PA",-8.85423266178644e-05,"ADCYAP1"
"NHS","PA",-8.82094016738924e-05,"NHS"
"CRB1","Normal",8.72825471230894e-05,"CRB1"
"SYT1","MED",8.68073400609113e-05,"SYT1"
"CABP7","Normal",-8.65015124637366e-05,"CABP7"
"HPR","Normal",8.62316225488036e-05,"HPR"
"SULF1","EPN",8.58989853033699e-05,"SULF1"
"PLPPR5","MED",-8.57083190442957e-05,"PLPPR5"
"PIRT","Normal",-8.56859349337588e-05,"PIRT"
"SLC17A6","GBM",-8.5662090744264e-05,"SLC17A6"
"KCNIP1","GBM",8.50930660290247e-05,"KCNIP1"
"CNTN1","EPN",8.50273501439663e-05,"CNTN1"
"VIPR2","Normal",8.49897262844844e-05,"VIPR2"
"ABI3BP","GBM",8.47077719232792e-05,"ABI3BP"
"MAB21L2","Normal",-8.34941439371468e-05,"MAB21L2"
"BLACAT1","Normal",8.34905794844762e-05,"BLACAT1"
"LOC728613","PA",8.21865568156495e-05,"LOC728613"
"LEMD1","EPN",8.14790625185633e-05,"LEMD1"
"NUSAP1","EPN",-8.02689994774058e-05,"NUSAP1"
"C21orf62","PA",-8.0190142120913e-05,"C21orf62"
"VSNL1","GBM",7.99076777946726e-05,"VSNL1"
"PRL","Normal",-7.96303126200186e-05,"PRL"
"RIMS1","MED",-7.92979694340696e-05,"RIMS1"
"CELF4","GBM",-7.92619209073062e-05,"CELF4"
"CA12","Normal",-7.85684721564776e-05,"CA12"
"MAP7D2","GBM",7.83854548908828e-05,"MAP7D2"
"MEGF11","EPN",7.80541145894019e-05,"MEGF11"
"LOX","MED",7.7887022633642e-05,"LOX"
"RSPH1","GBM",-7.7545355185949e-05,"RSPH1"
"SPAG1","Normal",-7.73144753550504e-05,"SPAG1"
"UNC13C","GBM",-7.73033679602225e-05,"UNC13C"
"CH25H","EPN",7.71419098086927e-05,"CH25H"
"SOX10","Normal",7.70214746357981e-05,"SOX10"
"FXYD1","EPN",-7.68352593172707e-05,"FXYD1"
"LINC01105","MED",-7.61247834846596e-05,"LINC01105"
"MEGF10","GBM",7.61031510857999e-05,"MEGF10"
"NXPH1","Normal",7.57030867564673e-05,"NXPH1"
"MLC1","PA",-7.56721726265312e-05,"MLC1"
"TNFRSF11B","PA",7.5035277801045e-05,"TNFRSF11B"
"ADGRG2","MED",7.41396504597204e-05,"ADGRG2"
"C11orf70","GBM",7.3963319236817e-05,"C11orf70"
"KLHL4","PA",-7.3693464551639e-05,"KLHL4"
"SV2C","PA",-7.24552364081825e-05,"SV2C"
"ST6GALNAC2","PA",7.07847790950954e-05,"ST6GALNAC2"
"SHANK2","GBM",7.02575181413772e-05,"SHANK2"
"IBSP","PA",7.02237172833766e-05,"IBSP"
"C7orf57","GBM",-7.02075427886722e-05,"C7orf57"
"ADAMTS18","MED",-6.98592407247245e-05,"ADAMTS18"
"C2orf82","EPN",-6.95646348340332e-05,"C2orf82"
"MKX","MED",6.93560324913863e-05,"MKX"
"ST6GAL2","Normal",6.92944315181382e-05,"ST6GAL2"
"WFDC1","GBM",-6.92630666050816e-05,"WFDC1"
"VCAM1","EPN",6.80428480773924e-05,"VCAM1"
"ST18","GBM",-6.77177569955812e-05,"ST18"
"SCN3A","GBM",6.77158588989141e-05,"SCN3A"
"HAPLN1","PA",-6.75277198038399e-05,"HAPLN1"
"COL2A1","EPN",6.72733257310561e-05,"COL2A1"
"ZIC2","Normal",6.71471457124629e-05,"ZIC2"
"SCN2B","PA",6.57512566737153e-05,"SCN2B"
"PDE1A","GBM",6.46936114190208e-05,"PDE1A"
"HS3ST1","GBM",6.43715858864238e-05,"HS3ST1"
"EFEMP1","Normal",6.40378786009339e-05,"EFEMP1"
"WIF1","PA",-6.30410029448519e-05,"WIF1"
"KCNA5","PA",6.29532476401437e-05,"KCNA5"
"SFRP4","MED",-6.22637082538358e-05,"SFRP4"
"PARM1","MED",6.21843414738167e-05,"PARM1"
"IGLC1","MED",6.17430361422852e-05,"IGLC1"
"DSCAM","GBM",6.17193837836475e-05,"DSCAM"
"LRRC2","PA",6.16011022854606e-05,"LRRC2"
"LOC728613","MED",6.07363086478235e-05,"LOC728613"
"GABRB1","MED",-5.90398215774475e-05,"GABRB1"
"SEZ6L","PA",5.85681597739923e-05,"SEZ6L"
"FUT9","PA",-5.81849240572266e-05,"FUT9"
"ZNF385B","MED",5.76351375538476e-05,"ZNF385B"
"LRRC4C","GBM",5.66892718310948e-05,"LRRC4C"
"MASP1","GBM",-5.60603549823265e-05,"MASP1"
"OGN","Normal",5.53047718750394e-05,"OGN"
"TBR1","Normal",-5.49390596655072e-05,"TBR1"
"PLAU","EPN",5.48727026812641e-05,"PLAU"
"CCDC85A","MED",5.48612576721559e-05,"CCDC85A"
"APOD","Normal",5.41282079291777e-05,"APOD"
"SNHG17","PA",-5.27814412667006e-05,"SNHG17"
"SRRM4","EPN",5.26895463451996e-05,"SRRM4"
"KCNE5","EPN",-5.19205413756106e-05,"KCNE5"
"CRLF1","MED",-5.16112927598752e-05,"CRLF1"
"KCNN3","GBM",5.1540460889013e-05,"KCNN3"
"SPOCK3","MED",5.12861097938797e-05,"SPOCK3"
"KIF4A","EPN",5.09854094140589e-05,"KIF4A"
"CXCL3","GBM",5.07239163060706e-05,"CXCL3"
"MPPED2","MED",-5.05752010816179e-05,"MPPED2"
"HOXA3","GBM",5.03576721401312e-05,"HOXA3"
"SLC25A18","EPN",5.03183960834727e-05,"SLC25A18"
"ELAVL3","MED",4.9877657284772e-05,"ELAVL3"
"C2orf88","PA",4.93832788902668e-05,"C2orf88"
"WDR78","GBM",4.93662074012601e-05,"WDR78"
"ITGB4","Normal",4.9235867457037e-05,"ITGB4"
"P2RX5","GBM",-4.92094318742854e-05,"P2RX5"
"FBXL16","GBM",4.87340308337333e-05,"FBXL16"
"DCX","PA",4.83175076107653e-05,"DCX"
"AQP4","GBM",-4.78423577448238e-05,"AQP4"
"NRXN1","GBM",4.72360251378572e-05,"NRXN1"
"CYP2J2","GBM",-4.69966910112606e-05,"CYP2J2"
"EN2","Normal",4.64550726248518e-05,"EN2"
"CCDC114","Normal",4.6009154115959e-05,"CCDC114"
"MAPK8IP1","Normal",4.59519683545139e-05,"MAPK8IP1"
"LMO3","MED",-4.59127819757984e-05,"LMO3"
"SEZ6L2","PA",-4.45223796401946e-05,"SEZ6L2"
"RIMS2","PA",4.42860441392958e-05,"RIMS2"
"AQP4.AS1","Normal",-4.39591508176209e-05,"AQP4-AS1"
"C3","Normal",-4.39321553139863e-05,"C3"
"PPP1R17","GBM",4.35574477986055e-05,"PPP1R17"
"NHS","GBM",-4.35223155508171e-05,"NHS"
"FXYD7","GBM",-4.35128939030911e-05,"FXYD7"
"IRX2","Normal",4.2973071154764e-05,"IRX2"
"IFI44L","EPN",4.26942689482658e-05,"IFI44L"
"ALDH1A1","EPN",4.20436343148056e-05,"ALDH1A1"
"HOXB3","MED",4.17850579983013e-05,"HOXB3"
"NRXN1","MED",4.16161752202294e-05,"NRXN1"
"DLGAP1","GBM",4.14731475150984e-05,"DLGAP1"
"ASXL3","Normal",-4.13247816609175e-05,"ASXL3"
"ABI3BP","EPN",4.08427101232916e-05,"ABI3BP"
"MIR8071.2","GBM",-4.07638559809265e-05,"MIR8071-2"
"PCDH10","EPN",-4.07436408713932e-05,"PCDH10"
"KLHL4","MED",4.03275692946653e-05,"KLHL4"
"RAMP3","PA",-3.95760208383214e-05,"RAMP3"
"SLITRK1","MED",-3.91232164587087e-05,"SLITRK1"
"NHS","Normal",-3.88839305299327e-05,"NHS"
"ROPN1L","MED",-3.86994130314171e-05,"ROPN1L"
"CHI3L2","GBM",-3.84284794892064e-05,"CHI3L2"
"FIGN","Normal",3.82648108185048e-05,"FIGN"
"HPR","GBM",-3.78033380806563e-05,"HPR"
"MPPED2","Normal",-3.72107419448682e-05,"MPPED2"
"DDIT4L","MED",3.71715253726428e-05,"DDIT4L"
"TPPP3","Normal",3.68561760731417e-05,"TPPP3"
"ZNF804A","GBM",3.6755472437584e-05,"ZNF804A"
"AMPH","PA",3.61916307663077e-05,"AMPH"
"SLC14A1","GBM",3.59881693854755e-05,"SLC14A1"
"HOXA7","PA",3.58321861312436e-05,"HOXA7"
"CA4","Normal",-3.47573994972094e-05,"CA4"
"LRP2BP","MED",-3.44901206905419e-05,"LRP2BP"
"RCAN2","PA",3.44559743623328e-05,"RCAN2"
"ZBBX","Normal",-3.41263447461626e-05,"ZBBX"
"TRPM8","GBM",3.41227072672574e-05,"TRPM8"
"SLIT1","Normal",-3.40825131893355e-05,"SLIT1"
"COL4A5","PA",-3.27792516244069e-05,"COL4A5"
"NMU","Normal",3.23489348679887e-05,"NMU"
"EPPK1","Normal",-3.23227228024323e-05,"EPPK1"
"DDIT4L","Normal",3.1681951453714e-05,"DDIT4L"
"SALL3","Normal",3.1526212446489e-05,"SALL3"
"TRHDE","MED",3.11109367162944e-05,"TRHDE"
"C2orf88","Normal",-3.06311677161411e-05,"C2orf88"
"MYT1L","GBM",-3.0522324204578e-05,"MYT1L"
"PTX3","PA",3.04851668325852e-05,"PTX3"
"BBOX1","PA",-3.02870487517154e-05,"BBOX1"
"BLACAT1","EPN",-2.99004586981157e-05,"BLACAT1"
"C2orf82","Normal",-2.96907460132076e-05,"C2orf82"
"LOC101060391","GBM",2.9517287342946e-05,"LOC101060391"
"EOMES","Normal",-2.897472942111e-05,"EOMES"
"LNX1","PA",2.88166118702326e-05,"LNX1"
"GALNT3","PA",2.79325382048023e-05,"GALNT3"
"GRIA2","GBM",-2.48781450598933e-05,"GRIA2"
"NTS","Normal",-2.45818941926274e-05,"NTS"
"UBE2QL1","PA",2.45241338966651e-05,"UBE2QL1"
"SLC47A2","Normal",2.41769403548584e-05,"SLC47A2"
"SALL1","EPN",-2.38908008112125e-05,"SALL1"
"IGFBPL1","GBM",2.36622737943125e-05,"IGFBPL1"
"ITGB4","GBM",2.31516579933106e-05,"ITGB4"
"LGR5","Normal",-2.28607181029639e-05,"LGR5"
"VASH2","GBM",2.27098781479842e-05,"VASH2"
"CYP39A1","MED",2.14972399257191e-05,"CYP39A1"
"BMP5","MED",-2.14550240490959e-05,"BMP5"
"PRKCB","MED",2.10462818180136e-05,"PRKCB"
"EOMES","EPN",-2.08464575554598e-05,"EOMES"
"CXCL1","GBM",-2.06317762559337e-05,"CXCL1"
"TCTEX1D1","GBM",-1.9616333319609e-05,"TCTEX1D1"
"ADCY1","PA",-1.94395011731742e-05,"ADCY1"
"SHANK2","EPN",1.9165059978469e-05,"SHANK2"
"MIR8071.2","EPN",1.76385884723406e-05,"MIR8071-2"
"WFIKKN2","MED",1.73998266931952e-05,"WFIKKN2"
"ST6GAL2","PA",1.69187869074246e-05,"ST6GAL2"
"TLE2","Normal",-1.67207186420302e-05,"TLE2"
"MPPED2","EPN",-1.66989560392692e-05,"MPPED2"
"CYP1B1","Normal",-1.65497038605014e-05,"CYP1B1"
"CD163","GBM",-1.54717354855284e-05,"CD163"
"PPP1R17","Normal",1.53280708176987e-05,"PPP1R17"
"SPATA18","MED",-1.48845253342466e-05,"SPATA18"
"CNTN1","PA",-1.48308310067542e-05,"CNTN1"
"MDH1B","Normal",-1.46633073219317e-05,"MDH1B"
"PACSIN1","MED",1.43305059569889e-05,"PACSIN1"
"ZIC3","Normal",-1.40598001740672e-05,"ZIC3"
"CRABP1","MED",-1.39551797951508e-05,"CRABP1"
"ARHGAP36","Normal",-1.24107525761954e-05,"ARHGAP36"
"NEFL","MED",-1.20791008849543e-05,"NEFL"
"AKR1C1","EPN",-1.19478637995101e-05,"AKR1C1"
"RGS7","PA",1.13545787542585e-05,"RGS7"
"NR2E1","EPN",1.13505365213412e-05,"NR2E1"
"SHD","GBM",-1.10932903395696e-05,"SHD"
"SOX8","Normal",-1.09517071281474e-05,"SOX8"
"CXCL12","Normal",1.07391667371357e-05,"CXCL12"
"CLIC6","MED",-1.02148345686908e-05,"CLIC6"
"PCDH8","EPN",8.86724552714202e-06,"PCDH8"
"CITED1","GBM",-8.77092569511251e-06,"CITED1"
"MICAL2","MED",8.48046237324206e-06,"MICAL2"
"C4orf47","GBM",8.17037243480588e-06,"C4orf47"
"NPNT","Normal",-7.58531139849573e-06,"NPNT"
"B3GALT2","MED",7.55894854091978e-06,"B3GALT2"
"DDIT4L","GBM",6.29501645342707e-06,"DDIT4L"
"BTBD11","EPN",6.22555439772112e-06,"BTBD11"
"NKX2.2","Normal",-5.50659300434361e-06,"NKX2-2"
"SUSD5","EPN",5.42994334993298e-06,"SUSD5"
"IGHA2","MED",5.35940823002389e-06,"IGHA2"
"GABBR2","PA",5.34965128516179e-06,"GABBR2"
"CNPY1","Normal",5.32554798192829e-06,"CNPY1"
"COL9A1","GBM",5.28103177157871e-06,"COL9A1"
"HERC6","Normal",5.01657165540807e-06,"HERC6"
"DLK1","GBM",-4.82421507113101e-06,"DLK1"
"FAR2P3","GBM",4.66139411330999e-06,"FAR2P3"
"MAATS1","MED",4.04476710024874e-06,"MAATS1"
"FAM198A","Normal",-3.87697398733392e-06,"FAM198A"
"ARAP2","PA",-3.85600047186675e-06,"ARAP2"
"CCNA1","MED",3.72279017441384e-06,"CCNA1"
"KLHL29","EPN",-2.82903811588107e-06,"KLHL29"
"B3GAT1","MED",2.29507096537238e-06,"B3GAT1"
"EIF1AY","MED",-2.17180543555542e-06,"EIF1AY"
"LGI1","GBM",1.99066092950351e-06,"LGI1"
"SEMA3C","Normal",1.7310011740766e-06,"SEMA3C"
"MPPED2","GBM",-1.47066850236886e-06,"MPPED2"
"AR","EPN",-7.46204709838938e-07,"AR"
"PPL","Normal",6.94172473918442e-07,"PPL"
"PPP1R17","MED",-1.14382115358639e-07,"PPP1R17"
