"","GSM1214834","GSM1214835","GSM1214836","GSM1214837","GSM1214838","GSM1214839","GSM1214840","GSM1214841","GSM1214842","GSM1214843","GSM1214844","GSM1214845","GSM1214846","GSM1214847","GSM1214848","GSM1214849","GSM1214850","GSM1214851","GSM1214852","GSM1214853","GSM1214854","GSM1214855","GSM1214856","GSM1214857","GSM1214858","GSM1214859","GSM1214860","GSM1214861","GSM1214862","GSM1214863","GSM1214864","GSM1214865","GSM1214866","GSM1214867","GSM1214868","GSM1214869","GSM1214870","GSM1214871","GSM1214872","GSM1214873","GSM1214874","GSM1214875","GSM1214876","GSM1214877","GSM1214878","GSM1214879","GSM1214880","GSM1214881","GSM1214882","GSM1214883","GSM1214884","GSM1214885","GSM1214886","GSM1214887","GSM1214888","GSM1214889","GSM1214890","GSM1214891","GSM1214892","GSM1214893","GSM1214894","GSM1214895","GSM1214896","GSM1214897","GSM1214898","GSM1214899","GSM1214900","GSM1214901","GSM1214902","GSM1214903","GSM1214904","GSM1214905","GSM1214906","GSM1214907","GSM1214908","GSM1214909","GSM1214910","GSM1214911","GSM1214912","GSM1214913","GSM1214914","GSM1214915","GSM1214916","GSM1214917","GSM1214918","GSM1214919","GSM1214920","GSM1214921","GSM1214922","GSM1214923","GSM1214924","GSM1214925","GSM1214926","GSM1214927","GSM1214928","GSM1214929","GSM1214930","GSM1214931","GSM1214932","GSM1214933","GSM1214934","GSM1214935","GSM1214936","GSM1214937","GSM1214938","GSM1214939","GSM1214940","GSM1214941","GSM1214942","GSM1214943","GSM1214944","GSM1214945","GSM1214946","GSM1214947","GSM1214948","GSM1214949","GSM1214950","GSM1214951","GSM1214952","GSM1214953","GSM1214954","GSM1214955","GSM1214956","GSM1214957","GSM1214958","GSM1214959","GSM1214960","GSM1214961","GSM1214962","GSM1214963"
"GSM1214834",1,0.0498687664041995,0.078167115902965,0.0899182561307902,0.126760563380282,0.246105919003115,0.13960113960114,0.136363636363636,0.0989010989010989,0.123595505617978,0.15606936416185,0.0256410256410256,0.166180758017493,0.0362694300518135,0.257861635220126,0.149425287356322,0.104972375690608,0.126760563380282,0.123595505617978,0.21580547112462,0.0989010989010989,0.15606936416185,0.0723860589812333,0.183431952662722,0.146131805157593,0.219512195121951,0.194029850746269,0.342281879194631,0.0582010582010582,0.183431952662722,0.223241590214067,0.078167115902965,0.423487544483986,0.212121212121212,0.11731843575419,0.223241590214067,0.0362694300518135,0.10803324099723,0.152737752161383,0.114206128133705,0.0471204188481675,0.078167115902965,0.0752688172043011,0.126760563380282,0.21580547112462,0.208459214501511,0.0416666666666667,0.0335917312661499,0.0666666666666667,0.0582010582010582,0.0471204188481675,0.0282776349614396,0.0723860589812333,0.0416666666666667,0.0362694300518135,0.0416666666666667,0.0471204188481675,0.0335917312661499,0.0526315789473684,0.0498687664041995,0.0230179028132992,0.0526315789473684,0.038961038961039,0.0204081632653061,0.0526315789473684,0.0526315789473684,0.0526315789473684,0.0230179028132992,0.0335917312661499,0.0554089709762533,0.0498687664041995,0.0230179028132992,0.0335917312661499,0.0526315789473684,0.0204081632653061,0.0554089709762533,0.0471204188481675,0.0416666666666667,0.0582010582010582,0.0638297872340425,0.0204081632653061,0.0152284263959391,0.0204081632653061,0.0178117048346056,0.0256410256410256,0.0204081632653061,0.0178117048346056,0.0152284263959391,0.0362694300518135,0.0471204188481675,0.0126582278481013,0.0256410256410256,0.0309278350515464,0.0335917312661499,0.0101010101010101,0.0309278350515464,0.0230179028132992,0.0230179028132992,0.0309278350515464,0.0230179028132992,0.0282776349614396,0.0638297872340425,0.0309278350515464,0.0230179028132992,0.038961038961039,0.0204081632653061,0.0309278350515464,0.0416666666666667,0.0335917312661499,0.0416666666666667,0.0443864229765013,0.0230179028132992,0.0256410256410256,0.0230179028132992,0.0335917312661499,0.078167115902965,0.0443864229765013,0.0723860589812333,0.0695187165775401,0.0582010582010582,0.0666666666666667,0.0471204188481675,0.0582010582010582,0.0723860589812333,0.078167115902965,0.0695187165775401,0.0282776349614396,0.0695187165775401,0.0810810810810811,0.0810810810810811
"GSM1214835",0.0498687664041995,1,0.0416666666666667,0.0471204188481675,0.0666666666666667,0.0416666666666667,0.126760563380282,0.0695187165775401,0.0554089709762533,0.0498687664041995,0.0362694300518135,0.166180758017493,0.078167115902965,0.162790697674419,0.0335917312661499,0.0752688172043011,0.114206128133705,0.0362694300518135,0.0723860589812333,0.0443864229765013,0.0443864229765013,0.0869565217391304,0.11731843575419,0.0695187165775401,0.0554089709762533,0.0362694300518135,0.038961038961039,0.0840108401084011,0.0526315789473684,0.0230179028132992,0.0309278350515464,0.183431952662722,0.038961038961039,0.0443864229765013,0.0554089709762533,0.0443864229765013,0.0362694300518135,0.038961038961039,0.0638297872340425,0.0362694300518135,0.162790697674419,0.0443864229765013,0.0554089709762533,0.104972375690608,0.0256410256410256,0.0309278350515464,0.0582010582010582,0.0335917312661499,0.0526315789473684,0.038961038961039,0.0362694300518135,0.0362694300518135,0.0554089709762533,0.0416666666666667,0.0416666666666667,0.0526315789473684,0.0335917312661499,0.0309278350515464,0.038961038961039,0.0309278350515464,0.0554089709762533,0.038961038961039,0.038961038961039,0.0282776349614396,0.0443864229765013,0.0498687664041995,0.0309278350515464,0.0204081632653061,0.0309278350515464,0.0610079575596817,0.0443864229765013,0.038961038961039,0.0498687664041995,0.0443864229765013,0.0204081632653061,0.0362694300518135,0.038961038961039,0.0443864229765013,0.0695187165775401,0.0443864229765013,0.0335917312661499,0.0282776349614396,0.0256410256410256,0.0362694300518135,0.0256410256410256,0.0443864229765013,0.0471204188481675,0.038961038961039,0.0443864229765013,0.0638297872340425,0.0416666666666667,0.0443864229765013,0.0443864229765013,0.0362694300518135,0.0309278350515464,0.0362694300518135,0.0309278350515464,0.0362694300518135,0.0362694300518135,0.0443864229765013,0.0416666666666667,0.038961038961039,0.0204081632653061,0.0309278350515464,0.0256410256410256,0.0126582278481013,0.0256410256410256,0.0309278350515464,0.0204081632653061,0.0152284263959391,0.0309278350515464,0.0126582278481013,0.0178117048346056,0.0230179028132992,0.0178117048346056,0.0498687664041995,0.038961038961039,0.0526315789473684,0.0335917312661499,0.0335917312661499,0.038961038961039,0.0230179028132992,0.0416666666666667,0.0471204188481675,0.0554089709762533,0.038961038961039,0.038961038961039,0.0498687664041995,0.0554089709762533,0.0554089709762533
"GSM1214836",0.078167115902965,0.0416666666666667,1,0.0416666666666667,0.111111111111111,0.078167115902965,0.0362694300518135,0.0554089709762533,0.169590643274854,0.104972375690608,0.0899182561307902,0.0362694300518135,0.0309278350515464,0.0335917312661499,0.114206128133705,0.0723860589812333,0.0526315789473684,0.162790697674419,0.149425287356322,0.0958904109589041,0.230769230769231,0.0958904109589041,0.0471204188481675,0.126760563380282,0.13960113960114,0.0989010989010989,0.0899182561307902,0.0752688172043011,0.129943502824859,0.0471204188481675,0.123595505617978,0.0416666666666667,0.0638297872340425,0.0695187165775401,0.173020527859238,0.13960113960114,0.0471204188481675,0.208459214501511,0.194029850746269,0.169590643274854,0.038961038961039,0.11731843575419,0.0471204188481675,0.038961038961039,0.0526315789473684,0.0810810810810811,0.0526315789473684,0.0416666666666667,0.0610079575596817,0.0723860589812333,0.0666666666666667,0.0282776349614396,0.0582010582010582,0.0362694300518135,0.0471204188481675,0.038961038961039,0.0638297872340425,0.0362694300518135,0.0443864229765013,0.0282776349614396,0.0362694300518135,0.0471204188481675,0.038961038961039,0.00755667506297229,0.0471204188481675,0.0282776349614396,0.0526315789473684,0.0230179028132992,0.0282776349614396,0.0610079575596817,0.0752688172043011,0.0443864229765013,0.0498687664041995,0.0840108401084011,0.038961038961039,0.0443864229765013,0.0810810810810811,0.0869565217391304,0.0416666666666667,0.0526315789473684,0.0282776349614396,0.0204081632653061,0.0362694300518135,0.0335917312661499,0.0416666666666667,0.0178117048346056,0.0362694300518135,0.0256410256410256,0.0443864229765013,0.0362694300518135,0.0416666666666667,0.0282776349614396,0.0443864229765013,0.0416666666666667,0.0204081632653061,0.0282776349614396,0.0256410256410256,0.0309278350515464,0.0335917312661499,0.0309278350515464,0.0526315789473684,0.0723860589812333,0.0416666666666667,0.038961038961039,0.0362694300518135,0.0126582278481013,0.0526315789473684,0.0362694300518135,0.0335917312661499,0.0309278350515464,0.038961038961039,0.0335917312661499,0.0526315789473684,0.0443864229765013,0.0416666666666667,0.0610079575596817,0.0695187165775401,0.0610079575596817,0.0498687664041995,0.038961038961039,0.0554089709762533,0.0471204188481675,0.0695187165775401,0.0416666666666667,0.0666666666666667,0.0840108401084011,0.0840108401084011,0.0554089709762533,0.0471204188481675,0.0498687664041995
"GSM1214837",0.0899182561307902,0.0471204188481675,0.0416666666666667,1,0.0723860589812333,0.0723860589812333,0.114206128133705,0.123595505617978,0.0582010582010582,0.0638297872340425,0.0582010582010582,0.0498687664041995,0.0869565217391304,0.0443864229765013,0.0989010989010989,0.0899182561307902,0.104972375690608,0.0416666666666667,0.0752688172043011,0.092896174863388,0.0416666666666667,0.0582010582010582,0.0840108401084011,0.0723860589812333,0.0666666666666667,0.0899182561307902,0.0695187165775401,0.0840108401084011,0.0443864229765013,0.0840108401084011,0.11731843575419,0.0810810810810811,0.0752688172043011,0.104972375690608,0.0526315789473684,0.0899182561307902,0.0416666666666667,0.0666666666666667,0.092896174863388,0.0695187165775401,0.0695187165775401,0.0666666666666667,0.0666666666666667,0.120448179271709,0.092896174863388,0.078167115902965,0.0416666666666667,0.0471204188481675,0.0471204188481675,0.0526315789473684,0.0416666666666667,0.0282776349614396,0.0526315789473684,0.0526315789473684,0.0416666666666667,0.0309278350515464,0.0416666666666667,0.0416666666666667,0.0526315789473684,0.038961038961039,0.038961038961039,0.0443864229765013,0.0554089709762533,0.0335917312661499,0.0498687664041995,0.0638297872340425,0.0526315789473684,0.038961038961039,0.0309278350515464,0.0498687664041995,0.0610079575596817,0.0526315789473684,0.0666666666666667,0.0666666666666667,0.0256410256410256,0.0526315789473684,0.0335917312661499,0.0526315789473684,0.0810810810810811,0.0582010582010582,0.0309278350515464,0.0152284263959391,0.0256410256410256,0.0152284263959391,0.0309278350515464,0.0416666666666667,0.0335917312661499,0.0204081632653061,0.0256410256410256,0.0362694300518135,0.0335917312661499,0.0309278350515464,0.0362694300518135,0.0335917312661499,0.0309278350515464,0.038961038961039,0.0309278350515464,0.0230179028132992,0.0416666666666667,0.0256410256410256,0.0335917312661499,0.0471204188481675,0.0204081632653061,0.0230179028132992,0.0204081632653061,0.00755667506297229,0.0309278350515464,0.0282776349614396,0.0230179028132992,0.0152284263959391,0.0416666666666667,0.0335917312661499,0.0256410256410256,0.0309278350515464,0.0230179028132992,0.0638297872340425,0.0526315789473684,0.0610079575596817,0.0471204188481675,0.0526315789473684,0.0582010582010582,0.0416666666666667,0.0695187165775401,0.0471204188481675,0.0695187165775401,0.0610079575596817,0.0471204188481675,0.0610079575596817,0.0582010582010582,0.0638297872340425
"GSM1214838",0.126760563380282,0.0666666666666667,0.111111111111111,0.0723860589812333,1,0.111111111111111,0.0752688172043011,0.111111111111111,0.120448179271709,0.11731843575419,0.0869565217391304,0.0471204188481675,0.0810810810810811,0.0582010582010582,0.208459214501511,0.183431952662722,0.0958904109589041,0.092896174863388,0.146131805157593,0.136363636363636,0.13314447592068,0.146131805157593,0.0989010989010989,0.162790697674419,0.123595505617978,0.13314447592068,0.13960113960114,0.13314447592068,0.0899182561307902,0.120448179271709,0.114206128133705,0.0666666666666667,0.11731843575419,0.11731843575419,0.146131805157593,0.176470588235294,0.0443864229765013,0.11731843575419,0.142857142857143,0.0989010989010989,0.0498687664041995,0.0869565217391304,0.0638297872340425,0.10803324099723,0.0899182561307902,0.0899182561307902,0.0498687664041995,0.0443864229765013,0.0989010989010989,0.0840108401084011,0.0723860589812333,0.0230179028132992,0.078167115902965,0.0471204188481675,0.0498687664041995,0.0582010582010582,0.0840108401084011,0.0471204188481675,0.0810810810810811,0.0416666666666667,0.0362694300518135,0.0666666666666667,0.0443864229765013,0.0178117048346056,0.0554089709762533,0.0526315789473684,0.0554089709762533,0.0471204188481675,0.0335917312661499,0.0554089709762533,0.0554089709762533,0.0443864229765013,0.0695187165775401,0.0958904109589041,0.0362694300518135,0.0723860589812333,0.0638297872340425,0.0810810810810811,0.0869565217391304,0.092896174863388,0.0443864229765013,0.0230179028132992,0.0309278350515464,0.0230179028132992,0.0309278350515464,0.0362694300518135,0.0309278350515464,0.0178117048346056,0.0498687664041995,0.0443864229765013,0.0335917312661499,0.0362694300518135,0.0443864229765013,0.0362694300518135,0.0256410256410256,0.0282776349614396,0.0256410256410256,0.0282776349614396,0.0554089709762533,0.0416666666666667,0.0443864229765013,0.0695187165775401,0.0309278350515464,0.0178117048346056,0.0256410256410256,0.00755667506297229,0.0309278350515464,0.0230179028132992,0.0178117048346056,0.0335917312661499,0.0416666666666667,0.0230179028132992,0.0335917312661499,0.0256410256410256,0.0256410256410256,0.0752688172043011,0.0666666666666667,0.0695187165775401,0.0666666666666667,0.0610079575596817,0.0752688172043011,0.0695187165775401,0.0989010989010989,0.0582010582010582,0.0899182561307902,0.0723860589812333,0.078167115902965,0.0666666666666667,0.0840108401084011,0.0638297872340425
"GSM1214839",0.246105919003115,0.0416666666666667,0.078167115902965,0.0723860589812333,0.111111111111111,1,0.101928374655647,0.0810810810810811,0.101928374655647,0.0869565217391304,0.152737752161383,0.0416666666666667,0.149425287356322,0.0362694300518135,0.238390092879257,0.129943502824859,0.104972375690608,0.146131805157593,0.13314447592068,0.201201201201201,0.114206128133705,0.142857142857143,0.0638297872340425,0.149425287356322,0.104972375690608,0.183431952662722,0.162790697674419,0.253918495297806,0.0582010582010582,0.123595505617978,0.162790697674419,0.0638297872340425,0.230769230769231,0.149425287356322,0.129943502824859,0.166180758017493,0.0362694300518135,0.0989010989010989,0.149425287356322,0.0899182561307902,0.0309278350515464,0.0810810810810811,0.0554089709762533,0.10803324099723,0.142857142857143,0.136363636363636,0.0416666666666667,0.0256410256410256,0.0610079575596817,0.0335917312661499,0.0638297872340425,0.0230179028132992,0.0582010582010582,0.0362694300518135,0.0230179028132992,0.0443864229765013,0.038961038961039,0.0256410256410256,0.038961038961039,0.0282776349614396,0.0282776349614396,0.0335917312661499,0.0335917312661499,0.0126582278481013,0.0443864229765013,0.0335917312661499,0.0471204188481675,0.0178117048346056,0.0256410256410256,0.0416666666666667,0.038961038961039,0.0309278350515464,0.0335917312661499,0.0498687664041995,0.0152284263959391,0.0582010582010582,0.038961038961039,0.038961038961039,0.0416666666666667,0.0526315789473684,0.0204081632653061,0.0204081632653061,0.0126582278481013,0.0152284263959391,0.0204081632653061,0.0101010101010101,0.0204081632653061,0.0126582278481013,0.0178117048346056,0.0335917312661499,0.0178117048346056,0.0152284263959391,0.0178117048346056,0.0204081632653061,0.0101010101010101,0.0230179028132992,0.0126582278481013,0.0101010101010101,0.0256410256410256,0.0152284263959391,0.0230179028132992,0.0723860589812333,0.0256410256410256,0.0101010101010101,0.0309278350515464,0.0025062656641604,0.0204081632653061,0.0204081632653061,0.0178117048346056,0.038961038961039,0.0362694300518135,0.0126582278481013,0.0204081632653061,0.0204081632653061,0.0204081632653061,0.0610079575596817,0.0309278350515464,0.0554089709762533,0.0335917312661499,0.0416666666666667,0.0471204188481675,0.0695187165775401,0.0471204188481675,0.0335917312661499,0.0610079575596817,0.0666666666666667,0.0416666666666667,0.038961038961039,0.0443864229765013,0.0695187165775401
"GSM1214840",0.13960113960114,0.126760563380282,0.0362694300518135,0.114206128133705,0.0752688172043011,0.101928374655647,1,0.13314447592068,0.0666666666666667,0.101928374655647,0.0869565217391304,0.169590643274854,0.0958904109589041,0.123595505617978,0.11731843575419,0.114206128133705,0.379310344827586,0.0554089709762533,0.078167115902965,0.104972375690608,0.0610079575596817,0.092896174863388,0.261829652996845,0.120448179271709,0.111111111111111,0.142857142857143,0.10803324099723,0.13314447592068,0.0666666666666667,0.0869565217391304,0.162790697674419,0.179941002949853,0.123595505617978,0.166180758017493,0.0638297872340425,0.120448179271709,0.0335917312661499,0.0638297872340425,0.0666666666666667,0.0695187165775401,0.114206128133705,0.0638297872340425,0.0526315789473684,0.30718954248366,0.129943502824859,0.111111111111111,0.0695187165775401,0.0230179028132992,0.0443864229765013,0.0443864229765013,0.0498687664041995,0.0362694300518135,0.0498687664041995,0.0416666666666667,0.038961038961039,0.0335917312661499,0.0309278350515464,0.0335917312661499,0.0443864229765013,0.0309278350515464,0.0526315789473684,0.0416666666666667,0.038961038961039,0.0335917312661499,0.0526315789473684,0.0362694300518135,0.0362694300518135,0.0282776349614396,0.0256410256410256,0.0309278350515464,0.0582010582010582,0.0526315789473684,0.0498687664041995,0.0471204188481675,0.038961038961039,0.0498687664041995,0.0416666666666667,0.0582010582010582,0.0582010582010582,0.0554089709762533,0.0256410256410256,0.0204081632653061,0.0230179028132992,0.0309278350515464,0.0204081632653061,0.0309278350515464,0.0309278350515464,0.0230179028132992,0.0230179028132992,0.0362694300518135,0.0309278350515464,0.0309278350515464,0.0309278350515464,0.0282776349614396,0.0230179028132992,0.0256410256410256,0.0256410256410256,0.0335917312661499,0.0335917312661499,0.0282776349614396,0.0178117048346056,0.078167115902965,0.0256410256410256,0.0335917312661499,0.0309278350515464,0.0178117048346056,0.038961038961039,0.0471204188481675,0.038961038961039,0.0282776349614396,0.0309278350515464,0.038961038961039,0.038961038961039,0.0416666666666667,0.0335917312661499,0.0554089709762533,0.0582010582010582,0.0638297872340425,0.0666666666666667,0.0638297872340425,0.0752688172043011,0.0498687664041995,0.0471204188481675,0.0498687664041995,0.0610079575596817,0.0443864229765013,0.0335917312661499,0.0666666666666667,0.0752688172043011,0.0666666666666667
"GSM1214841",0.136363636363636,0.0695187165775401,0.0554089709762533,0.123595505617978,0.111111111111111,0.0810810810810811,0.13314447592068,1,0.101928374655647,0.179941002949853,0.0443864229765013,0.0695187165775401,0.10803324099723,0.0498687664041995,0.0869565217391304,0.136363636363636,0.0989010989010989,0.0416666666666667,0.0899182561307902,0.0899182561307902,0.0752688172043011,0.136363636363636,0.0840108401084011,0.129943502824859,0.101928374655647,0.114206128133705,0.0810810810810811,0.13314447592068,0.078167115902965,0.0810810810810811,0.13314447592068,0.126760563380282,0.114206128133705,0.149425287356322,0.0723860589812333,0.120448179271709,0.0230179028132992,0.0752688172043011,0.0526315789473684,0.0869565217391304,0.038961038961039,0.0989010989010989,0.0471204188481675,0.092896174863388,0.0989010989010989,0.0958904109589041,0.0723860589812333,0.0309278350515464,0.0471204188481675,0.0335917312661499,0.0416666666666667,0.0638297872340425,0.0471204188481675,0.0471204188481675,0.038961038961039,0.0256410256410256,0.0362694300518135,0.0256410256410256,0.0362694300518135,0.0335917312661499,0.0256410256410256,0.0335917312661499,0.038961038961039,0.0723860589812333,0.0282776349614396,0.0282776349614396,0.0282776349614396,0.0230179028132992,0.0152284263959391,0.0443864229765013,0.0416666666666667,0.038961038961039,0.0471204188481675,0.0526315789473684,0.0101010101010101,0.0335917312661499,0.0498687664041995,0.0610079575596817,0.0498687664041995,0.0362694300518135,0.0309278350515464,0.0204081632653061,0.0256410256410256,0.0416666666666667,0.0309278350515464,0.038961038961039,0.0204081632653061,0.0230179028132992,0.0335917312661499,0.0526315789473684,0.0204081632653061,0.0416666666666667,0.0416666666666667,0.0230179028132992,0.0230179028132992,0.0443864229765013,0.0230179028132992,0.0204081632653061,0.0309278350515464,0.0230179028132992,0.0282776349614396,0.0443864229765013,0.0178117048346056,0.0126582278481013,0.0101010101010101,0.0050251256281407,0.0204081632653061,0.0178117048346056,0.0178117048346056,0.0101010101010101,0.0152284263959391,0.0152284263959391,0.0178117048346056,0.0178117048346056,0.0101010101010101,0.0443864229765013,0.0282776349614396,0.0582010582010582,0.0416666666666667,0.0335917312661499,0.038961038961039,0.0230179028132992,0.0362694300518135,0.0443864229765013,0.0526315789473684,0.0443864229765013,0.0362694300518135,0.0443864229765013,0.0443864229765013,0.0416666666666667
"GSM1214842",0.0989010989010989,0.0554089709762533,0.169590643274854,0.0582010582010582,0.120448179271709,0.101928374655647,0.0666666666666667,0.101928374655647,1,0.226993865030675,0.204819277108434,0.0443864229765013,0.0958904109589041,0.0204081632653061,0.129943502824859,0.0723860589812333,0.0723860589812333,0.197604790419162,0.173020527859238,0.129943502824859,0.242236024844721,0.0989010989010989,0.0638297872340425,0.162790697674419,0.290322580645161,0.13314447592068,0.142857142857143,0.0869565217391304,0.226993865030675,0.0752688172043011,0.129943502824859,0.0666666666666667,0.11731843575419,0.0869565217391304,0.166180758017493,0.10803324099723,0.0526315789473684,0.201201201201201,0.15606936416185,0.30718954248366,0.0498687664041995,0.173020527859238,0.0554089709762533,0.0666666666666667,0.0695187165775401,0.142857142857143,0.078167115902965,0.0335917312661499,0.0610079575596817,0.0723860589812333,0.0723860589812333,0.038961038961039,0.0526315789473684,0.0899182561307902,0.0498687664041995,0.0471204188481675,0.0554089709762533,0.0416666666666667,0.0526315789473684,0.0309278350515464,0.0416666666666667,0.0610079575596817,0.0526315789473684,0.0204081632653061,0.0471204188481675,0.0443864229765013,0.0362694300518135,0.0443864229765013,0.0443864229765013,0.0526315789473684,0.0840108401084011,0.0498687664041995,0.0695187165775401,0.111111111111111,0.0498687664041995,0.0638297872340425,0.111111111111111,0.0989010989010989,0.0498687664041995,0.0638297872340425,0.0309278350515464,0.0152284263959391,0.0256410256410256,0.0443864229765013,0.0309278350515464,0.0101010101010101,0.0443864229765013,0.0178117048346056,0.0335917312661499,0.0416666666666667,0.0256410256410256,0.0178117048346056,0.0362694300518135,0.0416666666666667,0.0256410256410256,0.0152284263959391,0.038961038961039,0.0416666666666667,0.0498687664041995,0.0309278350515464,0.0362694300518135,0.0610079575596817,0.0309278350515464,0.0309278350515464,0.0416666666666667,0.0126582278481013,0.0554089709762533,0.0443864229765013,0.038961038961039,0.0443864229765013,0.0443864229765013,0.0362694300518135,0.0498687664041995,0.0471204188481675,0.038961038961039,0.078167115902965,0.0989010989010989,0.0723860589812333,0.104972375690608,0.0723860589812333,0.0723860589812333,0.0695187165775401,0.078167115902965,0.0526315789473684,0.0840108401084011,0.0869565217391304,0.078167115902965,0.0638297872340425,0.0899182561307902,0.0582010582010582
"GSM1214843",0.123595505617978,0.0498687664041995,0.104972375690608,0.0638297872340425,0.11731843575419,0.0869565217391304,0.101928374655647,0.179941002949853,0.226993865030675,1,0.104972375690608,0.0498687664041995,0.0638297872340425,0.038961038961039,0.114206128133705,0.142857142857143,0.0666666666666667,0.0869565217391304,0.104972375690608,0.152737752161383,0.183431952662722,0.10803324099723,0.0582010582010582,0.169590643274854,0.208459214501511,0.173020527859238,0.111111111111111,0.120448179271709,0.19047619047619,0.0695187165775401,0.166180758017493,0.0840108401084011,0.123595505617978,0.186943620178042,0.101928374655647,0.10803324099723,0.0230179028132992,0.129943502824859,0.0989010989010989,0.176470588235294,0.0471204188481675,0.219512195121951,0.0554089709762533,0.078167115902965,0.0989010989010989,0.10803324099723,0.0695187165775401,0.0362694300518135,0.0443864229765013,0.0554089709762533,0.0638297872340425,0.0498687664041995,0.0638297872340425,0.0958904109589041,0.0362694300518135,0.0309278350515464,0.0335917312661499,0.0498687664041995,0.0554089709762533,0.0256410256410256,0.0416666666666667,0.0443864229765013,0.038961038961039,0.0526315789473684,0.0416666666666667,0.0471204188481675,0.0282776349614396,0.0443864229765013,0.0335917312661499,0.038961038961039,0.0840108401084011,0.0362694300518135,0.0582010582010582,0.0723860589812333,0.038961038961039,0.0582010582010582,0.10803324099723,0.104972375690608,0.038961038961039,0.0498687664041995,0.0335917312661499,0.0050251256281407,0.0204081632653061,0.0416666666666667,0.0152284263959391,0.038961038961039,0.0416666666666667,0.0152284263959391,0.0152284263959391,0.0416666666666667,0.0256410256410256,0.0204081632653061,0.0309278350515464,0.0362694300518135,0.0335917312661499,0.0309278350515464,0.0362694300518135,0.0362694300518135,0.0582010582010582,0.0309278350515464,0.0309278350515464,0.0526315789473684,0.0204081632653061,0.0204081632653061,0.0309278350515464,0.00755667506297229,0.038961038961039,0.0282776349614396,0.0309278350515464,0.0282776349614396,0.0230179028132992,0.0178117048346056,0.0282776349614396,0.0309278350515464,0.0256410256410256,0.0610079575596817,0.078167115902965,0.0666666666666667,0.10803324099723,0.092896174863388,0.0723860589812333,0.0526315789473684,0.0526315789473684,0.0666666666666667,0.078167115902965,0.0610079575596817,0.0471204188481675,0.0666666666666667,0.0899182561307902,0.0638297872340425
"GSM1214844",0.15606936416185,0.0362694300518135,0.0899182561307902,0.0582010582010582,0.0869565217391304,0.152737752161383,0.0869565217391304,0.0443864229765013,0.204819277108434,0.104972375690608,1,0.0309278350515464,0.0958904109589041,0.0309278350515464,0.159420289855072,0.0752688172043011,0.0666666666666667,0.32890365448505,0.162790697674419,0.179941002949853,0.129943502824859,0.078167115902965,0.0582010582010582,0.120448179271709,0.194029850746269,0.126760563380282,0.204819277108434,0.11731843575419,0.166180758017493,0.101928374655647,0.149425287356322,0.0443864229765013,0.129943502824859,0.0869565217391304,0.13960113960114,0.120448179271709,0.0638297872340425,0.146131805157593,0.197604790419162,0.186943620178042,0.0498687664041995,0.104972375690608,0.0695187165775401,0.0869565217391304,0.104972375690608,0.257861635220126,0.0416666666666667,0.038961038961039,0.078167115902965,0.0840108401084011,0.0695187165775401,0.0309278350515464,0.0498687664041995,0.0582010582010582,0.038961038961039,0.0554089709762533,0.0610079575596817,0.0526315789473684,0.0582010582010582,0.0309278350515464,0.0498687664041995,0.0471204188481675,0.0582010582010582,0.0178117048346056,0.0526315789473684,0.0498687664041995,0.0443864229765013,0.0471204188481675,0.0256410256410256,0.0498687664041995,0.0666666666666667,0.0554089709762533,0.0416666666666667,0.0810810810810811,0.0869565217391304,0.0695187165775401,0.0498687664041995,0.038961038961039,0.0526315789473684,0.0638297872340425,0.0256410256410256,0.0126582278481013,0.0230179028132992,0.0178117048346056,0.0178117048346056,0.0178117048346056,0.0309278350515464,0.0126582278481013,0.0204081632653061,0.0256410256410256,0.0309278350515464,0.0282776349614396,0.0309278350515464,0.0282776349614396,0.0230179028132992,0.0101010101010101,0.0256410256410256,0.0230179028132992,0.038961038961039,0.0256410256410256,0.0498687664041995,0.0638297872340425,0.0526315789473684,0.0498687664041995,0.0958904109589041,0.0362694300518135,0.078167115902965,0.0723860589812333,0.0638297872340425,0.0695187165775401,0.0723860589812333,0.0840108401084011,0.0899182561307902,0.0840108401084011,0.0638297872340425,0.0638297872340425,0.114206128133705,0.0666666666666667,0.0869565217391304,0.0752688172043011,0.11731843575419,0.0666666666666667,0.0869565217391304,0.0810810810810811,0.0840108401084011,0.0869565217391304,0.0695187165775401,0.0869565217391304,0.0989010989010989,0.078167115902965
"GSM1214845",0.0256410256410256,0.166180758017493,0.0362694300518135,0.0498687664041995,0.0471204188481675,0.0416666666666667,0.169590643274854,0.0695187165775401,0.0443864229765013,0.0498687664041995,0.0309278350515464,1,0.0471204188481675,0.166180758017493,0.0230179028132992,0.0443864229765013,0.173020527859238,0.0256410256410256,0.0471204188481675,0.0416666666666667,0.0335917312661499,0.0610079575596817,0.15606936416185,0.0498687664041995,0.0471204188481675,0.0230179028132992,0.0282776349614396,0.0416666666666667,0.0282776349614396,0.0126582278481013,0.0230179028132992,0.149425287356322,0.038961038961039,0.0335917312661499,0.0230179028132992,0.0362694300518135,0.0309278350515464,0.0256410256410256,0.0309278350515464,0.0443864229765013,0.142857142857143,0.0416666666666667,0.0309278350515464,0.0958904109589041,0.0230179028132992,0.0256410256410256,0.0695187165775401,0.0309278350515464,0.0309278350515464,0.0204081632653061,0.0309278350515464,0.0309278350515464,0.0416666666666667,0.0309278350515464,0.0666666666666667,0.0309278350515464,0.0204081632653061,0.0362694300518135,0.0416666666666667,0.038961038961039,0.038961038961039,0.0178117048346056,0.0256410256410256,0.0362694300518135,0.0443864229765013,0.0335917312661499,0.0309278350515464,0.0152284263959391,0.0204081632653061,0.0309278350515464,0.0471204188481675,0.0230179028132992,0.0362694300518135,0.0498687664041995,0.0126582278481013,0.0152284263959391,0.0282776349614396,0.0443864229765013,0.0443864229765013,0.038961038961039,0.0309278350515464,0.0101010101010101,0.0256410256410256,0.0256410256410256,0.0178117048346056,0.0309278350515464,0.0178117048346056,0.0178117048346056,0.0178117048346056,0.0526315789473684,0.038961038961039,0.0309278350515464,0.0362694300518135,0.0282776349614396,0.0256410256410256,0.0256410256410256,0.0101010101010101,0.0101010101010101,0.0204081632653061,0.0309278350515464,0.0282776349614396,0.0554089709762533,0.0256410256410256,0.0152284263959391,0.0152284263959391,0.0050251256281407,0.0152284263959391,0.0178117048346056,0.0126582278481013,0.0126582278481013,0.0282776349614396,0.0178117048346056,0.0204081632653061,0.0178117048346056,0.0126582278481013,0.038961038961039,0.0256410256410256,0.0526315789473684,0.0362694300518135,0.0309278350515464,0.038961038961039,0.0256410256410256,0.0335917312661499,0.0309278350515464,0.0443864229765013,0.0443864229765013,0.0416666666666667,0.038961038961039,0.0362694300518135,0.038961038961039
"GSM1214846",0.166180758017493,0.078167115902965,0.0309278350515464,0.0869565217391304,0.0810810810810811,0.149425287356322,0.0958904109589041,0.10803324099723,0.0958904109589041,0.0638297872340425,0.0958904109589041,0.0471204188481675,1,0.0282776349614396,0.146131805157593,0.11731843575419,0.0869565217391304,0.092896174863388,0.136363636363636,0.15606936416185,0.0958904109589041,0.13314447592068,0.0526315789473684,0.104972375690608,0.114206128133705,0.0989010989010989,0.13314447592068,0.159420289855072,0.0554089709762533,0.120448179271709,0.101928374655647,0.0810810810810811,0.169590643274854,0.0989010989010989,0.111111111111111,0.0869565217391304,0.038961038961039,0.0810810810810811,0.114206128133705,0.0840108401084011,0.0471204188481675,0.0610079575596817,0.0416666666666667,0.0610079575596817,0.114206128133705,0.111111111111111,0.038961038961039,0.0309278350515464,0.0362694300518135,0.038961038961039,0.0498687664041995,0.0256410256410256,0.038961038961039,0.0282776349614396,0.0230179028132992,0.0335917312661499,0.0443864229765013,0.0256410256410256,0.0416666666666667,0.0335917312661499,0.0204081632653061,0.0256410256410256,0.0204081632653061,0.0101010101010101,0.0309278350515464,0.0282776349614396,0.0416666666666667,0.0256410256410256,0.0230179028132992,0.038961038961039,0.0178117048346056,0.0416666666666667,0.0443864229765013,0.0443864229765013,0.0178117048346056,0.0526315789473684,0.0416666666666667,0.0362694300518135,0.0416666666666667,0.0362694300518135,0.0126582278481013,0.0204081632653061,0.0204081632653061,0.0178117048346056,0.0416666666666667,0.0126582278481013,0.0204081632653061,0.0152284263959391,0.0309278350515464,0.0362694300518135,0.0204081632653061,0.0282776349614396,0.0282776349614396,0.0126582278481013,0.0230179028132992,0.0230179028132992,0.0204081632653061,0.0204081632653061,0.0152284263959391,0.0256410256410256,0.0178117048346056,0.0526315789473684,0.0230179028132992,0.0282776349614396,0.0256410256410256,0.0152284263959391,0.0204081632653061,0.0256410256410256,0.0282776349614396,0.0204081632653061,0.0282776349614396,0.0204081632653061,0.0256410256410256,0.0204081632653061,0.0204081632653061,0.0695187165775401,0.0362694300518135,0.0582010582010582,0.0443864229765013,0.0256410256410256,0.0256410256410256,0.0443864229765013,0.0526315789473684,0.0443864229765013,0.0610079575596817,0.0471204188481675,0.0335917312661499,0.0471204188481675,0.0498687664041995,0.0582010582010582
"GSM1214847",0.0362694300518135,0.162790697674419,0.0335917312661499,0.0443864229765013,0.0582010582010582,0.0362694300518135,0.123595505617978,0.0498687664041995,0.0204081632653061,0.038961038961039,0.0309278350515464,0.166180758017493,0.0282776349614396,1,0.0230179028132992,0.0638297872340425,0.173020527859238,0.038961038961039,0.0471204188481675,0.0335917312661499,0.0362694300518135,0.0899182561307902,0.19047619047619,0.0582010582010582,0.0443864229765013,0.0282776349614396,0.038961038961039,0.0498687664041995,0.0362694300518135,0.0152284263959391,0.0282776349614396,0.173020527859238,0.0230179028132992,0.0416666666666667,0.0526315789473684,0.0471204188481675,0.0309278350515464,0.0204081632653061,0.0416666666666667,0.0282776349614396,0.194029850746269,0.038961038961039,0.0526315789473684,0.15606936416185,0.0204081632653061,0.0256410256410256,0.0416666666666667,0.0416666666666667,0.038961038961039,0.0256410256410256,0.0204081632653061,0.0204081632653061,0.0526315789473684,0.038961038961039,0.038961038961039,0.0362694300518135,0.0335917312661499,0.0443864229765013,0.0498687664041995,0.0416666666666667,0.0723860589812333,0.0282776349614396,0.0695187165775401,0.0443864229765013,0.0526315789473684,0.0526315789473684,0.0282776349614396,0.0230179028132992,0.0335917312661499,0.0498687664041995,0.0471204188481675,0.0416666666666667,0.0443864229765013,0.0554089709762533,0.0152284263959391,0.0309278350515464,0.0126582278481013,0.0582010582010582,0.0498687664041995,0.0526315789473684,0.038961038961039,0.0256410256410256,0.0282776349614396,0.0526315789473684,0.0204081632653061,0.0582010582010582,0.0582010582010582,0.0282776349614396,0.0282776349614396,0.0582010582010582,0.0362694300518135,0.0443864229765013,0.038961038961039,0.0471204188481675,0.0471204188481675,0.0443864229765013,0.0309278350515464,0.0443864229765013,0.0582010582010582,0.0443864229765013,0.0526315789473684,0.0498687664041995,0.0152284263959391,0.0230179028132992,0.0178117048346056,0.0178117048346056,0.0256410256410256,0.0309278350515464,0.0230179028132992,0.0178117048346056,0.0178117048346056,0.0282776349614396,0.0204081632653061,0.0282776349614396,0.0256410256410256,0.0362694300518135,0.0526315789473684,0.0471204188481675,0.038961038961039,0.0416666666666667,0.0498687664041995,0.0204081632653061,0.038961038961039,0.0582010582010582,0.0610079575596817,0.0498687664041995,0.038961038961039,0.0638297872340425,0.0554089709762533,0.0416666666666667
"GSM1214848",0.257861635220126,0.0335917312661499,0.114206128133705,0.0989010989010989,0.208459214501511,0.238390092879257,0.11731843575419,0.0869565217391304,0.129943502824859,0.114206128133705,0.159420289855072,0.0230179028132992,0.146131805157593,0.0230179028132992,1,0.129943502824859,0.0958904109589041,0.15606936416185,0.194029850746269,0.257861635220126,0.152737752161383,0.13960113960114,0.0752688172043011,0.230769230769231,0.149425287356322,0.298701298701299,0.226993865030675,0.26984126984127,0.0810810810810811,0.208459214501511,0.21580547112462,0.0554089709762533,0.282051282051282,0.186943620178042,0.173020527859238,0.25,0.0416666666666667,0.162790697674419,0.194029850746269,0.142857142857143,0.0335917312661499,0.120448179271709,0.0695187165775401,0.120448179271709,0.183431952662722,0.149425287356322,0.0335917312661499,0.0416666666666667,0.0840108401084011,0.0554089709762533,0.0582010582010582,0.0178117048346056,0.0498687664041995,0.0471204188481675,0.038961038961039,0.0416666666666667,0.0610079575596817,0.0362694300518135,0.0695187165775401,0.0230179028132992,0.0282776349614396,0.0471204188481675,0.0362694300518135,0.0101010101010101,0.0416666666666667,0.0471204188481675,0.0443864229765013,0.0362694300518135,0.0230179028132992,0.0498687664041995,0.0638297872340425,0.0335917312661499,0.0610079575596817,0.078167115902965,0.0443864229765013,0.0695187165775401,0.0582010582010582,0.0471204188481675,0.0582010582010582,0.0554089709762533,0.0178117048346056,0.0230179028132992,0.0335917312661499,0.0152284263959391,0.038961038961039,0.0101010101010101,0.0282776349614396,0.0204081632653061,0.038961038961039,0.0282776349614396,0.0204081632653061,0.0309278350515464,0.0362694300518135,0.0230179028132992,0.0230179028132992,0.0309278350515464,0.0178117048346056,0.0204081632653061,0.0471204188481675,0.0152284263959391,0.0282776349614396,0.0723860589812333,0.0362694300518135,0.0230179028132992,0.0230179028132992,0.0050251256281407,0.0309278350515464,0.0309278350515464,0.0335917312661499,0.0204081632653061,0.0443864229765013,0.0178117048346056,0.0335917312661499,0.0309278350515464,0.0282776349614396,0.0695187165775401,0.0471204188481675,0.0666666666666667,0.0471204188481675,0.0526315789473684,0.0638297872340425,0.0723860589812333,0.0723860589812333,0.0526315789473684,0.0695187165775401,0.078167115902965,0.0526315789473684,0.0610079575596817,0.0752688172043011,0.078167115902965
"GSM1214849",0.149425287356322,0.0752688172043011,0.0723860589812333,0.0899182561307902,0.183431952662722,0.129943502824859,0.114206128133705,0.136363636363636,0.0723860589812333,0.142857142857143,0.0752688172043011,0.0443864229765013,0.11731843575419,0.0638297872340425,0.129943502824859,1,0.0899182561307902,0.0610079575596817,0.169590643274854,0.149425287356322,0.111111111111111,0.179941002949853,0.101928374655647,0.21580547112462,0.126760563380282,0.11731843575419,0.159420289855072,0.169590643274854,0.0723860589812333,0.0958904109589041,0.159420289855072,0.092896174863388,0.13960113960114,0.212121212121212,0.123595505617978,0.208459214501511,0.0256410256410256,0.078167115902965,0.111111111111111,0.0958904109589041,0.0582010582010582,0.11731843575419,0.0723860589812333,0.10803324099723,0.11731843575419,0.114206128133705,0.038961038961039,0.0230179028132992,0.0666666666666667,0.0416666666666667,0.0471204188481675,0.0204081632653061,0.0752688172043011,0.0362694300518135,0.0526315789473684,0.0362694300518135,0.0471204188481675,0.038961038961039,0.0610079575596817,0.0335917312661499,0.0362694300518135,0.0443864229765013,0.0498687664041995,0.038961038961039,0.0416666666666667,0.0610079575596817,0.0256410256410256,0.0204081632653061,0.0126582278481013,0.0526315789473684,0.0335917312661499,0.0362694300518135,0.0443864229765013,0.0416666666666667,0.0178117048346056,0.0498687664041995,0.0282776349614396,0.0471204188481675,0.0526315789473684,0.0498687664041995,0.0282776349614396,0.0230179028132992,0.0282776349614396,0.0152284263959391,0.0204081632653061,0.0362694300518135,0.0282776349614396,0.0230179028132992,0.0256410256410256,0.0666666666666667,0.0309278350515464,0.0443864229765013,0.0256410256410256,0.0282776349614396,0.0126582278481013,0.0443864229765013,0.0256410256410256,0.0282776349614396,0.0526315789473684,0.0416666666666667,0.0362694300518135,0.0666666666666667,0.0152284263959391,0.00755667506297229,0.0152284263959391,0.0050251256281407,0.0178117048346056,0.0152284263959391,0.0126582278481013,0.00755667506297229,0.0204081632653061,0.0152284263959391,0.0178117048346056,0.0204081632653061,0.00755667506297229,0.0695187165775401,0.0282776349614396,0.0582010582010582,0.0554089709762533,0.0526315789473684,0.0582010582010582,0.0471204188481675,0.0582010582010582,0.0554089709762533,0.0840108401084011,0.0471204188481675,0.0362694300518135,0.0582010582010582,0.0810810810810811,0.0695187165775401
"GSM1214850",0.104972375690608,0.114206128133705,0.0526315789473684,0.104972375690608,0.0958904109589041,0.104972375690608,0.379310344827586,0.0989010989010989,0.0723860589812333,0.0666666666666667,0.0666666666666667,0.173020527859238,0.0869565217391304,0.173020527859238,0.0958904109589041,0.0899182561307902,1,0.0582010582010582,0.078167115902965,0.092896174863388,0.0526315789473684,0.0869565217391304,0.374570446735395,0.10803324099723,0.092896174863388,0.111111111111111,0.0752688172043011,0.111111111111111,0.0554089709762533,0.0695187165775401,0.10803324099723,0.162790697674419,0.123595505617978,0.10803324099723,0.0666666666666667,0.092896174863388,0.038961038961039,0.0582010582010582,0.0582010582010582,0.0582010582010582,0.114206128133705,0.0526315789473684,0.0554089709762533,0.324503311258278,0.092896174863388,0.0810810810810811,0.0723860589812333,0.0230179028132992,0.038961038961039,0.0282776349614396,0.0498687664041995,0.0309278350515464,0.0526315789473684,0.0309278350515464,0.0554089709762533,0.0416666666666667,0.0282776349614396,0.0282776349614396,0.0443864229765013,0.0526315789473684,0.0610079575596817,0.0471204188481675,0.0335917312661499,0.0335917312661499,0.0471204188481675,0.0362694300518135,0.0335917312661499,0.0152284263959391,0.0256410256410256,0.0471204188481675,0.0471204188481675,0.0582010582010582,0.0666666666666667,0.0526315789473684,0.0178117048346056,0.0471204188481675,0.0335917312661499,0.0723860589812333,0.0498687664041995,0.0610079575596817,0.0230179028132992,0.00755667506297229,0.0204081632653061,0.0282776349614396,0.0204081632653061,0.0256410256410256,0.0178117048346056,0.0126582278481013,0.0362694300518135,0.0554089709762533,0.0230179028132992,0.038961038961039,0.0309278350515464,0.038961038961039,0.0416666666666667,0.0230179028132992,0.0204081632653061,0.0335917312661499,0.0204081632653061,0.0335917312661499,0.0230179028132992,0.0752688172043011,0.0152284263959391,0.0282776349614396,0.0152284263959391,0.0101010101010101,0.0204081632653061,0.0282776349614396,0.0230179028132992,0.0178117048346056,0.0204081632653061,0.0204081632653061,0.0230179028132992,0.0256410256410256,0.0204081632653061,0.0638297872340425,0.0498687664041995,0.0638297872340425,0.0554089709762533,0.0582010582010582,0.0638297872340425,0.0498687664041995,0.0498687664041995,0.0443864229765013,0.0554089709762533,0.0554089709762533,0.0443864229765013,0.0638297872340425,0.0666666666666667,0.0666666666666667
"GSM1214851",0.126760563380282,0.0362694300518135,0.162790697674419,0.0416666666666667,0.092896174863388,0.146131805157593,0.0554089709762533,0.0416666666666667,0.197604790419162,0.0869565217391304,0.32890365448505,0.0256410256410256,0.092896174863388,0.038961038961039,0.15606936416185,0.0610079575596817,0.0582010582010582,1,0.159420289855072,0.194029850746269,0.194029850746269,0.129943502824859,0.0526315789473684,0.136363636363636,0.212121212121212,0.120448179271709,0.204819277108434,0.11731843575419,0.136363636363636,0.0810810810810811,0.13960113960114,0.0416666666666667,0.129943502824859,0.078167115902965,0.208459214501511,0.120448179271709,0.078167115902965,0.176470588235294,0.223241590214067,0.173020527859238,0.038961038961039,0.0989010989010989,0.0723860589812333,0.0554089709762533,0.0666666666666667,0.169590643274854,0.0471204188481675,0.0362694300518135,0.0695187165775401,0.0840108401084011,0.0526315789473684,0.0230179028132992,0.0638297872340425,0.0582010582010582,0.0416666666666667,0.0416666666666667,0.0666666666666667,0.0443864229765013,0.0666666666666667,0.0309278350515464,0.0471204188481675,0.0554089709762533,0.0498687664041995,0.0204081632653061,0.0638297872340425,0.0471204188481675,0.0582010582010582,0.0498687664041995,0.0256410256410256,0.0638297872340425,0.0416666666666667,0.0554089709762533,0.0471204188481675,0.0695187165775401,0.0666666666666667,0.0638297872340425,0.0443864229765013,0.0362694300518135,0.0443864229765013,0.0582010582010582,0.0256410256410256,0.0178117048346056,0.0256410256410256,0.0309278350515464,0.0230179028132992,0.0204081632653061,0.038961038961039,0.0126582278481013,0.0335917312661499,0.0416666666666667,0.0416666666666667,0.0362694300518135,0.0309278350515464,0.0335917312661499,0.0416666666666667,0.0204081632653061,0.0471204188481675,0.0443864229765013,0.0582010582010582,0.0498687664041995,0.0610079575596817,0.0810810810810811,0.0471204188481675,0.0498687664041995,0.0723860589812333,0.0309278350515464,0.0526315789473684,0.0610079575596817,0.0526315789473684,0.0526315789473684,0.0610079575596817,0.0666666666666667,0.0666666666666667,0.0582010582010582,0.0526315789473684,0.0840108401084011,0.0989010989010989,0.0810810810810811,0.078167115902965,0.0526315789473684,0.0810810810810811,0.0695187165775401,0.0869565217391304,0.0752688172043011,0.0869565217391304,0.0958904109589041,0.0752688172043011,0.0869565217391304,0.0723860589812333,0.0810810810810811
"GSM1214852",0.123595505617978,0.0723860589812333,0.149425287356322,0.0752688172043011,0.146131805157593,0.13314447592068,0.078167115902965,0.0899182561307902,0.173020527859238,0.104972375690608,0.162790697674419,0.0471204188481675,0.136363636363636,0.0471204188481675,0.194029850746269,0.169590643274854,0.078167115902965,0.159420289855072,1,0.223241590214067,0.226993865030675,0.223241590214067,0.111111111111111,0.265822784810127,0.179941002949853,0.111111111111111,0.223241590214067,0.142857142857143,0.15606936416185,0.092896174863388,0.201201201201201,0.0752688172043011,0.13314447592068,0.15606936416185,0.290322580645161,0.142857142857143,0.0554089709762533,0.261829652996845,0.261829652996845,0.204819277108434,0.0554089709762533,0.146131805157593,0.0810810810810811,0.092896174863388,0.092896174863388,0.129943502824859,0.0498687664041995,0.0309278350515464,0.0695187165775401,0.0554089709762533,0.078167115902965,0.038961038961039,0.0752688172043011,0.038961038961039,0.0471204188481675,0.0498687664041995,0.0666666666666667,0.0554089709762533,0.0638297872340425,0.0309278350515464,0.0443864229765013,0.0666666666666667,0.0526315789473684,0.0309278350515464,0.0443864229765013,0.0554089709762533,0.0554089709762533,0.0416666666666667,0.038961038961039,0.0610079575596817,0.0638297872340425,0.0554089709762533,0.0638297872340425,0.0899182561307902,0.0471204188481675,0.0840108401084011,0.0638297872340425,0.0554089709762533,0.078167115902965,0.078167115902965,0.0282776349614396,0.0230179028132992,0.0282776349614396,0.0178117048346056,0.0362694300518135,0.0282776349614396,0.0362694300518135,0.0309278350515464,0.038961038961039,0.0610079575596817,0.0362694300518135,0.0282776349614396,0.0309278350515464,0.0335917312661499,0.0309278350515464,0.0230179028132992,0.0204081632653061,0.0282776349614396,0.0335917312661499,0.0362694300518135,0.038961038961039,0.0723860589812333,0.0309278350515464,0.0362694300518135,0.0362694300518135,0.0101010101010101,0.0471204188481675,0.038961038961039,0.0335917312661499,0.0282776349614396,0.0498687664041995,0.0282776349614396,0.0498687664041995,0.0471204188481675,0.0282776349614396,0.0869565217391304,0.0695187165775401,0.0695187165775401,0.0695187165775401,0.0554089709762533,0.0752688172043011,0.0554089709762533,0.0840108401084011,0.0723860589812333,0.0869565217391304,0.0810810810810811,0.0666666666666667,0.078167115902965,0.0840108401084011,0.0840108401084011
"GSM1214853",0.21580547112462,0.0443864229765013,0.0958904109589041,0.092896174863388,0.136363636363636,0.201201201201201,0.104972375690608,0.0899182561307902,0.129943502824859,0.152737752161383,0.179941002949853,0.0416666666666667,0.15606936416185,0.0335917312661499,0.257861635220126,0.149425287356322,0.092896174863388,0.194029850746269,0.223241590214067,1,0.149425287356322,0.186943620178042,0.078167115902965,0.234567901234568,0.152737752161383,0.197604790419162,0.234567901234568,0.219512195121951,0.092896174863388,0.13960113960114,0.253918495297806,0.0695187165775401,0.21580547112462,0.186943620178042,0.173020527859238,0.146131805157593,0.0362694300518135,0.13960113960114,0.194029850746269,0.152737752161383,0.038961038961039,0.11731843575419,0.0610079575596817,0.120448179271709,0.136363636363636,0.142857142857143,0.0443864229765013,0.0309278350515464,0.0554089709762533,0.0526315789473684,0.0582010582010582,0.0256410256410256,0.0666666666666667,0.0554089709762533,0.0282776349614396,0.0282776349614396,0.0362694300518135,0.0443864229765013,0.0695187165775401,0.0282776349614396,0.0309278350515464,0.0256410256410256,0.0416666666666667,0.0256410256410256,0.0443864229765013,0.0498687664041995,0.0471204188481675,0.0126582278481013,0.0126582278481013,0.0309278350515464,0.0416666666666667,0.0335917312661499,0.0526315789473684,0.0526315789473684,0.0178117048346056,0.0526315789473684,0.0362694300518135,0.0498687664041995,0.0526315789473684,0.0610079575596817,0.0230179028132992,0.0126582278481013,0.0256410256410256,0.0178117048346056,0.0178117048346056,0.0230179028132992,0.0152284263959391,0.0101010101010101,0.0309278350515464,0.0416666666666667,0.0309278350515464,0.0309278350515464,0.0256410256410256,0.0256410256410256,0.0204081632653061,0.0256410256410256,0.0230179028132992,0.0204081632653061,0.0362694300518135,0.0256410256410256,0.0282776349614396,0.078167115902965,0.0256410256410256,0.0126582278481013,0.0256410256410256,0.0025062656641604,0.0256410256410256,0.0204081632653061,0.0152284263959391,0.0256410256410256,0.0309278350515464,0.0256410256410256,0.0282776349614396,0.0230179028132992,0.0230179028132992,0.0666666666666667,0.0416666666666667,0.0610079575596817,0.0554089709762533,0.0498687664041995,0.0471204188481675,0.0526315789473684,0.0443864229765013,0.0638297872340425,0.0666666666666667,0.0638297872340425,0.0498687664041995,0.0526315789473684,0.0526315789473684,0.0666666666666667
"GSM1214854",0.0989010989010989,0.0443864229765013,0.230769230769231,0.0416666666666667,0.13314447592068,0.114206128133705,0.0610079575596817,0.0752688172043011,0.242236024844721,0.183431952662722,0.129943502824859,0.0335917312661499,0.0958904109589041,0.0362694300518135,0.152737752161383,0.111111111111111,0.0526315789473684,0.194029850746269,0.226993865030675,0.149425287356322,1,0.159420289855072,0.0471204188481675,0.234567901234568,0.277955271565495,0.149425287356322,0.21580547112462,0.104972375690608,0.273885350318471,0.078167115902965,0.15606936416185,0.0526315789473684,0.10803324099723,0.0958904109589041,0.360544217687075,0.126760563380282,0.0443864229765013,0.290322580645161,0.219512195121951,0.286173633440514,0.0416666666666667,0.197604790419162,0.0554089709762533,0.0638297872340425,0.0666666666666667,0.104972375690608,0.0638297872340425,0.0335917312661499,0.0554089709762533,0.0723860589812333,0.0638297872340425,0.0443864229765013,0.0695187165775401,0.0695187165775401,0.038961038961039,0.0362694300518135,0.0610079575596817,0.038961038961039,0.0666666666666667,0.0282776349614396,0.0230179028132992,0.0443864229765013,0.0554089709762533,0.0178117048346056,0.0526315789473684,0.0582010582010582,0.0582010582010582,0.0610079575596817,0.0309278350515464,0.0498687664041995,0.0958904109589041,0.0554089709762533,0.0638297872340425,0.0869565217391304,0.0309278350515464,0.0610079575596817,0.104972375690608,0.0810810810810811,0.0471204188481675,0.0471204188481675,0.0256410256410256,0.0204081632653061,0.0282776349614396,0.0230179028132992,0.0416666666666667,0.0204081632653061,0.0282776349614396,0.0204081632653061,0.0498687664041995,0.0471204188481675,0.0282776349614396,0.0335917312661499,0.038961038961039,0.0362694300518135,0.0256410256410256,0.0256410256410256,0.0230179028132992,0.0309278350515464,0.0335917312661499,0.0309278350515464,0.0416666666666667,0.0695187165775401,0.0416666666666667,0.038961038961039,0.0282776349614396,0.0101010101010101,0.0554089709762533,0.0471204188481675,0.0416666666666667,0.0362694300518135,0.0471204188481675,0.0309278350515464,0.0554089709762533,0.0498687664041995,0.0471204188481675,0.078167115902965,0.0695187165775401,0.0666666666666667,0.078167115902965,0.0526315789473684,0.0443864229765013,0.0471204188481675,0.0638297872340425,0.0638297872340425,0.0869565217391304,0.0582010582010582,0.078167115902965,0.0723860589812333,0.0723860589812333,0.0752688172043011
"GSM1214855",0.15606936416185,0.0869565217391304,0.0958904109589041,0.0582010582010582,0.146131805157593,0.142857142857143,0.092896174863388,0.136363636363636,0.0989010989010989,0.10803324099723,0.078167115902965,0.0610079575596817,0.13314447592068,0.0899182561307902,0.13960113960114,0.179941002949853,0.0869565217391304,0.129943502824859,0.223241590214067,0.186943620178042,0.159420289855072,1,0.0810810810810811,0.282051282051282,0.142857142857143,0.111111111111111,0.173020527859238,0.194029850746269,0.078167115902965,0.0899182561307902,0.149425287356322,0.11731843575419,0.142857142857143,0.142857142857143,0.234567901234568,0.149425287356322,0.0416666666666667,0.142857142857143,0.173020527859238,0.101928374655647,0.0498687664041995,0.104972375690608,0.078167115902965,0.0840108401084011,0.0666666666666667,0.078167115902965,0.0666666666666667,0.0309278350515464,0.0666666666666667,0.0471204188481675,0.0335917312661499,0.0309278350515464,0.0810810810810811,0.0309278350515464,0.0582010582010582,0.038961038961039,0.038961038961039,0.0498687664041995,0.0471204188481675,0.0443864229765013,0.0335917312661499,0.0471204188481675,0.0498687664041995,0.0638297872340425,0.0526315789473684,0.0554089709762533,0.0362694300518135,0.0309278350515464,0.0256410256410256,0.0554089709762533,0.0362694300518135,0.038961038961039,0.0443864229765013,0.0443864229765013,0.0204081632653061,0.0723860589812333,0.0282776349614396,0.0471204188481675,0.0582010582010582,0.0695187165775401,0.0230179028132992,0.0256410256410256,0.0256410256410256,0.0362694300518135,0.0335917312661499,0.0554089709762533,0.0362694300518135,0.0204081632653061,0.038961038961039,0.0666666666666667,0.0309278350515464,0.038961038961039,0.0335917312661499,0.0282776349614396,0.0282776349614396,0.0471204188481675,0.0230179028132992,0.0230179028132992,0.0582010582010582,0.0416666666666667,0.0335917312661499,0.0666666666666667,0.0282776349614396,0.0152284263959391,0.0256410256410256,0.0152284263959391,0.0178117048346056,0.0230179028132992,0.0178117048346056,0.0256410256410256,0.0335917312661499,0.0178117048346056,0.0230179028132992,0.0256410256410256,0.0204081632653061,0.0695187165775401,0.0471204188481675,0.078167115902965,0.0666666666666667,0.0498687664041995,0.0582010582010582,0.0362694300518135,0.0638297872340425,0.0695187165775401,0.0958904109589041,0.0554089709762533,0.0362694300518135,0.078167115902965,0.0810810810810811,0.0554089709762533
"GSM1214856",0.0723860589812333,0.11731843575419,0.0471204188481675,0.0840108401084011,0.0989010989010989,0.0638297872340425,0.261829652996845,0.0840108401084011,0.0638297872340425,0.0582010582010582,0.0582010582010582,0.15606936416185,0.0526315789473684,0.19047619047619,0.0752688172043011,0.101928374655647,0.374570446735395,0.0526315789473684,0.111111111111111,0.078167115902965,0.0471204188481675,0.0810810810810811,1,0.10803324099723,0.0695187165775401,0.0723860589812333,0.078167115902965,0.0752688172043011,0.0498687664041995,0.0582010582010582,0.0958904109589041,0.142857142857143,0.0723860589812333,0.114206128133705,0.0666666666666667,0.0958904109589041,0.038961038961039,0.0554089709762533,0.0638297872340425,0.0443864229765013,0.123595505617978,0.0554089709762533,0.0666666666666667,0.351351351351351,0.0869565217391304,0.0666666666666667,0.0752688172043011,0.038961038961039,0.0582010582010582,0.0416666666666667,0.0471204188481675,0.038961038961039,0.0498687664041995,0.0471204188481675,0.0666666666666667,0.0471204188481675,0.0443864229765013,0.0498687664041995,0.0666666666666667,0.0610079575596817,0.0610079575596817,0.0554089709762533,0.0582010582010582,0.0443864229765013,0.0498687664041995,0.0498687664041995,0.0335917312661499,0.0256410256410256,0.0204081632653061,0.0666666666666667,0.0695187165775401,0.0554089709762533,0.0752688172043011,0.0666666666666667,0.0335917312661499,0.0498687664041995,0.0335917312661499,0.0869565217391304,0.0526315789473684,0.0723860589812333,0.038961038961039,0.0152284263959391,0.0230179028132992,0.0282776349614396,0.0335917312661499,0.0362694300518135,0.0282776349614396,0.0282776349614396,0.0256410256410256,0.0610079575596817,0.0230179028132992,0.038961038961039,0.0443864229765013,0.0335917312661499,0.038961038961039,0.038961038961039,0.0178117048346056,0.0256410256410256,0.0256410256410256,0.0309278350515464,0.0282776349614396,0.0526315789473684,0.0230179028132992,0.0256410256410256,0.0256410256410256,0.0126582278481013,0.0309278350515464,0.0335917312661499,0.0282776349614396,0.0178117048346056,0.0362694300518135,0.0282776349614396,0.0335917312661499,0.0362694300518135,0.0282776349614396,0.0695187165775401,0.0471204188481675,0.0638297872340425,0.0582010582010582,0.0638297872340425,0.0666666666666667,0.0471204188481675,0.0554089709762533,0.0554089709762533,0.0666666666666667,0.0582010582010582,0.0554089709762533,0.0582010582010582,0.0666666666666667,0.0723860589812333
"GSM1214857",0.183431952662722,0.0695187165775401,0.126760563380282,0.0723860589812333,0.162790697674419,0.149425287356322,0.120448179271709,0.129943502824859,0.162790697674419,0.169590643274854,0.120448179271709,0.0498687664041995,0.104972375690608,0.0582010582010582,0.230769230769231,0.21580547112462,0.10803324099723,0.136363636363636,0.265822784810127,0.234567901234568,0.234567901234568,0.282051282051282,0.10803324099723,1,0.226993865030675,0.176470588235294,0.234567901234568,0.226993865030675,0.21580547112462,0.111111111111111,0.223241590214067,0.0810810810810811,0.201201201201201,0.246105919003115,0.230769230769231,0.253918495297806,0.0416666666666667,0.186943620178042,0.179941002949853,0.226993865030675,0.0526315789473684,0.186943620178042,0.0899182561307902,0.120448179271709,0.126760563380282,0.136363636363636,0.0582010582010582,0.0471204188481675,0.0666666666666667,0.0638297872340425,0.0443864229765013,0.0309278350515464,0.104972375690608,0.0526315789473684,0.0582010582010582,0.0230179028132992,0.0443864229765013,0.0526315789473684,0.0723860589812333,0.0526315789473684,0.0309278350515464,0.0526315789473684,0.0582010582010582,0.0416666666666667,0.0554089709762533,0.0723860589812333,0.0335917312661499,0.0335917312661499,0.0335917312661499,0.0554089709762533,0.0610079575596817,0.0362694300518135,0.0471204188481675,0.0666666666666667,0.0204081632653061,0.0638297872340425,0.0582010582010582,0.0471204188481675,0.0582010582010582,0.0666666666666667,0.0309278350515464,0.0204081632653061,0.0309278350515464,0.0256410256410256,0.0362694300518135,0.0282776349614396,0.0204081632653061,0.0256410256410256,0.0416666666666667,0.0498687664041995,0.0230179028132992,0.0230179028132992,0.0335917312661499,0.0335917312661499,0.0230179028132992,0.0498687664041995,0.0178117048346056,0.0204081632653061,0.0526315789473684,0.0230179028132992,0.0335917312661499,0.0840108401084011,0.0282776349614396,0.0204081632653061,0.0282776349614396,0.0101010101010101,0.0230179028132992,0.0230179028132992,0.0178117048346056,0.0204081632653061,0.0309278350515464,0.0126582278481013,0.0204081632653061,0.0204081632653061,0.0178117048346056,0.104972375690608,0.0610079575596817,0.0989010989010989,0.0869565217391304,0.0752688172043011,0.078167115902965,0.0582010582010582,0.0638297872340425,0.104972375690608,0.104972375690608,0.0582010582010582,0.0526315789473684,0.0958904109589041,0.111111111111111,0.0899182561307902
"GSM1214858",0.146131805157593,0.0554089709762533,0.13960113960114,0.0666666666666667,0.123595505617978,0.104972375690608,0.111111111111111,0.101928374655647,0.290322580645161,0.208459214501511,0.194029850746269,0.0471204188481675,0.114206128133705,0.0443864229765013,0.149425287356322,0.126760563380282,0.092896174863388,0.212121212121212,0.179941002949853,0.152737752161383,0.277955271565495,0.142857142857143,0.0695187165775401,0.226993865030675,1,0.162790697674419,0.277955271565495,0.152737752161383,0.273885350318471,0.0695187165775401,0.176470588235294,0.0695187165775401,0.13314447592068,0.149425287356322,0.201201201201201,0.173020527859238,0.0443864229765013,0.15606936416185,0.146131805157593,0.277955271565495,0.0638297872340425,0.183431952662722,0.078167115902965,0.0989010989010989,0.10803324099723,0.162790697674419,0.0666666666666667,0.0362694300518135,0.0752688172043011,0.0752688172043011,0.0554089709762533,0.0256410256410256,0.0869565217391304,0.0443864229765013,0.0498687664041995,0.0471204188481675,0.0554089709762533,0.0582010582010582,0.0810810810810811,0.0526315789473684,0.0362694300518135,0.0498687664041995,0.0695187165775401,0.0256410256410256,0.0752688172043011,0.078167115902965,0.0498687664041995,0.0362694300518135,0.038961038961039,0.0723860589812333,0.0554089709762533,0.0610079575596817,0.0526315789473684,0.0869565217391304,0.0416666666666667,0.0526315789473684,0.0899182561307902,0.0666666666666667,0.0554089709762533,0.0638297872340425,0.0256410256410256,0.0178117048346056,0.0309278350515464,0.0282776349614396,0.0309278350515464,0.0256410256410256,0.0282776349614396,0.0152284263959391,0.038961038961039,0.0582010582010582,0.0362694300518135,0.0362694300518135,0.0416666666666667,0.0362694300518135,0.0335917312661499,0.0282776349614396,0.0335917312661499,0.0362694300518135,0.0666666666666667,0.0335917312661499,0.0554089709762533,0.0752688172043011,0.0443864229765013,0.0416666666666667,0.0498687664041995,0.0178117048346056,0.0554089709762533,0.0582010582010582,0.0554089709762533,0.0526315789473684,0.0443864229765013,0.0443864229765013,0.0498687664041995,0.0526315789473684,0.0498687664041995,0.092896174863388,0.0958904109589041,0.092896174863388,0.104972375690608,0.078167115902965,0.0899182561307902,0.0582010582010582,0.0666666666666667,0.0958904109589041,0.0899182561307902,0.0638297872340425,0.0526315789473684,0.0989010989010989,0.123595505617978,0.0752688172043011
"GSM1214859",0.219512195121951,0.0362694300518135,0.0989010989010989,0.0899182561307902,0.13314447592068,0.183431952662722,0.142857142857143,0.114206128133705,0.13314447592068,0.173020527859238,0.126760563380282,0.0230179028132992,0.0989010989010989,0.0282776349614396,0.298701298701299,0.11731843575419,0.111111111111111,0.120448179271709,0.111111111111111,0.197604790419162,0.149425287356322,0.111111111111111,0.0723860589812333,0.176470588235294,0.162790697674419,1,0.166180758017493,0.183431952662722,0.142857142857143,0.129943502824859,0.277955271565495,0.078167115902965,0.242236024844721,0.230769230769231,0.111111111111111,0.197604790419162,0.0362694300518135,0.13960113960114,0.13314447592068,0.13314447592068,0.0335917312661499,0.0869565217391304,0.0498687664041995,0.149425287356322,0.208459214501511,0.159420289855072,0.0282776349614396,0.0178117048346056,0.0638297872340425,0.0309278350515464,0.0416666666666667,0.038961038961039,0.0526315789473684,0.0443864229765013,0.0282776349614396,0.0230179028132992,0.0256410256410256,0.0309278350515464,0.0282776349614396,0.0178117048346056,0.0230179028132992,0.0335917312661499,0.0335917312661499,0.0256410256410256,0.0256410256410256,0.0230179028132992,0.0335917312661499,0.0282776349614396,0.0178117048346056,0.0443864229765013,0.0471204188481675,0.0416666666666667,0.0362694300518135,0.0526315789473684,0.0256410256410256,0.0554089709762533,0.0443864229765013,0.0362694300518135,0.0526315789473684,0.0309278350515464,0.0178117048346056,0.00755667506297229,0.0178117048346056,0.0282776349614396,0.0178117048346056,0.0101010101010101,0.0256410256410256,0.00755667506297229,0.0256410256410256,0.0309278350515464,0.0204081632653061,0.0230179028132992,0.0309278350515464,0.0230179028132992,0.0152284263959391,0.0178117048346056,0.0230179028132992,0.0204081632653061,0.0335917312661499,0.0178117048346056,0.0282776349614396,0.0695187165775401,0.0309278350515464,0.0126582278481013,0.0230179028132992,0.0050251256281407,0.0282776349614396,0.0178117048346056,0.0178117048346056,0.0256410256410256,0.038961038961039,0.0178117048346056,0.0335917312661499,0.0256410256410256,0.0204081632653061,0.0582010582010582,0.038961038961039,0.0582010582010582,0.0695187165775401,0.0471204188481675,0.0443864229765013,0.038961038961039,0.0443864229765013,0.0554089709762533,0.0498687664041995,0.0526315789473684,0.038961038961039,0.0582010582010582,0.0666666666666667,0.0638297872340425
"GSM1214860",0.194029850746269,0.038961038961039,0.0899182561307902,0.0695187165775401,0.13960113960114,0.162790697674419,0.10803324099723,0.0810810810810811,0.142857142857143,0.111111111111111,0.204819277108434,0.0282776349614396,0.13314447592068,0.038961038961039,0.226993865030675,0.159420289855072,0.0752688172043011,0.204819277108434,0.223241590214067,0.234567901234568,0.21580547112462,0.173020527859238,0.078167115902965,0.234567901234568,0.277955271565495,0.166180758017493,1,0.186943620178042,0.149425287356322,0.149425287356322,0.257861635220126,0.0695187165775401,0.179941002949853,0.201201201201201,0.290322580645161,0.212121212121212,0.038961038961039,0.166180758017493,0.208459214501511,0.201201201201201,0.0498687664041995,0.13314447592068,0.092896174863388,0.13960113960114,0.15606936416185,0.186943620178042,0.0471204188481675,0.0416666666666667,0.0869565217391304,0.0666666666666667,0.0498687664041995,0.0126582278481013,0.0840108401084011,0.038961038961039,0.0498687664041995,0.0335917312661499,0.0723860589812333,0.0695187165775401,0.0840108401084011,0.0443864229765013,0.0443864229765013,0.0362694300518135,0.0610079575596817,0.0101010101010101,0.0582010582010582,0.0723860589812333,0.0554089709762533,0.0309278350515464,0.038961038961039,0.0666666666666667,0.0498687664041995,0.0610079575596817,0.0471204188481675,0.0582010582010582,0.0362694300518135,0.0666666666666667,0.0443864229765013,0.0498687664041995,0.078167115902965,0.0666666666666667,0.0204081632653061,0.0204081632653061,0.0152284263959391,0.0101010101010101,0.0230179028132992,0.0204081632653061,0.0152284263959391,0.00755667506297229,0.0309278350515464,0.038961038961039,0.0152284263959391,0.038961038961039,0.038961038961039,0.0230179028132992,0.0101010101010101,0.0178117048346056,0.0230179028132992,0.0178117048346056,0.038961038961039,0.0178117048346056,0.0416666666666667,0.0666666666666667,0.038961038961039,0.0282776349614396,0.038961038961039,0.0152284263959391,0.038961038961039,0.0362694300518135,0.0309278350515464,0.0309278350515464,0.0498687664041995,0.0309278350515464,0.0335917312661499,0.0362694300518135,0.0256410256410256,0.111111111111111,0.0610079575596817,0.0899182561307902,0.0810810810810811,0.0695187165775401,0.0752688172043011,0.0610079575596817,0.0695187165775401,0.0989010989010989,0.0989010989010989,0.0752688172043011,0.0638297872340425,0.0899182561307902,0.10803324099723,0.0840108401084011
"GSM1214861",0.342281879194631,0.0840108401084011,0.0752688172043011,0.0840108401084011,0.13314447592068,0.253918495297806,0.13314447592068,0.13314447592068,0.0869565217391304,0.120448179271709,0.11731843575419,0.0416666666666667,0.159420289855072,0.0498687664041995,0.26984126984127,0.169590643274854,0.111111111111111,0.11731843575419,0.142857142857143,0.219512195121951,0.104972375690608,0.194029850746269,0.0752688172043011,0.226993865030675,0.152737752161383,0.183431952662722,0.186943620178042,1,0.0840108401084011,0.149425287356322,0.169590643274854,0.0810810810810811,0.246105919003115,0.176470588235294,0.142857142857143,0.238390092879257,0.0416666666666667,0.10803324099723,0.159420289855072,0.10803324099723,0.0526315789473684,0.0989010989010989,0.078167115902965,0.0989010989010989,0.166180758017493,0.129943502824859,0.0335917312661499,0.0309278350515464,0.0666666666666667,0.0471204188481675,0.0443864229765013,0.0230179028132992,0.0840108401084011,0.038961038961039,0.0471204188481675,0.0416666666666667,0.038961038961039,0.0309278350515464,0.0554089709762533,0.0416666666666667,0.0335917312661499,0.0443864229765013,0.038961038961039,0.0256410256410256,0.0554089709762533,0.0498687664041995,0.038961038961039,0.0230179028132992,0.0230179028132992,0.0526315789473684,0.0335917312661499,0.0282776349614396,0.0416666666666667,0.0416666666666667,0.0152284263959391,0.0526315789473684,0.0471204188481675,0.0309278350515464,0.0416666666666667,0.0582010582010582,0.0256410256410256,0.0230179028132992,0.0282776349614396,0.0256410256410256,0.0230179028132992,0.0256410256410256,0.038961038961039,0.0204081632653061,0.0443864229765013,0.0498687664041995,0.0178117048346056,0.0152284263959391,0.0178117048346056,0.0256410256410256,0.0178117048346056,0.0362694300518135,0.0230179028132992,0.0178117048346056,0.038961038961039,0.0152284263959391,0.0230179028132992,0.0610079575596817,0.0282776349614396,0.0126582278481013,0.0178117048346056,0.0050251256281407,0.0152284263959391,0.0204081632653061,0.0152284263959391,0.0230179028132992,0.0309278350515464,0.00755667506297229,0.0101010101010101,0.0126582278481013,0.0230179028132992,0.0638297872340425,0.038961038961039,0.078167115902965,0.0526315789473684,0.0582010582010582,0.0526315789473684,0.038961038961039,0.0582010582010582,0.0610079575596817,0.0666666666666667,0.0638297872340425,0.0230179028132992,0.0582010582010582,0.0840108401084011,0.0695187165775401
"GSM1214862",0.0582010582010582,0.0526315789473684,0.129943502824859,0.0443864229765013,0.0899182561307902,0.0582010582010582,0.0666666666666667,0.078167115902965,0.226993865030675,0.19047619047619,0.166180758017493,0.0282776349614396,0.0554089709762533,0.0362694300518135,0.0810810810810811,0.0723860589812333,0.0554089709762533,0.136363636363636,0.15606936416185,0.092896174863388,0.273885350318471,0.078167115902965,0.0498687664041995,0.21580547112462,0.273885350318471,0.142857142857143,0.149425287356322,0.0840108401084011,1,0.0471204188481675,0.15606936416185,0.0582010582010582,0.0526315789473684,0.111111111111111,0.15606936416185,0.0989010989010989,0.0282776349614396,0.21580547112462,0.111111111111111,0.346801346801347,0.038961038961039,0.204819277108434,0.0498687664041995,0.0666666666666667,0.0666666666666667,0.129943502824859,0.0638297872340425,0.0256410256410256,0.0443864229765013,0.0582010582010582,0.0443864229765013,0.0498687664041995,0.0554089709762533,0.0638297872340425,0.038961038961039,0.0362694300518135,0.0335917312661499,0.0416666666666667,0.0526315789473684,0.0256410256410256,0.0282776349614396,0.0498687664041995,0.0443864229765013,0.0335917312661499,0.0471204188481675,0.0471204188481675,0.0443864229765013,0.0443864229765013,0.0309278350515464,0.0471204188481675,0.0695187165775401,0.0443864229765013,0.0443864229765013,0.0869565217391304,0.0230179028132992,0.0498687664041995,0.078167115902965,0.0695187165775401,0.0498687664041995,0.0638297872340425,0.0101010101010101,0.0101010101010101,0.0178117048346056,0.0309278350515464,0.0230179028132992,0.0230179028132992,0.0335917312661499,0.0152284263959391,0.0256410256410256,0.0498687664041995,0.0282776349614396,0.038961038961039,0.0256410256410256,0.0362694300518135,0.0204081632653061,0.0178117048346056,0.0178117048346056,0.0230179028132992,0.0416666666666667,0.0230179028132992,0.0335917312661499,0.0638297872340425,0.0309278350515464,0.0309278350515464,0.038961038961039,0.0101010101010101,0.0416666666666667,0.0362694300518135,0.0309278350515464,0.0309278350515464,0.038961038961039,0.0256410256410256,0.0362694300518135,0.0362694300518135,0.0282776349614396,0.0723860589812333,0.0666666666666667,0.0752688172043011,0.0899182561307902,0.0582010582010582,0.0582010582010582,0.0443864229765013,0.0498687664041995,0.0695187165775401,0.0666666666666667,0.0666666666666667,0.0840108401084011,0.0666666666666667,0.078167115902965,0.0666666666666667
"GSM1214863",0.183431952662722,0.0230179028132992,0.0471204188481675,0.0840108401084011,0.120448179271709,0.123595505617978,0.0869565217391304,0.0810810810810811,0.0752688172043011,0.0695187165775401,0.101928374655647,0.0126582278481013,0.120448179271709,0.0152284263959391,0.208459214501511,0.0958904109589041,0.0695187165775401,0.0810810810810811,0.092896174863388,0.13960113960114,0.078167115902965,0.0899182561307902,0.0582010582010582,0.111111111111111,0.0695187165775401,0.129943502824859,0.149425287356322,0.149425287356322,0.0471204188481675,1,0.173020527859238,0.0362694300518135,0.176470588235294,0.146131805157593,0.0958904109589041,0.179941002949853,0.0309278350515464,0.0989010989010989,0.114206128133705,0.0899182561307902,0.0309278350515464,0.0695187165775401,0.0582010582010582,0.120448179271709,0.162790697674419,0.13314447592068,0.0416666666666667,0.0309278350515464,0.038961038961039,0.038961038961039,0.0471204188481675,0.0152284263959391,0.0362694300518135,0.0526315789473684,0.0126582278481013,0.038961038961039,0.0335917312661499,0.0230179028132992,0.0526315789473684,0.0256410256410256,0.0178117048346056,0.0362694300518135,0.0256410256410256,0.0050251256281407,0.0309278350515464,0.0309278350515464,0.038961038961039,0.0178117048346056,0.0152284263959391,0.0416666666666667,0.0443864229765013,0.0443864229765013,0.0443864229765013,0.0582010582010582,0.0230179028132992,0.0471204188481675,0.0471204188481675,0.0362694300518135,0.0416666666666667,0.0638297872340425,0.0178117048346056,0.0204081632653061,0.0152284263959391,0.0101010101010101,0.0230179028132992,0.0152284263959391,0.0256410256410256,0.0178117048346056,0.0309278350515464,0.0101010101010101,0.0101010101010101,0.0204081632653061,0.0335917312661499,0.0256410256410256,0.0101010101010101,0.0178117048346056,0.0178117048346056,0.0152284263959391,0.0282776349614396,0.00755667506297229,0.0178117048346056,0.0526315789473684,0.0152284263959391,0.00755667506297229,0.0126582278481013,0.0025062656641604,0.0230179028132992,0.0230179028132992,0.0178117048346056,0.0152284263959391,0.0230179028132992,0.00755667506297229,0.0230179028132992,0.0204081632653061,0.0101010101010101,0.0471204188481675,0.0282776349614396,0.0526315789473684,0.0362694300518135,0.0416666666666667,0.0256410256410256,0.0335917312661499,0.0526315789473684,0.0335917312661499,0.0416666666666667,0.0582010582010582,0.0498687664041995,0.0335917312661499,0.0362694300518135,0.0526315789473684
"GSM1214864",0.223241590214067,0.0309278350515464,0.123595505617978,0.11731843575419,0.114206128133705,0.162790697674419,0.162790697674419,0.13314447592068,0.129943502824859,0.166180758017493,0.149425287356322,0.0230179028132992,0.101928374655647,0.0282776349614396,0.21580547112462,0.159420289855072,0.10803324099723,0.13960113960114,0.201201201201201,0.253918495297806,0.15606936416185,0.149425287356322,0.0958904109589041,0.223241590214067,0.176470588235294,0.277955271565495,0.257861635220126,0.169590643274854,0.15606936416185,0.173020527859238,1,0.0526315789473684,0.204819277108434,0.398601398601399,0.186943620178042,0.261829652996845,0.0416666666666667,0.197604790419162,0.223241590214067,0.230769230769231,0.0309278350515464,0.15606936416185,0.0723860589812333,0.197604790419162,0.253918495297806,0.234567901234568,0.0443864229765013,0.038961038961039,0.0526315789473684,0.038961038961039,0.0362694300518135,0.0282776349614396,0.0752688172043011,0.0362694300518135,0.0230179028132992,0.0335917312661499,0.0416666666666667,0.0498687664041995,0.0610079575596817,0.038961038961039,0.0309278350515464,0.038961038961039,0.0498687664041995,0.0282776349614396,0.0443864229765013,0.0498687664041995,0.038961038961039,0.0204081632653061,0.0230179028132992,0.0471204188481675,0.0498687664041995,0.0416666666666667,0.0362694300518135,0.0471204188481675,0.0178117048346056,0.0471204188481675,0.0335917312661499,0.0443864229765013,0.0471204188481675,0.0810810810810811,0.0256410256410256,0.0230179028132992,0.0230179028132992,0.0178117048346056,0.0230179028132992,0.0282776349614396,0.0256410256410256,0.0152284263959391,0.0256410256410256,0.0498687664041995,0.0335917312661499,0.038961038961039,0.0416666666666667,0.0282776349614396,0.0204081632653061,0.0282776349614396,0.0256410256410256,0.0282776349614396,0.038961038961039,0.0282776349614396,0.038961038961039,0.0752688172043011,0.0178117048346056,0.0152284263959391,0.0335917312661499,0.0050251256281407,0.0256410256410256,0.0178117048346056,0.0178117048346056,0.0178117048346056,0.0335917312661499,0.0204081632653061,0.0282776349614396,0.0178117048346056,0.0204081632653061,0.0899182561307902,0.0309278350515464,0.078167115902965,0.0526315789473684,0.0554089709762533,0.0498687664041995,0.0416666666666667,0.0582010582010582,0.0666666666666667,0.078167115902965,0.0723860589812333,0.0443864229765013,0.0638297872340425,0.0666666666666667,0.078167115902965
"GSM1214865",0.078167115902965,0.183431952662722,0.0416666666666667,0.0810810810810811,0.0666666666666667,0.0638297872340425,0.179941002949853,0.126760563380282,0.0666666666666667,0.0840108401084011,0.0443864229765013,0.149425287356322,0.0810810810810811,0.173020527859238,0.0554089709762533,0.092896174863388,0.162790697674419,0.0416666666666667,0.0752688172043011,0.0695187165775401,0.0526315789473684,0.11731843575419,0.142857142857143,0.0810810810810811,0.0695187165775401,0.078167115902965,0.0695187165775401,0.0810810810810811,0.0582010582010582,0.0362694300518135,0.0526315789473684,1,0.0582010582010582,0.078167115902965,0.0582010582010582,0.0582010582010582,0.038961038961039,0.0471204188481675,0.0526315789473684,0.0526315789473684,0.13314447592068,0.0666666666666667,0.0554089709762533,0.129943502824859,0.0443864229765013,0.038961038961039,0.0554089709762533,0.0282776349614396,0.0498687664041995,0.0443864229765013,0.0309278350515464,0.0443864229765013,0.0335917312661499,0.0638297872340425,0.0666666666666667,0.0362694300518135,0.0362694300518135,0.038961038961039,0.0443864229765013,0.0309278350515464,0.0335917312661499,0.0309278350515464,0.038961038961039,0.038961038961039,0.0256410256410256,0.0362694300518135,0.0282776349614396,0.0256410256410256,0.0256410256410256,0.0443864229765013,0.0230179028132992,0.0230179028132992,0.0362694300518135,0.0443864229765013,0.0126582278481013,0.038961038961039,0.0282776349614396,0.0526315789473684,0.0610079575596817,0.0471204188481675,0.038961038961039,0.0282776349614396,0.0309278350515464,0.0416666666666667,0.0309278350515464,0.0582010582010582,0.0526315789473684,0.0282776349614396,0.0256410256410256,0.0810810810810811,0.0282776349614396,0.0526315789473684,0.0526315789473684,0.0443864229765013,0.0498687664041995,0.0471204188481675,0.0309278350515464,0.0335917312661499,0.0498687664041995,0.0443864229765013,0.0416666666666667,0.0362694300518135,0.0204081632653061,0.0256410256410256,0.0152284263959391,0.0178117048346056,0.0256410256410256,0.0282776349614396,0.0204081632653061,0.0178117048346056,0.0230179028132992,0.0152284263959391,0.0152284263959391,0.0178117048346056,0.0204081632653061,0.0498687664041995,0.038961038961039,0.0443864229765013,0.0416666666666667,0.038961038961039,0.0416666666666667,0.0256410256410256,0.0362694300518135,0.038961038961039,0.0416666666666667,0.0443864229765013,0.0309278350515464,0.0362694300518135,0.0526315789473684,0.0362694300518135
"GSM1214866",0.423487544483986,0.038961038961039,0.0638297872340425,0.0752688172043011,0.11731843575419,0.230769230769231,0.123595505617978,0.114206128133705,0.11731843575419,0.123595505617978,0.129943502824859,0.038961038961039,0.169590643274854,0.0230179028132992,0.282051282051282,0.13960113960114,0.123595505617978,0.129943502824859,0.13314447592068,0.21580547112462,0.10803324099723,0.142857142857143,0.0723860589812333,0.201201201201201,0.13314447592068,0.242236024844721,0.179941002949853,0.246105919003115,0.0526315789473684,0.176470588235294,0.204819277108434,0.0582010582010582,1,0.201201201201201,0.123595505617978,0.159420289855072,0.0230179028132992,0.0989010989010989,0.149425287356322,0.126760563380282,0.0335917312661499,0.0869565217391304,0.0443864229765013,0.123595505617978,0.186943620178042,0.19047619047619,0.0309278350515464,0.0230179028132992,0.0362694300518135,0.0309278350515464,0.038961038961039,0.0204081632653061,0.0416666666666667,0.0335917312661499,0.0335917312661499,0.0256410256410256,0.0230179028132992,0.0256410256410256,0.0416666666666667,0.0335917312661499,0.0204081632653061,0.0335917312661499,0.0282776349614396,0.0204081632653061,0.0362694300518135,0.038961038961039,0.0416666666666667,0.0178117048346056,0.038961038961039,0.0309278350515464,0.0282776349614396,0.0178117048346056,0.0282776349614396,0.0471204188481675,0.0101010101010101,0.0471204188481675,0.0416666666666667,0.0178117048346056,0.0282776349614396,0.0443864229765013,0.0204081632653061,0.0101010101010101,0.0204081632653061,0.0178117048346056,0.0256410256410256,0.00755667506297229,0.0152284263959391,0.00755667506297229,0.0335917312661499,0.038961038961039,0.00755667506297229,0.0204081632653061,0.0282776349614396,0.0152284263959391,0.00755667506297229,0.038961038961039,0.0178117048346056,0.0178117048346056,0.0230179028132992,0.0152284263959391,0.0230179028132992,0.0498687664041995,0.0282776349614396,0.0230179028132992,0.0178117048346056,0.00755667506297229,0.0204081632653061,0.0335917312661499,0.0256410256410256,0.0309278350515464,0.0335917312661499,0.0152284263959391,0.0178117048346056,0.0178117048346056,0.0282776349614396,0.0554089709762533,0.0256410256410256,0.0526315789473684,0.0443864229765013,0.0554089709762533,0.0335917312661499,0.0443864229765013,0.0416666666666667,0.0443864229765013,0.0498687664041995,0.0610079575596817,0.0230179028132992,0.0526315789473684,0.0471204188481675,0.0554089709762533
"GSM1214867",0.212121212121212,0.0443864229765013,0.0695187165775401,0.104972375690608,0.11731843575419,0.149425287356322,0.166180758017493,0.149425287356322,0.0869565217391304,0.186943620178042,0.0869565217391304,0.0335917312661499,0.0989010989010989,0.0416666666666667,0.186943620178042,0.212121212121212,0.10803324099723,0.078167115902965,0.15606936416185,0.186943620178042,0.0958904109589041,0.142857142857143,0.114206128133705,0.246105919003115,0.149425287356322,0.230769230769231,0.201201201201201,0.176470588235294,0.111111111111111,0.146131805157593,0.398601398601399,0.078167115902965,0.201201201201201,1,0.10803324099723,0.253918495297806,0.0309278350515464,0.111111111111111,0.123595505617978,0.142857142857143,0.0362694300518135,0.176470588235294,0.0695187165775401,0.194029850746269,0.294498381877023,0.186943620178042,0.0471204188481675,0.0256410256410256,0.0582010582010582,0.0256410256410256,0.0362694300518135,0.0282776349614396,0.0752688172043011,0.0335917312661499,0.0309278350515464,0.0204081632653061,0.0554089709762533,0.0335917312661499,0.0526315789473684,0.038961038961039,0.0335917312661499,0.0309278350515464,0.0471204188481675,0.0335917312661499,0.0335917312661499,0.0498687664041995,0.0152284263959391,0.0152284263959391,0.0230179028132992,0.0471204188481675,0.0471204188481675,0.0309278350515464,0.0309278350515464,0.0362694300518135,0.0178117048346056,0.0498687664041995,0.0282776349614396,0.0416666666666667,0.0526315789473684,0.0554089709762533,0.0152284263959391,0.0101010101010101,0.0230179028132992,0.0256410256410256,0.0204081632653061,0.0416666666666667,0.0256410256410256,0.0178117048346056,0.0204081632653061,0.0554089709762533,0.0256410256410256,0.0309278350515464,0.0335917312661499,0.0362694300518135,0.0256410256410256,0.0362694300518135,0.0178117048346056,0.0256410256410256,0.0443864229765013,0.0282776349614396,0.0309278350515464,0.0582010582010582,0.0178117048346056,0.0050251256281407,0.0230179028132992,0.0126582278481013,0.0204081632653061,0.0126582278481013,0.0126582278481013,0.0126582278481013,0.0230179028132992,0.0101010101010101,0.0152284263959391,0.0101010101010101,0.0101010101010101,0.0899182561307902,0.0471204188481675,0.078167115902965,0.0695187165775401,0.0666666666666667,0.0695187165775401,0.0498687664041995,0.0498687664041995,0.078167115902965,0.078167115902965,0.0471204188481675,0.0335917312661499,0.0695187165775401,0.0810810810810811,0.0666666666666667
"GSM1214868",0.11731843575419,0.0554089709762533,0.173020527859238,0.0526315789473684,0.146131805157593,0.129943502824859,0.0638297872340425,0.0723860589812333,0.166180758017493,0.101928374655647,0.13960113960114,0.0230179028132992,0.111111111111111,0.0526315789473684,0.173020527859238,0.123595505617978,0.0666666666666667,0.208459214501511,0.290322580645161,0.173020527859238,0.360544217687075,0.234567901234568,0.0666666666666667,0.230769230769231,0.201201201201201,0.111111111111111,0.290322580645161,0.142857142857143,0.15606936416185,0.0958904109589041,0.186943620178042,0.0582010582010582,0.123595505617978,0.10803324099723,1,0.142857142857143,0.0443864229765013,0.261829652996845,0.257861635220126,0.208459214501511,0.0582010582010582,0.142857142857143,0.0899182561307902,0.0899182561307902,0.0810810810810811,0.104972375690608,0.0471204188481675,0.038961038961039,0.0752688172043011,0.0638297872340425,0.0666666666666667,0.0282776349614396,0.0810810810810811,0.0443864229765013,0.0416666666666667,0.0471204188481675,0.0554089709762533,0.0498687664041995,0.0810810810810811,0.0335917312661499,0.0443864229765013,0.0362694300518135,0.0582010582010582,0.0309278350515464,0.0554089709762533,0.0554089709762533,0.0471204188481675,0.0498687664041995,0.0256410256410256,0.0638297872340425,0.0443864229765013,0.0526315789473684,0.0582010582010582,0.0695187165775401,0.0230179028132992,0.0666666666666667,0.0638297872340425,0.0526315789473684,0.0610079575596817,0.0695187165775401,0.0204081632653061,0.0126582278481013,0.0230179028132992,0.0126582278481013,0.0256410256410256,0.0178117048346056,0.0204081632653061,0.00755667506297229,0.0335917312661499,0.0582010582010582,0.0256410256410256,0.0309278350515464,0.0362694300518135,0.0230179028132992,0.0178117048346056,0.0309278350515464,0.0230179028132992,0.0282776349614396,0.0309278350515464,0.0230179028132992,0.0362694300518135,0.0554089709762533,0.0416666666666667,0.0282776349614396,0.0282776349614396,0.0126582278481013,0.0362694300518135,0.038961038961039,0.0309278350515464,0.0230179028132992,0.0498687664041995,0.0282776349614396,0.0362694300518135,0.0362694300518135,0.0282776349614396,0.078167115902965,0.0416666666666667,0.0695187165775401,0.0554089709762533,0.0498687664041995,0.0554089709762533,0.0610079575596817,0.0840108401084011,0.0638297872340425,0.0840108401084011,0.0810810810810811,0.0638297872340425,0.0695187165775401,0.0666666666666667,0.0869565217391304
"GSM1214869",0.223241590214067,0.0443864229765013,0.13960113960114,0.0899182561307902,0.176470588235294,0.166180758017493,0.120448179271709,0.120448179271709,0.10803324099723,0.10803324099723,0.120448179271709,0.0362694300518135,0.0869565217391304,0.0471204188481675,0.25,0.208459214501511,0.092896174863388,0.120448179271709,0.142857142857143,0.146131805157593,0.126760563380282,0.149425287356322,0.0958904109589041,0.253918495297806,0.173020527859238,0.197604790419162,0.212121212121212,0.238390092879257,0.0989010989010989,0.179941002949853,0.261829652996845,0.0582010582010582,0.159420289855072,0.253918495297806,0.142857142857143,1,0.038961038961039,0.13960113960114,0.186943620178042,0.146131805157593,0.0471204188481675,0.126760563380282,0.101928374655647,0.159420289855072,0.194029850746269,0.15606936416185,0.0443864229765013,0.0416666666666667,0.0840108401084011,0.0610079575596817,0.0498687664041995,0.0152284263959391,0.101928374655647,0.0335917312661499,0.0335917312661499,0.0282776349614396,0.078167115902965,0.0526315789473684,0.0752688172043011,0.0471204188481675,0.0256410256410256,0.0582010582010582,0.0498687664041995,0.0178117048346056,0.0554089709762533,0.0638297872340425,0.0471204188481675,0.0282776349614396,0.0309278350515464,0.0723860589812333,0.0695187165775401,0.0582010582010582,0.0471204188481675,0.0582010582010582,0.0204081632653061,0.0554089709762533,0.0638297872340425,0.0752688172043011,0.0638297872340425,0.0610079575596817,0.0335917312661499,0.0204081632653061,0.0282776349614396,0.0204081632653061,0.0256410256410256,0.0256410256410256,0.0178117048346056,0.0204081632653061,0.0282776349614396,0.0335917312661499,0.0230179028132992,0.0282776349614396,0.0471204188481675,0.0309278350515464,0.0178117048346056,0.0416666666666667,0.0101010101010101,0.0101010101010101,0.0416666666666667,0.0152284263959391,0.0416666666666667,0.0958904109589041,0.0230179028132992,0.0101010101010101,0.0309278350515464,0.0101010101010101,0.0230179028132992,0.0178117048346056,0.0204081632653061,0.0282776349614396,0.0282776349614396,0.0178117048346056,0.0362694300518135,0.0282776349614396,0.0152284263959391,0.114206128133705,0.0554089709762533,0.10803324099723,0.0723860589812333,0.0752688172043011,0.0869565217391304,0.0582010582010582,0.0810810810810811,0.0810810810810811,0.10803324099723,0.078167115902965,0.0526315789473684,0.078167115902965,0.101928374655647,0.0899182561307902
"GSM1214870",0.0362694300518135,0.0362694300518135,0.0471204188481675,0.0416666666666667,0.0443864229765013,0.0362694300518135,0.0335917312661499,0.0230179028132992,0.0526315789473684,0.0230179028132992,0.0638297872340425,0.0309278350515464,0.038961038961039,0.0309278350515464,0.0416666666666667,0.0256410256410256,0.038961038961039,0.078167115902965,0.0554089709762533,0.0362694300518135,0.0443864229765013,0.0416666666666667,0.038961038961039,0.0416666666666667,0.0443864229765013,0.0362694300518135,0.038961038961039,0.0416666666666667,0.0282776349614396,0.0309278350515464,0.0416666666666667,0.038961038961039,0.0230179028132992,0.0309278350515464,0.0443864229765013,0.038961038961039,1,0.0526315789473684,0.0498687664041995,0.0471204188481675,0.0471204188481675,0.0282776349614396,0.0582010582010582,0.0554089709762533,0.0204081632653061,0.0335917312661499,0.0526315789473684,0.0416666666666667,0.038961038961039,0.0638297872340425,0.0498687664041995,0.0204081632653061,0.0443864229765013,0.0362694300518135,0.0416666666666667,0.0282776349614396,0.0309278350515464,0.0526315789473684,0.0610079575596817,0.0610079575596817,0.078167115902965,0.0309278350515464,0.0443864229765013,0.0256410256410256,0.0723860589812333,0.0498687664041995,0.0362694300518135,0.0309278350515464,0.0256410256410256,0.0582010582010582,0.0582010582010582,0.038961038961039,0.038961038961039,0.0752688172043011,0.0204081632653061,0.0282776349614396,0.0443864229765013,0.0416666666666667,0.0498687664041995,0.0723860589812333,0.0256410256410256,0.0230179028132992,0.0282776349614396,0.0282776349614396,0.0335917312661499,0.0152284263959391,0.0416666666666667,0.0335917312661499,0.0362694300518135,0.0723860589812333,0.0282776349614396,0.0230179028132992,0.0335917312661499,0.0230179028132992,0.0282776349614396,0.0416666666666667,0.0282776349614396,0.0443864229765013,0.0204081632653061,0.038961038961039,0.0416666666666667,0.0526315789473684,0.0256410256410256,0.0178117048346056,0.0256410256410256,0.0152284263959391,0.0282776349614396,0.0282776349614396,0.0256410256410256,0.0256410256410256,0.0362694300518135,0.0152284263959391,0.0282776349614396,0.0256410256410256,0.0178117048346056,0.0666666666666667,0.0498687664041995,0.0638297872340425,0.038961038961039,0.0471204188481675,0.0416666666666667,0.0282776349614396,0.0695187165775401,0.0610079575596817,0.0471204188481675,0.0958904109589041,0.0899182561307902,0.0526315789473684,0.0443864229765013,0.0723860589812333
"GSM1214871",0.10803324099723,0.038961038961039,0.208459214501511,0.0666666666666667,0.11731843575419,0.0989010989010989,0.0638297872340425,0.0752688172043011,0.201201201201201,0.129943502824859,0.146131805157593,0.0256410256410256,0.0810810810810811,0.0204081632653061,0.162790697674419,0.078167115902965,0.0582010582010582,0.176470588235294,0.261829652996845,0.13960113960114,0.290322580645161,0.142857142857143,0.0554089709762533,0.186943620178042,0.15606936416185,0.13960113960114,0.166180758017493,0.10803324099723,0.21580547112462,0.0989010989010989,0.197604790419162,0.0471204188481675,0.0989010989010989,0.111111111111111,0.261829652996845,0.13960113960114,0.0526315789473684,1,0.32013201320132,0.242236024844721,0.0335917312661499,0.183431952662722,0.0526315789473684,0.0638297872340425,0.0723860589812333,0.101928374655647,0.0362694300518135,0.0362694300518135,0.0526315789473684,0.0752688172043011,0.0723860589812333,0.0282776349614396,0.0471204188481675,0.0582010582010582,0.0256410256410256,0.0416666666666667,0.038961038961039,0.0362694300518135,0.0526315789473684,0.0230179028132992,0.0256410256410256,0.0471204188481675,0.0309278350515464,0.0204081632653061,0.0443864229765013,0.0362694300518135,0.0610079575596817,0.0498687664041995,0.038961038961039,0.0416666666666667,0.0582010582010582,0.0638297872340425,0.0582010582010582,0.0752688172043011,0.0554089709762533,0.0869565217391304,0.0752688172043011,0.0638297872340425,0.0554089709762533,0.0695187165775401,0.0204081632653061,0.0282776349614396,0.0526315789473684,0.0256410256410256,0.0471204188481675,0.0126582278481013,0.0443864229765013,0.038961038961039,0.0554089709762533,0.0335917312661499,0.038961038961039,0.0204081632653061,0.0582010582010582,0.038961038961039,0.0335917312661499,0.0309278350515464,0.0362694300518135,0.0416666666666667,0.038961038961039,0.0416666666666667,0.0471204188481675,0.0899182561307902,0.0498687664041995,0.0471204188481675,0.0526315789473684,0.0282776349614396,0.0610079575596817,0.0443864229765013,0.0526315789473684,0.0526315789473684,0.0554089709762533,0.0443864229765013,0.0582010582010582,0.0471204188481675,0.0526315789473684,0.0695187165775401,0.0610079575596817,0.0638297872340425,0.0723860589812333,0.0526315789473684,0.0443864229765013,0.0498687664041995,0.0666666666666667,0.0498687664041995,0.0695187165775401,0.0752688172043011,0.078167115902965,0.0582010582010582,0.0498687664041995,0.078167115902965
"GSM1214872",0.152737752161383,0.0638297872340425,0.194029850746269,0.092896174863388,0.142857142857143,0.149425287356322,0.0666666666666667,0.0526315789473684,0.15606936416185,0.0989010989010989,0.197604790419162,0.0309278350515464,0.114206128133705,0.0416666666666667,0.194029850746269,0.111111111111111,0.0582010582010582,0.223241590214067,0.261829652996845,0.194029850746269,0.219512195121951,0.173020527859238,0.0638297872340425,0.179941002949853,0.146131805157593,0.13314447592068,0.208459214501511,0.159420289855072,0.111111111111111,0.114206128133705,0.223241590214067,0.0526315789473684,0.149425287356322,0.123595505617978,0.257861635220126,0.186943620178042,0.0498687664041995,0.32013201320132,1,0.183431952662722,0.0638297872340425,0.136363636363636,0.0666666666666667,0.0723860589812333,0.101928374655647,0.142857142857143,0.0416666666666667,0.0416666666666667,0.0666666666666667,0.092896174863388,0.0899182561307902,0.0256410256410256,0.0638297872340425,0.0498687664041995,0.0282776349614396,0.0526315789473684,0.0610079575596817,0.0416666666666667,0.0638297872340425,0.0282776349614396,0.038961038961039,0.0610079575596817,0.0498687664041995,0.0152284263959391,0.0666666666666667,0.0554089709762533,0.0752688172043011,0.0554089709762533,0.038961038961039,0.0582010582010582,0.0810810810810811,0.0695187165775401,0.0810810810810811,0.092896174863388,0.0471204188481675,0.092896174863388,0.0695187165775401,0.0666666666666667,0.092896174863388,0.0723860589812333,0.0362694300518135,0.0230179028132992,0.038961038961039,0.0282776349614396,0.038961038961039,0.0256410256410256,0.0498687664041995,0.0256410256410256,0.0638297872340425,0.0526315789473684,0.0362694300518135,0.0282776349614396,0.0498687664041995,0.0471204188481675,0.0335917312661499,0.0204081632653061,0.0416666666666667,0.0443864229765013,0.0471204188481675,0.0554089709762533,0.0610079575596817,0.0989010989010989,0.038961038961039,0.0335917312661499,0.0416666666666667,0.0126582278481013,0.0416666666666667,0.0309278350515464,0.0362694300518135,0.038961038961039,0.0554089709762533,0.0416666666666667,0.0582010582010582,0.0416666666666667,0.0471204188481675,0.0810810810810811,0.078167115902965,0.0638297872340425,0.0610079575596817,0.0666666666666667,0.0666666666666667,0.0610079575596817,0.0840108401084011,0.0638297872340425,0.104972375690608,0.0989010989010989,0.0666666666666667,0.0695187165775401,0.0610079575596817,0.0840108401084011
"GSM1214873",0.114206128133705,0.0362694300518135,0.169590643274854,0.0695187165775401,0.0989010989010989,0.0899182561307902,0.0695187165775401,0.0869565217391304,0.30718954248366,0.176470588235294,0.186943620178042,0.0443864229765013,0.0840108401084011,0.0282776349614396,0.142857142857143,0.0958904109589041,0.0582010582010582,0.173020527859238,0.204819277108434,0.152737752161383,0.286173633440514,0.101928374655647,0.0443864229765013,0.226993865030675,0.277955271565495,0.13314447592068,0.201201201201201,0.10803324099723,0.346801346801347,0.0899182561307902,0.230769230769231,0.0526315789473684,0.126760563380282,0.142857142857143,0.208459214501511,0.146131805157593,0.0471204188481675,0.242236024844721,0.183431952662722,1,0.0582010582010582,0.302931596091205,0.0695187165775401,0.0752688172043011,0.0869565217391304,0.142857142857143,0.0666666666666667,0.0443864229765013,0.0610079575596817,0.0695187165775401,0.0582010582010582,0.0309278350515464,0.0554089709762533,0.0498687664041995,0.0282776349614396,0.0526315789473684,0.0582010582010582,0.038961038961039,0.0610079575596817,0.0309278350515464,0.0282776349614396,0.0362694300518135,0.0498687664041995,0.0256410256410256,0.0638297872340425,0.0582010582010582,0.0362694300518135,0.0335917312661499,0.0256410256410256,0.0498687664041995,0.0840108401084011,0.0443864229765013,0.0471204188481675,0.092896174863388,0.0335917312661499,0.0582010582010582,0.0899182561307902,0.078167115902965,0.0526315789473684,0.0695187165775401,0.0230179028132992,0.0204081632653061,0.0204081632653061,0.0230179028132992,0.0230179028132992,0.0256410256410256,0.0282776349614396,0.0178117048346056,0.0309278350515464,0.0443864229765013,0.0282776349614396,0.0471204188481675,0.0309278350515464,0.0282776349614396,0.0256410256410256,0.0204081632653061,0.0256410256410256,0.0256410256410256,0.0362694300518135,0.0309278350515464,0.0362694300518135,0.0752688172043011,0.0335917312661499,0.0309278350515464,0.0335917312661499,0.00755667506297229,0.0471204188481675,0.038961038961039,0.0335917312661499,0.0416666666666667,0.0362694300518135,0.0362694300518135,0.0526315789473684,0.0443864229765013,0.0362694300518135,0.0840108401084011,0.0666666666666667,0.0752688172043011,0.0752688172043011,0.0610079575596817,0.038961038961039,0.0554089709762533,0.0666666666666667,0.0723860589812333,0.0840108401084011,0.078167115902965,0.0840108401084011,0.078167115902965,0.0695187165775401,0.0752688172043011
"GSM1214874",0.0471204188481675,0.162790697674419,0.038961038961039,0.0695187165775401,0.0498687664041995,0.0309278350515464,0.114206128133705,0.038961038961039,0.0498687664041995,0.0471204188481675,0.0498687664041995,0.142857142857143,0.0471204188481675,0.194029850746269,0.0335917312661499,0.0582010582010582,0.114206128133705,0.038961038961039,0.0554089709762533,0.038961038961039,0.0416666666666667,0.0498687664041995,0.123595505617978,0.0526315789473684,0.0638297872340425,0.0335917312661499,0.0498687664041995,0.0526315789473684,0.038961038961039,0.0309278350515464,0.0309278350515464,0.13314447592068,0.0335917312661499,0.0362694300518135,0.0582010582010582,0.0471204188481675,0.0471204188481675,0.0335917312661499,0.0638297872340425,0.0582010582010582,1,0.0471204188481675,0.0416666666666667,0.13960113960114,0.0443864229765013,0.0362694300518135,0.0362694300518135,0.0282776349614396,0.0498687664041995,0.0554089709762533,0.0443864229765013,0.0178117048346056,0.0498687664041995,0.0471204188481675,0.0362694300518135,0.0526315789473684,0.0526315789473684,0.0443864229765013,0.0582010582010582,0.0362694300518135,0.0362694300518135,0.0256410256410256,0.0362694300518135,0.0178117048346056,0.0498687664041995,0.0666666666666667,0.0443864229765013,0.038961038961039,0.0282776349614396,0.0498687664041995,0.038961038961039,0.0471204188481675,0.0582010582010582,0.0554089709762533,0.038961038961039,0.0335917312661499,0.0335917312661499,0.038961038961039,0.0695187165775401,0.0526315789473684,0.0282776349614396,0.0230179028132992,0.0230179028132992,0.0230179028132992,0.0178117048346056,0.0471204188481675,0.0498687664041995,0.0256410256410256,0.0335917312661499,0.0638297872340425,0.0335917312661499,0.0471204188481675,0.0256410256410256,0.0416666666666667,0.0282776349614396,0.0309278350515464,0.0309278350515464,0.0335917312661499,0.0471204188481675,0.0335917312661499,0.038961038961039,0.0443864229765013,0.0282776349614396,0.0256410256410256,0.0204081632653061,0.0050251256281407,0.0309278350515464,0.0526315789473684,0.0335917312661499,0.0178117048346056,0.0416666666666667,0.038961038961039,0.0416666666666667,0.038961038961039,0.038961038961039,0.0471204188481675,0.0666666666666667,0.0526315789473684,0.0526315789473684,0.0610079575596817,0.0610079575596817,0.0498687664041995,0.0526315789473684,0.0526315789473684,0.0666666666666667,0.0443864229765013,0.038961038961039,0.0471204188481675,0.0526315789473684,0.0443864229765013
"GSM1214875",0.078167115902965,0.0443864229765013,0.11731843575419,0.0666666666666667,0.0869565217391304,0.0810810810810811,0.0638297872340425,0.0989010989010989,0.173020527859238,0.219512195121951,0.104972375690608,0.0416666666666667,0.0610079575596817,0.038961038961039,0.120448179271709,0.11731843575419,0.0526315789473684,0.0989010989010989,0.146131805157593,0.11731843575419,0.197604790419162,0.104972375690608,0.0554089709762533,0.186943620178042,0.183431952662722,0.0869565217391304,0.13314447592068,0.0989010989010989,0.204819277108434,0.0695187165775401,0.15606936416185,0.0666666666666667,0.0869565217391304,0.176470588235294,0.142857142857143,0.126760563380282,0.0282776349614396,0.183431952662722,0.136363636363636,0.302931596091205,0.0471204188481675,1,0.0666666666666667,0.0752688172043011,0.0810810810810811,0.0869565217391304,0.078167115902965,0.0416666666666667,0.0666666666666667,0.078167115902965,0.0666666666666667,0.0554089709762533,0.0638297872340425,0.0610079575596817,0.0309278350515464,0.0443864229765013,0.0554089709762533,0.0526315789473684,0.0723860589812333,0.0443864229765013,0.0256410256410256,0.0416666666666667,0.0582010582010582,0.0416666666666667,0.0498687664041995,0.0666666666666667,0.0335917312661499,0.0723860589812333,0.0335917312661499,0.0526315789473684,0.0989010989010989,0.0256410256410256,0.0695187165775401,0.0810810810810811,0.0282776349614396,0.0840108401084011,0.0752688172043011,0.0810810810810811,0.0610079575596817,0.0610079575596817,0.0204081632653061,0.00755667506297229,0.0126582278481013,0.0101010101010101,0.0101010101010101,0.0256410256410256,0.0178117048346056,0.0126582278481013,0.0204081632653061,0.0498687664041995,0.0152284263959391,0.0204081632653061,0.0178117048346056,0.0256410256410256,0.0101010101010101,0.0178117048346056,0.00755667506297229,0.0126582278481013,0.0443864229765013,0.0178117048346056,0.0309278350515464,0.0526315789473684,0.0204081632653061,0.0204081632653061,0.0498687664041995,0.0025062656641604,0.0230179028132992,0.0178117048346056,0.0178117048346056,0.0282776349614396,0.0204081632653061,0.0152284263959391,0.0204081632653061,0.0178117048346056,0.0256410256410256,0.0695187165775401,0.078167115902965,0.0666666666666667,0.078167115902965,0.0810810810810811,0.0666666666666667,0.0638297872340425,0.0582010582010582,0.0723860589812333,0.0899182561307902,0.0695187165775401,0.0695187165775401,0.0752688172043011,0.0869565217391304,0.0752688172043011
"GSM1214876",0.0752688172043011,0.0554089709762533,0.0471204188481675,0.0666666666666667,0.0638297872340425,0.0554089709762533,0.0526315789473684,0.0471204188481675,0.0554089709762533,0.0554089709762533,0.0695187165775401,0.0309278350515464,0.0416666666666667,0.0526315789473684,0.0695187165775401,0.0723860589812333,0.0554089709762533,0.0723860589812333,0.0810810810810811,0.0610079575596817,0.0554089709762533,0.078167115902965,0.0666666666666667,0.0899182561307902,0.078167115902965,0.0498687664041995,0.092896174863388,0.078167115902965,0.0498687664041995,0.0582010582010582,0.0723860589812333,0.0554089709762533,0.0443864229765013,0.0695187165775401,0.0899182561307902,0.101928374655647,0.0582010582010582,0.0526315789473684,0.0666666666666667,0.0695187165775401,0.0416666666666667,0.0666666666666667,1,0.078167115902965,0.0362694300518135,0.0471204188481675,0.0498687664041995,0.0958904109589041,0.13314447592068,0.092896174863388,0.0723860589812333,0.038961038961039,0.186943620178042,0.0610079575596817,0.0335917312661499,0.0443864229765013,0.114206128133705,0.104972375690608,0.15606936416185,0.13314447592068,0.0582010582010582,0.038961038961039,0.111111111111111,0.0335917312661499,0.111111111111111,0.146131805157593,0.0610079575596817,0.0362694300518135,0.0638297872340425,0.114206128133705,0.0723860589812333,0.0416666666666667,0.0666666666666667,0.078167115902965,0.0282776349614396,0.0498687664041995,0.0554089709762533,0.0471204188481675,0.0989010989010989,0.129943502824859,0.0282776349614396,0.038961038961039,0.0416666666666667,0.0204081632653061,0.0335917312661499,0.0443864229765013,0.0443864229765013,0.0256410256410256,0.0335917312661499,0.038961038961039,0.0443864229765013,0.038961038961039,0.0282776349614396,0.0443864229765013,0.0471204188481675,0.0416666666666667,0.0362694300518135,0.0362694300518135,0.0582010582010582,0.0309278350515464,0.0610079575596817,0.0582010582010582,0.0152284263959391,0.0152284263959391,0.0335917312661499,0.0126582278481013,0.0309278350515464,0.0204081632653061,0.0178117048346056,0.0256410256410256,0.0335917312661499,0.0230179028132992,0.0362694300518135,0.0282776349614396,0.0126582278481013,0.282051282051282,0.120448179271709,0.30718954248366,0.162790697674419,0.230769230769231,0.212121212121212,0.114206128133705,0.234567901234568,0.261829652996845,0.32890365448505,0.149425287356322,0.0638297872340425,0.226993865030675,0.238390092879257,0.282051282051282
"GSM1214877",0.126760563380282,0.104972375690608,0.038961038961039,0.120448179271709,0.10803324099723,0.10803324099723,0.30718954248366,0.092896174863388,0.0666666666666667,0.078167115902965,0.0869565217391304,0.0958904109589041,0.0610079575596817,0.15606936416185,0.120448179271709,0.10803324099723,0.324503311258278,0.0554089709762533,0.092896174863388,0.120448179271709,0.0638297872340425,0.0840108401084011,0.351351351351351,0.120448179271709,0.0989010989010989,0.149425287356322,0.13960113960114,0.0989010989010989,0.0666666666666667,0.120448179271709,0.197604790419162,0.129943502824859,0.123595505617978,0.194029850746269,0.0899182561307902,0.159420289855072,0.0554089709762533,0.0638297872340425,0.0723860589812333,0.0752688172043011,0.13960113960114,0.0752688172043011,0.078167115902965,1,0.166180758017493,0.13314447592068,0.0416666666666667,0.0416666666666667,0.0666666666666667,0.0554089709762533,0.0416666666666667,0.0256410256410256,0.0723860589812333,0.0443864229765013,0.0335917312661499,0.0335917312661499,0.0638297872340425,0.0471204188481675,0.0582010582010582,0.0498687664041995,0.0526315789473684,0.0526315789473684,0.0526315789473684,0.0282776349614396,0.0554089709762533,0.0526315789473684,0.0416666666666667,0.0230179028132992,0.0204081632653061,0.0666666666666667,0.0582010582010582,0.0666666666666667,0.0498687664041995,0.0526315789473684,0.0230179028132992,0.0554089709762533,0.0443864229765013,0.0723860589812333,0.0638297872340425,0.0840108401084011,0.0230179028132992,0.0101010101010101,0.0101010101010101,0.0178117048346056,0.0152284263959391,0.0335917312661499,0.0204081632653061,0.0126582278481013,0.0178117048346056,0.0471204188481675,0.0152284263959391,0.0230179028132992,0.0282776349614396,0.0335917312661499,0.0204081632653061,0.0230179028132992,0.0178117048346056,0.0204081632653061,0.0282776349614396,0.0178117048346056,0.0256410256410256,0.0526315789473684,0.0178117048346056,0.0230179028132992,0.0309278350515464,0.0178117048346056,0.0256410256410256,0.0335917312661499,0.0282776349614396,0.0282776349614396,0.0309278350515464,0.0282776349614396,0.0309278350515464,0.0335917312661499,0.0256410256410256,0.0752688172043011,0.0582010582010582,0.0752688172043011,0.0666666666666667,0.0723860589812333,0.0638297872340425,0.0582010582010582,0.0498687664041995,0.0840108401084011,0.078167115902965,0.0610079575596817,0.0443864229765013,0.0723860589812333,0.0695187165775401,0.0752688172043011
"GSM1214878",0.21580547112462,0.0256410256410256,0.0526315789473684,0.092896174863388,0.0899182561307902,0.142857142857143,0.129943502824859,0.0989010989010989,0.0695187165775401,0.0989010989010989,0.104972375690608,0.0230179028132992,0.114206128133705,0.0204081632653061,0.183431952662722,0.11731843575419,0.092896174863388,0.0666666666666667,0.092896174863388,0.136363636363636,0.0666666666666667,0.0666666666666667,0.0869565217391304,0.126760563380282,0.10803324099723,0.208459214501511,0.15606936416185,0.166180758017493,0.0666666666666667,0.162790697674419,0.253918495297806,0.0443864229765013,0.186943620178042,0.294498381877023,0.0810810810810811,0.194029850746269,0.0204081632653061,0.0723860589812333,0.101928374655647,0.0869565217391304,0.0443864229765013,0.0810810810810811,0.0362694300518135,0.166180758017493,1,0.298701298701299,0.0335917312661499,0.0204081632653061,0.038961038961039,0.0309278350515464,0.0416666666666667,0.0152284263959391,0.0362694300518135,0.0178117048346056,0.0152284263959391,0.0204081632653061,0.0309278350515464,0.0204081632653061,0.0416666666666667,0.0230179028132992,0.0126582278481013,0.0282776349614396,0.0204081632653061,0.0126582278481013,0.0282776349614396,0.0309278350515464,0.0362694300518135,0.0178117048346056,0.00755667506297229,0.0443864229765013,0.0362694300518135,0.0335917312661499,0.0309278350515464,0.0416666666666667,0.0178117048346056,0.0443864229765013,0.038961038961039,0.0309278350515464,0.0362694300518135,0.0498687664041995,0.0178117048346056,0.0025062656641604,0.0101010101010101,0.00755667506297229,0.0178117048346056,0.0126582278481013,0.0101010101010101,0.0050251256281407,0.0204081632653061,0.0309278350515464,0.0101010101010101,0.0101010101010101,0.0204081632653061,0.0204081632653061,0.00755667506297229,0.0101010101010101,0.0126582278481013,0.0126582278481013,0.00755667506297229,0.00755667506297229,0.0230179028132992,0.0416666666666667,0.0230179028132992,0.0101010101010101,0.0256410256410256,0.0204081632653061,0.0230179028132992,0.0178117048346056,0.0152284263959391,0.0204081632653061,0.0282776349614396,0.0126582278481013,0.0204081632653061,0.0178117048346056,0.0152284263959391,0.0443864229765013,0.0204081632653061,0.0443864229765013,0.0362694300518135,0.0309278350515464,0.0362694300518135,0.0416666666666667,0.0282776349614396,0.0362694300518135,0.0416666666666667,0.0416666666666667,0.0256410256410256,0.038961038961039,0.038961038961039,0.0471204188481675
"GSM1214879",0.208459214501511,0.0309278350515464,0.0810810810810811,0.078167115902965,0.0899182561307902,0.136363636363636,0.111111111111111,0.0958904109589041,0.142857142857143,0.10803324099723,0.257861635220126,0.0256410256410256,0.111111111111111,0.0256410256410256,0.149425287356322,0.114206128133705,0.0810810810810811,0.169590643274854,0.129943502824859,0.142857142857143,0.104972375690608,0.078167115902965,0.0666666666666667,0.136363636363636,0.162790697674419,0.159420289855072,0.186943620178042,0.129943502824859,0.129943502824859,0.13314447592068,0.234567901234568,0.038961038961039,0.19047619047619,0.186943620178042,0.104972375690608,0.15606936416185,0.0335917312661499,0.101928374655647,0.142857142857143,0.142857142857143,0.0362694300518135,0.0869565217391304,0.0471204188481675,0.13314447592068,0.298701298701299,1,0.0256410256410256,0.0335917312661499,0.0416666666666667,0.0582010582010582,0.0498687664041995,0.0309278350515464,0.038961038961039,0.0335917312661499,0.0230179028132992,0.0230179028132992,0.0416666666666667,0.0416666666666667,0.038961038961039,0.0282776349614396,0.0256410256410256,0.0362694300518135,0.038961038961039,0.0101010101010101,0.038961038961039,0.0471204188481675,0.0362694300518135,0.0256410256410256,0.0178117048346056,0.038961038961039,0.0416666666666667,0.0362694300518135,0.0178117048346056,0.0471204188481675,0.0471204188481675,0.0498687664041995,0.0335917312661499,0.0230179028132992,0.0416666666666667,0.0582010582010582,0.0178117048346056,0.00755667506297229,0.0178117048346056,0.0126582278481013,0.0152284263959391,0.0126582278481013,0.0152284263959391,0.0101010101010101,0.0204081632653061,0.0309278350515464,0.0152284263959391,0.0178117048346056,0.0178117048346056,0.0230179028132992,0.0126582278481013,0.0126582278481013,0.0126582278481013,0.0178117048346056,0.0204081632653061,0.0152284263959391,0.0309278350515464,0.0498687664041995,0.0416666666666667,0.0416666666666667,0.0666666666666667,0.0256410256410256,0.0526315789473684,0.0554089709762533,0.0443864229765013,0.0498687664041995,0.0471204188481675,0.0638297872340425,0.0498687664041995,0.0554089709762533,0.0471204188481675,0.0554089709762533,0.0554089709762533,0.0526315789473684,0.0554089709762533,0.0443864229765013,0.0610079575596817,0.0416666666666667,0.0582010582010582,0.0638297872340425,0.0554089709762533,0.0666666666666667,0.0443864229765013,0.0638297872340425,0.0638297872340425,0.0610079575596817
"GSM1214880",0.0416666666666667,0.0582010582010582,0.0526315789473684,0.0416666666666667,0.0498687664041995,0.0416666666666667,0.0695187165775401,0.0723860589812333,0.078167115902965,0.0695187165775401,0.0416666666666667,0.0695187165775401,0.038961038961039,0.0416666666666667,0.0335917312661499,0.038961038961039,0.0723860589812333,0.0471204188481675,0.0498687664041995,0.0443864229765013,0.0638297872340425,0.0666666666666667,0.0752688172043011,0.0582010582010582,0.0666666666666667,0.0282776349614396,0.0471204188481675,0.0335917312661499,0.0638297872340425,0.0416666666666667,0.0443864229765013,0.0554089709762533,0.0309278350515464,0.0471204188481675,0.0471204188481675,0.0443864229765013,0.0526315789473684,0.0362694300518135,0.0416666666666667,0.0666666666666667,0.0362694300518135,0.078167115902965,0.0498687664041995,0.0416666666666667,0.0335917312661499,0.0256410256410256,1,0.0443864229765013,0.0498687664041995,0.0443864229765013,0.0582010582010582,0.126760563380282,0.0416666666666667,0.15606936416185,0.0869565217391304,0.0554089709762533,0.0309278350515464,0.0498687664041995,0.0666666666666667,0.0610079575596817,0.078167115902965,0.0899182561307902,0.0869565217391304,0.0582010582010582,0.0695187165775401,0.0526315789473684,0.0416666666666667,0.0443864229765013,0.0443864229765013,0.0695187165775401,0.111111111111111,0.0498687664041995,0.111111111111111,0.159420289855072,0.0101010101010101,0.0282776349614396,0.0840108401084011,0.13314447592068,0.0752688172043011,0.0958904109589041,0.0309278350515464,0.0309278350515464,0.0230179028132992,0.0554089709762533,0.0309278350515464,0.0230179028132992,0.0526315789473684,0.0256410256410256,0.0335917312661499,0.0582010582010582,0.0362694300518135,0.0554089709762533,0.0362694300518135,0.0498687664041995,0.0362694300518135,0.0256410256410256,0.0471204188481675,0.0498687664041995,0.0498687664041995,0.0443864229765013,0.0554089709762533,0.0526315789473684,0.0282776349614396,0.00755667506297229,0.0126582278481013,0.0050251256281407,0.0126582278481013,0.0126582278481013,0.0101010101010101,0.00755667506297229,0.0256410256410256,0.0126582278481013,0.0152284263959391,0.0178117048346056,0.0126582278481013,0.0869565217391304,0.0723860589812333,0.0582010582010582,0.0638297872340425,0.0526315789473684,0.0416666666666667,0.0471204188481675,0.0840108401084011,0.0554089709762533,0.0723860589812333,0.0989010989010989,0.0869565217391304,0.0610079575596817,0.0416666666666667,0.092896174863388
"GSM1214881",0.0335917312661499,0.0335917312661499,0.0416666666666667,0.0471204188481675,0.0443864229765013,0.0256410256410256,0.0230179028132992,0.0309278350515464,0.0335917312661499,0.0362694300518135,0.038961038961039,0.0309278350515464,0.0309278350515464,0.0416666666666667,0.0416666666666667,0.0230179028132992,0.0230179028132992,0.0362694300518135,0.0309278350515464,0.0309278350515464,0.0335917312661499,0.0309278350515464,0.038961038961039,0.0471204188481675,0.0362694300518135,0.0178117048346056,0.0416666666666667,0.0309278350515464,0.0256410256410256,0.0309278350515464,0.038961038961039,0.0282776349614396,0.0230179028132992,0.0256410256410256,0.038961038961039,0.0416666666666667,0.0416666666666667,0.0362694300518135,0.0416666666666667,0.0443864229765013,0.0282776349614396,0.0416666666666667,0.0958904109589041,0.0416666666666667,0.0204081632653061,0.0335917312661499,0.0443864229765013,1,0.104972375690608,0.0638297872340425,0.0416666666666667,0.0282776349614396,0.101928374655647,0.0471204188481675,0.0416666666666667,0.078167115902965,0.0810810810810811,0.173020527859238,0.183431952662722,0.166180758017493,0.0610079575596817,0.0498687664041995,0.11731843575419,0.0178117048346056,0.152737752161383,0.208459214501511,0.0582010582010582,0.0471204188481675,0.078167115902965,0.0810810810810811,0.0443864229765013,0.0309278350515464,0.0443864229765013,0.0638297872340425,0.038961038961039,0.0526315789473684,0.0362694300518135,0.0335917312661499,0.0582010582010582,0.0723860589812333,0.0282776349614396,0.0309278350515464,0.0471204188481675,0.0309278350515464,0.0230179028132992,0.0178117048346056,0.0282776349614396,0.0282776349614396,0.0335917312661499,0.0282776349614396,0.0282776349614396,0.0204081632653061,0.0362694300518135,0.038961038961039,0.0416666666666667,0.0282776349614396,0.0282776349614396,0.0335917312661499,0.0416666666666667,0.0230179028132992,0.0498687664041995,0.0230179028132992,0.0335917312661499,0.0471204188481675,0.0471204188481675,0.038961038961039,0.0526315789473684,0.0498687664041995,0.0443864229765013,0.0471204188481675,0.0416666666666667,0.0443864229765013,0.0582010582010582,0.0498687664041995,0.0443864229765013,0.0989010989010989,0.0638297872340425,0.0695187165775401,0.0582010582010582,0.0666666666666667,0.0582010582010582,0.0443864229765013,0.0610079575596817,0.0840108401084011,0.0723860589812333,0.0610079575596817,0.0416666666666667,0.0723860589812333,0.0526315789473684,0.0869565217391304
"GSM1214882",0.0666666666666667,0.0526315789473684,0.0610079575596817,0.0471204188481675,0.0989010989010989,0.0610079575596817,0.0443864229765013,0.0471204188481675,0.0610079575596817,0.0443864229765013,0.078167115902965,0.0309278350515464,0.0362694300518135,0.038961038961039,0.0840108401084011,0.0666666666666667,0.038961038961039,0.0695187165775401,0.0695187165775401,0.0554089709762533,0.0554089709762533,0.0666666666666667,0.0582010582010582,0.0666666666666667,0.0752688172043011,0.0638297872340425,0.0869565217391304,0.0666666666666667,0.0443864229765013,0.038961038961039,0.0526315789473684,0.0498687664041995,0.0362694300518135,0.0582010582010582,0.0752688172043011,0.0840108401084011,0.038961038961039,0.0526315789473684,0.0666666666666667,0.0610079575596817,0.0498687664041995,0.0666666666666667,0.13314447592068,0.0666666666666667,0.038961038961039,0.0416666666666667,0.0498687664041995,0.104972375690608,1,0.0958904109589041,0.0610079575596817,0.0178117048346056,0.104972375690608,0.038961038961039,0.0471204188481675,0.0610079575596817,0.136363636363636,0.120448179271709,0.11731843575419,0.0840108401084011,0.0416666666666667,0.078167115902965,0.0899182561307902,0.00755667506297229,0.101928374655647,0.101928374655647,0.0498687664041995,0.0416666666666667,0.0526315789473684,0.0810810810810811,0.078167115902965,0.0582010582010582,0.0752688172043011,0.078167115902965,0.0362694300518135,0.0526315789473684,0.0554089709762533,0.0610079575596817,0.0810810810810811,0.0869565217391304,0.0309278350515464,0.0101010101010101,0.0282776349614396,0.0335917312661499,0.0498687664041995,0.0126582278481013,0.0416666666666667,0.0025062656641604,0.0416666666666667,0.0309278350515464,0.0362694300518135,0.0204081632653061,0.0362694300518135,0.0443864229765013,0.0362694300518135,0.0309278350515464,0.0335917312661499,0.0309278350515464,0.0471204188481675,0.0362694300518135,0.0443864229765013,0.0526315789473684,0.0309278350515464,0.0230179028132992,0.0178117048346056,0.00755667506297229,0.0282776349614396,0.0282776349614396,0.0256410256410256,0.0282776349614396,0.0335917312661499,0.0152284263959391,0.0256410256410256,0.0362694300518135,0.0126582278481013,0.126760563380282,0.0554089709762533,0.0899182561307902,0.0869565217391304,0.0810810810810811,0.101928374655647,0.078167115902965,0.114206128133705,0.114206128133705,0.114206128133705,0.0840108401084011,0.0498687664041995,0.0752688172043011,0.104972375690608,0.123595505617978
"GSM1214883",0.0582010582010582,0.038961038961039,0.0723860589812333,0.0526315789473684,0.0840108401084011,0.0335917312661499,0.0443864229765013,0.0335917312661499,0.0723860589812333,0.0554089709762533,0.0840108401084011,0.0204081632653061,0.038961038961039,0.0256410256410256,0.0554089709762533,0.0416666666666667,0.0282776349614396,0.0840108401084011,0.0554089709762533,0.0526315789473684,0.0723860589812333,0.0471204188481675,0.0416666666666667,0.0638297872340425,0.0752688172043011,0.0309278350515464,0.0666666666666667,0.0471204188481675,0.0582010582010582,0.038961038961039,0.038961038961039,0.0443864229765013,0.0309278350515464,0.0256410256410256,0.0638297872340425,0.0610079575596817,0.0638297872340425,0.0752688172043011,0.092896174863388,0.0695187165775401,0.0554089709762533,0.078167115902965,0.092896174863388,0.0554089709762533,0.0309278350515464,0.0582010582010582,0.0443864229765013,0.0638297872340425,0.0958904109589041,1,0.0810810810810811,0.0178117048346056,0.0958904109589041,0.0582010582010582,0.0416666666666667,0.0362694300518135,0.104972375690608,0.0695187165775401,0.0899182561307902,0.0498687664041995,0.0335917312661499,0.0582010582010582,0.0582010582010582,0.0178117048346056,0.0752688172043011,0.104972375690608,0.0752688172043011,0.0752688172043011,0.0230179028132992,0.0989010989010989,0.0752688172043011,0.078167115902965,0.092896174863388,0.0899182561307902,0.0471204188481675,0.0958904109589041,0.0695187165775401,0.0695187165775401,0.129943502824859,0.0752688172043011,0.0282776349614396,0.00755667506297229,0.0335917312661499,0.0126582278481013,0.0309278350515464,0.0230179028132992,0.0309278350515464,0.0178117048346056,0.0416666666666667,0.0335917312661499,0.0335917312661499,0.0335917312661499,0.0282776349614396,0.0526315789473684,0.0230179028132992,0.0256410256410256,0.0178117048346056,0.0204081632653061,0.0416666666666667,0.0335917312661499,0.0309278350515464,0.0752688172043011,0.0471204188481675,0.0362694300518135,0.0526315789473684,0.0230179028132992,0.0443864229765013,0.0471204188481675,0.0335917312661499,0.0416666666666667,0.0471204188481675,0.0416666666666667,0.0416666666666667,0.0416666666666667,0.0498687664041995,0.0723860589812333,0.0958904109589041,0.104972375690608,0.0869565217391304,0.078167115902965,0.111111111111111,0.0840108401084011,0.104972375690608,0.092896174863388,0.101928374655647,0.0899182561307902,0.0899182561307902,0.092896174863388,0.101928374655647,0.0638297872340425
"GSM1214884",0.0471204188481675,0.0362694300518135,0.0666666666666667,0.0416666666666667,0.0723860589812333,0.0638297872340425,0.0498687664041995,0.0416666666666667,0.0723860589812333,0.0638297872340425,0.0695187165775401,0.0309278350515464,0.0498687664041995,0.0204081632653061,0.0582010582010582,0.0471204188481675,0.0498687664041995,0.0526315789473684,0.078167115902965,0.0582010582010582,0.0638297872340425,0.0335917312661499,0.0471204188481675,0.0443864229765013,0.0554089709762533,0.0416666666666667,0.0498687664041995,0.0443864229765013,0.0443864229765013,0.0471204188481675,0.0362694300518135,0.0309278350515464,0.038961038961039,0.0362694300518135,0.0666666666666667,0.0498687664041995,0.0498687664041995,0.0723860589812333,0.0899182561307902,0.0582010582010582,0.0443864229765013,0.0666666666666667,0.0723860589812333,0.0416666666666667,0.0416666666666667,0.0498687664041995,0.0582010582010582,0.0416666666666667,0.0610079575596817,0.0810810810810811,1,0.0638297872340425,0.0666666666666667,0.078167115902965,0.0230179028132992,0.0471204188481675,0.0695187165775401,0.0443864229765013,0.0638297872340425,0.0309278350515464,0.038961038961039,0.0582010582010582,0.0554089709762533,0.0178117048346056,0.0526315789473684,0.0498687664041995,0.0899182561307902,0.0554089709762533,0.0256410256410256,0.0638297872340425,0.104972375690608,0.0498687664041995,0.078167115902965,0.123595505617978,0.078167115902965,0.101928374655647,0.0638297872340425,0.0752688172043011,0.0958904109589041,0.0810810810810811,0.0256410256410256,0.0152284263959391,0.0282776349614396,0.0204081632653061,0.0282776349614396,0.0256410256410256,0.0256410256410256,0.0230179028132992,0.0178117048346056,0.0335917312661499,0.0335917312661499,0.0256410256410256,0.0309278350515464,0.0416666666666667,0.0152284263959391,0.0126582278481013,0.0256410256410256,0.0335917312661499,0.0416666666666667,0.0282776349614396,0.0335917312661499,0.0610079575596817,0.0526315789473684,0.0610079575596817,0.0752688172043011,0.0526315789473684,0.0899182561307902,0.0752688172043011,0.0723860589812333,0.101928374655647,0.0610079575596817,0.0610079575596817,0.0958904109589041,0.078167115902965,0.0723860589812333,0.0723860589812333,0.0638297872340425,0.0723860589812333,0.0638297872340425,0.0638297872340425,0.0695187165775401,0.0869565217391304,0.0958904109589041,0.078167115902965,0.101928374655647,0.0869565217391304,0.0498687664041995,0.0638297872340425,0.0666666666666667,0.092896174863388
"GSM1214885",0.0282776349614396,0.0362694300518135,0.0282776349614396,0.0282776349614396,0.0230179028132992,0.0230179028132992,0.0362694300518135,0.0638297872340425,0.038961038961039,0.0498687664041995,0.0309278350515464,0.0309278350515464,0.0256410256410256,0.0204081632653061,0.0178117048346056,0.0204081632653061,0.0309278350515464,0.0230179028132992,0.038961038961039,0.0256410256410256,0.0443864229765013,0.0309278350515464,0.038961038961039,0.0309278350515464,0.0256410256410256,0.038961038961039,0.0126582278481013,0.0230179028132992,0.0498687664041995,0.0152284263959391,0.0282776349614396,0.0443864229765013,0.0204081632653061,0.0282776349614396,0.0282776349614396,0.0152284263959391,0.0204081632653061,0.0282776349614396,0.0256410256410256,0.0309278350515464,0.0178117048346056,0.0554089709762533,0.038961038961039,0.0256410256410256,0.0152284263959391,0.0309278350515464,0.126760563380282,0.0282776349614396,0.0178117048346056,0.0178117048346056,0.0638297872340425,1,0.0498687664041995,0.13314447592068,0.0362694300518135,0.0416666666666667,0.0204081632653061,0.0282776349614396,0.0362694300518135,0.0335917312661499,0.0471204188481675,0.0498687664041995,0.0526315789473684,0.10803324099723,0.0282776349614396,0.0230179028132992,0.0335917312661499,0.0309278350515464,0.0230179028132992,0.0256410256410256,0.0666666666666667,0.0282776349614396,0.0443864229765013,0.0899182561307902,0.00755667506297229,0.0178117048346056,0.0335917312661499,0.0610079575596817,0.0416666666666667,0.0958904109589041,0.0256410256410256,0.0256410256410256,0.0282776349614396,0.0582010582010582,0.0178117048346056,0.0554089709762533,0.0526315789473684,0.0230179028132992,0.0204081632653061,0.0471204188481675,0.0282776349614396,0.0282776349614396,0.0230179028132992,0.0335917312661499,0.038961038961039,0.0204081632653061,0.038961038961039,0.0416666666666667,0.0443864229765013,0.038961038961039,0.0282776349614396,0.0309278350515464,0.0178117048346056,0.00755667506297229,0.0101010101010101,0.0050251256281407,0.0152284263959391,0.00755667506297229,0.00755667506297229,0.0152284263959391,0.0282776349614396,0.0101010101010101,0.0050251256281407,0.00755667506297229,0.0025062656641604,0.0471204188481675,0.0416666666666667,0.0335917312661499,0.0526315789473684,0.038961038961039,0.0230179028132992,0.038961038961039,0.0666666666666667,0.0498687664041995,0.0443864229765013,0.0810810810810811,0.0309278350515464,0.0443864229765013,0.0256410256410256,0.0526315789473684
"GSM1214886",0.0723860589812333,0.0554089709762533,0.0582010582010582,0.0526315789473684,0.078167115902965,0.0582010582010582,0.0498687664041995,0.0471204188481675,0.0526315789473684,0.0638297872340425,0.0498687664041995,0.0416666666666667,0.038961038961039,0.0526315789473684,0.0498687664041995,0.0752688172043011,0.0526315789473684,0.0638297872340425,0.0752688172043011,0.0666666666666667,0.0695187165775401,0.0810810810810811,0.0498687664041995,0.104972375690608,0.0869565217391304,0.0526315789473684,0.0840108401084011,0.0840108401084011,0.0554089709762533,0.0362694300518135,0.0752688172043011,0.0335917312661499,0.0416666666666667,0.0752688172043011,0.0810810810810811,0.101928374655647,0.0443864229765013,0.0471204188481675,0.0638297872340425,0.0554089709762533,0.0498687664041995,0.0638297872340425,0.186943620178042,0.0723860589812333,0.0362694300518135,0.038961038961039,0.0416666666666667,0.101928374655647,0.104972375690608,0.0958904109589041,0.0666666666666667,0.0498687664041995,1,0.0471204188481675,0.0443864229765013,0.0443864229765013,0.120448179271709,0.120448179271709,0.129943502824859,0.11731843575419,0.0498687664041995,0.0498687664041995,0.0958904109589041,0.0309278350515464,0.13960113960114,0.142857142857143,0.0610079575596817,0.0498687664041995,0.0443864229765013,0.092896174863388,0.0695187165775401,0.0526315789473684,0.0498687664041995,0.0752688172043011,0.0256410256410256,0.0638297872340425,0.0666666666666667,0.0610079575596817,0.0899182561307902,0.092896174863388,0.0204081632653061,0.00755667506297229,0.0256410256410256,0.0256410256410256,0.0309278350515464,0.0256410256410256,0.0282776349614396,0.0101010101010101,0.0256410256410256,0.0362694300518135,0.0309278350515464,0.0282776349614396,0.0282776349614396,0.0443864229765013,0.0204081632653061,0.0256410256410256,0.0178117048346056,0.0178117048346056,0.0498687664041995,0.0282776349614396,0.038961038961039,0.0810810810810811,0.0230179028132992,0.0204081632653061,0.0362694300518135,0.00755667506297229,0.0309278350515464,0.0256410256410256,0.0256410256410256,0.0204081632653061,0.0335917312661499,0.0256410256410256,0.0335917312661499,0.0282776349614396,0.0256410256410256,0.169590643274854,0.0989010989010989,0.21580547112462,0.15606936416185,0.159420289855072,0.183431952662722,0.0989010989010989,0.149425287356322,0.19047619047619,0.194029850746269,0.0666666666666667,0.0471204188481675,0.19047619047619,0.197604790419162,0.152737752161383
"GSM1214887",0.0416666666666667,0.0416666666666667,0.0362694300518135,0.0526315789473684,0.0471204188481675,0.0362694300518135,0.0416666666666667,0.0471204188481675,0.0899182561307902,0.0958904109589041,0.0582010582010582,0.0309278350515464,0.0282776349614396,0.038961038961039,0.0471204188481675,0.0362694300518135,0.0309278350515464,0.0582010582010582,0.038961038961039,0.0554089709762533,0.0695187165775401,0.0309278350515464,0.0471204188481675,0.0526315789473684,0.0443864229765013,0.0443864229765013,0.038961038961039,0.038961038961039,0.0638297872340425,0.0526315789473684,0.0362694300518135,0.0638297872340425,0.0335917312661499,0.0335917312661499,0.0443864229765013,0.0335917312661499,0.0362694300518135,0.0582010582010582,0.0498687664041995,0.0498687664041995,0.0471204188481675,0.0610079575596817,0.0610079575596817,0.0443864229765013,0.0178117048346056,0.0335917312661499,0.15606936416185,0.0471204188481675,0.038961038961039,0.0582010582010582,0.078167115902965,0.13314447592068,0.0471204188481675,1,0.0498687664041995,0.0554089709762533,0.0256410256410256,0.0554089709762533,0.0723860589812333,0.0335917312661499,0.0638297872340425,0.0958904109589041,0.0840108401084011,0.0638297872340425,0.0443864229765013,0.0471204188481675,0.0810810810810811,0.0610079575596817,0.0526315789473684,0.038961038961039,0.0899182561307902,0.0335917312661499,0.0899182561307902,0.136363636363636,0.0178117048346056,0.0443864229765013,0.0695187165775401,0.10803324099723,0.0723860589812333,0.0899182561307902,0.0416666666666667,0.0335917312661499,0.0335917312661499,0.0554089709762533,0.0282776349614396,0.0526315789473684,0.0582010582010582,0.0416666666666667,0.038961038961039,0.038961038961039,0.0282776349614396,0.038961038961039,0.0362694300518135,0.0498687664041995,0.0471204188481675,0.0230179028132992,0.0362694300518135,0.038961038961039,0.0695187165775401,0.0416666666666667,0.0416666666666667,0.0498687664041995,0.0204081632653061,0.0204081632653061,0.0256410256410256,0.0126582278481013,0.0152284263959391,0.0204081632653061,0.0152284263959391,0.0178117048346056,0.0256410256410256,0.0282776349614396,0.0152284263959391,0.0178117048346056,0.0282776349614396,0.0666666666666667,0.0752688172043011,0.0526315789473684,0.10803324099723,0.0638297872340425,0.038961038961039,0.0610079575596817,0.0810810810810811,0.0471204188481675,0.0638297872340425,0.0958904109589041,0.0638297872340425,0.0471204188481675,0.0362694300518135,0.0582010582010582
"GSM1214888",0.0362694300518135,0.0416666666666667,0.0471204188481675,0.0416666666666667,0.0498687664041995,0.0230179028132992,0.038961038961039,0.038961038961039,0.0498687664041995,0.0362694300518135,0.038961038961039,0.0666666666666667,0.0230179028132992,0.038961038961039,0.038961038961039,0.0526315789473684,0.0554089709762533,0.0416666666666667,0.0471204188481675,0.0282776349614396,0.038961038961039,0.0582010582010582,0.0666666666666667,0.0582010582010582,0.0498687664041995,0.0282776349614396,0.0498687664041995,0.0471204188481675,0.038961038961039,0.0126582278481013,0.0230179028132992,0.0666666666666667,0.0335917312661499,0.0309278350515464,0.0416666666666667,0.0335917312661499,0.0416666666666667,0.0256410256410256,0.0282776349614396,0.0282776349614396,0.0362694300518135,0.0309278350515464,0.0335917312661499,0.0335917312661499,0.0152284263959391,0.0230179028132992,0.0869565217391304,0.0416666666666667,0.0471204188481675,0.0416666666666667,0.0230179028132992,0.0362694300518135,0.0443864229765013,0.0498687664041995,1,0.092896174863388,0.0471204188481675,0.0582010582010582,0.0471204188481675,0.0666666666666667,0.0810810810810811,0.0695187165775401,0.0610079575596817,0.0498687664041995,0.0282776349614396,0.0498687664041995,0.0362694300518135,0.0256410256410256,0.0471204188481675,0.0498687664041995,0.0582010582010582,0.0362694300518135,0.0471204188481675,0.0498687664041995,0.0282776349614396,0.0178117048346056,0.0335917312661499,0.0526315789473684,0.0443864229765013,0.0695187165775401,0.0471204188481675,0.0204081632653061,0.0335917312661499,0.0309278350515464,0.0335917312661499,0.0335917312661499,0.0471204188481675,0.0230179028132992,0.0498687664041995,0.0869565217391304,0.0443864229765013,0.0335917312661499,0.0362694300518135,0.0526315789473684,0.0582010582010582,0.0443864229765013,0.0526315789473684,0.0335917312661499,0.0695187165775401,0.0443864229765013,0.0335917312661499,0.0335917312661499,0.0282776349614396,0.0204081632653061,0.0126582278481013,0.0050251256281407,0.0256410256410256,0.0230179028132992,0.0230179028132992,0.0152284263959391,0.0256410256410256,0.0256410256410256,0.0230179028132992,0.0282776349614396,0.0204081632653061,0.0362694300518135,0.0362694300518135,0.0443864229765013,0.0526315789473684,0.0443864229765013,0.0498687664041995,0.0282776349614396,0.038961038961039,0.0309278350515464,0.0362694300518135,0.0335917312661499,0.0443864229765013,0.0443864229765013,0.0526315789473684,0.0443864229765013
"GSM1214889",0.0416666666666667,0.0526315789473684,0.038961038961039,0.0309278350515464,0.0582010582010582,0.0443864229765013,0.0335917312661499,0.0256410256410256,0.0471204188481675,0.0309278350515464,0.0554089709762533,0.0309278350515464,0.0335917312661499,0.0362694300518135,0.0416666666666667,0.0362694300518135,0.0416666666666667,0.0416666666666667,0.0498687664041995,0.0282776349614396,0.0362694300518135,0.038961038961039,0.0471204188481675,0.0230179028132992,0.0471204188481675,0.0230179028132992,0.0335917312661499,0.0416666666666667,0.0362694300518135,0.038961038961039,0.0335917312661499,0.0362694300518135,0.0256410256410256,0.0204081632653061,0.0471204188481675,0.0282776349614396,0.0282776349614396,0.0416666666666667,0.0526315789473684,0.0526315789473684,0.0526315789473684,0.0443864229765013,0.0443864229765013,0.0335917312661499,0.0204081632653061,0.0230179028132992,0.0554089709762533,0.078167115902965,0.0610079575596817,0.0362694300518135,0.0471204188481675,0.0416666666666667,0.0443864229765013,0.0554089709762533,0.092896174863388,1,0.0899182561307902,0.0840108401084011,0.0610079575596817,0.0723860589812333,0.101928374655647,0.0416666666666667,0.0723860589812333,0.0126582278481013,0.0638297872340425,0.0582010582010582,0.0610079575596817,0.0362694300518135,0.078167115902965,0.0695187165775401,0.0666666666666667,0.0526315789473684,0.0638297872340425,0.0471204188481675,0.038961038961039,0.0335917312661499,0.0362694300518135,0.0695187165775401,0.0695187165775401,0.0526315789473684,0.0256410256410256,0.0256410256410256,0.0443864229765013,0.0230179028132992,0.0309278350515464,0.0416666666666667,0.038961038961039,0.0282776349614396,0.0362694300518135,0.0443864229765013,0.0416666666666667,0.0443864229765013,0.0309278350515464,0.0362694300518135,0.0362694300518135,0.0335917312661499,0.0471204188481675,0.0416666666666667,0.0498687664041995,0.0282776349614396,0.0282776349614396,0.0416666666666667,0.0230179028132992,0.0204081632653061,0.0335917312661499,0.00755667506297229,0.0282776349614396,0.0282776349614396,0.0256410256410256,0.038961038961039,0.0309278350515464,0.038961038961039,0.0471204188481675,0.0443864229765013,0.0282776349614396,0.0443864229765013,0.0471204188481675,0.0471204188481675,0.038961038961039,0.0582010582010582,0.0695187165775401,0.0443864229765013,0.0443864229765013,0.0256410256410256,0.0526315789473684,0.0498687664041995,0.0362694300518135,0.0362694300518135,0.0471204188481675,0.0443864229765013
"GSM1214890",0.0471204188481675,0.0335917312661499,0.0638297872340425,0.0416666666666667,0.0840108401084011,0.038961038961039,0.0309278350515464,0.0362694300518135,0.0554089709762533,0.0335917312661499,0.0610079575596817,0.0204081632653061,0.0443864229765013,0.0335917312661499,0.0610079575596817,0.0471204188481675,0.0282776349614396,0.0666666666666667,0.0666666666666667,0.0362694300518135,0.0610079575596817,0.038961038961039,0.0443864229765013,0.0443864229765013,0.0554089709762533,0.0256410256410256,0.0723860589812333,0.038961038961039,0.0335917312661499,0.0335917312661499,0.0416666666666667,0.0362694300518135,0.0230179028132992,0.0554089709762533,0.0554089709762533,0.078167115902965,0.0309278350515464,0.038961038961039,0.0610079575596817,0.0582010582010582,0.0526315789473684,0.0554089709762533,0.114206128133705,0.0638297872340425,0.0309278350515464,0.0416666666666667,0.0309278350515464,0.0810810810810811,0.136363636363636,0.104972375690608,0.0695187165775401,0.0204081632653061,0.120448179271709,0.0256410256410256,0.0471204188481675,0.0899182561307902,1,0.0610079575596817,0.0810810810810811,0.0610079575596817,0.0443864229765013,0.0582010582010582,0.0526315789473684,0.0152284263959391,0.0666666666666667,0.0958904109589041,0.0610079575596817,0.0498687664041995,0.0416666666666667,0.0810810810810811,0.0443864229765013,0.0443864229765013,0.0471204188481675,0.0582010582010582,0.0610079575596817,0.0610079575596817,0.0471204188481675,0.0443864229765013,0.078167115902965,0.0498687664041995,0.0152284263959391,0.0152284263959391,0.0416666666666667,0.0152284263959391,0.038961038961039,0.0152284263959391,0.0309278350515464,0.0152284263959391,0.0204081632653061,0.0309278350515464,0.0282776349614396,0.0256410256410256,0.0335917312661499,0.0256410256410256,0.0204081632653061,0.0256410256410256,0.00755667506297229,0.00755667506297229,0.0335917312661499,0.0178117048346056,0.0282776349614396,0.0230179028132992,0.0256410256410256,0.038961038961039,0.0256410256410256,0.0230179028132992,0.0526315789473684,0.0362694300518135,0.0335917312661499,0.0282776349614396,0.038961038961039,0.0309278350515464,0.0471204188481675,0.0526315789473684,0.038961038961039,0.10803324099723,0.0869565217391304,0.126760563380282,0.101928374655647,0.0869565217391304,0.129943502824859,0.0810810810810811,0.10803324099723,0.0840108401084011,0.126760563380282,0.0554089709762533,0.0554089709762533,0.0899182561307902,0.0899182561307902,0.078167115902965
"GSM1214891",0.0335917312661499,0.0309278350515464,0.0362694300518135,0.0416666666666667,0.0471204188481675,0.0256410256410256,0.0335917312661499,0.0256410256410256,0.0416666666666667,0.0498687664041995,0.0526315789473684,0.0362694300518135,0.0256410256410256,0.0443864229765013,0.0362694300518135,0.038961038961039,0.0282776349614396,0.0443864229765013,0.0554089709762533,0.0443864229765013,0.038961038961039,0.0498687664041995,0.0498687664041995,0.0526315789473684,0.0582010582010582,0.0309278350515464,0.0695187165775401,0.0309278350515464,0.0416666666666667,0.0230179028132992,0.0498687664041995,0.038961038961039,0.0256410256410256,0.0335917312661499,0.0498687664041995,0.0526315789473684,0.0526315789473684,0.0362694300518135,0.0416666666666667,0.038961038961039,0.0443864229765013,0.0526315789473684,0.104972375690608,0.0471204188481675,0.0204081632653061,0.0416666666666667,0.0498687664041995,0.173020527859238,0.120448179271709,0.0695187165775401,0.0443864229765013,0.0282776349614396,0.120448179271709,0.0554089709762533,0.0582010582010582,0.0840108401084011,0.0610079575596817,1,0.21580547112462,0.169590643274854,0.0752688172043011,0.0362694300518135,0.101928374655647,0.0230179028132992,0.142857142857143,0.169590643274854,0.0443864229765013,0.0309278350515464,0.101928374655647,0.078167115902965,0.0498687664041995,0.038961038961039,0.0526315789473684,0.0416666666666667,0.0335917312661499,0.0443864229765013,0.0443864229765013,0.0526315789473684,0.0554089709762533,0.0723860589812333,0.0443864229765013,0.0416666666666667,0.0498687664041995,0.038961038961039,0.0309278350515464,0.0282776349614396,0.0526315789473684,0.0282776349614396,0.038961038961039,0.0362694300518135,0.0471204188481675,0.0443864229765013,0.0282776349614396,0.0582010582010582,0.0638297872340425,0.0416666666666667,0.0443864229765013,0.0443864229765013,0.0695187165775401,0.0416666666666667,0.0638297872340425,0.0498687664041995,0.0335917312661499,0.0309278350515464,0.038961038961039,0.00755667506297229,0.0309278350515464,0.0335917312661499,0.0282776349614396,0.0309278350515464,0.038961038961039,0.0362694300518135,0.0362694300518135,0.0335917312661499,0.0335917312661499,0.13314447592068,0.0752688172043011,0.092896174863388,0.0989010989010989,0.123595505617978,0.0989010989010989,0.0554089709762533,0.0869565217391304,0.111111111111111,0.0989010989010989,0.078167115902965,0.0610079575596817,0.0899182561307902,0.101928374655647,0.101928374655647
"GSM1214892",0.0526315789473684,0.038961038961039,0.0443864229765013,0.0526315789473684,0.0810810810810811,0.038961038961039,0.0443864229765013,0.0362694300518135,0.0526315789473684,0.0554089709762533,0.0582010582010582,0.0416666666666667,0.0416666666666667,0.0498687664041995,0.0695187165775401,0.0610079575596817,0.0443864229765013,0.0666666666666667,0.0638297872340425,0.0695187165775401,0.0666666666666667,0.0471204188481675,0.0666666666666667,0.0723860589812333,0.0810810810810811,0.0282776349614396,0.0840108401084011,0.0554089709762533,0.0526315789473684,0.0526315789473684,0.0610079575596817,0.0443864229765013,0.0416666666666667,0.0526315789473684,0.0810810810810811,0.0752688172043011,0.0610079575596817,0.0526315789473684,0.0638297872340425,0.0610079575596817,0.0582010582010582,0.0723860589812333,0.15606936416185,0.0582010582010582,0.0416666666666667,0.038961038961039,0.0666666666666667,0.183431952662722,0.11731843575419,0.0899182561307902,0.0638297872340425,0.0362694300518135,0.129943502824859,0.0723860589812333,0.0471204188481675,0.0610079575596817,0.0810810810810811,0.21580547112462,1,0.19047619047619,0.0666666666666667,0.0498687664041995,0.126760563380282,0.0362694300518135,0.173020527859238,0.246105919003115,0.0666666666666667,0.038961038961039,0.0752688172043011,0.10803324099723,0.0810810810810811,0.0416666666666667,0.0695187165775401,0.0638297872340425,0.0204081632653061,0.0471204188481675,0.0498687664041995,0.0666666666666667,0.0810810810810811,0.0899182561307902,0.0282776349614396,0.0282776349614396,0.038961038961039,0.0335917312661499,0.0282776349614396,0.0282776349614396,0.0498687664041995,0.0256410256410256,0.0335917312661499,0.0443864229765013,0.0256410256410256,0.038961038961039,0.0416666666666667,0.0498687664041995,0.0362694300518135,0.0362694300518135,0.0443864229765013,0.0526315789473684,0.0638297872340425,0.0416666666666667,0.0471204188481675,0.0526315789473684,0.0230179028132992,0.0204081632653061,0.0256410256410256,0.0101010101010101,0.0309278350515464,0.038961038961039,0.0256410256410256,0.0230179028132992,0.0282776349614396,0.0282776349614396,0.0282776349614396,0.0256410256410256,0.0204081632653061,0.166180758017493,0.114206128133705,0.129943502824859,0.101928374655647,0.13314447592068,0.123595505617978,0.0899182561307902,0.111111111111111,0.166180758017493,0.126760563380282,0.101928374655647,0.0554089709762533,0.129943502824859,0.142857142857143,0.15606936416185
"GSM1214893",0.0498687664041995,0.0309278350515464,0.0282776349614396,0.038961038961039,0.0416666666666667,0.0282776349614396,0.0309278350515464,0.0335917312661499,0.0309278350515464,0.0256410256410256,0.0309278350515464,0.038961038961039,0.0335917312661499,0.0416666666666667,0.0230179028132992,0.0335917312661499,0.0526315789473684,0.0309278350515464,0.0309278350515464,0.0282776349614396,0.0282776349614396,0.0443864229765013,0.0610079575596817,0.0526315789473684,0.0526315789473684,0.0178117048346056,0.0443864229765013,0.0416666666666667,0.0256410256410256,0.0256410256410256,0.038961038961039,0.0309278350515464,0.0335917312661499,0.038961038961039,0.0335917312661499,0.0471204188481675,0.0610079575596817,0.0230179028132992,0.0282776349614396,0.0309278350515464,0.0362694300518135,0.0443864229765013,0.13314447592068,0.0498687664041995,0.0230179028132992,0.0282776349614396,0.0610079575596817,0.166180758017493,0.0840108401084011,0.0498687664041995,0.0309278350515464,0.0335917312661499,0.11731843575419,0.0335917312661499,0.0666666666666667,0.0723860589812333,0.0610079575596817,0.169590643274854,0.19047619047619,1,0.078167115902965,0.0443864229765013,0.104972375690608,0.0443864229765013,0.13960113960114,0.152737752161383,0.0443864229765013,0.0282776349614396,0.0695187165775401,0.0989010989010989,0.0362694300518135,0.038961038961039,0.0526315789473684,0.0362694300518135,0.0152284263959391,0.0204081632653061,0.0309278350515464,0.0471204188481675,0.0582010582010582,0.0610079575596817,0.0282776349614396,0.0309278350515464,0.0309278350515464,0.0416666666666667,0.0362694300518135,0.0204081632653061,0.0498687664041995,0.0230179028132992,0.0471204188481675,0.0498687664041995,0.0335917312661499,0.0204081632653061,0.0416666666666667,0.0666666666666667,0.038961038961039,0.0554089709762533,0.0554089709762533,0.0526315789473684,0.0526315789473684,0.038961038961039,0.0443864229765013,0.0498687664041995,0.0309278350515464,0.0256410256410256,0.0152284263959391,0.0126582278481013,0.0282776349614396,0.0282776349614396,0.0204081632653061,0.0204081632653061,0.0282776349614396,0.0256410256410256,0.0362694300518135,0.0282776349614396,0.0256410256410256,0.15606936416185,0.0610079575596817,0.123595505617978,0.0989010989010989,0.120448179271709,0.0989010989010989,0.0526315789473684,0.0958904109589041,0.11731843575419,0.0958904109589041,0.0666666666666667,0.038961038961039,0.092896174863388,0.0958904109589041,0.120448179271709
"GSM1214894",0.0230179028132992,0.0554089709762533,0.0362694300518135,0.038961038961039,0.0362694300518135,0.0282776349614396,0.0526315789473684,0.0256410256410256,0.0416666666666667,0.0416666666666667,0.0498687664041995,0.038961038961039,0.0204081632653061,0.0723860589812333,0.0282776349614396,0.0362694300518135,0.0610079575596817,0.0471204188481675,0.0443864229765013,0.0309278350515464,0.0230179028132992,0.0335917312661499,0.0610079575596817,0.0309278350515464,0.0362694300518135,0.0230179028132992,0.0443864229765013,0.0335917312661499,0.0282776349614396,0.0178117048346056,0.0309278350515464,0.0335917312661499,0.0204081632653061,0.0335917312661499,0.0443864229765013,0.0256410256410256,0.078167115902965,0.0256410256410256,0.038961038961039,0.0282776349614396,0.0362694300518135,0.0256410256410256,0.0582010582010582,0.0526315789473684,0.0126582278481013,0.0256410256410256,0.078167115902965,0.0610079575596817,0.0416666666666667,0.0335917312661499,0.038961038961039,0.0471204188481675,0.0498687664041995,0.0638297872340425,0.0810810810810811,0.101928374655647,0.0443864229765013,0.0752688172043011,0.0666666666666667,0.078167115902965,1,0.0810810810810811,0.0989010989010989,0.0443864229765013,0.0554089709762533,0.0498687664041995,0.038961038961039,0.0256410256410256,0.0695187165775401,0.0840108401084011,0.0610079575596817,0.0554089709762533,0.0610079575596817,0.0526315789473684,0.0230179028132992,0.0230179028132992,0.0335917312661499,0.0554089709762533,0.0526315789473684,0.0309278350515464,0.0416666666666667,0.0230179028132992,0.0309278350515464,0.0695187165775401,0.0498687664041995,0.0282776349614396,0.0840108401084011,0.0282776349614396,0.0498687664041995,0.0471204188481675,0.0666666666666667,0.0554089709762533,0.0309278350515464,0.0610079575596817,0.038961038961039,0.0335917312661499,0.0810810810810811,0.0899182561307902,0.078167115902965,0.0554089709762533,0.0443864229765013,0.0526315789473684,0.0178117048346056,0.0126582278481013,0.0230179028132992,0.0101010101010101,0.0230179028132992,0.0256410256410256,0.0178117048346056,0.0152284263959391,0.0230179028132992,0.0178117048346056,0.0178117048346056,0.0256410256410256,0.0126582278481013,0.0471204188481675,0.0416666666666667,0.0335917312661499,0.0443864229765013,0.038961038961039,0.0554089709762533,0.0335917312661499,0.0554089709762533,0.038961038961039,0.0443864229765013,0.0362694300518135,0.0471204188481675,0.0443864229765013,0.0498687664041995,0.0554089709762533
"GSM1214895",0.0526315789473684,0.038961038961039,0.0471204188481675,0.0443864229765013,0.0666666666666667,0.0335917312661499,0.0416666666666667,0.0335917312661499,0.0610079575596817,0.0443864229765013,0.0471204188481675,0.0178117048346056,0.0256410256410256,0.0282776349614396,0.0471204188481675,0.0443864229765013,0.0471204188481675,0.0554089709762533,0.0666666666666667,0.0256410256410256,0.0443864229765013,0.0471204188481675,0.0554089709762533,0.0526315789473684,0.0498687664041995,0.0335917312661499,0.0362694300518135,0.0443864229765013,0.0498687664041995,0.0362694300518135,0.038961038961039,0.0309278350515464,0.0335917312661499,0.0309278350515464,0.0362694300518135,0.0582010582010582,0.0309278350515464,0.0471204188481675,0.0610079575596817,0.0362694300518135,0.0256410256410256,0.0416666666666667,0.038961038961039,0.0526315789473684,0.0282776349614396,0.0362694300518135,0.0899182561307902,0.0498687664041995,0.078167115902965,0.0582010582010582,0.0582010582010582,0.0498687664041995,0.0498687664041995,0.0958904109589041,0.0695187165775401,0.0416666666666667,0.0582010582010582,0.0362694300518135,0.0498687664041995,0.0443864229765013,0.0810810810810811,1,0.0869565217391304,0.0256410256410256,0.0582010582010582,0.0443864229765013,0.0443864229765013,0.0416666666666667,0.0362694300518135,0.092896174863388,0.0899182561307902,0.0869565217391304,0.0582010582010582,0.104972375690608,0.0309278350515464,0.0443864229765013,0.0498687664041995,0.0723860589812333,0.0899182561307902,0.0666666666666667,0.0282776349614396,0.0126582278481013,0.0152284263959391,0.0230179028132992,0.0282776349614396,0.0101010101010101,0.0256410256410256,0.0152284263959391,0.0309278350515464,0.0282776349614396,0.0282776349614396,0.0152284263959391,0.0152284263959391,0.0335917312661499,0.0204081632653061,0.0178117048346056,0.0471204188481675,0.0498687664041995,0.0471204188481675,0.038961038961039,0.0256410256410256,0.0554089709762533,0.0204081632653061,0.0204081632653061,0.0204081632653061,0.0204081632653061,0.0230179028132992,0.0178117048346056,0.0204081632653061,0.0230179028132992,0.0230179028132992,0.0204081632653061,0.0204081632653061,0.0282776349614396,0.0230179028132992,0.0526315789473684,0.0723860589812333,0.0526315789473684,0.0582010582010582,0.0471204188481675,0.0610079575596817,0.0638297872340425,0.0752688172043011,0.0526315789473684,0.0582010582010582,0.0498687664041995,0.0610079575596817,0.0554089709762533,0.0610079575596817,0.0498687664041995
"GSM1214896",0.038961038961039,0.038961038961039,0.038961038961039,0.0554089709762533,0.0443864229765013,0.0335917312661499,0.038961038961039,0.038961038961039,0.0526315789473684,0.038961038961039,0.0582010582010582,0.0256410256410256,0.0204081632653061,0.0695187165775401,0.0362694300518135,0.0498687664041995,0.0335917312661499,0.0498687664041995,0.0526315789473684,0.0416666666666667,0.0554089709762533,0.0498687664041995,0.0582010582010582,0.0582010582010582,0.0695187165775401,0.0335917312661499,0.0610079575596817,0.038961038961039,0.0443864229765013,0.0256410256410256,0.0498687664041995,0.038961038961039,0.0282776349614396,0.0471204188481675,0.0582010582010582,0.0498687664041995,0.0443864229765013,0.0309278350515464,0.0498687664041995,0.0498687664041995,0.0362694300518135,0.0582010582010582,0.111111111111111,0.0526315789473684,0.0204081632653061,0.038961038961039,0.0869565217391304,0.11731843575419,0.0899182561307902,0.0582010582010582,0.0554089709762533,0.0526315789473684,0.0958904109589041,0.0840108401084011,0.0610079575596817,0.0723860589812333,0.0526315789473684,0.101928374655647,0.126760563380282,0.104972375690608,0.0989010989010989,0.0869565217391304,1,0.0554089709762533,0.126760563380282,0.126760563380282,0.0443864229765013,0.0309278350515464,0.104972375690608,0.092896174863388,0.0989010989010989,0.0638297872340425,0.111111111111111,0.0989010989010989,0.0309278350515464,0.0309278350515464,0.0471204188481675,0.0899182561307902,0.101928374655647,0.120448179271709,0.0416666666666667,0.0230179028132992,0.0178117048346056,0.0416666666666667,0.0282776349614396,0.0309278350515464,0.0443864229765013,0.0204081632653061,0.038961038961039,0.0362694300518135,0.0230179028132992,0.0309278350515464,0.0256410256410256,0.038961038961039,0.0256410256410256,0.0256410256410256,0.0638297872340425,0.0610079575596817,0.0695187165775401,0.0309278350515464,0.0443864229765013,0.0309278350515464,0.0335917312661499,0.0282776349614396,0.0335917312661499,0.0126582278481013,0.0335917312661499,0.0335917312661499,0.0256410256410256,0.0256410256410256,0.0471204188481675,0.0416666666666667,0.0335917312661499,0.0335917312661499,0.0335917312661499,0.11731843575419,0.092896174863388,0.0869565217391304,0.0840108401084011,0.0869565217391304,0.0840108401084011,0.0810810810810811,0.092896174863388,0.126760563380282,0.11731843575419,0.092896174863388,0.0498687664041995,0.111111111111111,0.0958904109589041,0.123595505617978
"GSM1214897",0.0204081632653061,0.0282776349614396,0.00755667506297229,0.0335917312661499,0.0178117048346056,0.0126582278481013,0.0335917312661499,0.0723860589812333,0.0204081632653061,0.0526315789473684,0.0178117048346056,0.0362694300518135,0.0101010101010101,0.0443864229765013,0.0101010101010101,0.038961038961039,0.0335917312661499,0.0204081632653061,0.0309278350515464,0.0256410256410256,0.0178117048346056,0.0638297872340425,0.0443864229765013,0.0416666666666667,0.0256410256410256,0.0256410256410256,0.0101010101010101,0.0256410256410256,0.0335917312661499,0.0050251256281407,0.0282776349614396,0.038961038961039,0.0204081632653061,0.0335917312661499,0.0309278350515464,0.0178117048346056,0.0256410256410256,0.0204081632653061,0.0152284263959391,0.0256410256410256,0.0178117048346056,0.0416666666666667,0.0335917312661499,0.0282776349614396,0.0126582278481013,0.0101010101010101,0.0582010582010582,0.0178117048346056,0.00755667506297229,0.0178117048346056,0.0178117048346056,0.10803324099723,0.0309278350515464,0.0638297872340425,0.0498687664041995,0.0126582278481013,0.0152284263959391,0.0230179028132992,0.0362694300518135,0.0443864229765013,0.0443864229765013,0.0256410256410256,0.0554089709762533,1,0.0309278350515464,0.0362694300518135,0.0101010101010101,0.0498687664041995,0.0126582278481013,0.0309278350515464,0.0335917312661499,0.0204081632653061,0.0282776349614396,0.0282776349614396,0.0025062656641604,0.0126582278481013,0.0282776349614396,0.0178117048346056,0.0256410256410256,0.0126582278481013,0.0230179028132992,0.0282776349614396,0.0204081632653061,0.0610079575596817,0.0126582278481013,0.0554089709762533,0.0695187165775401,0.0256410256410256,0.0126582278481013,0.0752688172043011,0.0256410256410256,0.0416666666666667,0.0204081632653061,0.0666666666666667,0.0498687664041995,0.038961038961039,0.038961038961039,0.0498687664041995,0.0610079575596817,0.0610079575596817,0.0230179028132992,0.0282776349614396,0.0025062656641604,0,0.0050251256281407,0.0050251256281407,0,0,0,0.0025062656641604,0.0025062656641604,0.0050251256281407,0,0,0,0.0282776349614396,0.0335917312661499,0.0256410256410256,0.0335917312661499,0.0256410256410256,0.0204081632653061,0.0178117048346056,0.0256410256410256,0.0362694300518135,0.0204081632653061,0.038961038961039,0.0204081632653061,0.0309278350515464,0.0282776349614396,0.0282776349614396
"GSM1214898",0.0526315789473684,0.0443864229765013,0.0471204188481675,0.0498687664041995,0.0554089709762533,0.0443864229765013,0.0526315789473684,0.0282776349614396,0.0471204188481675,0.0416666666666667,0.0526315789473684,0.0443864229765013,0.0309278350515464,0.0526315789473684,0.0416666666666667,0.0416666666666667,0.0471204188481675,0.0638297872340425,0.0443864229765013,0.0443864229765013,0.0526315789473684,0.0526315789473684,0.0498687664041995,0.0554089709762533,0.0752688172043011,0.0256410256410256,0.0582010582010582,0.0554089709762533,0.0471204188481675,0.0309278350515464,0.0443864229765013,0.0256410256410256,0.0362694300518135,0.0335917312661499,0.0554089709762533,0.0554089709762533,0.0723860589812333,0.0443864229765013,0.0666666666666667,0.0638297872340425,0.0498687664041995,0.0498687664041995,0.111111111111111,0.0554089709762533,0.0282776349614396,0.038961038961039,0.0695187165775401,0.152737752161383,0.101928374655647,0.0752688172043011,0.0526315789473684,0.0282776349614396,0.13960113960114,0.0443864229765013,0.0282776349614396,0.0638297872340425,0.0666666666666667,0.142857142857143,0.173020527859238,0.13960113960114,0.0554089709762533,0.0582010582010582,0.126760563380282,0.0309278350515464,1,0.261829652996845,0.0610079575596817,0.0471204188481675,0.0582010582010582,0.0810810810810811,0.0610079575596817,0.0526315789473684,0.0554089709762533,0.0958904109589041,0.0582010582010582,0.0666666666666667,0.0638297872340425,0.0695187165775401,0.0840108401084011,0.101928374655647,0.0256410256410256,0.0178117048346056,0.0309278350515464,0.0282776349614396,0.0178117048346056,0.0256410256410256,0.038961038961039,0.0152284263959391,0.0416666666666667,0.038961038961039,0.0416666666666667,0.0204081632653061,0.0309278350515464,0.0498687664041995,0.0362694300518135,0.0178117048346056,0.0582010582010582,0.0554089709762533,0.0471204188481675,0.0362694300518135,0.0526315789473684,0.0869565217391304,0.0362694300518135,0.0309278350515464,0.0554089709762533,0.0309278350515464,0.0471204188481675,0.0471204188481675,0.0443864229765013,0.0443864229765013,0.038961038961039,0.0362694300518135,0.0498687664041995,0.0443864229765013,0.0416666666666667,0.120448179271709,0.0840108401084011,0.101928374655647,0.0638297872340425,0.0899182561307902,0.092896174863388,0.0526315789473684,0.0899182561307902,0.13960113960114,0.10803324099723,0.0810810810810811,0.0666666666666667,0.120448179271709,0.129943502824859,0.114206128133705
"GSM1214899",0.0526315789473684,0.0498687664041995,0.0282776349614396,0.0638297872340425,0.0526315789473684,0.0335917312661499,0.0362694300518135,0.0282776349614396,0.0443864229765013,0.0471204188481675,0.0498687664041995,0.0335917312661499,0.0282776349614396,0.0526315789473684,0.0471204188481675,0.0610079575596817,0.0362694300518135,0.0471204188481675,0.0554089709762533,0.0498687664041995,0.0582010582010582,0.0554089709762533,0.0498687664041995,0.0723860589812333,0.078167115902965,0.0230179028132992,0.0723860589812333,0.0498687664041995,0.0471204188481675,0.0309278350515464,0.0498687664041995,0.0362694300518135,0.038961038961039,0.0498687664041995,0.0554089709762533,0.0638297872340425,0.0498687664041995,0.0362694300518135,0.0554089709762533,0.0582010582010582,0.0666666666666667,0.0666666666666667,0.146131805157593,0.0526315789473684,0.0309278350515464,0.0471204188481675,0.0526315789473684,0.208459214501511,0.101928374655647,0.104972375690608,0.0498687664041995,0.0230179028132992,0.142857142857143,0.0471204188481675,0.0498687664041995,0.0582010582010582,0.0958904109589041,0.169590643274854,0.246105919003115,0.152737752161383,0.0498687664041995,0.0443864229765013,0.126760563380282,0.0362694300518135,0.261829652996845,1,0.0554089709762533,0.0309278350515464,0.078167115902965,0.0840108401084011,0.0526315789473684,0.038961038961039,0.0335917312661499,0.0554089709762533,0.0362694300518135,0.0471204188481675,0.0416666666666667,0.0443864229765013,0.0666666666666667,0.078167115902965,0.0335917312661499,0.0230179028132992,0.0309278350515464,0.0178117048346056,0.0256410256410256,0.0230179028132992,0.0309278350515464,0.0335917312661499,0.0335917312661499,0.0498687664041995,0.0204081632653061,0.0256410256410256,0.0309278350515464,0.038961038961039,0.0471204188481675,0.0362694300518135,0.0443864229765013,0.038961038961039,0.0526315789473684,0.0309278350515464,0.0582010582010582,0.0554089709762533,0.038961038961039,0.0256410256410256,0.0204081632653061,0.00755667506297229,0.0362694300518135,0.0498687664041995,0.0498687664041995,0.0152284263959391,0.0443864229765013,0.0230179028132992,0.0362694300518135,0.0362694300518135,0.0416666666666667,0.129943502824859,0.092896174863388,0.10803324099723,0.078167115902965,0.114206128133705,0.101928374655647,0.0554089709762533,0.101928374655647,0.13960113960114,0.10803324099723,0.078167115902965,0.0554089709762533,0.126760563380282,0.11731843575419,0.123595505617978
"GSM1214900",0.0526315789473684,0.0309278350515464,0.0526315789473684,0.0526315789473684,0.0554089709762533,0.0471204188481675,0.0362694300518135,0.0282776349614396,0.0362694300518135,0.0282776349614396,0.0443864229765013,0.0309278350515464,0.0416666666666667,0.0282776349614396,0.0443864229765013,0.0256410256410256,0.0335917312661499,0.0582010582010582,0.0554089709762533,0.0471204188481675,0.0582010582010582,0.0362694300518135,0.0335917312661499,0.0335917312661499,0.0498687664041995,0.0335917312661499,0.0554089709762533,0.038961038961039,0.0443864229765013,0.038961038961039,0.038961038961039,0.0282776349614396,0.0416666666666667,0.0152284263959391,0.0471204188481675,0.0471204188481675,0.0362694300518135,0.0610079575596817,0.0752688172043011,0.0362694300518135,0.0443864229765013,0.0335917312661499,0.0610079575596817,0.0416666666666667,0.0362694300518135,0.0362694300518135,0.0416666666666667,0.0582010582010582,0.0498687664041995,0.0752688172043011,0.0899182561307902,0.0335917312661499,0.0610079575596817,0.0810810810810811,0.0362694300518135,0.0610079575596817,0.0610079575596817,0.0443864229765013,0.0666666666666667,0.0443864229765013,0.038961038961039,0.0443864229765013,0.0443864229765013,0.0101010101010101,0.0610079575596817,0.0554089709762533,1,0.078167115902965,0.0498687664041995,0.10803324099723,0.101928374655647,0.078167115902965,0.092896174863388,0.0958904109589041,0.0723860589812333,0.0666666666666667,0.0554089709762533,0.0752688172043011,0.120448179271709,0.0752688172043011,0.0126582278481013,0.0256410256410256,0.0335917312661499,0.0126582278481013,0.0362694300518135,0.0256410256410256,0.038961038961039,0.0230179028132992,0.0443864229765013,0.0362694300518135,0.0309278350515464,0.0335917312661499,0.0362694300518135,0.0282776349614396,0.0178117048346056,0.0152284263959391,0.0335917312661499,0.0256410256410256,0.0335917312661499,0.0178117048346056,0.0416666666666667,0.0443864229765013,0.0471204188481675,0.078167115902965,0.0582010582010582,0.038961038961039,0.0752688172043011,0.0723860589812333,0.0695187165775401,0.0554089709762533,0.0582010582010582,0.0899182561307902,0.0810810810810811,0.092896174863388,0.078167115902965,0.0610079575596817,0.0443864229765013,0.078167115902965,0.0554089709762533,0.0554089709762533,0.0582010582010582,0.0554089709762533,0.0554089709762533,0.0526315789473684,0.078167115902965,0.0666666666666667,0.0638297872340425,0.0610079575596817,0.0582010582010582,0.0695187165775401
"GSM1214901",0.0230179028132992,0.0204081632653061,0.0230179028132992,0.038961038961039,0.0471204188481675,0.0178117048346056,0.0282776349614396,0.0230179028132992,0.0443864229765013,0.0443864229765013,0.0471204188481675,0.0152284263959391,0.0256410256410256,0.0230179028132992,0.0362694300518135,0.0204081632653061,0.0152284263959391,0.0498687664041995,0.0416666666666667,0.0126582278481013,0.0610079575596817,0.0309278350515464,0.0256410256410256,0.0335917312661499,0.0362694300518135,0.0282776349614396,0.0309278350515464,0.0230179028132992,0.0443864229765013,0.0178117048346056,0.0204081632653061,0.0256410256410256,0.0178117048346056,0.0152284263959391,0.0498687664041995,0.0282776349614396,0.0309278350515464,0.0498687664041995,0.0554089709762533,0.0335917312661499,0.038961038961039,0.0723860589812333,0.0362694300518135,0.0230179028132992,0.0178117048346056,0.0256410256410256,0.0443864229765013,0.0471204188481675,0.0416666666666667,0.0752688172043011,0.0554089709762533,0.0309278350515464,0.0498687664041995,0.0610079575596817,0.0256410256410256,0.0362694300518135,0.0498687664041995,0.0309278350515464,0.038961038961039,0.0282776349614396,0.0256410256410256,0.0416666666666667,0.0309278350515464,0.0498687664041995,0.0471204188481675,0.0309278350515464,0.078167115902965,1,0.0256410256410256,0.0471204188481675,0.0723860589812333,0.0443864229765013,0.0695187165775401,0.0958904109589041,0.0989010989010989,0.13960113960114,0.0695187165775401,0.0362694300518135,0.0554089709762533,0.0471204188481675,0.0126582278481013,0.0050251256281407,0.0152284263959391,0.0152284263959391,0.0126582278481013,0.0050251256281407,0.0309278350515464,0.0050251256281407,0.0256410256410256,0.0230179028132992,0.0152284263959391,0.00755667506297229,0.0126582278481013,0.0204081632653061,0.00755667506297229,0.0050251256281407,0.0230179028132992,0.0230179028132992,0.0309278350515464,0.0178117048346056,0.0050251256281407,0.0282776349614396,0.0204081632653061,0.0204081632653061,0.11731843575419,0.0666666666666667,0.0335917312661499,0.0152284263959391,0.0204081632653061,0.092896174863388,0.0256410256410256,0.0230179028132992,0.0416666666666667,0.0362694300518135,0.0309278350515464,0.038961038961039,0.11731843575419,0.0610079575596817,0.0695187165775401,0.0638297872340425,0.0638297872340425,0.0752688172043011,0.0610079575596817,0.0610079575596817,0.0840108401084011,0.0526315789473684,0.0526315789473684,0.0554089709762533,0.0582010582010582,0.0471204188481675
"GSM1214902",0.0335917312661499,0.0309278350515464,0.0282776349614396,0.0309278350515464,0.0335917312661499,0.0256410256410256,0.0256410256410256,0.0152284263959391,0.0443864229765013,0.0335917312661499,0.0256410256410256,0.0204081632653061,0.0230179028132992,0.0335917312661499,0.0230179028132992,0.0126582278481013,0.0256410256410256,0.0256410256410256,0.038961038961039,0.0126582278481013,0.0309278350515464,0.0256410256410256,0.0204081632653061,0.0335917312661499,0.038961038961039,0.0178117048346056,0.038961038961039,0.0230179028132992,0.0309278350515464,0.0152284263959391,0.0230179028132992,0.0256410256410256,0.038961038961039,0.0230179028132992,0.0256410256410256,0.0309278350515464,0.0256410256410256,0.038961038961039,0.038961038961039,0.0256410256410256,0.0282776349614396,0.0335917312661499,0.0638297872340425,0.0204081632653061,0.00755667506297229,0.0178117048346056,0.0443864229765013,0.078167115902965,0.0526315789473684,0.0230179028132992,0.0256410256410256,0.0230179028132992,0.0443864229765013,0.0526315789473684,0.0471204188481675,0.078167115902965,0.0416666666666667,0.101928374655647,0.0752688172043011,0.0695187165775401,0.0695187165775401,0.0362694300518135,0.104972375690608,0.0126582278481013,0.0582010582010582,0.078167115902965,0.0498687664041995,0.0256410256410256,1,0.0582010582010582,0.0471204188481675,0.0256410256410256,0.0335917312661499,0.0282776349614396,0.0152284263959391,0.0152284263959391,0.0282776349614396,0.0362694300518135,0.038961038961039,0.0526315789473684,0.0309278350515464,0.0282776349614396,0.0362694300518135,0.0498687664041995,0.0309278350515464,0.0101010101010101,0.0309278350515464,0.0309278350515464,0.0335917312661499,0.0416666666666667,0.038961038961039,0.0362694300518135,0.0335917312661499,0.0362694300518135,0.0256410256410256,0.0178117048346056,0.0416666666666667,0.038961038961039,0.0362694300518135,0.0309278350515464,0.0443864229765013,0.0282776349614396,0.0256410256410256,0.0256410256410256,0.0256410256410256,0.0152284263959391,0.0178117048346056,0.0178117048346056,0.0230179028132992,0.0230179028132992,0.0152284263959391,0.0152284263959391,0.0152284263959391,0.0204081632653061,0.0256410256410256,0.0752688172043011,0.0498687664041995,0.0498687664041995,0.0471204188481675,0.0840108401084011,0.0526315789473684,0.0362694300518135,0.0498687664041995,0.078167115902965,0.0666666666666667,0.0498687664041995,0.0309278350515464,0.0582010582010582,0.0471204188481675,0.0666666666666667
"GSM1214903",0.0554089709762533,0.0610079575596817,0.0610079575596817,0.0498687664041995,0.0554089709762533,0.0416666666666667,0.0309278350515464,0.0443864229765013,0.0526315789473684,0.038961038961039,0.0498687664041995,0.0309278350515464,0.038961038961039,0.0498687664041995,0.0498687664041995,0.0526315789473684,0.0471204188481675,0.0638297872340425,0.0610079575596817,0.0309278350515464,0.0498687664041995,0.0554089709762533,0.0666666666666667,0.0554089709762533,0.0723860589812333,0.0443864229765013,0.0666666666666667,0.0526315789473684,0.0471204188481675,0.0416666666666667,0.0471204188481675,0.0443864229765013,0.0309278350515464,0.0471204188481675,0.0638297872340425,0.0723860589812333,0.0582010582010582,0.0416666666666667,0.0582010582010582,0.0498687664041995,0.0498687664041995,0.0526315789473684,0.114206128133705,0.0666666666666667,0.0443864229765013,0.038961038961039,0.0695187165775401,0.0810810810810811,0.0810810810810811,0.0989010989010989,0.0638297872340425,0.0256410256410256,0.092896174863388,0.038961038961039,0.0498687664041995,0.0695187165775401,0.0810810810810811,0.078167115902965,0.10803324099723,0.0989010989010989,0.0840108401084011,0.092896174863388,0.092896174863388,0.0309278350515464,0.0810810810810811,0.0840108401084011,0.10803324099723,0.0471204188481675,0.0582010582010582,1,0.0958904109589041,0.10803324099723,0.123595505617978,0.092896174863388,0.0335917312661499,0.0582010582010582,0.0638297872340425,0.092896174863388,0.166180758017493,0.0840108401084011,0.0178117048346056,0.00755667506297229,0.0204081632653061,0.0256410256410256,0.0309278350515464,0.0230179028132992,0.0362694300518135,0.0101010101010101,0.0362694300518135,0.0256410256410256,0.0498687664041995,0.0362694300518135,0.0230179028132992,0.0610079575596817,0.0256410256410256,0.0309278350515464,0.0362694300518135,0.0471204188481675,0.0416666666666667,0.0335917312661499,0.0416666666666667,0.0723860589812333,0.0204081632653061,0.0335917312661499,0.0309278350515464,0.0101010101010101,0.0282776349614396,0.0309278350515464,0.0204081632653061,0.0309278350515464,0.0362694300518135,0.0178117048346056,0.038961038961039,0.038961038961039,0.0204081632653061,0.104972375690608,0.0869565217391304,0.0989010989010989,0.0752688172043011,0.0695187165775401,0.101928374655647,0.0554089709762533,0.0958904109589041,0.0958904109589041,0.126760563380282,0.0723860589812333,0.0526315789473684,0.101928374655647,0.0840108401084011,0.10803324099723
"GSM1214904",0.0498687664041995,0.0443864229765013,0.0752688172043011,0.0610079575596817,0.0554089709762533,0.038961038961039,0.0582010582010582,0.0416666666666667,0.0840108401084011,0.0840108401084011,0.0666666666666667,0.0471204188481675,0.0178117048346056,0.0471204188481675,0.0638297872340425,0.0335917312661499,0.0471204188481675,0.0416666666666667,0.0638297872340425,0.0416666666666667,0.0958904109589041,0.0362694300518135,0.0695187165775401,0.0610079575596817,0.0554089709762533,0.0471204188481675,0.0498687664041995,0.0335917312661499,0.0695187165775401,0.0443864229765013,0.0498687664041995,0.0230179028132992,0.0282776349614396,0.0471204188481675,0.0443864229765013,0.0695187165775401,0.0582010582010582,0.0582010582010582,0.0810810810810811,0.0840108401084011,0.038961038961039,0.0989010989010989,0.0723860589812333,0.0582010582010582,0.0362694300518135,0.0416666666666667,0.111111111111111,0.0443864229765013,0.078167115902965,0.0752688172043011,0.104972375690608,0.0666666666666667,0.0695187165775401,0.0899182561307902,0.0582010582010582,0.0666666666666667,0.0443864229765013,0.0498687664041995,0.0810810810810811,0.0362694300518135,0.0610079575596817,0.0899182561307902,0.0989010989010989,0.0335917312661499,0.0610079575596817,0.0526315789473684,0.101928374655647,0.0723860589812333,0.0471204188481675,0.0958904109589041,1,0.092896174863388,0.146131805157593,0.219512195121951,0.0416666666666667,0.0582010582010582,0.123595505617978,0.169590643274854,0.183431952662722,0.104972375690608,0.0335917312661499,0.0101010101010101,0.0178117048346056,0.0230179028132992,0.0230179028132992,0.0309278350515464,0.0282776349614396,0.0126582278481013,0.0309278350515464,0.0362694300518135,0.0204081632653061,0.0256410256410256,0.0335917312661499,0.0309278350515464,0.0256410256410256,0.0204081632653061,0.0362694300518135,0.0443864229765013,0.038961038961039,0.0204081632653061,0.0362694300518135,0.0638297872340425,0.0256410256410256,0.0204081632653061,0.0309278350515464,0.0050251256281407,0.038961038961039,0.0282776349614396,0.0282776349614396,0.0256410256410256,0.0256410256410256,0.0309278350515464,0.0362694300518135,0.0362694300518135,0.0309278350515464,0.0869565217391304,0.078167115902965,0.0638297872340425,0.0638297872340425,0.0638297872340425,0.0752688172043011,0.0666666666666667,0.092896174863388,0.0554089709762533,0.0840108401084011,0.0638297872340425,0.0610079575596817,0.0723860589812333,0.078167115902965,0.101928374655647
"GSM1214905",0.0230179028132992,0.038961038961039,0.0443864229765013,0.0526315789473684,0.0443864229765013,0.0309278350515464,0.0526315789473684,0.038961038961039,0.0498687664041995,0.0362694300518135,0.0554089709762533,0.0230179028132992,0.0416666666666667,0.0416666666666667,0.0335917312661499,0.0362694300518135,0.0582010582010582,0.0554089709762533,0.0554089709762533,0.0335917312661499,0.0554089709762533,0.038961038961039,0.0554089709762533,0.0362694300518135,0.0610079575596817,0.0416666666666667,0.0610079575596817,0.0282776349614396,0.0443864229765013,0.0443864229765013,0.0416666666666667,0.0230179028132992,0.0178117048346056,0.0309278350515464,0.0526315789473684,0.0582010582010582,0.038961038961039,0.0638297872340425,0.0695187165775401,0.0443864229765013,0.0471204188481675,0.0256410256410256,0.0416666666666667,0.0666666666666667,0.0335917312661499,0.0362694300518135,0.0498687664041995,0.0309278350515464,0.0582010582010582,0.078167115902965,0.0498687664041995,0.0282776349614396,0.0526315789473684,0.0335917312661499,0.0362694300518135,0.0526315789473684,0.0443864229765013,0.038961038961039,0.0416666666666667,0.038961038961039,0.0554089709762533,0.0869565217391304,0.0638297872340425,0.0204081632653061,0.0526315789473684,0.038961038961039,0.078167115902965,0.0443864229765013,0.0256410256410256,0.10803324099723,0.092896174863388,1,0.11731843575419,0.0899182561307902,0.0362694300518135,0.0443864229765013,0.0638297872340425,0.11731843575419,0.13314447592068,0.0666666666666667,0.0416666666666667,0.0230179028132992,0.0256410256410256,0.0554089709762533,0.0335917312661499,0.0256410256410256,0.0610079575596817,0.0309278350515464,0.0362694300518135,0.0178117048346056,0.0638297872340425,0.0362694300518135,0.0335917312661499,0.0582010582010582,0.0309278350515464,0.0256410256410256,0.0610079575596817,0.0582010582010582,0.0638297872340425,0.0554089709762533,0.0335917312661499,0.0899182561307902,0.0335917312661499,0.0204081632653061,0.038961038961039,0.0152284263959391,0.0282776349614396,0.0335917312661499,0.0256410256410256,0.0362694300518135,0.038961038961039,0.0230179028132992,0.0335917312661499,0.0335917312661499,0.0204081632653061,0.0526315789473684,0.0471204188481675,0.0582010582010582,0.0471204188481675,0.0498687664041995,0.0443864229765013,0.0443864229765013,0.0610079575596817,0.0471204188481675,0.0610079575596817,0.0526315789473684,0.0498687664041995,0.0582010582010582,0.0416666666666667,0.0723860589812333
"GSM1214906",0.0335917312661499,0.0498687664041995,0.0498687664041995,0.0666666666666667,0.0695187165775401,0.0335917312661499,0.0498687664041995,0.0471204188481675,0.0695187165775401,0.0582010582010582,0.0416666666666667,0.0362694300518135,0.0443864229765013,0.0443864229765013,0.0610079575596817,0.0443864229765013,0.0666666666666667,0.0471204188481675,0.0638297872340425,0.0526315789473684,0.0638297872340425,0.0443864229765013,0.0752688172043011,0.0471204188481675,0.0526315789473684,0.0362694300518135,0.0471204188481675,0.0416666666666667,0.0443864229765013,0.0443864229765013,0.0362694300518135,0.0362694300518135,0.0282776349614396,0.0309278350515464,0.0582010582010582,0.0471204188481675,0.038961038961039,0.0582010582010582,0.0810810810810811,0.0471204188481675,0.0582010582010582,0.0695187165775401,0.0666666666666667,0.0498687664041995,0.0309278350515464,0.0178117048346056,0.111111111111111,0.0443864229765013,0.0752688172043011,0.092896174863388,0.078167115902965,0.0443864229765013,0.0498687664041995,0.0899182561307902,0.0471204188481675,0.0638297872340425,0.0471204188481675,0.0526315789473684,0.0695187165775401,0.0526315789473684,0.0610079575596817,0.0582010582010582,0.111111111111111,0.0282776349614396,0.0554089709762533,0.0335917312661499,0.092896174863388,0.0695187165775401,0.0335917312661499,0.123595505617978,0.146131805157593,0.11731843575419,1,0.136363636363636,0.0362694300518135,0.0638297872340425,0.0723860589812333,0.197604790419162,0.169590643274854,0.0899182561307902,0.0256410256410256,0.0230179028132992,0.0178117048346056,0.0230179028132992,0.0282776349614396,0.00755667506297229,0.0204081632653061,0.0101010101010101,0.0471204188481675,0.0230179028132992,0.0256410256410256,0.0282776349614396,0.0256410256410256,0.0309278350515464,0.0230179028132992,0.0152284263959391,0.0230179028132992,0.0204081632653061,0.0256410256410256,0.0178117048346056,0.0256410256410256,0.0362694300518135,0.0309278350515464,0.038961038961039,0.0256410256410256,0.0050251256281407,0.0230179028132992,0.0309278350515464,0.0230179028132992,0.0309278350515464,0.0282776349614396,0.0282776349614396,0.0256410256410256,0.0230179028132992,0.0256410256410256,0.0899182561307902,0.0723860589812333,0.0810810810810811,0.0666666666666667,0.0666666666666667,0.0810810810810811,0.0752688172043011,0.0695187165775401,0.0638297872340425,0.104972375690608,0.0582010582010582,0.0869565217391304,0.0752688172043011,0.0810810810810811,0.101928374655647
"GSM1214907",0.0526315789473684,0.0443864229765013,0.0840108401084011,0.0666666666666667,0.0958904109589041,0.0498687664041995,0.0471204188481675,0.0526315789473684,0.111111111111111,0.0723860589812333,0.0810810810810811,0.0498687664041995,0.0443864229765013,0.0554089709762533,0.078167115902965,0.0416666666666667,0.0526315789473684,0.0695187165775401,0.0899182561307902,0.0526315789473684,0.0869565217391304,0.0443864229765013,0.0666666666666667,0.0666666666666667,0.0869565217391304,0.0526315789473684,0.0582010582010582,0.0416666666666667,0.0869565217391304,0.0582010582010582,0.0471204188481675,0.0443864229765013,0.0471204188481675,0.0362694300518135,0.0695187165775401,0.0582010582010582,0.0752688172043011,0.0752688172043011,0.092896174863388,0.092896174863388,0.0554089709762533,0.0810810810810811,0.078167115902965,0.0526315789473684,0.0416666666666667,0.0471204188481675,0.159420289855072,0.0638297872340425,0.078167115902965,0.0899182561307902,0.123595505617978,0.0899182561307902,0.0752688172043011,0.136363636363636,0.0498687664041995,0.0471204188481675,0.0582010582010582,0.0416666666666667,0.0638297872340425,0.0362694300518135,0.0526315789473684,0.104972375690608,0.0989010989010989,0.0282776349614396,0.0958904109589041,0.0554089709762533,0.0958904109589041,0.0958904109589041,0.0282776349614396,0.092896174863388,0.219512195121951,0.0899182561307902,0.136363636363636,1,0.0610079575596817,0.104972375690608,0.11731843575419,0.179941002949853,0.197604790419162,0.15606936416185,0.0282776349614396,0.0126582278481013,0.0230179028132992,0.0204081632653061,0.0230179028132992,0.0282776349614396,0.0362694300518135,0.0152284263959391,0.0362694300518135,0.0335917312661499,0.0309278350515464,0.0309278350515464,0.0282776349614396,0.0471204188481675,0.0204081632653061,0.0126582278481013,0.038961038961039,0.0362694300518135,0.0526315789473684,0.0335917312661499,0.0471204188481675,0.0752688172043011,0.0416666666666667,0.0335917312661499,0.038961038961039,0.0230179028132992,0.0554089709762533,0.0443864229765013,0.0335917312661499,0.0498687664041995,0.038961038961039,0.0362694300518135,0.0526315789473684,0.0526315789473684,0.0526315789473684,0.0840108401084011,0.104972375690608,0.0810810810810811,0.0810810810810811,0.0695187165775401,0.0752688172043011,0.0666666666666667,0.142857142857143,0.0810810810810811,0.0958904109589041,0.104972375690608,0.0840108401084011,0.101928374655647,0.0958904109589041,0.101928374655647
"GSM1214908",0.0204081632653061,0.0204081632653061,0.038961038961039,0.0256410256410256,0.0362694300518135,0.0152284263959391,0.038961038961039,0.0101010101010101,0.0498687664041995,0.038961038961039,0.0869565217391304,0.0126582278481013,0.0178117048346056,0.0152284263959391,0.0443864229765013,0.0178117048346056,0.0178117048346056,0.0666666666666667,0.0471204188481675,0.0178117048346056,0.0309278350515464,0.0204081632653061,0.0335917312661499,0.0204081632653061,0.0416666666666667,0.0256410256410256,0.0362694300518135,0.0152284263959391,0.0230179028132992,0.0230179028132992,0.0178117048346056,0.0126582278481013,0.0101010101010101,0.0178117048346056,0.0230179028132992,0.0204081632653061,0.0204081632653061,0.0554089709762533,0.0471204188481675,0.0335917312661499,0.038961038961039,0.0282776349614396,0.0282776349614396,0.0230179028132992,0.0178117048346056,0.0471204188481675,0.0101010101010101,0.038961038961039,0.0362694300518135,0.0471204188481675,0.078167115902965,0.00755667506297229,0.0256410256410256,0.0178117048346056,0.0282776349614396,0.038961038961039,0.0610079575596817,0.0335917312661499,0.0204081632653061,0.0152284263959391,0.0230179028132992,0.0309278350515464,0.0309278350515464,0.0025062656641604,0.0582010582010582,0.0362694300518135,0.0723860589812333,0.0989010989010989,0.0152284263959391,0.0335917312661499,0.0416666666666667,0.0362694300518135,0.0362694300518135,0.0610079575596817,1,0.21580547112462,0.038961038961039,0.0362694300518135,0.0416666666666667,0.0256410256410256,0.0152284263959391,0.0256410256410256,0.038961038961039,0.0152284263959391,0.0443864229765013,0.0178117048346056,0.0309278350515464,0.0416666666666667,0.038961038961039,0.0230179028132992,0.0256410256410256,0.00755667506297229,0.0416666666666667,0.0204081632653061,0.0178117048346056,0.0152284263959391,0.0256410256410256,0.0256410256410256,0.0362694300518135,0.0230179028132992,0.0416666666666667,0.0230179028132992,0.123595505617978,0.226993865030675,0.223241590214067,0.120448179271709,0.393728222996516,0.286173633440514,0.32013201320132,0.204819277108434,0.15606936416185,0.234567901234568,0.346801346801347,0.393728222996516,0.286173633440514,0.0256410256410256,0.10803324099723,0.0362694300518135,0.0443864229765013,0.0256410256410256,0.092896174863388,0.038961038961039,0.0498687664041995,0.0638297872340425,0.0471204188481675,0.0471204188481675,0.0471204188481675,0.0666666666666667,0.0989010989010989,0.038961038961039
"GSM1214909",0.0554089709762533,0.0362694300518135,0.0443864229765013,0.0526315789473684,0.0723860589812333,0.0582010582010582,0.0498687664041995,0.0335917312661499,0.0638297872340425,0.0582010582010582,0.0695187165775401,0.0152284263959391,0.0526315789473684,0.0309278350515464,0.0695187165775401,0.0498687664041995,0.0471204188481675,0.0638297872340425,0.0840108401084011,0.0526315789473684,0.0610079575596817,0.0723860589812333,0.0498687664041995,0.0638297872340425,0.0526315789473684,0.0554089709762533,0.0666666666666667,0.0526315789473684,0.0498687664041995,0.0471204188481675,0.0471204188481675,0.038961038961039,0.0471204188481675,0.0498687664041995,0.0666666666666667,0.0554089709762533,0.0282776349614396,0.0869565217391304,0.092896174863388,0.0582010582010582,0.0335917312661499,0.0840108401084011,0.0498687664041995,0.0554089709762533,0.0443864229765013,0.0498687664041995,0.0282776349614396,0.0526315789473684,0.0526315789473684,0.0958904109589041,0.101928374655647,0.0178117048346056,0.0638297872340425,0.0443864229765013,0.0178117048346056,0.0335917312661499,0.0610079575596817,0.0443864229765013,0.0471204188481675,0.0204081632653061,0.0230179028132992,0.0443864229765013,0.0309278350515464,0.0126582278481013,0.0666666666666667,0.0471204188481675,0.0666666666666667,0.13960113960114,0.0152284263959391,0.0582010582010582,0.0582010582010582,0.0443864229765013,0.0638297872340425,0.104972375690608,0.21580547112462,1,0.0666666666666667,0.0723860589812333,0.078167115902965,0.0526315789473684,0.0256410256410256,0.0126582278481013,0.0256410256410256,0.0152284263959391,0.0230179028132992,0.0204081632653061,0.0282776349614396,0.0152284263959391,0.0282776349614396,0.0178117048346056,0.0204081632653061,0.0126582278481013,0.0309278350515464,0.0230179028132992,0.0230179028132992,0.0230179028132992,0.0256410256410256,0.0256410256410256,0.0256410256410256,0.0309278350515464,0.0282776349614396,0.0443864229765013,0.0362694300518135,0.0554089709762533,0.13960113960114,0.0752688172043011,0.101928374655647,0.0723860589812333,0.0840108401084011,0.0899182561307902,0.0526315789473684,0.0723860589812333,0.0958904109589041,0.092896174863388,0.0958904109589041,0.0610079575596817,0.078167115902965,0.0610079575596817,0.0610079575596817,0.0638297872340425,0.0666666666666667,0.0810810810810811,0.0840108401084011,0.0810810810810811,0.0869565217391304,0.0638297872340425,0.0498687664041995,0.0899182561307902,0.078167115902965,0.0526315789473684
"GSM1214910",0.0471204188481675,0.038961038961039,0.0810810810810811,0.0335917312661499,0.0638297872340425,0.038961038961039,0.0416666666666667,0.0498687664041995,0.111111111111111,0.10803324099723,0.0498687664041995,0.0282776349614396,0.0416666666666667,0.0126582278481013,0.0582010582010582,0.0282776349614396,0.0335917312661499,0.0443864229765013,0.0638297872340425,0.0362694300518135,0.104972375690608,0.0282776349614396,0.0335917312661499,0.0582010582010582,0.0899182561307902,0.0443864229765013,0.0443864229765013,0.0471204188481675,0.078167115902965,0.0471204188481675,0.0335917312661499,0.0282776349614396,0.0416666666666667,0.0282776349614396,0.0638297872340425,0.0638297872340425,0.0443864229765013,0.0752688172043011,0.0695187165775401,0.0899182561307902,0.0335917312661499,0.0752688172043011,0.0554089709762533,0.0443864229765013,0.038961038961039,0.0335917312661499,0.0840108401084011,0.0362694300518135,0.0554089709762533,0.0695187165775401,0.0638297872340425,0.0335917312661499,0.0666666666666667,0.0695187165775401,0.0335917312661499,0.0362694300518135,0.0471204188481675,0.0443864229765013,0.0498687664041995,0.0309278350515464,0.0335917312661499,0.0498687664041995,0.0471204188481675,0.0282776349614396,0.0638297872340425,0.0416666666666667,0.0554089709762533,0.0695187165775401,0.0282776349614396,0.0638297872340425,0.123595505617978,0.0638297872340425,0.0723860589812333,0.11731843575419,0.038961038961039,0.0666666666666667,1,0.13960113960114,0.0666666666666667,0.0526315789473684,0.0178117048346056,0.0101010101010101,0.0152284263959391,0.0101010101010101,0.0204081632653061,0.0126582278481013,0.0309278350515464,0.0126582278481013,0.0256410256410256,0.0256410256410256,0.0126582278481013,0.0204081632653061,0.0230179028132992,0.0256410256410256,0.0256410256410256,0.0152284263959391,0.0230179028132992,0.0230179028132992,0.0335917312661499,0.0230179028132992,0.0178117048346056,0.0526315789473684,0.0230179028132992,0.0256410256410256,0.0362694300518135,0.0152284263959391,0.038961038961039,0.0309278350515464,0.038961038961039,0.0230179028132992,0.0309278350515464,0.0204081632653061,0.0416666666666667,0.0471204188481675,0.0282776349614396,0.0638297872340425,0.0554089709762533,0.0498687664041995,0.0471204188481675,0.0416666666666667,0.0335917312661499,0.0554089709762533,0.0752688172043011,0.0443864229765013,0.0554089709762533,0.0443864229765013,0.078167115902965,0.0638297872340425,0.038961038961039,0.0989010989010989
"GSM1214911",0.0416666666666667,0.0443864229765013,0.0869565217391304,0.0526315789473684,0.0810810810810811,0.038961038961039,0.0582010582010582,0.0610079575596817,0.0989010989010989,0.104972375690608,0.038961038961039,0.0443864229765013,0.0362694300518135,0.0582010582010582,0.0471204188481675,0.0471204188481675,0.0723860589812333,0.0362694300518135,0.0554089709762533,0.0498687664041995,0.0810810810810811,0.0471204188481675,0.0869565217391304,0.0471204188481675,0.0666666666666667,0.0362694300518135,0.0498687664041995,0.0309278350515464,0.0695187165775401,0.0362694300518135,0.0443864229765013,0.0526315789473684,0.0178117048346056,0.0416666666666667,0.0526315789473684,0.0752688172043011,0.0416666666666667,0.0638297872340425,0.0666666666666667,0.078167115902965,0.038961038961039,0.0810810810810811,0.0471204188481675,0.0723860589812333,0.0309278350515464,0.0230179028132992,0.13314447592068,0.0335917312661499,0.0610079575596817,0.0695187165775401,0.0752688172043011,0.0610079575596817,0.0610079575596817,0.10803324099723,0.0526315789473684,0.0695187165775401,0.0443864229765013,0.0526315789473684,0.0666666666666667,0.0471204188481675,0.0554089709762533,0.0723860589812333,0.0899182561307902,0.0178117048346056,0.0695187165775401,0.0443864229765013,0.0752688172043011,0.0362694300518135,0.0362694300518135,0.092896174863388,0.169590643274854,0.11731843575419,0.197604790419162,0.179941002949853,0.0362694300518135,0.0723860589812333,0.13960113960114,1,0.15606936416185,0.0989010989010989,0.0230179028132992,0.0101010101010101,0.0025062656641604,0.0204081632653061,0.0126582278481013,0.0282776349614396,0.0256410256410256,0.0101010101010101,0.0335917312661499,0.0230179028132992,0.0126582278481013,0.0335917312661499,0.0335917312661499,0.0362694300518135,0.0309278350515464,0.0152284263959391,0.0282776349614396,0.0230179028132992,0.0282776349614396,0.0178117048346056,0.0204081632653061,0.0526315789473684,0.0282776349614396,0.0256410256410256,0.0335917312661499,0.00755667506297229,0.0256410256410256,0.0282776349614396,0.0256410256410256,0.0204081632653061,0.0282776349614396,0.0204081632653061,0.0309278350515464,0.0309278350515464,0.0230179028132992,0.078167115902965,0.0695187165775401,0.0638297872340425,0.0666666666666667,0.0638297872340425,0.0638297872340425,0.0471204188481675,0.0638297872340425,0.0666666666666667,0.0840108401084011,0.0638297872340425,0.078167115902965,0.0695187165775401,0.0666666666666667,0.092896174863388
"GSM1214912",0.0582010582010582,0.0695187165775401,0.0416666666666667,0.0810810810810811,0.0869565217391304,0.0416666666666667,0.0582010582010582,0.0498687664041995,0.0498687664041995,0.038961038961039,0.0526315789473684,0.0443864229765013,0.0416666666666667,0.0498687664041995,0.0582010582010582,0.0526315789473684,0.0498687664041995,0.0443864229765013,0.078167115902965,0.0526315789473684,0.0471204188481675,0.0582010582010582,0.0526315789473684,0.0582010582010582,0.0554089709762533,0.0526315789473684,0.078167115902965,0.0416666666666667,0.0498687664041995,0.0416666666666667,0.0471204188481675,0.0610079575596817,0.0282776349614396,0.0526315789473684,0.0610079575596817,0.0638297872340425,0.0498687664041995,0.0554089709762533,0.092896174863388,0.0526315789473684,0.0695187165775401,0.0610079575596817,0.0989010989010989,0.0638297872340425,0.0362694300518135,0.0416666666666667,0.0752688172043011,0.0582010582010582,0.0810810810810811,0.129943502824859,0.0958904109589041,0.0416666666666667,0.0899182561307902,0.0723860589812333,0.0443864229765013,0.0695187165775401,0.078167115902965,0.0554089709762533,0.0810810810810811,0.0582010582010582,0.0526315789473684,0.0899182561307902,0.101928374655647,0.0256410256410256,0.0840108401084011,0.0666666666666667,0.120448179271709,0.0554089709762533,0.038961038961039,0.166180758017493,0.183431952662722,0.13314447592068,0.169590643274854,0.197604790419162,0.0416666666666667,0.078167115902965,0.0666666666666667,0.15606936416185,1,0.126760563380282,0.0282776349614396,0.0050251256281407,0.0126582278481013,0.0101010101010101,0.0230179028132992,0.0282776349614396,0.0256410256410256,0.0152284263959391,0.0335917312661499,0.0362694300518135,0.0282776349614396,0.0282776349614396,0.0282776349614396,0.0309278350515464,0.0178117048346056,0.0204081632653061,0.0178117048346056,0.0126582278481013,0.0362694300518135,0.0204081632653061,0.0256410256410256,0.0840108401084011,0.0256410256410256,0.0230179028132992,0.0309278350515464,0.0126582278481013,0.0282776349614396,0.0282776349614396,0.0230179028132992,0.0309278350515464,0.0443864229765013,0.0282776349614396,0.0282776349614396,0.0335917312661499,0.0309278350515464,0.0899182561307902,0.078167115902965,0.0869565217391304,0.078167115902965,0.0666666666666667,0.0869565217391304,0.0610079575596817,0.10803324099723,0.0723860589812333,0.101928374655647,0.0610079575596817,0.078167115902965,0.0989010989010989,0.0989010989010989,0.120448179271709
"GSM1214913",0.0638297872340425,0.0443864229765013,0.0526315789473684,0.0582010582010582,0.092896174863388,0.0526315789473684,0.0554089709762533,0.0362694300518135,0.0638297872340425,0.0498687664041995,0.0638297872340425,0.038961038961039,0.0362694300518135,0.0526315789473684,0.0554089709762533,0.0498687664041995,0.0610079575596817,0.0582010582010582,0.078167115902965,0.0610079575596817,0.0471204188481675,0.0695187165775401,0.0723860589812333,0.0666666666666667,0.0638297872340425,0.0309278350515464,0.0666666666666667,0.0582010582010582,0.0638297872340425,0.0638297872340425,0.0810810810810811,0.0471204188481675,0.0443864229765013,0.0554089709762533,0.0695187165775401,0.0610079575596817,0.0723860589812333,0.0695187165775401,0.0723860589812333,0.0695187165775401,0.0526315789473684,0.0610079575596817,0.129943502824859,0.0840108401084011,0.0498687664041995,0.0582010582010582,0.0958904109589041,0.0723860589812333,0.0869565217391304,0.0752688172043011,0.0810810810810811,0.0958904109589041,0.092896174863388,0.0899182561307902,0.0695187165775401,0.0526315789473684,0.0498687664041995,0.0723860589812333,0.0899182561307902,0.0610079575596817,0.0309278350515464,0.0666666666666667,0.120448179271709,0.0126582278481013,0.101928374655647,0.078167115902965,0.0752688172043011,0.0471204188481675,0.0526315789473684,0.0840108401084011,0.104972375690608,0.0666666666666667,0.0899182561307902,0.15606936416185,0.0256410256410256,0.0526315789473684,0.0526315789473684,0.0989010989010989,0.126760563380282,1,0.0204081632653061,0.0256410256410256,0.0282776349614396,0.0230179028132992,0.0335917312661499,0.0282776349614396,0.038961038961039,0.0256410256410256,0.0335917312661499,0.0526315789473684,0.0282776349614396,0.0309278350515464,0.0282776349614396,0.038961038961039,0.0256410256410256,0.0204081632653061,0.0282776349614396,0.0256410256410256,0.0416666666666667,0.0230179028132992,0.0309278350515464,0.0554089709762533,0.0230179028132992,0.0152284263959391,0.0256410256410256,0.0101010101010101,0.0230179028132992,0.0204081632653061,0.0126582278481013,0.0230179028132992,0.0362694300518135,0.0282776349614396,0.0282776349614396,0.0230179028132992,0.0230179028132992,0.11731843575419,0.0899182561307902,0.11731843575419,0.0958904109589041,0.0989010989010989,0.0989010989010989,0.078167115902965,0.162790697674419,0.114206128133705,0.0958904109589041,0.149425287356322,0.0869565217391304,0.129943502824859,0.101928374655647,0.13960113960114
"GSM1214914",0.0204081632653061,0.0335917312661499,0.0282776349614396,0.0309278350515464,0.0443864229765013,0.0204081632653061,0.0256410256410256,0.0309278350515464,0.0309278350515464,0.0335917312661499,0.0256410256410256,0.0309278350515464,0.0126582278481013,0.038961038961039,0.0178117048346056,0.0282776349614396,0.0230179028132992,0.0256410256410256,0.0282776349614396,0.0230179028132992,0.0256410256410256,0.0230179028132992,0.038961038961039,0.0309278350515464,0.0256410256410256,0.0178117048346056,0.0204081632653061,0.0256410256410256,0.0101010101010101,0.0178117048346056,0.0256410256410256,0.038961038961039,0.0204081632653061,0.0152284263959391,0.0204081632653061,0.0335917312661499,0.0256410256410256,0.0204081632653061,0.0362694300518135,0.0230179028132992,0.0282776349614396,0.0204081632653061,0.0282776349614396,0.0230179028132992,0.0178117048346056,0.0178117048346056,0.0309278350515464,0.0282776349614396,0.0309278350515464,0.0282776349614396,0.0256410256410256,0.0256410256410256,0.0204081632653061,0.0416666666666667,0.0471204188481675,0.0256410256410256,0.0152284263959391,0.0443864229765013,0.0282776349614396,0.0282776349614396,0.0416666666666667,0.0282776349614396,0.0416666666666667,0.0230179028132992,0.0256410256410256,0.0335917312661499,0.0126582278481013,0.0126582278481013,0.0309278350515464,0.0178117048346056,0.0335917312661499,0.0416666666666667,0.0256410256410256,0.0282776349614396,0.0152284263959391,0.0256410256410256,0.0178117048346056,0.0230179028132992,0.0282776349614396,0.0204081632653061,1,0.13314447592068,0.126760563380282,0.078167115902965,0.13314447592068,0.13314447592068,0.0610079575596817,0.120448179271709,0.123595505617978,0.0335917312661499,0.0695187165775401,0.0638297872340425,0.186943620178042,0.0498687664041995,0.126760563380282,0.13960113960114,0.078167115902965,0.0638297872340425,0.0582010582010582,0.0810810810810811,0.166180758017493,0.038961038961039,0.0230179028132992,0.0152284263959391,0.0178117048346056,0.0126582278481013,0.0178117048346056,0.0152284263959391,0.0126582278481013,0.0152284263959391,0.0256410256410256,0.0152284263959391,0.0230179028132992,0.0230179028132992,0.0230179028132992,0.0256410256410256,0.0256410256410256,0.0256410256410256,0.0230179028132992,0.0256410256410256,0.0282776349614396,0.0230179028132992,0.0282776349614396,0.0152284263959391,0.0362694300518135,0.0178117048346056,0.0204081632653061,0.0230179028132992,0.0282776349614396,0.0256410256410256
"GSM1214915",0.0152284263959391,0.0282776349614396,0.0204081632653061,0.0152284263959391,0.0230179028132992,0.0204081632653061,0.0204081632653061,0.0204081632653061,0.0152284263959391,0.0050251256281407,0.0126582278481013,0.0101010101010101,0.0204081632653061,0.0256410256410256,0.0230179028132992,0.0230179028132992,0.00755667506297229,0.0178117048346056,0.0230179028132992,0.0126582278481013,0.0204081632653061,0.0256410256410256,0.0152284263959391,0.0204081632653061,0.0178117048346056,0.00755667506297229,0.0204081632653061,0.0230179028132992,0.0101010101010101,0.0204081632653061,0.0230179028132992,0.0282776349614396,0.0101010101010101,0.0101010101010101,0.0126582278481013,0.0204081632653061,0.0230179028132992,0.0282776349614396,0.0230179028132992,0.0204081632653061,0.0230179028132992,0.00755667506297229,0.038961038961039,0.0101010101010101,0.0025062656641604,0.00755667506297229,0.0309278350515464,0.0309278350515464,0.0101010101010101,0.00755667506297229,0.0152284263959391,0.0256410256410256,0.00755667506297229,0.0335917312661499,0.0204081632653061,0.0256410256410256,0.0152284263959391,0.0416666666666667,0.0282776349614396,0.0309278350515464,0.0230179028132992,0.0126582278481013,0.0230179028132992,0.0282776349614396,0.0178117048346056,0.0230179028132992,0.0256410256410256,0.0050251256281407,0.0282776349614396,0.00755667506297229,0.0101010101010101,0.0230179028132992,0.0230179028132992,0.0126582278481013,0.0256410256410256,0.0126582278481013,0.0101010101010101,0.0101010101010101,0.0050251256281407,0.0256410256410256,0.13314447592068,1,0.234567901234568,0.0723860589812333,0.194029850746269,0.179941002949853,0.0989010989010989,0.302931596091205,0.194029850746269,0.0204081632653061,0.101928374655647,0.0899182561307902,0.13960113960114,0.0752688172043011,0.166180758017493,0.136363636363636,0.0840108401084011,0.0752688172043011,0.0695187165775401,0.0869565217391304,0.129943502824859,0.038961038961039,0.0695187165775401,0.0362694300518135,0.0126582278481013,0.0178117048346056,0.0309278350515464,0.0309278350515464,0.0335917312661499,0.0230179028132992,0.0526315789473684,0.0204081632653061,0.0256410256410256,0.0256410256410256,0.0471204188481675,0.0335917312661499,0.0178117048346056,0.0282776349614396,0.0152284263959391,0.0204081632653061,0.0152284263959391,0.0050251256281407,0.0178117048346056,0.0230179028132992,0.0335917312661499,0.0230179028132992,0.0152284263959391,0.0204081632653061,0.0152284263959391,0.0230179028132992
"GSM1214916",0.0204081632653061,0.0256410256410256,0.0362694300518135,0.0256410256410256,0.0309278350515464,0.0126582278481013,0.0230179028132992,0.0256410256410256,0.0256410256410256,0.0204081632653061,0.0230179028132992,0.0256410256410256,0.0204081632653061,0.0282776349614396,0.0335917312661499,0.0282776349614396,0.0204081632653061,0.0256410256410256,0.0282776349614396,0.0256410256410256,0.0282776349614396,0.0256410256410256,0.0230179028132992,0.0309278350515464,0.0309278350515464,0.0178117048346056,0.0152284263959391,0.0282776349614396,0.0178117048346056,0.0152284263959391,0.0230179028132992,0.0309278350515464,0.0204081632653061,0.0230179028132992,0.0230179028132992,0.0282776349614396,0.0282776349614396,0.0526315789473684,0.038961038961039,0.0204081632653061,0.0230179028132992,0.0126582278481013,0.0416666666666667,0.0101010101010101,0.0101010101010101,0.0178117048346056,0.0230179028132992,0.0471204188481675,0.0282776349614396,0.0335917312661499,0.0282776349614396,0.0282776349614396,0.0256410256410256,0.0335917312661499,0.0335917312661499,0.0443864229765013,0.0416666666666667,0.0498687664041995,0.038961038961039,0.0309278350515464,0.0309278350515464,0.0152284263959391,0.0178117048346056,0.0204081632653061,0.0309278350515464,0.0309278350515464,0.0335917312661499,0.0152284263959391,0.0362694300518135,0.0204081632653061,0.0178117048346056,0.0256410256410256,0.0178117048346056,0.0230179028132992,0.038961038961039,0.0256410256410256,0.0152284263959391,0.0025062656641604,0.0126582278481013,0.0282776349614396,0.126760563380282,0.234567901234568,1,0.0840108401084011,0.346801346801347,0.101928374655647,0.0989010989010989,0.315789473684211,0.253918495297806,0.0204081632653061,0.114206128133705,0.0810810810810811,0.183431952662722,0.0610079575596817,0.162790697674419,0.166180758017493,0.078167115902965,0.078167115902965,0.0723860589812333,0.0958904109589041,0.149425287356322,0.0554089709762533,0.0638297872340425,0.0526315789473684,0.0309278350515464,0.0282776349614396,0.0498687664041995,0.038961038961039,0.0498687664041995,0.0416666666666667,0.0582010582010582,0.0335917312661499,0.0471204188481675,0.0416666666666667,0.0526315789473684,0.0443864229765013,0.0256410256410256,0.038961038961039,0.0256410256410256,0.0230179028132992,0.0335917312661499,0.0152284263959391,0.0256410256410256,0.0282776349614396,0.038961038961039,0.0204081632653061,0.0178117048346056,0.0282776349614396,0.0282776349614396,0.0362694300518135
"GSM1214917",0.0178117048346056,0.0362694300518135,0.0335917312661499,0.0152284263959391,0.0230179028132992,0.0152284263959391,0.0309278350515464,0.0416666666666667,0.0443864229765013,0.0416666666666667,0.0178117048346056,0.0256410256410256,0.0178117048346056,0.0526315789473684,0.0152284263959391,0.0152284263959391,0.0282776349614396,0.0309278350515464,0.0178117048346056,0.0178117048346056,0.0230179028132992,0.0362694300518135,0.0282776349614396,0.0256410256410256,0.0282776349614396,0.0282776349614396,0.0101010101010101,0.0256410256410256,0.0309278350515464,0.0101010101010101,0.0178117048346056,0.0416666666666667,0.0178117048346056,0.0256410256410256,0.0126582278481013,0.0204081632653061,0.0282776349614396,0.0256410256410256,0.0282776349614396,0.0230179028132992,0.0230179028132992,0.0101010101010101,0.0204081632653061,0.0178117048346056,0.00755667506297229,0.0126582278481013,0.0554089709762533,0.0309278350515464,0.0335917312661499,0.0126582278481013,0.0204081632653061,0.0582010582010582,0.0256410256410256,0.0554089709762533,0.0309278350515464,0.0230179028132992,0.0152284263959391,0.038961038961039,0.0335917312661499,0.0416666666666667,0.0695187165775401,0.0230179028132992,0.0416666666666667,0.0610079575596817,0.0282776349614396,0.0178117048346056,0.0126582278481013,0.0152284263959391,0.0498687664041995,0.0256410256410256,0.0230179028132992,0.0554089709762533,0.0230179028132992,0.0204081632653061,0.0152284263959391,0.0152284263959391,0.0101010101010101,0.0204081632653061,0.0101010101010101,0.0230179028132992,0.078167115902965,0.0723860589812333,0.0840108401084011,1,0.0526315789473684,0.0989010989010989,0.265822784810127,0.0840108401084011,0.0526315789473684,0.038961038961039,0.19047619047619,0.0610079575596817,0.0554089709762533,0.159420289855072,0.11731843575419,0.0610079575596817,0.208459214501511,0.21580547112462,0.166180758017493,0.230769230769231,0.104972375690608,0.104972375690608,0.0101010101010101,0.00755667506297229,0.0256410256410256,0.0152284263959391,0.0126582278481013,0.0126582278481013,0.0101010101010101,0.0282776349614396,0.0126582278481013,0.0126582278481013,0.0152284263959391,0.0025062656641604,0.0101010101010101,0.0335917312661499,0.0309278350515464,0.0309278350515464,0.0282776349614396,0.0152284263959391,0.0230179028132992,0.0126582278481013,0.0230179028132992,0.0178117048346056,0.0204081632653061,0.0230179028132992,0.0230179028132992,0.0282776349614396,0.0204081632653061,0.0204081632653061
"GSM1214918",0.0256410256410256,0.0256410256410256,0.0416666666666667,0.0309278350515464,0.0309278350515464,0.0204081632653061,0.0204081632653061,0.0309278350515464,0.0309278350515464,0.0152284263959391,0.0178117048346056,0.0178117048346056,0.0416666666666667,0.0204081632653061,0.038961038961039,0.0204081632653061,0.0204081632653061,0.0230179028132992,0.0362694300518135,0.0178117048346056,0.0416666666666667,0.0335917312661499,0.0335917312661499,0.0362694300518135,0.0309278350515464,0.0178117048346056,0.0230179028132992,0.0230179028132992,0.0230179028132992,0.0230179028132992,0.0230179028132992,0.0309278350515464,0.0256410256410256,0.0204081632653061,0.0256410256410256,0.0256410256410256,0.0335917312661499,0.0471204188481675,0.038961038961039,0.0230179028132992,0.0178117048346056,0.0101010101010101,0.0335917312661499,0.0152284263959391,0.0178117048346056,0.0152284263959391,0.0309278350515464,0.0230179028132992,0.0498687664041995,0.0309278350515464,0.0282776349614396,0.0178117048346056,0.0309278350515464,0.0282776349614396,0.0335917312661499,0.0309278350515464,0.038961038961039,0.0309278350515464,0.0282776349614396,0.0362694300518135,0.0498687664041995,0.0282776349614396,0.0282776349614396,0.0126582278481013,0.0178117048346056,0.0256410256410256,0.0362694300518135,0.0126582278481013,0.0309278350515464,0.0309278350515464,0.0230179028132992,0.0335917312661499,0.0282776349614396,0.0230179028132992,0.0443864229765013,0.0230179028132992,0.0204081632653061,0.0126582278481013,0.0230179028132992,0.0335917312661499,0.13314447592068,0.194029850746269,0.346801346801347,0.0526315789473684,1,0.078167115902965,0.0840108401084011,0.238390092879257,0.32013201320132,0.0282776349614396,0.078167115902965,0.0582010582010582,0.166180758017493,0.0582010582010582,0.13960113960114,0.166180758017493,0.0638297872340425,0.0498687664041995,0.0471204188481675,0.0610079575596817,0.10803324099723,0.0498687664041995,0.0723860589812333,0.0723860589812333,0.0256410256410256,0.0309278350515464,0.0638297872340425,0.0498687664041995,0.0554089709762533,0.0416666666666667,0.0638297872340425,0.0309278350515464,0.0582010582010582,0.0498687664041995,0.0554089709762533,0.0582010582010582,0.0230179028132992,0.0362694300518135,0.0309278350515464,0.0335917312661499,0.0309278350515464,0.0204081632653061,0.0309278350515464,0.0362694300518135,0.0443864229765013,0.0256410256410256,0.0204081632653061,0.0362694300518135,0.0335917312661499,0.0443864229765013
"GSM1214919",0.0204081632653061,0.0443864229765013,0.0178117048346056,0.0416666666666667,0.0362694300518135,0.0101010101010101,0.0309278350515464,0.038961038961039,0.0101010101010101,0.038961038961039,0.0178117048346056,0.0309278350515464,0.0126582278481013,0.0582010582010582,0.0101010101010101,0.0362694300518135,0.0256410256410256,0.0204081632653061,0.0282776349614396,0.0230179028132992,0.0204081632653061,0.0554089709762533,0.0362694300518135,0.0282776349614396,0.0256410256410256,0.0101010101010101,0.0204081632653061,0.0256410256410256,0.0230179028132992,0.0152284263959391,0.0282776349614396,0.0582010582010582,0.00755667506297229,0.0416666666666667,0.0178117048346056,0.0256410256410256,0.0152284263959391,0.0126582278481013,0.0256410256410256,0.0256410256410256,0.0471204188481675,0.0256410256410256,0.0443864229765013,0.0335917312661499,0.0126582278481013,0.0126582278481013,0.0230179028132992,0.0178117048346056,0.0126582278481013,0.0230179028132992,0.0256410256410256,0.0554089709762533,0.0256410256410256,0.0526315789473684,0.0335917312661499,0.0416666666666667,0.0152284263959391,0.0282776349614396,0.0282776349614396,0.0204081632653061,0.0282776349614396,0.0101010101010101,0.0309278350515464,0.0554089709762533,0.0256410256410256,0.0230179028132992,0.0256410256410256,0.0050251256281407,0.0101010101010101,0.0230179028132992,0.0309278350515464,0.0256410256410256,0.00755667506297229,0.0282776349614396,0.0178117048346056,0.0204081632653061,0.0126582278481013,0.0282776349614396,0.0282776349614396,0.0282776349614396,0.13314447592068,0.179941002949853,0.101928374655647,0.0989010989010989,0.078167115902965,1,0.092896174863388,0.101928374655647,0.0989010989010989,0.0498687664041995,0.0723860589812333,0.101928374655647,0.111111111111111,0.0989010989010989,0.166180758017493,0.129943502824859,0.0899182561307902,0.092896174863388,0.111111111111111,0.114206128133705,0.123595505617978,0.0416666666666667,0.0152284263959391,0.0152284263959391,0.0282776349614396,0.0256410256410256,0.0309278350515464,0.0309278350515464,0.0230179028132992,0.0282776349614396,0.0282776349614396,0.0362694300518135,0.0335917312661499,0.0178117048346056,0.0152284263959391,0.0309278350515464,0.0230179028132992,0.0309278350515464,0.0152284263959391,0.0152284263959391,0.0230179028132992,0.0101010101010101,0.0256410256410256,0.038961038961039,0.0282776349614396,0.0230179028132992,0.0178117048346056,0.0309278350515464,0.0282776349614396,0.0230179028132992
"GSM1214920",0.0178117048346056,0.0471204188481675,0.0362694300518135,0.0335917312661499,0.0309278350515464,0.0204081632653061,0.0309278350515464,0.0204081632653061,0.0443864229765013,0.0416666666666667,0.0309278350515464,0.0178117048346056,0.0204081632653061,0.0582010582010582,0.0282776349614396,0.0282776349614396,0.0178117048346056,0.038961038961039,0.0362694300518135,0.0152284263959391,0.0282776349614396,0.0362694300518135,0.0282776349614396,0.0204081632653061,0.0282776349614396,0.0256410256410256,0.0152284263959391,0.038961038961039,0.0335917312661499,0.0256410256410256,0.0256410256410256,0.0526315789473684,0.0152284263959391,0.0256410256410256,0.0204081632653061,0.0178117048346056,0.0416666666666667,0.0443864229765013,0.0498687664041995,0.0282776349614396,0.0498687664041995,0.0178117048346056,0.0443864229765013,0.0204081632653061,0.0101010101010101,0.0152284263959391,0.0526315789473684,0.0282776349614396,0.0416666666666667,0.0309278350515464,0.0256410256410256,0.0526315789473684,0.0282776349614396,0.0582010582010582,0.0471204188481675,0.038961038961039,0.0309278350515464,0.0526315789473684,0.0498687664041995,0.0498687664041995,0.0840108401084011,0.0256410256410256,0.0443864229765013,0.0695187165775401,0.038961038961039,0.0309278350515464,0.038961038961039,0.0309278350515464,0.0309278350515464,0.0362694300518135,0.0282776349614396,0.0610079575596817,0.0204081632653061,0.0362694300518135,0.0309278350515464,0.0282776349614396,0.0309278350515464,0.0256410256410256,0.0256410256410256,0.038961038961039,0.0610079575596817,0.0989010989010989,0.0989010989010989,0.265822784810127,0.0840108401084011,0.092896174863388,1,0.114206128133705,0.0752688172043011,0.0582010582010582,0.166180758017493,0.0666666666666667,0.0638297872340425,0.179941002949853,0.136363636363636,0.092896174863388,0.25,0.242236024844721,0.32890365448505,0.265822784810127,0.114206128133705,0.10803324099723,0.0309278350515464,0.0309278350515464,0.0178117048346056,0.0101010101010101,0.0230179028132992,0.0256410256410256,0.0309278350515464,0.0152284263959391,0.038961038961039,0.0178117048346056,0.0204081632653061,0.0230179028132992,0.0362694300518135,0.0582010582010582,0.0554089709762533,0.0362694300518135,0.0443864229765013,0.0554089709762533,0.038961038961039,0.0362694300518135,0.0498687664041995,0.0443864229765013,0.0443864229765013,0.0638297872340425,0.0256410256410256,0.0362694300518135,0.0362694300518135,0.0335917312661499
"GSM1214921",0.0152284263959391,0.038961038961039,0.0256410256410256,0.0204081632653061,0.0178117048346056,0.0126582278481013,0.0230179028132992,0.0230179028132992,0.0178117048346056,0.0152284263959391,0.0126582278481013,0.0178117048346056,0.0152284263959391,0.0282776349614396,0.0204081632653061,0.0230179028132992,0.0126582278481013,0.0126582278481013,0.0309278350515464,0.0101010101010101,0.0204081632653061,0.0204081632653061,0.0282776349614396,0.0256410256410256,0.0152284263959391,0.00755667506297229,0.00755667506297229,0.0204081632653061,0.0152284263959391,0.0178117048346056,0.0152284263959391,0.0282776349614396,0.00755667506297229,0.0178117048346056,0.00755667506297229,0.0204081632653061,0.0335917312661499,0.038961038961039,0.0256410256410256,0.0178117048346056,0.0256410256410256,0.0126582278481013,0.0256410256410256,0.0126582278481013,0.0050251256281407,0.0101010101010101,0.0256410256410256,0.0282776349614396,0.0025062656641604,0.0178117048346056,0.0230179028132992,0.0230179028132992,0.0101010101010101,0.0416666666666667,0.0230179028132992,0.0282776349614396,0.0152284263959391,0.0282776349614396,0.0256410256410256,0.0230179028132992,0.0282776349614396,0.0152284263959391,0.0204081632653061,0.0256410256410256,0.0152284263959391,0.0335917312661499,0.0230179028132992,0.0050251256281407,0.0309278350515464,0.0101010101010101,0.0126582278481013,0.0309278350515464,0.0101010101010101,0.0152284263959391,0.0416666666666667,0.0152284263959391,0.0126582278481013,0.0101010101010101,0.0152284263959391,0.0256410256410256,0.120448179271709,0.302931596091205,0.315789473684211,0.0840108401084011,0.238390092879257,0.101928374655647,0.114206128133705,1,0.212121212121212,0.0282776349614396,0.0958904109589041,0.0723860589812333,0.15606936416185,0.0752688172043011,0.179941002949853,0.15606936416185,0.0899182561307902,0.0840108401084011,0.0810810810810811,0.0958904109589041,0.120448179271709,0.0443864229765013,0.0554089709762533,0.0443864229765013,0.0178117048346056,0.0204081632653061,0.0471204188481675,0.038961038961039,0.0443864229765013,0.0309278350515464,0.0498687664041995,0.0178117048346056,0.0416666666666667,0.0309278350515464,0.0471204188481675,0.0256410256410256,0.0230179028132992,0.0152284263959391,0.0152284263959391,0.0152284263959391,0.0126582278481013,0.0050251256281407,0.0152284263959391,0.0256410256410256,0.0230179028132992,0.0152284263959391,0.0204081632653061,0.0204081632653061,0.0126582278481013,0.0230179028132992
"GSM1214922",0.0362694300518135,0.0443864229765013,0.0443864229765013,0.0256410256410256,0.0498687664041995,0.0178117048346056,0.0230179028132992,0.0335917312661499,0.0335917312661499,0.0152284263959391,0.0204081632653061,0.0178117048346056,0.0309278350515464,0.0282776349614396,0.038961038961039,0.0256410256410256,0.0362694300518135,0.0335917312661499,0.038961038961039,0.0309278350515464,0.0498687664041995,0.038961038961039,0.0256410256410256,0.0416666666666667,0.038961038961039,0.0256410256410256,0.0309278350515464,0.0443864229765013,0.0256410256410256,0.0309278350515464,0.0256410256410256,0.0256410256410256,0.0335917312661499,0.0204081632653061,0.0335917312661499,0.0282776349614396,0.0362694300518135,0.0554089709762533,0.0638297872340425,0.0309278350515464,0.0335917312661499,0.0204081632653061,0.0335917312661499,0.0178117048346056,0.0204081632653061,0.0204081632653061,0.0335917312661499,0.0335917312661499,0.0416666666666667,0.0416666666666667,0.0178117048346056,0.0204081632653061,0.0256410256410256,0.038961038961039,0.0498687664041995,0.0362694300518135,0.0204081632653061,0.038961038961039,0.0335917312661499,0.0471204188481675,0.0498687664041995,0.0309278350515464,0.038961038961039,0.0126582278481013,0.0416666666666667,0.0335917312661499,0.0443864229765013,0.0256410256410256,0.0335917312661499,0.0362694300518135,0.0309278350515464,0.0362694300518135,0.0471204188481675,0.0362694300518135,0.038961038961039,0.0282776349614396,0.0256410256410256,0.0335917312661499,0.0335917312661499,0.0335917312661499,0.123595505617978,0.194029850746269,0.253918495297806,0.0526315789473684,0.32013201320132,0.0989010989010989,0.0752688172043011,0.212121212121212,1,0.0282776349614396,0.0695187165775401,0.0666666666666667,0.179941002949853,0.0958904109589041,0.159420289855072,0.19047619047619,0.0869565217391304,0.078167115902965,0.0695187165775401,0.0958904109589041,0.146131805157593,0.0752688172043011,0.0695187165775401,0.0695187165775401,0.0282776349614396,0.0178117048346056,0.0554089709762533,0.0526315789473684,0.0582010582010582,0.0362694300518135,0.0610079575596817,0.038961038961039,0.0526315789473684,0.0498687664041995,0.0526315789473684,0.0443864229765013,0.0282776349614396,0.038961038961039,0.0282776349614396,0.0335917312661499,0.0362694300518135,0.0126582278481013,0.0335917312661499,0.0335917312661499,0.0416666666666667,0.0282776349614396,0.0230179028132992,0.0335917312661499,0.0362694300518135,0.0362694300518135
"GSM1214923",0.0471204188481675,0.0638297872340425,0.0362694300518135,0.0362694300518135,0.0443864229765013,0.0335917312661499,0.0362694300518135,0.0526315789473684,0.0416666666666667,0.0416666666666667,0.0256410256410256,0.0526315789473684,0.0362694300518135,0.0582010582010582,0.0282776349614396,0.0666666666666667,0.0554089709762533,0.0416666666666667,0.0610079575596817,0.0416666666666667,0.0471204188481675,0.0666666666666667,0.0610079575596817,0.0498687664041995,0.0582010582010582,0.0309278350515464,0.038961038961039,0.0498687664041995,0.0498687664041995,0.0101010101010101,0.0498687664041995,0.0810810810810811,0.038961038961039,0.0554089709762533,0.0582010582010582,0.0335917312661499,0.0723860589812333,0.0335917312661499,0.0526315789473684,0.0443864229765013,0.0638297872340425,0.0498687664041995,0.038961038961039,0.0471204188481675,0.0309278350515464,0.0309278350515464,0.0582010582010582,0.0282776349614396,0.0309278350515464,0.0335917312661499,0.0335917312661499,0.0471204188481675,0.0362694300518135,0.038961038961039,0.0869565217391304,0.0443864229765013,0.0309278350515464,0.0362694300518135,0.0443864229765013,0.0498687664041995,0.0471204188481675,0.0282776349614396,0.0362694300518135,0.0752688172043011,0.038961038961039,0.0498687664041995,0.0362694300518135,0.0230179028132992,0.0416666666666667,0.0256410256410256,0.0362694300518135,0.0178117048346056,0.0230179028132992,0.0335917312661499,0.0230179028132992,0.0178117048346056,0.0256410256410256,0.0230179028132992,0.0362694300518135,0.0526315789473684,0.0335917312661499,0.0204081632653061,0.0204081632653061,0.038961038961039,0.0282776349614396,0.0498687664041995,0.0582010582010582,0.0282776349614396,0.0282776349614396,1,0.0282776349614396,0.0526315789473684,0.0335917312661499,0.0498687664041995,0.0582010582010582,0.0471204188481675,0.0498687664041995,0.0610079575596817,0.078167115902965,0.0582010582010582,0.0471204188481675,0.0309278350515464,0.0282776349614396,0.0204081632653061,0.0050251256281407,0.0101010101010101,0.0282776349614396,0.0309278350515464,0.0335917312661499,0.0230179028132992,0.0335917312661499,0.0230179028132992,0.0230179028132992,0.0256410256410256,0.0256410256410256,0.0471204188481675,0.0309278350515464,0.0256410256410256,0.0362694300518135,0.0335917312661499,0.0309278350515464,0.0178117048346056,0.0309278350515464,0.0362694300518135,0.0362694300518135,0.0695187165775401,0.0471204188481675,0.0282776349614396,0.0256410256410256,0.038961038961039
"GSM1214924",0.0126582278481013,0.0416666666666667,0.0416666666666667,0.0335917312661499,0.0335917312661499,0.0178117048346056,0.0309278350515464,0.0204081632653061,0.0256410256410256,0.0256410256410256,0.0309278350515464,0.038961038961039,0.0204081632653061,0.0362694300518135,0.0204081632653061,0.0309278350515464,0.0230179028132992,0.0416666666666667,0.0362694300518135,0.0309278350515464,0.0282776349614396,0.0309278350515464,0.0230179028132992,0.0230179028132992,0.0362694300518135,0.0204081632653061,0.0152284263959391,0.0178117048346056,0.0282776349614396,0.0101010101010101,0.0335917312661499,0.0282776349614396,0.00755667506297229,0.0256410256410256,0.0256410256410256,0.0230179028132992,0.0282776349614396,0.038961038961039,0.0362694300518135,0.0282776349614396,0.0335917312661499,0.0152284263959391,0.0443864229765013,0.0152284263959391,0.0101010101010101,0.0152284263959391,0.0362694300518135,0.0282776349614396,0.0362694300518135,0.0335917312661499,0.0335917312661499,0.0282776349614396,0.0309278350515464,0.0282776349614396,0.0443864229765013,0.0416666666666667,0.0282776349614396,0.0471204188481675,0.0256410256410256,0.0335917312661499,0.0666666666666667,0.0282776349614396,0.0230179028132992,0.0256410256410256,0.0416666666666667,0.0204081632653061,0.0309278350515464,0.0152284263959391,0.038961038961039,0.0498687664041995,0.0204081632653061,0.0638297872340425,0.0256410256410256,0.0309278350515464,0.0256410256410256,0.0204081632653061,0.0126582278481013,0.0126582278481013,0.0282776349614396,0.0282776349614396,0.0695187165775401,0.101928374655647,0.114206128133705,0.19047619047619,0.078167115902965,0.0723860589812333,0.166180758017493,0.0958904109589041,0.0695187165775401,0.0282776349614396,1,0.0869565217391304,0.0695187165775401,0.152737752161383,0.0840108401084011,0.0582010582010582,0.15606936416185,0.162790697674419,0.146131805157593,0.21580547112462,0.104972375690608,0.146131805157593,0.0230179028132992,0.0335917312661499,0.0204081632653061,0.0126582278481013,0.0282776349614396,0.0256410256410256,0.0282776349614396,0.0282776349614396,0.0282776349614396,0.0230179028132992,0.0309278350515464,0.0204081632653061,0.0256410256410256,0.0526315789473684,0.0335917312661499,0.038961038961039,0.0309278350515464,0.0256410256410256,0.0282776349614396,0.0204081632653061,0.0309278350515464,0.0230179028132992,0.0443864229765013,0.0204081632653061,0.0230179028132992,0.0282776349614396,0.0230179028132992,0.038961038961039
"GSM1214925",0.0256410256410256,0.0443864229765013,0.0282776349614396,0.0309278350515464,0.0362694300518135,0.0152284263959391,0.0309278350515464,0.0416666666666667,0.0178117048346056,0.0204081632653061,0.0282776349614396,0.0309278350515464,0.0282776349614396,0.0443864229765013,0.0309278350515464,0.0443864229765013,0.038961038961039,0.0362694300518135,0.0282776349614396,0.0309278350515464,0.0335917312661499,0.038961038961039,0.038961038961039,0.0230179028132992,0.0362694300518135,0.0230179028132992,0.038961038961039,0.0152284263959391,0.038961038961039,0.0204081632653061,0.038961038961039,0.0526315789473684,0.0204081632653061,0.0309278350515464,0.0309278350515464,0.0282776349614396,0.0230179028132992,0.0204081632653061,0.0282776349614396,0.0471204188481675,0.0471204188481675,0.0204081632653061,0.038961038961039,0.0230179028132992,0.0101010101010101,0.0178117048346056,0.0554089709762533,0.0204081632653061,0.0204081632653061,0.0335917312661499,0.0256410256410256,0.0282776349614396,0.0282776349614396,0.038961038961039,0.0335917312661499,0.0443864229765013,0.0256410256410256,0.0443864229765013,0.038961038961039,0.0204081632653061,0.0554089709762533,0.0152284263959391,0.0309278350515464,0.0416666666666667,0.0204081632653061,0.0256410256410256,0.0335917312661499,0.00755667506297229,0.0362694300518135,0.0362694300518135,0.0256410256410256,0.0362694300518135,0.0282776349614396,0.0309278350515464,0.00755667506297229,0.0126582278481013,0.0204081632653061,0.0335917312661499,0.0282776349614396,0.0309278350515464,0.0638297872340425,0.0899182561307902,0.0810810810810811,0.0610079575596817,0.0582010582010582,0.101928374655647,0.0666666666666667,0.0723860589812333,0.0666666666666667,0.0526315789473684,0.0869565217391304,1,0.0840108401084011,0.078167115902965,0.0723860589812333,0.078167115902965,0.0723860589812333,0.078167115902965,0.078167115902965,0.0840108401084011,0.0752688172043011,0.0416666666666667,0.0178117048346056,0.0152284263959391,0.0152284263959391,0.00755667506297229,0.0178117048346056,0.00755667506297229,0.0152284263959391,0.0204081632653061,0.0178117048346056,0.00755667506297229,0.0256410256410256,0.00755667506297229,0.0152284263959391,0.0309278350515464,0.0152284263959391,0.0230179028132992,0.0178117048346056,0.0230179028132992,0.0178117048346056,0.0152284263959391,0.0443864229765013,0.0204081632653061,0.0335917312661499,0.0526315789473684,0.0335917312661499,0.0178117048346056,0.0230179028132992,0.0362694300518135
"GSM1214926",0.0309278350515464,0.0443864229765013,0.0443864229765013,0.0362694300518135,0.0443864229765013,0.0178117048346056,0.0309278350515464,0.0416666666666667,0.0362694300518135,0.0309278350515464,0.0309278350515464,0.0362694300518135,0.0282776349614396,0.038961038961039,0.0362694300518135,0.0256410256410256,0.0309278350515464,0.0309278350515464,0.0309278350515464,0.0256410256410256,0.038961038961039,0.0335917312661499,0.0443864229765013,0.0335917312661499,0.0416666666666667,0.0309278350515464,0.038961038961039,0.0178117048346056,0.0256410256410256,0.0335917312661499,0.0416666666666667,0.0526315789473684,0.0282776349614396,0.0335917312661499,0.0362694300518135,0.0471204188481675,0.0335917312661499,0.0582010582010582,0.0498687664041995,0.0309278350515464,0.0256410256410256,0.0178117048346056,0.0282776349614396,0.0282776349614396,0.0204081632653061,0.0178117048346056,0.0362694300518135,0.0362694300518135,0.0362694300518135,0.0282776349614396,0.0309278350515464,0.0230179028132992,0.0282776349614396,0.0362694300518135,0.0362694300518135,0.0309278350515464,0.0335917312661499,0.0282776349614396,0.0416666666666667,0.0416666666666667,0.0309278350515464,0.0152284263959391,0.0256410256410256,0.0204081632653061,0.0309278350515464,0.0309278350515464,0.0362694300518135,0.0126582278481013,0.0335917312661499,0.0230179028132992,0.0335917312661499,0.0335917312661499,0.0256410256410256,0.0282776349614396,0.0416666666666667,0.0309278350515464,0.0230179028132992,0.0335917312661499,0.0282776349614396,0.0282776349614396,0.186943620178042,0.13960113960114,0.183431952662722,0.0554089709762533,0.166180758017493,0.111111111111111,0.0638297872340425,0.15606936416185,0.179941002949853,0.0335917312661499,0.0695187165775401,0.0840108401084011,1,0.0443864229765013,0.142857142857143,0.142857142857143,0.078167115902965,0.0752688172043011,0.0723860589812333,0.0723860589812333,0.223241590214067,0.0416666666666667,0.0666666666666667,0.0554089709762533,0.0335917312661499,0.0256410256410256,0.0752688172043011,0.0582010582010582,0.0666666666666667,0.0335917312661499,0.0638297872340425,0.0416666666666667,0.0582010582010582,0.0582010582010582,0.0443864229765013,0.0443864229765013,0.0256410256410256,0.0335917312661499,0.0362694300518135,0.0335917312661499,0.0256410256410256,0.0152284263959391,0.0416666666666667,0.0282776349614396,0.0362694300518135,0.0230179028132992,0.0335917312661499,0.0282776349614396,0.0335917312661499,0.0335917312661499
"GSM1214927",0.0335917312661499,0.0362694300518135,0.0416666666666667,0.0335917312661499,0.0362694300518135,0.0204081632653061,0.0282776349614396,0.0230179028132992,0.0416666666666667,0.0362694300518135,0.0282776349614396,0.0282776349614396,0.0126582278481013,0.0471204188481675,0.0230179028132992,0.0282776349614396,0.038961038961039,0.0335917312661499,0.0335917312661499,0.0256410256410256,0.0362694300518135,0.0282776349614396,0.0335917312661499,0.0335917312661499,0.0362694300518135,0.0230179028132992,0.0230179028132992,0.0256410256410256,0.0362694300518135,0.0256410256410256,0.0282776349614396,0.0443864229765013,0.0152284263959391,0.0362694300518135,0.0230179028132992,0.0309278350515464,0.0230179028132992,0.038961038961039,0.0471204188481675,0.0282776349614396,0.0416666666666667,0.0256410256410256,0.0443864229765013,0.0335917312661499,0.0204081632653061,0.0230179028132992,0.0498687664041995,0.038961038961039,0.0443864229765013,0.0526315789473684,0.0416666666666667,0.0335917312661499,0.0443864229765013,0.0498687664041995,0.0526315789473684,0.0362694300518135,0.0256410256410256,0.0582010582010582,0.0498687664041995,0.0666666666666667,0.0610079575596817,0.0335917312661499,0.038961038961039,0.0666666666666667,0.0498687664041995,0.038961038961039,0.0282776349614396,0.0204081632653061,0.0362694300518135,0.0610079575596817,0.0309278350515464,0.0582010582010582,0.0309278350515464,0.0471204188481675,0.0204081632653061,0.0230179028132992,0.0256410256410256,0.0362694300518135,0.0309278350515464,0.038961038961039,0.0498687664041995,0.0752688172043011,0.0610079575596817,0.159420289855072,0.0582010582010582,0.0989010989010989,0.179941002949853,0.0752688172043011,0.0958904109589041,0.0498687664041995,0.152737752161383,0.078167115902965,0.0443864229765013,1,0.111111111111111,0.0695187165775401,0.234567901234568,0.223241590214067,0.223241590214067,0.333333333333333,0.114206128133705,0.152737752161383,0.0335917312661499,0.0178117048346056,0.038961038961039,0.0126582278481013,0.0178117048346056,0.0256410256410256,0.0204081632653061,0.0335917312661499,0.0498687664041995,0.0152284263959391,0.0230179028132992,0.0152284263959391,0.0152284263959391,0.0610079575596817,0.0443864229765013,0.038961038961039,0.0416666666666667,0.038961038961039,0.0416666666666667,0.0178117048346056,0.0443864229765013,0.038961038961039,0.038961038961039,0.0610079575596817,0.0309278350515464,0.0443864229765013,0.038961038961039,0.0498687664041995
"GSM1214928",0.0101010101010101,0.0309278350515464,0.0204081632653061,0.0309278350515464,0.0256410256410256,0.0101010101010101,0.0230179028132992,0.0230179028132992,0.0256410256410256,0.0335917312661499,0.0230179028132992,0.0256410256410256,0.0230179028132992,0.0471204188481675,0.0230179028132992,0.0126582278481013,0.0416666666666667,0.0416666666666667,0.0309278350515464,0.0204081632653061,0.0256410256410256,0.0282776349614396,0.038961038961039,0.0230179028132992,0.0335917312661499,0.0152284263959391,0.0101010101010101,0.0178117048346056,0.0204081632653061,0.0101010101010101,0.0204081632653061,0.0498687664041995,0.00755667506297229,0.0256410256410256,0.0178117048346056,0.0178117048346056,0.0282776349614396,0.0335917312661499,0.0335917312661499,0.0256410256410256,0.0282776349614396,0.0101010101010101,0.0471204188481675,0.0204081632653061,0.00755667506297229,0.0126582278481013,0.0362694300518135,0.0416666666666667,0.0362694300518135,0.0230179028132992,0.0152284263959391,0.038961038961039,0.0204081632653061,0.0471204188481675,0.0582010582010582,0.0362694300518135,0.0204081632653061,0.0638297872340425,0.0362694300518135,0.038961038961039,0.038961038961039,0.0204081632653061,0.0256410256410256,0.0498687664041995,0.0362694300518135,0.0471204188481675,0.0178117048346056,0.00755667506297229,0.0256410256410256,0.0256410256410256,0.0256410256410256,0.0309278350515464,0.0230179028132992,0.0204081632653061,0.0178117048346056,0.0230179028132992,0.0256410256410256,0.0309278350515464,0.0178117048346056,0.0256410256410256,0.126760563380282,0.166180758017493,0.162790697674419,0.11731843575419,0.13960113960114,0.166180758017493,0.136363636363636,0.179941002949853,0.159420289855072,0.0582010582010582,0.0840108401084011,0.0723860589812333,0.142857142857143,0.111111111111111,1,0.208459214501511,0.13314447592068,0.13314447592068,0.126760563380282,0.146131805157593,0.169590643274854,0.0362694300518135,0.0309278350515464,0.0178117048346056,0.0152284263959391,0.0101010101010101,0.0282776349614396,0.0230179028132992,0.0335917312661499,0.0101010101010101,0.0416666666666667,0.0152284263959391,0.0309278350515464,0.0230179028132992,0.0230179028132992,0.0471204188481675,0.0309278350515464,0.0309278350515464,0.0256410256410256,0.0282776349614396,0.0230179028132992,0.00755667506297229,0.0256410256410256,0.0335917312661499,0.0362694300518135,0.0282776349614396,0.0309278350515464,0.0309278350515464,0.0230179028132992,0.0309278350515464
"GSM1214929",0.0309278350515464,0.0362694300518135,0.0282776349614396,0.038961038961039,0.0282776349614396,0.0230179028132992,0.0256410256410256,0.0443864229765013,0.0152284263959391,0.0309278350515464,0.0101010101010101,0.0256410256410256,0.0230179028132992,0.0443864229765013,0.0309278350515464,0.0443864229765013,0.0230179028132992,0.0204081632653061,0.0230179028132992,0.0256410256410256,0.0256410256410256,0.0471204188481675,0.038961038961039,0.0498687664041995,0.0282776349614396,0.0178117048346056,0.0178117048346056,0.0362694300518135,0.0178117048346056,0.0178117048346056,0.0282776349614396,0.0471204188481675,0.038961038961039,0.0362694300518135,0.0309278350515464,0.0416666666666667,0.0416666666666667,0.0309278350515464,0.0204081632653061,0.0204081632653061,0.0309278350515464,0.0178117048346056,0.0416666666666667,0.0230179028132992,0.0101010101010101,0.0126582278481013,0.0256410256410256,0.0282776349614396,0.0309278350515464,0.0256410256410256,0.0126582278481013,0.0204081632653061,0.0256410256410256,0.0230179028132992,0.0443864229765013,0.0335917312661499,0.0256410256410256,0.0416666666666667,0.0362694300518135,0.0554089709762533,0.0335917312661499,0.0178117048346056,0.0256410256410256,0.038961038961039,0.0178117048346056,0.0362694300518135,0.0152284263959391,0.0050251256281407,0.0178117048346056,0.0309278350515464,0.0204081632653061,0.0256410256410256,0.0152284263959391,0.0126582278481013,0.0152284263959391,0.0230179028132992,0.0152284263959391,0.0152284263959391,0.0204081632653061,0.0204081632653061,0.13960113960114,0.136363636363636,0.166180758017493,0.0610079575596817,0.166180758017493,0.129943502824859,0.092896174863388,0.15606936416185,0.19047619047619,0.0471204188481675,0.0582010582010582,0.078167115902965,0.142857142857143,0.0695187165775401,0.208459214501511,1,0.0752688172043011,0.0638297872340425,0.0869565217391304,0.0869565217391304,0.126760563380282,0.0335917312661499,0.038961038961039,0.0282776349614396,0.0178117048346056,0.0178117048346056,0.0282776349614396,0.0230179028132992,0.0282776349614396,0.0230179028132992,0.0282776349614396,0.0230179028132992,0.0230179028132992,0.0230179028132992,0.0282776349614396,0.0471204188481675,0.0256410256410256,0.0335917312661499,0.0256410256410256,0.0335917312661499,0.0309278350515464,0.00755667506297229,0.0282776349614396,0.0335917312661499,0.0309278350515464,0.0178117048346056,0.0204081632653061,0.0309278350515464,0.0309278350515464,0.0309278350515464
"GSM1214930",0.0230179028132992,0.0309278350515464,0.0256410256410256,0.0309278350515464,0.0256410256410256,0.0126582278481013,0.0256410256410256,0.0230179028132992,0.038961038961039,0.0362694300518135,0.0256410256410256,0.0101010101010101,0.0204081632653061,0.0309278350515464,0.0178117048346056,0.0256410256410256,0.0204081632653061,0.0471204188481675,0.0204081632653061,0.0230179028132992,0.0230179028132992,0.0230179028132992,0.0178117048346056,0.0178117048346056,0.0335917312661499,0.0230179028132992,0.0230179028132992,0.0230179028132992,0.0178117048346056,0.0178117048346056,0.0256410256410256,0.0309278350515464,0.0178117048346056,0.0178117048346056,0.0230179028132992,0.0101010101010101,0.0282776349614396,0.0362694300518135,0.0416666666666667,0.0256410256410256,0.0309278350515464,0.00755667506297229,0.0362694300518135,0.0178117048346056,0.0126582278481013,0.0126582278481013,0.0471204188481675,0.0282776349614396,0.0335917312661499,0.0178117048346056,0.0256410256410256,0.038961038961039,0.0178117048346056,0.0362694300518135,0.0526315789473684,0.0471204188481675,0.00755667506297229,0.0443864229765013,0.0443864229765013,0.0554089709762533,0.0810810810810811,0.0471204188481675,0.0638297872340425,0.038961038961039,0.0582010582010582,0.0443864229765013,0.0335917312661499,0.0230179028132992,0.0416666666666667,0.0362694300518135,0.0362694300518135,0.0610079575596817,0.0230179028132992,0.038961038961039,0.0256410256410256,0.0256410256410256,0.0230179028132992,0.0282776349614396,0.0178117048346056,0.0282776349614396,0.078167115902965,0.0840108401084011,0.078167115902965,0.208459214501511,0.0638297872340425,0.0899182561307902,0.25,0.0899182561307902,0.0869565217391304,0.0498687664041995,0.15606936416185,0.0723860589812333,0.078167115902965,0.234567901234568,0.13314447592068,0.0752688172043011,1,0.6,0.257861635220126,0.30718954248366,0.15606936416185,0.092896174863388,0.0309278350515464,0.0204081632653061,0.0416666666666667,0.0101010101010101,0.0335917312661499,0.0362694300518135,0.038961038961039,0.0152284263959391,0.0335917312661499,0.0152284263959391,0.0256410256410256,0.0204081632653061,0.0152284263959391,0.0471204188481675,0.0309278350515464,0.0309278350515464,0.0335917312661499,0.0362694300518135,0.0282776349614396,0.0335917312661499,0.038961038961039,0.0335917312661499,0.0309278350515464,0.0471204188481675,0.0282776349614396,0.0362694300518135,0.0256410256410256,0.0416666666666667
"GSM1214931",0.0230179028132992,0.0362694300518135,0.0309278350515464,0.0230179028132992,0.0282776349614396,0.0101010101010101,0.0335917312661499,0.0204081632653061,0.0416666666666667,0.0362694300518135,0.0230179028132992,0.0101010101010101,0.0204081632653061,0.0443864229765013,0.0204081632653061,0.0282776349614396,0.0335917312661499,0.0443864229765013,0.0282776349614396,0.0204081632653061,0.0309278350515464,0.0230179028132992,0.0256410256410256,0.0204081632653061,0.0362694300518135,0.0204081632653061,0.0178117048346056,0.0178117048346056,0.0230179028132992,0.0152284263959391,0.0282776349614396,0.0335917312661499,0.0178117048346056,0.0256410256410256,0.0282776349614396,0.0101010101010101,0.0443864229765013,0.0416666666666667,0.0443864229765013,0.0256410256410256,0.0335917312661499,0.0126582278481013,0.0362694300518135,0.0204081632653061,0.0126582278481013,0.0178117048346056,0.0498687664041995,0.0335917312661499,0.0309278350515464,0.0204081632653061,0.0335917312661499,0.0416666666666667,0.0178117048346056,0.038961038961039,0.0335917312661499,0.0416666666666667,0.00755667506297229,0.0443864229765013,0.0526315789473684,0.0526315789473684,0.0899182561307902,0.0498687664041995,0.0610079575596817,0.0498687664041995,0.0554089709762533,0.038961038961039,0.0256410256410256,0.0230179028132992,0.038961038961039,0.0471204188481675,0.0443864229765013,0.0582010582010582,0.0204081632653061,0.0362694300518135,0.0256410256410256,0.0256410256410256,0.0230179028132992,0.0230179028132992,0.0126582278481013,0.0256410256410256,0.0638297872340425,0.0752688172043011,0.078167115902965,0.21580547112462,0.0498687664041995,0.092896174863388,0.242236024844721,0.0840108401084011,0.078167115902965,0.0610079575596817,0.162790697674419,0.078167115902965,0.0752688172043011,0.223241590214067,0.13314447592068,0.0638297872340425,0.6,1,0.25,0.298701298701299,0.149425287356322,0.0869565217391304,0.0282776349614396,0.0282776349614396,0.0335917312661499,0.0050251256281407,0.0362694300518135,0.038961038961039,0.0443864229765013,0.0178117048346056,0.0282776349614396,0.0126582278481013,0.0204081632653061,0.0178117048346056,0.0230179028132992,0.0526315789473684,0.0309278350515464,0.0282776349614396,0.0335917312661499,0.0362694300518135,0.0256410256410256,0.0178117048346056,0.0471204188481675,0.0309278350515464,0.0335917312661499,0.0498687664041995,0.0282776349614396,0.0256410256410256,0.0204081632653061,0.0443864229765013
"GSM1214932",0.0309278350515464,0.0362694300518135,0.0335917312661499,0.0416666666666667,0.0554089709762533,0.0256410256410256,0.0335917312661499,0.0309278350515464,0.0498687664041995,0.0582010582010582,0.038961038961039,0.0204081632653061,0.0152284263959391,0.0582010582010582,0.0471204188481675,0.0526315789473684,0.0204081632653061,0.0582010582010582,0.0335917312661499,0.0362694300518135,0.0335917312661499,0.0582010582010582,0.0256410256410256,0.0526315789473684,0.0666666666666667,0.0335917312661499,0.038961038961039,0.038961038961039,0.0416666666666667,0.0282776349614396,0.038961038961039,0.0498687664041995,0.0230179028132992,0.0443864229765013,0.0309278350515464,0.0416666666666667,0.0204081632653061,0.038961038961039,0.0471204188481675,0.0362694300518135,0.0471204188481675,0.0443864229765013,0.0582010582010582,0.0282776349614396,0.00755667506297229,0.0204081632653061,0.0498687664041995,0.0416666666666667,0.0471204188481675,0.0416666666666667,0.0416666666666667,0.0443864229765013,0.0498687664041995,0.0695187165775401,0.0695187165775401,0.0498687664041995,0.0335917312661499,0.0695187165775401,0.0638297872340425,0.0526315789473684,0.078167115902965,0.0471204188481675,0.0695187165775401,0.0610079575596817,0.0471204188481675,0.0526315789473684,0.0335917312661499,0.0309278350515464,0.0362694300518135,0.0416666666666667,0.038961038961039,0.0638297872340425,0.0256410256410256,0.0526315789473684,0.0362694300518135,0.0256410256410256,0.0335917312661499,0.0282776349614396,0.0362694300518135,0.0416666666666667,0.0582010582010582,0.0695187165775401,0.0723860589812333,0.166180758017493,0.0471204188481675,0.111111111111111,0.32890365448505,0.0810810810810811,0.0695187165775401,0.078167115902965,0.146131805157593,0.078167115902965,0.0723860589812333,0.223241590214067,0.126760563380282,0.0869565217391304,0.257861635220126,0.25,1,0.324503311258278,0.142857142857143,0.10803324099723,0.038961038961039,0.0335917312661499,0.0309278350515464,0.0101010101010101,0.0471204188481675,0.0471204188481675,0.0526315789473684,0.0256410256410256,0.0471204188481675,0.0335917312661499,0.0416666666666667,0.0309278350515464,0.0416666666666667,0.0582010582010582,0.0582010582010582,0.0498687664041995,0.0582010582010582,0.0695187165775401,0.0582010582010582,0.0443864229765013,0.0443864229765013,0.0582010582010582,0.0554089709762533,0.0610079575596817,0.0309278350515464,0.0554089709762533,0.0610079575596817,0.0471204188481675
"GSM1214933",0.0230179028132992,0.0443864229765013,0.0309278350515464,0.0256410256410256,0.0416666666666667,0.0152284263959391,0.0282776349614396,0.0230179028132992,0.0309278350515464,0.0309278350515464,0.0256410256410256,0.0309278350515464,0.0256410256410256,0.0443864229765013,0.0152284263959391,0.0416666666666667,0.0335917312661499,0.0498687664041995,0.0362694300518135,0.0256410256410256,0.0309278350515464,0.0416666666666667,0.0309278350515464,0.0230179028132992,0.0335917312661499,0.0178117048346056,0.0178117048346056,0.0152284263959391,0.0230179028132992,0.00755667506297229,0.0282776349614396,0.0443864229765013,0.0152284263959391,0.0282776349614396,0.0230179028132992,0.0152284263959391,0.038961038961039,0.0416666666666667,0.0554089709762533,0.0309278350515464,0.0335917312661499,0.0178117048346056,0.0309278350515464,0.0178117048346056,0.00755667506297229,0.0152284263959391,0.0443864229765013,0.0230179028132992,0.0362694300518135,0.0335917312661499,0.0282776349614396,0.038961038961039,0.0282776349614396,0.0416666666666667,0.0443864229765013,0.0282776349614396,0.0178117048346056,0.0416666666666667,0.0416666666666667,0.038961038961039,0.0554089709762533,0.038961038961039,0.0309278350515464,0.0610079575596817,0.0362694300518135,0.0309278350515464,0.0178117048346056,0.0178117048346056,0.0309278350515464,0.0335917312661499,0.0204081632653061,0.0554089709762533,0.0178117048346056,0.0335917312661499,0.0230179028132992,0.0309278350515464,0.0230179028132992,0.0178117048346056,0.0204081632653061,0.0230179028132992,0.0810810810810811,0.0869565217391304,0.0958904109589041,0.230769230769231,0.0610079575596817,0.114206128133705,0.265822784810127,0.0958904109589041,0.0958904109589041,0.0582010582010582,0.21580547112462,0.0840108401084011,0.0723860589812333,0.333333333333333,0.146131805157593,0.0869565217391304,0.30718954248366,0.298701298701299,0.324503311258278,1,0.159420289855072,0.152737752161383,0.0256410256410256,0.0126582278481013,0.0309278350515464,0.0152284263959391,0.0256410256410256,0.0204081632653061,0.0204081632653061,0.0204081632653061,0.038961038961039,0.00755667506297229,0.0256410256410256,0.0152284263959391,0.0101010101010101,0.0526315789473684,0.038961038961039,0.0309278350515464,0.0282776349614396,0.0282776349614396,0.0282776349614396,0.0309278350515464,0.0362694300518135,0.0256410256410256,0.0443864229765013,0.0335917312661499,0.0309278350515464,0.0309278350515464,0.0282776349614396,0.0335917312661499
"GSM1214934",0.0282776349614396,0.0416666666666667,0.0526315789473684,0.0335917312661499,0.0443864229765013,0.0230179028132992,0.0178117048346056,0.0282776349614396,0.0362694300518135,0.0309278350515464,0.0498687664041995,0.0282776349614396,0.0178117048346056,0.0526315789473684,0.0282776349614396,0.0362694300518135,0.0230179028132992,0.0610079575596817,0.038961038961039,0.0282776349614396,0.0416666666666667,0.0335917312661499,0.0282776349614396,0.0335917312661499,0.0554089709762533,0.0282776349614396,0.0416666666666667,0.0230179028132992,0.0335917312661499,0.0178117048346056,0.038961038961039,0.0416666666666667,0.0230179028132992,0.0309278350515464,0.0362694300518135,0.0416666666666667,0.0416666666666667,0.0471204188481675,0.0610079575596817,0.0362694300518135,0.038961038961039,0.0309278350515464,0.0610079575596817,0.0256410256410256,0.0230179028132992,0.0309278350515464,0.0554089709762533,0.0498687664041995,0.0443864229765013,0.0309278350515464,0.0335917312661499,0.0282776349614396,0.038961038961039,0.0416666666666667,0.0335917312661499,0.0282776349614396,0.0282776349614396,0.0638297872340425,0.0471204188481675,0.0443864229765013,0.0443864229765013,0.0256410256410256,0.0443864229765013,0.0230179028132992,0.0526315789473684,0.0582010582010582,0.0416666666666667,0.0050251256281407,0.0443864229765013,0.0416666666666667,0.0362694300518135,0.0335917312661499,0.0256410256410256,0.0471204188481675,0.0416666666666667,0.0282776349614396,0.0178117048346056,0.0204081632653061,0.0256410256410256,0.0309278350515464,0.166180758017493,0.129943502824859,0.149425287356322,0.104972375690608,0.10803324099723,0.123595505617978,0.114206128133705,0.120448179271709,0.146131805157593,0.0471204188481675,0.104972375690608,0.0752688172043011,0.223241590214067,0.114206128133705,0.169590643274854,0.126760563380282,0.15606936416185,0.149425287356322,0.142857142857143,0.159420289855072,1,0.078167115902965,0.0362694300518135,0.0416666666666667,0.0309278350515464,0.0178117048346056,0.0498687664041995,0.0443864229765013,0.0471204188481675,0.0256410256410256,0.0471204188481675,0.0498687664041995,0.0471204188481675,0.0498687664041995,0.0498687664041995,0.0498687664041995,0.0362694300518135,0.0471204188481675,0.0309278350515464,0.0362694300518135,0.0443864229765013,0.0178117048346056,0.0443864229765013,0.0416666666666667,0.0443864229765013,0.0416666666666667,0.038961038961039,0.0362694300518135,0.0309278350515464,0.0443864229765013
"GSM1214935",0.0638297872340425,0.038961038961039,0.0723860589812333,0.0471204188481675,0.0695187165775401,0.0723860589812333,0.078167115902965,0.0443864229765013,0.0610079575596817,0.0526315789473684,0.0638297872340425,0.0554089709762533,0.0526315789473684,0.0498687664041995,0.0723860589812333,0.0666666666666667,0.0752688172043011,0.0810810810810811,0.0723860589812333,0.078167115902965,0.0695187165775401,0.0666666666666667,0.0526315789473684,0.0840108401084011,0.0752688172043011,0.0695187165775401,0.0666666666666667,0.0610079575596817,0.0638297872340425,0.0526315789473684,0.0752688172043011,0.0362694300518135,0.0498687664041995,0.0582010582010582,0.0554089709762533,0.0958904109589041,0.0526315789473684,0.0899182561307902,0.0989010989010989,0.0752688172043011,0.0443864229765013,0.0526315789473684,0.0582010582010582,0.0526315789473684,0.0416666666666667,0.0498687664041995,0.0526315789473684,0.0230179028132992,0.0526315789473684,0.0752688172043011,0.0610079575596817,0.0309278350515464,0.0810810810810811,0.0498687664041995,0.0335917312661499,0.0416666666666667,0.0230179028132992,0.0498687664041995,0.0526315789473684,0.0498687664041995,0.0526315789473684,0.0554089709762533,0.0309278350515464,0.0282776349614396,0.0869565217391304,0.0554089709762533,0.0443864229765013,0.0282776349614396,0.0282776349614396,0.0723860589812333,0.0638297872340425,0.0899182561307902,0.0362694300518135,0.0752688172043011,0.0230179028132992,0.0443864229765013,0.0526315789473684,0.0526315789473684,0.0840108401084011,0.0554089709762533,0.038961038961039,0.038961038961039,0.0554089709762533,0.104972375690608,0.0498687664041995,0.0416666666666667,0.10803324099723,0.0443864229765013,0.0752688172043011,0.0309278350515464,0.146131805157593,0.0416666666666667,0.0416666666666667,0.152737752161383,0.0362694300518135,0.0335917312661499,0.092896174863388,0.0869565217391304,0.10803324099723,0.152737752161383,0.078167115902965,1,0.0610079575596817,0.0204081632653061,0.0335917312661499,0.0101010101010101,0.0282776349614396,0.0282776349614396,0.0309278350515464,0.0309278350515464,0.0554089709762533,0.0309278350515464,0.0335917312661499,0.0256410256410256,0.0178117048346056,0.078167115902965,0.0582010582010582,0.0810810810810811,0.0610079575596817,0.0638297872340425,0.0554089709762533,0.0554089709762533,0.0582010582010582,0.0582010582010582,0.0810810810810811,0.0471204188481675,0.0695187165775401,0.0666666666666667,0.0526315789473684,0.0869565217391304
"GSM1214936",0.0309278350515464,0.0204081632653061,0.0416666666666667,0.0204081632653061,0.0309278350515464,0.0256410256410256,0.0256410256410256,0.0178117048346056,0.0309278350515464,0.0204081632653061,0.0526315789473684,0.0256410256410256,0.0230179028132992,0.0152284263959391,0.0362694300518135,0.0152284263959391,0.0152284263959391,0.0471204188481675,0.0309278350515464,0.0256410256410256,0.0416666666666667,0.0282776349614396,0.0230179028132992,0.0282776349614396,0.0443864229765013,0.0309278350515464,0.038961038961039,0.0282776349614396,0.0309278350515464,0.0152284263959391,0.0178117048346056,0.0204081632653061,0.0282776349614396,0.0178117048346056,0.0416666666666667,0.0230179028132992,0.0256410256410256,0.0498687664041995,0.038961038961039,0.0335917312661499,0.0282776349614396,0.0204081632653061,0.0152284263959391,0.0178117048346056,0.0230179028132992,0.0416666666666667,0.0282776349614396,0.0335917312661499,0.0309278350515464,0.0471204188481675,0.0526315789473684,0.0178117048346056,0.0230179028132992,0.0204081632653061,0.0282776349614396,0.0230179028132992,0.0256410256410256,0.0335917312661499,0.0230179028132992,0.0309278350515464,0.0178117048346056,0.0204081632653061,0.0335917312661499,0.0025062656641604,0.0362694300518135,0.038961038961039,0.0471204188481675,0.0204081632653061,0.0256410256410256,0.0204081632653061,0.0256410256410256,0.0335917312661499,0.0309278350515464,0.0416666666666667,0.123595505617978,0.0362694300518135,0.0230179028132992,0.0282776349614396,0.0256410256410256,0.0230179028132992,0.0230179028132992,0.0695187165775401,0.0638297872340425,0.0101010101010101,0.0723860589812333,0.0152284263959391,0.0309278350515464,0.0554089709762533,0.0695187165775401,0.0282776349614396,0.0230179028132992,0.0178117048346056,0.0666666666666667,0.0335917312661499,0.0309278350515464,0.038961038961039,0.0309278350515464,0.0282776349614396,0.038961038961039,0.0256410256410256,0.0362694300518135,0.0610079575596817,1,0.173020527859238,0.0899182561307902,0.0723860589812333,0.15606936416185,0.159420289855072,0.162790697674419,0.13314447592068,0.360544217687075,0.13960113960114,0.146131805157593,0.149425287356322,0.162790697674419,0.0256410256410256,0.0666666666666667,0.0204081632653061,0.0610079575596817,0.0335917312661499,0.0695187165775401,0.0335917312661499,0.0204081632653061,0.0416666666666667,0.0309278350515464,0.0335917312661499,0.038961038961039,0.0416666666666667,0.0554089709762533,0.0126582278481013
"GSM1214937",0.0230179028132992,0.0309278350515464,0.038961038961039,0.0230179028132992,0.0178117048346056,0.0101010101010101,0.0335917312661499,0.0126582278481013,0.0309278350515464,0.0204081632653061,0.0498687664041995,0.0152284263959391,0.0282776349614396,0.0230179028132992,0.0230179028132992,0.00755667506297229,0.0282776349614396,0.0498687664041995,0.0362694300518135,0.0126582278481013,0.038961038961039,0.0152284263959391,0.0256410256410256,0.0204081632653061,0.0416666666666667,0.0126582278481013,0.0282776349614396,0.0126582278481013,0.0309278350515464,0.00755667506297229,0.0152284263959391,0.0256410256410256,0.0230179028132992,0.0050251256281407,0.0282776349614396,0.0101010101010101,0.0178117048346056,0.0471204188481675,0.0335917312661499,0.0309278350515464,0.0256410256410256,0.0204081632653061,0.0152284263959391,0.0230179028132992,0.0101010101010101,0.0416666666666667,0.00755667506297229,0.0471204188481675,0.0230179028132992,0.0362694300518135,0.0610079575596817,0.00755667506297229,0.0204081632653061,0.0204081632653061,0.0204081632653061,0.0204081632653061,0.038961038961039,0.0309278350515464,0.0204081632653061,0.0256410256410256,0.0126582278481013,0.0204081632653061,0.0282776349614396,0,0.0309278350515464,0.0256410256410256,0.078167115902965,0.0204081632653061,0.0256410256410256,0.0335917312661499,0.0204081632653061,0.0204081632653061,0.038961038961039,0.0335917312661499,0.226993865030675,0.0554089709762533,0.0256410256410256,0.0256410256410256,0.0230179028132992,0.0152284263959391,0.0152284263959391,0.0362694300518135,0.0526315789473684,0.00755667506297229,0.0723860589812333,0.0152284263959391,0.0309278350515464,0.0443864229765013,0.0695187165775401,0.0204081632653061,0.0335917312661499,0.0152284263959391,0.0554089709762533,0.0178117048346056,0.0178117048346056,0.0282776349614396,0.0204081632653061,0.0282776349614396,0.0335917312661499,0.0126582278481013,0.0416666666666667,0.0204081632653061,0.173020527859238,1,0.101928374655647,0.0869565217391304,0.379310344827586,0.438848920863309,0.418439716312057,0.19047619047619,0.11731843575419,0.324503311258278,0.294498381877023,0.346801346801347,0.360544217687075,0.0230179028132992,0.0526315789473684,0.0204081632653061,0.0416666666666667,0.0230179028132992,0.0554089709762533,0.0230179028132992,0.0126582278481013,0.038961038961039,0.0256410256410256,0.0362694300518135,0.0256410256410256,0.0416666666666667,0.0610079575596817,0.0178117048346056
"GSM1214938",0.038961038961039,0.0256410256410256,0.0362694300518135,0.0204081632653061,0.0256410256410256,0.0309278350515464,0.0309278350515464,0.0101010101010101,0.0416666666666667,0.0309278350515464,0.0958904109589041,0.0152284263959391,0.0256410256410256,0.0178117048346056,0.0230179028132992,0.0152284263959391,0.0152284263959391,0.0723860589812333,0.0362694300518135,0.0256410256410256,0.0282776349614396,0.0256410256410256,0.0256410256410256,0.0282776349614396,0.0498687664041995,0.0230179028132992,0.038961038961039,0.0178117048346056,0.038961038961039,0.0126582278481013,0.0335917312661499,0.0152284263959391,0.0178117048346056,0.0230179028132992,0.0282776349614396,0.0309278350515464,0.0256410256410256,0.0526315789473684,0.0416666666666667,0.0335917312661499,0.0204081632653061,0.0498687664041995,0.0335917312661499,0.0309278350515464,0.0256410256410256,0.0666666666666667,0.0126582278481013,0.0471204188481675,0.0178117048346056,0.0526315789473684,0.0752688172043011,0.0101010101010101,0.0362694300518135,0.0256410256410256,0.0126582278481013,0.0335917312661499,0.0256410256410256,0.038961038961039,0.0256410256410256,0.0152284263959391,0.0230179028132992,0.0204081632653061,0.0335917312661499,0.0050251256281407,0.0554089709762533,0.0204081632653061,0.0582010582010582,0.11731843575419,0.0256410256410256,0.0309278350515464,0.0309278350515464,0.038961038961039,0.0256410256410256,0.038961038961039,0.223241590214067,0.13960113960114,0.0362694300518135,0.0335917312661499,0.0309278350515464,0.0256410256410256,0.0178117048346056,0.0126582278481013,0.0309278350515464,0.0256410256410256,0.0256410256410256,0.0282776349614396,0.0178117048346056,0.0178117048346056,0.0282776349614396,0.0050251256281407,0.0204081632653061,0.0152284263959391,0.0335917312661499,0.038961038961039,0.0152284263959391,0.0178117048346056,0.0416666666666667,0.0335917312661499,0.0309278350515464,0.0309278350515464,0.0309278350515464,0.0335917312661499,0.0899182561307902,0.101928374655647,1,0.15606936416185,0.149425287356322,0.126760563380282,0.126760563380282,0.234567901234568,0.101928374655647,0.126760563380282,0.136363636363636,0.126760563380282,0.149425287356322,0.0582010582010582,0.0958904109589041,0.0416666666666667,0.0610079575596817,0.0471204188481675,0.11731843575419,0.038961038961039,0.0416666666666667,0.0752688172043011,0.0416666666666667,0.0416666666666667,0.0362694300518135,0.0723860589812333,0.092896174863388,0.0416666666666667
"GSM1214939",0.0204081632653061,0.0126582278481013,0.0126582278481013,0.00755667506297229,0.00755667506297229,0.0025062656641604,0.0178117048346056,0.0050251256281407,0.0126582278481013,0.00755667506297229,0.0362694300518135,0.0050251256281407,0.0152284263959391,0.0178117048346056,0.0050251256281407,0.0050251256281407,0.0101010101010101,0.0309278350515464,0.0101010101010101,0.0025062656641604,0.0101010101010101,0.0152284263959391,0.0126582278481013,0.0101010101010101,0.0178117048346056,0.0050251256281407,0.0152284263959391,0.0050251256281407,0.0101010101010101,0.0025062656641604,0.0050251256281407,0.0178117048346056,0.00755667506297229,0.0126582278481013,0.0126582278481013,0.0101010101010101,0.0152284263959391,0.0282776349614396,0.0126582278481013,0.00755667506297229,0.0050251256281407,0.0025062656641604,0.0126582278481013,0.0178117048346056,0.0204081632653061,0.0256410256410256,0.0050251256281407,0.038961038961039,0.00755667506297229,0.0230179028132992,0.0526315789473684,0.0050251256281407,0.00755667506297229,0.0126582278481013,0.0050251256281407,0.00755667506297229,0.0230179028132992,0.00755667506297229,0.0101010101010101,0.0126582278481013,0.0101010101010101,0.0204081632653061,0.0126582278481013,0.0050251256281407,0.0309278350515464,0.00755667506297229,0.038961038961039,0.0666666666666667,0.0152284263959391,0.0101010101010101,0.0050251256281407,0.0152284263959391,0.0050251256281407,0.0230179028132992,0.120448179271709,0.0752688172043011,0.0152284263959391,0.00755667506297229,0.0126582278481013,0.0101010101010101,0.0126582278481013,0.0178117048346056,0.0282776349614396,0.0152284263959391,0.0309278350515464,0.0256410256410256,0.0101010101010101,0.0204081632653061,0.0178117048346056,0.0101010101010101,0.0126582278481013,0.00755667506297229,0.0256410256410256,0.0126582278481013,0.0101010101010101,0.0178117048346056,0.0101010101010101,0.0050251256281407,0.0101010101010101,0.0152284263959391,0.0178117048346056,0.0101010101010101,0.0723860589812333,0.0869565217391304,0.15606936416185,1,0.11731843575419,0.0840108401084011,0.0899182561307902,0.15606936416185,0.0471204188481675,0.0899182561307902,0.0958904109589041,0.0958904109589041,0.0958904109589041,0.0101010101010101,0.038961038961039,0.0204081632653061,0.0126582278481013,0.0126582278481013,0.0282776349614396,0.0101010101010101,0.0126582278481013,0.0471204188481675,0.0050251256281407,0.0101010101010101,0.00755667506297229,0.0204081632653061,0.0335917312661499,0.0050251256281407
"GSM1214940",0.0309278350515464,0.0256410256410256,0.0526315789473684,0.0309278350515464,0.0309278350515464,0.0204081632653061,0.038961038961039,0.0204081632653061,0.0554089709762533,0.038961038961039,0.078167115902965,0.0152284263959391,0.0204081632653061,0.0256410256410256,0.0309278350515464,0.0178117048346056,0.0204081632653061,0.0526315789473684,0.0471204188481675,0.0256410256410256,0.0554089709762533,0.0178117048346056,0.0309278350515464,0.0230179028132992,0.0554089709762533,0.0282776349614396,0.038961038961039,0.0152284263959391,0.0416666666666667,0.0230179028132992,0.0256410256410256,0.0256410256410256,0.0204081632653061,0.0204081632653061,0.0362694300518135,0.0230179028132992,0.0282776349614396,0.0610079575596817,0.0416666666666667,0.0471204188481675,0.0309278350515464,0.0230179028132992,0.0309278350515464,0.0256410256410256,0.0230179028132992,0.0526315789473684,0.0126582278481013,0.0526315789473684,0.0282776349614396,0.0443864229765013,0.0899182561307902,0.0152284263959391,0.0309278350515464,0.0152284263959391,0.0256410256410256,0.0282776349614396,0.0526315789473684,0.0309278350515464,0.0309278350515464,0.0282776349614396,0.0230179028132992,0.0230179028132992,0.0335917312661499,0,0.0471204188481675,0.0362694300518135,0.0752688172043011,0.0335917312661499,0.0178117048346056,0.0282776349614396,0.038961038961039,0.0282776349614396,0.0230179028132992,0.0554089709762533,0.393728222996516,0.101928374655647,0.038961038961039,0.0256410256410256,0.0282776349614396,0.0230179028132992,0.0178117048346056,0.0309278350515464,0.0498687664041995,0.0126582278481013,0.0638297872340425,0.0309278350515464,0.0230179028132992,0.0471204188481675,0.0554089709762533,0.0282776349614396,0.0282776349614396,0.0178117048346056,0.0752688172043011,0.0178117048346056,0.0282776349614396,0.0282776349614396,0.0335917312661499,0.0362694300518135,0.0471204188481675,0.0256410256410256,0.0498687664041995,0.0282776349614396,0.15606936416185,0.379310344827586,0.149425287356322,0.11731843575419,1,0.520912547528517,0.538461538461538,0.197604790419162,0.159420289855072,0.30718954248366,0.486988847583643,0.492537313432836,0.388888888888889,0.0282776349614396,0.0723860589812333,0.038961038961039,0.0498687664041995,0.0256410256410256,0.0610079575596817,0.0282776349614396,0.0335917312661499,0.0554089709762533,0.0309278350515464,0.0554089709762533,0.0526315789473684,0.0582010582010582,0.078167115902965,0.0335917312661499
"GSM1214941",0.0416666666666667,0.0309278350515464,0.0362694300518135,0.0282776349614396,0.0230179028132992,0.0204081632653061,0.0471204188481675,0.0178117048346056,0.0443864229765013,0.0282776349614396,0.0723860589812333,0.0178117048346056,0.0256410256410256,0.0309278350515464,0.0309278350515464,0.0152284263959391,0.0282776349614396,0.0610079575596817,0.038961038961039,0.0204081632653061,0.0471204188481675,0.0230179028132992,0.0335917312661499,0.0230179028132992,0.0582010582010582,0.0178117048346056,0.0362694300518135,0.0204081632653061,0.0362694300518135,0.0230179028132992,0.0178117048346056,0.0282776349614396,0.0335917312661499,0.0126582278481013,0.038961038961039,0.0178117048346056,0.0282776349614396,0.0443864229765013,0.0309278350515464,0.038961038961039,0.0526315789473684,0.0178117048346056,0.0204081632653061,0.0335917312661499,0.0178117048346056,0.0554089709762533,0.0126582278481013,0.0498687664041995,0.0282776349614396,0.0471204188481675,0.0752688172043011,0.00755667506297229,0.0256410256410256,0.0204081632653061,0.0230179028132992,0.0282776349614396,0.0362694300518135,0.0335917312661499,0.038961038961039,0.0282776349614396,0.0256410256410256,0.0178117048346056,0.0335917312661499,0,0.0471204188481675,0.0498687664041995,0.0723860589812333,0.0152284263959391,0.0178117048346056,0.0309278350515464,0.0282776349614396,0.0335917312661499,0.0309278350515464,0.0443864229765013,0.286173633440514,0.0723860589812333,0.0309278350515464,0.0282776349614396,0.0282776349614396,0.0204081632653061,0.0152284263959391,0.0309278350515464,0.038961038961039,0.0126582278481013,0.0498687664041995,0.0309278350515464,0.0256410256410256,0.038961038961039,0.0526315789473684,0.0309278350515464,0.0256410256410256,0.00755667506297229,0.0582010582010582,0.0256410256410256,0.0230179028132992,0.0230179028132992,0.0362694300518135,0.038961038961039,0.0471204188481675,0.0204081632653061,0.0443864229765013,0.0282776349614396,0.159420289855072,0.438848920863309,0.126760563380282,0.0840108401084011,0.520912547528517,1,0.606425702811245,0.173020527859238,0.13314447592068,0.351351351351351,0.360544217687075,0.413427561837456,0.351351351351351,0.0309278350515464,0.0695187165775401,0.0309278350515464,0.0443864229765013,0.0256410256410256,0.0723860589812333,0.0204081632653061,0.0282776349614396,0.0526315789473684,0.0230179028132992,0.0443864229765013,0.0443864229765013,0.0610079575596817,0.0840108401084011,0.0309278350515464
"GSM1214942",0.0335917312661499,0.0204081632653061,0.0335917312661499,0.0230179028132992,0.0178117048346056,0.0178117048346056,0.038961038961039,0.0178117048346056,0.038961038961039,0.0309278350515464,0.0638297872340425,0.0126582278481013,0.0282776349614396,0.0230179028132992,0.0335917312661499,0.0126582278481013,0.0230179028132992,0.0526315789473684,0.0335917312661499,0.0152284263959391,0.0416666666666667,0.0178117048346056,0.0282776349614396,0.0178117048346056,0.0554089709762533,0.0178117048346056,0.0309278350515464,0.0152284263959391,0.0309278350515464,0.0178117048346056,0.0178117048346056,0.0204081632653061,0.0256410256410256,0.0126582278481013,0.0309278350515464,0.0204081632653061,0.0256410256410256,0.0526315789473684,0.0362694300518135,0.0335917312661499,0.0335917312661499,0.0178117048346056,0.0178117048346056,0.0282776349614396,0.0152284263959391,0.0443864229765013,0.0101010101010101,0.0443864229765013,0.0256410256410256,0.0335917312661499,0.0723860589812333,0.00755667506297229,0.0256410256410256,0.0152284263959391,0.0230179028132992,0.0256410256410256,0.0335917312661499,0.0282776349614396,0.0256410256410256,0.0204081632653061,0.0178117048346056,0.0204081632653061,0.0256410256410256,0,0.0443864229765013,0.0498687664041995,0.0695187165775401,0.0204081632653061,0.0230179028132992,0.0204081632653061,0.0282776349614396,0.0256410256410256,0.0230179028132992,0.0335917312661499,0.32013201320132,0.0840108401084011,0.038961038961039,0.0256410256410256,0.0230179028132992,0.0126582278481013,0.0126582278481013,0.0335917312661499,0.0498687664041995,0.0101010101010101,0.0554089709762533,0.0230179028132992,0.0309278350515464,0.0443864229765013,0.0582010582010582,0.0335917312661499,0.0282776349614396,0.0152284263959391,0.0666666666666667,0.0204081632653061,0.0335917312661499,0.0282776349614396,0.038961038961039,0.0443864229765013,0.0526315789473684,0.0204081632653061,0.0471204188481675,0.0309278350515464,0.162790697674419,0.418439716312057,0.126760563380282,0.0899182561307902,0.538461538461538,0.606425702811245,1,0.152737752161383,0.123595505617978,0.302931596091205,0.374570446735395,0.476014760147601,0.379310344827586,0.0230179028132992,0.0526315789473684,0.0178117048346056,0.0335917312661499,0.0230179028132992,0.0471204188481675,0.0126582278481013,0.0178117048346056,0.0443864229765013,0.0178117048346056,0.038961038961039,0.0362694300518135,0.0443864229765013,0.0695187165775401,0.0230179028132992
"GSM1214943",0.0416666666666667,0.0152284263959391,0.0309278350515464,0.0152284263959391,0.0335917312661499,0.038961038961039,0.0282776349614396,0.0101010101010101,0.0443864229765013,0.0282776349614396,0.0695187165775401,0.0126582278481013,0.0204081632653061,0.0178117048346056,0.0204081632653061,0.00755667506297229,0.0178117048346056,0.0526315789473684,0.0282776349614396,0.0256410256410256,0.0362694300518135,0.0256410256410256,0.0178117048346056,0.0204081632653061,0.0526315789473684,0.0256410256410256,0.0309278350515464,0.0230179028132992,0.0309278350515464,0.0152284263959391,0.0178117048346056,0.0178117048346056,0.0309278350515464,0.0126582278481013,0.0230179028132992,0.0282776349614396,0.0256410256410256,0.0526315789473684,0.038961038961039,0.0416666666666667,0.0178117048346056,0.0282776349614396,0.0256410256410256,0.0282776349614396,0.0204081632653061,0.0498687664041995,0.00755667506297229,0.0471204188481675,0.0282776349614396,0.0416666666666667,0.101928374655647,0.0152284263959391,0.0204081632653061,0.0178117048346056,0.0152284263959391,0.038961038961039,0.0282776349614396,0.0309278350515464,0.0230179028132992,0.0204081632653061,0.0152284263959391,0.0230179028132992,0.0256410256410256,0.0025062656641604,0.0443864229765013,0.0152284263959391,0.0554089709762533,0.092896174863388,0.0230179028132992,0.0309278350515464,0.0256410256410256,0.0362694300518135,0.0309278350515464,0.0498687664041995,0.204819277108434,0.0899182561307902,0.0230179028132992,0.0204081632653061,0.0309278350515464,0.0230179028132992,0.0152284263959391,0.0230179028132992,0.0416666666666667,0.0282776349614396,0.0416666666666667,0.0282776349614396,0.0152284263959391,0.0309278350515464,0.0362694300518135,0.0230179028132992,0.0282776349614396,0.0204081632653061,0.0335917312661499,0.0335917312661499,0.0101010101010101,0.0230179028132992,0.0152284263959391,0.0178117048346056,0.0256410256410256,0.0204081632653061,0.0256410256410256,0.0309278350515464,0.13314447592068,0.19047619047619,0.234567901234568,0.15606936416185,0.197604790419162,0.173020527859238,0.152737752161383,1,0.10803324099723,0.162790697674419,0.183431952662722,0.15606936416185,0.19047619047619,0.038961038961039,0.0989010989010989,0.038961038961039,0.0695187165775401,0.038961038961039,0.101928374655647,0.0443864229765013,0.0256410256410256,0.0752688172043011,0.0362694300518135,0.0282776349614396,0.0362694300518135,0.0498687664041995,0.078167115902965,0.0282776349614396
"GSM1214944",0.0443864229765013,0.0309278350515464,0.038961038961039,0.0416666666666667,0.0416666666666667,0.0362694300518135,0.0309278350515464,0.0152284263959391,0.0443864229765013,0.0230179028132992,0.0723860589812333,0.0282776349614396,0.0282776349614396,0.0178117048346056,0.0443864229765013,0.0204081632653061,0.0204081632653061,0.0610079575596817,0.0498687664041995,0.0309278350515464,0.0471204188481675,0.0335917312661499,0.0362694300518135,0.0309278350515464,0.0443864229765013,0.038961038961039,0.0498687664041995,0.0309278350515464,0.038961038961039,0.0230179028132992,0.0335917312661499,0.0230179028132992,0.0335917312661499,0.0230179028132992,0.0498687664041995,0.0282776349614396,0.0362694300518135,0.0554089709762533,0.0554089709762533,0.0362694300518135,0.0416666666666667,0.0204081632653061,0.0335917312661499,0.0309278350515464,0.0282776349614396,0.0471204188481675,0.0256410256410256,0.0416666666666667,0.0335917312661499,0.0471204188481675,0.0610079575596817,0.0282776349614396,0.0335917312661499,0.0256410256410256,0.0256410256410256,0.0309278350515464,0.038961038961039,0.038961038961039,0.0282776349614396,0.0282776349614396,0.0230179028132992,0.0230179028132992,0.0471204188481675,0.0025062656641604,0.038961038961039,0.0443864229765013,0.0582010582010582,0.0256410256410256,0.0152284263959391,0.0362694300518135,0.0256410256410256,0.038961038961039,0.0282776349614396,0.038961038961039,0.15606936416185,0.0526315789473684,0.0309278350515464,0.0282776349614396,0.0443864229765013,0.0362694300518135,0.0256410256410256,0.0526315789473684,0.0582010582010582,0.0126582278481013,0.0638297872340425,0.0282776349614396,0.038961038961039,0.0498687664041995,0.0610079575596817,0.0335917312661499,0.0282776349614396,0.0178117048346056,0.0638297872340425,0.0498687664041995,0.0416666666666667,0.0282776349614396,0.0335917312661499,0.0282776349614396,0.0471204188481675,0.038961038961039,0.0471204188481675,0.0554089709762533,0.360544217687075,0.11731843575419,0.101928374655647,0.0471204188481675,0.159420289855072,0.13314447592068,0.123595505617978,0.10803324099723,1,0.114206128133705,0.183431952662722,0.173020527859238,0.129943502824859,0.0471204188481675,0.0610079575596817,0.0335917312661499,0.0666666666666667,0.038961038961039,0.0869565217391304,0.0526315789473684,0.0498687664041995,0.038961038961039,0.0471204188481675,0.0362694300518135,0.0471204188481675,0.0526315789473684,0.0666666666666667,0.0335917312661499
"GSM1214945",0.0230179028132992,0.0126582278481013,0.0335917312661499,0.0335917312661499,0.0230179028132992,0.0126582278481013,0.038961038961039,0.0152284263959391,0.0362694300518135,0.0178117048346056,0.0840108401084011,0.0178117048346056,0.0204081632653061,0.0282776349614396,0.0178117048346056,0.0152284263959391,0.0204081632653061,0.0666666666666667,0.0282776349614396,0.0256410256410256,0.0309278350515464,0.0178117048346056,0.0282776349614396,0.0126582278481013,0.0443864229765013,0.0178117048346056,0.0309278350515464,0.00755667506297229,0.0256410256410256,0.00755667506297229,0.0204081632653061,0.0152284263959391,0.0152284263959391,0.0101010101010101,0.0282776349614396,0.0178117048346056,0.0152284263959391,0.0443864229765013,0.0416666666666667,0.0362694300518135,0.038961038961039,0.0152284263959391,0.0230179028132992,0.0282776349614396,0.0126582278481013,0.0638297872340425,0.0126582278481013,0.0443864229765013,0.0152284263959391,0.0416666666666667,0.0610079575596817,0.0101010101010101,0.0256410256410256,0.0282776349614396,0.0256410256410256,0.038961038961039,0.0309278350515464,0.0362694300518135,0.0282776349614396,0.0256410256410256,0.0178117048346056,0.0204081632653061,0.0416666666666667,0.0050251256281407,0.0362694300518135,0.0230179028132992,0.0899182561307902,0.0230179028132992,0.0152284263959391,0.0178117048346056,0.0309278350515464,0.0230179028132992,0.0282776349614396,0.0362694300518135,0.234567901234568,0.0723860589812333,0.0204081632653061,0.0204081632653061,0.0282776349614396,0.0282776349614396,0.0152284263959391,0.0204081632653061,0.0335917312661499,0.0126582278481013,0.0309278350515464,0.0362694300518135,0.0178117048346056,0.0178117048346056,0.038961038961039,0.0230179028132992,0.0230179028132992,0.00755667506297229,0.0416666666666667,0.0152284263959391,0.0152284263959391,0.0230179028132992,0.0152284263959391,0.0126582278481013,0.0335917312661499,0.00755667506297229,0.0498687664041995,0.0309278350515464,0.13960113960114,0.324503311258278,0.126760563380282,0.0899182561307902,0.30718954248366,0.351351351351351,0.302931596091205,0.162790697674419,0.114206128133705,1,0.32013201320132,0.360544217687075,0.393728222996516,0.038961038961039,0.078167115902965,0.0362694300518135,0.0471204188481675,0.0230179028132992,0.078167115902965,0.0416666666666667,0.0282776349614396,0.0638297872340425,0.0416666666666667,0.0416666666666667,0.0498687664041995,0.0638297872340425,0.0810810810810811,0.0309278350515464
"GSM1214946",0.0256410256410256,0.0178117048346056,0.0526315789473684,0.0256410256410256,0.0335917312661499,0.0204081632653061,0.038961038961039,0.0178117048346056,0.0498687664041995,0.0282776349614396,0.0899182561307902,0.0204081632653061,0.0256410256410256,0.0204081632653061,0.0335917312661499,0.0178117048346056,0.0230179028132992,0.0666666666666667,0.0498687664041995,0.0282776349614396,0.0554089709762533,0.0230179028132992,0.0335917312661499,0.0204081632653061,0.0498687664041995,0.0335917312661499,0.0335917312661499,0.0101010101010101,0.0362694300518135,0.0230179028132992,0.0282776349614396,0.0152284263959391,0.0178117048346056,0.0152284263959391,0.0362694300518135,0.0362694300518135,0.0282776349614396,0.0582010582010582,0.0582010582010582,0.0526315789473684,0.0416666666666667,0.0204081632653061,0.0362694300518135,0.0309278350515464,0.0204081632653061,0.0498687664041995,0.0152284263959391,0.0582010582010582,0.0256410256410256,0.0416666666666667,0.0958904109589041,0.0050251256281407,0.0335917312661499,0.0152284263959391,0.0230179028132992,0.0471204188481675,0.0471204188481675,0.0362694300518135,0.0282776349614396,0.0362694300518135,0.0178117048346056,0.0204081632653061,0.0335917312661499,0,0.0498687664041995,0.0362694300518135,0.0810810810810811,0.0416666666666667,0.0152284263959391,0.038961038961039,0.0362694300518135,0.0335917312661499,0.0256410256410256,0.0526315789473684,0.346801346801347,0.0958904109589041,0.0416666666666667,0.0309278350515464,0.0282776349614396,0.0282776349614396,0.0230179028132992,0.0256410256410256,0.0471204188481675,0.0152284263959391,0.0582010582010582,0.0335917312661499,0.0204081632653061,0.0416666666666667,0.0526315789473684,0.0230179028132992,0.0309278350515464,0.0256410256410256,0.0582010582010582,0.0230179028132992,0.0309278350515464,0.0230179028132992,0.0256410256410256,0.0204081632653061,0.0416666666666667,0.0256410256410256,0.0471204188481675,0.0335917312661499,0.146131805157593,0.294498381877023,0.136363636363636,0.0958904109589041,0.486988847583643,0.360544217687075,0.374570446735395,0.183431952662722,0.183431952662722,0.32013201320132,1,0.587301587301587,0.315789473684211,0.0362694300518135,0.0752688172043011,0.038961038961039,0.038961038961039,0.0230179028132992,0.078167115902965,0.0362694300518135,0.038961038961039,0.0554089709762533,0.0416666666666667,0.0443864229765013,0.0471204188481675,0.0695187165775401,0.0899182561307902,0.0443864229765013
"GSM1214947",0.0230179028132992,0.0230179028132992,0.0443864229765013,0.0309278350515464,0.0256410256410256,0.0204081632653061,0.0416666666666667,0.0178117048346056,0.0471204188481675,0.0309278350515464,0.0840108401084011,0.0178117048346056,0.0204081632653061,0.0282776349614396,0.0309278350515464,0.0204081632653061,0.0256410256410256,0.0582010582010582,0.0471204188481675,0.0230179028132992,0.0498687664041995,0.0256410256410256,0.0362694300518135,0.0204081632653061,0.0526315789473684,0.0256410256410256,0.0362694300518135,0.0126582278481013,0.0362694300518135,0.0204081632653061,0.0178117048346056,0.0178117048346056,0.0178117048346056,0.0101010101010101,0.0362694300518135,0.0282776349614396,0.0256410256410256,0.0471204188481675,0.0416666666666667,0.0443864229765013,0.038961038961039,0.0178117048346056,0.0282776349614396,0.0335917312661499,0.0178117048346056,0.0554089709762533,0.0178117048346056,0.0498687664041995,0.0362694300518135,0.0416666666666667,0.078167115902965,0.00755667506297229,0.0282776349614396,0.0178117048346056,0.0282776349614396,0.0443864229765013,0.0526315789473684,0.0335917312661499,0.0256410256410256,0.0282776349614396,0.0256410256410256,0.0282776349614396,0.0335917312661499,0,0.0443864229765013,0.0362694300518135,0.092896174863388,0.0362694300518135,0.0204081632653061,0.038961038961039,0.0362694300518135,0.0335917312661499,0.0230179028132992,0.0526315789473684,0.393728222996516,0.092896174863388,0.0471204188481675,0.0309278350515464,0.0335917312661499,0.0230179028132992,0.0230179028132992,0.0256410256410256,0.0416666666666667,0.0025062656641604,0.0498687664041995,0.0178117048346056,0.0230179028132992,0.0309278350515464,0.0498687664041995,0.0256410256410256,0.0204081632653061,0.00755667506297229,0.0582010582010582,0.0152284263959391,0.0230179028132992,0.0230179028132992,0.0204081632653061,0.0178117048346056,0.0309278350515464,0.0152284263959391,0.0498687664041995,0.0256410256410256,0.149425287356322,0.346801346801347,0.126760563380282,0.0958904109589041,0.492537313432836,0.413427561837456,0.476014760147601,0.15606936416185,0.173020527859238,0.360544217687075,0.587301587301587,1,0.379310344827586,0.0309278350515464,0.0666666666666667,0.0335917312661499,0.038961038961039,0.0178117048346056,0.0723860589812333,0.0362694300518135,0.0362694300518135,0.0471204188481675,0.0335917312661499,0.0471204188481675,0.0582010582010582,0.0666666666666667,0.0752688172043011,0.0335917312661499
"GSM1214948",0.0335917312661499,0.0178117048346056,0.0416666666666667,0.0230179028132992,0.0256410256410256,0.0204081632653061,0.0335917312661499,0.0101010101010101,0.038961038961039,0.0256410256410256,0.0638297872340425,0.0126582278481013,0.0204081632653061,0.0256410256410256,0.0282776349614396,0.00755667506297229,0.0204081632653061,0.0526315789473684,0.0282776349614396,0.0230179028132992,0.0471204188481675,0.0204081632653061,0.0282776349614396,0.0178117048346056,0.0498687664041995,0.0204081632653061,0.0256410256410256,0.0230179028132992,0.0282776349614396,0.0101010101010101,0.0204081632653061,0.0204081632653061,0.0282776349614396,0.0101010101010101,0.0282776349614396,0.0152284263959391,0.0178117048346056,0.0526315789473684,0.0471204188481675,0.0362694300518135,0.038961038961039,0.0256410256410256,0.0126582278481013,0.0256410256410256,0.0152284263959391,0.0471204188481675,0.0126582278481013,0.0443864229765013,0.0126582278481013,0.0498687664041995,0.0723860589812333,0.0025062656641604,0.0256410256410256,0.0282776349614396,0.0204081632653061,0.0282776349614396,0.038961038961039,0.0335917312661499,0.0204081632653061,0.0256410256410256,0.0126582278481013,0.0230179028132992,0.0335917312661499,0,0.0416666666666667,0.0416666666666667,0.078167115902965,0.0309278350515464,0.0256410256410256,0.0204081632653061,0.0309278350515464,0.0204081632653061,0.0256410256410256,0.0526315789473684,0.286173633440514,0.0958904109589041,0.0282776349614396,0.0230179028132992,0.0309278350515464,0.0230179028132992,0.0230179028132992,0.0471204188481675,0.0526315789473684,0.0101010101010101,0.0554089709762533,0.0152284263959391,0.0362694300518135,0.0471204188481675,0.0526315789473684,0.0256410256410256,0.0256410256410256,0.0152284263959391,0.0443864229765013,0.0152284263959391,0.0230179028132992,0.0282776349614396,0.0152284263959391,0.0230179028132992,0.0416666666666667,0.0101010101010101,0.0498687664041995,0.0178117048346056,0.162790697674419,0.360544217687075,0.149425287356322,0.0958904109589041,0.388888888888889,0.351351351351351,0.379310344827586,0.19047619047619,0.129943502824859,0.393728222996516,0.315789473684211,0.379310344827586,1,0.0309278350515464,0.0752688172043011,0.0230179028132992,0.0498687664041995,0.0362694300518135,0.0752688172043011,0.0204081632653061,0.0256410256410256,0.0498687664041995,0.0282776349614396,0.0443864229765013,0.0362694300518135,0.0498687664041995,0.0723860589812333,0.0230179028132992
"GSM1214949",0.078167115902965,0.0498687664041995,0.0610079575596817,0.0638297872340425,0.0752688172043011,0.0610079575596817,0.0554089709762533,0.0443864229765013,0.078167115902965,0.0610079575596817,0.0638297872340425,0.038961038961039,0.0695187165775401,0.0362694300518135,0.0695187165775401,0.0695187165775401,0.0638297872340425,0.0840108401084011,0.0869565217391304,0.0666666666666667,0.078167115902965,0.0695187165775401,0.0695187165775401,0.104972375690608,0.092896174863388,0.0582010582010582,0.111111111111111,0.0638297872340425,0.0723860589812333,0.0471204188481675,0.0899182561307902,0.0498687664041995,0.0554089709762533,0.0899182561307902,0.078167115902965,0.114206128133705,0.0666666666666667,0.0695187165775401,0.0810810810810811,0.0840108401084011,0.0471204188481675,0.0695187165775401,0.282051282051282,0.0752688172043011,0.0443864229765013,0.0554089709762533,0.0869565217391304,0.0989010989010989,0.126760563380282,0.0723860589812333,0.0723860589812333,0.0471204188481675,0.169590643274854,0.0666666666666667,0.0362694300518135,0.0443864229765013,0.10803324099723,0.13314447592068,0.166180758017493,0.15606936416185,0.0471204188481675,0.0526315789473684,0.11731843575419,0.0282776349614396,0.120448179271709,0.129943502824859,0.0610079575596817,0.038961038961039,0.0752688172043011,0.104972375690608,0.0869565217391304,0.0526315789473684,0.0899182561307902,0.0840108401084011,0.0256410256410256,0.0610079575596817,0.0638297872340425,0.078167115902965,0.0899182561307902,0.11731843575419,0.0256410256410256,0.0335917312661499,0.0443864229765013,0.0335917312661499,0.0582010582010582,0.0309278350515464,0.0582010582010582,0.0256410256410256,0.0443864229765013,0.0471204188481675,0.0526315789473684,0.0309278350515464,0.0443864229765013,0.0610079575596817,0.0471204188481675,0.0471204188481675,0.0471204188481675,0.0526315789473684,0.0582010582010582,0.0526315789473684,0.0498687664041995,0.078167115902965,0.0256410256410256,0.0230179028132992,0.0582010582010582,0.0101010101010101,0.0282776349614396,0.0309278350515464,0.0230179028132992,0.038961038961039,0.0471204188481675,0.038961038961039,0.0362694300518135,0.0309278350515464,0.0309278350515464,1,0.146131805157593,0.273885350318471,0.186943620178042,0.230769230769231,0.21580547112462,0.114206128133705,0.253918495297806,0.230769230769231,0.257861635220126,0.126760563380282,0.0666666666666667,0.212121212121212,0.212121212121212,0.30718954248366
"GSM1214950",0.0443864229765013,0.038961038961039,0.0695187165775401,0.0526315789473684,0.0666666666666667,0.0309278350515464,0.0582010582010582,0.0282776349614396,0.0989010989010989,0.078167115902965,0.114206128133705,0.0256410256410256,0.0362694300518135,0.0526315789473684,0.0471204188481675,0.0282776349614396,0.0498687664041995,0.0989010989010989,0.0695187165775401,0.0416666666666667,0.0695187165775401,0.0471204188481675,0.0471204188481675,0.0610079575596817,0.0958904109589041,0.038961038961039,0.0610079575596817,0.038961038961039,0.0666666666666667,0.0282776349614396,0.0309278350515464,0.038961038961039,0.0256410256410256,0.0471204188481675,0.0416666666666667,0.0554089709762533,0.0498687664041995,0.0610079575596817,0.078167115902965,0.0666666666666667,0.0666666666666667,0.078167115902965,0.120448179271709,0.0582010582010582,0.0204081632653061,0.0554089709762533,0.0723860589812333,0.0638297872340425,0.0554089709762533,0.0958904109589041,0.0638297872340425,0.0416666666666667,0.0989010989010989,0.0752688172043011,0.0362694300518135,0.0471204188481675,0.0869565217391304,0.0752688172043011,0.114206128133705,0.0610079575596817,0.0416666666666667,0.0723860589812333,0.092896174863388,0.0335917312661499,0.0840108401084011,0.092896174863388,0.0443864229765013,0.11731843575419,0.0498687664041995,0.0869565217391304,0.078167115902965,0.0471204188481675,0.0723860589812333,0.104972375690608,0.10803324099723,0.078167115902965,0.0554089709762533,0.0695187165775401,0.078167115902965,0.0899182561307902,0.0256410256410256,0.0178117048346056,0.0256410256410256,0.0309278350515464,0.0230179028132992,0.0230179028132992,0.0554089709762533,0.0230179028132992,0.0282776349614396,0.0309278350515464,0.0335917312661499,0.0152284263959391,0.0256410256410256,0.0443864229765013,0.0309278350515464,0.0256410256410256,0.0309278350515464,0.0309278350515464,0.0582010582010582,0.038961038961039,0.0362694300518135,0.0582010582010582,0.0666666666666667,0.0526315789473684,0.0958904109589041,0.038961038961039,0.0723860589812333,0.0695187165775401,0.0526315789473684,0.0989010989010989,0.0610079575596817,0.078167115902965,0.0752688172043011,0.0666666666666667,0.0752688172043011,0.146131805157593,1,0.204819277108434,0.230769230769231,0.176470588235294,0.286173633440514,0.136363636363636,0.162790697674419,0.212121212121212,0.204819277108434,0.0989010989010989,0.078167115902965,0.273885350318471,0.25,0.120448179271709
"GSM1214951",0.0723860589812333,0.0526315789473684,0.0610079575596817,0.0610079575596817,0.0695187165775401,0.0554089709762533,0.0638297872340425,0.0582010582010582,0.0723860589812333,0.0666666666666667,0.0666666666666667,0.0526315789473684,0.0582010582010582,0.0471204188481675,0.0666666666666667,0.0582010582010582,0.0638297872340425,0.0810810810810811,0.0695187165775401,0.0610079575596817,0.0666666666666667,0.078167115902965,0.0638297872340425,0.0989010989010989,0.092896174863388,0.0582010582010582,0.0899182561307902,0.078167115902965,0.0752688172043011,0.0526315789473684,0.078167115902965,0.0443864229765013,0.0526315789473684,0.078167115902965,0.0695187165775401,0.10803324099723,0.0638297872340425,0.0638297872340425,0.0638297872340425,0.0752688172043011,0.0526315789473684,0.0666666666666667,0.30718954248366,0.0752688172043011,0.0443864229765013,0.0526315789473684,0.0582010582010582,0.0695187165775401,0.0899182561307902,0.104972375690608,0.0723860589812333,0.0335917312661499,0.21580547112462,0.0526315789473684,0.0443864229765013,0.0471204188481675,0.126760563380282,0.092896174863388,0.129943502824859,0.123595505617978,0.0335917312661499,0.0526315789473684,0.0869565217391304,0.0256410256410256,0.101928374655647,0.10803324099723,0.078167115902965,0.0610079575596817,0.0498687664041995,0.0989010989010989,0.0638297872340425,0.0582010582010582,0.0810810810810811,0.0810810810810811,0.0362694300518135,0.0610079575596817,0.0498687664041995,0.0638297872340425,0.0869565217391304,0.11731843575419,0.0256410256410256,0.0282776349614396,0.038961038961039,0.0309278350515464,0.0362694300518135,0.0309278350515464,0.0362694300518135,0.0152284263959391,0.038961038961039,0.0256410256410256,0.038961038961039,0.0230179028132992,0.0335917312661499,0.038961038961039,0.0309278350515464,0.0335917312661499,0.0309278350515464,0.0282776349614396,0.0498687664041995,0.0309278350515464,0.0471204188481675,0.0810810810810811,0.0204081632653061,0.0204081632653061,0.0416666666666667,0.0204081632653061,0.038961038961039,0.0309278350515464,0.0178117048346056,0.038961038961039,0.0335917312661499,0.0362694300518135,0.038961038961039,0.0335917312661499,0.0230179028132992,0.273885350318471,0.204819277108434,1,0.257861635220126,0.265822784810127,0.355932203389831,0.129943502824859,0.230769230769231,0.315789473684211,0.36518771331058,0.123595505617978,0.078167115902965,0.333333333333333,0.337792642140468,0.242236024844721
"GSM1214952",0.0695187165775401,0.0335917312661499,0.0498687664041995,0.0471204188481675,0.0666666666666667,0.0335917312661499,0.0666666666666667,0.0416666666666667,0.104972375690608,0.10803324099723,0.0869565217391304,0.0362694300518135,0.0443864229765013,0.038961038961039,0.0471204188481675,0.0554089709762533,0.0554089709762533,0.078167115902965,0.0695187165775401,0.0554089709762533,0.078167115902965,0.0666666666666667,0.0582010582010582,0.0869565217391304,0.104972375690608,0.0695187165775401,0.0810810810810811,0.0526315789473684,0.0899182561307902,0.0362694300518135,0.0526315789473684,0.0416666666666667,0.0443864229765013,0.0695187165775401,0.0554089709762533,0.0723860589812333,0.038961038961039,0.0723860589812333,0.0610079575596817,0.0752688172043011,0.0526315789473684,0.078167115902965,0.162790697674419,0.0666666666666667,0.0362694300518135,0.0554089709762533,0.0638297872340425,0.0582010582010582,0.0869565217391304,0.0869565217391304,0.0638297872340425,0.0526315789473684,0.15606936416185,0.10803324099723,0.0526315789473684,0.038961038961039,0.101928374655647,0.0989010989010989,0.101928374655647,0.0989010989010989,0.0443864229765013,0.0582010582010582,0.0840108401084011,0.0335917312661499,0.0638297872340425,0.078167115902965,0.0554089709762533,0.0695187165775401,0.0471204188481675,0.0752688172043011,0.0638297872340425,0.0471204188481675,0.0666666666666667,0.0810810810810811,0.0443864229765013,0.0610079575596817,0.0471204188481675,0.0666666666666667,0.078167115902965,0.0958904109589041,0.0230179028132992,0.0152284263959391,0.0256410256410256,0.0282776349614396,0.0309278350515464,0.0152284263959391,0.0443864229765013,0.0152284263959391,0.0282776349614396,0.0362694300518135,0.0309278350515464,0.0178117048346056,0.0362694300518135,0.0416666666666667,0.0256410256410256,0.0256410256410256,0.0335917312661499,0.0335917312661499,0.0582010582010582,0.0282776349614396,0.0309278350515464,0.0610079575596817,0.0610079575596817,0.0416666666666667,0.0610079575596817,0.0126582278481013,0.0498687664041995,0.0443864229765013,0.0335917312661499,0.0695187165775401,0.0666666666666667,0.0471204188481675,0.038961038961039,0.038961038961039,0.0498687664041995,0.186943620178042,0.230769230769231,0.257861635220126,1,0.26984126984127,0.286173633440514,0.152737752161383,0.166180758017493,0.179941002949853,0.261829652996845,0.0723860589812333,0.0666666666666667,0.219512195121951,0.253918495297806,0.166180758017493
"GSM1214953",0.0582010582010582,0.0335917312661499,0.038961038961039,0.0526315789473684,0.0610079575596817,0.0416666666666667,0.0638297872340425,0.0335917312661499,0.0723860589812333,0.092896174863388,0.0752688172043011,0.0309278350515464,0.0256410256410256,0.0416666666666667,0.0526315789473684,0.0526315789473684,0.0582010582010582,0.0526315789473684,0.0554089709762533,0.0498687664041995,0.0526315789473684,0.0498687664041995,0.0638297872340425,0.0752688172043011,0.078167115902965,0.0471204188481675,0.0695187165775401,0.0582010582010582,0.0582010582010582,0.0416666666666667,0.0554089709762533,0.038961038961039,0.0554089709762533,0.0666666666666667,0.0498687664041995,0.0752688172043011,0.0471204188481675,0.0526315789473684,0.0666666666666667,0.0610079575596817,0.0610079575596817,0.0810810810810811,0.230769230769231,0.0723860589812333,0.0309278350515464,0.0443864229765013,0.0526315789473684,0.0666666666666667,0.0810810810810811,0.078167115902965,0.0638297872340425,0.038961038961039,0.159420289855072,0.0638297872340425,0.0443864229765013,0.0582010582010582,0.0869565217391304,0.123595505617978,0.13314447592068,0.120448179271709,0.038961038961039,0.0471204188481675,0.0869565217391304,0.0256410256410256,0.0899182561307902,0.114206128133705,0.0554089709762533,0.0638297872340425,0.0840108401084011,0.0695187165775401,0.0638297872340425,0.0498687664041995,0.0666666666666667,0.0695187165775401,0.0256410256410256,0.0638297872340425,0.0416666666666667,0.0638297872340425,0.0666666666666667,0.0989010989010989,0.0256410256410256,0.0204081632653061,0.0230179028132992,0.0152284263959391,0.0335917312661499,0.0152284263959391,0.0554089709762533,0.0152284263959391,0.0335917312661499,0.0335917312661499,0.0256410256410256,0.0230179028132992,0.0335917312661499,0.038961038961039,0.0282776349614396,0.0335917312661499,0.0362694300518135,0.0362694300518135,0.0695187165775401,0.0282776349614396,0.0362694300518135,0.0638297872340425,0.0335917312661499,0.0230179028132992,0.0471204188481675,0.0126582278481013,0.0256410256410256,0.0256410256410256,0.0230179028132992,0.038961038961039,0.038961038961039,0.0230179028132992,0.0230179028132992,0.0178117048346056,0.0362694300518135,0.230769230769231,0.176470588235294,0.265822784810127,0.26984126984127,1,0.265822784810127,0.120448179271709,0.15606936416185,0.204819277108434,0.246105919003115,0.0752688172043011,0.0610079575596817,0.197604790419162,0.223241590214067,0.194029850746269
"GSM1214954",0.0666666666666667,0.038961038961039,0.0554089709762533,0.0582010582010582,0.0752688172043011,0.0471204188481675,0.0752688172043011,0.038961038961039,0.0723860589812333,0.0723860589812333,0.11731843575419,0.038961038961039,0.0256410256410256,0.0498687664041995,0.0638297872340425,0.0582010582010582,0.0638297872340425,0.0810810810810811,0.0752688172043011,0.0471204188481675,0.0443864229765013,0.0582010582010582,0.0666666666666667,0.078167115902965,0.0899182561307902,0.0443864229765013,0.0752688172043011,0.0526315789473684,0.0582010582010582,0.0256410256410256,0.0498687664041995,0.0416666666666667,0.0335917312661499,0.0695187165775401,0.0554089709762533,0.0869565217391304,0.0416666666666667,0.0443864229765013,0.0666666666666667,0.038961038961039,0.0610079575596817,0.0666666666666667,0.212121212121212,0.0638297872340425,0.0362694300518135,0.0610079575596817,0.0416666666666667,0.0582010582010582,0.101928374655647,0.111111111111111,0.0695187165775401,0.0230179028132992,0.183431952662722,0.038961038961039,0.0498687664041995,0.0695187165775401,0.129943502824859,0.0989010989010989,0.123595505617978,0.0989010989010989,0.0554089709762533,0.0610079575596817,0.0840108401084011,0.0204081632653061,0.092896174863388,0.101928374655647,0.0582010582010582,0.0638297872340425,0.0526315789473684,0.101928374655647,0.0752688172043011,0.0443864229765013,0.0810810810810811,0.0752688172043011,0.092896174863388,0.0666666666666667,0.0335917312661499,0.0638297872340425,0.0869565217391304,0.0989010989010989,0.0282776349614396,0.0152284263959391,0.0335917312661499,0.0230179028132992,0.0309278350515464,0.0230179028132992,0.038961038961039,0.0126582278481013,0.0362694300518135,0.0309278350515464,0.0282776349614396,0.0178117048346056,0.0256410256410256,0.0416666666666667,0.0230179028132992,0.0309278350515464,0.0282776349614396,0.0256410256410256,0.0582010582010582,0.0282776349614396,0.0443864229765013,0.0554089709762533,0.0695187165775401,0.0554089709762533,0.11731843575419,0.0282776349614396,0.0610079575596817,0.0723860589812333,0.0471204188481675,0.101928374655647,0.0869565217391304,0.078167115902965,0.078167115902965,0.0723860589812333,0.0752688172043011,0.21580547112462,0.286173633440514,0.355932203389831,0.286173633440514,0.265822784810127,1,0.162790697674419,0.194029850746269,0.21580547112462,0.277955271565495,0.0869565217391304,0.0498687664041995,0.26984126984127,0.393728222996516,0.166180758017493
"GSM1214955",0.0471204188481675,0.0230179028132992,0.0471204188481675,0.0416666666666667,0.0695187165775401,0.0695187165775401,0.0498687664041995,0.0230179028132992,0.0695187165775401,0.0526315789473684,0.0666666666666667,0.0256410256410256,0.0443864229765013,0.0204081632653061,0.0723860589812333,0.0471204188481675,0.0498687664041995,0.0695187165775401,0.0554089709762533,0.0526315789473684,0.0471204188481675,0.0362694300518135,0.0471204188481675,0.0582010582010582,0.0582010582010582,0.038961038961039,0.0610079575596817,0.038961038961039,0.0443864229765013,0.0335917312661499,0.0416666666666667,0.0256410256410256,0.0443864229765013,0.0498687664041995,0.0610079575596817,0.0582010582010582,0.0282776349614396,0.0498687664041995,0.0610079575596817,0.0554089709762533,0.0498687664041995,0.0638297872340425,0.114206128133705,0.0582010582010582,0.0416666666666667,0.0416666666666667,0.0471204188481675,0.0443864229765013,0.078167115902965,0.0840108401084011,0.0869565217391304,0.038961038961039,0.0989010989010989,0.0610079575596817,0.0282776349614396,0.0443864229765013,0.0810810810810811,0.0554089709762533,0.0899182561307902,0.0526315789473684,0.0335917312661499,0.0638297872340425,0.0810810810810811,0.0178117048346056,0.0526315789473684,0.0554089709762533,0.0554089709762533,0.0752688172043011,0.0362694300518135,0.0554089709762533,0.0666666666666667,0.0443864229765013,0.0752688172043011,0.0666666666666667,0.038961038961039,0.0810810810810811,0.0554089709762533,0.0471204188481675,0.0610079575596817,0.078167115902965,0.0230179028132992,0.0050251256281407,0.0152284263959391,0.0126582278481013,0.0204081632653061,0.0101010101010101,0.0362694300518135,0.0050251256281407,0.0126582278481013,0.0178117048346056,0.0204081632653061,0.0152284263959391,0.0152284263959391,0.0178117048346056,0.00755667506297229,0.00755667506297229,0.0335917312661499,0.0178117048346056,0.0443864229765013,0.0309278350515464,0.0178117048346056,0.0554089709762533,0.0335917312661499,0.0230179028132992,0.038961038961039,0.0101010101010101,0.0282776349614396,0.0204081632653061,0.0126582278481013,0.0443864229765013,0.0526315789473684,0.0416666666666667,0.0362694300518135,0.0362694300518135,0.0204081632653061,0.114206128133705,0.136363636363636,0.129943502824859,0.152737752161383,0.120448179271709,0.162790697674419,1,0.152737752161383,0.10803324099723,0.208459214501511,0.092896174863388,0.0582010582010582,0.13960113960114,0.111111111111111,0.120448179271709
"GSM1214956",0.0582010582010582,0.0416666666666667,0.0695187165775401,0.0695187165775401,0.0989010989010989,0.0471204188481675,0.0471204188481675,0.0362694300518135,0.078167115902965,0.0526315789473684,0.0869565217391304,0.0335917312661499,0.0526315789473684,0.038961038961039,0.0723860589812333,0.0582010582010582,0.0498687664041995,0.0869565217391304,0.0840108401084011,0.0443864229765013,0.0638297872340425,0.0638297872340425,0.0554089709762533,0.0638297872340425,0.0666666666666667,0.0443864229765013,0.0695187165775401,0.0582010582010582,0.0498687664041995,0.0526315789473684,0.0582010582010582,0.0362694300518135,0.0416666666666667,0.0498687664041995,0.0840108401084011,0.0810810810810811,0.0695187165775401,0.0666666666666667,0.0840108401084011,0.0666666666666667,0.0526315789473684,0.0582010582010582,0.234567901234568,0.0498687664041995,0.0282776349614396,0.0582010582010582,0.0840108401084011,0.0610079575596817,0.114206128133705,0.104972375690608,0.0958904109589041,0.0666666666666667,0.149425287356322,0.0810810810810811,0.038961038961039,0.0443864229765013,0.10803324099723,0.0869565217391304,0.111111111111111,0.0958904109589041,0.0554089709762533,0.0752688172043011,0.092896174863388,0.0256410256410256,0.0899182561307902,0.101928374655647,0.0554089709762533,0.0610079575596817,0.0498687664041995,0.0958904109589041,0.092896174863388,0.0610079575596817,0.0695187165775401,0.142857142857143,0.0498687664041995,0.0840108401084011,0.0752688172043011,0.0638297872340425,0.10803324099723,0.162790697674419,0.0282776349614396,0.0178117048346056,0.0256410256410256,0.0230179028132992,0.0309278350515464,0.0256410256410256,0.0498687664041995,0.0152284263959391,0.0335917312661499,0.0309278350515464,0.0309278350515464,0.0443864229765013,0.0416666666666667,0.0443864229765013,0.0256410256410256,0.0282776349614396,0.038961038961039,0.0471204188481675,0.0443864229765013,0.0362694300518135,0.0443864229765013,0.0582010582010582,0.0204081632653061,0.0126582278481013,0.0416666666666667,0.0126582278481013,0.0335917312661499,0.0282776349614396,0.0178117048346056,0.0256410256410256,0.0498687664041995,0.0282776349614396,0.038961038961039,0.0362694300518135,0.0256410256410256,0.253918495297806,0.162790697674419,0.230769230769231,0.166180758017493,0.15606936416185,0.194029850746269,0.152737752161383,1,0.212121212121212,0.226993865030675,0.159420289855072,0.0752688172043011,0.246105919003115,0.186943620178042,0.26984126984127
"GSM1214957",0.0723860589812333,0.0471204188481675,0.0416666666666667,0.0471204188481675,0.0582010582010582,0.0335917312661499,0.0498687664041995,0.0443864229765013,0.0526315789473684,0.0666666666666667,0.0810810810810811,0.0309278350515464,0.0443864229765013,0.0582010582010582,0.0526315789473684,0.0554089709762533,0.0443864229765013,0.0752688172043011,0.0723860589812333,0.0638297872340425,0.0638297872340425,0.0695187165775401,0.0554089709762533,0.104972375690608,0.0958904109589041,0.0554089709762533,0.0989010989010989,0.0610079575596817,0.0695187165775401,0.0335917312661499,0.0666666666666667,0.038961038961039,0.0443864229765013,0.078167115902965,0.0638297872340425,0.0810810810810811,0.0610079575596817,0.0498687664041995,0.0638297872340425,0.0723860589812333,0.0526315789473684,0.0723860589812333,0.261829652996845,0.0840108401084011,0.0362694300518135,0.0638297872340425,0.0554089709762533,0.0840108401084011,0.114206128133705,0.092896174863388,0.078167115902965,0.0498687664041995,0.19047619047619,0.0471204188481675,0.0309278350515464,0.0256410256410256,0.0840108401084011,0.111111111111111,0.166180758017493,0.11731843575419,0.038961038961039,0.0526315789473684,0.126760563380282,0.0362694300518135,0.13960113960114,0.13960113960114,0.0526315789473684,0.0610079575596817,0.078167115902965,0.0958904109589041,0.0554089709762533,0.0471204188481675,0.0638297872340425,0.0810810810810811,0.0638297872340425,0.0810810810810811,0.0443864229765013,0.0666666666666667,0.0723860589812333,0.114206128133705,0.0152284263959391,0.0230179028132992,0.0282776349614396,0.0178117048346056,0.0362694300518135,0.038961038961039,0.0443864229765013,0.0256410256410256,0.0335917312661499,0.0362694300518135,0.0230179028132992,0.0204081632653061,0.0282776349614396,0.038961038961039,0.0335917312661499,0.0335917312661499,0.0335917312661499,0.0309278350515464,0.0582010582010582,0.0256410256410256,0.0416666666666667,0.0582010582010582,0.0416666666666667,0.038961038961039,0.0752688172043011,0.0471204188481675,0.0554089709762533,0.0526315789473684,0.0443864229765013,0.0752688172043011,0.038961038961039,0.0638297872340425,0.0554089709762533,0.0471204188481675,0.0498687664041995,0.230769230769231,0.212121212121212,0.315789473684211,0.179941002949853,0.204819277108434,0.21580547112462,0.10803324099723,0.212121212121212,1,0.277955271565495,0.15606936416185,0.0869565217391304,0.393728222996516,0.294498381877023,0.234567901234568
"GSM1214958",0.078167115902965,0.0554089709762533,0.0666666666666667,0.0695187165775401,0.0899182561307902,0.0610079575596817,0.0610079575596817,0.0526315789473684,0.0840108401084011,0.078167115902965,0.0840108401084011,0.0443864229765013,0.0610079575596817,0.0610079575596817,0.0695187165775401,0.0840108401084011,0.0554089709762533,0.0869565217391304,0.0869565217391304,0.0666666666666667,0.0869565217391304,0.0958904109589041,0.0666666666666667,0.104972375690608,0.0899182561307902,0.0498687664041995,0.0989010989010989,0.0666666666666667,0.0666666666666667,0.0416666666666667,0.078167115902965,0.0416666666666667,0.0498687664041995,0.078167115902965,0.0840108401084011,0.10803324099723,0.0471204188481675,0.0695187165775401,0.104972375690608,0.0840108401084011,0.0666666666666667,0.0899182561307902,0.32890365448505,0.078167115902965,0.0416666666666667,0.0554089709762533,0.0723860589812333,0.0723860589812333,0.114206128133705,0.101928374655647,0.101928374655647,0.0443864229765013,0.194029850746269,0.0638297872340425,0.0362694300518135,0.0526315789473684,0.126760563380282,0.0989010989010989,0.126760563380282,0.0958904109589041,0.0443864229765013,0.0582010582010582,0.11731843575419,0.0204081632653061,0.10803324099723,0.10803324099723,0.078167115902965,0.0840108401084011,0.0666666666666667,0.126760563380282,0.0840108401084011,0.0610079575596817,0.104972375690608,0.0958904109589041,0.0471204188481675,0.0869565217391304,0.0554089709762533,0.0840108401084011,0.101928374655647,0.0958904109589041,0.0362694300518135,0.0335917312661499,0.038961038961039,0.0204081632653061,0.0443864229765013,0.0282776349614396,0.0443864229765013,0.0230179028132992,0.0416666666666667,0.0362694300518135,0.0443864229765013,0.0335917312661499,0.0362694300518135,0.038961038961039,0.0362694300518135,0.0309278350515464,0.0309278350515464,0.0335917312661499,0.0554089709762533,0.0443864229765013,0.0443864229765013,0.0810810810810811,0.0309278350515464,0.0256410256410256,0.0416666666666667,0.0050251256281407,0.0309278350515464,0.0230179028132992,0.0178117048346056,0.0362694300518135,0.0471204188481675,0.0416666666666667,0.0416666666666667,0.0335917312661499,0.0282776349614396,0.257861635220126,0.204819277108434,0.36518771331058,0.261829652996845,0.246105919003115,0.277955271565495,0.208459214501511,0.226993865030675,0.277955271565495,1,0.136363636363636,0.0840108401084011,0.26984126984127,0.265822784810127,0.234567901234568
"GSM1214959",0.0695187165775401,0.038961038961039,0.0840108401084011,0.0610079575596817,0.0723860589812333,0.0666666666666667,0.0443864229765013,0.0443864229765013,0.0869565217391304,0.0610079575596817,0.0869565217391304,0.0443864229765013,0.0471204188481675,0.0498687664041995,0.078167115902965,0.0471204188481675,0.0554089709762533,0.0958904109589041,0.0810810810810811,0.0638297872340425,0.0582010582010582,0.0554089709762533,0.0582010582010582,0.0582010582010582,0.0638297872340425,0.0526315789473684,0.0752688172043011,0.0638297872340425,0.0666666666666667,0.0582010582010582,0.0723860589812333,0.0443864229765013,0.0610079575596817,0.0471204188481675,0.0810810810810811,0.078167115902965,0.0958904109589041,0.0752688172043011,0.0989010989010989,0.078167115902965,0.0443864229765013,0.0695187165775401,0.149425287356322,0.0610079575596817,0.0416666666666667,0.0666666666666667,0.0989010989010989,0.0610079575596817,0.0840108401084011,0.0899182561307902,0.0869565217391304,0.0810810810810811,0.0666666666666667,0.0958904109589041,0.0335917312661499,0.0498687664041995,0.0554089709762533,0.078167115902965,0.101928374655647,0.0666666666666667,0.0362694300518135,0.0498687664041995,0.092896174863388,0.038961038961039,0.0810810810810811,0.078167115902965,0.0666666666666667,0.0526315789473684,0.0498687664041995,0.0723860589812333,0.0638297872340425,0.0526315789473684,0.0582010582010582,0.104972375690608,0.0471204188481675,0.0638297872340425,0.0443864229765013,0.0638297872340425,0.0610079575596817,0.149425287356322,0.0178117048346056,0.0230179028132992,0.0204081632653061,0.0230179028132992,0.0256410256410256,0.0230179028132992,0.0638297872340425,0.0152284263959391,0.0282776349614396,0.0695187165775401,0.0204081632653061,0.0526315789473684,0.0230179028132992,0.0610079575596817,0.0282776349614396,0.0178117048346056,0.0471204188481675,0.0498687664041995,0.0610079575596817,0.0335917312661499,0.0416666666666667,0.0471204188481675,0.0335917312661499,0.0362694300518135,0.0416666666666667,0.0101010101010101,0.0554089709762533,0.0443864229765013,0.038961038961039,0.0282776349614396,0.0362694300518135,0.0416666666666667,0.0443864229765013,0.0471204188481675,0.0443864229765013,0.126760563380282,0.0989010989010989,0.123595505617978,0.0723860589812333,0.0752688172043011,0.0869565217391304,0.092896174863388,0.159420289855072,0.15606936416185,0.136363636363636,1,0.0810810810810811,0.129943502824859,0.0869565217391304,0.149425287356322
"GSM1214960",0.0282776349614396,0.038961038961039,0.0840108401084011,0.0471204188481675,0.078167115902965,0.0416666666666667,0.0335917312661499,0.0362694300518135,0.078167115902965,0.0471204188481675,0.0695187165775401,0.0416666666666667,0.0335917312661499,0.038961038961039,0.0526315789473684,0.0362694300518135,0.0443864229765013,0.0752688172043011,0.0666666666666667,0.0498687664041995,0.078167115902965,0.0362694300518135,0.0554089709762533,0.0526315789473684,0.0526315789473684,0.038961038961039,0.0638297872340425,0.0230179028132992,0.0840108401084011,0.0498687664041995,0.0443864229765013,0.0309278350515464,0.0230179028132992,0.0335917312661499,0.0638297872340425,0.0526315789473684,0.0899182561307902,0.078167115902965,0.0666666666666667,0.0840108401084011,0.038961038961039,0.0695187165775401,0.0638297872340425,0.0443864229765013,0.0256410256410256,0.0443864229765013,0.0869565217391304,0.0416666666666667,0.0498687664041995,0.0899182561307902,0.0498687664041995,0.0309278350515464,0.0471204188481675,0.0638297872340425,0.0443864229765013,0.0362694300518135,0.0554089709762533,0.0610079575596817,0.0554089709762533,0.038961038961039,0.0471204188481675,0.0610079575596817,0.0498687664041995,0.0204081632653061,0.0666666666666667,0.0554089709762533,0.0638297872340425,0.0526315789473684,0.0309278350515464,0.0526315789473684,0.0610079575596817,0.0498687664041995,0.0869565217391304,0.0840108401084011,0.0471204188481675,0.0498687664041995,0.078167115902965,0.078167115902965,0.078167115902965,0.0869565217391304,0.0204081632653061,0.0152284263959391,0.0178117048346056,0.0230179028132992,0.0204081632653061,0.0178117048346056,0.0256410256410256,0.0204081632653061,0.0230179028132992,0.0471204188481675,0.0230179028132992,0.0335917312661499,0.0335917312661499,0.0309278350515464,0.0309278350515464,0.0204081632653061,0.0282776349614396,0.0282776349614396,0.0309278350515464,0.0309278350515464,0.038961038961039,0.0695187165775401,0.038961038961039,0.0256410256410256,0.0362694300518135,0.00755667506297229,0.0526315789473684,0.0443864229765013,0.0362694300518135,0.0362694300518135,0.0471204188481675,0.0498687664041995,0.0471204188481675,0.0582010582010582,0.0362694300518135,0.0666666666666667,0.078167115902965,0.078167115902965,0.0666666666666667,0.0610079575596817,0.0498687664041995,0.0582010582010582,0.0752688172043011,0.0869565217391304,0.0840108401084011,0.0810810810810811,1,0.0695187165775401,0.0526315789473684,0.104972375690608
"GSM1214961",0.0695187165775401,0.0498687664041995,0.0554089709762533,0.0610079575596817,0.0666666666666667,0.038961038961039,0.0666666666666667,0.0443864229765013,0.0638297872340425,0.0666666666666667,0.0869565217391304,0.038961038961039,0.0471204188481675,0.0638297872340425,0.0610079575596817,0.0582010582010582,0.0638297872340425,0.0869565217391304,0.078167115902965,0.0526315789473684,0.0723860589812333,0.078167115902965,0.0582010582010582,0.0958904109589041,0.0989010989010989,0.0582010582010582,0.0899182561307902,0.0582010582010582,0.0666666666666667,0.0335917312661499,0.0638297872340425,0.0362694300518135,0.0526315789473684,0.0695187165775401,0.0695187165775401,0.078167115902965,0.0526315789473684,0.0582010582010582,0.0695187165775401,0.078167115902965,0.0471204188481675,0.0752688172043011,0.226993865030675,0.0723860589812333,0.038961038961039,0.0638297872340425,0.0610079575596817,0.0723860589812333,0.0752688172043011,0.092896174863388,0.0638297872340425,0.0443864229765013,0.19047619047619,0.0471204188481675,0.0443864229765013,0.0362694300518135,0.0899182561307902,0.0899182561307902,0.129943502824859,0.092896174863388,0.0443864229765013,0.0554089709762533,0.111111111111111,0.0309278350515464,0.120448179271709,0.126760563380282,0.0610079575596817,0.0554089709762533,0.0582010582010582,0.101928374655647,0.0723860589812333,0.0582010582010582,0.0752688172043011,0.101928374655647,0.0666666666666667,0.0899182561307902,0.0638297872340425,0.0695187165775401,0.0989010989010989,0.129943502824859,0.0230179028132992,0.0204081632653061,0.0282776349614396,0.0282776349614396,0.0362694300518135,0.0309278350515464,0.0362694300518135,0.0204081632653061,0.0335917312661499,0.0282776349614396,0.0282776349614396,0.0178117048346056,0.0282776349614396,0.0443864229765013,0.0309278350515464,0.0309278350515464,0.0362694300518135,0.0256410256410256,0.0554089709762533,0.0309278350515464,0.0362694300518135,0.0666666666666667,0.0416666666666667,0.0416666666666667,0.0723860589812333,0.0204081632653061,0.0582010582010582,0.0610079575596817,0.0443864229765013,0.0498687664041995,0.0526315789473684,0.0638297872340425,0.0695187165775401,0.0666666666666667,0.0498687664041995,0.212121212121212,0.273885350318471,0.333333333333333,0.219512195121951,0.197604790419162,0.26984126984127,0.13960113960114,0.246105919003115,0.393728222996516,0.26984126984127,0.129943502824859,0.0695187165775401,1,0.413427561837456,0.246105919003115
"GSM1214962",0.0810810810810811,0.0554089709762533,0.0471204188481675,0.0582010582010582,0.0840108401084011,0.0443864229765013,0.0752688172043011,0.0443864229765013,0.0899182561307902,0.0899182561307902,0.0989010989010989,0.0362694300518135,0.0498687664041995,0.0554089709762533,0.0752688172043011,0.0810810810810811,0.0666666666666667,0.0723860589812333,0.0840108401084011,0.0526315789473684,0.0723860589812333,0.0810810810810811,0.0666666666666667,0.111111111111111,0.123595505617978,0.0666666666666667,0.10803324099723,0.0840108401084011,0.078167115902965,0.0362694300518135,0.0666666666666667,0.0526315789473684,0.0471204188481675,0.0810810810810811,0.0666666666666667,0.101928374655647,0.0443864229765013,0.0498687664041995,0.0610079575596817,0.0695187165775401,0.0526315789473684,0.0869565217391304,0.238390092879257,0.0695187165775401,0.038961038961039,0.0638297872340425,0.0416666666666667,0.0526315789473684,0.104972375690608,0.101928374655647,0.0666666666666667,0.0256410256410256,0.197604790419162,0.0362694300518135,0.0526315789473684,0.0471204188481675,0.0899182561307902,0.101928374655647,0.142857142857143,0.0958904109589041,0.0498687664041995,0.0610079575596817,0.0958904109589041,0.0282776349614396,0.129943502824859,0.11731843575419,0.0582010582010582,0.0582010582010582,0.0471204188481675,0.0840108401084011,0.078167115902965,0.0416666666666667,0.0810810810810811,0.0958904109589041,0.0989010989010989,0.078167115902965,0.038961038961039,0.0666666666666667,0.0989010989010989,0.101928374655647,0.0282776349614396,0.0152284263959391,0.0282776349614396,0.0204081632653061,0.0335917312661499,0.0282776349614396,0.0362694300518135,0.0126582278481013,0.0362694300518135,0.0256410256410256,0.0230179028132992,0.0230179028132992,0.0335917312661499,0.038961038961039,0.0230179028132992,0.0309278350515464,0.0256410256410256,0.0204081632653061,0.0610079575596817,0.0282776349614396,0.0309278350515464,0.0526315789473684,0.0554089709762533,0.0610079575596817,0.092896174863388,0.0335917312661499,0.078167115902965,0.0840108401084011,0.0695187165775401,0.078167115902965,0.0666666666666667,0.0810810810810811,0.0899182561307902,0.0752688172043011,0.0723860589812333,0.212121212121212,0.25,0.337792642140468,0.253918495297806,0.223241590214067,0.393728222996516,0.111111111111111,0.186943620178042,0.294498381877023,0.265822784810127,0.0869565217391304,0.0526315789473684,0.413427561837456,1,0.183431952662722
"GSM1214963",0.0810810810810811,0.0554089709762533,0.0498687664041995,0.0638297872340425,0.0638297872340425,0.0695187165775401,0.0666666666666667,0.0416666666666667,0.0582010582010582,0.0638297872340425,0.078167115902965,0.038961038961039,0.0582010582010582,0.0416666666666667,0.078167115902965,0.0695187165775401,0.0666666666666667,0.0810810810810811,0.0840108401084011,0.0666666666666667,0.0752688172043011,0.0554089709762533,0.0723860589812333,0.0899182561307902,0.0752688172043011,0.0638297872340425,0.0840108401084011,0.0695187165775401,0.0666666666666667,0.0526315789473684,0.078167115902965,0.0362694300518135,0.0554089709762533,0.0666666666666667,0.0869565217391304,0.0899182561307902,0.0723860589812333,0.078167115902965,0.0840108401084011,0.0752688172043011,0.0443864229765013,0.0752688172043011,0.282051282051282,0.0752688172043011,0.0471204188481675,0.0610079575596817,0.092896174863388,0.0869565217391304,0.123595505617978,0.0638297872340425,0.092896174863388,0.0526315789473684,0.152737752161383,0.0582010582010582,0.0443864229765013,0.0443864229765013,0.078167115902965,0.101928374655647,0.15606936416185,0.120448179271709,0.0554089709762533,0.0498687664041995,0.123595505617978,0.0282776349614396,0.114206128133705,0.123595505617978,0.0695187165775401,0.0471204188481675,0.0666666666666667,0.10803324099723,0.101928374655647,0.0723860589812333,0.101928374655647,0.101928374655647,0.038961038961039,0.0526315789473684,0.0989010989010989,0.092896174863388,0.120448179271709,0.13960113960114,0.0256410256410256,0.0230179028132992,0.0362694300518135,0.0204081632653061,0.0443864229765013,0.0230179028132992,0.0335917312661499,0.0230179028132992,0.0362694300518135,0.038961038961039,0.038961038961039,0.0362694300518135,0.0335917312661499,0.0498687664041995,0.0309278350515464,0.0309278350515464,0.0416666666666667,0.0443864229765013,0.0471204188481675,0.0335917312661499,0.0443864229765013,0.0869565217391304,0.0126582278481013,0.0178117048346056,0.0416666666666667,0.0050251256281407,0.0335917312661499,0.0309278350515464,0.0230179028132992,0.0282776349614396,0.0335917312661499,0.0309278350515464,0.0443864229765013,0.0335917312661499,0.0230179028132992,0.30718954248366,0.120448179271709,0.242236024844721,0.166180758017493,0.194029850746269,0.166180758017493,0.120448179271709,0.26984126984127,0.234567901234568,0.234567901234568,0.149425287356322,0.104972375690608,0.246105919003115,0.183431952662722,1
