"GO_ID","SelectedGenesInTerm","TermSize","P.Value","GO_Term","adj.P.Val"
"GO:0007268",113,219,3.57398327943258e-19,"chemical synaptic transmission",1.53323882687658e-15
"GO:0051301",125,330,5.88459646854222e-09,"cell division",1.26224594250231e-05
"GO:0007062",51,103,1.18753696514905e-08,"sister chromatid cohesion",1.69817786016315e-05
"GO:0007269",31,51,1.85366418224497e-08,"neurotransmitter secretion",1.98805483545773e-05
"GO:0014047",20,27,4.84724660423545e-08,"glutamate secretion",4.15893758643402e-05
"GO:0007409",42,82,6.61873882089485e-08,"axonogenesis",4.73239825693982e-05
"GO:0017157",16,20,1.81976517963577e-07,"regulation of exocytosis",0.00011152560886625
"GO:0035556",126,354,3.15969343195179e-07,"intracellular signal transduction",0.000169438560288415
"GO:0007067",92,241,3.81965479752421e-07,"mitotic nuclear division",0.00017029819732258
"GO:0007399",101,271,4.04047442381475e-07,"nervous system development",0.00017029819732258
"GO:0006813",39,78,4.36662044416871e-07,"potassium ion transport",0.00017029819732258
"GO:0007420",76,191,5.88489806416596e-07,"brain development",0.000210385105793933
"GO:0051056",57,134,1.21839679210526e-06,"regulation of small GTPase mediated signal transduction",0.000402070941394736
"GO:0034765",49,110,1.34028863193708e-06,"regulation of ion transmembrane transport",0.000410702730786434
"GO:0000082",44,98,3.52743744356056e-06,"G1/S transition of mitotic cell cycle",0.000962723669895339
"GO:0006260",58,141,3.59057778981945e-06,"DNA replication",0.000962723669895339
"GO:0006468",145,438,4.99073662115997e-06,"protein phosphorylation",0.00120687405719008
"GO:0007368",29,56,5.26706106969388e-06,"determination of left/right symmetry",0.00120687405719008
"GO:0007155",133,396,5.34512985701899e-06,"cell adhesion",0.00120687405719008
"GO:0030334",32,66,1.05926402790172e-05,"regulation of cell migration",0.00227212133984918
"GO:0048167",18,29,1.23675800807242e-05,"regulation of synaptic plasticity",0.00241167811574122
"GO:0060079",18,29,1.23675800807242e-05,"excitatory postsynaptic potential",0.00241167811574122
"GO:1903861",13,18,1.90933819392722e-05,"positive regulation of dendrite extension",0.00356133080519468
"GO:0016079",12,16,2.20279319207007e-05,"synaptic vesicle exocytosis",0.00393749283082525
"GO:0031175",42,98,2.36028450206137e-05,"neuron projection development",0.00393831842787386
"GO:0045956",11,14,2.38685965325689e-05,"positive regulation of calcium ion-dependent exocytosis",0.00393831842787386
"GO:0071260",36,80,2.481927924812e-05,"cellular response to mechanical stimulus",0.00394350770275684
"GO:0018105",48,117,2.59765737151785e-05,"peptidyl-serine phosphorylation",0.00397998218707557
"GO:0000086",52,130,2.81469041820244e-05,"G2/M transition of mitotic cell cycle",0.00416380065313395
"GO:0002062",20,36,4.06784849357422e-05,"chondrocyte differentiation",0.00568134902263313
"GO:0072659",28,58,4.10540372264865e-05,"protein localization to plasma membrane",0.00568134902263313
"GO:0030198",69,189,5.56135531760319e-05,"extracellular matrix organization",0.00745569197266178
"GO:0048488",12,17,5.85943362397014e-05,"synaptic vesicle endocytosis",0.00761726371116119
"GO:0061337",23,45,6.41628369352511e-05,"cardiac conduction",0.00809584030741845
"GO:0007205",18,32,7.92676015293353e-05,"protein kinase C-activating G-protein coupled receptor signaling pathway",0.00904303722263696
"GO:0071625",10,13,7.95259521972161e-05,"vocalization behavior",0.00904303722263696
"GO:0048791",14,22,7.9745943802647e-05,"calcium ion-regulated exocytosis of neurotransmitter",0.00904303722263696
"GO:0060291",21,40,8.01014952121689e-05,"long-term synaptic potentiation",0.00904303722263696
"GO:0050885",22,43,9.04305157508174e-05,"neuromuscular process controlling balance",0.00960138765028341
"GO:0007626",34,78,9.08231692177094e-05,"locomotory behavior",0.00960138765028341
"GO:0006887",33,75,9.17615136740372e-05,"exocytosis",0.00960138765028341
"GO:0045666",31,70,0.000127974453825884,"positive regulation of neuron differentiation",0.0130716763550724
"GO:0030036",45,114,0.000136157847909236,"actin cytoskeleton organization",0.0135841201751307
"GO:0007616",16,28,0.00015412507209523,"long-term memory",0.015027194529285
"GO:0007214",14,23,0.000159147647685156,"gamma-aminobutyric acid signaling pathway",0.0151720757459849
"GO:0043524",49,128,0.000171429449490888,"negative regulation of neuron apoptotic process",0.0159876595286067
"GO:0061178",11,16,0.00017598728085523,"regulation of insulin secretion involved in cellular response to glucose stimulus",0.0160635198908284
"GO:0071156",6,6,0.000180700203828505,"regulation of cell cycle arrest",0.0161500807171726
"GO:0048172",10,14,0.000218669341358834,"regulation of short-term neuronal synaptic plasticity",0.0191447239679469
"GO:0010976",38,94,0.00024741838249105,"positive regulation of neuron projection development",0.0212284972177321
"GO:0042493",105,325,0.000268227373995105,"response to drug",0.0225626555772353
"GO:0000722",17,32,0.000317004273459955,"telomere maintenance via recombination",0.0261528525604463
"GO:0000226",28,64,0.000341488966715933,"microtubule cytoskeleton organization",0.0269430583506268
"GO:0007612",25,55,0.00034353913059961,"learning",0.0269430583506268
"GO:0051965",26,58,0.000345423825008036,"positive regulation of synapse assembly",0.0269430583506268
"GO:0001662",15,27,0.000376942477869378,"behavioral fear response",0.0283698812291163
"GO:0030534",15,27,0.000376942477869378,"adult behavior",0.0283698812291163
"GO:0007413",11,17,0.000391207679317033,"axonal fasciculation",0.0283756528937895
"GO:0034332",19,38,0.000396007835114139,"adherens junction organization",0.0283756528937895
"GO:0007507",62,176,0.000396862278234818,"heart development",0.0283756528937895
"GO:0030155",20,41,0.000425230557423252,"regulation of cell adhesion",0.0299055588745205
"GO:0060333",30,71,0.000442333632629865,"interferon-gamma-mediated signaling pathway",0.0300360197171968
"GO:0007052",16,30,0.000448089804638833,"mitotic spindle organization",0.0300360197171968
"GO:0050766",16,30,0.000448089804638833,"positive regulation of phagocytosis",0.0300360197171968
"GO:0007156",50,136,0.00045595248264377,"homophilic cell adhesion via plasma membrane adhesion molecules",0.0300928638544888
"GO:0043065",94,290,0.000481268500550509,"positive regulation of apoptotic process",0.0312824525357831
"GO:0006271",10,15,0.00051572756715102,"DNA strand elongation involved in DNA replication",0.0320648009141721
"GO:1990138",10,15,0.00051572756715102,"neuron projection extension",0.0320648009141721
"GO:2000311",10,15,0.00051572756715102,"regulation of alpha-amino-3-hydroxy-5-methyl-4-isoxazole propionate selective glutamate receptor activity",0.0320648009141721
"GO:0034080",18,36,0.000560667634716818,"CENP-A containing nucleosome assembly",0.0343609164705021
"GO:0001525",73,218,0.000710280833348307,"angiogenesis",0.0428596322091225
"GO:0007264",69,204,0.000719322498614644,"small GTPase mediated signal transduction",0.0428596322091225
"GO:0008038",5,5,0.000760278812994899,"neuron recognition",0.0429157382598437
"GO:0009597",5,5,0.000760278812994899,"detection of virus",0.0429157382598437
"GO:0043949",5,5,0.000760278812994899,"regulation of cAMP-mediated signaling",0.0429157382598437
"GO:0051310",5,5,0.000760278812994899,"metaphase plate congression",0.0429157382598437
"GO:0007018",30,73,0.000772996133692926,"microtubule-based movement",0.0430669274486059
"GO:0000731",17,34,0.000794788998412459,"DNA synthesis involved in DNA repair",0.0437133949126852
"GO:0021702",8,11,0.000828569191495628,"cerebellar Purkinje cell differentiation",0.044432022893953
"GO:0086012",8,11,0.000828569191495628,"membrane depolarization during cardiac muscle cell action potential",0.044432022893953
"GO:0048839",18,37,0.000850789399335643,"inner ear development",0.0450603274462952
"GO:0051928",14,26,0.000898180244801528,"positive regulation of calcium ion transport",0.0469901615877873
"GO:0032880",21,46,0.000934429073875345,"regulation of protein localization",0.0478790001912376
"GO:0042752",22,49,0.000939553448092989,"regulation of circadian rhythm",0.0478790001912376
"GO:0019227",7,9,0.000970972731150972,"neuronal action potential propagation",0.0478790001912376
"GO:0035767",7,9,0.000970972731150972,"endothelial cell chemotaxis",0.0478790001912376
"GO:0042118",7,9,0.000970972731150972,"endothelial cell activation",0.0478790001912376
"GO:0060078",12,21,0.00104835509152705,"regulation of postsynaptic membrane potential",0.0506949597342896
"GO:0016477",58,168,0.00105171361686521,"cell migration",0.0506949597342896
"GO:0016337",37,97,0.00109448935048659,"single organismal cell-cell adhesion",0.0521706590398609
"GO:0007628",16,32,0.00112825936385402,"adult walking behavior",0.0531893700102611
"GO:0019985",17,35,0.0012055339209934,"translesion synthesis",0.0546529491735274
"GO:0034220",68,204,0.00121081433163202,"ion transmembrane transport",0.0546529491735274
"GO:0001666",58,169,0.00123558259631211,"response to hypoxia",0.0546529491735274
"GO:0021766",24,56,0.00125798764282697,"hippocampus development",0.0546529491735274
"GO:0002040",13,24,0.00127396151919644,"sprouting angiogenesis",0.0546529491735274
"GO:0002053",13,24,0.00127396151919644,"positive regulation of mesenchymal cell proliferation",0.0546529491735274
"GO:0030866",13,24,0.00127396151919644,"cortical actin cytoskeleton organization",0.0546529491735274
"GO:0035235",13,24,0.00127396151919644,"ionotropic glutamate receptor signaling pathway",0.0546529491735274
"GO:0051899",13,24,0.00127396151919644,"membrane depolarization",0.0546529491735274
"GO:0071277",21,47,0.0013143281535016,"cellular response to calcium ion",0.0555175670822486
"GO:1902476",34,88,0.00131999809845906,"chloride transmembrane transport",0.0555175670822486
"GO:0086010",14,27,0.00145951322457461,"membrane depolarization during action potential",0.0596327951461331
"GO:0086064",9,14,0.00146900304836161,"cell communication by electrical coupling involved in cardiac conduction",0.0596327951461331
"GO:0017158",11,19,0.0014734443555921,"regulation of calcium ion-dependent exocytosis",0.0596327951461331
"GO:0090102",11,19,0.0014734443555921,"cochlea development",0.0596327951461331
"GO:0007416",25,60,0.00163049252504549,"synapse assembly",0.0653720834807958
"GO:0019882",16,33,0.00171049480695236,"antigen processing and presentation",0.0679446548317188
"GO:0071560",22,51,0.00178500248942763,"cellular response to transforming growth factor beta stimulus",0.0702537677031608
"GO:2000463",12,22,0.00180946152970859,"positive regulation of excitatory postsynaptic potential",0.0705689996586351
"GO:0021954",8,12,0.00196623035214623,"central nervous system neuron development",0.0746471523071443
"GO:0060707",8,12,0.00196623035214623,"trophoblast giant cell differentiation",0.0746471523071443
"GO:0090179",8,12,0.00196623035214623,"planar cell polarity pathway involved in neural tube closure",0.0746471523071443
"GO:0006810",88,280,0.00202313458894889,"transport",0.0761337490051819
"GO:0006027",13,25,0.00207980627396776,"glycosaminoglycan catabolic process",0.0769169734079458
"GO:0051966",13,25,0.00207980627396776,"regulation of synaptic transmission, glutamatergic",0.0769169734079458
"GO:0010718",16,34,0.0025244555256545,"positive regulation of epithelial to mesenchymal transition",0.0869650616427788
"GO:0002576",37,101,0.00252611385303444,"platelet degranulation",0.0869650616427788
"GO:0019886",34,91,0.00254853794427089,"antigen processing and presentation of exogenous peptide antigen via MHC class II",0.0869650616427788
"GO:0006268",7,10,0.00256936139905374,"DNA unwinding involved in DNA replication",0.0869650616427788
"GO:0007019",7,10,0.00256936139905374,"microtubule depolymerization",0.0869650616427788
"GO:0031115",7,10,0.00256936139905374,"negative regulation of microtubule polymerization",0.0869650616427788
"GO:0042551",7,10,0.00256936139905374,"neuron maturation",0.0869650616427788
"GO:0060122",7,10,0.00256936139905374,"inner ear receptor stereocilium organization",0.0869650616427788
"GO:0061001",7,10,0.00256936139905374,"regulation of dendritic spine morphogenesis",0.0869650616427788
"GO:0043113",11,20,0.00257395717696617,"receptor clustering",0.0869650616427788
"GO:0030199",17,37,0.0025744901698445,"collagen fibril organization",0.0869650616427788
"GO:0031100",26,65,0.00265574781359008,"organ regeneration",0.089009047814855
"GO:0045471",41,115,0.00274365110520018,"response to ethanol",0.0912423507078199
"GO:0046928",9,15,0.00289891627017749,"regulation of neurotransmitter secretion",0.0956642369158572
"GO:0090630",28,72,0.00302485267490105,"activation of GTPase activity",0.0990581524834009
"GO:0051592",23,56,0.00307212691283922,"response to calcium ion",0.0998441246672747
"GO:0014808",6,8,0.00321268509391972,"release of sequestered calcium ion into cytosol by sarcoplasmic reticulum",0.099939604146035
"GO:0016081",6,8,0.00321268509391972,"synaptic vesicle docking",0.099939604146035
"GO:0016188",6,8,0.00321268509391972,"synaptic vesicle maturation",0.099939604146035
"GO:0040011",6,8,0.00321268509391972,"locomotion",0.099939604146035
"GO:0060346",6,8,0.00321268509391972,"bone trabecula formation",0.099939604146035
"GO:0000732",13,26,0.00326143230313401,"strand displacement",0.099939604146035
"GO:0007154",13,26,0.00326143230313401,"cell communication",0.099939604146035
"GO:0010107",13,26,0.00326143230313401,"potassium ion import",0.099939604146035
"GO:0006836",14,29,0.00345991221867652,"neurotransmitter transport",0.103797366560295
"GO:0044344",14,29,0.00345991221867652,"cellular response to fibroblast growth factor stimulus",0.103797366560295
"GO:0051480",14,29,0.00345991221867652,"regulation of cytosolic calcium ion concentration",0.103797366560295
"GO:0043588",16,35,0.0036351263506323,"skin development",0.104196370256791
"GO:0008277",17,38,0.00363852613013316,"regulation of G-protein coupled receptor protein signaling pathway",0.104196370256791
"GO:0060119",5,6,0.00365817185882688,"inner ear receptor cell development",0.104196370256791
"GO:0060253",5,6,0.00365817185882688,"negative regulation of glial cell proliferation",0.104196370256791
"GO:0061051",5,6,0.00365817185882688,"positive regulation of cell growth involved in cardiac muscle cell development",0.104196370256791
"GO:1900264",5,6,0.00365817185882688,"positive regulation of DNA-directed DNA polymerase activity",0.104196370256791
"GO:1903140",5,6,0.00365817185882688,"regulation of establishment of endothelial barrier",0.104196370256791
"GO:0071901",10,18,0.00366751792745349,"negative regulation of protein serine/threonine kinase activity",0.104196370256791
"GO:0045669",24,60,0.00380484476884775,"positive regulation of osteoblast differentiation",0.107351720583917
"GO:0051726",39,110,0.00382862779704879,"regulation of cell cycle",0.107351720583917
"GO:0071805",41,117,0.00391329494167482,"potassium ion transmembrane transport",0.10901321623237
"GO:0043267",8,13,0.00404785156540448,"negative regulation of potassium ion transport",0.110292808631072
"GO:0043268",8,13,0.00404785156540448,"positive regulation of potassium ion transport",0.110292808631072
"GO:0089711",8,13,0.00404785156540448,"L-glutamate transmembrane transport",0.110292808631072
"GO:0007265",27,70,0.00406206614538679,"Ras protein signal transduction",0.110292808631072
"GO:0035249",11,21,0.00425211947094922,"synaptic transmission, glutamatergic",0.114726997046366
"GO:0010923",21,51,0.00440733244848892,"negative regulation of phosphatase activity",0.118171601275109
"GO:0042060",29,77,0.00444746503475412,"wound healing",0.11850698757202
"GO:0050796",25,64,0.00459800060843607,"regulation of insulin secretion",0.12176186796414
"GO:0009411",19,45,0.00476882826831829,"response to UV",0.125510878963715
"GO:0007528",13,27,0.004934642876082,"neuromuscular junction development",0.128300714778132
"GO:0019228",13,27,0.004934642876082,"neuronal action potential",0.128300714778132
"GO:0018107",16,36,0.0051172117946928,"peptidyl-threonine phosphorylation",0.132246015658025
"GO:0007158",9,16,0.00523500113200626,"neuron cell-cell adhesion",0.132888490274005
"GO:0021542",9,16,0.00523500113200626,"dentate gyrus development",0.132888490274005
"GO:0035567",9,16,0.00523500113200626,"non-canonical Wnt signaling pathway",0.132888490274005
"GO:0071333",22,55,0.00546532697483009,"cellular response to glucose stimulus",0.135345830899905
"GO:0001921",7,11,0.00561574776228045,"positive regulation of receptor recycling",0.135345830899905
"GO:0005513",7,11,0.00561574776228045,"detection of calcium ion",0.135345830899905
"GO:0006107",7,11,0.00561574776228045,"oxaloacetate metabolic process",0.135345830899905
"GO:0007016",7,11,0.00561574776228045,"cytoskeletal anchoring at plasma membrane",0.135345830899905
"GO:0014898",7,11,0.00561574776228045,"cardiac muscle hypertrophy in response to stress",0.135345830899905
"GO:0017156",7,11,0.00561574776228045,"calcium ion regulated exocytosis",0.135345830899905
"GO:0051382",7,11,0.00561574776228045,"kinetochore assembly",0.135345830899905
"GO:0090129",7,11,0.00561574776228045,"positive regulation of synapse maturation",0.135345830899905
"GO:0048511",21,52,0.00576198843950288,"rhythmic process",0.138094583270767
"GO:0007224",25,65,0.00581190860521482,"smoothened signaling pathway",0.138517155090953
"GO:0006509",10,19,0.00610537745174392,"membrane protein ectodomain proteolysis",0.143912468505392
"GO:0042276",10,19,0.00610537745174392,"error-prone translesion synthesis",0.143912468505392
"GO:0007417",41,120,0.00645110881359943,"central nervous system development",0.151230911531921
"GO:0000070",11,22,0.00669477741218983,"mitotic sister chromatid segregation",0.154411801603733
"GO:0007088",11,22,0.00669477741218983,"regulation of mitotic nuclear division",0.154411801603733
"GO:0008652",11,22,0.00669477741218983,"cellular amino acid biosynthetic process",0.154411801603733
"GO:0018279",17,40,0.00685198975447298,"protein N-linked glycosylation via asparagine",0.157192706132027
"GO:0016925",40,117,0.00698717171019895,"protein sumoylation",0.158365760742944
"GO:0070588",40,117,0.00698717171019895,"calcium ion transmembrane transport",0.158365760742944
"GO:0021987",22,56,0.00701386819141242,"cerebral cortex development",0.158365760742944
"GO:0051149",12,25,0.00705373745467134,"positive regulation of muscle cell differentiation",0.158432113510681
"GO:0050808",15,34,0.00720055763089926,"synapse organization",0.160150004223164
"GO:2000145",13,28,0.00723101133268473,"regulation of cell motility",0.160150004223164
"GO:0086091",14,31,0.00726851690326437,"regulation of heart rate by cardiac conduction",0.160150004223164
"GO:0035690",25,66,0.00727954564650745,"cellular response to drug",0.160150004223164
"GO:0006811",35,100,0.00744506647636347,"ion transport",0.160273354978017
"GO:0007076",8,14,0.00748631625479496,"mitotic chromosome condensation",0.160273354978017
"GO:0051693",8,14,0.00748631625479496,"actin filament capping",0.160273354978017
"GO:0061003",8,14,0.00748631625479496,"positive regulation of dendritic spine morphogenesis",0.160273354978017
"GO:0071257",8,14,0.00748631625479496,"cellular response to electrical stimulus",0.160273354978017
"GO:0010628",72,233,0.00756813412347301,"positive regulation of gene expression",0.160273354978017
"GO:0034501",6,9,0.00769610981945723,"protein localization to kinetochore",0.160273354978017
"GO:0042428",6,9,0.00769610981945723,"serotonin metabolic process",0.160273354978017
"GO:0061564",6,9,0.00769610981945723,"axon development",0.160273354978017
"GO:0070493",6,9,0.00769610981945723,"thrombin receptor signaling pathway",0.160273354978017
"GO:0086009",6,9,0.00769610981945723,"membrane repolarization",0.160273354978017
"GO:0006816",27,73,0.00781660582456544,"calcium ion transport",0.161217495131662
"GO:0048010",27,73,0.00781660582456544,"vascular endothelial growth factor receptor signaling pathway",0.161217495131662
"GO:0035176",20,50,0.0078747594462294,"social behavior",0.161639799159446
"GO:0030168",38,111,0.00820033809415169,"platelet activation",0.167521192494813
"GO:0098779",43,129,0.00872033384714028,"mitophagy in response to mitochondrial depolarization",0.176877213574622
"GO:0032508",18,44,0.00874078537944518,"DNA duplex unwinding",0.176877213574622
"GO:0042384",39,115,0.00887600700389097,"cilium assembly",0.178481193702341
"GO:0060041",22,57,0.00890325768118906,"retina development in camera-type eye",0.178481193702341
"GO:0090002",17,41,0.00915479130751104,"establishment of protein localization to plasma membrane",0.18267002190336
"GO:0008360",44,133,0.00931015175518226,"regulation of cell shape",0.184379953655512
"GO:1901796",42,126,0.00945270578596472,"regulation of signal transduction by p53 class mediator",0.184379953655512
"GO:0060271",21,54,0.00949649013539078,"cilium morphogenesis",0.184379953655512
"GO:0019933",16,38,0.00953888523884823,"cAMP-mediated signaling",0.184379953655512
"GO:0045766",36,105,0.00963039367102412,"positive regulation of angiogenesis",0.184379953655512
"GO:0000132",10,20,0.00963679772652167,"establishment of mitotic spindle orientation",0.184379953655512
"GO:0000083",11,23,0.0101090595367626,"regulation of transcription involved in G1/S transition of mitotic cell cycle",0.184379953655512
"GO:0035924",11,23,0.0101090595367626,"cellular response to vascular endothelial growth factor stimulus",0.184379953655512
"GO:1902042",14,32,0.010137511692882,"negative regulation of extrinsic apoptotic signaling pathway via death domain receptors",0.184379953655512
"GO:0001956",5,7,0.0102854667845506,"positive regulation of neurotransmitter secretion",0.184379953655512
"GO:0010193",5,7,0.0102854667845506,"response to ozone",0.184379953655512
"GO:0014009",5,7,0.0102854667845506,"glial cell proliferation",0.184379953655512
"GO:0015816",5,7,0.0102854667845506,"glycine transport",0.184379953655512
"GO:0030913",5,7,0.0102854667845506,"paranodal junction assembly",0.184379953655512
"GO:0042297",5,7,0.0102854667845506,"vocal learning",0.184379953655512
"GO:0044539",5,7,0.0102854667845506,"long-chain fatty acid import",0.184379953655512
"GO:0046826",5,7,0.0102854667845506,"negative regulation of protein export from nucleus",0.184379953655512
"GO:0048251",5,7,0.0102854667845506,"elastic fiber assembly",0.184379953655512
"GO:0051932",5,7,0.0102854667845506,"synaptic transmission, GABAergic",0.184379953655512
"GO:0060074",5,7,0.0102854667845506,"synapse maturation",0.184379953655512
"GO:0060982",5,7,0.0102854667845506,"coronary artery morphogenesis",0.184379953655512
"GO:2001259",5,7,0.0102854667845506,"positive regulation of cation channel activity",0.184379953655512
"GO:0045773",13,29,0.0102950293628164,"positive regulation of axon extension",0.184379953655512
"GO:0043542",12,26,0.0103042847274176,"endothelial cell migration",0.184379953655512
"GO:0050900",39,116,0.0103649628484924,"leukocyte migration",0.184379953655512
"GO:0008334",7,12,0.0107250721364684,"histone mRNA metabolic process",0.184379953655512
"GO:0014032",7,12,0.0107250721364684,"neural crest cell development",0.184379953655512
"GO:0046323",7,12,0.0107250721364684,"glucose import",0.184379953655512
"GO:0048148",7,12,0.0107250721364684,"behavioral response to cocaine",0.184379953655512
"GO:0051279",7,12,0.0107250721364684,"regulation of release of sequestered calcium ion into cytosol",0.184379953655512
"GO:0051642",7,12,0.0107250721364684,"centrosome localization",0.184379953655512
"GO:0055119",7,12,0.0107250721364684,"relaxation of cardiac muscle",0.184379953655512
"GO:0086002",7,12,0.0107250721364684,"cardiac muscle cell action potential involved in contraction",0.184379953655512
"GO:0006906",19,48,0.0107447525440275,"vesicle fusion",0.184379953655512
"GO:0007193",19,48,0.0107447525440275,"adenylate cyclase-inhibiting G-protein coupled receptor signaling pathway",0.184379953655512
"GO:0042391",25,68,0.0111281258037157,"regulation of membrane potential",0.189649718238344
"GO:0019233",22,58,0.0111844705627742,"sensory perception of pain",0.189649718238344
"GO:0071407",22,58,0.0111844705627742,"cellular response to organic cyclic compound",0.189649718238344
"GO:0071222",38,113,0.0112407559555247,"cellular response to lipopolysaccharide",0.189853712792129
"GO:0007411",48,149,0.01169717997972,"axon guidance",0.194936430163675
"GO:0032355",39,117,0.0120538584176392,"response to estradiol",0.194936430163675
"GO:0070374",52,164,0.012465368655218,"positive regulation of ERK1 and ERK2 cascade",0.194936430163675
"GO:0002042",8,15,0.0127290590943578,"cell migration involved in sprouting angiogenesis",0.194936430163675
"GO:0007215",8,15,0.0127290590943578,"glutamate receptor signaling pathway",0.194936430163675
"GO:0010975",8,15,0.0127290590943578,"regulation of neuron projection development",0.194936430163675
"GO:0060292",8,15,0.0127290590943578,"long term synaptic depression",0.194936430163675
"GO:0071732",8,15,0.0127290590943578,"cellular response to nitric oxide",0.194936430163675
"GO:1901379",8,15,0.0127290590943578,"regulation of potassium ion transmembrane transport",0.194936430163675
"GO:2000273",8,15,0.0127290590943578,"positive regulation of receptor activity",0.194936430163675
"GO:0002082",4,5,0.0129503222836008,"regulation of oxidative phosphorylation",0.194936430163675
"GO:0003211",4,5,0.0129503222836008,"cardiac ventricle formation",0.194936430163675
"GO:0006269",4,5,0.0129503222836008,"DNA replication, synthesis of RNA primer",0.194936430163675
"GO:0007100",4,5,0.0129503222836008,"mitotic centrosome separation",0.194936430163675
"GO:0021637",4,5,0.0129503222836008,"trigeminal nerve structural organization",0.194936430163675
"GO:0021960",4,5,0.0129503222836008,"anterior commissure morphogenesis",0.194936430163675
"GO:0022614",4,5,0.0129503222836008,"membrane to membrane docking",0.194936430163675
"GO:0031915",4,5,0.0129503222836008,"positive regulation of synaptic plasticity",0.194936430163675
"GO:0032876",4,5,0.0129503222836008,"negative regulation of DNA endoreduplication",0.194936430163675
"GO:0035509",4,5,0.0129503222836008,"negative regulation of myosin-light-chain-phosphatase activity",0.194936430163675
"GO:0042306",4,5,0.0129503222836008,"regulation of protein import into nucleus",0.194936430163675
"GO:0042482",4,5,0.0129503222836008,"positive regulation of odontogenesis",0.194936430163675
"GO:0044782",4,5,0.0129503222836008,"cilium organization",0.194936430163675
"GO:0048170",4,5,0.0129503222836008,"positive regulation of long-term neuronal synaptic plasticity",0.194936430163675
"GO:0048562",4,5,0.0129503222836008,"embryonic organ morphogenesis",0.194936430163675
"GO:0051304",4,5,0.0129503222836008,"chromosome separation",0.194936430163675
"GO:1904707",4,5,0.0129503222836008,"positive regulation of vascular smooth muscle cell proliferation",0.194936430163675
"GO:1904953",4,5,0.0129503222836008,"Wnt signaling pathway involved in midbrain dopaminergic neuron differentiation",0.194936430163675
"GO:2000987",4,5,0.0129503222836008,"positive regulation of behavioral fear response",0.194936430163675
"GO:2001046",4,5,0.0129503222836008,"positive regulation of integrin-mediated signaling pathway",0.194936430163675
"NOT GO:0000278",4,5,0.0129503222836008,"NOT mitotic cell cycle",0.194936430163675
"GO:0006486",25,69,0.0135910179195695,"protein glycosylation",0.203865268793543
"GO:0043647",19,49,0.0137143746862215,"inositol phosphate metabolic process",0.204465515716332
"GO:0001837",14,33,0.0138216782185865,"epithelial to mesenchymal transition",0.204465515716332
"GO:0009968",14,33,0.0138216782185865,"negative regulation of signal transduction",0.204465515716332
"GO:0048813",14,33,0.0138216782185865,"dendrite morphogenesis",0.204465515716332
"GO:0006874",31,90,0.0144408822650684,"cellular calcium ion homeostasis",0.212771697759422
"GO:0003341",10,21,0.0145319597770421,"cilium movement",0.212771697759422
"GO:0090103",10,21,0.0145319597770421,"cochlea morphogenesis",0.212771697759422
"GO:0000281",12,27,0.0145999982084861,"mitotic cytokinesis",0.212808701112234
"GO:0010595",18,46,0.0146336985613308,"positive regulation of endothelial cell migration",0.212808701112234
"GO:1903779",21,56,0.0149698010133908,"regulation of cardiac conduction",0.216960967390022
"GO:0008347",6,10,0.0153862324500624,"glial cell migration",0.21784467726326
"GO:0010469",6,10,0.0153862324500624,"regulation of receptor activity",0.21784467726326
"GO:0016572",6,10,0.0153862324500624,"histone phosphorylation",0.21784467726326
"GO:0022417",6,10,0.0153862324500624,"protein maturation by protein folding",0.21784467726326
"GO:0031571",6,10,0.0153862324500624,"mitotic G1 DNA damage checkpoint",0.21784467726326
"GO:0060100",6,10,0.0153862324500624,"positive regulation of phagocytosis, engulfment",0.21784467726326
"GO:0060993",6,10,0.0153862324500624,"kidney morphogenesis",0.21784467726326
"GO:0042552",17,43,0.015581297805012,"myelination",0.219880814419413
"GO:0006470",41,126,0.015727703817354,"protein dephosphorylation",0.221219178283438
"GO:0051260",53,170,0.01649713980698,"protein homooligomerization",0.231283430627269
"GO:0030514",15,37,0.0175125133376585,"negative regulation of BMP signaling pathway",0.244718834588128
"GO:0001938",24,67,0.0178388987073505,"positive regulation of endothelial cell proliferation",0.248470374852381
"GO:0001736",7,13,0.0185151628027095,"establishment of planar polarity",0.253770122759182
"GO:0001964",7,13,0.0185151628027095,"startle response",0.253770122759182
"GO:0048711",7,13,0.0185151628027095,"positive regulation of astrocyte differentiation",0.253770122759182
"GO:0060402",7,13,0.0185151628027095,"calcium ion transport into cytosol",0.253770122759182
"GO:0070208",7,13,0.0185151628027095,"protein heterotrimerization",0.253770122759182
"GO:0030574",23,64,0.0193212286107911,"collagen catabolic process",0.263974747580553
"GO:0001649",35,106,0.0193848423626801,"osteoblast differentiation",0.264003091225072
"GO:0008542",17,44,0.0198882871099984,"visual learning",0.266945145148563
"GO:0050731",29,85,0.0200856061361167,"positive regulation of peptidyl-tyrosine phosphorylation",0.266945145148563
"GO:0001975",12,28,0.0201267383653371,"response to amphetamine",0.266945145148563
"GO:0030030",12,28,0.0201267383653371,"cell projection organization",0.266945145148563
"GO:0048706",12,28,0.0201267383653371,"embryonic skeletal system development",0.266945145148563
"GO:0051491",12,28,0.0201267383653371,"positive regulation of filopodium assembly",0.266945145148563
"GO:0000729",8,16,0.0202231170567094,"DNA double-strand break processing",0.266945145148563
"GO:0010288",8,16,0.0202231170567094,"response to lead ion",0.266945145148563
"GO:0014850",8,16,0.0202231170567094,"response to muscle activity",0.266945145148563
"GO:0061028",8,16,0.0202231170567094,"establishment of endothelial barrier",0.266945145148563
"GO:0006913",9,19,0.0209655939680087,"nucleocytoplasmic transport",0.273381149309292
"GO:0045807",9,19,0.0209655939680087,"positive regulation of endocytosis",0.273381149309292
"GO:0048169",9,19,0.0209655939680087,"regulation of long-term neuronal synaptic plasticity",0.273381149309292
"GO:0060045",9,19,0.0209655939680087,"positive regulation of cardiac muscle cell proliferation",0.273381149309292
"GO:0000075",5,8,0.0220734362689354,"cell cycle checkpoint",0.275276283702712
"GO:0006688",5,8,0.0220734362689354,"glycosphingolipid biosynthetic process",0.275276283702712
"GO:0006975",5,8,0.0220734362689354,"DNA damage induced protein phosphorylation",0.275276283702712
"GO:0007614",5,8,0.0220734362689354,"short-term memory",0.275276283702712
"GO:0021612",5,8,0.0220734362689354,"facial nerve structural organization",0.275276283702712
"GO:0035418",5,8,0.0220734362689354,"protein localization to synapse",0.275276283702712
"GO:0042987",5,8,0.0220734362689354,"amyloid precursor protein catabolic process",0.275276283702712
"GO:0046903",5,8,0.0220734362689354,"secretion",0.275276283702712
"GO:0048762",5,8,0.0220734362689354,"mesenchymal cell differentiation",0.275276283702712
"GO:0060042",5,8,0.0220734362689354,"retina morphogenesis in camera-type eye",0.275276283702712
"GO:0060371",5,8,0.0220734362689354,"regulation of atrial cardiac muscle cell membrane depolarization",0.275276283702712
"GO:0071420",5,8,0.0220734362689354,"cellular response to histamine",0.275276283702712
"GO:0097120",5,8,0.0220734362689354,"receptor localization to synapse",0.275276283702712
"GO:2000737",5,8,0.0220734362689354,"negative regulation of stem cell differentiation",0.275276283702712
"GO:2001222",5,8,0.0220734362689354,"regulation of neuron migration",0.275276283702712
"GO:0007266",18,48,0.0232464796767104,"Rho protein signal transduction",0.287655457018834
"GO:0010506",18,48,0.0232464796767104,"regulation of autophagy",0.287655457018834
"GO:0007613",23,65,0.0233342888211082,"memory",0.287655457018834
"GO:0009611",23,65,0.0233342888211082,"response to wounding",0.287655457018834
"GO:0007077",17,45,0.0250487162347593,"mitotic nuclear envelope disassembly",0.307905423057643
"GO:0090502",16,42,0.0269644761049216,"RNA phosphodiester bond hydrolysis, endonucleolytic",0.322175602170276
"GO:0006270",12,29,0.0270667682494694,"DNA replication initiation",0.322175602170276
"GO:0002218",6,11,0.0271108140754008,"activation of innate immune response",0.322175602170276
"GO:0003323",6,11,0.0271108140754008,"type B pancreatic cell development",0.322175602170276
"GO:0030517",6,11,0.0271108140754008,"negative regulation of axon extension",0.322175602170276
"GO:0036159",6,11,0.0271108140754008,"inner dynein arm assembly",0.322175602170276
"GO:0046488",6,11,0.0271108140754008,"phosphatidylinositol metabolic process",0.322175602170276
"GO:0046710",6,11,0.0271108140754008,"GDP metabolic process",0.322175602170276
"GO:0048333",6,11,0.0271108140754008,"mesodermal cell differentiation",0.322175602170276
"GO:0050927",6,11,0.0271108140754008,"positive regulation of positive chemotaxis",0.322175602170276
"GO:0060389",6,11,0.0271108140754008,"pathway-restricted SMAD protein phosphorylation",0.322175602170276
"GO:0060992",6,11,0.0271108140754008,"response to fungicide",0.322175602170276
"GO:0007015",21,59,0.0275034530224292,"actin filament organization",0.325938711232655
"GO:0001558",23,66,0.0279598757922494,"regulation of cell growth",0.326771819423208
"GO:0008217",23,66,0.0279598757922494,"regulation of blood pressure",0.326771819423208
"GO:0043086",25,73,0.028064772131137,"negative regulation of catalytic activity",0.326771819423208
"GO:0043278",11,26,0.028381928169968,"response to morphine",0.326771819423208
"GO:0002230",37,116,0.0284769621821525,"positive regulation of defense response to virus by host",0.326771819423208
"GO:0045429",15,39,0.0289902925431036,"positive regulation of nitric oxide biosynthetic process",0.326771819423208
"GO:0045599",15,39,0.0289902925431036,"negative regulation of fat cell differentiation",0.326771819423208
"GO:0046426",15,39,0.0289902925431036,"negative regulation of JAK-STAT cascade",0.326771819423208
"GO:0006469",30,91,0.0294063045453414,"negative regulation of protein kinase activity",0.326771819423208
"GO:0007194",10,23,0.0294890108844111,"negative regulation of adenylate cyclase activity",0.326771819423208
"GO:0031146",10,23,0.0294890108844111,"SCF-dependent proteasomal ubiquitin-dependent protein catabolic process",0.326771819423208
"GO:0045930",10,23,0.0294890108844111,"negative regulation of mitotic cell cycle",0.326771819423208
"GO:2001238",10,23,0.0294890108844111,"positive regulation of extrinsic apoptotic signaling pathway",0.326771819423208
"GO:0014075",7,14,0.0295440093506241,"response to amine",0.326771819423208
"GO:0015671",7,14,0.0295440093506241,"oxygen transport",0.326771819423208
"GO:0043122",7,14,0.0295440093506241,"regulation of I-kappaB kinase/NF-kappaB signaling",0.326771819423208
"GO:0045055",7,14,0.0295440093506241,"regulated exocytosis",0.326771819423208
"GO:0047496",7,14,0.0295440093506241,"vesicle transport along microtubule",0.326771819423208
"GO:0019226",9,20,0.0302346090746799,"transmission of nerve impulse",0.326771819423208
"GO:0045664",9,20,0.0302346090746799,"regulation of neuron differentiation",0.326771819423208
"GO:0050770",9,20,0.0302346090746799,"regulation of axonogenesis",0.326771819423208
"GO:0007094",8,17,0.0303796380108043,"mitotic spindle assembly checkpoint",0.326771819423208
"GO:0034199",8,17,0.0303796380108043,"activation of protein kinase A activity",0.326771819423208
"GO:0051298",8,17,0.0303796380108043,"centrosome duplication",0.326771819423208
"GO:1902041",8,17,0.0303796380108043,"regulation of extrinsic apoptotic signaling pathway via death domain receptors",0.326771819423208
"GO:1904659",8,17,0.0303796380108043,"glucose transmembrane transport",0.326771819423208
"GO:2000114",8,17,0.0303796380108043,"regulation of establishment of cell polarity",0.326771819423208
"GO:2000649",8,17,0.0303796380108043,"regulation of sodium ion transmembrane transporter activity",0.326771819423208
"GO:0007223",14,36,0.0311171628805549,"Wnt signaling pathway, calcium modulating pathway",0.326771819423208
"GO:0015758",14,36,0.0311171628805549,"glucose transport",0.326771819423208
"GO:0031623",14,36,0.0311171628805549,"receptor internalization",0.326771819423208
"GO:0010594",4,6,0.0315346231331487,"regulation of endothelial cell migration",0.326771819423208
"GO:0014033",4,6,0.0315346231331487,"neural crest cell differentiation",0.326771819423208
"GO:0014050",4,6,0.0315346231331487,"negative regulation of glutamate secretion",0.326771819423208
"GO:0014842",4,6,0.0315346231331487,"regulation of skeletal muscle satellite cell proliferation",0.326771819423208
"GO:0021853",4,6,0.0315346231331487,"cerebral cortex GABAergic interneuron migration",0.326771819423208
"GO:0021942",4,6,0.0315346231331487,"radial glia guided migration of Purkinje cell",0.326771819423208
"GO:0031670",4,6,0.0315346231331487,"cellular response to nutrient",0.326771819423208
"GO:0032873",4,6,0.0315346231331487,"negative regulation of stress-activated MAPK cascade",0.326771819423208
"GO:0032964",4,6,0.0315346231331487,"collagen biosynthetic process",0.326771819423208
"GO:0033591",4,6,0.0315346231331487,"response to L-ascorbic acid",0.326771819423208
"GO:0033601",4,6,0.0315346231331487,"positive regulation of mammary gland epithelial cell proliferation",0.326771819423208
"GO:0035773",4,6,0.0315346231331487,"insulin secretion involved in cellular response to glucose stimulus",0.326771819423208
"GO:0045162",4,6,0.0315346231331487,"clustering of voltage-gated sodium channels",0.326771819423208
"GO:0045955",4,6,0.0315346231331487,"negative regulation of calcium ion-dependent exocytosis",0.326771819423208
"GO:0046069",4,6,0.0315346231331487,"cGMP catabolic process",0.326771819423208
"GO:0046632",4,6,0.0315346231331487,"alpha-beta T cell differentiation",0.326771819423208
"GO:0060022",4,6,0.0315346231331487,"hard palate development",0.326771819423208
"GO:0071681",4,6,0.0315346231331487,"cellular response to indole-3-methanol",0.326771819423208
"GO:1901385",4,6,0.0315346231331487,"regulation of voltage-gated calcium channel activity",0.326771819423208
"GO:2000727",4,6,0.0315346231331487,"positive regulation of cardiac muscle cell differentiation",0.326771819423208
"NOT GO:0006749",4,6,0.0315346231331487,"NOT glutathione metabolic process",0.326771819423208
"GO:0000165",73,252,0.0327709777182421,"MAPK cascade",0.338765046774117
"GO:0001764",32,99,0.0330167697609006,"neuron migration",0.339545810694411
"GO:0035725",25,74,0.0330664327034318,"sodium ion transmembrane transport",0.339545810694411
"GO:0006661",21,60,0.0330839507856093,"phosphatidylinositol biosynthetic process",0.339545810694411
"GO:0033138",23,67,0.0332503865411738,"positive regulation of peptidyl-serine phosphorylation",0.340417798719859
"GO:0045786",13,33,0.0333276166578883,"negative regulation of cell cycle",0.340417798719859
"GO:0001934",41,132,0.0336811522339732,"positive regulation of protein phosphorylation",0.341882201710785
"GO:0007157",16,43,0.0337100632456088,"heterophilic cell-cell adhesion via plasma membrane cell adhesion molecules",0.341882201710785
"GO:0023014",16,43,0.0337100632456088,"signal transduction by protein phosphorylation",0.341882201710785
"GO:0007517",28,85,0.0348274941898226,"muscle organ development",0.352327693802727
"GO:0090090",49,162,0.0349042587100604,"negative regulation of canonical Wnt signaling pathway",0.352327693802727
"GO:0071230",18,50,0.0352431134106374,"cellular response to amino acid stimulus",0.354913043501489
"GO:0030073",12,30,0.0355911569097494,"insulin secretion",0.355911569097494
"GO:0042177",12,30,0.0355911569097494,"negative regulation of protein catabolic process",0.355911569097494
"GO:0098656",12,30,0.0355911569097494,"anion transmembrane transport",0.355911569097494
"GO:0036498",20,57,0.036008327388885,"IRE1-mediated unfolded protein response",0.3584123538244
"GO:0050679",20,57,0.036008327388885,"positive regulation of epithelial cell proliferation",0.3584123538244
"GO:0060348",15,40,0.0364566975420872,"bone development",0.362035260313783
"GO:0043123",47,155,0.036639064333605,"positive regulation of I-kappaB kinase/NF-kappaB signaling",0.363005972265971
"GO:0046777",51,170,0.0368019930825031,"protein autophosphorylation",0.363780069870826
"GO:0009636",29,89,0.0369737292438002,"response to toxic substance",0.364637467714719
"GO:0007389",11,27,0.0378570050184868,"pattern specification process",0.36551798867885
"GO:0018146",11,27,0.0378570050184868,"keratan sulfate biosynthetic process",0.36551798867885
"GO:0035987",11,27,0.0378570050184868,"endodermal cell differentiation",0.36551798867885
"GO:0007254",17,47,0.038291657094348,"JNK cascade",0.36551798867885
"GO:0048812",17,47,0.038291657094348,"neuron projection morphogenesis",0.36551798867885
"GO:0030335",53,178,0.0386170614854832,"positive regulation of cell migration",0.36551798867885
"GO:0043200",14,37,0.0393982539066659,"response to amino acid",0.36551798867885
"GO:0071377",14,37,0.0393982539066659,"cellular response to glucagon stimulus",0.36551798867885
"GO:0018108",46,152,0.0395730019362863,"peptidyl-tyrosine phosphorylation",0.36551798867885
"GO:0009311",10,24,0.0400422234109118,"oligosaccharide metabolic process",0.36551798867885
"GO:0010165",10,24,0.0400422234109118,"response to X-ray",0.36551798867885
"GO:0032148",10,24,0.0400422234109118,"activation of protein kinase B activity",0.36551798867885
"GO:0045931",10,24,0.0400422234109118,"positive regulation of mitotic cell cycle",0.36551798867885
"GO:0048709",10,24,0.0400422234109118,"oligodendrocyte differentiation",0.36551798867885
"GO:0050999",10,24,0.0400422234109118,"regulation of nitric-oxide synthase activity",0.36551798867885
"GO:0090023",10,24,0.0400422234109118,"positive regulation of neutrophil chemotaxis",0.36551798867885
"GO:0001775",5,9,0.0400450943307831,"cell activation",0.36551798867885
"GO:0003149",5,9,0.0400450943307831,"membranous septum morphogenesis",0.36551798867885
"GO:0003334",5,9,0.0400450943307831,"keratinocyte development",0.36551798867885
"GO:0021680",5,9,0.0400450943307831,"cerebellar Purkinje cell layer development",0.36551798867885
"GO:0021785",5,9,0.0400450943307831,"branchiomotor neuron axon guidance",0.36551798867885
"GO:0021895",5,9,0.0400450943307831,"cerebral cortex neuron differentiation",0.36551798867885
"GO:0031340",5,9,0.0400450943307831,"positive regulation of vesicle fusion",0.36551798867885
"GO:0032835",5,9,0.0400450943307831,"glomerulus development",0.36551798867885
"GO:0035988",5,9,0.0400450943307831,"chondrocyte proliferation",0.36551798867885
"GO:0042698",5,9,0.0400450943307831,"ovulation cycle",0.36551798867885
"GO:0043117",5,9,0.0400450943307831,"positive regulation of vascular permeability",0.36551798867885
"GO:0048846",5,9,0.0400450943307831,"axon extension involved in axon guidance",0.36551798867885
"GO:0051901",5,9,0.0400450943307831,"positive regulation of mitochondrial depolarization",0.36551798867885
"GO:0060044",5,9,0.0400450943307831,"negative regulation of cardiac muscle cell proliferation",0.36551798867885
"GO:0060340",5,9,0.0400450943307831,"positive regulation of type I interferon-mediated signaling pathway",0.36551798867885
"GO:0070286",5,9,0.0400450943307831,"axonemal dynein complex assembly",0.36551798867885
"GO:0070723",5,9,0.0400450943307831,"response to cholesterol",0.36551798867885
"GO:0090136",5,9,0.0400450943307831,"epithelial cell-cell adhesion",0.36551798867885
"GO:1901522",5,9,0.0400450943307831,"positive regulation of transcription from RNA polymerase II promoter involved in cellular response to chemical stimulus",0.36551798867885
"GO:0006928",28,86,0.0402542037016322,"movement of cell or subcellular component",0.36664656874735
"GO:0019722",16,44,0.0416082210373862,"calcium-mediated signaling",0.370626320588728
"GO:0048754",9,21,0.0420115960479083,"branching morphogenesis of an epithelial tube",0.370626320588728
"GO:0050775",9,21,0.0420115960479083,"positive regulation of dendrite morphogenesis",0.370626320588728
"GO:0060999",9,21,0.0420115960479083,"positive regulation of dendritic spine development",0.370626320588728
"GO:0008285",106,383,0.0422117550894821,"negative regulation of cell proliferation",0.370626320588728
"GO:0006139",13,34,0.0425335691513629,"nucleobase-containing compound metabolic process",0.370626320588728
"GO:0010827",13,34,0.0425335691513629,"regulation of glucose transport",0.370626320588728
"GO:0030097",18,51,0.0427079285846774,"hemopoiesis",0.370626320588728
"GO:0048146",18,51,0.0427079285846774,"positive regulation of fibroblast proliferation",0.370626320588728
"GO:0008283",99,356,0.0430496184035926,"cell proliferation",0.370626320588728
"GO:0000187",32,101,0.0430599897103882,"activation of MAPK activity",0.370626320588728
"GO:0006098",6,12,0.0434965560143333,"pentose-phosphate shunt",0.370626320588728
"GO:0007095",6,12,0.0434965560143333,"mitotic G2 DNA damage checkpoint",0.370626320588728
"GO:0007171",6,12,0.0434965560143333,"activation of transmembrane receptor protein tyrosine kinase activity",0.370626320588728
"GO:0007600",6,12,0.0434965560143333,"sensory perception",0.370626320588728
"GO:0009100",6,12,0.0434965560143333,"glycoprotein metabolic process",0.370626320588728
"GO:0030007",6,12,0.0434965560143333,"cellular potassium ion homeostasis",0.370626320588728
"GO:0030208",6,12,0.0434965560143333,"dermatan sulfate biosynthetic process",0.370626320588728
"GO:0036158",6,12,0.0434965560143333,"outer dynein arm assembly",0.370626320588728
"GO:0045778",6,12,0.0434965560143333,"positive regulation of ossification",0.370626320588728
"GO:0048268",6,12,0.0434965560143333,"clathrin coat assembly",0.370626320588728
"GO:0050768",6,12,0.0434965560143333,"negative regulation of neurogenesis",0.370626320588728
"GO:0051272",6,12,0.0434965560143333,"positive regulation of cellular component movement",0.370626320588728
"GO:0051533",6,12,0.0434965560143333,"positive regulation of NFAT protein import into nucleus",0.370626320588728
"GO:1900006",6,12,0.0434965560143333,"positive regulation of dendrite development",0.370626320588728
"GO:1901381",6,12,0.0434965560143333,"positive regulation of potassium ion transmembrane transport",0.370626320588728
"GO:1902287",6,12,0.0434965560143333,"semaphorin-plexin signaling pathway involved in axon guidance",0.370626320588728
"GO:2000505",6,12,0.0434965560143333,"regulation of energy homeostasis",0.370626320588728
"GO:0006939",8,18,0.0435421131880464,"smooth muscle contraction",0.370626320588728
"GO:0008045",8,18,0.0435421131880464,"motor neuron axon guidance",0.370626320588728
"GO:0008589",8,18,0.0435421131880464,"regulation of smoothened signaling pathway",0.370626320588728
"GO:0021772",8,18,0.0435421131880464,"olfactory bulb development",0.370626320588728
"GO:0045445",8,18,0.0435421131880464,"myoblast differentiation",0.370626320588728
"GO:0003222",7,15,0.0442570908248571,"ventricular trabecula myocardium morphogenesis",0.370826014919213
"GO:0010812",7,15,0.0442570908248571,"negative regulation of cell-substrate adhesion",0.370826014919213
"GO:0014002",7,15,0.0442570908248571,"astrocyte development",0.370826014919213
"GO:0030818",7,15,0.0442570908248571,"negative regulation of cAMP biosynthetic process",0.370826014919213
"GO:0030949",7,15,0.0442570908248571,"positive regulation of vascular endothelial growth factor receptor signaling pathway",0.370826014919213
"GO:0048168",7,15,0.0442570908248571,"regulation of neuronal synaptic plasticity",0.370826014919213
"GO:0050806",7,15,0.0442570908248571,"positive regulation of synaptic transmission",0.370826014919213
"GO:2000310",7,15,0.0442570908248571,"regulation of N-methyl-D-aspartate selective glutamate receptor activity",0.370826014919213
"GO:0003151",15,41,0.0452143078529097,"outflow tract morphogenesis",0.377372335970783
"GO:0035094",15,41,0.0452143078529097,"response to nicotine",0.377372335970783
"GO:0006493",12,31,0.0458524130882546,"protein O-linked glycosylation",0.378282407978101
"GO:0006821",12,31,0.0458524130882546,"chloride transport",0.378282407978101
"GO:0051930",12,31,0.0458524130882546,"regulation of sensory perception of pain",0.378282407978101
"GO:0070059",12,31,0.0458524130882546,"intrinsic apoptotic signaling pathway in response to endoplasmic reticulum stress",0.378282407978101
"GO:0070830",12,31,0.0458524130882546,"bicellular tight junction assembly",0.378282407978101
"GO:0071364",12,31,0.0458524130882546,"cellular response to epidermal growth factor stimulus",0.378282407978101
"GO:0006464",29,91,0.0486418664000409,"cellular protein modification process",0.400525157113581
"GO:0006890",24,73,0.0491213934295793,"retrograde vesicle-mediated transport, Golgi to ER",0.401562971242368
"GO:0001657",14,38,0.0491314904328801,"ureteric bud development",0.401562971242368
"GO:0007093",11,28,0.0493295304999366,"mitotic cell cycle checkpoint",0.401562971242368
"GO:0016050",11,28,0.0493295304999366,"vesicle organization",0.401562971242368
"GO:0016358",11,28,0.0493295304999366,"dendrite development",0.401562971242368
"GO:0030203",11,28,0.0493295304999366,"glycosaminoglycan metabolic process",0.401562971242368
"GO:0016241",16,45,0.0507444995491802,"regulation of macroautophagy",0.412299058837089
"GO:0030324",25,77,0.0520931459504316,"lung development",0.422456703454351
"GO:0045893",133,493,0.0528608463853058,"positive regulation of transcription, DNA-templated",0.427019562103904
"GO:2000352",10,25,0.0529145760809782,"negative regulation of endothelial cell apoptotic process",0.427019562103904
"GO:0048013",28,88,0.0529544072352627,"ephrin receptor signaling pathway",0.427019562103904
"GO:0000381",13,35,0.0533802287623303,"regulation of alternative mRNA splicing, via spliceosome",0.428841163652429
"GO:0010811",13,35,0.0533802287623303,"positive regulation of cell-substrate adhesion",0.428841163652429
"GO:0006461",35,114,0.0545907915012588,"protein complex assembly",0.437746720636262
"GO:0021762",15,42,0.0553531032684588,"substantia nigra development",0.443031367577776
"GO:0008344",17,49,0.0559777631033174,"adult locomotory behavior",0.444273584703345
"GO:0042472",17,49,0.0559777631033174,"inner ear morphogenesis",0.444273584703345
"GO:0042246",9,22,0.0565145082557085,"tissue regeneration",0.444273584703345
"GO:0045921",9,22,0.0565145082557085,"positive regulation of exocytosis",0.444273584703345
"GO:0050771",9,22,0.0565145082557085,"negative regulation of axonogenesis",0.444273584703345
"GO:0055007",9,22,0.0565145082557085,"cardiac muscle cell differentiation",0.444273584703345
"GO:0045787",12,32,0.0579777854866727,"positive regulation of cell cycle",0.444273584703345
"GO:0006954",101,369,0.0597698182203072,"inflammatory response",0.444273584703345
"GO:0001514",4,7,0.0598668315979462,"selenocysteine incorporation",0.444273584703345
"GO:0010035",4,7,0.0598668315979462,"response to inorganic substance",0.444273584703345
"GO:0010518",4,7,0.0598668315979462,"positive regulation of phospholipase activity",0.444273584703345
"GO:0010656",4,7,0.0598668315979462,"negative regulation of muscle cell apoptotic process",0.444273584703345
"GO:0014012",4,7,0.0598668315979462,"peripheral nervous system axon regeneration",0.444273584703345
"GO:0015813",4,7,0.0598668315979462,"L-glutamate transport",0.444273584703345
"GO:0017121",4,7,0.0598668315979462,"phospholipid scrambling",0.444273584703345
"GO:0021902",4,7,0.0598668315979462,"commitment of neuronal cell to specific neuron type in forebrain",0.444273584703345
"GO:0034698",4,7,0.0598668315979462,"response to gonadotropin",0.444273584703345
"GO:0038092",4,7,0.0598668315979462,"nodal signaling pathway",0.444273584703345
"GO:0043615",4,7,0.0598668315979462,"astrocyte cell migration",0.444273584703345
"GO:0044321",4,7,0.0598668315979462,"response to leptin",0.444273584703345
"GO:0045198",4,7,0.0598668315979462,"establishment of epithelial cell apical/basal polarity",0.444273584703345
"GO:0046498",4,7,0.0598668315979462,"S-adenosylhomocysteine metabolic process",0.444273584703345
"GO:0048699",4,7,0.0598668315979462,"generation of neurons",0.444273584703345
"GO:0048841",4,7,0.0598668315979462,"regulation of axon extension involved in axon guidance",0.444273584703345
"GO:0050869",4,7,0.0598668315979462,"negative regulation of B cell activation",0.444273584703345
"GO:0051256",4,7,0.0598668315979462,"mitotic spindle midzone assembly",0.444273584703345
"GO:0051549",4,7,0.0598668315979462,"positive regulation of keratinocyte migration",0.444273584703345
"GO:0051988",4,7,0.0598668315979462,"regulation of attachment of spindle microtubules to kinetochore",0.444273584703345
"GO:0060546",4,7,0.0598668315979462,"negative regulation of necroptotic process",0.444273584703345
"GO:0060907",4,7,0.0598668315979462,"positive regulation of macrophage cytokine production",0.444273584703345
"GO:0070206",4,7,0.0598668315979462,"protein trimerization",0.444273584703345
"GO:0071679",4,7,0.0598668315979462,"commissural neuron axon guidance",0.444273584703345
"GO:0071711",4,7,0.0598668315979462,"basement membrane organization",0.444273584703345
"GO:1901018",4,7,0.0598668315979462,"positive regulation of potassium ion transmembrane transporter activity",0.444273584703345
"GO:2000300",4,7,0.0598668315979462,"regulation of synaptic vesicle exocytosis",0.444273584703345
"GO:0001556",8,19,0.0599613998935284,"oocyte maturation",0.444273584703345
"GO:0002028",8,19,0.0599613998935284,"regulation of sodium ion transport",0.444273584703345
"GO:0006541",8,19,0.0599613998935284,"glutamine metabolic process",0.444273584703345
"GO:0007026",8,19,0.0599613998935284,"negative regulation of microtubule depolymerization",0.444273584703345
"GO:0010906",8,19,0.0599613998935284,"regulation of glucose metabolic process",0.444273584703345
"GO:0035307",8,19,0.0599613998935284,"positive regulation of protein dephosphorylation",0.444273584703345
"GO:0035584",8,19,0.0599613998935284,"calcium-mediated signaling using intracellular calcium source",0.444273584703345
"GO:0051170",8,19,0.0599613998935284,"nuclear import",0.444273584703345
"GO:0007160",28,89,0.0602898004116717,"cell-matrix adhesion",0.444530545055667
"GO:0006296",14,39,0.0604105612511547,"nucleotide-excision repair, DNA incision, 5'-to lesion",0.444530545055667
"GO:0008219",14,39,0.0604105612511547,"cell death",0.444530545055667
"GO:0022008",14,39,0.0604105612511547,"neurogenesis",0.444530545055667
"GO:0045727",18,53,0.0609152040870414,"positive regulation of translation",0.447476413584602
"GO:0000186",16,46,0.0611927278833399,"activation of MAPKK activity",0.448746671144492
"GO:0030032",11,29,0.0629345518752224,"lamellipodium assembly",0.449855213103537
"GO:0090200",11,29,0.0629345518752224,"positive regulation of release of cytochrome c from mitochondria",0.449855213103537
"GO:0007051",7,16,0.0629501815334163,"spindle organization",0.449855213103537
"GO:0043536",7,16,0.0629501815334163,"positive regulation of blood vessel endothelial cell migration",0.449855213103537
"GO:0060314",7,16,0.0629501815334163,"regulation of ryanodine-sensitive calcium-release channel activity",0.449855213103537
"GO:0071310",7,16,0.0629501815334163,"cellular response to organic substance",0.449855213103537
"GO:2001234",7,16,0.0629501815334163,"negative regulation of apoptotic signaling pathway",0.449855213103537
"GO:0001701",50,172,0.0635532173130776,"in utero embryonic development",0.449855213103537
"GO:0007059",21,64,0.0639583537928077,"chromosome segregation",0.449855213103537
"GO:0010226",5,10,0.0647039562115038,"response to lithium ion",0.449855213103537
"GO:0010459",5,10,0.0647039562115038,"negative regulation of heart rate",0.449855213103537
"GO:0016242",5,10,0.0647039562115038,"negative regulation of macroautophagy",0.449855213103537
"GO:0032060",5,10,0.0647039562115038,"bleb assembly",0.449855213103537
"GO:0032940",5,10,0.0647039562115038,"secretion by cell",0.449855213103537
"GO:0035871",5,10,0.0647039562115038,"protein K11-linked deubiquitination",0.449855213103537
"GO:0044319",5,10,0.0647039562115038,"wound healing, spreading of cells",0.449855213103537
"GO:0046887",5,10,0.0647039562115038,"positive regulation of hormone secretion",0.449855213103537
"GO:0051489",5,10,0.0647039562115038,"regulation of filopodium assembly",0.449855213103537
"GO:0060088",5,10,0.0647039562115038,"auditory receptor cell stereocilium organization",0.449855213103537
"GO:0070365",5,10,0.0647039562115038,"hepatocyte differentiation",0.449855213103537
"GO:0098911",5,10,0.0647039562115038,"regulation of ventricular cardiac muscle cell action potential",0.449855213103537
"GO:2000648",5,10,0.0647039562115038,"positive regulation of stem cell proliferation",0.449855213103537
"GO:2001223",5,10,0.0647039562115038,"negative regulation of neuron migration",0.449855213103537
"GO:0002031",6,13,0.0649091787671537,"G-protein coupled receptor internalization",0.449855213103537
"GO:0003407",6,13,0.0649091787671537,"neural retina development",0.449855213103537
"GO:0006978",6,13,0.0649091787671537,"DNA damage response, signal transduction by p53 class mediator resulting in transcription of p21 class mediator",0.449855213103537
"GO:0010952",6,13,0.0649091787671537,"positive regulation of peptidase activity",0.449855213103537
"GO:0033160",6,13,0.0649091787671537,"positive regulation of protein import into nucleus, translocation",0.449855213103537
"GO:0034329",6,13,0.0649091787671537,"cell junction assembly",0.449855213103537
"GO:0042176",6,13,0.0649091787671537,"regulation of protein catabolic process",0.449855213103537
"GO:0044458",6,13,0.0649091787671537,"motile cilium assembly",0.449855213103537
"GO:0048246",6,13,0.0649091787671537,"macrophage chemotaxis",0.449855213103537
"GO:0048387",6,13,0.0649091787671537,"negative regulation of retinoic acid receptor signaling pathway",0.449855213103537
"GO:0051145",6,13,0.0649091787671537,"smooth muscle cell differentiation",0.449855213103537
"GO:0051216",19,57,0.0655650762413988,"cartilage development",0.453668027541292
"GO:0007257",13,36,0.0659637007824641,"activation of JUN kinase activity",0.455691266274994
"GO:0006950",17,50,0.0666592493086376,"response to stress",0.45952825086158
"GO:0015701",15,43,0.0669475889949854,"bicarbonate transport",0.45952825086158
"GO:0034644",15,43,0.0669475889949854,"cellular response to UV",0.45952825086158
"GO:0051496",15,43,0.0669475889949854,"positive regulation of stress fiber assembly",0.45952825086158
"GO:0000278",10,26,0.0682474810253594,"mitotic cell cycle",0.46695644912088
"GO:0014065",10,26,0.0682474810253594,"phosphatidylinositol 3-kinase signaling",0.46695644912088
"GO:0043410",25,79,0.0685109211539563,"positive regulation of MAPK cascade",0.468012502787377
"GO:0051607",45,154,0.0697942838156869,"defense response to virus",0.476021426978214
"GO:1903955",26,83,0.0715099661286121,"positive regulation of protein targeting to mitochondrion",0.486948816971025
"GO:0002088",12,33,0.0720635962459783,"lens development in camera-type eye",0.489941090166794
"GO:0033683",14,40,0.0733087955560374,"nucleotide-excision repair, DNA incision",0.496832121540917
"GO:0048565",14,40,0.0733087955560374,"digestive tract development",0.496832121540917
"GO:0006297",9,23,0.073888042280114,"nucleotide-excision repair, DNA gap filling",0.499180632097148
"GO:0045880",9,23,0.073888042280114,"positive regulation of smoothened signaling pathway",0.499180632097148
"GO:0007050",40,136,0.0765732271524782,"cell cycle arrest",0.499955099661868
"GO:0016567",93,342,0.0780960320908223,"protein ubiquitination",0.499955099661868
"GO:0010803",11,30,0.0787649384341802,"regulation of tumor necrosis factor-mediated signaling pathway",0.499955099661868
"GO:0032480",11,30,0.0787649384341802,"negative regulation of type I interferon production",0.499955099661868
"GO:0007605",37,125,0.0793059341078752,"sensory perception of sound",0.499955099661868
"GO:0001676",8,20,0.0797792604394273,"long-chain fatty acid metabolic process",0.499955099661868
"GO:0034113",8,20,0.0797792604394273,"heterotypic cell-cell adhesion",0.499955099661868
"GO:0072583",8,20,0.0797792604394273,"clathrin-dependent endocytosis",0.499955099661868
"GO:0009790",13,37,0.0803533178401883,"embryo development",0.499955099661868
"GO:2001237",13,37,0.0803533178401883,"negative regulation of extrinsic apoptotic signaling pathway",0.499955099661868
"GO:0016192",30,99,0.0820756295088005,"vesicle-mediated transport",0.499955099661868
"GO:0070373",18,55,0.0838464513132142,"negative regulation of ERK1 and ERK2 cascade",0.499955099661868
"GO:0001574",7,17,0.0857495619992447,"ganglioside biosynthetic process",0.499955099661868
"GO:0001935",7,17,0.0857495619992447,"endothelial cell proliferation",0.499955099661868
"GO:0007004",7,17,0.0857495619992447,"telomere maintenance via telomerase",0.499955099661868
"GO:0030048",7,17,0.0857495619992447,"actin filament-based movement",0.499955099661868
"GO:0036120",7,17,0.0857495619992447,"cellular response to platelet-derived growth factor stimulus",0.499955099661868
"GO:0046655",7,17,0.0857495619992447,"folic acid metabolic process",0.499955099661868
"GO:0050767",7,17,0.0857495619992447,"regulation of neurogenesis",0.499955099661868
"GO:0060307",7,17,0.0857495619992447,"regulation of ventricular cardiac muscle cell membrane repolarization",0.499955099661868
"GO:0060384",7,17,0.0857495619992447,"innervation",0.499955099661868
"GO:0002224",10,27,0.0861242316176375,"toll-like receptor signaling pathway",0.499955099661868
"GO:0002474",10,27,0.0861242316176375,"antigen processing and presentation of peptide antigen via MHC class I",0.499955099661868
"GO:0007163",10,27,0.0861242316176375,"establishment or maintenance of cell polarity",0.499955099661868
"GO:0007568",48,168,0.0869705147457633,"aging",0.499955099661868
"GO:0007595",14,41,0.0878763076984,"lactation",0.499955099661868
"GO:0007190",12,34,0.0881708837521321,"activation of adenylate cyclase activity",0.499955099661868
"GO:0030501",12,34,0.0881708837521321,"positive regulation of bone mineralization",0.499955099661868
"GO:0009612",19,59,0.0886794071578493,"response to mechanical stimulus",0.499955099661868
"GO:0070301",19,59,0.0886794071578493,"cellular response to hydrogen peroxide",0.499955099661868
"GO:0001302",3,5,0.0911091081525361,"replicative cell aging",0.499955099661868
"GO:0003161",3,5,0.0911091081525361,"cardiac conduction system development",0.499955099661868
"GO:0003289",3,5,0.0911091081525361,"atrial septum primum morphogenesis",0.499955099661868
"GO:0003356",3,5,0.0911091081525361,"regulation of cilium beat frequency",0.499955099661868
"GO:0003416",3,5,0.0911091081525361,"endochondral bone growth",0.499955099661868
"GO:0006104",3,5,0.0911091081525361,"succinyl-CoA metabolic process",0.499955099661868
"GO:0006172",3,5,0.0911091081525361,"ADP biosynthetic process",0.499955099661868
"GO:0006398",3,5,0.0911091081525361,"mRNA 3'-end processing by stem-loop binding and cleavage",0.499955099661868
"GO:0006664",3,5,0.0911091081525361,"glycolipid metabolic process",0.499955099661868
"GO:0007258",3,5,0.0911091081525361,"JUN phosphorylation",0.499955099661868
"GO:0007262",3,5,0.0911091081525361,"STAT protein import into nucleus",0.499955099661868
"GO:0007610",3,5,0.0911091081525361,"behavior",0.499955099661868
"GO:0010940",3,5,0.0911091081525361,"positive regulation of necrotic cell death",0.499955099661868
"GO:0010960",3,5,0.0911091081525361,"magnesium ion homeostasis",0.499955099661868
"GO:0010994",3,5,0.0911091081525361,"free ubiquitin chain polymerization",0.499955099661868
"GO:0014910",3,5,0.0911091081525361,"regulation of smooth muscle cell migration",0.499955099661868
"GO:0015812",3,5,0.0911091081525361,"gamma-aminobutyric acid transport",0.499955099661868
"GO:0016570",3,5,0.0911091081525361,"histone modification",0.499955099661868
"GO:0021696",3,5,0.0911091081525361,"cerebellar cortex morphogenesis",0.499955099661868
"GO:0021782",3,5,0.0911091081525361,"glial cell development",0.499955099661868
"GO:0030947",3,5,0.0911091081525361,"regulation of vascular endothelial growth factor receptor signaling pathway",0.499955099661868
"GO:0031133",3,5,0.0911091081525361,"regulation of axon diameter",0.499955099661868
"GO:0031536",3,5,0.0911091081525361,"positive regulation of exit from mitosis",0.499955099661868
"GO:0032367",3,5,0.0911091081525361,"intracellular cholesterol transport",0.499955099661868
"GO:0032611",3,5,0.0911091081525361,"interleukin-1 beta production",0.499955099661868
"GO:0033153",3,5,0.0911091081525361,"T cell receptor V(D)J recombination",0.499955099661868
"GO:0033157",3,5,0.0911091081525361,"regulation of intracellular protein transport",0.499955099661868
"GO:0033564",3,5,0.0911091081525361,"anterior/posterior axon guidance",0.499955099661868
"GO:0033602",3,5,0.0911091081525361,"negative regulation of dopamine secretion",0.499955099661868
"GO:0034123",3,5,0.0911091081525361,"positive regulation of toll-like receptor signaling pathway",0.499955099661868
"GO:0034134",3,5,0.0911091081525361,"toll-like receptor 2 signaling pathway",0.499955099661868
"GO:0035630",3,5,0.0911091081525361,"bone mineralization involved in bone maturation",0.499955099661868
"GO:0038007",3,5,0.0911091081525361,"netrin-activated signaling pathway",0.499955099661868
"GO:0038033",3,5,0.0911091081525361,"positive regulation of endothelial cell chemotaxis by VEGF-activated vascular endothelial growth factor receptor signaling pathway",0.499955099661868
"GO:0040020",3,5,0.0911091081525361,"regulation of meiotic nuclear division",0.499955099661868
"GO:0042403",3,5,0.0911091081525361,"thyroid hormone metabolic process",0.499955099661868
"GO:0042634",3,5,0.0911091081525361,"regulation of hair cycle",0.499955099661868
"GO:0043584",3,5,0.0911091081525361,"nose development",0.499955099661868
"GO:0045869",3,5,0.0911091081525361,"negative regulation of single stranded viral RNA replication via double stranded DNA intermediate",0.499955099661868
"GO:0046033",3,5,0.0911091081525361,"AMP metabolic process",0.499955099661868
"GO:0046578",3,5,0.0911091081525361,"regulation of Ras protein signal transduction",0.499955099661868
"GO:0046600",3,5,0.0911091081525361,"negative regulation of centriole replication",0.499955099661868
"GO:0046651",3,5,0.0911091081525361,"lymphocyte proliferation",0.499955099661868
"GO:0046684",3,5,0.0911091081525361,"response to pyrethroid",0.499955099661868
"GO:0046883",3,5,0.0911091081525361,"regulation of hormone secretion",0.499955099661868
"GO:0048194",3,5,0.0911091081525361,"Golgi vesicle budding",0.499955099661868
"GO:0048263",3,5,0.0911091081525361,"determination of dorsal identity",0.499955099661868
"GO:0048311",3,5,0.0911091081525361,"mitochondrion distribution",0.499955099661868
"GO:0048664",3,5,0.0911091081525361,"neuron fate determination",0.499955099661868
"GO:0048752",3,5,0.0911091081525361,"semicircular canal morphogenesis",0.499955099661868
"GO:0048755",3,5,0.0911091081525361,"branching morphogenesis of a nerve",0.499955099661868
"GO:0051280",3,5,0.0911091081525361,"negative regulation of release of sequestered calcium ion into cytosol",0.499955099661868
"GO:0051302",3,5,0.0911091081525361,"regulation of cell division",0.499955099661868
"GO:0051771",3,5,0.0911091081525361,"negative regulation of nitric-oxide synthase biosynthetic process",0.499955099661868
"GO:0051823",3,5,0.0911091081525361,"regulation of synapse structural plasticity",0.499955099661868
"GO:0055069",3,5,0.0911091081525361,"zinc ion homeostasis",0.499955099661868
"GO:0060028",3,5,0.0911091081525361,"convergent extension involved in axis elongation",0.499955099661868
"GO:0060033",3,5,0.0911091081525361,"anatomical structure regression",0.499955099661868
"GO:0060385",3,5,0.0911091081525361,"axonogenesis involved in innervation",0.499955099661868
"GO:0060603",3,5,0.0911091081525361,"mammary gland duct morphogenesis",0.499955099661868
"GO:0060744",3,5,0.0911091081525361,"mammary gland branching involved in thelarche",0.499955099661868
"GO:0060956",3,5,0.0911091081525361,"endocardial cell differentiation",0.499955099661868
"GO:0061469",3,5,0.0911091081525361,"regulation of type B pancreatic cell proliferation",0.499955099661868
"GO:0061590",3,5,0.0911091081525361,"calcium activated phosphatidylcholine scrambling",0.499955099661868
"GO:0061591",3,5,0.0911091081525361,"calcium activated galactosylceramide scrambling",0.499955099661868
"GO:0070296",3,5,0.0911091081525361,"sarcoplasmic reticulum calcium ion transport",0.499955099661868
"GO:0070318",3,5,0.0911091081525361,"positive regulation of G0 to G1 transition",0.499955099661868
"GO:0071376",3,5,0.0911091081525361,"cellular response to corticotropin-releasing hormone stimulus",0.499955099661868
"GO:0071394",3,5,0.0911091081525361,"cellular response to testosterone stimulus",0.499955099661868
"GO:0071447",3,5,0.0911091081525361,"cellular response to hydroperoxide",0.499955099661868
"GO:0071621",3,5,0.0911091081525361,"granulocyte chemotaxis",0.499955099661868
"GO:0071947",3,5,0.0911091081525361,"protein deubiquitination involved in ubiquitin-dependent protein catabolic process",0.499955099661868
"GO:0072656",3,5,0.0911091081525361,"maintenance of protein location in mitochondrion",0.499955099661868
"GO:0089712",3,5,0.0911091081525361,"L-aspartate transmembrane transport",0.499955099661868
"GO:0090131",3,5,0.0911091081525361,"mesenchyme migration",0.499955099661868
"GO:0090527",3,5,0.0911091081525361,"actin filament reorganization",0.499955099661868
"GO:0097167",3,5,0.0911091081525361,"circadian regulation of translation",0.499955099661868
"GO:1900042",3,5,0.0911091081525361,"positive regulation of interleukin-2 secretion",0.499955099661868
"GO:1900122",3,5,0.0911091081525361,"positive regulation of receptor binding",0.499955099661868
"GO:1900180",3,5,0.0911091081525361,"regulation of protein localization to nucleus",0.499955099661868
"GO:1901841",3,5,0.0911091081525361,"regulation of high voltage-gated calcium channel activity",0.499955099661868
"GO:1903307",3,5,0.0911091081525361,"positive regulation of regulated secretory pathway",0.499955099661868
"GO:1903361",3,5,0.0911091081525361,"protein localization to basolateral plasma membrane",0.499955099661868
"GO:1905007",3,5,0.0911091081525361,"positive regulation of epithelial to mesenchymal transition involved in endocardial cushion formation",0.499955099661868
"GO:1990314",3,5,0.0911091081525361,"cellular response to insulin-like growth factor stimulus",0.499955099661868
"GO:1990573",3,5,0.0911091081525361,"potassium ion import across plasma membrane",0.499955099661868
"GO:2000347",3,5,0.0911091081525361,"positive regulation of hepatocyte proliferation",0.499955099661868
"GO:2000427",3,5,0.0911091081525361,"positive regulation of apoptotic cell clearance",0.499955099661868
"GO:2000650",3,5,0.0911091081525361,"negative regulation of sodium ion transmembrane transporter activity",0.499955099661868
"GO:2000672",3,5,0.0911091081525361,"negative regulation of motor neuron apoptotic process",0.499955099661868
"GO:0000042",6,14,0.0914330558295511,"protein targeting to Golgi",0.499955099661868
"GO:0001516",6,14,0.0914330558295511,"prostaglandin biosynthetic process",0.499955099661868
"GO:0006996",6,14,0.0914330558295511,"organelle organization",0.499955099661868
"GO:0010569",6,14,0.0914330558295511,"regulation of double-strand break repair via homologous recombination",0.499955099661868
"GO:0021591",6,14,0.0914330558295511,"ventricular system development",0.499955099661868
"GO:0032793",6,14,0.0914330558295511,"positive regulation of CREB transcription factor activity",0.499955099661868
"GO:0034162",6,14,0.0914330558295511,"toll-like receptor 9 signaling pathway",0.499955099661868
"GO:0042325",6,14,0.0914330558295511,"regulation of phosphorylation",0.499955099661868
"GO:0043303",6,14,0.0914330558295511,"mast cell degranulation",0.499955099661868
"GO:0046037",6,14,0.0914330558295511,"GMP metabolic process",0.499955099661868
"GO:0080111",6,14,0.0914330558295511,"DNA demethylation",0.499955099661868
"GO:1900273",6,14,0.0914330558295511,"positive regulation of long-term synaptic potentiation",0.499955099661868
"GO:1903506",6,14,0.0914330558295511,"regulation of nucleic acid-templated transcription",0.499955099661868
"GO:2000679",6,14,0.0914330558295511,"positive regulation of transcription regulatory region DNA binding",0.499955099661868
"GO:0043406",17,52,0.0919385813685035,"positive regulation of MAP kinase activity",0.499955099661868
"GO:0007218",27,89,0.0940845296373312,"neuropeptide signaling pathway",0.499955099661868
"GO:0007159",9,24,0.0941955336016354,"leukocyte cell-cell adhesion",0.499955099661868
"GO:0007422",9,24,0.0941955336016354,"peripheral nervous system development",0.499955099661868
"GO:0008306",9,24,0.0941955336016354,"associative learning",0.499955099661868
"GO:0045840",9,24,0.0941955336016354,"positive regulation of mitotic nuclear division",0.499955099661868
"GO:0048041",9,24,0.0941955336016354,"focal adhesion assembly",0.499955099661868
"GO:0072661",9,24,0.0941955336016354,"protein targeting to plasma membrane",0.499955099661868
"GO:0090314",9,24,0.0941955336016354,"positive regulation of protein targeting to membrane",0.499955099661868
"GO:0007187",15,45,0.0947089881677494,"G-protein coupled receptor signaling pathway, coupled to cyclic nucleotide second messenger",0.499955099661868
"GO:0032147",15,45,0.0947089881677494,"activation of protein kinase activity",0.499955099661868
"GO:0008284",114,429,0.0956554776133207,"positive regulation of cell proliferation",0.499955099661868
"GO:0001833",5,11,0.0960315746582561,"inner cell mass cell proliferation",0.499955099661868
"GO:0008272",5,11,0.0960315746582561,"sulfate transport",0.499955099661868
"GO:0015909",5,11,0.0960315746582561,"long-chain fatty acid transport",0.499955099661868
"GO:0030431",5,11,0.0960315746582561,"sleep",0.499955099661868
"GO:0033555",5,11,0.0960315746582561,"multicellular organismal response to stress",0.499955099661868
"GO:0033993",5,11,0.0960315746582561,"response to lipid",0.499955099661868
"GO:0036376",5,11,0.0960315746582561,"sodium ion export from cell",0.499955099661868
"GO:0044030",5,11,0.0960315746582561,"regulation of DNA methylation",0.499955099661868
"GO:0045779",5,11,0.0960315746582561,"negative regulation of bone resorption",0.499955099661868
"GO:0046888",5,11,0.0960315746582561,"negative regulation of hormone secretion",0.499955099661868
"GO:0050673",5,11,0.0960315746582561,"epithelial cell proliferation",0.499955099661868
"GO:0050732",5,11,0.0960315746582561,"negative regulation of peptidyl-tyrosine phosphorylation",0.499955099661868
"GO:0050884",5,11,0.0960315746582561,"neuromuscular process controlling posture",0.499955099661868
"GO:0051481",5,11,0.0960315746582561,"negative regulation of cytosolic calcium ion concentration",0.499955099661868
"GO:0051775",5,11,0.0960315746582561,"response to redox state",0.499955099661868
"GO:0060081",5,11,0.0960315746582561,"membrane hyperpolarization",0.499955099661868
"GO:0060997",5,11,0.0960315746582561,"dendritic spine morphogenesis",0.499955099661868
"GO:0061099",5,11,0.0960315746582561,"negative regulation of protein tyrosine kinase activity",0.499955099661868
"GO:0071318",5,11,0.0960315746582561,"cellular response to ATP",0.499955099661868
"GO:0000079",13,38,0.0965886680919885,"regulation of cyclin-dependent protein serine/threonine kinase activity",0.499955099661868
"GO:0001756",13,38,0.0965886680919885,"somitogenesis",0.499955099661868
"GO:0007566",13,38,0.0965886680919885,"embryo implantation",0.499955099661868
"GO:0048666",13,38,0.0965886680919885,"neuron development",0.499955099661868
"GO:0050890",13,38,0.0965886680919885,"cognition",0.499955099661868
"GO:0030182",28,93,0.0967756483678034,"neuron differentiation",0.499955099661868
"GO:0003091",11,31,0.0968668273744391,"renal water homeostasis",0.499955099661868
"GO:0001841",4,8,0.0976602269269569,"neural tube formation",0.499955099661868
"GO:0002091",4,8,0.0976602269269569,"negative regulation of receptor internalization",0.499955099661868
"GO:0002237",4,8,0.0976602269269569,"response to molecule of bacterial origin",0.499955099661868
"GO:0002480",4,8,0.0976602269269569,"antigen processing and presentation of exogenous peptide antigen via MHC class I, TAP-independent",0.499955099661868
"GO:0003143",4,8,0.0976602269269569,"embryonic heart tube morphogenesis",0.499955099661868
"GO:0006264",4,8,0.0976602269269569,"mitochondrial DNA replication",0.499955099661868
"GO:0006353",4,8,0.0976602269269569,"DNA-templated transcription, termination",0.499955099661868
"GO:0007183",4,8,0.0976602269269569,"SMAD protein complex assembly",0.499955099661868
"GO:0007289",4,8,0.0976602269269569,"spermatid nucleus differentiation",0.499955099661868
"GO:0010818",4,8,0.0976602269269569,"T cell chemotaxis",0.499955099661868
"GO:0016082",4,8,0.0976602269269569,"synaptic vesicle priming",0.499955099661868
"GO:0032930",4,8,0.0976602269269569,"positive regulation of superoxide anion generation",0.499955099661868
"GO:0033148",4,8,0.0976602269269569,"positive regulation of intracellular estrogen receptor signaling pathway",0.499955099661868
"GO:0033173",4,8,0.0976602269269569,"calcineurin-NFAT signaling cascade",0.499955099661868
"GO:0035148",4,8,0.0976602269269569,"tube formation",0.499955099661868
"GO:0035234",4,8,0.0976602269269569,"ectopic germ cell programmed cell death",0.499955099661868
"GO:0043030",4,8,0.0976602269269569,"regulation of macrophage activation",0.499955099661868
"GO:0045080",4,8,0.0976602269269569,"positive regulation of chemokine biosynthetic process",0.499955099661868
"GO:0045741",4,8,0.0976602269269569,"positive regulation of epidermal growth factor-activated receptor activity",0.499955099661868
"GO:0045839",4,8,0.0976602269269569,"negative regulation of mitotic nuclear division",0.499955099661868
"GO:0048103",4,8,0.0976602269269569,"somatic stem cell division",0.499955099661868
"GO:0048660",4,8,0.0976602269269569,"regulation of smooth muscle cell proliferation",0.499955099661868
"GO:0050702",4,8,0.0976602269269569,"interleukin-1 beta secretion",0.499955099661868
"GO:0051963",4,8,0.0976602269269569,"regulation of synapse assembly",0.499955099661868
"GO:0060080",4,8,0.0976602269269569,"inhibitory postsynaptic potential",0.499955099661868
"GO:0060998",4,8,0.0976602269269569,"regulation of dendritic spine development",0.499955099661868
"GO:0070327",4,8,0.0976602269269569,"thyroid hormone transport",0.499955099661868
"GO:0070613",4,8,0.0976602269269569,"regulation of protein processing",0.499955099661868
"GO:0090050",4,8,0.0976602269269569,"positive regulation of cell migration involved in sprouting angiogenesis",0.499955099661868
"GO:1900027",4,8,0.0976602269269569,"regulation of ruffle assembly",0.499955099661868
"GO:1904322",4,8,0.0976602269269569,"cellular response to forskolin",0.499955099661868
"GO:0009880",8,21,0.103020900064978,"embryonic pattern specification",0.52489270935719
"GO:0032465",8,21,0.103020900064978,"regulation of cytokinesis",0.52489270935719
"GO:0045662",8,21,0.103020900064978,"negative regulation of myoblast differentiation",0.52489270935719
"GO:2001235",8,21,0.103020900064978,"positive regulation of apoptotic signaling pathway",0.52489270935719
"GO:0032467",12,35,0.106322529833768,"positive regulation of cytokinesis",0.537326328883953
"GO:0046676",12,35,0.106322529833768,"negative regulation of insulin secretion",0.537326328883953
"GO:0007005",20,64,0.106440188941613,"mitochondrion organization",0.537326328883953
"GO:0001569",10,28,0.106565732238583,"patterning of blood vessels",0.537326328883953
"GO:0006513",10,28,0.106565732238583,"protein monoubiquitination",0.537326328883953
"GO:0051924",10,28,0.106565732238583,"regulation of calcium ion transport",0.537326328883953
"GO:1900740",10,28,0.106565732238583,"positive regulation of protein insertion into mitochondrial membrane involved in apoptotic signaling pathway",0.537326328883953
"GO:0008104",17,53,0.106588509529194,"protein localization",0.537326328883953
"GO:0032091",17,53,0.106588509529194,"negative regulation of protein binding",0.537326328883953
"GO:0071456",29,98,0.110248138330043,"cellular response to hypoxia",0.555122668351978
"GO:0008630",15,46,0.110926533466657,"intrinsic apoptotic signaling pathway in response to DNA damage",0.55657874686779
"GO:0048538",15,46,0.110926533466657,"thymus development",0.55657874686779
"GO:0051781",15,46,0.110926533466657,"positive regulation of cell division",0.55657874686779
"GO:0007584",25,83,0.111305119683278,"response to nutrient",0.557174986512561
"GO:0032869",25,83,0.111305119683278,"cellular response to insulin stimulus",0.557174986512561
"GO:0021537",7,18,0.112608847606371,"telencephalon development",0.560431503748645
"GO:0031032",7,18,0.112608847606371,"actomyosin structure organization",0.560431503748645
"GO:0046328",7,18,0.112608847606371,"regulation of JNK cascade",0.560431503748645
"GO:0050870",7,18,0.112608847606371,"positive regulation of T cell activation",0.560431503748645
"GO:0071539",7,18,0.112608847606371,"protein localization to centrosome",0.560431503748645
"GO:0016032",79,293,0.112751049676118,"viral process",0.560488995493102
"GO:0030522",13,39,0.114677721512405,"intracellular receptor signaling pathway",0.567436476687681
"GO:0043124",13,39,0.114677721512405,"negative regulation of I-kappaB kinase/NF-kappaB signaling",0.567436476687681
"GO:0043280",13,39,0.114677721512405,"positive regulation of cysteine-type endopeptidase activity involved in apoptotic process",0.567436476687681
"GO:0045184",13,39,0.114677721512405,"establishment of protein localization",0.567436476687681
"GO:0045892",121,461,0.115784101141689,"negative regulation of transcription, DNA-templated",0.572250914628856
"GO:0045665",19,61,0.116494448702057,"negative regulation of neuron differentiation",0.573054550361834
"GO:0009314",11,32,0.117237277887079,"response to radiation",0.573054550361834
"GO:0048701",11,32,0.117237277887079,"embryonic cranial skeleton morphogenesis",0.573054550361834
"GO:0071526",11,32,0.117237277887079,"semaphorin-plexin signaling pathway",0.573054550361834
"GO:0007569",9,25,0.117416072207005,"cell aging",0.573054550361834
"GO:0014003",9,25,0.117416072207005,"oligodendrocyte development",0.573054550361834
"GO:0030206",9,25,0.117416072207005,"chondroitin sulfate biosynthetic process",0.573054550361834
"GO:0051017",9,25,0.117416072207005,"actin filament bundle assembly",0.573054550361834
"GO:0070372",9,25,0.117416072207005,"regulation of ERK1 and ERK2 cascade",0.573054550361834
"GO:0071158",9,25,0.117416072207005,"positive regulation of cell cycle arrest",0.573054550361834
"GO:0071897",9,25,0.117416072207005,"DNA biosynthetic process",0.573054550361834
"GO:0035023",23,76,0.117865421543506,"regulation of Rho protein signal transduction",0.57459393002459
"GO:0042475",17,54,0.122586520468629,"odontogenesis of dentin-containing tooth",0.592993328933857
"GO:0006790",6,15,0.122883699166014,"sulfur compound metabolic process",0.592993328933857
"GO:0030224",6,15,0.122883699166014,"monocyte differentiation",0.592993328933857
"GO:0035458",6,15,0.122883699166014,"cellular response to interferon-beta",0.592993328933857
"GO:0043277",6,15,0.122883699166014,"apoptotic cell clearance",0.592993328933857
"GO:0050804",6,15,0.122883699166014,"modulation of synaptic transmission",0.592993328933857
"GO:0051276",6,15,0.122883699166014,"chromosome organization",0.592993328933857
"GO:0086005",6,15,0.122883699166014,"ventricular cardiac muscle cell action potential",0.592993328933857
"GO:2000573",6,15,0.122883699166014,"positive regulation of DNA biosynthetic process",0.592993328933857
"GO:0007010",43,153,0.12322331343512,"cytoskeleton organization",0.59396406138951
"GO:0051091",30,103,0.124163593827491,"positive regulation of sequence-specific DNA binding transcription factor activity",0.597824711021251
"GO:0006869",21,69,0.124821283460536,"lipid transport",0.599645359513663
"GO:0030855",21,69,0.124821283460536,"epithelial cell differentiation",0.599645359513663
"GO:0042769",12,36,0.12650194435942,"DNA damage response, detection of DNA damage",0.60077380549029
"GO:0061077",12,36,0.12650194435942,"chaperone-mediated protein folding",0.60077380549029
"GO:0022617",22,73,0.128490367426341,"extracellular matrix disassembly",0.60077380549029
"GO:0002931",10,29,0.129529511377193,"response to ischemia",0.60077380549029
"GO:0003333",10,29,0.129529511377193,"amino acid transmembrane transport",0.60077380549029
"GO:0043967",10,29,0.129529511377193,"histone H4 acetylation",0.60077380549029
"GO:0090307",10,29,0.129529511377193,"mitotic spindle assembly",0.60077380549029
"GO:0001954",8,22,0.129595981098846,"positive regulation of cell-matrix adhesion",0.60077380549029
"GO:0002092",8,22,0.129595981098846,"positive regulation of receptor internalization",0.60077380549029
"GO:0007602",8,22,0.129595981098846,"phototransduction",0.60077380549029
"GO:0008037",8,22,0.129595981098846,"cell recognition",0.60077380549029
"GO:0009966",8,22,0.129595981098846,"regulation of signal transduction",0.60077380549029
"GO:0034394",8,22,0.129595981098846,"protein localization to cell surface",0.60077380549029
"GO:0042346",8,22,0.129595981098846,"positive regulation of NF-kappaB import into nucleus",0.60077380549029
"GO:0048741",8,22,0.129595981098846,"skeletal muscle fiber development",0.60077380549029
"GO:0048844",8,22,0.129595981098846,"artery morphogenesis",0.60077380549029
"GO:0046854",27,92,0.129603065921193,"phosphatidylinositol phosphorylation",0.60077380549029
"GO:0007623",23,77,0.131872633873017,"circadian rhythm",0.60077380549029
"GO:0000038",5,12,0.133556587975344,"very long-chain fatty acid metabolic process",0.60077380549029
"GO:0003376",5,12,0.133556587975344,"sphingosine-1-phosphate signaling pathway",0.60077380549029
"GO:0006693",5,12,0.133556587975344,"prostaglandin metabolic process",0.60077380549029
"GO:0007212",5,12,0.133556587975344,"dopamine receptor signaling pathway",0.60077380549029
"GO:0010738",5,12,0.133556587975344,"regulation of protein kinase A signaling",0.60077380549029
"GO:0021670",5,12,0.133556587975344,"lateral ventricle development",0.60077380549029
"GO:0021846",5,12,0.133556587975344,"cell proliferation in forebrain",0.60077380549029
"GO:0031000",5,12,0.133556587975344,"response to caffeine",0.60077380549029
"GO:0032228",5,12,0.133556587975344,"regulation of synaptic transmission, GABAergic",0.60077380549029
"GO:0042574",5,12,0.133556587975344,"retinal metabolic process",0.60077380549029
"GO:0043149",5,12,0.133556587975344,"stress fiber assembly",0.60077380549029
"GO:0043922",5,12,0.133556587975344,"negative regulation by host of viral transcription",0.60077380549029
"GO:0045176",5,12,0.133556587975344,"apical protein localization",0.60077380549029
"GO:0045197",5,12,0.133556587975344,"establishment or maintenance of epithelial cell apical/basal polarity",0.60077380549029
"GO:0045446",5,12,0.133556587975344,"endothelial cell differentiation",0.60077380549029
"GO:0045744",5,12,0.133556587975344,"negative regulation of G-protein coupled receptor protein signaling pathway",0.60077380549029
"GO:0050730",5,12,0.133556587975344,"regulation of peptidyl-tyrosine phosphorylation",0.60077380549029
"GO:0060391",5,12,0.133556587975344,"positive regulation of SMAD protein import into nucleus",0.60077380549029
"GO:0071391",5,12,0.133556587975344,"cellular response to estrogen stimulus",0.60077380549029
"GO:0071397",5,12,0.133556587975344,"cellular response to cholesterol",0.60077380549029
"GO:0071498",5,12,0.133556587975344,"cellular response to fluid shear stress",0.60077380549029
"GO:0090399",5,12,0.133556587975344,"replicative senescence",0.60077380549029
"GO:2000484",5,12,0.133556587975344,"positive regulation of interleukin-8 secretion",0.60077380549029
"GO:0098792",29,100,0.134327247970885,"xenophagy",0.60077380549029
"GO:0000413",13,40,0.134596093269175,"protein peptidyl-prolyl isomerization",0.60077380549029
"GO:0007611",13,40,0.134596093269175,"learning or memory",0.60077380549029
"GO:0021549",13,40,0.134596093269175,"cerebellum development",0.60077380549029
"GO:0071363",16,51,0.134609624493096,"cellular response to growth factor stimulus",0.60077380549029
"GO:0097190",20,66,0.136340567450265,"apoptotic signaling pathway",0.60077380549029
"GO:0006409",11,33,0.139824118707629,"tRNA export from nucleus",0.60077380549029
"GO:0006520",11,33,0.139824118707629,"cellular amino acid metabolic process",0.60077380549029
"GO:0010332",11,33,0.139824118707629,"response to gamma radiation",0.60077380549029
"GO:1900026",11,33,0.139824118707629,"positive regulation of substrate adhesion-dependent cell spreading",0.60077380549029
"GO:0030178",14,44,0.141709450956466,"negative regulation of Wnt signaling pathway",0.60077380549029
"GO:0043525",14,44,0.141709450956466,"positive regulation of neuron apoptotic process",0.60077380549029
"GO:0006892",7,19,0.143319858772196,"post-Golgi vesicle-mediated transport",0.60077380549029
"GO:0010765",7,19,0.143319858772196,"positive regulation of sodium ion transport",0.60077380549029
"GO:0030879",7,19,0.143319858772196,"mammary gland development",0.60077380549029
"GO:0031589",7,19,0.143319858772196,"cell-substrate adhesion",0.60077380549029
"GO:0033198",7,19,0.143319858772196,"response to ATP",0.60077380549029
"GO:0035066",7,19,0.143319858772196,"positive regulation of histone acetylation",0.60077380549029
"GO:0042098",7,19,0.143319858772196,"T cell proliferation",0.60077380549029
"GO:0044849",7,19,0.143319858772196,"estrous cycle",0.60077380549029
"GO:0046827",7,19,0.143319858772196,"positive regulation of protein export from nucleus",0.60077380549029
"GO:0070987",7,19,0.143319858772196,"error-free translesion synthesis",0.60077380549029
"GO:0071480",7,19,0.143319858772196,"cellular response to gamma radiation",0.60077380549029
"GO:0097503",7,19,0.143319858772196,"sialylation",0.60077380549029
"GO:0008089",9,26,0.143446502832582,"anterograde axonal transport",0.60077380549029
"GO:0031069",9,26,0.143446502832582,"hair follicle morphogenesis",0.60077380549029
"GO:0032728",9,26,0.143446502832582,"positive regulation of interferon-beta production",0.60077380549029
"GO:0060412",9,26,0.143446502832582,"ventricular septum morphogenesis",0.60077380549029
"GO:0071385",9,26,0.143446502832582,"cellular response to glucocorticoid stimulus",0.60077380549029
"GO:0000733",4,9,0.143752333003896,"DNA strand renaturation",0.60077380549029
"GO:0001952",4,9,0.143752333003896,"regulation of cell-matrix adhesion",0.60077380549029
"GO:0006621",4,9,0.143752333003896,"protein retention in ER lumen",0.60077380549029
"GO:0007172",4,9,0.143752333003896,"signal complex assembly",0.60077380549029
"GO:0008354",4,9,0.143752333003896,"germ cell migration",0.60077380549029
"GO:0032308",4,9,0.143752333003896,"positive regulation of prostaglandin secretion",0.60077380549029
"GO:0032811",4,9,0.143752333003896,"negative regulation of epinephrine secretion",0.60077380549029
"GO:0033129",4,9,0.143752333003896,"positive regulation of histone phosphorylation",0.60077380549029
"GO:0033627",4,9,0.143752333003896,"cell adhesion mediated by integrin",0.60077380549029
"GO:0035067",4,9,0.143752333003896,"negative regulation of histone acetylation",0.60077380549029
"GO:0035385",4,9,0.143752333003896,"Roundabout signaling pathway",0.60077380549029
"GO:0035879",4,9,0.143752333003896,"plasma membrane lactate transport",0.60077380549029
"GO:0044320",4,9,0.143752333003896,"cellular response to leptin stimulus",0.60077380549029
"GO:0045199",4,9,0.143752333003896,"maintenance of epithelial cell apical/basal polarity",0.60077380549029
"GO:0045598",4,9,0.143752333003896,"regulation of fat cell differentiation",0.60077380549029
"GO:0048489",4,9,0.143752333003896,"synaptic vesicle transport",0.60077380549029
"GO:0051127",4,9,0.143752333003896,"positive regulation of actin nucleation",0.60077380549029
"GO:0060068",4,9,0.143752333003896,"vagina development",0.60077380549029
"GO:0060137",4,9,0.143752333003896,"maternal process involved in parturition",0.60077380549029
"GO:0060452",4,9,0.143752333003896,"positive regulation of cardiac muscle contraction",0.60077380549029
"GO:0061088",4,9,0.143752333003896,"regulation of sequestering of zinc ion",0.60077380549029
"GO:0061179",4,9,0.143752333003896,"negative regulation of insulin secretion involved in cellular response to glucose stimulus",0.60077380549029
"GO:0070886",4,9,0.143752333003896,"positive regulation of calcineurin-NFAT signaling cascade",0.60077380549029
"GO:0070933",4,9,0.143752333003896,"histone H4 deacetylation",0.60077380549029
"GO:0071404",4,9,0.143752333003896,"cellular response to low-density lipoprotein particle stimulus",0.60077380549029
"GO:0071481",4,9,0.143752333003896,"cellular response to X-ray",0.60077380549029
"GO:0090286",4,9,0.143752333003896,"cytoskeletal anchoring at nuclear membrane",0.60077380549029
"GO:2000786",4,9,0.143752333003896,"positive regulation of autophagosome assembly",0.60077380549029
"GO:0007204",36,128,0.146610414070996,"positive regulation of cytosolic calcium ion concentration",0.60077380549029
"GO:0008286",23,78,0.146822750169475,"insulin receptor signaling pathway",0.60077380549029
"GO:0043434",15,48,0.147994509209415,"response to peptide hormone",0.60077380549029
"GO:0071320",15,48,0.147994509209415,"cellular response to cAMP",0.60077380549029
"GO:0050714",12,37,0.148653285088651,"positive regulation of protein secretion",0.60077380549029
"GO:0001661",3,6,0.150683593171924,"conditioned taste aversion",0.60077380549029
"GO:0001844",3,6,0.150683593171924,"protein insertion into mitochondrial membrane involved in apoptotic signaling pathway",0.60077380549029
"GO:0001913",3,6,0.150683593171924,"T cell mediated cytotoxicity",0.60077380549029
"GO:0001957",3,6,0.150683593171924,"intramembranous ossification",0.60077380549029
"GO:0003183",3,6,0.150683593171924,"mitral valve morphogenesis",0.60077380549029
"GO:0006207",3,6,0.150683593171924,"'de novo' pyrimidine nucleobase biosynthetic process",0.60077380549029
"GO:0006537",3,6,0.150683593171924,"glutamate biosynthetic process",0.60077380549029
"GO:0006658",3,6,0.150683593171924,"phosphatidylserine metabolic process",0.60077380549029
"GO:0006777",3,6,0.150683593171924,"Mo-molybdopterin cofactor biosynthetic process",0.60077380549029
"GO:0006929",3,6,0.150683593171924,"substrate-dependent cell migration",0.60077380549029
"GO:0007044",3,6,0.150683593171924,"cell-substrate junction assembly",0.60077380549029
"GO:0007098",3,6,0.150683593171924,"centrosome cycle",0.60077380549029
"GO:0009437",3,6,0.150683593171924,"carnitine metabolic process",0.60077380549029
"GO:0010310",3,6,0.150683593171924,"regulation of hydrogen peroxide metabolic process",0.60077380549029
"GO:0010529",3,6,0.150683593171924,"negative regulation of transposition",0.60077380549029
"GO:0010694",3,6,0.150683593171924,"positive regulation of alkaline phosphatase activity",0.60077380549029
"GO:0014909",3,6,0.150683593171924,"smooth muscle cell migration",0.60077380549029
"GO:0015867",3,6,0.150683593171924,"ATP transport",0.60077380549029
"GO:0016202",3,6,0.150683593171924,"regulation of striated muscle tissue development",0.60077380549029
"GO:0018230",3,6,0.150683593171924,"peptidyl-L-cysteine S-palmitoylation",0.60077380549029
"GO:0018406",3,6,0.150683593171924,"protein C-linked glycosylation via 2'-alpha-mannosyl-L-tryptophan",0.60077380549029
"GO:0019388",3,6,0.150683593171924,"galactose catabolic process",0.60077380549029
"GO:0019800",3,6,0.150683593171924,"peptide cross-linking via chondroitin 4-sulfate glycosaminoglycan",0.60077380549029
"GO:0019896",3,6,0.150683593171924,"axonal transport of mitochondrion",0.60077380549029
"GO:0021695",3,6,0.150683593171924,"cerebellar cortex development",0.60077380549029
"GO:0031394",3,6,0.150683593171924,"positive regulation of prostaglandin biosynthetic process",0.60077380549029
"GO:0031987",3,6,0.150683593171924,"locomotion involved in locomotory behavior",0.60077380549029
"GO:0032020",3,6,0.150683593171924,"ISG15-protein conjugation",0.60077380549029
"GO:0032224",3,6,0.150683593171924,"positive regulation of synaptic transmission, cholinergic",0.60077380549029
"GO:0032229",3,6,0.150683593171924,"negative regulation of synaptic transmission, GABAergic",0.60077380549029
"GO:0032324",3,6,0.150683593171924,"molybdopterin cofactor biosynthetic process",0.60077380549029
"GO:0034315",3,6,0.150683593171924,"regulation of Arp2/3 complex-mediated actin nucleation",0.60077380549029
"GO:0034392",3,6,0.150683593171924,"negative regulation of smooth muscle cell apoptotic process",0.60077380549029
"GO:0034616",3,6,0.150683593171924,"response to laminar fluid shear stress",0.60077380549029
"GO:0035469",3,6,0.150683593171924,"determination of pancreatic left/right asymmetry",0.60077380549029
"GO:0036006",3,6,0.150683593171924,"cellular response to macrophage colony-stimulating factor stimulus",0.60077380549029
"GO:0036035",3,6,0.150683593171924,"osteoclast development",0.60077380549029
"GO:0042045",3,6,0.150683593171924,"epithelial fluid transport",0.60077380549029
"GO:0042989",3,6,0.150683593171924,"sequestering of actin monomers",0.60077380549029
"GO:0043567",3,6,0.150683593171924,"regulation of insulin-like growth factor receptor signaling pathway",0.60077380549029
"GO:0044794",3,6,0.150683593171924,"positive regulation by host of viral process",0.60077380549029
"GO:0045591",3,6,0.150683593171924,"positive regulation of regulatory T cell differentiation",0.60077380549029
"GO:0045842",3,6,0.150683593171924,"positive regulation of mitotic metaphase/anaphase transition",0.60077380549029
"GO:0046134",3,6,0.150683593171924,"pyrimidine nucleoside biosynthetic process",0.60077380549029
"GO:0046599",3,6,0.150683593171924,"regulation of centriole replication",0.60077380549029
"GO:0048478",3,6,0.150683593171924,"replication fork protection",0.60077380549029
"GO:0048680",3,6,0.150683593171924,"positive regulation of axon regeneration",0.60077380549029
"GO:0048733",3,6,0.150683593171924,"sebaceous gland development",0.60077380549029
"GO:0050667",3,6,0.150683593171924,"homocysteine metabolic process",0.60077380549029
"GO:0050691",3,6,0.150683593171924,"regulation of defense response to virus by host",0.60077380549029
"GO:0050807",3,6,0.150683593171924,"regulation of synapse organization",0.60077380549029
"GO:0051155",3,6,0.150683593171924,"positive regulation of striated muscle cell differentiation",0.60077380549029
"GO:0051346",3,6,0.150683593171924,"negative regulation of hydrolase activity",0.60077380549029
"GO:0051964",3,6,0.150683593171924,"negative regulation of synapse assembly",0.60077380549029
"GO:0060052",3,6,0.150683593171924,"neurofilament cytoskeleton organization",0.60077380549029
"GO:0060075",3,6,0.150683593171924,"regulation of resting membrane potential",0.60077380549029
"GO:0060087",3,6,0.150683593171924,"relaxation of vascular smooth muscle",0.60077380549029
"GO:0060563",3,6,0.150683593171924,"neuroepithelial cell differentiation",0.60077380549029
"GO:0061037",3,6,0.150683593171924,"negative regulation of cartilage development",0.60077380549029
"GO:0061299",3,6,0.150683593171924,"retina vasculature morphogenesis in camera-type eye",0.60077380549029
"GO:0070200",3,6,0.150683593171924,"establishment of protein localization to telomere",0.60077380549029
"GO:0071321",3,6,0.150683593171924,"cellular response to cGMP",0.60077380549029
"GO:0071548",3,6,0.150683593171924,"response to dexamethasone",0.60077380549029
"GO:0071559",3,6,0.150683593171924,"response to transforming growth factor beta",0.60077380549029
"GO:0071806",3,6,0.150683593171924,"protein transmembrane transport",0.60077380549029
"GO:0072643",3,6,0.150683593171924,"interferon-gamma secretion",0.60077380549029
"GO:0086015",3,6,0.150683593171924,"SA node cell action potential",0.60077380549029
"GO:0090267",3,6,0.150683593171924,"positive regulation of mitotic cell cycle spindle assembly checkpoint",0.60077380549029
"GO:0097062",3,6,0.150683593171924,"dendritic spine maintenance",0.60077380549029
"GO:0097119",3,6,0.150683593171924,"postsynaptic density protein 95 clustering",0.60077380549029
"GO:1901016",3,6,0.150683593171924,"regulation of potassium ion transmembrane transporter activity",0.60077380549029
"GO:1903077",3,6,0.150683593171924,"negative regulation of protein localization to plasma membrane",0.60077380549029
"GO:1903672",3,6,0.150683593171924,"positive regulation of sprouting angiogenesis",0.60077380549029
"GO:1904948",3,6,0.150683593171924,"midbrain dopaminergic neuron differentiation",0.60077380549029
"GO:2000121",3,6,0.150683593171924,"regulation of removal of superoxide radicals",0.60077380549029
"GO:2000271",3,6,0.150683593171924,"positive regulation of fibroblast apoptotic process",0.60077380549029
"GO:2000323",3,6,0.150683593171924,"negative regulation of glucocorticoid receptor signaling pathway",0.60077380549029
"GO:2000369",3,6,0.150683593171924,"regulation of clathrin-dependent endocytosis",0.60077380549029
"GO:2000774",3,6,0.150683593171924,"positive regulation of cellular senescence",0.60077380549029
"GO:2001256",3,6,0.150683593171924,"regulation of store-operated calcium entry",0.60077380549029
"GO:0003007",10,30,0.1549117978487,"heart morphogenesis",0.614206666146878
"GO:0006730",10,30,0.1549117978487,"one-carbon metabolic process",0.614206666146878
"GO:0016568",10,30,0.1549117978487,"chromatin modification",0.614206666146878
"GO:0042149",10,30,0.1549117978487,"cellular response to glucose starvation",0.614206666146878
"GO:0045859",10,30,0.1549117978487,"regulation of protein kinase activity",0.614206666146878
"GO:0060325",10,30,0.1549117978487,"face morphogenesis",0.614206666146878
"GO:0006909",13,41,0.156287422284178,"phagocytosis",0.619088681070288
"GO:0017148",17,56,0.158549908697657,"negative regulation of translation",0.623564345740242
"GO:0006171",6,16,0.158843809745572,"cAMP biosynthetic process",0.623564345740242
"GO:0006261",6,16,0.158843809745572,"DNA-dependent DNA replication",0.623564345740242
"GO:0031293",6,16,0.158843809745572,"membrane protein intracellular domain proteolysis",0.623564345740242
"GO:0032012",6,16,0.158843809745572,"regulation of ARF protein signal transduction",0.623564345740242
"GO:0055117",6,16,0.158843809745572,"regulation of cardiac muscle contraction",0.623564345740242
"GO:2000811",6,16,0.158843809745572,"negative regulation of anoikis",0.623564345740242
"GO:0001578",8,23,0.159306881802169,"microtubule bundle formation",0.623564345740242
"GO:0010800",8,23,0.159306881802169,"positive regulation of peptidyl-threonine phosphorylation",0.623564345740242
"GO:0015949",8,23,0.159306881802169,"nucleobase-containing small molecule interconversion",0.623564345740242
"GO:0030099",8,23,0.159306881802169,"myeloid cell differentiation",0.623564345740242
"GO:0048545",8,23,0.159306881802169,"response to steroid hormone",0.623564345740242
"GO:0048843",8,23,0.159306881802169,"negative regulation of axon extension involved in axon guidance",0.623564345740242
"GO:0007080",11,34,0.164527839773301,"mitotic metaphase plate congression",0.642827352119727
"GO:0048286",11,34,0.164527839773301,"lung alveolus development",0.642827352119727
"GO:0007565",26,91,0.170140519313989,"female pregnancy",0.664151799687908
"GO:0001843",20,68,0.170604236933902,"neural tube closure",0.66535652404222
"GO:0000387",9,27,0.172107638440055,"spliceosomal snRNP assembly",0.665752601644595
"GO:0006325",9,27,0.172107638440055,"chromatin organization",0.665752601644595
"GO:0045746",9,27,0.172107638440055,"negative regulation of Notch signaling pathway",0.665752601644595
"GO:0051281",9,27,0.172107638440055,"positive regulation of release of sequestered calcium ion into cytosol",0.665752601644595
"GO:0051602",9,27,0.172107638440055,"response to electrical stimulus",0.665752601644595
"GO:0051603",9,27,0.172107638440055,"proteolysis involved in cellular protein catabolic process",0.665752601644595
"GO:0072332",9,27,0.172107638440055,"intrinsic apoptotic signaling pathway by p53 class mediator",0.665752601644595
"GO:0042594",12,38,0.172683108317879,"response to starvation",0.665752601644595
"GO:0045071",12,38,0.172683108317879,"negative regulation of viral genome replication",0.665752601644595
"GO:0016310",29,103,0.175886496987129,"phosphorylation",0.665752601644595
"GO:0000002",5,13,0.176461218730463,"mitochondrial genome maintenance",0.665752601644595
"GO:0000266",5,13,0.176461218730463,"mitochondrial fission",0.665752601644595
"GO:0002087",5,13,0.176461218730463,"regulation of respiratory gaseous exchange by neurological system process",0.665752601644595
"GO:0010510",5,13,0.176461218730463,"regulation of acetyl-CoA biosynthetic process from pyruvate",0.665752601644595
"GO:0010524",5,13,0.176461218730463,"positive regulation of calcium ion transport into cytosol",0.665752601644595
"GO:0010832",5,13,0.176461218730463,"negative regulation of myotube differentiation",0.665752601644595
"GO:0015693",5,13,0.176461218730463,"magnesium ion transport",0.665752601644595
"GO:0021819",5,13,0.176461218730463,"layer formation in cerebral cortex",0.665752601644595
"GO:0033630",5,13,0.176461218730463,"positive regulation of cell adhesion mediated by integrin",0.665752601644595
"GO:0035025",5,13,0.176461218730463,"positive regulation of Rho protein signal transduction",0.665752601644595
"GO:0043206",5,13,0.176461218730463,"extracellular fibril organization",0.665752601644595
"GO:0045995",5,13,0.176461218730463,"regulation of embryonic development",0.665752601644595
"GO:0048747",5,13,0.176461218730463,"muscle fiber development",0.665752601644595
"GO:0051482",5,13,0.176461218730463,"positive regulation of cytosolic calcium ion concentration involved in phospholipase C-activating G-protein coupled signaling pathway",0.665752601644595
"GO:0060317",5,13,0.176461218730463,"cardiac epithelial to mesenchymal transition",0.665752601644595
"GO:0070986",5,13,0.176461218730463,"left/right axis specification",0.665752601644595
"GO:0071425",5,13,0.176461218730463,"hematopoietic stem cell proliferation",0.665752601644595
"GO:0097009",5,13,0.176461218730463,"energy homeostasis",0.665752601644595
"GO:0097067",5,13,0.176461218730463,"cellular response to thyroid hormone stimulus",0.665752601644595
"GO:0097284",5,13,0.176461218730463,"hepatocyte apoptotic process",0.665752601644595
"GO:1900025",5,13,0.176461218730463,"negative regulation of substrate adhesion-dependent cell spreading",0.665752601644595
"GO:0005980",7,20,0.177534027105225,"glycogen catabolic process",0.665752601644595
"GO:0006699",7,20,0.177534027105225,"bile acid biosynthetic process",0.665752601644595
"GO:0006921",7,20,0.177534027105225,"cellular component disassembly involved in execution phase of apoptosis",0.665752601644595
"GO:0019229",7,20,0.177534027105225,"regulation of vasoconstriction",0.665752601644595
"GO:0031297",7,20,0.177534027105225,"replication fork processing",0.665752601644595
"GO:0031572",7,20,0.177534027105225,"G2 DNA damage checkpoint",0.665752601644595
"GO:0032967",7,20,0.177534027105225,"positive regulation of collagen biosynthetic process",0.665752601644595
"GO:0045879",7,20,0.177534027105225,"negative regulation of smoothened signaling pathway",0.665752601644595
"GO:0046688",7,20,0.177534027105225,"response to copper ion",0.665752601644595
"GO:0051443",7,20,0.177534027105225,"positive regulation of ubiquitin-protein transferase activity",0.665752601644595
"GO:0051894",7,20,0.177534027105225,"positive regulation of focal adhesion assembly",0.665752601644595
"GO:0071108",7,20,0.177534027105225,"protein K48-linked deubiquitination",0.665752601644595
"GO:0097150",7,20,0.177534027105225,"neuronal stem cell population maintenance",0.665752601644595
"GO:0001947",17,57,0.178435138019139,"heart looping",0.668547373014941
"GO:0007219",31,111,0.17898624035407,"Notch signaling pathway",0.670027025409213
"GO:0032496",48,178,0.180070058958927,"response to lipopolysaccharide",0.673496558791453
"GO:0006629",33,119,0.181610563745905,"lipid metabolic process",0.678666653719452
"GO:0031647",18,61,0.18247177756546,"regulation of protein stability",0.67922740269835
"GO:0046330",18,61,0.18247177756546,"positive regulation of JNK cascade",0.67922740269835
"GO:0051289",18,61,0.18247177756546,"protein homotetramerization",0.67922740269835
"GO:0002027",10,31,0.1825522599793,"regulation of heart rate",0.67922740269835
"GO:0050918",10,31,0.1825522599793,"positive chemotaxis",0.67922740269835
"GO:0007267",64,242,0.182933953370423,"cell-cell signaling",0.680057764262665
"GO:0007519",14,46,0.1856893745719,"skeletal muscle tissue development",0.689106762035859
"GO:0032755",14,46,0.1856893745719,"positive regulation of interleukin-6 production",0.689106762035859
"GO:0031532",15,50,0.190923041587587,"actin cytoskeleton reorganization",0.702313221844129
"GO:0001568",11,35,0.191205273495587,"blood vessel development",0.702313221844129
"GO:0006487",11,35,0.191205273495587,"protein N-linked glycosylation",0.702313221844129
"GO:0033572",11,35,0.191205273495587,"transferrin transport",0.702313221844129
"GO:0051209",11,35,0.191205273495587,"release of sequestered calcium ion into cytosol",0.702313221844129
"GO:0043001",8,24,0.191862555902436,"Golgi to plasma membrane protein transport",0.702313221844129
"GO:0048675",8,24,0.191862555902436,"axon extension",0.702313221844129
"GO:0060349",8,24,0.191862555902436,"bone morphogenesis",0.702313221844129
"GO:0006974",52,195,0.192580502215764,"cellular response to DNA damage stimulus",0.702313221844129
"GO:0043401",16,54,0.195495462164344,"steroid hormone mediated signaling pathway",0.702313221844129
"GO:0000712",4,10,0.196451250865491,"resolution of meiotic recombination intermediates",0.702313221844129
"GO:0002523",4,10,0.196451250865491,"leukocyte migration involved in inflammatory response",0.702313221844129
"GO:0006995",4,10,0.196451250865491,"cellular response to nitrogen starvation",0.702313221844129
"GO:0009312",4,10,0.196451250865491,"oligosaccharide biosynthetic process",0.702313221844129
"GO:0009435",4,10,0.196451250865491,"NAD biosynthetic process",0.702313221844129
"GO:0015908",4,10,0.196451250865491,"fatty acid transport",0.702313221844129
"GO:0016331",4,10,0.196451250865491,"morphogenesis of embryonic epithelium",0.702313221844129
"GO:0019532",4,10,0.196451250865491,"oxalate transport",0.702313221844129
"GO:0030850",4,10,0.196451250865491,"prostate gland development",0.702313221844129
"GO:0031643",4,10,0.196451250865491,"positive regulation of myelination",0.702313221844129
"GO:0031669",4,10,0.196451250865491,"cellular response to nutrient levels",0.702313221844129
"GO:0032233",4,10,0.196451250865491,"positive regulation of actin filament bundle assembly",0.702313221844129
"GO:0032495",4,10,0.196451250865491,"response to muramyl dipeptide",0.702313221844129
"GO:0032725",4,10,0.196451250865491,"positive regulation of granulocyte macrophage colony-stimulating factor production",0.702313221844129
"GO:0033089",4,10,0.196451250865491,"positive regulation of T cell differentiation in thymus",0.702313221844129
"GO:0034975",4,10,0.196451250865491,"protein folding in endoplasmic reticulum",0.702313221844129
"GO:0035414",4,10,0.196451250865491,"negative regulation of catenin import into nucleus",0.702313221844129
"GO:0042347",4,10,0.196451250865491,"negative regulation of NF-kappaB import into nucleus",0.702313221844129
"GO:0044342",4,10,0.196451250865491,"type B pancreatic cell proliferation",0.702313221844129
"GO:0045806",4,10,0.196451250865491,"negative regulation of endocytosis",0.702313221844129
"GO:0046785",4,10,0.196451250865491,"microtubule polymerization",0.702313221844129
"GO:0048048",4,10,0.196451250865491,"embryonic eye morphogenesis",0.702313221844129
"GO:0051156",4,10,0.196451250865491,"glucose 6-phosphate metabolic process",0.702313221844129
"GO:0055015",4,10,0.196451250865491,"ventricular cardiac muscle cell development",0.702313221844129
"GO:0060174",4,10,0.196451250865491,"limb bud formation",0.702313221844129
"GO:0060674",4,10,0.196451250865491,"placenta blood vessel development",0.702313221844129
"GO:0061045",4,10,0.196451250865491,"negative regulation of wound healing",0.702313221844129
"GO:0061351",4,10,0.196451250865491,"neural precursor cell proliferation",0.702313221844129
"GO:0071383",4,10,0.196451250865491,"cellular response to steroid hormone stimulus",0.702313221844129
"GO:1902017",4,10,0.196451250865491,"regulation of cilium assembly",0.702313221844129
"GO:2000772",4,10,0.196451250865491,"regulation of cellular senescence",0.702313221844129
"GO:2000773",4,10,0.196451250865491,"negative regulation of cellular senescence",0.702313221844129
"GO:2001224",4,10,0.196451250865491,"positive regulation of neuron migration",0.702313221844129
"NOT GO:0007409",4,10,0.196451250865491,"NOT axonogenesis",0.702313221844129
"GO:0001702",6,17,0.198713399425387,"gastrulation with mouth forming second",0.70278687842944
"GO:0006796",6,17,0.198713399425387,"phosphate-containing compound metabolic process",0.70278687842944
"GO:0007263",6,17,0.198713399425387,"nitric oxide mediated signal transduction",0.70278687842944
"GO:0010881",6,17,0.198713399425387,"regulation of cardiac muscle contraction by regulation of the release of sequestered calcium ion",0.70278687842944
"GO:0010971",6,17,0.198713399425387,"positive regulation of G2/M transition of mitotic cell cycle",0.70278687842944
"GO:0030193",6,17,0.198713399425387,"regulation of blood coagulation",0.70278687842944
"GO:0031954",6,17,0.198713399425387,"positive regulation of protein autophosphorylation",0.70278687842944
"GO:0035435",6,17,0.198713399425387,"phosphate ion transmembrane transport",0.70278687842944
"GO:0035904",6,17,0.198713399425387,"aorta development",0.70278687842944
"GO:0048514",6,17,0.198713399425387,"blood vessel morphogenesis",0.70278687842944
"GO:0061512",6,17,0.198713399425387,"protein localization to cilium",0.70278687842944
"GO:0070266",6,17,0.198713399425387,"necroptotic process",0.70278687842944
"GO:0070509",6,17,0.198713399425387,"calcium ion import",0.70278687842944
"GO:0002244",17,58,0.199509323909111,"hematopoietic progenitor cell differentiation",0.705020592726596
"GO:0010468",25,89,0.201111467744187,"regulation of gene expression",0.710097281170834
"GO:0006006",18,62,0.203047029765291,"glucose metabolic process",0.714954734583468
"GO:0001937",9,28,0.203153804535489,"negative regulation of endothelial cell proliferation",0.714954734583468
"GO:0009306",9,28,0.203153804535489,"protein secretion",0.714954734583468
"GO:0043029",9,28,0.203153804535489,"T cell homeostasis",0.714954734583468
"GO:0008015",13,43,0.204613060412833,"blood circulation",0.717063059642342
"GO:0034976",20,70,0.208949650121591,"response to endoplasmic reticulum stress",0.717063059642342
"GO:0060048",14,47,0.209867247884866,"cardiac muscle contraction",0.717063059642342
"GO:0006284",10,32,0.212240888203037,"base-excision repair",0.717063059642342
"GO:0030513",10,32,0.212240888203037,"positive regulation of BMP signaling pathway",0.717063059642342
"GO:0043507",10,32,0.212240888203037,"positive regulation of JUN kinase activity",0.717063059642342
"GO:0051453",10,32,0.212240888203037,"regulation of intracellular pH",0.717063059642342
"GO:0014066",22,78,0.213609652358865,"regulation of phosphatidylinositol 3-kinase signaling",0.717063059642342
"GO:0006506",7,21,0.214790590625349,"GPI anchor biosynthetic process",0.717063059642342
"GO:0007029",7,21,0.214790590625349,"endoplasmic reticulum organization",0.717063059642342
"GO:0015914",7,21,0.214790590625349,"phospholipid transport",0.717063059642342
"GO:0045453",7,21,0.214790590625349,"bone resorption",0.717063059642342
"GO:1904886",7,21,0.214790590625349,"beta-catenin destruction complex disassembly",0.717063059642342
"GO:0007179",24,86,0.21731023090125,"transforming growth factor beta receptor signaling pathway",0.717063059642342
"GO:0000902",16,55,0.218296634728935,"cell morphogenesis",0.717063059642342
"GO:0042733",16,55,0.218296634728935,"embryonic digit morphogenesis",0.717063059642342
"GO:0001553",3,7,0.218796164352407,"luteinization",0.717063059642342
"GO:0001765",3,7,0.218796164352407,"membrane raft assembly",0.717063059642342
"GO:0002315",3,7,0.218796164352407,"marginal zone B cell differentiation",0.717063059642342
"GO:0003073",3,7,0.218796164352407,"regulation of systemic arterial blood pressure",0.717063059642342
"GO:0006020",3,7,0.218796164352407,"inositol metabolic process",0.717063059642342
"GO:0006729",3,7,0.218796164352407,"tetrahydrobiopterin biosynthetic process",0.717063059642342
"GO:0007196",3,7,0.218796164352407,"adenylate cyclase-inhibiting G-protein coupled glutamate receptor signaling pathway",0.717063059642342
"GO:0007197",3,7,0.218796164352407,"adenylate cyclase-inhibiting G-protein coupled acetylcholine receptor signaling pathway",0.717063059642342
"GO:0007270",3,7,0.218796164352407,"neuron-neuron synaptic transmission",0.717063059642342
"GO:0010042",3,7,0.218796164352407,"response to manganese ion",0.717063059642342
"GO:0010737",3,7,0.218796164352407,"protein kinase A signaling",0.717063059642342
"GO:0010870",3,7,0.218796164352407,"positive regulation of receptor biosynthetic process",0.717063059642342
"GO:0010882",3,7,0.218796164352407,"regulation of cardiac muscle contraction by calcium ion signaling",0.717063059642342
"GO:0014824",3,7,0.218796164352407,"artery smooth muscle contraction",0.717063059642342
"GO:0015824",3,7,0.218796164352407,"proline transport",0.717063059642342
"GO:0015825",3,7,0.218796164352407,"L-serine transport",0.717063059642342
"GO:0016051",3,7,0.218796164352407,"carbohydrate biosynthetic process",0.717063059642342
"GO:0019064",3,7,0.218796164352407,"fusion of virus membrane with host plasma membrane",0.717063059642342
"GO:0019511",3,7,0.218796164352407,"peptidyl-proline hydroxylation",0.717063059642342
"GO:0022010",3,7,0.218796164352407,"central nervous system myelination",0.717063059642342
"GO:0022038",3,7,0.218796164352407,"corpus callosum development",0.717063059642342
"GO:0030213",3,7,0.218796164352407,"hyaluronan biosynthetic process",0.717063059642342
"GO:0031584",3,7,0.218796164352407,"activation of phospholipase D activity",0.717063059642342
"GO:0032466",3,7,0.218796164352407,"negative regulation of cytokinesis",0.717063059642342
"GO:0033135",3,7,0.218796164352407,"regulation of peptidyl-serine phosphorylation",0.717063059642342
"GO:0034128",3,7,0.218796164352407,"negative regulation of MyD88-independent toll-like receptor signaling pathway",0.717063059642342
"GO:0034138",3,7,0.218796164352407,"toll-like receptor 3 signaling pathway",0.717063059642342
"GO:0034214",3,7,0.218796164352407,"protein hexamerization",0.717063059642342
"GO:0034340",3,7,0.218796164352407,"response to type I interferon",0.717063059642342
"GO:0034351",3,7,0.218796164352407,"negative regulation of glial cell apoptotic process",0.717063059642342
"GO:0034656",3,7,0.218796164352407,"nucleobase-containing small molecule catabolic process",0.717063059642342
"GO:0035735",3,7,0.218796164352407,"intraciliary transport involved in cilium morphogenesis",0.717063059642342
"GO:0036089",3,7,0.218796164352407,"cleavage furrow formation",0.717063059642342
"GO:0036444",3,7,0.218796164352407,"calcium ion transmembrane import into mitochondrion",0.717063059642342
"GO:0038166",3,7,0.218796164352407,"angiotensin-activated signaling pathway",0.717063059642342
"GO:0040036",3,7,0.218796164352407,"regulation of fibroblast growth factor receptor signaling pathway",0.717063059642342
"GO:0042308",3,7,0.218796164352407,"negative regulation of protein import into nucleus",0.717063059642342
"GO:0042921",3,7,0.218796164352407,"glucocorticoid receptor signaling pathway",0.717063059642342
"GO:0043497",3,7,0.218796164352407,"regulation of protein heterodimerization activity",0.717063059642342
"GO:0043569",3,7,0.218796164352407,"negative regulation of insulin-like growth factor receptor signaling pathway",0.717063059642342
"GO:0043576",3,7,0.218796164352407,"regulation of respiratory gaseous exchange",0.717063059642342
"GO:0043931",3,7,0.218796164352407,"ossification involved in bone maturation",0.717063059642342
"GO:0045822",3,7,0.218796164352407,"negative regulation of heart contraction",0.717063059642342
"GO:0046039",3,7,0.218796164352407,"GTP metabolic process",0.717063059642342
"GO:0046474",3,7,0.218796164352407,"glycerophospholipid biosynthetic process",0.717063059642342
"GO:0046598",3,7,0.218796164352407,"positive regulation of viral entry into host cell",0.717063059642342
"GO:0046850",3,7,0.218796164352407,"regulation of bone remodeling",0.717063059642342
"GO:0048667",3,7,0.218796164352407,"cell morphogenesis involved in neuron differentiation",0.717063059642342
"GO:0051014",3,7,0.218796164352407,"actin filament severing",0.717063059642342
"GO:0051096",3,7,0.218796164352407,"positive regulation of helicase activity",0.717063059642342
"GO:0051983",3,7,0.218796164352407,"regulation of chromosome segregation",0.717063059642342
"GO:0060017",3,7,0.218796164352407,"parathyroid gland development",0.717063059642342
"GO:0060059",3,7,0.218796164352407,"embryonic retina morphogenesis in camera-type eye",0.717063059642342
"GO:0060373",3,7,0.218796164352407,"regulation of ventricular cardiac muscle cell membrane depolarization",0.717063059642342
"GO:0060411",3,7,0.218796164352407,"cardiac septum morphogenesis",0.717063059642342
"GO:0060449",3,7,0.218796164352407,"bud elongation involved in lung branching",0.717063059642342
"GO:0060463",3,7,0.218796164352407,"lung lobe morphogenesis",0.717063059642342
"GO:0060509",3,7,0.218796164352407,"Type I pneumocyte differentiation",0.717063059642342
"GO:0070257",3,7,0.218796164352407,"positive regulation of mucus secretion",0.717063059642342
"GO:0071312",3,7,0.218796164352407,"cellular response to alkaloid",0.717063059642342
"GO:0071455",3,7,0.218796164352407,"cellular response to hyperoxia",0.717063059642342
"GO:0071474",3,7,0.218796164352407,"cellular hyperosmotic response",0.717063059642342
"GO:0071910",3,7,0.218796164352407,"determination of liver left/right asymmetry",0.717063059642342
"GO:0072112",3,7,0.218796164352407,"glomerular visceral epithelial cell differentiation",0.717063059642342
"GO:0072358",3,7,0.218796164352407,"cardiovascular system development",0.717063059642342
"GO:0072383",3,7,0.218796164352407,"plus-end-directed vesicle transport along microtubule",0.717063059642342
"GO:0085029",3,7,0.218796164352407,"extracellular matrix assembly",0.717063059642342
"GO:0086073",3,7,0.218796164352407,"bundle of His cell-Purkinje myocyte adhesion involved in cell communication",0.717063059642342
"GO:0097211",3,7,0.218796164352407,"cellular response to gonadotropin-releasing hormone",0.717063059642342
"GO:1901017",3,7,0.218796164352407,"negative regulation of potassium ion transmembrane transporter activity",0.717063059642342
"GO:1902305",3,7,0.218796164352407,"regulation of sodium ion transmembrane transport",0.717063059642342
"GO:1903358",3,7,0.218796164352407,"regulation of Golgi organization",0.717063059642342
"GO:2000394",3,7,0.218796164352407,"positive regulation of lamellipodium morphogenesis",0.717063059642342
"GO:2000503",3,7,0.218796164352407,"positive regulation of natural killer cell chemotaxis",0.717063059642342
"GO:0031398",17,59,0.221693940395522,"positive regulation of protein ubiquitination",0.722642381978558
"GO:0001678",5,14,0.223699087008747,"cellular glucose homeostasis",0.722642381978558
"GO:0002526",5,14,0.223699087008747,"acute inflammatory response",0.722642381978558
"GO:0006198",5,14,0.223699087008747,"cAMP catabolic process",0.722642381978558
"GO:0006940",5,14,0.223699087008747,"regulation of smooth muscle contraction",0.722642381978558
"GO:0007210",5,14,0.223699087008747,"serotonin receptor signaling pathway",0.722642381978558
"GO:0008340",5,14,0.223699087008747,"determination of adult lifespan",0.722642381978558
"GO:0010248",5,14,0.223699087008747,"establishment or maintenance of transmembrane electrochemical gradient",0.722642381978558
"GO:0014912",5,14,0.223699087008747,"negative regulation of smooth muscle cell migration",0.722642381978558
"GO:0030207",5,14,0.223699087008747,"chondroitin sulfate catabolic process",0.722642381978558
"GO:0032924",5,14,0.223699087008747,"activin receptor signaling pathway",0.722642381978558
"GO:0042993",5,14,0.223699087008747,"positive regulation of transcription factor import into nucleus",0.722642381978558
"GO:0045725",5,14,0.223699087008747,"positive regulation of glycogen biosynthetic process",0.722642381978558
"GO:0050905",5,14,0.223699087008747,"neuromuscular process",0.722642381978558
"GO:0051770",5,14,0.223699087008747,"positive regulation of nitric-oxide synthase biosynthetic process",0.722642381978558
"GO:0071236",5,14,0.223699087008747,"cellular response to antibiotic",0.722642381978558
"GO:0071276",5,14,0.223699087008747,"cellular response to cadmium ion",0.722642381978558
"GO:0097194",5,14,0.223699087008747,"execution phase of apoptosis",0.722642381978558
"GO:2000353",5,14,0.223699087008747,"positive regulation of endothelial cell apoptotic process",0.722642381978558
"GO:0071300",18,63,0.224656701179086,"cellular response to retinoic acid",0.725189802903146
"GO:0034613",12,40,0.225834931786672,"cellular protein localization",0.728445005537462
"GO:0006904",8,25,0.226896195288521,"vesicle docking involved in exocytosis",0.730769277618435
"GO:0030010",8,25,0.226896195288521,"establishment of cell polarity",0.730769277618435
"GO:0006897",35,130,0.227436055301079,"endocytosis",0.73195849755561
"GO:0055085",50,190,0.228517921472641,"transmembrane transport",0.734888967854295
"GO:0016575",13,44,0.230991993410664,"histone deacetylation",0.742288877701684
"GO:0060070",23,83,0.234795818504377,"canonical Wnt signaling pathway",0.753947650736362
"GO:0008654",9,29,0.236284736456721,"phospholipid biosynthetic process",0.756463820447265
"GO:0042771",9,29,0.236284736456721,"intrinsic apoptotic signaling pathway in response to DNA damage by p53 class mediator",0.756463820447265
"GO:0046627",9,29,0.236284736456721,"negative regulation of insulin receptor signaling pathway",0.756463820447265
"GO:0048008",9,29,0.236284736456721,"platelet-derived growth factor receptor signaling pathway",0.756463820447265
"GO:0009408",15,52,0.239040654361482,"response to heat",0.764146354106375
"GO:0040008",15,52,0.239040654361482,"regulation of growth",0.764146354106375
"GO:0001708",6,18,0.241765675334895,"cell fate specification",0.768847106884136
"GO:0002076",6,18,0.241765675334895,"osteoblast development",0.768847106884136
"GO:0006883",6,18,0.241765675334895,"cellular sodium ion homeostasis",0.768847106884136
"GO:0010460",6,18,0.241765675334895,"positive regulation of heart rate",0.768847106884136
"GO:0031290",6,18,0.241765675334895,"retinal ganglion cell axon guidance",0.768847106884136
"GO:0042307",6,18,0.241765675334895,"positive regulation of protein import into nucleus",0.768847106884136
"GO:0042462",6,18,0.241765675334895,"eye photoreceptor cell development",0.768847106884136
"GO:0006302",16,56,0.242195325141446,"double-strand break repair",0.769642922116151
"GO:0008016",10,33,0.243726440157563,"regulation of heart contraction",0.772791151719101
"GO:0030282",10,33,0.243726440157563,"bone mineralization",0.772791151719101
"GO:0045747",10,33,0.243726440157563,"positive regulation of Notch signaling pathway",0.772791151719101
"GO:0043407",11,37,0.249722276219168,"negative regulation of MAP kinase activity",0.787520315559961
"GO:0001503",21,76,0.252399707216859,"ossification",0.787520315559961
"GO:0006312",4,11,0.253833922983911,"mitotic recombination",0.787520315559961
"GO:0006851",4,11,0.253833922983911,"mitochondrial calcium ion transport",0.787520315559961
"GO:0007589",4,11,0.253833922983911,"body fluid secretion",0.787520315559961
"GO:0010821",4,11,0.253833922983911,"regulation of mitochondrion organization",0.787520315559961
"GO:0019371",4,11,0.253833922983911,"cyclooxygenase pathway",0.787520315559961
"GO:0030516",4,11,0.253833922983911,"regulation of axon extension",0.787520315559961
"GO:0030857",4,11,0.253833922983911,"negative regulation of epithelial cell differentiation",0.787520315559961
"GO:0031573",4,11,0.253833922983911,"intra-S DNA damage checkpoint",0.787520315559961
"GO:0033327",4,11,0.253833922983911,"Leydig cell differentiation",0.787520315559961
"GO:0033690",4,11,0.253833922983911,"positive regulation of osteoblast proliferation",0.787520315559961
"GO:0035641",4,11,0.253833922983911,"locomotory exploration behavior",0.787520315559961
"GO:0035970",4,11,0.253833922983911,"peptidyl-threonine dephosphorylation",0.787520315559961
"GO:0042136",4,11,0.253833922983911,"neurotransmitter biosynthetic process",0.787520315559961
"GO:0042417",4,11,0.253833922983911,"dopamine metabolic process",0.787520315559961
"GO:0042511",4,11,0.253833922983911,"positive regulation of tyrosine phosphorylation of Stat1 protein",0.787520315559961
"GO:0045824",4,11,0.253833922983911,"negative regulation of innate immune response",0.787520315559961
"GO:0048266",4,11,0.253833922983911,"behavioral response to pain",0.787520315559961
"GO:0050930",4,11,0.253833922983911,"induction of positive chemotaxis",0.787520315559961
"GO:0071305",4,11,0.253833922983911,"cellular response to vitamin D",0.787520315559961
"GO:1902358",4,11,0.253833922983911,"sulfate transmembrane transport",0.787520315559961
"GO:2000010",4,11,0.253833922983911,"positive regulation of protein localization to cell surface",0.787520315559961
"NOT GO:0017158",4,11,0.253833922983911,"NOT regulation of calcium ion-dependent exocytosis",0.787520315559961
"GO:0002052",7,22,0.254548075071051,"positive regulation of neuroblast proliferation",0.787520315559961
"GO:0034047",7,22,0.254548075071051,"regulation of protein phosphatase type 2A activity",0.787520315559961
"GO:0045987",7,22,0.254548075071051,"positive regulation of smooth muscle contraction",0.787520315559961
"GO:0046856",7,22,0.254548075071051,"phosphatidylinositol dephosphorylation",0.787520315559961
"GO:0048278",7,22,0.254548075071051,"vesicle docking",0.787520315559961
"GO:0070536",7,22,0.254548075071051,"protein K63-linked deubiquitination",0.787520315559961
"GO:0071375",7,22,0.254548075071051,"cellular response to peptide hormone stimulus",0.787520315559961
"GO:0006024",12,41,0.254613211580808,"glycosaminoglycan biosynthetic process",0.787520315559961
"GO:0010043",12,41,0.254613211580808,"response to zinc ion",0.787520315559961
"GO:0035338",12,41,0.254613211580808,"long-chain fatty-acyl-CoA biosynthetic process",0.787520315559961
"GO:0035335",26,96,0.257080395370606,"peptidyl-tyrosine dephosphorylation",0.794578455432204
"GO:0014823",14,49,0.261977637896635,"response to activity",0.809131797391335
"GO:0006611",8,26,0.26398494749116,"protein export from nucleus",0.812990254656911
"GO:0010575",8,26,0.26398494749116,"positive regulation of vascular endothelial growth factor production",0.812990254656911
"GO:0021983",8,26,0.26398494749116,"pituitary gland development",0.812990254656911
"GO:0051881",8,26,0.26398494749116,"regulation of mitochondrial membrane potential",0.812990254656911
"GO:0048661",17,61,0.26901626942076,"positive regulation of smooth muscle cell proliferation",0.827266257711554
"GO:0016042",18,65,0.270634644954309,"lipid catabolic process",0.827266257711554
"GO:0006298",9,30,0.271158853003017,"mismatch repair",0.827266257711554
"GO:0046034",9,30,0.271158853003017,"ATP metabolic process",0.827266257711554
"GO:0071479",9,30,0.271158853003017,"cellular response to ionizing radiation",0.827266257711554
"GO:0001508",5,15,0.274106780930114,"action potential",0.827266257711554
"GO:0006182",5,15,0.274106780930114,"cGMP biosynthetic process",0.827266257711554
"GO:0006488",5,15,0.274106780930114,"dolichol-linked oligosaccharide biosynthetic process",0.827266257711554
"GO:0006622",5,15,0.274106780930114,"protein targeting to lysosome",0.827266257711554
"GO:0007099",5,15,0.274106780930114,"centriole replication",0.827266257711554
"GO:0008631",5,15,0.274106780930114,"intrinsic apoptotic signaling pathway in response to oxidative stress",0.827266257711554
"GO:0016446",5,15,0.274106780930114,"somatic hypermutation of immunoglobulin genes",0.827266257711554
"GO:0030322",5,15,0.274106780930114,"stabilization of membrane potential",0.827266257711554
"GO:0030902",5,15,0.274106780930114,"hindbrain development",0.827266257711554
"GO:0035082",5,15,0.274106780930114,"axoneme assembly",0.827266257711554
"GO:0042789",5,15,0.274106780930114,"mRNA transcription from RNA polymerase II promoter",0.827266257711554
"GO:0048490",5,15,0.274106780930114,"anterograde synaptic vesicle transport",0.827266257711554
"GO:0048712",5,15,0.274106780930114,"negative regulation of astrocyte differentiation",0.827266257711554
"GO:0060037",5,15,0.274106780930114,"pharyngeal system development",0.827266257711554
"GO:0061036",5,15,0.274106780930114,"positive regulation of cartilage development",0.827266257711554
"GO:0061136",5,15,0.274106780930114,"regulation of proteasomal protein catabolic process",0.827266257711554
"GO:0070507",5,15,0.274106780930114,"regulation of microtubule cytoskeleton organization",0.827266257711554
"GO:0071294",5,15,0.274106780930114,"cellular response to zinc ion",0.827266257711554
"GO:0090026",5,15,0.274106780930114,"positive regulation of monocyte chemotaxis",0.827266257711554
"GO:1903543",5,15,0.274106780930114,"positive regulation of exosomal secretion",0.827266257711554
"GO:0005975",32,121,0.276211589630866,"carbohydrate metabolic process",0.827266257711554
"GO:0010634",10,34,0.276725856984339,"positive regulation of epithelial cell migration",0.827266257711554
"GO:0031648",10,34,0.276725856984339,"protein destabilization",0.827266257711554
"GO:0006633",11,38,0.281108603882656,"fatty acid biosynthetic process",0.827266257711554
"GO:0031338",11,38,0.281108603882656,"regulation of vesicle fusion",0.827266257711554
"GO:0032024",11,38,0.281108603882656,"positive regulation of insulin secretion",0.827266257711554
"GO:0034446",11,38,0.281108603882656,"substrate adhesion-dependent cell spreading",0.827266257711554
"GO:0006401",6,19,0.287202206056141,"RNA catabolic process",0.827266257711554
"GO:0007520",6,19,0.287202206056141,"myoblast fusion",0.827266257711554
"GO:0010613",6,19,0.287202206056141,"positive regulation of cardiac muscle hypertrophy",0.827266257711554
"GO:0043393",6,19,0.287202206056141,"regulation of protein binding",0.827266257711554
"GO:0046579",6,19,0.287202206056141,"positive regulation of Ras protein signal transduction",0.827266257711554
"GO:0048814",6,19,0.287202206056141,"regulation of dendrite morphogenesis",0.827266257711554
"GO:0050850",6,19,0.287202206056141,"positive regulation of calcium-mediated signaling",0.827266257711554
"GO:0051493",6,19,0.287202206056141,"regulation of cytoskeleton organization",0.827266257711554
"GO:0060828",6,19,0.287202206056141,"regulation of canonical Wnt signaling pathway",0.827266257711554
"GO:0090190",6,19,0.287202206056141,"positive regulation of branching involved in ureteric bud morphogenesis",0.827266257711554
"GO:0090316",6,19,0.287202206056141,"positive regulation of intracellular protein transport",0.827266257711554
"GO:1900087",6,19,0.287202206056141,"positive regulation of G1/S transition of mitotic cell cycle",0.827266257711554
"GO:1901216",6,19,0.287202206056141,"positive regulation of neuron death",0.827266257711554
"GO:0001755",13,46,0.287378065933068,"neural crest cell migration",0.827266257711554
"GO:0010862",13,46,0.287378065933068,"positive regulation of pathway-restricted SMAD protein phosphorylation",0.827266257711554
"GO:0036092",14,50,0.289609980905709,"phosphatidylinositol-3-phosphate biosynthetic process",0.827266257711554
"GO:0043087",15,54,0.291395925103061,"regulation of GTPase activity",0.827266257711554
"GO:0050790",15,54,0.291395925103061,"regulation of catalytic activity",0.827266257711554
"GO:0000467",3,8,0.291477726807677,"exonucleolytic trimming to generate mature 3'-end of 5.8S rRNA from tricistronic rRNA transcript (SSU-rRNA, 5.8S rRNA, LSU-rRNA)",0.827266257711554
"GO:0001682",3,8,0.291477726807677,"tRNA 5'-leader removal",0.827266257711554
"GO:0001960",3,8,0.291477726807677,"negative regulation of cytokine-mediated signaling pathway",0.827266257711554
"GO:0001973",3,8,0.291477726807677,"adenosine receptor signaling pathway",0.827266257711554
"GO:0002011",3,8,0.291477726807677,"morphogenesis of an epithelial sheet",0.827266257711554
"GO:0002064",3,8,0.291477726807677,"epithelial cell development",0.827266257711554
"GO:0002262",3,8,0.291477726807677,"myeloid cell homeostasis",0.827266257711554
"GO:0002456",3,8,0.291477726807677,"T cell mediated immunity",0.827266257711554
"GO:0002860",3,8,0.291477726807677,"positive regulation of natural killer cell mediated cytotoxicity directed against tumor cell target",0.827266257711554
"GO:0003197",3,8,0.291477726807677,"endocardial cushion development",0.827266257711554
"GO:0003300",3,8,0.291477726807677,"cardiac muscle hypertrophy",0.827266257711554
"GO:0006517",3,8,0.291477726807677,"protein deglycosylation",0.827266257711554
"GO:0006900",3,8,0.291477726807677,"membrane budding",0.827266257711554
"GO:0006972",3,8,0.291477726807677,"hyperosmotic response",0.827266257711554
"GO:0007207",3,8,0.291477726807677,"phospholipase C-activating G-protein coupled acetylcholine receptor signaling pathway",0.827266257711554
"GO:0007217",3,8,0.291477726807677,"tachykinin receptor signaling pathway",0.827266257711554
"GO:0007288",3,8,0.291477726807677,"sperm axoneme assembly",0.827266257711554
"GO:0009607",3,8,0.291477726807677,"response to biotic stimulus",0.827266257711554
"GO:0010498",3,8,0.291477726807677,"proteasomal protein catabolic process",0.827266257711554
"GO:0016264",3,8,0.291477726807677,"gap junction assembly",0.827266257711554
"GO:0016926",3,8,0.291477726807677,"protein desumoylation",0.827266257711554
"GO:0021795",3,8,0.291477726807677,"cerebral cortex cell migration",0.827266257711554
"GO:0021860",3,8,0.291477726807677,"pyramidal neuron development",0.827266257711554
"GO:0030432",3,8,0.291477726807677,"peristalsis",0.827266257711554
"GO:0030833",3,8,0.291477726807677,"regulation of actin filament polymerization",0.827266257711554
"GO:0030836",3,8,0.291477726807677,"positive regulation of actin filament depolymerization",0.827266257711554
"GO:0031622",3,8,0.291477726807677,"positive regulation of fever generation",0.827266257711554
"GO:0032025",3,8,0.291477726807677,"response to cobalt ion",0.827266257711554
"GO:0033234",3,8,0.291477726807677,"negative regulation of protein sumoylation",0.827266257711554
"GO:0033603",3,8,0.291477726807677,"positive regulation of dopamine secretion",0.827266257711554
"GO:0034380",3,8,0.291477726807677,"high-density lipoprotein particle assembly",0.827266257711554
"GO:0035590",3,8,0.291477726807677,"purinergic nucleotide receptor signaling pathway",0.827266257711554
"GO:0042753",3,8,0.291477726807677,"positive regulation of circadian rhythm",0.827266257711554
"GO:0043297",3,8,0.291477726807677,"apical junction assembly",0.827266257711554
"GO:0044351",3,8,0.291477726807677,"macropinocytosis",0.827266257711554
"GO:0045008",3,8,0.291477726807677,"depyrimidination",0.827266257711554
"GO:0045654",3,8,0.291477726807677,"positive regulation of megakaryocyte differentiation",0.827266257711554
"GO:0045835",3,8,0.291477726807677,"negative regulation of meiotic nuclear division",0.827266257711554
"GO:0046549",3,8,0.291477726807677,"retinal cone cell development",0.827266257711554
"GO:0046620",3,8,0.291477726807677,"regulation of organ growth",0.827266257711554
"GO:0046653",3,8,0.291477726807677,"tetrahydrofolate metabolic process",0.827266257711554
"GO:0046951",3,8,0.291477726807677,"ketone body biosynthetic process",0.827266257711554
"GO:0048739",3,8,0.291477726807677,"cardiac muscle fiber development",0.827266257711554
"GO:0050650",3,8,0.291477726807677,"chondroitin sulfate proteoglycan biosynthetic process",0.827266257711554
"GO:0050765",3,8,0.291477726807677,"negative regulation of phagocytosis",0.827266257711554
"GO:0050773",3,8,0.291477726807677,"regulation of dendrite development",0.827266257711554
"GO:0050966",3,8,0.291477726807677,"detection of mechanical stimulus involved in sensory perception of pain",0.827266257711554
"GO:0051001",3,8,0.291477726807677,"negative regulation of nitric-oxide synthase activity",0.827266257711554
"GO:0051451",3,8,0.291477726807677,"myoblast migration",0.827266257711554
"GO:0051764",3,8,0.291477726807677,"actin crosslink formation",0.827266257711554
"GO:0060013",3,8,0.291477726807677,"righting reflex",0.827266257711554
"GO:0060039",3,8,0.291477726807677,"pericardium development",0.827266257711554
"GO:0071313",3,8,0.291477726807677,"cellular response to caffeine",0.827266257711554
"GO:0072015",3,8,0.291477726807677,"glomerular visceral epithelial cell development",0.827266257711554
"GO:0072520",3,8,0.291477726807677,"seminiferous tubule development",0.827266257711554
"GO:0086013",3,8,0.291477726807677,"membrane repolarization during cardiac muscle cell action potential",0.827266257711554
"GO:0086014",3,8,0.291477726807677,"atrial cardiac muscle cell action potential",0.827266257711554
"GO:0086036",3,8,0.291477726807677,"regulation of cardiac muscle cell membrane potential",0.827266257711554
"GO:0090073",3,8,0.291477726807677,"positive regulation of protein homodimerization activity",0.827266257711554
"GO:0090244",3,8,0.291477726807677,"Wnt signaling pathway involved in somitogenesis",0.827266257711554
"GO:0097151",3,8,0.291477726807677,"positive regulation of inhibitory postsynaptic potential",0.827266257711554
"GO:1902237",3,8,0.291477726807677,"positive regulation of endoplasmic reticulum stress-induced intrinsic apoptotic signaling pathway",0.827266257711554
"GO:1902715",3,8,0.291477726807677,"positive regulation of interferon-gamma secretion",0.827266257711554
"GO:2000146",3,8,0.291477726807677,"negative regulation of cell motility",0.827266257711554
"GO:2000188",3,8,0.291477726807677,"regulation of cholesterol homeostasis",0.827266257711554
"GO:2000617",3,8,0.291477726807677,"positive regulation of histone H3-K9 acetylation",0.827266257711554
"GO:2000643",3,8,0.291477726807677,"positive regulation of early endosome to late endosome transport",0.827266257711554
"GO:2001022",3,8,0.291477726807677,"positive regulation of response to DNA damage stimulus",0.827266257711554
"GO:0001501",35,134,0.292228254872942,"skeletal system development",0.827266257711554
"GO:0007249",16,58,0.29281754956532,"I-kappaB kinase/NF-kappaB signaling",0.827266257711554
"GO:0030593",16,58,0.29281754956532,"neutrophil chemotaxis",0.827266257711554
"GO:0001933",17,62,0.293937982179493,"negative regulation of protein phosphorylation",0.827266257711554
"GO:0006935",31,118,0.294389099632862,"chemotaxis",0.827266257711554
"GO:0030509",20,74,0.29594023566551,"BMP signaling pathway",0.827266257711554
"GO:0043085",20,74,0.29594023566551,"positive regulation of catalytic activity",0.827266257711554
"GO:0019915",7,23,0.296216097126187,"lipid storage",0.827266257711554
"GO:0051439",7,23,0.296216097126187,"regulation of ubiquitin-protein ligase activity involved in mitotic cell cycle",0.827266257711554
"GO:0060173",7,23,0.296216097126187,"limb development",0.827266257711554
"GO:0070423",7,23,0.296216097126187,"nucleotide-binding oligomerization domain containing signaling pathway",0.827266257711554
"GO:0006919",21,78,0.296262728263817,"activation of cysteine-type endopeptidase activity involved in apoptotic process",0.827266257711554
"GO:0016311",23,86,0.296527490456031,"dephosphorylation",0.827266257711554
"GO:0001707",8,27,0.30267013024952,"mesoderm formation",0.827266257711554
"GO:0016339",8,27,0.30267013024952,"calcium-dependent cell-cell adhesion via plasma membrane cell adhesion molecules",0.827266257711554
"GO:0055072",8,27,0.30267013024952,"iron ion homeostasis",0.827266257711554
"GO:0071549",8,27,0.30267013024952,"cellular response to dexamethasone stimulus",0.827266257711554
"GO:0010033",9,31,0.307407004694537,"response to organic substance",0.827266257711554
"GO:0034504",9,31,0.307407004694537,"protein localization to nucleus",0.827266257711554
"GO:0050919",9,31,0.307407004694537,"negative chemotaxis",0.827266257711554
"GO:0007162",11,39,0.313576409602783,"negative regulation of cell adhesion",0.827266257711554
"GO:0021510",11,39,0.313576409602783,"spinal cord development",0.827266257711554
"GO:0000050",4,12,0.313972590488194,"urea cycle",0.827266257711554
"GO:0001675",4,12,0.313972590488194,"acrosome assembly",0.827266257711554
"GO:0001963",4,12,0.313972590488194,"synaptic transmission, dopaminergic",0.827266257711554
"GO:0001967",4,12,0.313972590488194,"suckling behavior",0.827266257711554
"GO:0002009",4,12,0.313972590488194,"morphogenesis of an epithelium",0.827266257711554
"GO:0002437",4,12,0.313972590488194,"inflammatory response to antigenic stimulus",0.827266257711554
"GO:0003215",4,12,0.313972590488194,"cardiac right ventricle morphogenesis",0.827266257711554
"GO:0006885",4,12,0.313972590488194,"regulation of pH",0.827266257711554
"GO:0007494",4,12,0.313972590488194,"midgut development",0.827266257711554
"GO:0008210",4,12,0.313972590488194,"estrogen metabolic process",0.827266257711554
"GO:0009950",4,12,0.313972590488194,"dorsal/ventral axis specification",0.827266257711554
"GO:0010447",4,12,0.313972590488194,"response to acidic pH",0.827266257711554
"GO:0010996",4,12,0.313972590488194,"response to auditory stimulus",0.827266257711554
"GO:0014059",4,12,0.313972590488194,"regulation of dopamine secretion",0.827266257711554
"GO:0031629",4,12,0.313972590488194,"synaptic vesicle fusion to presynaptic active zone membrane",0.827266257711554
"GO:0032434",4,12,0.313972590488194,"regulation of proteasomal ubiquitin-dependent protein catabolic process",0.827266257711554
"GO:0032479",4,12,0.313972590488194,"regulation of type I interferon production",0.827266257711554
"GO:0032801",4,12,0.313972590488194,"receptor catabolic process",0.827266257711554
"GO:0036499",4,12,0.313972590488194,"PERK-mediated unfolded protein response",0.827266257711554
"GO:0042340",4,12,0.313972590488194,"keratan sulfate catabolic process",0.827266257711554
"GO:0045717",4,12,0.313972590488194,"negative regulation of fatty acid biosynthetic process",0.827266257711554
"GO:0050435",4,12,0.313972590488194,"beta-amyloid metabolic process",0.827266257711554
"GO:0050921",4,12,0.313972590488194,"positive regulation of chemotaxis",0.827266257711554
"GO:0051492",4,12,0.313972590488194,"regulation of stress fiber assembly",0.827266257711554
"GO:0051604",4,12,0.313972590488194,"protein maturation",0.827266257711554
"GO:0051926",4,12,0.313972590488194,"negative regulation of calcium ion transport",0.827266257711554
"GO:0055008",4,12,0.313972590488194,"cardiac muscle tissue morphogenesis",0.827266257711554
"GO:0055089",4,12,0.313972590488194,"fatty acid homeostasis",0.827266257711554
"GO:0071360",4,12,0.313972590488194,"cellular response to exogenous dsRNA",0.827266257711554
"GO:0071880",4,12,0.313972590488194,"adenylate cyclase-activating adrenergic receptor signaling pathway",0.827266257711554
"GO:0086004",4,12,0.313972590488194,"regulation of cardiac muscle cell contraction",0.827266257711554
"GO:0090161",4,12,0.313972590488194,"Golgi ribbon formation",0.827266257711554
"GO:0097320",4,12,0.313972590488194,"membrane tubulation",0.827266257711554
"GO:0042981",45,176,0.315479087624254,"regulation of apoptotic process",0.827266257711554
"GO:0006094",12,43,0.315552394385594,"gluconeogenesis",0.827266257711554
"GO:0006644",12,43,0.315552394385594,"phospholipid metabolic process",0.827266257711554
"GO:0031397",12,43,0.315552394385594,"negative regulation of protein ubiquitination",0.827266257711554
"GO:0060326",12,43,0.315552394385594,"cell chemotaxis",0.827266257711554
"GO:0001541",13,47,0.317014555186793,"ovarian follicle development",0.827266257711554
"GO:0015992",13,47,0.317014555186793,"proton transport",0.827266257711554
"GO:0032570",13,47,0.317014555186793,"response to progesterone",0.827266257711554
"GO:0045165",13,47,0.317014555186793,"cell fate commitment",0.827266257711554
"GO:0045860",13,47,0.317014555186793,"positive regulation of protein kinase activity",0.827266257711554
"GO:0007169",23,87,0.318228070235068,"transmembrane receptor protein tyrosine kinase signaling pathway",0.827266257711554
"GO:0006303",15,55,0.318808158993358,"double-strand break repair via nonhomologous end joining",0.827266257711554
"GO:0006338",21,79,0.319074088244779,"chromatin remodeling",0.827266257711554
"GO:0006886",52,205,0.321886981539517,"intracellular protein transport",0.827266257711554
"GO:0006281",50,197,0.32440765458881,"DNA repair",0.827266257711554
"GO:0001894",5,16,0.326499040559451,"tissue homeostasis",0.827266257711554
"GO:0002407",5,16,0.326499040559451,"dendritic cell chemotaxis",0.827266257711554
"GO:0006165",5,16,0.326499040559451,"nucleoside diphosphate phosphorylation",0.827266257711554
"GO:0007213",5,16,0.326499040559451,"G-protein coupled acetylcholine receptor signaling pathway",0.827266257711554
"GO:0007220",5,16,0.326499040559451,"Notch receptor processing",0.827266257711554
"GO:0007405",5,16,0.326499040559451,"neuroblast proliferation",0.827266257711554
"GO:0008206",5,16,0.326499040559451,"bile acid metabolic process",0.827266257711554
"GO:0030111",5,16,0.326499040559451,"regulation of Wnt signaling pathway",0.827266257711554
"GO:0030301",5,16,0.326499040559451,"cholesterol transport",0.827266257711554
"GO:0031333",5,16,0.326499040559451,"negative regulation of protein complex assembly",0.827266257711554
"GO:0031668",5,16,0.326499040559451,"cellular response to extracellular stimulus",0.827266257711554
"GO:0032026",5,16,0.326499040559451,"response to magnesium ion",0.827266257711554
"GO:0034142",5,16,0.326499040559451,"toll-like receptor 4 signaling pathway",0.827266257711554
"GO:0035994",5,16,0.326499040559451,"response to muscle stretch",0.827266257711554
"GO:0048260",5,16,0.326499040559451,"positive regulation of receptor-mediated endocytosis",0.827266257711554
"GO:0048265",5,16,0.326499040559451,"response to pain",0.827266257711554
"GO:0050860",5,16,0.326499040559451,"negative regulation of T cell receptor signaling pathway",0.827266257711554
"GO:0051497",5,16,0.326499040559451,"negative regulation of stress fiber assembly",0.827266257711554
"GO:0051968",5,16,0.326499040559451,"positive regulation of synaptic transmission, glutamatergic",0.827266257711554
"GO:0070848",5,16,0.326499040559451,"response to growth factor",0.827266257711554
"GO:2000060",5,16,0.326499040559451,"positive regulation of protein ubiquitination involved in ubiquitin-dependent protein catabolic process",0.827266257711554
"GO:2000778",5,16,0.326499040559451,"positive regulation of interleukin-6 secretion",0.827266257711554
"GO:0008361",6,20,0.334202854177961,"regulation of cell size",0.827266257711554
"GO:0031334",6,20,0.334202854177961,"positive regulation of protein complex assembly",0.827266257711554
"GO:0042474",6,20,0.334202854177961,"middle ear morphogenesis",0.827266257711554
"GO:0043473",6,20,0.334202854177961,"pigmentation",0.827266257711554
"GO:0045332",6,20,0.334202854177961,"phospholipid translocation",0.827266257711554
"GO:0045671",6,20,0.334202854177961,"negative regulation of osteoclast differentiation",0.827266257711554
"GO:0048870",6,20,0.334202854177961,"cell motility",0.827266257711554
"GO:2000377",6,20,0.334202854177961,"regulation of reactive oxygen species metabolic process",0.827266257711554
"GO:0006406",25,96,0.338256900839877,"mRNA export from nucleus",0.827266257711554
"GO:0005977",7,24,0.339185202335967,"glycogen metabolic process",0.827266257711554
"GO:0009954",7,24,0.339185202335967,"proximal/distal pattern formation",0.827266257711554
"GO:0014911",7,24,0.339185202335967,"positive regulation of smooth muscle cell migration",0.827266257711554
"GO:0035058",7,24,0.339185202335967,"nonmotile primary cilium assembly",0.827266257711554
"GO:0043044",7,24,0.339185202335967,"ATP-dependent chromatin remodeling",0.827266257711554
"GO:0043171",7,24,0.339185202335967,"peptide catabolic process",0.827266257711554
"GO:0046686",7,24,0.339185202335967,"response to cadmium ion",0.827266257711554
"GO:2000134",7,24,0.339185202335967,"negative regulation of G1/S transition of mitotic cell cycle",0.827266257711554
"GO:0060071",24,92,0.339324897520843,"Wnt signaling pathway, planar cell polarity pathway",0.827266257711554
"GO:0000212",2,5,0.341604977262856,"meiotic spindle organization",0.827266257711554
"GO:0001504",2,5,0.341604977262856,"neurotransmitter uptake",0.827266257711554
"GO:0002138",2,5,0.341604977262856,"retinoic acid biosynthetic process",0.827266257711554
"GO:0002159",2,5,0.341604977262856,"desmosome assembly",0.827266257711554
"GO:0002322",2,5,0.341604977262856,"B cell proliferation involved in immune response",0.827266257711554
"GO:0002551",2,5,0.341604977262856,"mast cell chemotaxis",0.827266257711554
"GO:0002634",2,5,0.341604977262856,"regulation of germinal center formation",0.827266257711554
"GO:0003105",2,5,0.341604977262856,"negative regulation of glomerular filtration",0.827266257711554
"GO:0003344",2,5,0.341604977262856,"pericardium morphogenesis",0.827266257711554
"GO:0003357",2,5,0.341604977262856,"noradrenergic neuron differentiation",0.827266257711554
"GO:0003406",2,5,0.341604977262856,"retinal pigment epithelium development",0.827266257711554
"GO:0003417",2,5,0.341604977262856,"growth plate cartilage development",0.827266257711554
"GO:0005981",2,5,0.341604977262856,"regulation of glycogen catabolic process",0.827266257711554
"GO:0006526",2,5,0.341604977262856,"arginine biosynthetic process",0.827266257711554
"GO:0006532",2,5,0.341604977262856,"aspartate biosynthetic process",0.827266257711554
"GO:0006563",2,5,0.341604977262856,"L-serine metabolic process",0.827266257711554
"GO:0006564",2,5,0.341604977262856,"L-serine biosynthetic process",0.827266257711554
"GO:0007042",2,5,0.341604977262856,"lysosomal lumen acidification",0.827266257711554
"GO:0007195",2,5,0.341604977262856,"adenylate cyclase-inhibiting dopamine receptor signaling pathway",0.827266257711554
"GO:0008054",2,5,0.341604977262856,"negative regulation of cyclin-dependent protein serine/threonine kinase by cyclin degradation",0.827266257711554
"GO:0008088",2,5,0.341604977262856,"axo-dendritic transport",0.827266257711554
"GO:0009113",2,5,0.341604977262856,"purine nucleobase biosynthetic process",0.827266257711554
"GO:0009157",2,5,0.341604977262856,"deoxyribonucleoside monophosphate biosynthetic process",0.827266257711554
"GO:0009247",2,5,0.341604977262856,"glycolipid biosynthetic process",0.827266257711554
"GO:0009249",2,5,0.341604977262856,"protein lipoylation",0.827266257711554
"GO:0010756",2,5,0.341604977262856,"positive regulation of plasminogen activation",0.827266257711554
"GO:0010792",2,5,0.341604977262856,"DNA double-strand break processing involved in repair via single-strand annealing",0.827266257711554
"GO:0010828",2,5,0.341604977262856,"positive regulation of glucose transport",0.827266257711554
"GO:0010883",2,5,0.341604977262856,"regulation of lipid storage",0.827266257711554
"GO:0010894",2,5,0.341604977262856,"negative regulation of steroid biosynthetic process",0.827266257711554
"GO:0010991",2,5,0.341604977262856,"negative regulation of SMAD protein complex assembly",0.827266257711554
"GO:0014031",2,5,0.341604977262856,"mesenchymal cell development",0.827266257711554
"GO:0014044",2,5,0.341604977262856,"Schwann cell development",0.827266257711554
"GO:0015015",2,5,0.341604977262856,"heparan sulfate proteoglycan biosynthetic process, enzymatic modification",0.827266257711554
"GO:0016101",2,5,0.341604977262856,"diterpenoid metabolic process",0.827266257711554
"GO:0016139",2,5,0.341604977262856,"glycoside catabolic process",0.827266257711554
"GO:0018401",2,5,0.341604977262856,"peptidyl-proline hydroxylation to 4-hydroxy-L-proline",0.827266257711554
"GO:0021764",2,5,0.341604977262856,"amygdala development",0.827266257711554
"GO:0030031",2,5,0.341604977262856,"cell projection assembly",0.827266257711554
"GO:0030098",2,5,0.341604977262856,"lymphocyte differentiation",0.827266257711554
"GO:0030240",2,5,0.341604977262856,"skeletal muscle thin filament assembly",0.827266257711554
"GO:0030262",2,5,0.341604977262856,"apoptotic nuclear changes",0.827266257711554
"GO:0030311",2,5,0.341604977262856,"poly-N-acetyllactosamine biosynthetic process",0.827266257711554
"GO:0030510",2,5,0.341604977262856,"regulation of BMP signaling pathway",0.827266257711554
"GO:0030644",2,5,0.341604977262856,"cellular chloride ion homeostasis",0.827266257711554
"GO:0030816",2,5,0.341604977262856,"positive regulation of cAMP metabolic process",0.827266257711554
"GO:0030823",2,5,0.341604977262856,"regulation of cGMP metabolic process",0.827266257711554
"GO:0031325",2,5,0.341604977262856,"positive regulation of cellular metabolic process",0.827266257711554
"GO:0031960",2,5,0.341604977262856,"response to corticosteroid",0.827266257711554
"GO:0032286",2,5,0.341604977262856,"central nervous system myelin maintenance",0.827266257711554
"GO:0032489",2,5,0.341604977262856,"regulation of Cdc42 protein signal transduction",0.827266257711554
"GO:0032747",2,5,0.341604977262856,"positive regulation of interleukin-23 production",0.827266257711554
"GO:0032914",2,5,0.341604977262856,"positive regulation of transforming growth factor beta1 production",0.827266257711554
"GO:0033278",2,5,0.341604977262856,"cell proliferation in midbrain",0.827266257711554
"GO:0033504",2,5,0.341604977262856,"floor plate development",0.827266257711554
"GO:0033685",2,5,0.341604977262856,"negative regulation of luteinizing hormone secretion",0.827266257711554
"GO:0034197",2,5,0.341604977262856,"triglyceride transport",0.827266257711554
"GO:0035520",2,5,0.341604977262856,"monoubiquitinated protein deubiquitination",0.827266257711554
"GO:0035524",2,5,0.341604977262856,"proline transmembrane transport",0.827266257711554
"GO:0035610",2,5,0.341604977262856,"protein side chain deglutamylation",0.827266257711554
"GO:0035634",2,5,0.341604977262856,"response to stilbenoid",0.827266257711554
"GO:0035726",2,5,0.341604977262856,"common myeloid progenitor cell proliferation",0.827266257711554
"GO:0036124",2,5,0.341604977262856,"histone H3-K9 trimethylation",0.827266257711554
"GO:0036336",2,5,0.341604977262856,"dendritic cell migration",0.827266257711554
"GO:0038027",2,5,0.341604977262856,"apolipoprotein A-I-mediated signaling pathway",0.827266257711554
"GO:0038031",2,5,0.341604977262856,"non-canonical Wnt signaling pathway via JNK cascade",0.827266257711554
"GO:0038170",2,5,0.341604977262856,"somatostatin signaling pathway",0.827266257711554
"GO:0040012",2,5,0.341604977262856,"regulation of locomotion",0.827266257711554
"GO:0040023",2,5,0.341604977262856,"establishment of nucleus localization",0.827266257711554
"GO:0042699",2,5,0.341604977262856,"follicle-stimulating hormone signaling pathway",0.827266257711554
"GO:0043266",2,5,0.341604977262856,"regulation of potassium ion transport",0.827266257711554
"GO:0043270",2,5,0.341604977262856,"positive regulation of ion transport",0.827266257711554
"GO:0043312",2,5,0.341604977262856,"neutrophil degranulation",0.827266257711554
"GO:0043367",2,5,0.341604977262856,"CD4-positive, alpha-beta T cell differentiation",0.827266257711554
"GO:0043550",2,5,0.341604977262856,"regulation of lipid kinase activity",0.827266257711554
"GO:0043587",2,5,0.341604977262856,"tongue morphogenesis",0.827266257711554
"GO:0044206",2,5,0.341604977262856,"UMP salvage",0.827266257711554
"GO:0044262",2,5,0.341604977262856,"cellular carbohydrate metabolic process",0.827266257711554
"GO:0044332",2,5,0.341604977262856,"Wnt signaling pathway involved in dorsal/ventral axis specification",0.827266257711554
"GO:0044770",2,5,0.341604977262856,"cell cycle phase transition",0.827266257711554
"GO:0045053",2,5,0.341604977262856,"protein retention in Golgi apparatus",0.827266257711554
"GO:0045063",2,5,0.341604977262856,"T-helper 1 cell differentiation",0.827266257711554
"GO:0045143",2,5,0.341604977262856,"homologous chromosome segregation",0.827266257711554
"GO:0045345",2,5,0.341604977262856,"positive regulation of MHC class I biosynthetic process",0.827266257711554
"GO:0045637",2,5,0.341604977262856,"regulation of myeloid cell differentiation",0.827266257711554
"GO:0045760",2,5,0.341604977262856,"positive regulation of action potential",0.827266257711554
"GO:0045794",2,5,0.341604977262856,"negative regulation of cell volume",0.827266257711554
"GO:0045836",2,5,0.341604977262856,"positive regulation of meiotic nuclear division",0.827266257711554
"GO:0046541",2,5,0.341604977262856,"saliva secretion",0.827266257711554
"GO:0046654",2,5,0.341604977262856,"tetrahydrofolate biosynthetic process",0.827266257711554
"GO:0046939",2,5,0.341604977262856,"nucleotide phosphorylation",0.827266257711554
"GO:0048341",2,5,0.341604977262856,"paraxial mesoderm formation",0.827266257711554
"GO:0048505",2,5,0.341604977262856,"regulation of timing of cell differentiation",0.827266257711554
"GO:0048513",2,5,0.341604977262856,"animal organ development",0.827266257711554
"GO:0048525",2,5,0.341604977262856,"negative regulation of viral process",0.827266257711554
"GO:0048630",2,5,0.341604977262856,"skeletal muscle tissue growth",0.827266257711554
"GO:0048668",2,5,0.341604977262856,"collateral sprouting",0.827266257711554
"GO:0048730",2,5,0.341604977262856,"epidermis morphogenesis",0.827266257711554
"GO:0048845",2,5,0.341604977262856,"venous blood vessel morphogenesis",0.827266257711554
"GO:0048856",2,5,0.341604977262856,"anatomical structure development",0.827266257711554
"GO:0050859",2,5,0.341604977262856,"negative regulation of B cell receptor signaling pathway",0.827266257711554
"GO:0050996",2,5,0.341604977262856,"positive regulation of lipid catabolic process",0.827266257711554
"GO:0051101",2,5,0.341604977262856,"regulation of DNA binding",0.827266257711554
"GO:0055012",2,5,0.341604977262856,"ventricular cardiac muscle cell differentiation",0.827266257711554
"GO:0055129",2,5,0.341604977262856,"L-proline biosynthetic process",0.827266257711554
"GO:0060023",2,5,0.341604977262856,"soft palate development",0.827266257711554
"GO:0060024",2,5,0.341604977262856,"rhythmic synaptic transmission",0.827266257711554
"GO:0060056",2,5,0.341604977262856,"mammary gland involution",0.827266257711554
"GO:0060157",2,5,0.341604977262856,"urinary bladder development",0.827266257711554
"GO:0060355",2,5,0.341604977262856,"positive regulation of cell adhesion molecule production",0.827266257711554
"GO:0060510",2,5,0.341604977262856,"Type II pneumocyte differentiation",0.827266257711554
"GO:0060666",2,5,0.341604977262856,"dichotomous subdivision of terminal units involved in salivary gland branching",0.827266257711554
"GO:0060718",2,5,0.341604977262856,"chorionic trophoblast cell differentiation",0.827266257711554
"GO:0060850",2,5,0.341604977262856,"regulation of transcription involved in cell fate commitment",0.827266257711554
"GO:0061462",2,5,0.341604977262856,"protein localization to lysosome",0.827266257711554
"GO:0061484",2,5,0.341604977262856,"hematopoietic stem cell homeostasis",0.827266257711554
"GO:0061624",2,5,0.341604977262856,"fructose catabolic process to hydroxyacetone phosphate and glyceraldehyde-3-phosphate",0.827266257711554
"GO:0061626",2,5,0.341604977262856,"pharyngeal arch artery morphogenesis",0.827266257711554
"GO:0070100",2,5,0.341604977262856,"negative regulation of chemokine-mediated signaling pathway",0.827266257711554
"GO:0070245",2,5,0.341604977262856,"positive regulation of thymocyte apoptotic process",0.827266257711554
"GO:0070383",2,5,0.341604977262856,"DNA cytosine deamination",0.827266257711554
"GO:0070431",2,5,0.341604977262856,"nucleotide-binding oligomerization domain containing 2 signaling pathway",0.827266257711554
"GO:0070837",2,5,0.341604977262856,"dehydroascorbic acid transport",0.827266257711554
"GO:0070934",2,5,0.341604977262856,"CRD-mediated mRNA stabilization",0.827266257711554
"GO:0071225",2,5,0.341604977262856,"cellular response to muramyl dipeptide",0.827266257711554
"GO:0071322",2,5,0.341604977262856,"cellular response to carbohydrate stimulus",0.827266257711554
"GO:0071557",2,5,0.341604977262856,"histone H3-K27 demethylation",0.827266257711554
"GO:0071603",2,5,0.341604977262856,"endothelial cell-cell adhesion",0.827266257711554
"GO:0071651",2,5,0.341604977262856,"positive regulation of chemokine (C-C motif) ligand 5 production",0.827266257711554
"GO:0071801",2,5,0.341604977262856,"regulation of podosome assembly",0.827266257711554
"GO:0071864",2,5,0.341604977262856,"positive regulation of cell proliferation in bone marrow",0.827266257711554
"GO:0072178",2,5,0.341604977262856,"nephric duct morphogenesis",0.827266257711554
"GO:0072384",2,5,0.341604977262856,"organelle transport along microtubule",0.827266257711554
"GO:0072711",2,5,0.341604977262856,"cellular response to hydroxyurea",0.827266257711554
"GO:0090188",2,5,0.341604977262856,"negative regulation of pancreatic juice secretion",0.827266257711554
"GO:0090266",2,5,0.341604977262856,"regulation of mitotic cell cycle spindle assembly checkpoint",0.827266257711554
"GO:0090662",2,5,0.341604977262856,"ATP hydrolysis coupled transmembrane transport",0.827266257711554
"GO:0097084",2,5,0.341604977262856,"vascular smooth muscle cell development",0.827266257711554
"GO:0098532",2,5,0.341604977262856,"histone H3-K27 trimethylation",0.827266257711554
"GO:0098535",2,5,0.341604977262856,"de novo centriole assembly",0.827266257711554
"GO:0098735",2,5,0.341604977262856,"positive regulation of the force of heart contraction",0.827266257711554
"GO:1901642",2,5,0.341604977262856,"nucleoside transmembrane transport",0.827266257711554
"GO:1902262",2,5,0.341604977262856,"apoptotic process involved in patterning of blood vessels",0.827266257711554
"GO:1902430",2,5,0.341604977262856,"negative regulation of beta-amyloid formation",0.827266257711554
"GO:1903428",2,5,0.341604977262856,"positive regulation of reactive oxygen species biosynthetic process",0.827266257711554
"GO:1904714",2,5,0.341604977262856,"regulation of chaperone-mediated autophagy",0.827266257711554
"GO:2000574",2,5,0.341604977262856,"regulation of microtubule motor activity",0.827266257711554
"GO:2001181",2,5,0.341604977262856,"positive regulation of interleukin-10 secretion",0.827266257711554
"GO:2001268",2,5,0.341604977262856,"negative regulation of cysteine-type endopeptidase activity involved in apoptotic signaling pathway",0.827266257711554
"NOT GO:0001558",2,5,0.341604977262856,"NOT regulation of cell growth",0.827266257711554
"GO:0010942",8,28,0.342476660535133,"positive regulation of cell death",0.827266257711554
"GO:0030100",8,28,0.342476660535133,"regulation of endocytosis",0.827266257711554
"GO:0042476",8,28,0.342476660535133,"odontogenesis",0.827266257711554
"GO:0043392",8,28,0.342476660535133,"negative regulation of DNA binding",0.827266257711554
"GO:0051973",8,28,0.342476660535133,"positive regulation of telomerase activity",0.827266257711554
"GO:0035264",20,76,0.343286875019454,"multicellular organism growth",0.828756721346909
"GO:0000724",19,72,0.344163173909536,"double-strand break repair via homologous recombination",0.829938176544076
"GO:0007286",19,72,0.344163173909536,"spermatid development",0.829938176544076
"GO:0007498",9,32,0.344645919843384,"mesoderm development",0.830155001025653
"GO:0006310",17,64,0.345701958754123,"DNA recombination",0.830155001025653
"GO:0070098",17,64,0.345701958754123,"chemokine-mediated signaling pathway",0.830155001025653
"GO:0006289",10,36,0.346033841173816,"nucleotide-excision repair",0.830155001025653
"GO:0006865",10,36,0.346033841173816,"amino acid transport",0.830155001025653
"GO:0007188",10,36,0.346033841173816,"adenylate cyclase-modulating G-protein coupled receptor signaling pathway",0.830155001025653
"GO:0043491",10,36,0.346033841173816,"protein kinase B signaling",0.830155001025653
"GO:0006977",16,60,0.346331179472349,"DNA damage response, signal transduction by p53 class mediator resulting in cell cycle arrest",0.830155001025653
"GO:0050680",15,56,0.346837244548935,"negative regulation of epithelial cell proliferation",0.830155001025653
"GO:0050727",15,56,0.346837244548935,"regulation of inflammatory response",0.830155001025653
"GO:0045668",11,40,0.346857659808894,"negative regulation of osteoblast differentiation",0.830155001025653
"GO:0007189",12,44,0.347262544751193,"adenylate cyclase-activating G-protein coupled receptor signaling pathway",0.830155001025653
"GO:0009725",12,44,0.347262544751193,"response to hormone",0.830155001025653
"GO:0000910",13,48,0.347349237025885,"cytokinesis",0.830155001025653
"GO:0030900",13,48,0.347349237025885,"forebrain development",0.830155001025653
"GO:0045600",13,48,0.347349237025885,"positive regulation of fat cell differentiation",0.830155001025653
"GO:0001889",23,89,0.362868946179119,"liver development",0.846737124642919
"GO:0002446",3,9,0.365340423709567,"neutrophil mediated immunity",0.846737124642919
"GO:0003181",3,9,0.365340423709567,"atrioventricular valve morphogenesis",0.846737124642919
"GO:0003214",3,9,0.365340423709567,"cardiac left ventricle morphogenesis",0.846737124642919
"GO:0005979",3,9,0.365340423709567,"regulation of glycogen biosynthetic process",0.846737124642919
"GO:0006307",3,9,0.365340423709567,"DNA dealkylation involved in DNA repair",0.846737124642919
"GO:0006346",3,9,0.365340423709567,"methylation-dependent chromatin silencing",0.846737124642919
"GO:0006390",3,9,0.365340423709567,"transcription from mitochondrial promoter",0.846737124642919
"GO:0006700",3,9,0.365340423709567,"C21-steroid hormone biosynthetic process",0.846737124642919
"GO:0006930",3,9,0.365340423709567,"substrate-dependent cell migration, cell extension",0.846737124642919
"GO:0007064",3,9,0.365340423709567,"mitotic sister chromatid cohesion",0.846737124642919
"GO:0008608",3,9,0.365340423709567,"attachment of spindle microtubules to kinetochore",0.846737124642919
"GO:0009743",3,9,0.365340423709567,"response to carbohydrate",0.846737124642919
"GO:0010389",3,9,0.365340423709567,"regulation of G2/M transition of mitotic cell cycle",0.846737124642919
"GO:0010614",3,9,0.365340423709567,"negative regulation of cardiac muscle hypertrophy",0.846737124642919
"GO:0010950",3,9,0.365340423709567,"positive regulation of endopeptidase activity",0.846737124642919
"GO:0015886",3,9,0.365340423709567,"heme transport",0.846737124642919
"GO:0016126",3,9,0.365340423709567,"sterol biosynthetic process",0.846737124642919
"GO:0016559",3,9,0.365340423709567,"peroxisome fission",0.846737124642919
"GO:0022407",3,9,0.365340423709567,"regulation of cell-cell adhesion",0.846737124642919
"GO:0030595",3,9,0.365340423709567,"leukocyte chemotaxis",0.846737124642919
"GO:0032099",3,9,0.365340423709567,"negative regulation of appetite",0.846737124642919
"GO:0032464",3,9,0.365340423709567,"positive regulation of protein homooligomerization",0.846737124642919
"GO:0032927",3,9,0.365340423709567,"positive regulation of activin receptor signaling pathway",0.846737124642919
"GO:0033619",3,9,0.365340423709567,"membrane protein proteolysis",0.846737124642919
"GO:0033689",3,9,0.365340423709567,"negative regulation of osteoblast proliferation",0.846737124642919
"GO:0035313",3,9,0.365340423709567,"wound healing, spreading of epidermal cells",0.846737124642919
"GO:0042158",3,9,0.365340423709567,"lipoprotein biosynthetic process",0.846737124642919
"GO:0042754",3,9,0.365340423709567,"negative regulation of circadian rhythm",0.846737124642919
"GO:0043583",3,9,0.365340423709567,"ear development",0.846737124642919
"GO:0043589",3,9,0.365340423709567,"skin morphogenesis",0.846737124642919
"GO:0043950",3,9,0.365340423709567,"positive regulation of cAMP-mediated signaling",0.846737124642919
"GO:0045616",3,9,0.365340423709567,"regulation of keratinocyte differentiation",0.846737124642919
"GO:0048149",3,9,0.365340423709567,"behavioral response to ethanol",0.846737124642919
"GO:0048245",3,9,0.365340423709567,"eosinophil chemotaxis",0.846737124642919
"GO:0050774",3,9,0.365340423709567,"negative regulation of dendrite morphogenesis",0.846737124642919
"GO:0050805",3,9,0.365340423709567,"negative regulation of synaptic transmission",0.846737124642919
"GO:0050953",3,9,0.365340423709567,"sensory perception of light stimulus",0.846737124642919
"GO:0051085",3,9,0.365340423709567,"chaperone mediated protein folding requiring cofactor",0.846737124642919
"GO:0051099",3,9,0.365340423709567,"positive regulation of binding",0.846737124642919
"GO:0051923",3,9,0.365340423709567,"sulfation",0.846737124642919
"GO:0051967",3,9,0.365340423709567,"negative regulation of synaptic transmission, glutamatergic",0.846737124642919
"GO:0060020",3,9,0.365340423709567,"Bergmann glial cell differentiation",0.846737124642919
"GO:0060055",3,9,0.365340423709567,"angiogenesis involved in wound healing",0.846737124642919
"GO:0060287",3,9,0.365340423709567,"epithelial cilium movement involved in determination of left/right asymmetry",0.846737124642919
"GO:0060539",3,9,0.365340423709567,"diaphragm development",0.846737124642919
"GO:0060711",3,9,0.365340423709567,"labyrinthine layer development",0.846737124642919
"GO:0061314",3,9,0.365340423709567,"Notch signaling involved in heart development",0.846737124642919
"GO:0071803",3,9,0.365340423709567,"positive regulation of podosome assembly",0.846737124642919
"GO:0097066",3,9,0.365340423709567,"response to thyroid hormone",0.846737124642919
"GO:1901380",3,9,0.365340423709567,"negative regulation of potassium ion transmembrane transport",0.846737124642919
"GO:1902475",3,9,0.365340423709567,"L-alpha-amino acid transmembrane transport",0.846737124642919
"GO:1903351",3,9,0.365340423709567,"cellular response to dopamine",0.846737124642919
"GO:1904851",3,9,0.365340423709567,"positive regulation of establishment of protein localization to telomere",0.846737124642919
"GO:2000009",3,9,0.365340423709567,"negative regulation of protein localization to cell surface",0.846737124642919
"GO:2000304",3,9,0.365340423709567,"positive regulation of ceramide biosynthetic process",0.846737124642919
"GO:0051384",21,81,0.366017810192906,"response to glucocorticoid",0.847849031170394
"GO:0019221",31,122,0.369902102494123,"cytokine-mediated signaling pathway",0.856384252401398
"GO:0006396",18,69,0.370734953151704,"RNA processing",0.85728863186597
"GO:0001779",4,13,0.375088755713852,"natural killer cell differentiation",0.85728863186597
"GO:0001817",4,13,0.375088755713852,"regulation of cytokine production",0.85728863186597
"GO:0006809",4,13,0.375088755713852,"nitric oxide biosynthetic process",0.85728863186597
"GO:0009168",4,13,0.375088755713852,"purine ribonucleoside monophosphate biosynthetic process",0.85728863186597
"GO:0010839",4,13,0.375088755713852,"negative regulation of keratinocyte proliferation",0.85728863186597
"GO:0015804",4,13,0.375088755713852,"neutral amino acid transport",0.85728863186597
"GO:0030194",4,13,0.375088755713852,"positive regulation of blood coagulation",0.85728863186597
"GO:0032740",4,13,0.375088755713852,"positive regulation of interleukin-17 production",0.85728863186597
"GO:0033197",4,13,0.375088755713852,"response to vitamin E",0.85728863186597
"GO:0033540",4,13,0.375088755713852,"fatty acid beta-oxidation using acyl-CoA oxidase",0.85728863186597
"GO:0035729",4,13,0.375088755713852,"cellular response to hepatocyte growth factor stimulus",0.85728863186597
"GO:0043069",4,13,0.375088755713852,"negative regulation of programmed cell death",0.85728863186597
"GO:0045651",4,13,0.375088755713852,"positive regulation of macrophage differentiation",0.85728863186597
"GO:0048821",4,13,0.375088755713852,"erythrocyte development",0.85728863186597
"GO:0050427",4,13,0.375088755713852,"3'-phosphoadenosine 5'-phosphosulfate metabolic process",0.85728863186597
"GO:0050901",4,13,0.375088755713852,"leukocyte tethering or rolling",0.85728863186597
"GO:0050995",4,13,0.375088755713852,"negative regulation of lipid catabolic process",0.85728863186597
"GO:0051168",4,13,0.375088755713852,"nuclear export",0.85728863186597
"GO:0060425",4,13,0.375088755713852,"lung morphogenesis",0.85728863186597
"GO:0070498",4,13,0.375088755713852,"interleukin-1-mediated signaling pathway",0.85728863186597
"GO:0097296",4,13,0.375088755713852,"activation of cysteine-type endopeptidase activity involved in apoptotic signaling pathway",0.85728863186597
"GO:0098586",4,13,0.375088755713852,"cellular response to virus",0.85728863186597
"GO:2000179",4,13,0.375088755713852,"positive regulation of neural precursor cell proliferation",0.85728863186597
"GO:0014070",14,53,0.37678113414386,"response to organic cyclic compound",0.860698117932459
"GO:0006417",13,49,0.378177870044781,"regulation of translation",0.86332682433873
"GO:0015031",89,362,0.379230813405454,"protein transport",0.86332682433873
"GO:0030279",5,17,0.379743057698644,"negative regulation of ossification",0.86332682433873
"GO:0036342",5,17,0.379743057698644,"post-anal tail morphogenesis",0.86332682433873
"GO:0043403",5,17,0.379743057698644,"skeletal muscle tissue regeneration",0.86332682433873
"GO:0045089",5,17,0.379743057698644,"positive regulation of innate immune response",0.86332682433873
"GO:0046597",5,17,0.379743057698644,"negative regulation of viral entry into host cell",0.86332682433873
"GO:0071577",5,17,0.379743057698644,"zinc II ion transmembrane transport",0.86332682433873
"GO:2000249",5,17,0.379743057698644,"regulation of actin cytoskeleton reorganization",0.86332682433873
"GO:0045740",10,37,0.381704791157019,"positive regulation of DNA replication",0.865528355210529
"GO:0033280",6,21,0.381967759599007,"response to vitamin D",0.865528355210529
"GO:0070542",6,21,0.381967759599007,"response to fatty acid",0.865528355210529
"GO:0070932",6,21,0.381967759599007,"histone H3 deacetylation",0.865528355210529
"GO:0042220",9,33,0.382490724725567,"response to cocaine",0.865528355210529
"GO:0000188",7,25,0.382853149521084,"inactivation of MAPK activity",0.865528355210529
"GO:0000245",7,25,0.382853149521084,"spliceosomal complex assembly",0.865528355210529
"GO:0035774",7,25,0.382853149521084,"positive regulation of insulin secretion involved in cellular response to glucose stimulus",0.865528355210529
"GO:0043388",7,25,0.382853149521084,"positive regulation of DNA binding",0.865528355210529
"GO:0045648",7,25,0.382853149521084,"positive regulation of erythrocyte differentiation",0.865528355210529
"GO:2001244",8,29,0.382930726850719,"positive regulation of intrinsic apoptotic signaling pathway",0.865528355210529
"GO:0050821",32,127,0.387258645894579,"protein stabilization",0.873001034635158
"GO:0045454",20,78,0.392191741359533,"cell redox homeostasis",0.873001034635158
"GO:0031295",19,74,0.39446545333768,"T cell costimulation",0.873001034635158
"GO:0045444",17,66,0.399169626561504,"fat cell differentiation",0.873001034635158
"GO:0016266",14,54,0.40666595730814,"O-glycan processing",0.873001034635158
"GO:0007596",44,178,0.413120197768521,"blood coagulation",0.873001034635158
"GO:0032956",11,42,0.414776381674059,"regulation of actin cytoskeleton organization",0.873001034635158
"GO:0034260",11,42,0.414776381674059,"negative regulation of GTPase activity",0.873001034635158
"GO:0001942",10,38,0.417632000897863,"hair follicle development",0.873001034635158
"GO:0038128",10,38,0.417632000897863,"ERBB2 signaling pathway",0.873001034635158
"GO:0070527",10,38,0.417632000897863,"platelet aggregation",0.873001034635158
"GO:0000723",9,34,0.42056607711241,"telomere maintenance",0.873001034635158
"GO:0006605",9,34,0.42056607711241,"protein targeting",0.873001034635158
"GO:0070555",9,34,0.42056607711241,"response to interleukin-1",0.873001034635158
"GO:0071902",9,34,0.42056607711241,"positive regulation of protein serine/threonine kinase activity",0.873001034635158
"GO:0072593",9,34,0.42056607711241,"reactive oxygen species metabolic process",0.873001034635158
"GO:0007283",84,345,0.423276698145662,"spermatogenesis",0.873001034635158
"GO:0009953",8,30,0.42357504461352,"dorsal/ventral pattern formation",0.873001034635158
"GO:0045765",8,30,0.42357504461352,"regulation of angiogenesis",0.873001034635158
"GO:0071392",8,30,0.42357504461352,"cellular response to estradiol stimulus",0.873001034635158
"GO:2000379",8,30,0.42357504461352,"positive regulation of reactive oxygen species metabolic process",0.873001034635158
"GO:0008033",7,26,0.426646697637372,"tRNA processing",0.873001034635158
"GO:0033344",7,26,0.426646697637372,"cholesterol efflux",0.873001034635158
"GO:0060135",7,26,0.426646697637372,"maternal process involved in female pregnancy",0.873001034635158
"GO:0010951",31,125,0.428890591734176,"negative regulation of endopeptidase activity",0.873001034635158
"GO:0005978",6,22,0.42975014129699,"glycogen biosynthetic process",0.873001034635158
"GO:0006259",6,22,0.42975014129699,"DNA metabolic process",0.873001034635158
"GO:0010719",6,22,0.42975014129699,"negative regulation of epithelial to mesenchymal transition",0.873001034635158
"GO:0016125",6,22,0.42975014129699,"sterol metabolic process",0.873001034635158
"GO:0036152",6,22,0.42975014129699,"phosphatidylethanolamine acyl-chain remodeling",0.873001034635158
"GO:0042730",6,22,0.42975014129699,"fibrinolysis",0.873001034635158
"GO:0046329",6,22,0.42975014129699,"negative regulation of JNK cascade",0.873001034635158
"GO:0051090",6,22,0.42975014129699,"regulation of sequence-specific DNA binding transcription factor activity",0.873001034635158
"GO:0051403",6,22,0.42975014129699,"stress-activated MAPK cascade",0.873001034635158
"GO:0051412",6,22,0.42975014129699,"response to corticosterone",0.873001034635158
"GO:0071345",6,22,0.42975014129699,"cellular response to cytokine stimulus",0.873001034635158
"GO:0007166",62,254,0.431439112699152,"cell surface receptor signaling pathway",0.873001034635158
"GO:0003148",5,18,0.432811281684702,"outflow tract septum morphogenesis",0.873001034635158
"GO:0032332",5,18,0.432811281684702,"positive regulation of chondrocyte differentiation",0.873001034635158
"GO:0050908",5,18,0.432811281684702,"detection of light stimulus involved in visual perception",0.873001034635158
"GO:0007398",4,14,0.435644623195894,"ectoderm development",0.873001034635158
"GO:0007512",4,14,0.435644623195894,"adult heart development",0.873001034635158
"GO:0009268",4,14,0.435644623195894,"response to pH",0.873001034635158
"GO:0009888",4,14,0.435644623195894,"tissue development",0.873001034635158
"GO:0010875",4,14,0.435644623195894,"positive regulation of cholesterol efflux",0.873001034635158
"GO:0015698",4,14,0.435644623195894,"inorganic anion transport",0.873001034635158
"GO:0016540",4,14,0.435644623195894,"protein autoprocessing",0.873001034635158
"GO:0021794",4,14,0.435644623195894,"thalamus development",0.873001034635158
"GO:0022408",4,14,0.435644623195894,"negative regulation of cell-cell adhesion",0.873001034635158
"GO:0031529",4,14,0.435644623195894,"ruffle organization",0.873001034635158
"GO:0032461",4,14,0.435644623195894,"positive regulation of protein oligomerization",0.873001034635158
"GO:0032743",4,14,0.435644623195894,"positive regulation of interleukin-2 production",0.873001034635158
"GO:0035640",4,14,0.435644623195894,"exploration behavior",0.873001034635158
"GO:0042026",4,14,0.435644623195894,"protein refolding",0.873001034635158
"GO:0042073",4,14,0.435644623195894,"intraciliary transport",0.873001034635158
"GO:0042554",4,14,0.435644623195894,"superoxide anion generation",0.873001034635158
"GO:0042953",4,14,0.435644623195894,"lipoprotein transport",0.873001034635158
"GO:0045088",4,14,0.435644623195894,"regulation of innate immune response",0.873001034635158
"GO:0045579",4,14,0.435644623195894,"positive regulation of B cell differentiation",0.873001034635158
"GO:0045821",4,14,0.435644623195894,"positive regulation of glycolytic process",0.873001034635158
"GO:0048715",4,14,0.435644623195894,"negative regulation of oligodendrocyte differentiation",0.873001034635158
"GO:0050982",4,14,0.435644623195894,"detection of mechanical stimulus",0.873001034635158
"GO:0051016",4,14,0.435644623195894,"barbed-end actin filament capping",0.873001034635158
"GO:0060047",4,14,0.435644623195894,"heart contraction",0.873001034635158
"GO:0061053",4,14,0.435644623195894,"somite development",0.873001034635158
"GO:0071361",4,14,0.435644623195894,"cellular response to ethanol",0.873001034635158
"GO:0090141",4,14,0.435644623195894,"positive regulation of mitochondrial fission",0.873001034635158
"GO:1900745",4,14,0.435644623195894,"positive regulation of p38MAPK cascade",0.873001034635158
"GO:1902230",4,14,0.435644623195894,"negative regulation of intrinsic apoptotic signaling pathway in response to DNA damage",0.873001034635158
"GO:2000678",4,14,0.435644623195894,"negative regulation of transcription regulatory region DNA binding",0.873001034635158
"GO:0000018",2,6,0.437065669308322,"regulation of DNA recombination",0.873001034635158
"GO:0001696",2,6,0.437065669308322,"gastric acid secretion",0.873001034635158
"GO:0001818",2,6,0.437065669308322,"negative regulation of cytokine production",0.873001034635158
"GO:0002192",2,6,0.437065669308322,"IRES-dependent translational initiation",0.873001034635158
"GO:0002318",2,6,0.437065669308322,"myeloid progenitor cell differentiation",0.873001034635158
"GO:0002485",2,6,0.437065669308322,"antigen processing and presentation of endogenous peptide antigen via MHC class I via ER pathway, TAP-dependent",0.873001034635158
"GO:0002489",2,6,0.437065669308322,"antigen processing and presentation of endogenous peptide antigen via MHC class Ib via ER pathway, TAP-dependent",0.873001034635158
"GO:0002591",2,6,0.437065669308322,"positive regulation of antigen processing and presentation of peptide antigen via MHC class I",0.873001034635158
"GO:0002686",2,6,0.437065669308322,"negative regulation of leukocyte migration",0.873001034635158
"GO:0002819",2,6,0.437065669308322,"regulation of adaptive immune response",0.873001034635158
"GO:0003158",2,6,0.437065669308322,"endothelium development",0.873001034635158
"GO:0003283",2,6,0.437065669308322,"atrial septum development",0.873001034635158
"GO:0006003",2,6,0.437065669308322,"fructose 2,6-bisphosphate metabolic process",0.873001034635158
"GO:0006013",2,6,0.437065669308322,"mannose metabolic process",0.873001034635158
"GO:0006189",2,6,0.437065669308322,"'de novo' IMP biosynthetic process",0.873001034635158
"GO:0006206",2,6,0.437065669308322,"pyrimidine nucleobase metabolic process",0.873001034635158
"GO:0006333",2,6,0.437065669308322,"chromatin assembly or disassembly",0.873001034635158
"GO:0006449",2,6,0.437065669308322,"regulation of translational termination",0.873001034635158
"GO:0006531",2,6,0.437065669308322,"aspartate metabolic process",0.873001034635158
"GO:0006650",2,6,0.437065669308322,"glycerophospholipid metabolic process",0.873001034635158
"GO:0006766",2,6,0.437065669308322,"vitamin metabolic process",0.873001034635158
"GO:0006999",2,6,0.437065669308322,"nuclear pore organization",0.873001034635158
"GO:0007182",2,6,0.437065669308322,"common-partner SMAD protein phosphorylation",0.873001034635158
"GO:0008366",2,6,0.437065669308322,"axon ensheathment",0.873001034635158
"GO:0009052",2,6,0.437065669308322,"pentose-phosphate shunt, non-oxidative branch",0.873001034635158
"GO:0009642",2,6,0.437065669308322,"response to light intensity",0.873001034635158
"GO:0010172",2,6,0.437065669308322,"embryonic body morphogenesis",0.873001034635158
"GO:0010216",2,6,0.437065669308322,"maintenance of DNA methylation",0.873001034635158
"GO:0010457",2,6,0.437065669308322,"centriole-centriole cohesion",0.873001034635158
"GO:0010631",2,6,0.437065669308322,"epithelial cell migration",0.873001034635158
"GO:0010659",2,6,0.437065669308322,"cardiac muscle cell apoptotic process",0.873001034635158
"GO:0010887",2,6,0.437065669308322,"negative regulation of cholesterol storage",0.873001034635158
"GO:0010954",2,6,0.437065669308322,"positive regulation of protein processing",0.873001034635158
"GO:0012501",2,6,0.437065669308322,"programmed cell death",0.873001034635158
"GO:0014074",2,6,0.437065669308322,"response to purine-containing compound",0.873001034635158
"GO:0015760",2,6,0.437065669308322,"glucose-6-phosphate transport",0.873001034635158
"GO:0018206",2,6,0.437065669308322,"peptidyl-methionine modification",0.873001034635158
"GO:0018344",2,6,0.437065669308322,"protein geranylgeranylation",0.873001034635158
"GO:0019217",2,6,0.437065669308322,"regulation of fatty acid metabolic process",0.873001034635158
"GO:0021517",2,6,0.437065669308322,"ventral spinal cord development",0.873001034635158
"GO:0021532",2,6,0.437065669308322,"neural tube patterning",0.873001034635158
"GO:0021879",2,6,0.437065669308322,"forebrain neuron differentiation",0.873001034635158
"GO:0022612",2,6,0.437065669308322,"gland morphogenesis",0.873001034635158
"GO:0030219",2,6,0.437065669308322,"megakaryocyte differentiation",0.873001034635158
"GO:0030579",2,6,0.437065669308322,"ubiquitin-dependent SMAD protein catabolic process",0.873001034635158
"GO:0031062",2,6,0.437065669308322,"positive regulation of histone methylation",0.873001034635158
"GO:0031110",2,6,0.437065669308322,"regulation of microtubule polymerization or depolymerization",0.873001034635158
"GO:0031442",2,6,0.437065669308322,"positive regulation of mRNA 3'-end processing",0.873001034635158
"GO:0032237",2,6,0.437065669308322,"activation of store-operated calcium channel activity",0.873001034635158
"GO:0032410",2,6,0.437065669308322,"negative regulation of transporter activity",0.873001034635158
"GO:0032515",2,6,0.437065669308322,"negative regulation of phosphoprotein phosphatase activity",0.873001034635158
"GO:0032680",2,6,0.437065669308322,"regulation of tumor necrosis factor production",0.873001034635158
"GO:0032958",2,6,0.437065669308322,"inositol phosphate biosynthetic process",0.873001034635158
"GO:0033119",2,6,0.437065669308322,"negative regulation of RNA splicing",0.873001034635158
"GO:0034349",2,6,0.437065669308322,"glial cell apoptotic process",0.873001034635158
"GO:0035020",2,6,0.437065669308322,"regulation of Rac protein signal transduction",0.873001034635158
"GO:0035331",2,6,0.437065669308322,"negative regulation of hippo signaling",0.873001034635158
"GO:0035357",2,6,0.437065669308322,"peroxisome proliferator activated receptor signaling pathway",0.873001034635158
"GO:0035493",2,6,0.437065669308322,"SNARE complex assembly",0.873001034635158
"GO:0035542",2,6,0.437065669308322,"regulation of SNARE complex assembly",0.873001034635158
"GO:0035897",2,6,0.437065669308322,"proteolysis in other organism",0.873001034635158
"GO:0036276",2,6,0.437065669308322,"response to antidepressant",0.873001034635158
"GO:0036289",2,6,0.437065669308322,"peptidyl-serine autophosphorylation",0.873001034635158
"GO:0036302",2,6,0.437065669308322,"atrioventricular canal development",0.873001034635158
"GO:0042255",2,6,0.437065669308322,"ribosome assembly",0.873001034635158
"GO:0042304",2,6,0.437065669308322,"regulation of fatty acid biosynthetic process",0.873001034635158
"GO:0042426",2,6,0.437065669308322,"choline catabolic process",0.873001034635158
"GO:0042487",2,6,0.437065669308322,"regulation of odontogenesis of dentin-containing tooth",0.873001034635158
"GO:0042518",2,6,0.437065669308322,"negative regulation of tyrosine phosphorylation of Stat3 protein",0.873001034635158
"GO:0042713",2,6,0.437065669308322,"sperm ejaculation",0.873001034635158
"GO:0042737",2,6,0.437065669308322,"drug catabolic process",0.873001034635158
"GO:0042760",2,6,0.437065669308322,"very long-chain fatty acid catabolic process",0.873001034635158
"GO:0042791",2,6,0.437065669308322,"5S class rRNA transcription from RNA polymerase III type 1 promoter",0.873001034635158
"GO:0042796",2,6,0.437065669308322,"snRNA transcription from RNA polymerase III promoter",0.873001034635158
"GO:0042797",2,6,0.437065669308322,"tRNA transcription from RNA polymerase III promoter",0.873001034635158
"GO:0042985",2,6,0.437065669308322,"negative regulation of amyloid precursor protein biosynthetic process",0.873001034635158
"GO:0043619",2,6,0.437065669308322,"regulation of transcription from RNA polymerase II promoter in response to oxidative stress",0.873001034635158
"GO:0045084",2,6,0.437065669308322,"positive regulation of interleukin-12 biosynthetic process",0.873001034635158
"GO:0045627",2,6,0.437065669308322,"positive regulation of T-helper 1 cell differentiation",0.873001034635158
"GO:0045743",2,6,0.437065669308322,"positive regulation of fibroblast growth factor receptor signaling pathway",0.873001034635158
"GO:0045830",2,6,0.437065669308322,"positive regulation of isotype switching",0.873001034635158
"GO:0045908",2,6,0.437065669308322,"negative regulation of vasodilation",0.873001034635158
"GO:0045910",2,6,0.437065669308322,"negative regulation of DNA recombination",0.873001034635158
"GO:0046881",2,6,0.437065669308322,"positive regulation of follicle-stimulating hormone secretion",0.873001034635158
"GO:0048539",2,6,0.437065669308322,"bone marrow development",0.873001034635158
"GO:0048639",2,6,0.437065669308322,"positive regulation of developmental growth",0.873001034635158
"GO:0048671",2,6,0.437065669308322,"negative regulation of collateral sprouting",0.873001034635158
"GO:0048681",2,6,0.437065669308322,"negative regulation of axon regeneration",0.873001034635158
"GO:0048806",2,6,0.437065669308322,"genitalia development",0.873001034635158
"GO:0050428",2,6,0.437065669308322,"3'-phosphoadenosine 5'-phosphosulfate biosynthetic process",0.873001034635158
"GO:0050671",2,6,0.437065669308322,"positive regulation of lymphocyte proliferation",0.873001034635158
"GO:0050688",2,6,0.437065669308322,"regulation of defense response to virus",0.873001034635158
"GO:0050810",2,6,0.437065669308322,"regulation of steroid biosynthetic process",0.873001034635158
"GO:0050957",2,6,0.437065669308322,"equilibrioception",0.873001034635158
"GO:0051045",2,6,0.437065669308322,"negative regulation of membrane protein ectodomain proteolysis",0.873001034635158
"GO:0051353",2,6,0.437065669308322,"positive regulation of oxidoreductase activity",0.873001034635158
"GO:0051438",2,6,0.437065669308322,"regulation of ubiquitin-protein transferase activity",0.873001034635158
"GO:0051444",2,6,0.437065669308322,"negative regulation of ubiquitin-protein transferase activity",0.873001034635158
"GO:0051461",2,6,0.437065669308322,"positive regulation of corticotropin secretion",0.873001034635158
"GO:0051534",2,6,0.437065669308322,"negative regulation of NFAT protein import into nucleus",0.873001034635158
"GO:0051573",2,6,0.437065669308322,"negative regulation of histone H3-K9 methylation",0.873001034635158
"GO:0051798",2,6,0.437065669308322,"positive regulation of hair follicle development",0.873001034635158
"GO:0052548",2,6,0.437065669308322,"regulation of endopeptidase activity",0.873001034635158
"GO:0060236",2,6,0.437065669308322,"regulation of mitotic spindle organization",0.873001034635158
"GO:0060316",2,6,0.437065669308322,"positive regulation of ryanodine-sensitive calcium-release channel activity",0.873001034635158
"GO:0060372",2,6,0.437065669308322,"regulation of atrial cardiac muscle cell membrane repolarization",0.873001034635158
"GO:0060501",2,6,0.437065669308322,"positive regulation of epithelial cell proliferation involved in lung morphogenesis",0.873001034635158
"GO:0060536",2,6,0.437065669308322,"cartilage morphogenesis",0.873001034635158
"GO:0060561",2,6,0.437065669308322,"apoptotic process involved in morphogenesis",0.873001034635158
"GO:0060740",2,6,0.437065669308322,"prostate gland epithelium morphogenesis",0.873001034635158
"GO:0060762",2,6,0.437065669308322,"regulation of branching involved in mammary gland duct morphogenesis",0.873001034635158
"GO:0060789",2,6,0.437065669308322,"hair follicle placode formation",0.873001034635158
"GO:0070269",2,6,0.437065669308322,"pyroptosis",0.873001034635158
"GO:0070314",2,6,0.437065669308322,"G1 to G0 transition",0.873001034635158
"GO:0070585",2,6,0.437065669308322,"protein localization to mitochondrion",0.873001034635158
"GO:0071280",2,6,0.437065669308322,"cellular response to copper ion",0.873001034635158
"GO:0071286",2,6,0.437065669308322,"cellular response to magnesium ion",0.873001034635158
"GO:0071287",2,6,0.437065669308322,"cellular response to manganese ion",0.873001034635158
"GO:0071468",2,6,0.437065669308322,"cellular response to acidic pH",0.873001034635158
"GO:0071476",2,6,0.437065669308322,"cellular hypotonic response",0.873001034635158
"GO:0071774",2,6,0.437065669308322,"response to fibroblast growth factor",0.873001034635158
"GO:0071907",2,6,0.437065669308322,"determination of digestive tract left/right asymmetry",0.873001034635158
"GO:0072307",2,6,0.437065669308322,"regulation of metanephric nephron tubule epithelial cell differentiation",0.873001034635158
"GO:0072673",2,6,0.437065669308322,"lamellipodium morphogenesis",0.873001034635158
"GO:0090330",2,6,0.437065669308322,"regulation of platelet aggregation",0.873001034635158
"GO:0090336",2,6,0.437065669308322,"positive regulation of brown fat cell differentiation",0.873001034635158
"GO:0090382",2,6,0.437065669308322,"phagosome maturation",0.873001034635158
"GO:0097104",2,6,0.437065669308322,"postsynaptic membrane assembly",0.873001034635158
"GO:0097527",2,6,0.437065669308322,"necroptotic signaling pathway",0.873001034635158
"GO:1900744",2,6,0.437065669308322,"regulation of p38MAPK cascade",0.873001034635158
"GO:1901799",2,6,0.437065669308322,"negative regulation of proteasomal protein catabolic process",0.873001034635158
"GO:1901844",2,6,0.437065669308322,"regulation of cell communication by electrical coupling involved in cardiac conduction",0.873001034635158
"GO:1902018",2,6,0.437065669308322,"negative regulation of cilium assembly",0.873001034635158
"GO:1902065",2,6,0.437065669308322,"response to L-glutamate",0.873001034635158
"GO:1902533",2,6,0.437065669308322,"positive regulation of intracellular signal transduction",0.873001034635158
"GO:1904693",2,6,0.437065669308322,"midbrain morphogenesis",0.873001034635158
"GO:1990000",2,6,0.437065669308322,"amyloid fibril formation",0.873001034635158
"GO:2000171",2,6,0.437065669308322,"negative regulation of dendrite development",0.873001034635158
"GO:2000553",2,6,0.437065669308322,"positive regulation of T-helper 2 cell cytokine production",0.873001034635158
"GO:2000667",2,6,0.437065669308322,"positive regulation of interleukin-13 secretion",0.873001034635158
"NOT GO:0043984",2,6,0.437065669308322,"NOT histone H4-K16 acetylation",0.873001034635158
"GO:0000185",3,10,0.4377214977856,"activation of MAPKKK activity",0.873001034635158
"GO:0001759",3,10,0.4377214977856,"organ induction",0.873001034635158
"GO:0001774",3,10,0.4377214977856,"microglial cell activation",0.873001034635158
"GO:0001886",3,10,0.4377214977856,"endothelial cell morphogenesis",0.873001034635158
"GO:0003184",3,10,0.4377214977856,"pulmonary valve morphogenesis",0.873001034635158
"GO:0006081",3,10,0.4377214977856,"cellular aldehyde metabolic process",0.873001034635158
"GO:0006228",3,10,0.4377214977856,"UTP biosynthetic process",0.873001034635158
"GO:0006359",3,10,0.4377214977856,"regulation of transcription from RNA polymerase III promoter",0.873001034635158
"GO:0006476",3,10,0.4377214977856,"protein deacetylation",0.873001034635158
"GO:0006884",3,10,0.4377214977856,"cell volume homeostasis",0.873001034635158
"GO:0007035",3,10,0.4377214977856,"vacuolar acidification",0.873001034635158
"GO:0008343",3,10,0.4377214977856,"adult feeding behavior",0.873001034635158
"GO:0010700",3,10,0.4377214977856,"negative regulation of norepinephrine secretion",0.873001034635158
"GO:0010761",3,10,0.4377214977856,"fibroblast migration",0.873001034635158
"GO:0010762",3,10,0.4377214977856,"regulation of fibroblast migration",0.873001034635158
"GO:0015718",3,10,0.4377214977856,"monocarboxylic acid transport",0.873001034635158
"GO:0030261",3,10,0.4377214977856,"chromosome condensation",0.873001034635158
"GO:0031953",3,10,0.4377214977856,"negative regulation of protein autophosphorylation",0.873001034635158
"GO:0032525",3,10,0.4377214977856,"somite rostral/caudal axis specification",0.873001034635158
"GO:0034145",3,10,0.4377214977856,"positive regulation of toll-like receptor 4 signaling pathway",0.873001034635158
"GO:0035999",3,10,0.4377214977856,"tetrahydrofolate interconversion",0.873001034635158
"GO:0042116",3,10,0.4377214977856,"macrophage activation",0.873001034635158
"GO:0042416",3,10,0.4377214977856,"dopamine biosynthetic process",0.873001034635158
"GO:0043114",3,10,0.4377214977856,"regulation of vascular permeability",0.873001034635158
"GO:0045010",3,10,0.4377214977856,"actin nucleation",0.873001034635158
"GO:0045724",3,10,0.4377214977856,"positive regulation of cilium assembly",0.873001034635158
"GO:0045792",3,10,0.4377214977856,"negative regulation of cell size",0.873001034635158
"GO:0046902",3,10,0.4377214977856,"regulation of mitochondrial membrane permeability",0.873001034635158
"GO:0048016",3,10,0.4377214977856,"inositol phosphate-mediated signaling",0.873001034635158
"GO:0048708",3,10,0.4377214977856,"astrocyte differentiation",0.873001034635158
"GO:0050678",3,10,0.4377214977856,"regulation of epithelial cell proliferation",0.873001034635158
"GO:0050848",3,10,0.4377214977856,"regulation of calcium-mediated signaling",0.873001034635158
"GO:0051560",3,10,0.4377214977856,"mitochondrial calcium ion homeostasis",0.873001034635158
"GO:0060315",3,10,0.4377214977856,"negative regulation of ryanodine-sensitive calcium-release channel activity",0.873001034635158
"GO:0060394",3,10,0.4377214977856,"negative regulation of pathway-restricted SMAD protein phosphorylation",0.873001034635158
"GO:0060416",3,10,0.4377214977856,"response to growth hormone",0.873001034635158
"GO:0060484",3,10,0.4377214977856,"lung-associated mesenchyme development",0.873001034635158
"GO:0061158",3,10,0.4377214977856,"3'-UTR-mediated mRNA destabilization",0.873001034635158
"GO:0090009",3,10,0.4377214977856,"primitive streak formation",0.873001034635158
"GO:0097502",3,10,0.4377214977856,"mannosylation",0.873001034635158
"GO:1903364",3,10,0.4377214977856,"positive regulation of cellular protein catabolic process",0.873001034635158
"GO:2000036",3,10,0.4377214977856,"regulation of stem cell population maintenance",0.873001034635158
"GO:0030317",12,47,0.444564639346953,"sperm motility",0.886237129553172
"GO:0006606",11,43,0.448884627304468,"protein import into nucleus",0.894433372566729
"GO:0050852",36,147,0.452127547421694,"T cell receptor signaling pathway",0.900476870213124
"GO:0071356",23,93,0.454881296457779,"cellular response to tumor necrosis factor",0.905540956753537
"GO:0032088",16,64,0.457490148651799,"negative regulation of NF-kappaB transcription factor activity",0.909820523177661
"GO:0098869",16,64,0.457490148651799,"cellular oxidant detoxification",0.909820523177661
"GO:0007040",9,35,0.458515610981376,"lysosome organization",0.909820523177661
"GO:0010977",9,35,0.458515610981376,"negative regulation of neuron projection development",0.909820523177661
"GO:0051262",9,35,0.458515610981376,"protein tetramerization",0.909820523177661
"GO:0070911",9,35,0.458515610981376,"global genome nucleotide-excision repair",0.909820523177661
"GO:1901998",9,35,0.458515610981376,"toxin transport",0.909820523177661
"GO:0002755",8,31,0.463981319367949,"MyD88-dependent toll-like receptor signaling pathway",0.918965771047322
"GO:0031663",8,31,0.463981319367949,"lipopolysaccharide-mediated signaling pathway",0.918965771047322
"GO:0050873",8,31,0.463981319367949,"brown fat cell differentiation",0.918965771047322
"GO:0071773",8,31,0.463981319367949,"cellular response to BMP stimulus",0.918965771047322
"GO:0051092",32,131,0.465108744528026,"positive regulation of NF-kappaB transcription factor activity",0.920773656679849
"GO:0045732",14,56,0.466609159980946,"positive regulation of protein catabolic process",0.923317941106207
"GO:0035329",7,27,0.47003849622312,"hippo signaling",0.928818585351075
"GO:0045596",7,27,0.47003849622312,"negative regulation of cell differentiation",0.928818585351075
"GO:0045739",7,27,0.47003849622312,"positive regulation of DNA repair",0.928818585351075
"GO:0001570",13,52,0.471609233503804,"vasculogenesis",0.931493375566905
"GO:0006293",6,23,0.476879803945509,"nucleotide-excision repair, preincision complex stabilization",0.937586782276
"GO:0006295",6,23,0.476879803945509,"nucleotide-excision repair, DNA incision, 3'-to lesion",0.937586782276
"GO:0006400",6,23,0.476879803945509,"tRNA modification",0.937586782276
"GO:0007126",6,23,0.476879803945509,"meiotic nuclear division",0.937586782276
"GO:0034341",6,23,0.476879803945509,"response to interferon-gamma",0.937586782276
"GO:0048477",6,23,0.476879803945509,"oogenesis",0.937586782276
"GO:0050718",6,23,0.476879803945509,"positive regulation of interleukin-1 beta secretion",0.937586782276
"GO:0050772",6,23,0.476879803945509,"positive regulation of axonogenesis",0.937586782276
"GO:0070371",6,23,0.476879803945509,"ERK1 and ERK2 cascade",0.937586782276
"GO:0071353",6,23,0.476879803945509,"cellular response to interleukin-4",0.937586782276
"GO:0006814",17,69,0.480286588789763,"sodium ion transport",0.938882383905279
"GO:0032760",11,44,0.482758654822226,"positive regulation of tumor necrosis factor production",0.938882383905279
"GO:0001659",5,19,0.484814522980616,"temperature homeostasis",0.938882383905279
"GO:0006970",5,19,0.484814522980616,"response to osmotic stress",0.938882383905279
"GO:0008643",5,19,0.484814522980616,"carbohydrate transport",0.938882383905279
"GO:0009083",5,19,0.484814522980616,"branched-chain amino acid catabolic process",0.938882383905279
"GO:0016601",5,19,0.484814522980616,"Rac protein signal transduction",0.938882383905279
"GO:0030162",5,19,0.484814522980616,"regulation of proteolysis",0.938882383905279
"GO:0045216",5,19,0.484814522980616,"cell-cell junction organization",0.938882383905279
"GO:0060324",5,19,0.484814522980616,"face development",0.938882383905279
"GO:0097421",5,19,0.484814522980616,"liver regeneration",0.938882383905279
"GO:0010629",31,128,0.488396801508499,"negative regulation of gene expression",0.938882383905279
"GO:0097191",10,40,0.489065099097671,"extrinsic apoptotic signaling pathway",0.938882383905279
"GO:0000470",4,15,0.494385656747087,"maturation of LSU-rRNA",0.938882383905279
"GO:0003203",4,15,0.494385656747087,"endocardial cushion morphogenesis",0.938882383905279
"GO:0006637",4,15,0.494385656747087,"acyl-CoA metabolic process",0.938882383905279
"GO:0006646",4,15,0.494385656747087,"phosphatidylethanolamine biosynthetic process",0.938882383905279
"GO:0006672",4,15,0.494385656747087,"ceramide metabolic process",0.938882383905279
"GO:0006820",4,15,0.494385656747087,"anion transport",0.938882383905279
"GO:0006893",4,15,0.494385656747087,"Golgi to plasma membrane transport",0.938882383905279
"GO:0010880",4,15,0.494385656747087,"regulation of release of sequestered calcium ion into cytosol by sarcoplasmic reticulum",0.938882383905279
"GO:0021854",4,15,0.494385656747087,"hypothalamus development",0.938882383905279
"GO:0030214",4,15,0.494385656747087,"hyaluronan catabolic process",0.938882383905279
"GO:0030502",4,15,0.494385656747087,"negative regulation of bone mineralization",0.938882383905279
"GO:0031103",4,15,0.494385656747087,"axon regeneration",0.938882383905279
"GO:0031396",4,15,0.494385656747087,"regulation of protein ubiquitination",0.938882383905279
"GO:0033365",4,15,0.494385656747087,"protein localization to organelle",0.938882383905279
"GO:0035024",4,15,0.494385656747087,"negative regulation of Rho protein signal transduction",0.938882383905279
"GO:0035269",4,15,0.494385656747087,"protein O-linked mannosylation",0.938882383905279
"GO:0045947",4,15,0.494385656747087,"negative regulation of translational initiation",0.938882383905279
"GO:0048485",4,15,0.494385656747087,"sympathetic nervous system development",0.938882383905279
"GO:0050708",4,15,0.494385656747087,"regulation of protein secretion",0.938882383905279
"GO:0060749",4,15,0.494385656747087,"mammary gland alveolus development",0.938882383905279
"GO:0090280",4,15,0.494385656747087,"positive regulation of calcium ion import",0.938882383905279
"GO:0090303",4,15,0.494385656747087,"positive regulation of wound healing",0.938882383905279
"GO:2000045",4,15,0.494385656747087,"regulation of G1/S transition of mitotic cell cycle",0.938882383905279
"GO:0031667",9,36,0.496009534250563,"response to nutrient levels",0.938882383905279
"GO:0001523",14,57,0.49633026091641,"retinoid metabolic process",0.938882383905279
"GO:0042593",23,95,0.500976981972497,"glucose homeostasis",0.938882383905279
"GO:0043627",18,74,0.501589398744664,"response to estrogen",0.938882383905279
"GO:0007173",13,53,0.502428365795785,"epidermal growth factor receptor signaling pathway",0.938882383905279
"GO:0010212",13,53,0.502428365795785,"response to ionizing radiation",0.938882383905279
"GO:0034097",13,53,0.502428365795785,"response to cytokine",0.938882383905279
"GO:0007346",8,32,0.503759785876137,"regulation of mitotic cell cycle",0.938882383905279
"GO:0045909",8,32,0.503759785876137,"positive regulation of vasodilation",0.938882383905279
"GO:0051290",8,32,0.503759785876137,"protein heterotetramerization",0.938882383905279
"GO:0007049",46,192,0.50573410024127,"cell cycle",0.938882383905279
"GO:0001946",3,11,0.506679338336234,"lymphangiogenesis",0.938882383905279
"GO:0003016",3,11,0.506679338336234,"respiratory system process",0.938882383905279
"GO:0003198",3,11,0.506679338336234,"epithelial to mesenchymal transition involved in endocardial cushion formation",0.938882383905279
"GO:0003351",3,11,0.506679338336234,"epithelial cilium movement",0.938882383905279
"GO:0006044",3,11,0.506679338336234,"N-acetylglucosamine metabolic process",0.938882383905279
"GO:0006559",3,11,0.506679338336234,"L-phenylalanine catabolic process",0.938882383905279
"GO:0006600",3,11,0.506679338336234,"creatine metabolic process",0.938882383905279
"GO:0006613",3,11,0.506679338336234,"cotranslational protein targeting to membrane",0.938882383905279
"GO:0006707",3,11,0.506679338336234,"cholesterol catabolic process",0.938882383905279
"GO:0006937",3,11,0.506679338336234,"regulation of muscle contraction",0.938882383905279
"GO:0007178",3,11,0.506679338336234,"transmembrane receptor protein serine/threonine kinase signaling pathway",0.938882383905279
"GO:0008406",3,11,0.506679338336234,"gonad development",0.938882383905279
"GO:0009303",3,11,0.506679338336234,"rRNA transcription",0.938882383905279
"GO:0010759",3,11,0.506679338336234,"positive regulation of macrophage chemotaxis",0.938882383905279
"GO:0010763",3,11,0.506679338336234,"positive regulation of fibroblast migration",0.938882383905279
"GO:0015807",3,11,0.506679338336234,"L-amino acid transport",0.938882383905279
"GO:0019674",3,11,0.506679338336234,"NAD metabolic process",0.938882383905279
"GO:0021756",3,11,0.506679338336234,"striatum development",0.938882383905279
"GO:0030166",3,11,0.506679338336234,"proteoglycan biosynthetic process",0.938882383905279
"GO:0031076",3,11,0.506679338336234,"embryonic camera-type eye development",0.938882383905279
"GO:0031284",3,11,0.506679338336234,"positive regulation of guanylate cyclase activity",0.938882383905279
"GO:0032230",3,11,0.506679338336234,"positive regulation of synaptic transmission, GABAergic",0.938882383905279
"GO:0032700",3,11,0.506679338336234,"negative regulation of interleukin-17 production",0.938882383905279
"GO:0032727",3,11,0.506679338336234,"positive regulation of interferon-alpha production",0.938882383905279
"GO:0032780",3,11,0.506679338336234,"negative regulation of ATPase activity",0.938882383905279
"GO:0035195",3,11,0.506679338336234,"gene silencing by miRNA",0.938882383905279
"GO:0036065",3,11,0.506679338336234,"fucosylation",0.938882383905279
"GO:0042592",3,11,0.506679338336234,"homeostatic process",0.938882383905279
"GO:0042761",3,11,0.506679338336234,"very long-chain fatty acid biosynthetic process",0.938882383905279
"GO:0042770",3,11,0.506679338336234,"signal transduction in response to DNA damage",0.938882383905279
"GO:0045019",3,11,0.506679338336234,"negative regulation of nitric oxide biosynthetic process",0.938882383905279
"GO:0045793",3,11,0.506679338336234,"positive regulation of cell size",0.938882383905279
"GO:0046622",3,11,0.506679338336234,"positive regulation of organ growth",0.938882383905279
"GO:0046839",3,11,0.506679338336234,"phospholipid dephosphorylation",0.938882383905279
"GO:0048484",3,11,0.506679338336234,"enteric nervous system development",0.938882383905279
"GO:0048703",3,11,0.506679338336234,"embryonic viscerocranium morphogenesis",0.938882383905279
"GO:0050707",3,11,0.506679338336234,"regulation of cytokine secretion",0.938882383905279
"GO:0050709",3,11,0.506679338336234,"negative regulation of protein secretion",0.938882383905279
"GO:0051258",3,11,0.506679338336234,"protein polymerization",0.938882383905279
"GO:0060306",3,11,0.506679338336234,"regulation of membrane repolarization",0.938882383905279
"GO:0070166",3,11,0.506679338336234,"enamel mineralization",0.938882383905279
"GO:0070935",3,11,0.506679338336234,"3'-UTR-mediated mRNA stabilization",0.938882383905279
"GO:0070997",3,11,0.506679338336234,"neuron death",0.938882383905279
"GO:0071243",3,11,0.506679338336234,"cellular response to arsenic-containing substance",0.938882383905279
"GO:0071985",3,11,0.506679338336234,"multivesicular body sorting pathway",0.938882383905279
"GO:0072657",3,11,0.506679338336234,"protein localization to membrane",0.938882383905279
"GO:0090331",3,11,0.506679338336234,"negative regulation of platelet aggregation",0.938882383905279
"GO:2000406",3,11,0.506679338336234,"positive regulation of T cell migration",0.938882383905279
"GO:0007586",12,49,0.509010390775876,"digestion",0.938882383905279
"GO:0001656",7,28,0.512559108119115,"metanephros development",0.938882383905279
"GO:0042104",7,28,0.512559108119115,"positive regulation of activated T cell proliferation",0.938882383905279
"GO:0042572",7,28,0.512559108119115,"retinol metabolic process",0.938882383905279
"GO:0090383",7,28,0.512559108119115,"phagosome acidification",0.938882383905279
"GO:0030148",11,45,0.516169444875058,"sphingolipid biosynthetic process",0.938882383905279
"GO:0030838",11,45,0.516169444875058,"positive regulation of actin filament polymerization",0.938882383905279
"GO:0036297",11,45,0.516169444875058,"interstrand cross-link repair",0.938882383905279
"GO:0000717",6,24,0.522778004482023,"nucleotide-excision repair, DNA duplex unwinding",0.938882383905279
"GO:0006910",6,24,0.522778004482023,"phagocytosis, recognition",0.938882383905279
"GO:0007274",6,24,0.522778004482023,"neuromuscular synaptic transmission",0.938882383905279
"GO:0090398",6,24,0.522778004482023,"cellular senescence",0.938882383905279
"GO:0000045",10,41,0.524027832948794,"autophagosome assembly",0.938882383905279
"GO:0001561",2,7,0.524373471290687,"fatty acid alpha-oxidation",0.938882383905279
"GO:0001783",2,7,0.524373471290687,"B cell apoptotic process",0.938882383905279
"GO:0001878",2,7,0.524373471290687,"response to yeast",0.938882383905279
"GO:0001945",2,7,0.524373471290687,"lymph vessel development",0.938882383905279
"GO:0001961",2,7,0.524373471290687,"positive regulation of cytokine-mediated signaling pathway",0.938882383905279
"GO:0002481",2,7,0.524373471290687,"antigen processing and presentation of exogenous protein antigen via MHC class Ib, TAP-dependent",0.938882383905279
"GO:0003209",2,7,0.524373471290687,"cardiac atrium morphogenesis",0.938882383905279
"GO:0003360",2,7,0.524373471290687,"brainstem development",0.938882383905279
"GO:0006004",2,7,0.524373471290687,"fucose metabolic process",0.938882383905279
"GO:0006012",2,7,0.524373471290687,"galactose metabolic process",0.938882383905279
"GO:0006101",2,7,0.524373471290687,"citrate metabolic process",0.938882383905279
"GO:0006584",2,7,0.524373471290687,"catecholamine metabolic process",0.938882383905279
"GO:0006734",2,7,0.524373471290687,"NADH metabolic process",0.938882383905279
"GO:0006739",2,7,0.524373471290687,"NADP metabolic process",0.938882383905279
"GO:0006769",2,7,0.524373471290687,"nicotinamide metabolic process",0.938882383905279
"GO:0006776",2,7,0.524373471290687,"vitamin A metabolic process",0.938882383905279
"GO:0007216",2,7,0.524373471290687,"G-protein coupled glutamate receptor signaling pathway",0.938882383905279
"GO:0007221",2,7,0.524373471290687,"positive regulation of transcription of Notch receptor target",0.938882383905279
"GO:0007256",2,7,0.524373471290687,"activation of JNKK activity",0.938882383905279
"GO:0007435",2,7,0.524373471290687,"salivary gland morphogenesis",0.938882383905279
"GO:0007635",2,7,0.524373471290687,"chemosensory behavior",0.938882383905279
"GO:0008090",2,7,0.524373471290687,"retrograde axonal transport",0.938882383905279
"GO:0009584",2,7,0.524373471290687,"detection of visible light",0.938882383905279
"GO:0009744",2,7,0.524373471290687,"response to sucrose",0.938882383905279
"GO:0009750",2,7,0.524373471290687,"response to fructose",0.938882383905279
"GO:0010642",2,7,0.524373471290687,"negative regulation of platelet-derived growth factor receptor signaling pathway",0.938882383905279
"GO:0010669",2,7,0.524373471290687,"epithelial structure maintenance",0.938882383905279
"GO:0010837",2,7,0.524373471290687,"regulation of keratinocyte proliferation",0.938882383905279
"GO:0010886",2,7,0.524373471290687,"positive regulation of cholesterol storage",0.938882383905279
"GO:0014807",2,7,0.524373471290687,"regulation of somitogenesis",0.938882383905279
"GO:0014883",2,7,0.524373471290687,"transition between fast and slow fiber",0.938882383905279
"GO:0014902",2,7,0.524373471290687,"myotube differentiation",0.938882383905279
"GO:0019367",2,7,0.524373471290687,"fatty acid elongation, saturated fatty acid",0.938882383905279
"GO:0019919",2,7,0.524373471290687,"peptidyl-arginine methylation, to asymmetrical-dimethyl arginine",0.938882383905279
"GO:0021796",2,7,0.524373471290687,"cerebral cortex regionalization",0.938882383905279
"GO:0030828",2,7,0.524373471290687,"positive regulation of cGMP biosynthetic process",0.938882383905279
"GO:0030854",2,7,0.524373471290687,"positive regulation of granulocyte differentiation",0.938882383905279
"GO:0030903",2,7,0.524373471290687,"notochord development",0.938882383905279
"GO:0030916",2,7,0.524373471290687,"otic vesicle formation",0.938882383905279
"GO:0030948",2,7,0.524373471290687,"negative regulation of vascular endothelial growth factor receptor signaling pathway",0.938882383905279
"GO:0031017",2,7,0.524373471290687,"exocrine pancreas development",0.938882383905279
"GO:0032287",2,7,0.524373471290687,"peripheral nervous system myelin maintenance",0.938882383905279
"GO:0032825",2,7,0.524373471290687,"positive regulation of natural killer cell differentiation",0.938882383905279
"GO:0032872",2,7,0.524373471290687,"regulation of stress-activated MAPK cascade",0.938882383905279
"GO:0032963",2,7,0.524373471290687,"collagen metabolic process",0.938882383905279
"GO:0033622",2,7,0.524373471290687,"integrin activation",0.938882383905279
"GO:0033629",2,7,0.524373471290687,"negative regulation of cell adhesion mediated by integrin",0.938882383905279
"GO:0034141",2,7,0.524373471290687,"positive regulation of toll-like receptor 3 signaling pathway",0.938882383905279
"GO:0034144",2,7,0.524373471290687,"negative regulation of toll-like receptor 4 signaling pathway",0.938882383905279
"GO:0034393",2,7,0.524373471290687,"positive regulation of smooth muscle cell apoptotic process",0.938882383905279
"GO:0034625",2,7,0.524373471290687,"fatty acid elongation, monounsaturated fatty acid",0.938882383905279
"GO:0034626",2,7,0.524373471290687,"fatty acid elongation, polyunsaturated fatty acid",0.938882383905279
"GO:0034720",2,7,0.524373471290687,"histone H3-K4 demethylation",0.938882383905279
"GO:0035360",2,7,0.524373471290687,"positive regulation of peroxisome proliferator activated receptor signaling pathway",0.938882383905279
"GO:0035814",2,7,0.524373471290687,"negative regulation of renal sodium excretion",0.938882383905279
"GO:0036010",2,7,0.524373471290687,"protein localization to endosome",0.938882383905279
"GO:0038003",2,7,0.524373471290687,"opioid receptor signaling pathway",0.938882383905279
"GO:0042129",2,7,0.524373471290687,"regulation of T cell proliferation",0.938882383905279
"GO:0042135",2,7,0.524373471290687,"neurotransmitter catabolic process",0.938882383905279
"GO:0042167",2,7,0.524373471290687,"heme catabolic process",0.938882383905279
"GO:0043031",2,7,0.524373471290687,"negative regulation of macrophage activation",0.938882383905279
"GO:0043305",2,7,0.524373471290687,"negative regulation of mast cell degranulation",0.938882383905279
"GO:0043353",2,7,0.524373471290687,"enucleate erythrocyte differentiation",0.938882383905279
"GO:0043983",2,7,0.524373471290687,"histone H4-K12 acetylation",0.938882383905279
"GO:0045047",2,7,0.524373471290687,"protein targeting to ER",0.938882383905279
"GO:0045359",2,7,0.524373471290687,"positive regulation of interferon-beta biosynthetic process",0.938882383905279
"GO:0045576",2,7,0.524373471290687,"mast cell activation",0.938882383905279
"GO:0045581",2,7,0.524373471290687,"negative regulation of T cell differentiation",0.938882383905279
"GO:0045606",2,7,0.524373471290687,"positive regulation of epidermal cell differentiation",0.938882383905279
"GO:0045630",2,7,0.524373471290687,"positive regulation of T-helper 2 cell differentiation",0.938882383905279
"GO:0045656",2,7,0.524373471290687,"negative regulation of monocyte differentiation",0.938882383905279
"GO:0045906",2,7,0.524373471290687,"negative regulation of vasoconstriction",0.938882383905279
"GO:0046324",2,7,0.524373471290687,"regulation of glucose import",0.938882383905279
"GO:0048644",2,7,0.524373471290687,"muscle organ morphogenesis",0.938882383905279
"GO:0048842",2,7,0.524373471290687,"positive regulation of axon extension involved in axon guidance",0.938882383905279
"GO:0050663",2,7,0.524373471290687,"cytokine secretion",0.938882383905279
"GO:0050861",2,7,0.524373471290687,"positive regulation of B cell receptor signaling pathway",0.938882383905279
"GO:0051782",2,7,0.524373471290687,"negative regulation of cell division",0.938882383905279
"GO:0051896",2,7,0.524373471290687,"regulation of protein kinase B signaling",0.938882383905279
"GO:0051971",2,7,0.524373471290687,"positive regulation of transmission of nerve impulse",0.938882383905279
"GO:0060011",2,7,0.524373471290687,"Sertoli cell proliferation",0.938882383905279
"GO:0060012",2,7,0.524373471290687,"synaptic transmission, glycinergic",0.938882383905279
"GO:0060179",2,7,0.524373471290687,"male mating behavior",0.938882383905279
"GO:0060406",2,7,0.524373471290687,"positive regulation of penile erection",0.938882383905279
"GO:0060440",2,7,0.524373471290687,"trachea formation",0.938882383905279
"GO:0060732",2,7,0.524373471290687,"positive regulation of inositol phosphate biosynthetic process",0.938882383905279
"GO:0060831",2,7,0.524373471290687,"smoothened signaling pathway involved in dorsal/ventral neural tube patterning",0.938882383905279
"GO:0061002",2,7,0.524373471290687,"negative regulation of dendritic spine morphogenesis",0.938882383905279
"GO:0070050",2,7,0.524373471290687,"neuron cellular homeostasis",0.938882383905279
"GO:0070233",2,7,0.524373471290687,"negative regulation of T cell apoptotic process",0.938882383905279
"GO:0070474",2,7,0.524373471290687,"positive regulation of uterine smooth muscle contraction",0.938882383905279
"GO:0071372",2,7,0.524373471290687,"cellular response to follicle-stimulating hormone stimulus",0.938882383905279
"GO:0090091",2,7,0.524373471290687,"positive regulation of extracellular matrix disassembly",0.938882383905279
"GO:0090557",2,7,0.524373471290687,"establishment of endothelial intestinal barrier",0.938882383905279
"GO:0097264",2,7,0.524373471290687,"self proteolysis",0.938882383905279
"GO:1900029",2,7,0.524373471290687,"positive regulation of ruffle assembly",0.938882383905279
"GO:1901386",2,7,0.524373471290687,"negative regulation of voltage-gated calcium channel activity",0.938882383905279
"GO:1902074",2,7,0.524373471290687,"response to salt",0.938882383905279
"GO:1902259",2,7,0.524373471290687,"regulation of delayed rectifier potassium channel activity",0.938882383905279
"GO:1902474",2,7,0.524373471290687,"positive regulation of protein localization to synapse",0.938882383905279
"GO:1903076",2,7,0.524373471290687,"regulation of protein localization to plasma membrane",0.938882383905279
"GO:1903827",2,7,0.524373471290687,"regulation of cellular protein localization",0.938882383905279
"GO:1990403",2,7,0.524373471290687,"embryonic brain development",0.938882383905279
"GO:2000096",2,7,0.524373471290687,"positive regulation of Wnt signaling pathway, planar cell polarity pathway",0.938882383905279
"GO:2000766",2,7,0.524373471290687,"negative regulation of cytoplasmic translation",0.938882383905279
"NOT GO:0006468",2,7,0.524373471290687,"NOT protein phosphorylation",0.938882383905279
"GO:0032922",14,58,0.525675023236133,"circadian regulation of gene expression",0.940820129196083
"GO:0048469",9,37,0.532750344530631,"cell maturation",0.952762785115512
"GO:0051591",13,54,0.532792056291868,"response to cAMP",0.952762785115512
"GO:0009791",17,71,0.53352807159101,"post-embryonic development",0.953681427968931
"GO:0006336",5,20,0.535018412581501,"DNA replication-independent nucleosome assembly",0.953960511211404
"GO:0019835",5,20,0.535018412581501,"cytolysis",0.953960511211404
"GO:0034314",5,20,0.535018412581501,"Arp2/3 complex-mediated actin nucleation",0.953960511211404
"GO:0045663",5,20,0.535018412581501,"positive regulation of myoblast differentiation",0.953960511211404
"GO:0045736",5,20,0.535018412581501,"negative regulation of cyclin-dependent protein serine/threonine kinase activity",0.953960511211404
"GO:0046907",5,20,0.535018412581501,"intracellular transport",0.953960511211404
"GO:0000462",8,33,0.542565885444319,"maturation of SSU-rRNA from tricistronic rRNA transcript (SSU-rRNA, 5.8S rRNA, LSU-rRNA)",0.965011462917134
"GO:0007585",8,33,0.542565885444319,"respiratory gaseous exchange",0.965011462917134
"GO:0015991",8,33,0.542565885444319,"ATP hydrolysis coupled proton transport",0.965011462917134
"GO:0032781",8,33,0.542565885444319,"positive regulation of ATPase activity",0.965011462917134
"GO:0033574",8,33,0.542565885444319,"response to testosterone",0.965011462917134
"GO:0048662",8,33,0.542565885444319,"negative regulation of smooth muscle cell proliferation",0.965011462917134
"GO:0007229",19,80,0.546377056529219,"integrin-mediated signaling pathway",0.969606705787812
"GO:0043433",15,63,0.547033808350612,"negative regulation of sequence-specific DNA binding transcription factor activity",0.969606705787812
"GO:0060337",15,63,0.547033808350612,"type I interferon signaling pathway",0.969606705787812
"GO:0045785",11,46,0.548908834277593,"positive regulation of cell adhesion",0.969606705787812
"GO:0006349",4,16,0.550347862142966,"regulation of gene expression by genetic imprinting",0.969606705787812
"GO:0006882",4,16,0.550347862142966,"cellular zinc ion homeostasis",0.969606705787812
"GO:0008053",4,16,0.550347862142966,"mitochondrial fusion",0.969606705787812
"GO:0010243",4,16,0.550347862142966,"response to organonitrogen compound",0.969606705787812
"GO:0010259",4,16,0.550347862142966,"multicellular organism aging",0.969606705787812
"GO:0010592",4,16,0.550347862142966,"positive regulation of lamellipodium assembly",0.969606705787812
"GO:0010633",4,16,0.550347862142966,"negative regulation of epithelial cell migration",0.969606705787812
"GO:0016486",4,16,0.550347862142966,"peptide hormone processing",0.969606705787812
"GO:0016571",4,16,0.550347862142966,"histone methylation",0.969606705787812
"GO:0030518",4,16,0.550347862142966,"intracellular steroid hormone receptor signaling pathway",0.969606705787812
"GO:0031274",4,16,0.550347862142966,"positive regulation of pseudopodium assembly",0.969606705787812
"GO:0035162",4,16,0.550347862142966,"embryonic hemopoiesis",0.969606705787812
"GO:0035855",4,16,0.550347862142966,"megakaryocyte development",0.969606705787812
"GO:0036150",4,16,0.550347862142966,"phosphatidylserine acyl-chain remodeling",0.969606705787812
"GO:0045638",4,16,0.550347862142966,"negative regulation of myeloid cell differentiation",0.969606705787812
"GO:0050909",4,16,0.550347862142966,"sensory perception of taste",0.969606705787812
"GO:0051893",4,16,0.550347862142966,"regulation of focal adhesion assembly",0.969606705787812
"GO:0055093",4,16,0.550347862142966,"response to hyperoxia",0.969606705787812
"GO:0060216",4,16,0.550347862142966,"definitive hemopoiesis",0.969606705787812
"GO:0006805",18,76,0.552781434946467,"xenobiotic metabolic process",0.97289980109024
"GO:1900034",18,76,0.552781434946467,"regulation of cellular response to heat",0.97289980109024
"GO:0007131",7,29,0.55380450215906,"reciprocal meiotic recombination",0.97289980109024
"GO:0007281",7,29,0.55380450215906,"germ cell development",0.97289980109024
"GO:0030217",7,29,0.55380450215906,"T cell differentiation",0.97289980109024
"GO:0030449",7,29,0.55380450215906,"regulation of complement activation",0.97289980109024
"GO:0032007",7,29,0.55380450215906,"negative regulation of TOR signaling",0.97289980109024
"GO:0030512",14,59,0.55450091865381,"negative regulation of transforming growth factor beta receptor signaling pathway",0.97332608061573
"GO:0042632",14,59,0.55450091865381,"cholesterol homeostasis",0.97332608061573
"GO:0043154",16,68,0.56676244226002,"negative regulation of cysteine-type endopeptidase activity involved in apoptotic process",0.986397507404406
"GO:0007202",6,25,0.566964800785478,"activation of phospholipase C activity",0.986397507404406
"GO:0036151",6,25,0.566964800785478,"phosphatidylcholine acyl-chain remodeling",0.986397507404406
"GO:0042755",6,25,0.566964800785478,"eating behavior",0.986397507404406
"GO:0048147",6,25,0.566964800785478,"negative regulation of fibroblast proliferation",0.986397507404406
"GO:0048589",6,25,0.566964800785478,"developmental growth",0.986397507404406
"GO:0061098",6,25,0.566964800785478,"positive regulation of protein tyrosine kinase activity",0.986397507404406
"GO:0000244",3,12,0.570914920952247,"spliceosomal tri-snRNP complex assembly",0.986397507404406
"GO:0002756",3,12,0.570914920952247,"MyD88-independent toll-like receptor signaling pathway",0.986397507404406
"GO:0006301",3,12,0.570914920952247,"postreplication repair",0.986397507404406
"GO:0006554",3,12,0.570914920952247,"lysine catabolic process",0.986397507404406
"GO:0007252",3,12,0.570914920952247,"I-kappaB phosphorylation",0.986397507404406
"GO:0007625",3,12,0.570914920952247,"grooming behavior",0.986397507404406
"GO:0008610",3,12,0.570914920952247,"lipid biosynthetic process",0.986397507404406
"GO:0009142",3,12,0.570914920952247,"nucleoside triphosphate biosynthetic process",0.986397507404406
"GO:0010667",3,12,0.570914920952247,"negative regulation of cardiac muscle cell apoptotic process",0.986397507404406
"GO:0019430",3,12,0.570914920952247,"removal of superoxide radicals",0.986397507404406
"GO:0019725",3,12,0.570914920952247,"cellular homeostasis",0.986397507404406
"GO:0030195",3,12,0.570914920952247,"negative regulation of blood coagulation",0.986397507404406
"GO:0032786",3,12,0.570914920952247,"positive regulation of DNA-templated transcription, elongation",0.986397507404406
"GO:0034122",3,12,0.570914920952247,"negative regulation of toll-like receptor signaling pathway",0.986397507404406
"GO:0035909",3,12,0.570914920952247,"aorta morphogenesis",0.986397507404406
"GO:0042445",3,12,0.570914920952247,"hormone metabolic process",0.986397507404406
"GO:0042692",3,12,0.570914920952247,"muscle cell differentiation",0.986397507404406
"GO:0043097",3,12,0.570914920952247,"pyrimidine nucleoside salvage",0.986397507404406
"GO:0045078",3,12,0.570914920952247,"positive regulation of interferon-gamma biosynthetic process",0.986397507404406
"GO:0045667",3,12,0.570914920952247,"regulation of osteoblast differentiation",0.986397507404406
"GO:0045730",3,12,0.570914920952247,"respiratory burst",0.986397507404406
"GO:0050710",3,12,0.570914920952247,"negative regulation of cytokine secretion",0.986397507404406
"GO:0050910",3,12,0.570914920952247,"detection of mechanical stimulus involved in sensory perception of sound",0.986397507404406
"GO:0050965",3,12,0.570914920952247,"detection of temperature stimulus involved in sensory perception of pain",0.986397507404406
"GO:0055003",3,12,0.570914920952247,"cardiac myofibril assembly",0.986397507404406
"GO:0060444",3,12,0.570914920952247,"branching involved in mammary gland duct morphogenesis",0.986397507404406
"GO:0060644",3,12,0.570914920952247,"mammary gland epithelial cell differentiation",0.986397507404406
"GO:0060766",3,12,0.570914920952247,"negative regulation of androgen receptor signaling pathway",0.986397507404406
"GO:0060996",3,12,0.570914920952247,"dendritic spine development",0.986397507404406
"GO:0071872",3,12,0.570914920952247,"cellular response to epinephrine stimulus",0.986397507404406
"GO:0090162",3,12,0.570914920952247,"establishment of epithelial cell polarity",0.986397507404406
"GO:0097202",3,12,0.570914920952247,"activation of cysteine-type endopeptidase activity",0.986397507404406
"GO:0075733",12,51,0.571266634110907,"intracellular transport of virus",0.986607834273667
"GO:0006363",8,34,0.580104288007983,"termination of RNA polymerase I transcription",0.987675894516904
"GO:0051321",8,34,0.580104288007983,"meiotic cell cycle",0.987675894516904
"GO:0006369",14,60,0.582678708291718,"termination of RNA polymerase II transcription",0.987675894516904
"GO:0034599",14,60,0.582678708291718,"cellular response to oxidative stress",0.987675894516904
"GO:0001502",5,21,0.58284674163853,"cartilage condensation",0.987675894516904
"GO:0001836",5,21,0.58284674163853,"release of cytochrome c from mitochondria",0.987675894516904
"GO:0006812",5,21,0.58284674163853,"cation transport",0.987675894516904
"GO:0007369",5,21,0.58284674163853,"gastrulation",0.987675894516904
"GO:0010842",5,21,0.58284674163853,"retina layer formation",0.987675894516904
"GO:0032402",5,21,0.58284674163853,"melanosome transport",0.987675894516904
"GO:0043153",5,21,0.58284674163853,"entrainment of circadian clock by photoperiod",0.987675894516904
"GO:0043687",5,21,0.58284674163853,"post-translational protein modification",0.987675894516904
"GO:0046835",5,21,0.58284674163853,"carbohydrate phosphorylation",0.987675894516904
"GO:0071398",5,21,0.58284674163853,"cellular response to fatty acid",0.987675894516904
"GO:2000378",5,21,0.58284674163853,"negative regulation of reactive oxygen species metabolic process",0.987675894516904
"GO:0030154",94,401,0.584632885842801,"cell differentiation",0.987675894516904
"GO:0006879",10,43,0.59128536121993,"cellular iron ion homeostasis",0.987675894516904
"GO:0016049",13,56,0.591549253694272,"cell growth",0.987675894516904
"GO:0009749",16,69,0.592868360288777,"response to glucose",0.987675894516904
"GO:0045776",7,30,0.593439554455528,"negative regulation of blood pressure",0.987675894516904
"GO:0016485",15,65,0.601185324343474,"protein processing",0.987675894516904
"GO:0000059",2,8,0.602005386118358,"protein import into nucleus, docking",0.987675894516904
"GO:0000076",2,8,0.602005386118358,"DNA replication checkpoint",0.987675894516904
"GO:0000288",2,8,0.602005386118358,"nuclear-transcribed mRNA catabolic process, deadenylation-dependent decay",0.987675894516904
"GO:0001510",2,8,0.602005386118358,"RNA methylation",0.987675894516904
"GO:0001763",2,8,0.602005386118358,"morphogenesis of a branching structure",0.987675894516904
"GO:0001881",2,8,0.602005386118358,"receptor recycling",0.987675894516904
"GO:0002024",2,8,0.602005386118358,"diet induced thermogenesis",0.987675894516904
"GO:0002221",2,8,0.602005386118358,"pattern recognition receptor signaling pathway",0.987675894516904
"GO:0002674",2,8,0.602005386118358,"negative regulation of acute inflammatory response",0.987675894516904
"GO:0002903",2,8,0.602005386118358,"negative regulation of B cell apoptotic process",0.987675894516904
"GO:0003139",2,8,0.602005386118358,"secondary heart field specification",0.987675894516904
"GO:0006111",2,8,0.602005386118358,"regulation of gluconeogenesis",0.987675894516904
"GO:0006164",2,8,0.602005386118358,"purine nucleotide biosynthetic process",0.987675894516904
"GO:0006527",2,8,0.602005386118358,"arginine catabolic process",0.987675894516904
"GO:0006782",2,8,0.602005386118358,"protoporphyrinogen IX biosynthetic process",0.987675894516904
"GO:0006829",2,8,0.602005386118358,"zinc II ion transport",0.987675894516904
"GO:0007097",2,8,0.602005386118358,"nuclear migration",0.987675894516904
"GO:0007167",2,8,0.602005386118358,"enzyme linked receptor protein signaling pathway",0.987675894516904
"GO:0007617",2,8,0.602005386118358,"mating behavior",0.987675894516904
"GO:0008228",2,8,0.602005386118358,"opsonization",0.987675894516904
"GO:0009414",2,8,0.602005386118358,"response to water deprivation",0.987675894516904
"GO:0009649",2,8,0.602005386118358,"entrainment of circadian clock",0.987675894516904
"GO:0009972",2,8,0.602005386118358,"cytidine deamination",0.987675894516904
"GO:0010579",2,8,0.602005386118358,"positive regulation of adenylate cyclase activity involved in G-protein coupled receptor signaling pathway",0.987675894516904
"GO:0014049",2,8,0.602005386118358,"positive regulation of glutamate secretion",0.987675894516904
"GO:0014894",2,8,0.602005386118358,"response to denervation involved in regulation of muscle adaptation",0.987675894516904
"GO:0016070",2,8,0.602005386118358,"RNA metabolic process",0.987675894516904
"GO:0019934",2,8,0.602005386118358,"cGMP-mediated signaling",0.987675894516904
"GO:0021707",2,8,0.602005386118358,"cerebellar granule cell differentiation",0.987675894516904
"GO:0021952",2,8,0.602005386118358,"central nervous system projection neuron axonogenesis",0.987675894516904
"GO:0030210",2,8,0.602005386118358,"heparin biosynthetic process",0.987675894516904
"GO:0031497",2,8,0.602005386118358,"chromatin assembly",0.987675894516904
"GO:0031665",2,8,0.602005386118358,"negative regulation of lipopolysaccharide-mediated signaling pathway",0.987675894516904
"GO:0031666",2,8,0.602005386118358,"positive regulation of lipopolysaccharide-mediated signaling pathway",0.987675894516904
"GO:0032330",2,8,0.602005386118358,"regulation of chondrocyte differentiation",0.987675894516904
"GO:0032691",2,8,0.602005386118358,"negative regulation of interleukin-1 beta production",0.987675894516904
"GO:0032731",2,8,0.602005386118358,"positive regulation of interleukin-1 beta production",0.987675894516904
"GO:0032926",2,8,0.602005386118358,"negative regulation of activin receptor signaling pathway",0.987675894516904
"GO:0033146",2,8,0.602005386118358,"regulation of intracellular estrogen receptor signaling pathway",0.987675894516904
"GO:0033151",2,8,0.602005386118358,"V(D)J recombination",0.987675894516904
"GO:0034551",2,8,0.602005386118358,"mitochondrial respiratory chain complex III assembly",0.987675894516904
"GO:0035196",2,8,0.602005386118358,"production of miRNAs involved in gene silencing by miRNA",0.987675894516904
"GO:0035265",2,8,0.602005386118358,"organ growth",0.987675894516904
"GO:0035912",2,8,0.602005386118358,"dorsal aorta morphogenesis",0.987675894516904
"GO:0038180",2,8,0.602005386118358,"nerve growth factor signaling pathway",0.987675894516904
"GO:0040016",2,8,0.602005386118358,"embryonic cleavage",0.987675894516904
"GO:0042035",2,8,0.602005386118358,"regulation of cytokine biosynthetic process",0.987675894516904
"GO:0042058",2,8,0.602005386118358,"regulation of epidermal growth factor receptor signaling pathway",0.987675894516904
"GO:0042117",2,8,0.602005386118358,"monocyte activation",0.987675894516904
"GO:0042119",2,8,0.602005386118358,"neutrophil activation",0.987675894516904
"GO:0043304",2,8,0.602005386118358,"regulation of mast cell degranulation",0.987675894516904
"GO:0043457",2,8,0.602005386118358,"regulation of cellular respiration",0.987675894516904
"GO:0043496",2,8,0.602005386118358,"regulation of protein homodimerization activity",0.987675894516904
"GO:0043551",2,8,0.602005386118358,"regulation of phosphatidylinositol 3-kinase activity",0.987675894516904
"GO:0043586",2,8,0.602005386118358,"tongue development",0.987675894516904
"GO:0043653",2,8,0.602005386118358,"mitochondrial fragmentation involved in apoptotic process",0.987675894516904
"GO:0044387",2,8,0.602005386118358,"negative regulation of protein kinase activity by regulation of protein phosphorylation",0.987675894516904
"GO:0044597",2,8,0.602005386118358,"daunorubicin metabolic process",0.987675894516904
"GO:0044598",2,8,0.602005386118358,"doxorubicin metabolic process",0.987675894516904
"GO:0045292",2,8,0.602005386118358,"mRNA cis splicing, via spliceosome",0.987675894516904
"GO:0045410",2,8,0.602005386118358,"positive regulation of interleukin-6 biosynthetic process",0.987675894516904
"GO:0045580",2,8,0.602005386118358,"regulation of T cell differentiation",0.987675894516904
"GO:0045762",2,8,0.602005386118358,"positive regulation of adenylate cyclase activity",0.987675894516904
"GO:0045943",2,8,0.602005386118358,"positive regulation of transcription from RNA polymerase I promoter",0.987675894516904
"GO:0046475",2,8,0.602005386118358,"glycerophospholipid catabolic process",0.987675894516904
"GO:0046500",2,8,0.602005386118358,"S-adenosylmethionine metabolic process",0.987675894516904
"GO:0046512",2,8,0.602005386118358,"sphingosine biosynthetic process",0.987675894516904
"GO:0046784",2,8,0.602005386118358,"viral mRNA export from host cell nucleus",0.987675894516904
"GO:0048096",2,8,0.602005386118358,"chromatin-mediated maintenance of transcription",0.987675894516904
"GO:0048102",2,8,0.602005386118358,"autophagic cell death",0.987675894516904
"GO:0048771",2,8,0.602005386118358,"tissue remodeling",0.987675894516904
"GO:0051103",2,8,0.602005386118358,"DNA ligation involved in DNA repair",0.987675894516904
"GO:0051247",2,8,0.602005386118358,"positive regulation of protein metabolic process",0.987675894516904
"GO:0051694",2,8,0.602005386118358,"pointed-end actin filament capping",0.987675894516904
"GO:0060155",2,8,0.602005386118358,"platelet dense granule organization",0.987675894516904
"GO:0061049",2,8,0.602005386118358,"cell growth involved in cardiac muscle cell development",0.987675894516904
"GO:0070102",2,8,0.602005386118358,"interleukin-6-mediated signaling pathway",0.987675894516904
"GO:0071493",2,8,0.602005386118358,"cellular response to UV-B",0.987675894516904
"GO:0071550",2,8,0.602005386118358,"death-inducing signaling complex assembly",0.987675894516904
"GO:0071786",2,8,0.602005386118358,"endoplasmic reticulum tubular network organization",0.987675894516904
"GO:0072075",2,8,0.602005386118358,"metanephric mesenchyme development",0.987675894516904
"GO:0075713",2,8,0.602005386118358,"establishment of integrated proviral latency",0.987675894516904
"GO:0085020",2,8,0.602005386118358,"protein K6-linked ubiquitination",0.987675894516904
"GO:0090037",2,8,0.602005386118358,"positive regulation of protein kinase C signaling",0.987675894516904
"GO:0090501",2,8,0.602005386118358,"RNA phosphodiester bond hydrolysis",0.987675894516904
"GO:0097011",2,8,0.602005386118358,"cellular response to granulocyte macrophage colony-stimulating factor stimulus",0.987675894516904
"GO:0097237",2,8,0.602005386118358,"cellular response to toxic substance",0.987675894516904
"GO:0097345",2,8,0.602005386118358,"mitochondrial outer membrane permeabilization",0.987675894516904
"GO:1900119",2,8,0.602005386118358,"positive regulation of execution phase of apoptosis",0.987675894516904
"GO:1900121",2,8,0.602005386118358,"negative regulation of receptor binding",0.987675894516904
"GO:1902260",2,8,0.602005386118358,"negative regulation of delayed rectifier potassium channel activity",0.987675894516904
"GO:1902894",2,8,0.602005386118358,"negative regulation of pri-miRNA transcription from RNA polymerase II promoter",0.987675894516904
"GO:1904262",2,8,0.602005386118358,"negative regulation of TORC1 signaling",0.987675894516904
"GO:1990001",2,8,0.602005386118358,"inhibition of cysteine-type endopeptidase activity involved in apoptotic process",0.987675894516904
"GO:2000008",2,8,0.602005386118358,"regulation of protein localization to cell surface",0.987675894516904
"GO:2000480",2,8,0.602005386118358,"negative regulation of cAMP-dependent protein kinase activity",0.987675894516904
"GO:2000637",2,8,0.602005386118358,"positive regulation of gene silencing by miRNA",0.987675894516904
"GO:2001020",2,8,0.602005386118358,"regulation of response to DNA damage stimulus",0.987675894516904
"NOT GO:0048791",2,8,0.602005386118358,"NOT calcium ion-regulated exocytosis of neurotransmitter",0.987675894516904
"GO:0000920",4,17,0.602841648125834,"cell separation after cytokinesis",0.987675894516904
"GO:0001709",4,17,0.602841648125834,"cell fate determination",0.987675894516904
"GO:0007276",4,17,0.602841648125834,"gamete generation",0.987675894516904
"GO:0030705",4,17,0.602841648125834,"cytoskeleton-dependent intracellular transport",0.987675894516904
"GO:0031641",4,17,0.602841648125834,"regulation of myelination",0.987675894516904
"GO:0032331",4,17,0.602841648125834,"negative regulation of chondrocyte differentiation",0.987675894516904
"GO:0036148",4,17,0.602841648125834,"phosphatidylglycerol acyl-chain remodeling",0.987675894516904
"GO:0042310",4,17,0.602841648125834,"vasoconstriction",0.987675894516904
"GO:0045954",4,17,0.602841648125834,"positive regulation of natural killer cell mediated cytotoxicity",0.987675894516904
"GO:0046847",4,17,0.602841648125834,"filopodium assembly",0.987675894516904
"GO:0048663",4,17,0.602841648125834,"neuron fate commitment",0.987675894516904
"GO:0000302",9,39,0.602965773365914,"response to reactive oxygen species",0.987675894516904
"GO:0010508",9,39,0.602965773365914,"positive regulation of autophagy",0.987675894516904
"GO:0038083",9,39,0.602965773365914,"peptidyl-tyrosine autophosphorylation",0.987675894516904
"GO:0055088",9,39,0.602965773365914,"lipid homeostasis",0.987675894516904
"GO:0006612",6,26,0.609060231729909,"protein targeting to membrane",0.996137397682543
"GO:0032735",6,26,0.609060231729909,"positive regulation of interleukin-12 production",0.996137397682543
"GO:0040014",6,26,0.609060231729909,"regulation of multicellular organism growth",0.996137397682543
"GO:0048678",6,26,0.609060231729909,"response to axon injury",0.996137397682543
"GO:0060021",17,74,0.609966520009702,"palate development",0.997066937196869
"GO:0016525",14,61,0.610093405627455,"negative regulation of angiogenesis",0.997066937196869
"GO:0060548",11,48,0.61165778548595,"negative regulation of cell death",0.999242916882987
"GO:0042059",8,35,0.616130562682533,"negative regulation of epidermal growth factor receptor signaling pathway",1
"GO:0045907",8,35,0.616130562682533,"positive regulation of vasoconstriction",1
"GO:0070534",8,35,0.616130562682533,"protein K63-linked ubiquitination",1
"GO:0097192",8,35,0.616130562682533,"extrinsic apoptotic signaling pathway in absence of ligand",1
"GO:0050776",28,122,0.62068527172187,"regulation of immune response",1
"GO:0006687",10,44,0.623204980748667,"glycosphingolipid metabolic process",1
"GO:0032729",10,44,0.623204980748667,"positive regulation of interferon-gamma production",1
"GO:0032870",10,44,0.623204980748667,"cellular response to hormone stimulus",1
"GO:0048015",24,105,0.625950012682606,"phosphatidylinositol-mediated signaling",1
"GO:0006607",5,22,0.627875153503689,"NLS-bearing protein import into nucleus",1
"GO:0019433",5,22,0.627875153503689,"triglyceride catabolic process",1
"GO:0002687",3,13,0.629662770523766,"positive regulation of leukocyte migration",1
"GO:0006825",3,13,0.629662770523766,"copper ion transport",1
"GO:0006839",3,13,0.629662770523766,"mitochondrial transport",1
"GO:0006941",3,13,0.629662770523766,"striated muscle contraction",1
"GO:0009165",3,13,0.629662770523766,"nucleotide biosynthetic process",1
"GO:0010804",3,13,0.629662770523766,"negative regulation of tumor necrosis factor-mediated signaling pathway",1
"GO:0016024",3,13,0.629662770523766,"CDP-diacylglycerol biosynthetic process",1
"GO:0016180",3,13,0.629662770523766,"snRNA processing",1
"GO:0022011",3,13,0.629662770523766,"myelination in peripheral nervous system",1
"GO:0030239",3,13,0.629662770523766,"myofibril assembly",1
"GO:0031116",3,13,0.629662770523766,"positive regulation of microtubule polymerization",1
"GO:0031167",3,13,0.629662770523766,"rRNA methylation",1
"GO:0040029",3,13,0.629662770523766,"regulation of gene expression, epigenetic",1
"GO:0043518",3,13,0.629662770523766,"negative regulation of DNA damage response, signal transduction by p53 class mediator",1
"GO:0043568",3,13,0.629662770523766,"positive regulation of insulin-like growth factor receptor signaling pathway",1
"GO:0043616",3,13,0.629662770523766,"keratinocyte proliferation",1
"GO:0045618",3,13,0.629662770523766,"positive regulation of keratinocyte differentiation",1
"GO:0048714",3,13,0.629662770523766,"positive regulation of oligodendrocyte differentiation",1
"GO:0051593",3,13,0.629662770523766,"response to folic acid",1
"GO:0060038",3,13,0.629662770523766,"cardiac muscle cell proliferation",1
"GO:0060065",3,13,0.629662770523766,"uterus development",1
"GO:0060134",3,13,0.629662770523766,"prepulse inhibition",1
"GO:0071850",3,13,0.629662770523766,"mitotic cell cycle arrest",1
"GO:1902166",3,13,0.629662770523766,"negative regulation of intrinsic apoptotic signaling pathway in response to DNA damage by p53 class mediator",1
"GO:2000147",3,13,0.629662770523766,"positive regulation of cell motility",1
"GO:2000178",3,13,0.629662770523766,"negative regulation of neural precursor cell proliferation",1
"GO:0042542",12,53,0.630062046048331,"response to hydrogen peroxide",1
"GO:0038095",29,127,0.633524569582402,"Fc-epsilon receptor signaling pathway",1
"GO:0009952",17,75,0.634175262776706,"anterior/posterior pattern specification",1
"GO:0014068",14,62,0.636644865053563,"positive regulation of phosphatidylinositol 3-kinase signaling",1
"GO:0030308",28,123,0.639519247015296,"negative regulation of cell growth",1
"GO:0006979",22,97,0.639732533683227,"response to oxidative stress",1
"GO:0071346",11,49,0.641371505007287,"cellular response to interferon-gamma",1
"GO:0030336",21,93,0.647083023629064,"negative regulation of cell migration",1
"GO:0000077",6,27,0.648780727588992,"DNA damage checkpoint",1
"GO:0003281",6,27,0.648780727588992,"ventricular septum development",1
"GO:0017144",6,27,0.648780727588992,"drug metabolic process",1
"GO:0030163",6,27,0.648780727588992,"protein catabolic process",1
"GO:0060612",6,27,0.648780727588992,"adipose tissue development",1
"GO:0002548",8,36,0.650450856520239,"monocyte chemotaxis",1
"GO:0006361",8,36,0.650450856520239,"transcription initiation from RNA polymerase I promoter",1
"GO:0009409",8,36,0.650450856520239,"response to cold",1
"GO:0001782",4,18,0.6514217528233,"B cell homeostasis",1
"GO:0002026",4,18,0.6514217528233,"regulation of the force of heart contraction",1
"GO:0002690",4,18,0.6514217528233,"positive regulation of leukocyte chemotaxis",1
"GO:0006491",4,18,0.6514217528233,"N-glycan processing",1
"GO:0007250",4,18,0.6514217528233,"activation of NF-kappaB-inducing kinase activity",1
"GO:0007597",4,18,0.6514217528233,"blood coagulation, intrinsic pathway",1
"GO:0015012",4,18,0.6514217528233,"heparan sulfate proteoglycan biosynthetic process",1
"GO:0018345",4,18,0.6514217528233,"protein palmitoylation",1
"GO:0030225",4,18,0.6514217528233,"macrophage differentiation",1
"GO:0030520",4,18,0.6514217528233,"intracellular estrogen receptor signaling pathway",1
"GO:0034614",4,18,0.6514217528233,"cellular response to reactive oxygen species",1
"GO:0051000",4,18,0.6514217528233,"positive regulation of nitric-oxide synthase activity",1
"GO:0071285",4,18,0.6514217528233,"cellular response to lithium ion",1
"GO:0097352",4,18,0.6514217528233,"autophagosome maturation",1
"GO:1900182",4,18,0.6514217528233,"positive regulation of protein localization to nucleus",1
"GO:0009267",10,45,0.653786562426841,"cellular response to starvation",1
"GO:0035914",10,45,0.653786562426841,"skeletal muscle cell differentiation",1
"GO:0009615",24,107,0.665688993718418,"response to virus",1
"GO:0006911",7,32,0.666880964090454,"phagocytosis, engulfment",1
"GO:0007259",7,32,0.666880964090454,"JAK-STAT cascade",1
"GO:0051402",7,32,0.666880964090454,"neuron apoptotic process",1
"GO:0061024",7,32,0.666880964090454,"membrane organization",1
"GO:1903146",7,32,0.666880964090454,"regulation of mitophagy",1
"GO:0006749",9,41,0.667535364274541,"glutathione metabolic process",1
"GO:0001771",2,9,0.669623946806583,"immunological synapse formation",1
"GO:0002544",2,9,0.669623946806583,"chronic inflammatory response",1
"GO:0002675",2,9,0.669623946806583,"positive regulation of acute inflammatory response",1
"GO:0003014",2,9,0.669623946806583,"renal system process",1
"GO:0003208",2,9,0.669623946806583,"cardiac ventricle morphogenesis",1
"GO:0003254",2,9,0.669623946806583,"regulation of membrane depolarization",1
"GO:0006000",2,9,0.669623946806583,"fructose metabolic process",1
"GO:0006105",2,9,0.669623946806583,"succinate metabolic process",1
"GO:0006108",2,9,0.669623946806583,"malate metabolic process",1
"GO:0006183",2,9,0.669623946806583,"GTP biosynthetic process",1
"GO:0006265",2,9,0.669623946806583,"DNA topological change",1
"GO:0006497",2,9,0.669623946806583,"protein lipidation",1
"GO:0006544",2,9,0.669623946806583,"glycine metabolic process",1
"GO:0006703",2,9,0.669623946806583,"estrogen biosynthetic process",1
"GO:0006853",2,9,0.669623946806583,"carnitine shuttle",1
"GO:0007096",2,9,0.669623946806583,"regulation of exit from mitosis",1
"GO:0007175",2,9,0.669623946806583,"negative regulation of epidermal growth factor-activated receptor activity",1
"GO:0007184",2,9,0.669623946806583,"SMAD protein import into nucleus",1
"GO:0009308",2,9,0.669623946806583,"amine metabolic process",1
"GO:0009410",2,9,0.669623946806583,"response to xenobiotic stimulus",1
"GO:0009629",2,9,0.669623946806583,"response to gravity",1
"GO:0009635",2,9,0.669623946806583,"response to herbicide",1
"GO:0010225",2,9,0.669623946806583,"response to UV-C",1
"GO:0010838",2,9,0.669623946806583,"positive regulation of keratinocyte proliferation",1
"GO:0010863",2,9,0.669623946806583,"positive regulation of phospholipase C activity",1
"GO:0010907",2,9,0.669623946806583,"positive regulation of glucose metabolic process",1
"GO:0015074",2,9,0.669623946806583,"DNA integration",1
"GO:0016574",2,9,0.669623946806583,"histone ubiquitination",1
"GO:0018095",2,9,0.669623946806583,"protein polyglutamylation",1
"GO:0021799",2,9,0.669623946806583,"cerebral cortex radially oriented cell migration",1
"GO:0021904",2,9,0.669623946806583,"dorsal/ventral neural tube patterning",1
"GO:0030071",2,9,0.669623946806583,"regulation of mitotic metaphase/anaphase transition",1
"GO:0030299",2,9,0.669623946806583,"intestinal cholesterol absorption",1
"GO:0030643",2,9,0.669623946806583,"cellular phosphate ion homeostasis",1
"GO:0030728",2,9,0.669623946806583,"ovulation",1
"GO:0032000",2,9,0.669623946806583,"positive regulation of fatty acid beta-oxidation",1
"GO:0032098",2,9,0.669623946806583,"regulation of appetite",1
"GO:0032836",2,9,0.669623946806583,"glomerular basement membrane development",1
"GO:0032886",2,9,0.669623946806583,"regulation of microtubule-based process",1
"GO:0033598",2,9,0.669623946806583,"mammary gland epithelial cell proliferation",1
"GO:0034383",2,9,0.669623946806583,"low-density lipoprotein particle clearance",1
"GO:0034405",2,9,0.669623946806583,"response to fluid shear stress",1
"GO:0035457",2,9,0.669623946806583,"cellular response to interferon-alpha",1
"GO:0035562",2,9,0.669623946806583,"negative regulation of chromatin binding",1
"GO:0040037",2,9,0.669623946806583,"negative regulation of fibroblast growth factor receptor signaling pathway",1
"GO:0042088",2,9,0.669623946806583,"T-helper 1 type immune response",1
"GO:0042355",2,9,0.669623946806583,"L-fucose catabolic process",1
"GO:0043116",2,9,0.669623946806583,"negative regulation of vascular permeability",1
"GO:0043462",2,9,0.669623946806583,"regulation of ATPase activity",1
"GO:0043534",2,9,0.669623946806583,"blood vessel endothelial cell migration",1
"GO:0045056",2,9,0.669623946806583,"transcytosis",1
"GO:0046548",2,9,0.669623946806583,"retinal rod cell development",1
"GO:0047497",2,9,0.669623946806583,"mitochondrion transport along microtubule",1
"GO:0048012",2,9,0.669623946806583,"hepatocyte growth factor receptor signaling pathway",1
"GO:0048024",2,9,0.669623946806583,"regulation of mRNA splicing, via spliceosome",1
"GO:0048643",2,9,0.669623946806583,"positive regulation of skeletal muscle tissue development",1
"GO:0050795",2,9,0.669623946806583,"regulation of behavior",1
"GO:0050880",2,9,0.669623946806583,"regulation of blood vessel size",1
"GO:0051561",2,9,0.669623946806583,"positive regulation of mitochondrial calcium ion concentration",1
"GO:0055091",2,9,0.669623946806583,"phospholipid homeostasis",1
"GO:0060252",2,9,0.669623946806583,"positive regulation of glial cell proliferation",1
"GO:0060322",2,9,0.669623946806583,"head development",1
"GO:0060396",2,9,0.669623946806583,"growth hormone receptor signaling pathway",1
"GO:0060627",2,9,0.669623946806583,"regulation of vesicle-mediated transport",1
"GO:0060670",2,9,0.669623946806583,"branching involved in labyrinthine layer morphogenesis",1
"GO:0061549",2,9,0.669623946806583,"sympathetic ganglion development",1
"GO:0070989",2,9,0.669623946806583,"oxidative demethylation",1
"GO:0071223",2,9,0.669623946806583,"cellular response to lipoteichoic acid",1
"GO:0071374",2,9,0.669623946806583,"cellular response to parathyroid hormone stimulus",1
"GO:0071435",2,9,0.669623946806583,"potassium ion export",1
"GO:0097105",2,9,0.669623946806583,"presynaptic membrane assembly",1
"GO:1901223",2,9,0.669623946806583,"negative regulation of NIK/NF-kappaB signaling",1
"GO:2000810",2,9,0.669623946806583,"regulation of bicellular tight junction assembly",1
"GO:0006306",5,23,0.66981830615874,"DNA methylation",1
"GO:0006335",5,23,0.66981830615874,"DNA replication-dependent nucleosome assembly",1
"GO:0030488",5,23,0.66981830615874,"tRNA methylation",1
"GO:0033137",5,23,0.66981830615874,"negative regulation of peptidyl-serine phosphorylation",1
"GO:0007200",11,50,0.669822711543651,"phospholipase C-activating G-protein coupled receptor signaling pathway",1
"GO:0006283",17,77,0.680266386893814,"transcription-coupled nucleotide-excision repair",1
"GO:0002063",3,14,0.682576810704094,"chondrocyte development",1
"GO:0006275",3,14,0.682576810704094,"regulation of DNA replication",1
"GO:0006536",3,14,0.682576810704094,"glutamate metabolic process",1
"GO:0006665",3,14,0.682576810704094,"sphingolipid metabolic process",1
"GO:0016578",3,14,0.682576810704094,"histone deubiquitination",1
"GO:0019079",3,14,0.682576810704094,"viral genome replication",1
"GO:0032270",3,14,0.682576810704094,"positive regulation of cellular protein metabolic process",1
"GO:0032469",3,14,0.682576810704094,"endoplasmic reticulum calcium ion homeostasis",1
"GO:0033700",3,14,0.682576810704094,"phospholipid efflux",1
"GO:0034968",3,14,0.682576810704094,"histone lysine methylation",1
"GO:0035810",3,14,0.682576810704094,"positive regulation of urine volume",1
"GO:0035815",3,14,0.682576810704094,"positive regulation of renal sodium excretion",1
"GO:0042311",3,14,0.682576810704094,"vasodilation",1
"GO:0043409",3,14,0.682576810704094,"negative regulation of MAPK cascade",1
"GO:0043968",3,14,0.682576810704094,"histone H2A acetylation",1
"GO:0045582",3,14,0.682576810704094,"positive regulation of T cell differentiation",1
"GO:0045721",3,14,0.682576810704094,"negative regulation of gluconeogenesis",1
"GO:0050482",3,14,0.682576810704094,"arachidonic acid secretion",1
"GO:0070528",3,14,0.682576810704094,"protein kinase C signaling",1
"GO:1904874",3,14,0.682576810704094,"positive regulation of telomerase RNA localization to Cajal body",1
"GO:2001241",3,14,0.682576810704094,"positive regulation of extrinsic apoptotic signaling pathway in absence of ligand",1
"GO:0098655",10,46,0.682919264690521,"cation transmembrane transport",1
"GO:0045494",8,37,0.682919963275993,"photoreceptor cell maintenance",1
"GO:0038096",19,86,0.684161304842419,"Fc-gamma receptor signaling pathway involved in phagocytosis",1
"GO:0032092",12,55,0.684451100062822,"positive regulation of protein binding",1
"GO:0043552",6,28,0.685932078353504,"positive regulation of phosphatidylinositol 3-kinase activity",1
"GO:0090004",6,28,0.685932078353504,"positive regulation of establishment of protein localization to plasma membrane",1
"GO:0071347",16,73,0.689708690364114,"cellular response to interleukin-1",1
"GO:0006103",4,19,0.695850347448016,"2-oxoglutarate metabolic process",1
"GO:0006801",4,19,0.695850347448016,"superoxide metabolic process",1
"GO:0007492",4,19,0.695850347448016,"endoderm development",1
"GO:0023019",4,19,0.695850347448016,"signal transduction involved in regulation of gene expression",1
"GO:0030101",4,19,0.695850347448016,"natural killer cell activation",1
"GO:0033189",4,19,0.695850347448016,"response to vitamin A",1
"GO:0055074",4,19,0.695850347448016,"calcium ion homeostasis",1
"GO:0070584",4,19,0.695850347448016,"mitochondrion morphogenesis",1
"GO:0006631",11,51,0.696925632837656,"fatty acid metabolic process",1
"GO:0030968",9,42,0.697362578675193,"endoplasmic reticulum unfolded protein response",1
"GO:0090305",15,69,0.699712406127733,"nucleic acid phosphodiester bond hydrolysis",1
"GO:0000422",7,33,0.700350408341337,"mitophagy",1
"GO:0032212",7,33,0.700350408341337,"positive regulation of telomere maintenance via telomerase",1
"GO:0006898",31,140,0.70741160343932,"receptor-mediated endocytosis",1
"GO:0006465",5,24,0.708513122389455,"signal peptide processing",1
"GO:0042113",5,24,0.708513122389455,"B cell activation",1
"GO:0042327",5,24,0.708513122389455,"positive regulation of phosphorylation",1
"GO:0060976",5,24,0.708513122389455,"coronary vasculature development",1
"GO:0048536",8,38,0.713438159606298,"spleen development",1
"GO:0048704",8,38,0.713438159606298,"embryonic skeletal system morphogenesis",1
"GO:0000060",6,29,0.720400141708576,"protein import into nucleus, translocation",1
"GO:0007017",6,29,0.720400141708576,"microtubule-based process",1
"GO:0021915",6,29,0.720400141708576,"neural tube development",1
"GO:0042130",6,29,0.720400141708576,"negative regulation of T cell proliferation",1
"GO:0043928",6,29,0.720400141708576,"exonucleolytic nuclear-transcribed mRNA catabolic process involved in deadenylation-dependent decay",1
"GO:0045214",6,29,0.720400141708576,"sarcomere organization",1
"GO:0045595",6,29,0.720400141708576,"regulation of cell differentiation",1
"GO:0048863",6,29,0.720400141708576,"stem cell differentiation",1
"GO:0051297",6,29,0.720400141708576,"centrosome organization",1
"GO:0097193",6,29,0.720400141708576,"intrinsic apoptotic signaling pathway",1
"GO:0008380",34,154,0.720420407931658,"RNA splicing",1
"GO:0030307",17,79,0.722921999792077,"positive regulation of cell growth",1
"GO:0000290",2,10,0.727599559061829,"deadenylation-dependent decapping of nuclear-transcribed mRNA",1
"GO:0001893",2,10,0.727599559061829,"maternal placenta development",1
"GO:0003279",2,10,0.727599559061829,"cardiac septum development",1
"GO:0006195",2,10,0.727599559061829,"purine nucleotide catabolic process",1
"GO:0006241",2,10,0.727599559061829,"CTP biosynthetic process",1
"GO:0006518",2,10,0.727599559061829,"peptide metabolic process",1
"GO:0006702",2,10,0.727599559061829,"androgen biosynthetic process",1
"GO:0006983",2,10,0.727599559061829,"ER overload response",1
"GO:0007342",2,10,0.727599559061829,"fusion of sperm to egg plasma membrane",1
"GO:0007567",2,10,0.727599559061829,"parturition",1
"GO:0009117",2,10,0.727599559061829,"nucleotide metabolic process",1
"GO:0016064",2,10,0.727599559061829,"immunoglobulin mediated immune response",1
"GO:0019852",2,10,0.727599559061829,"L-ascorbic acid metabolic process",1
"GO:0021675",2,10,0.727599559061829,"nerve development",1
"GO:0031065",2,10,0.727599559061829,"positive regulation of histone deacetylation",1
"GO:0032486",2,10,0.727599559061829,"Rap protein signal transduction",1
"GO:0033235",2,10,0.727599559061829,"positive regulation of protein sumoylation",1
"GO:0033673",2,10,0.727599559061829,"negative regulation of kinase activity",1
"GO:0033674",2,10,0.727599559061829,"positive regulation of kinase activity",1
"GO:0033762",2,10,0.727599559061829,"response to glucagon",1
"GO:0034116",2,10,0.727599559061829,"positive regulation of heterotypic cell-cell adhesion",1
"GO:0034333",2,10,0.727599559061829,"adherens junction assembly",1
"GO:0035136",2,10,0.727599559061829,"forelimb morphogenesis",1
"GO:0035646",2,10,0.727599559061829,"endosome to melanosome transport",1
"GO:0035721",2,10,0.727599559061829,"intraciliary retrograde transport",1
"GO:0040015",2,10,0.727599559061829,"negative regulation of multicellular organism growth",1
"GO:0042053",2,10,0.727599559061829,"regulation of dopamine metabolic process",1
"GO:0043129",2,10,0.727599559061829,"surfactant homeostasis",1
"GO:0043281",2,10,0.727599559061829,"regulation of cysteine-type endopeptidase activity involved in apoptotic process",1
"GO:0044070",2,10,0.727599559061829,"regulation of anion transport",1
"GO:0045945",2,10,0.727599559061829,"positive regulation of transcription from RNA polymerase III promoter",1
"GO:0046470",2,10,0.727599559061829,"phosphatidylcholine metabolic process",1
"GO:0046855",2,10,0.727599559061829,"inositol phosphate dephosphorylation",1
"GO:0048935",2,10,0.727599559061829,"peripheral nervous system neuron development",1
"GO:0051006",2,10,0.727599559061829,"positive regulation of lipoprotein lipase activity",1
"GO:0051024",2,10,0.727599559061829,"positive regulation of immunoglobulin secretion",1
"GO:0051146",2,10,0.727599559061829,"striated muscle cell differentiation",1
"GO:0051292",2,10,0.727599559061829,"nuclear pore complex assembly",1
"GO:0060124",2,10,0.727599559061829,"positive regulation of growth hormone secretion",1
"GO:0071044",2,10,0.727599559061829,"histone mRNA catabolic process",1
"GO:0090197",2,10,0.727599559061829,"positive regulation of chemokine secretion",1
"GO:1904668",2,10,0.727599559061829,"positive regulation of ubiquitin protein ligase activity",1
"GO:2001214",2,10,0.727599559061829,"positive regulation of vasculogenesis",1
"GO:0001824",3,15,0.729624599193346,"blastocyst development",1
"GO:0006112",3,15,0.729624599193346,"energy reserve metabolic process",1
"GO:0008209",3,15,0.729624599193346,"androgen metabolic process",1
"GO:0008585",3,15,0.729624599193346,"female gonad development",1
"GO:0010744",3,15,0.729624599193346,"positive regulation of macrophage derived foam cell differentiation",1
"GO:0016254",3,15,0.729624599193346,"preassembly of GPI anchor in ER membrane",1
"GO:0032006",3,15,0.729624599193346,"regulation of TOR signaling",1
"GO:0032418",3,15,0.729624599193346,"lysosome localization",1
"GO:0034375",3,15,0.729624599193346,"high-density lipoprotein particle remodeling",1
"GO:0036149",3,15,0.729624599193346,"phosphatidylinositol acyl-chain remodeling",1
"GO:0043162",3,15,0.729624599193346,"ubiquitin-dependent protein catabolic process via the multivesicular body sorting pathway",1
"GO:0043537",3,15,0.729624599193346,"negative regulation of blood vessel endothelial cell migration",1
"GO:0045926",3,15,0.729624599193346,"negative regulation of growth",1
"GO:0048255",3,15,0.729624599193346,"mRNA stabilization",1
"GO:0048593",3,15,0.729624599193346,"camera-type eye morphogenesis",1
"GO:0051044",3,15,0.729624599193346,"positive regulation of membrane protein ectodomain proteolysis",1
"GO:1903830",3,15,0.729624599193346,"magnesium ion transmembrane transport",1
"GO:0006362",7,34,0.731525328427762,"transcription elongation from RNA polymerase I promoter",1
"GO:0006397",34,155,0.735050589952664,"mRNA processing",1
"GO:0006783",4,20,0.736058331164645,"heme biosynthetic process",1
"GO:0030318",4,20,0.736058331164645,"melanocyte differentiation",1
"GO:0042326",4,20,0.736058331164645,"negative regulation of phosphorylation",1
"GO:0043011",4,20,0.736058331164645,"myeloid dendritic cell differentiation",1
"GO:0043523",4,20,0.736058331164645,"regulation of neuron apoptotic process",1
"GO:0045672",4,20,0.736058331164645,"positive regulation of osteoclast differentiation",1
"GO:0045777",4,20,0.736058331164645,"positive regulation of blood pressure",1
"GO:0045862",4,20,0.736058331164645,"positive regulation of proteolysis",1
"GO:1901687",4,20,0.736058331164645,"glutathione derivative biosynthetic process",1
"GO:0016569",24,111,0.7380730986041,"covalent chromatin modification",1
"GO:0042157",8,39,0.741947162507042,"lipoprotein metabolic process",1
"GO:0000056",1,5,0.742909046681395,"ribosomal small subunit export from nucleus",1
"GO:0000730",1,5,0.742909046681395,"DNA recombinase assembly",1
"GO:0001757",1,5,0.742909046681395,"somite specification",1
"GO:0002090",1,5,0.742909046681395,"regulation of receptor internalization",1
"GO:0002155",1,5,0.742909046681395,"regulation of thyroid hormone mediated signaling pathway",1
"GO:0002377",1,5,0.742909046681395,"immunoglobulin production",1
"GO:0002455",1,5,0.742909046681395,"humoral immune response mediated by circulating immunoglobulin",1
"GO:0002740",1,5,0.742909046681395,"negative regulation of cytokine secretion involved in immune response",1
"GO:0002821",1,5,0.742909046681395,"positive regulation of adaptive immune response",1
"GO:0003081",1,5,0.742909046681395,"regulation of systemic arterial blood pressure by renin-angiotensin",1
"GO:0003100",1,5,0.742909046681395,"regulation of systemic arterial blood pressure by endothelin",1
"GO:0006032",1,5,0.742909046681395,"chitin catabolic process",1
"GO:0006068",1,5,0.742909046681395,"ethanol catabolic process",1
"GO:0006144",1,5,0.742909046681395,"purine nucleobase metabolic process",1
"GO:0006266",1,5,0.742909046681395,"DNA ligation",1
"GO:0006290",1,5,0.742909046681395,"pyrimidine dimer repair",1
"GO:0006348",1,5,0.742909046681395,"chromatin silencing at telomere",1
"GO:0006356",1,5,0.742909046681395,"regulation of transcription from RNA polymerase I promoter",1
"GO:0006552",1,5,0.742909046681395,"leucine catabolic process",1
"GO:0006561",1,5,0.742909046681395,"proline biosynthetic process",1
"GO:0006595",1,5,0.742909046681395,"polyamine metabolic process",1
"GO:0006620",1,5,0.742909046681395,"posttranslational protein targeting to membrane",1
"GO:0006685",1,5,0.742909046681395,"sphingomyelin catabolic process",1
"GO:0006701",1,5,0.742909046681395,"progesterone biosynthetic process",1
"GO:0006706",1,5,0.742909046681395,"steroid catabolic process",1
"GO:0006771",1,5,0.742909046681395,"riboflavin metabolic process",1
"GO:0006824",1,5,0.742909046681395,"cobalt ion transport",1
"GO:0006873",1,5,0.742909046681395,"cellular ion homeostasis",1
"GO:0006924",1,5,0.742909046681395,"activation-induced cell death of T cells",1
"GO:0007033",1,5,0.742909046681395,"vacuole organization",1
"GO:0007034",1,5,0.742909046681395,"vacuolar transport",1
"GO:0007501",1,5,0.742909046681395,"mesodermal cell fate specification",1
"GO:0007598",1,5,0.742909046681395,"blood coagulation, extrinsic pathway",1
"GO:0008063",1,5,0.742909046681395,"Toll signaling pathway",1
"GO:0009056",1,5,0.742909046681395,"catabolic process",1
"GO:0009143",1,5,0.742909046681395,"nucleoside triphosphate catabolic process",1
"GO:0010040",1,5,0.742909046681395,"response to iron(II) ion",1
"GO:0010044",1,5,0.742909046681395,"response to aluminum ion",1
"GO:0010452",1,5,0.742909046681395,"histone H3-K36 methylation",1
"GO:0010560",1,5,0.742909046681395,"positive regulation of glycoprotein biosynthetic process",1
"GO:0010586",1,5,0.742909046681395,"miRNA metabolic process",1
"GO:0010637",1,5,0.742909046681395,"negative regulation of mitochondrial fusion",1
"GO:0010739",1,5,0.742909046681395,"positive regulation of protein kinase A signaling",1
"GO:0010757",1,5,0.742909046681395,"negative regulation of plasminogen activation",1
"GO:0010830",1,5,0.742909046681395,"regulation of myotube differentiation",1
"GO:0010936",1,5,0.742909046681395,"negative regulation of macrophage cytokine production",1
"GO:0010961",1,5,0.742909046681395,"cellular magnesium ion homeostasis",1
"GO:0014037",1,5,0.742909046681395,"Schwann cell differentiation",1
"GO:0014832",1,5,0.742909046681395,"urinary bladder smooth muscle contraction",1
"GO:0015696",1,5,0.742909046681395,"ammonium transport",1
"GO:0015697",1,5,0.742909046681395,"quaternary ammonium group transport",1
"GO:0015808",1,5,0.742909046681395,"L-alanine transport",1
"GO:0015809",1,5,0.742909046681395,"arginine transport",1
"GO:0016576",1,5,0.742909046681395,"histone dephosphorylation",1
"GO:0017038",1,5,0.742909046681395,"protein import",1
"GO:0018023",1,5,0.742909046681395,"peptidyl-lysine trimethylation",1
"GO:0018027",1,5,0.742909046681395,"peptidyl-lysine dimethylation",1
"GO:0018894",1,5,0.742909046681395,"dibenzo-p-dioxin metabolic process",1
"GO:0019060",1,5,0.742909046681395,"intracellular transport of viral protein in host cell",1
"GO:0019932",1,5,0.742909046681395,"second-messenger-mediated signaling",1
"GO:0021797",1,5,0.742909046681395,"forebrain anterior/posterior pattern specification",1
"GO:0022027",1,5,0.742909046681395,"interkinetic nuclear migration",1
"GO:0030174",1,5,0.742909046681395,"regulation of DNA-dependent DNA replication initiation",1
"GO:0030204",1,5,0.742909046681395,"chondroitin sulfate metabolic process",1
"GO:0030263",1,5,0.742909046681395,"apoptotic chromosome condensation",1
"GO:0030388",1,5,0.742909046681395,"fructose 1,6-bisphosphate metabolic process",1
"GO:0030540",1,5,0.742909046681395,"female genitalia development",1
"GO:0030578",1,5,0.742909046681395,"PML body organization",1
"GO:0031346",1,5,0.742909046681395,"positive regulation of cell projection organization",1
"GO:0031579",1,5,0.742909046681395,"membrane raft organization",1
"GO:0032204",1,5,0.742909046681395,"regulation of telomere maintenance",1
"GO:0032460",1,5,0.742909046681395,"negative regulation of protein oligomerization",1
"GO:0032713",1,5,0.742909046681395,"negative regulation of interleukin-4 production",1
"GO:0032714",1,5,0.742909046681395,"negative regulation of interleukin-5 production",1
"GO:0032754",1,5,0.742909046681395,"positive regulation of interleukin-5 production",1
"GO:0032962",1,5,0.742909046681395,"positive regulation of inositol trisphosphate biosynthetic process",1
"GO:0033033",1,5,0.742909046681395,"negative regulation of myeloid cell apoptotic process",1
"GO:0033081",1,5,0.742909046681395,"regulation of T cell differentiation in thymus",1
"GO:0033085",1,5,0.742909046681395,"negative regulation of T cell differentiation in thymus",1
"GO:0033227",1,5,0.742909046681395,"dsRNA transport",1
"GO:0033599",1,5,0.742909046681395,"regulation of mammary gland epithelial cell proliferation",1
"GO:0033600",1,5,0.742909046681395,"negative regulation of mammary gland epithelial cell proliferation",1
"GO:0034184",1,5,0.742909046681395,"positive regulation of maintenance of mitotic sister chromatid cohesion",1
"GO:0034773",1,5,0.742909046681395,"histone H4-K20 trimethylation",1
"GO:0035336",1,5,0.742909046681395,"long-chain fatty-acyl-CoA metabolic process",1
"GO:0035519",1,5,0.742909046681395,"protein K29-linked ubiquitination",1
"GO:0035860",1,5,0.742909046681395,"glial cell-derived neurotrophic factor receptor signaling pathway",1
"GO:0036091",1,5,0.742909046681395,"positive regulation of transcription from RNA polymerase II promoter in response to oxidative stress",1
"GO:0036155",1,5,0.742909046681395,"acylglycerol acyl-chain remodeling",1
"GO:0036465",1,5,0.742909046681395,"synaptic vesicle recycling",1
"GO:0038084",1,5,0.742909046681395,"vascular endothelial growth factor signaling pathway",1
"GO:0042092",1,5,0.742909046681395,"type 2 immune response",1
"GO:0042415",1,5,0.742909046681395,"norepinephrine metabolic process",1
"GO:0042420",1,5,0.742909046681395,"dopamine catabolic process",1
"GO:0042491",1,5,0.742909046681395,"auditory receptor cell differentiation",1
"GO:0042506",1,5,0.742909046681395,"tyrosine phosphorylation of Stat5 protein",1
"GO:0043043",1,5,0.742909046681395,"peptide biosynthetic process",1
"GO:0045187",1,5,0.742909046681395,"regulation of circadian sleep/wake cycle, sleep",1
"GO:0045409",1,5,0.742909046681395,"negative regulation of interleukin-6 biosynthetic process",1
"GO:0045541",1,5,0.742909046681395,"negative regulation of cholesterol biosynthetic process",1
"GO:0045542",1,5,0.742909046681395,"positive regulation of cholesterol biosynthetic process",1
"GO:0045661",1,5,0.742909046681395,"regulation of myoblast differentiation",1
"GO:0045687",1,5,0.742909046681395,"positive regulation of glial cell differentiation",1
"GO:0045823",1,5,0.742909046681395,"positive regulation of heart contraction",1
"GO:0045843",1,5,0.742909046681395,"negative regulation of striated muscle tissue development",1
"GO:0045925",1,5,0.742909046681395,"positive regulation of female receptivity",1
"GO:0046545",1,5,0.742909046681395,"development of primary female sexual characteristics",1
"GO:0046813",1,5,0.742909046681395,"receptor-mediated virion attachment to host cell",1
"GO:0046836",1,5,0.742909046681395,"glycolipid transport",1
"GO:0046882",1,5,0.742909046681395,"negative regulation of follicle-stimulating hormone secretion",1
"GO:0048312",1,5,0.742909046681395,"intracellular distribution of mitochondria",1
"GO:0048515",1,5,0.742909046681395,"spermatid differentiation",1
"GO:0048598",1,5,0.742909046681395,"embryonic morphogenesis",1
"GO:0048633",1,5,0.742909046681395,"positive regulation of skeletal muscle tissue growth",1
"GO:0050851",1,5,0.742909046681395,"antigen receptor-mediated signaling pathway",1
"GO:0050856",1,5,0.742909046681395,"regulation of T cell receptor signaling pathway",1
"GO:0050882",1,5,0.742909046681395,"voluntary musculoskeletal movement",1
"GO:0050913",1,5,0.742909046681395,"sensory perception of bitter taste",1
"GO:0050916",1,5,0.742909046681395,"sensory perception of sweet taste",1
"GO:0050920",1,5,0.742909046681395,"regulation of chemotaxis",1
"GO:0051005",1,5,0.742909046681395,"negative regulation of lipoprotein lipase activity",1
"GO:0051084",1,5,0.742909046681395,"'de novo' posttranslational protein folding",1
"GO:0051135",1,5,0.742909046681395,"positive regulation of NK T cell activation",1
"GO:0051220",1,5,0.742909046681395,"cytoplasmic sequestering of protein",1
"GO:0051344",1,5,0.742909046681395,"negative regulation of cyclic-nucleotide phosphodiesterase activity",1
"GO:0051415",1,5,0.742909046681395,"interphase microtubule nucleation by interphase microtubule organizing center",1
"GO:0051447",1,5,0.742909046681395,"negative regulation of meiotic cell cycle",1
"GO:0051546",1,5,0.742909046681395,"keratinocyte migration",1
"GO:0051574",1,5,0.742909046681395,"positive regulation of histone H3-K9 methylation",1
"GO:0051645",1,5,0.742909046681395,"Golgi localization",1
"GO:0055013",1,5,0.742909046681395,"cardiac muscle cell development",1
"GO:0055062",1,5,0.742909046681395,"phosphate ion homeostasis",1
"GO:0060117",1,5,0.742909046681395,"auditory receptor cell development",1
"GO:0060294",1,5,0.742909046681395,"cilium movement involved in cell motility",1
"GO:0060298",1,5,0.742909046681395,"positive regulation of sarcomere organization",1
"GO:0060339",1,5,0.742909046681395,"negative regulation of type I interferon-mediated signaling pathway",1
"GO:0060415",1,5,0.742909046681395,"muscle tissue morphogenesis",1
"GO:0060430",1,5,0.742909046681395,"lung saccule development",1
"GO:0060591",1,5,0.742909046681395,"chondroblast differentiation",1
"GO:0060613",1,5,0.742909046681395,"fat pad development",1
"GO:0060628",1,5,0.742909046681395,"regulation of ER to Golgi vesicle-mediated transport",1
"GO:0060662",1,5,0.742909046681395,"salivary gland cavitation",1
"GO:0060761",1,5,0.742909046681395,"negative regulation of response to cytokine stimulus",1
"GO:0061000",1,5,0.742909046681395,"negative regulation of dendritic spine development",1
"GO:0061087",1,5,0.742909046681395,"positive regulation of histone H3-K27 methylation",1
"GO:0065004",1,5,0.742909046681395,"protein-DNA complex assembly",1
"GO:0070201",1,5,0.742909046681395,"regulation of establishment of protein localization",1
"GO:0070242",1,5,0.742909046681395,"thymocyte apoptotic process",1
"GO:0070244",1,5,0.742909046681395,"negative regulation of thymocyte apoptotic process",1
"GO:0070345",1,5,0.742909046681395,"negative regulation of fat cell proliferation",1
"GO:0070842",1,5,0.742909046681395,"aggresome assembly",1
"GO:0070863",1,5,0.742909046681395,"positive regulation of protein exit from endoplasmic reticulum",1
"GO:0071038",1,5,0.742909046681395,"nuclear polyadenylation-dependent tRNA catabolic process",1
"GO:0071279",1,5,0.742909046681395,"cellular response to cobalt ion",1
"GO:0071442",1,5,0.742909046681395,"positive regulation of histone H3-K14 acetylation",1
"GO:0071569",1,5,0.742909046681395,"protein ufmylation",1
"GO:0071599",1,5,0.742909046681395,"otic vesicle development",1
"GO:0071638",1,5,0.742909046681395,"negative regulation of monocyte chemotactic protein-1 production",1
"GO:0071639",1,5,0.742909046681395,"positive regulation of monocyte chemotactic protein-1 production",1
"GO:0072584",1,5,0.742909046681395,"caveolin-mediated endocytosis",1
"GO:0080009",1,5,0.742909046681395,"mRNA methylation",1
"GO:0086011",1,5,0.742909046681395,"membrane repolarization during action potential",1
"GO:0090074",1,5,0.742909046681395,"negative regulation of protein homodimerization activity",1
"GO:0090140",1,5,0.742909046681395,"regulation of mitochondrial fission",1
"GO:0090184",1,5,0.742909046681395,"positive regulation of kidney development",1
"GO:0090279",1,5,0.742909046681395,"regulation of calcium ion import",1
"GO:0090611",1,5,0.742909046681395,"ubiquitin-independent protein catabolic process via the multivesicular body sorting pathway",1
"GO:0097094",1,5,0.742909046681395,"craniofacial suture morphogenesis",1
"GO:1900028",1,5,0.742909046681395,"negative regulation of ruffle assembly",1
"GO:1900103",1,5,0.742909046681395,"positive regulation of endoplasmic reticulum unfolded protein response",1
"GO:1900127",1,5,0.742909046681395,"positive regulation of hyaluronan biosynthetic process",1
"GO:1900227",1,5,0.742909046681395,"positive regulation of NLRP3 inflammasome complex assembly",1
"GO:1901990",1,5,0.742909046681395,"regulation of mitotic cell cycle phase transition",1
"GO:1902857",1,5,0.742909046681395,"positive regulation of nonmotile primary cilium assembly",1
"GO:1903799",1,5,0.742909046681395,"negative regulation of production of miRNAs involved in gene silencing by miRNA",1
"GO:1904354",1,5,0.742909046681395,"negative regulation of telomere capping",1
"GO:1904417",1,5,0.742909046681395,"positive regulation of xenophagy",1
"GO:1904885",1,5,0.742909046681395,"beta-catenin destruction complex assembly",1
"GO:1990592",1,5,0.742909046681395,"protein K69-linked ufmylation",1
"GO:2000021",1,5,0.742909046681395,"regulation of ion homeostasis",1
"GO:2000052",1,5,0.742909046681395,"positive regulation of non-canonical Wnt signaling pathway",1
"GO:2000110",1,5,0.742909046681395,"negative regulation of macrophage apoptotic process",1
"GO:2000253",1,5,0.742909046681395,"positive regulation of feeding behavior",1
"GO:2000647",1,5,0.742909046681395,"negative regulation of stem cell proliferation",1
"GO:2000651",1,5,0.742909046681395,"positive regulation of sodium ion transmembrane transporter activity",1
"GO:2000675",1,5,0.742909046681395,"negative regulation of type B pancreatic cell apoptotic process",1
"GO:2001028",1,5,0.742909046681395,"positive regulation of endothelial cell chemotaxis",1
"GO:2001171",1,5,0.742909046681395,"positive regulation of ATP biosynthetic process",1
"NOT GO:0008361",1,5,0.742909046681395,"NOT regulation of cell size",1
"GO:0001822",19,89,0.743352497274789,"kidney development",1
"GO:0001958",5,25,0.743900202790449,"endochondral ossification",1
"GO:0022400",5,25,0.743900202790449,"regulation of rhodopsin mediated signaling pathway",1
"GO:0040007",5,25,0.743900202790449,"growth",1
"GO:0098609",61,274,0.745733785491604,"cell-cell adhesion",1
"GO:0001932",6,30,0.752140288521838,"regulation of protein phosphorylation",1
"GO:2001240",6,30,0.752140288521838,"negative regulation of extrinsic apoptotic signaling pathway in absence of ligand",1
"GO:0009566",7,35,0.76037401986407,"fertilization",1
"GO:0034605",7,35,0.76037401986407,"cellular response to heat",1
"GO:0006955",76,341,0.762605389520609,"immune response",1
"GO:0032868",13,63,0.765560169559957,"response to insulin",1
"GO:0006936",22,104,0.76992987736167,"muscle contraction",1
"GO:0007020",3,16,0.77099615389728,"microtubule nucleation",1
"GO:0007129",3,16,0.77099615389728,"synapsis",1
"GO:0030500",3,16,0.77099615389728,"regulation of bone mineralization",1
"GO:0031929",3,16,0.77099615389728,"TOR signaling",1
"GO:0045109",3,16,0.77099615389728,"intermediate filament organization",1
"GO:0045190",3,16,0.77099615389728,"isotype switching",1
"GO:0048384",3,16,0.77099615389728,"retinoic acid receptor signaling pathway",1
"GO:0048535",3,16,0.77099615389728,"lymph node development",1
"GO:0048566",3,16,0.77099615389728,"embryonic digestive tract development",1
"GO:0048854",3,16,0.77099615389728,"brain morphogenesis",1
"GO:0051571",3,16,0.77099615389728,"positive regulation of histone H3-K4 methylation",1
"GO:0051895",3,16,0.77099615389728,"negative regulation of focal adhesion assembly",1
"GO:0061436",3,16,0.77099615389728,"establishment of skin barrier",1
"GO:1901800",3,16,0.77099615389728,"positive regulation of proteasomal protein catabolic process",1
"GO:1902187",3,16,0.77099615389728,"negative regulation of viral release from host cell",1
"GO:1903959",3,16,0.77099615389728,"regulation of anion transmembrane transport",1
"GO:2000251",3,16,0.77099615389728,"positive regulation of actin cytoskeleton reorganization",1
"GO:0031145",16,77,0.771774409701567,"anaphase-promoting complex-dependent catabolic process",1
"GO:0030325",4,21,0.772108116935495,"adrenal gland development",1
"GO:0050769",4,21,0.772108116935495,"positive regulation of neurogenesis",1
"GO:0043066",95,425,0.774916879093013,"negative regulation of apoptotic process",1
"GO:0003009",5,26,0.776004957804863,"skeletal muscle contraction",1
"GO:0030878",5,26,0.776004957804863,"thyroid gland development",1
"GO:0032757",5,26,0.776004957804863,"positive regulation of interleukin-8 production",1
"GO:0061621",5,26,0.776004957804863,"canonical glycolysis",1
"GO:0000380",2,11,0.776692941445295,"alternative mRNA splicing, via spliceosome",1
"GO:0001944",2,11,0.776692941445295,"vasculature development",1
"GO:0002089",2,11,0.776692941445295,"lens morphogenesis in camera-type eye",1
"GO:0006379",2,11,0.776692941445295,"mRNA cleavage",1
"GO:0009058",2,11,0.776692941445295,"biosynthetic process",1
"GO:0009313",2,11,0.776692941445295,"oligosaccharide catabolic process",1
"GO:0010390",2,11,0.776692941445295,"histone monoubiquitination",1
"GO:0017187",2,11,0.776692941445295,"peptidyl-glutamic acid carboxylation",1
"GO:0031581",2,11,0.776692941445295,"hemidesmosome assembly",1
"GO:0032897",2,11,0.776692941445295,"negative regulation of viral transcription",1
"GO:0033120",2,11,0.776692941445295,"positive regulation of RNA splicing",1
"GO:0033628",2,11,0.776692941445295,"regulation of cell adhesion mediated by integrin",1
"GO:0034067",2,11,0.776692941445295,"protein localization to Golgi apparatus",1
"GO:0036500",2,11,0.776692941445295,"ATF6-mediated unfolded protein response",1
"GO:0042573",2,11,0.776692941445295,"retinoic acid metabolic process",1
"GO:0043032",2,11,0.776692941445295,"positive regulation of macrophage activation",1
"GO:0043517",2,11,0.776692941445295,"positive regulation of DNA damage response, signal transduction by p53 class mediator",1
"GO:0045603",2,11,0.776692941445295,"positive regulation of endothelial cell differentiation",1
"GO:0046135",2,11,0.776692941445295,"pyrimidine nucleoside catabolic process",1
"GO:0048599",2,11,0.776692941445295,"oocyte development",1
"GO:0050777",2,11,0.776692941445295,"negative regulation of immune response",1
"GO:0050868",2,11,0.776692941445295,"negative regulation of T cell activation",1
"GO:0051457",2,11,0.776692941445295,"maintenance of protein location in nucleus",1
"GO:0060009",2,11,0.776692941445295,"Sertoli cell development",1
"GO:0090051",2,11,0.776692941445295,"negative regulation of cell migration involved in sprouting angiogenesis",1
"GO:1903206",2,11,0.776692941445295,"negative regulation of hydrogen peroxide-induced cell death",1
"GO:0007275",100,447,0.777281334291297,"multicellular organism development",1
"GO:0006968",12,59,0.777842763966954,"cellular defense response",1
"GO:0016579",12,59,0.777842763966954,"protein deubiquitination",1
"GO:0042102",12,59,0.777842763966954,"positive regulation of T cell proliferation",1
"GO:0042787",31,145,0.780679831995386,"protein ubiquitination involved in ubiquitin-dependent protein catabolic process",1
"GO:0006294",6,31,0.781166388241622,"nucleotide-excision repair, preincision complex assembly",1
"GO:0032481",10,50,0.783718900270636,"positive regulation of type I interferon production",1
"GO:0051291",13,64,0.785627921839697,"protein heterooligomerization",1
"GO:0030326",7,36,0.786907197222925,"embryonic limb morphogenesis",1
"GO:0016055",38,177,0.791307879226663,"Wnt signaling pathway",1
"GO:0006956",8,41,0.792883746241165,"complement activation",1
"GO:0050829",9,46,0.798911678200703,"defense response to Gram-negative bacterium",1
"GO:0050728",15,74,0.800049672701493,"negative regulation of inflammatory response",1
"GO:0000055",1,6,0.804077722156009,"ribosomal large subunit export from nucleus",1
"GO:0000303",1,6,0.804077722156009,"response to superoxide",1
"GO:0000389",1,6,0.804077722156009,"mRNA 3'-splice site recognition",1
"GO:0000492",1,6,0.804077722156009,"box C/D snoRNP assembly",1
"GO:0001768",1,6,0.804077722156009,"establishment of T cell polarity",1
"GO:0002043",1,6,0.804077722156009,"blood vessel endothelial cell proliferation involved in sprouting angiogenesis",1
"GO:0002320",1,6,0.804077722156009,"lymphoid progenitor cell differentiation",1
"GO:0002385",1,6,0.804077722156009,"mucosal immune response",1
"GO:0002639",1,6,0.804077722156009,"positive regulation of immunoglobulin production",1
"GO:0002830",1,6,0.804077722156009,"positive regulation of type 2 immune response",1
"GO:0003084",1,6,0.804077722156009,"positive regulation of systemic arterial blood pressure",1
"GO:0003085",1,6,0.804077722156009,"negative regulation of systemic arterial blood pressure",1
"GO:0003180",1,6,0.804077722156009,"aortic valve morphogenesis",1
"GO:0006066",1,6,0.804077722156009,"alcohol metabolic process",1
"GO:0006282",1,6,0.804077722156009,"regulation of DNA repair",1
"GO:0006323",1,6,0.804077722156009,"DNA packaging",1
"GO:0006489",1,6,0.804077722156009,"dolichyl diphosphate biosynthetic process",1
"GO:0006686",1,6,0.804077722156009,"sphingomyelin biosynthetic process",1
"GO:0007530",1,6,0.804077722156009,"sex determination",1
"GO:0009101",1,6,0.804077722156009,"glycoprotein biosynthetic process",1
"GO:0009404",1,6,0.804077722156009,"toxin metabolic process",1
"GO:0009620",1,6,0.804077722156009,"response to fungus",1
"GO:0009812",1,6,0.804077722156009,"flavonoid metabolic process",1
"GO:0009838",1,6,0.804077722156009,"abscission",1
"GO:0009913",1,6,0.804077722156009,"epidermal cell differentiation",1
"GO:0010324",1,6,0.804077722156009,"membrane invagination",1
"GO:0010564",1,6,0.804077722156009,"regulation of cell cycle process",1
"GO:0010666",1,6,0.804077722156009,"positive regulation of cardiac muscle cell apoptotic process",1
"GO:0010742",1,6,0.804077722156009,"macrophage derived foam cell differentiation",1
"GO:0010833",1,6,0.804077722156009,"telomere maintenance via telomere lengthening",1
"GO:0016098",1,6,0.804077722156009,"monoterpenoid metabolic process",1
"GO:0019530",1,6,0.804077722156009,"taurine metabolic process",1
"GO:0019752",1,6,0.804077722156009,"carboxylic acid metabolic process",1
"GO:0019885",1,6,0.804077722156009,"antigen processing and presentation of endogenous peptide antigen via MHC class I",1
"GO:0019941",1,6,0.804077722156009,"modification-dependent protein catabolic process",1
"GO:0020027",1,6,0.804077722156009,"hemoglobin metabolic process",1
"GO:0021554",1,6,0.804077722156009,"optic nerve development",1
"GO:0021884",1,6,0.804077722156009,"forebrain neuron development",1
"GO:0021930",1,6,0.804077722156009,"cerebellar granule cell precursor proliferation",1
"GO:0021978",1,6,0.804077722156009,"telencephalon regionalization",1
"GO:0021984",1,6,0.804077722156009,"adenohypophysis development",1
"GO:0030422",1,6,0.804077722156009,"production of siRNA involved in RNA interference",1
"GO:0030853",1,6,0.804077722156009,"negative regulation of granulocyte differentiation",1
"GO:0030953",1,6,0.804077722156009,"astral microtubule organization",1
"GO:0032288",1,6,0.804077722156009,"myelin assembly",1
"GO:0032411",1,6,0.804077722156009,"positive regulation of transporter activity",1
"GO:0032609",1,6,0.804077722156009,"interferon-gamma production",1
"GO:0032717",1,6,0.804077722156009,"negative regulation of interleukin-8 production",1
"GO:0032736",1,6,0.804077722156009,"positive regulation of interleukin-13 production",1
"GO:0032933",1,6,0.804077722156009,"SREBP signaling pathway",1
"GO:0033210",1,6,0.804077722156009,"leptin-mediated signaling pathway",1
"GO:0034105",1,6,0.804077722156009,"positive regulation of tissue remodeling",1
"GO:0034384",1,6,0.804077722156009,"high-density lipoprotein particle clearance",1
"GO:0035308",1,6,0.804077722156009,"negative regulation of protein dephosphorylation",1
"GO:0035356",1,6,0.804077722156009,"cellular triglyceride homeostasis",1
"GO:0035412",1,6,0.804077722156009,"regulation of catenin import into nucleus",1
"GO:0035754",1,6,0.804077722156009,"B cell chemotaxis",1
"GO:0035864",1,6,0.804077722156009,"response to potassium ion",1
"GO:0036003",1,6,0.804077722156009,"positive regulation of transcription from RNA polymerase II promoter in response to stress",1
"GO:0042256",1,6,0.804077722156009,"mature ribosome assembly",1
"GO:0042503",1,6,0.804077722156009,"tyrosine phosphorylation of Stat3 protein",1
"GO:0042693",1,6,0.804077722156009,"muscle cell fate commitment",1
"GO:0042866",1,6,0.804077722156009,"pyruvate biosynthetic process",1
"GO:0043279",1,6,0.804077722156009,"response to alkaloid",1
"GO:0043620",1,6,0.804077722156009,"regulation of DNA-templated transcription in response to stress",1
"GO:0043951",1,6,0.804077722156009,"negative regulation of cAMP-mediated signaling",1
"GO:0043985",1,6,0.804077722156009,"histone H4-R3 methylation",1
"GO:0044281",1,6,0.804077722156009,"small molecule metabolic process",1
"GO:0044829",1,6,0.804077722156009,"positive regulation by host of viral genome replication",1
"GO:0045639",1,6,0.804077722156009,"positive regulation of myeloid cell differentiation",1
"GO:0045838",1,6,0.804077722156009,"positive regulation of membrane potential",1
"GO:0045927",1,6,0.804077722156009,"positive regulation of growth",1
"GO:0046321",1,6,0.804077722156009,"positive regulation of fatty acid oxidation",1
"GO:0046822",1,6,0.804077722156009,"regulation of nucleocytoplasmic transport",1
"GO:0046825",1,6,0.804077722156009,"regulation of protein export from nucleus",1
"GO:0048496",1,6,0.804077722156009,"maintenance of organ identity",1
"GO:0048524",1,6,0.804077722156009,"positive regulation of viral process",1
"GO:0048541",1,6,0.804077722156009,"Peyer's patch development",1
"GO:0051057",1,6,0.804077722156009,"positive regulation of small GTPase mediated signal transduction",1
"GO:0051150",1,6,0.804077722156009,"regulation of smooth muscle cell differentiation",1
"GO:0051271",1,6,0.804077722156009,"negative regulation of cellular component movement",1
"GO:0051354",1,6,0.804077722156009,"negative regulation of oxidoreductase activity",1
"GO:0051639",1,6,0.804077722156009,"actin filament network formation",1
"GO:0060136",1,6,0.804077722156009,"embryonic process involved in female pregnancy",1
"GO:0060296",1,6,0.804077722156009,"regulation of cilium beat frequency involved in ciliary motility",1
"GO:0060426",1,6,0.804077722156009,"lung vasculature development",1
"GO:0060428",1,6,0.804077722156009,"lung epithelium development",1
"GO:0060527",1,6,0.804077722156009,"prostate epithelial cord arborization involved in prostate glandular acinus morphogenesis",1
"GO:0060664",1,6,0.804077722156009,"epithelial cell proliferation involved in salivary gland morphogenesis",1
"GO:0060710",1,6,0.804077722156009,"chorio-allantoic fusion",1
"GO:0061737",1,6,0.804077722156009,"leukotriene signaling pathway",1
"GO:0070072",1,6,0.804077722156009,"vacuolar proton-transporting V-type ATPase complex assembly",1
"GO:0070670",1,6,0.804077722156009,"response to interleukin-4",1
"GO:0070972",1,6,0.804077722156009,"protein localization to endoplasmic reticulum",1
"GO:0071035",1,6,0.804077722156009,"nuclear polyadenylation-dependent rRNA catabolic process",1
"GO:0071168",1,6,0.804077722156009,"protein localization to chromatin",1
"GO:0071281",1,6,0.804077722156009,"cellular response to iron ion",1
"GO:0071731",1,6,0.804077722156009,"response to nitric oxide",1
"GO:0071799",1,6,0.804077722156009,"cellular response to prostaglandin D stimulus",1
"GO:0071870",1,6,0.804077722156009,"cellular response to catecholamine stimulus",1
"GO:0072089",1,6,0.804077722156009,"stem cell proliferation",1
"GO:0090160",1,6,0.804077722156009,"Golgi to lysosome transport",1
"GO:0090166",1,6,0.804077722156009,"Golgi disassembly",1
"GO:0090315",1,6,0.804077722156009,"negative regulation of protein targeting to membrane",1
"GO:0090385",1,6,0.804077722156009,"phagosome-lysosome fusion",1
"GO:0097500",1,6,0.804077722156009,"receptor localization to nonmotile primary cilium",1
"GO:0098789",1,6,0.804077722156009,"pre-mRNA cleavage required for polyadenylation",1
"GO:1900116",1,6,0.804077722156009,"extracellular negative regulation of signal transduction",1
"GO:1900246",1,6,0.804077722156009,"positive regulation of RIG-I signaling pathway",1
"GO:1901029",1,6,0.804077722156009,"negative regulation of mitochondrial outer membrane permeabilization involved in apoptotic signaling pathway",1
"GO:1901621",1,6,0.804077722156009,"negative regulation of smoothened signaling pathway involved in dorsal/ventral neural tube patterning",1
"GO:1903546",1,6,0.804077722156009,"protein localization to photoreceptor outer segment",1
"GO:1903715",1,6,0.804077722156009,"regulation of aerobic respiration",1
"GO:1990822",1,6,0.804077722156009,"basic amino acid transmembrane transport",1
"GO:2000001",1,6,0.804077722156009,"regulation of DNA damage checkpoint",1
"GO:2000049",1,6,0.804077722156009,"positive regulation of cell-cell adhesion mediated by cadherin",1
"GO:2000107",1,6,0.804077722156009,"negative regulation of leukocyte apoptotic process",1
"GO:2000288",1,6,0.804077722156009,"positive regulation of myoblast proliferation",1
"GO:2000318",1,6,0.804077722156009,"positive regulation of T-helper 17 type immune response",1
"GO:2000641",1,6,0.804077722156009,"regulation of early endosome to late endosome transport",1
"GO:2000781",1,6,0.804077722156009,"positive regulation of double-strand break repair",1
"GO:2001014",1,6,0.804077722156009,"regulation of skeletal muscle cell differentiation",1
"GO:2001054",1,6,0.804077722156009,"negative regulation of mesenchymal cell apoptotic process",1
"NOT GO:0006888",1,6,0.804077722156009,"NOT ER to Golgi vesicle-mediated transport",1
"NOT GO:0030033",1,6,0.804077722156009,"NOT microvillus assembly",1
"GO:0006096",4,22,0.804159886587008,"glycolytic process",1
"GO:0035902",4,22,0.804159886587008,"response to immobilization stress",1
"GO:0046427",4,22,0.804159886587008,"positive regulation of JAK-STAT cascade",1
"GO:0035019",13,65,0.804448923626802,"somatic stem cell population maintenance",1
"GO:0033077",5,27,0.804919555581197,"T cell differentiation in thymus",1
"GO:0035666",5,27,0.804919555581197,"TRIF-dependent toll-like receptor signaling pathway",1
"GO:0045070",5,27,0.804919555581197,"positive regulation of viral genome replication",1
"GO:1990090",5,27,0.804919555581197,"cellular response to nerve growth factor stimulus",1
"GO:0006337",3,17,0.807029262276875,"nucleosome disassembly",1
"GO:0006471",3,17,0.807029262276875,"protein ADP-ribosylation",1
"GO:0007043",3,17,0.807029262276875,"cell-cell junction assembly",1
"GO:0007141",3,17,0.807029262276875,"male meiosis I",1
"GO:0008637",3,17,0.807029262276875,"apoptotic mitochondrial changes",1
"GO:0009948",3,17,0.807029262276875,"anterior/posterior axis specification",1
"GO:0016233",3,17,0.807029262276875,"telomere capping",1
"GO:0018298",3,17,0.807029262276875,"protein-chromophore linkage",1
"GO:0021522",3,17,0.807029262276875,"spinal cord motor neuron differentiation",1
"GO:0042523",3,17,0.807029262276875,"positive regulation of tyrosine phosphorylation of Stat5 protein",1
"GO:0043691",3,17,0.807029262276875,"reverse cholesterol transport",1
"GO:0048025",3,17,0.807029262276875,"negative regulation of mRNA splicing, via spliceosome",1
"GO:0071380",3,17,0.807029262276875,"cellular response to prostaglandin E stimulus",1
"GO:0090201",3,17,0.807029262276875,"negative regulation of release of cytochrome c from mitochondria",1
"GO:0001974",6,32,0.807539947661122,"blood vessel remodeling",1
"GO:0030177",7,37,0.811170885143876,"positive regulation of Wnt signaling pathway",1
"GO:0042517",7,37,0.811170885143876,"positive regulation of tyrosine phosphorylation of Stat3 protein",1
"GO:0043408",7,37,0.811170885143876,"regulation of MAPK cascade",1
"GO:0045814",7,37,0.811170885143876,"negative regulation of gene expression, epigenetic",1
"GO:1904837",7,37,0.811170885143876,"beta-catenin-TCF complex assembly",1
"GO:0042110",8,42,0.815359315080217,"T cell activation",1
"GO:0032259",15,75,0.816879101130197,"methylation",1
"GO:0001706",2,12,0.817848545543904,"endoderm formation",1
"GO:0001829",2,12,0.817848545543904,"trophectodermal cell differentiation",1
"GO:0006069",2,12,0.817848545543904,"ethanol oxidation",1
"GO:0006590",2,12,0.817848545543904,"thyroid hormone generation",1
"GO:0007041",2,12,0.817848545543904,"lysosomal transport",1
"GO:0007191",2,12,0.817848545543904,"adenylate cyclase-activating dopamine receptor signaling pathway",1
"GO:0008154",2,12,0.817848545543904,"actin polymerization or depolymerization",1
"GO:0009395",2,12,0.817848545543904,"phospholipid catabolic process",1
"GO:0009650",2,12,0.817848545543904,"UV protection",1
"GO:0010001",2,12,0.817848545543904,"glial cell differentiation",1
"GO:0010717",2,12,0.817848545543904,"regulation of epithelial to mesenchymal transition",1
"GO:0030277",2,12,0.817848545543904,"maintenance of gastrointestinal epithelium",1
"GO:0030837",2,12,0.817848545543904,"negative regulation of actin filament polymerization",1
"GO:0032516",2,12,0.817848545543904,"positive regulation of phosphoprotein phosphatase activity",1
"GO:0032693",2,12,0.817848545543904,"negative regulation of interleukin-10 production",1
"GO:0032695",2,12,0.817848545543904,"negative regulation of interleukin-12 production",1
"GO:0034453",2,12,0.817848545543904,"microtubule anchoring",1
"GO:0035518",2,12,0.817848545543904,"histone H2A monoubiquitination",1
"GO:0036066",2,12,0.817848545543904,"protein O-linked fucosylation",1
"GO:0042446",2,12,0.817848545543904,"hormone biosynthetic process",1
"GO:0045060",2,12,0.817848545543904,"negative thymic T cell selection",1
"GO:0045086",2,12,0.817848545543904,"positive regulation of interleukin-2 biosynthetic process",1
"GO:0045653",2,12,0.817848545543904,"negative regulation of megakaryocyte differentiation",1
"GO:0045670",2,12,0.817848545543904,"regulation of osteoclast differentiation",1
"GO:0045745",2,12,0.817848545543904,"positive regulation of G-protein coupled receptor protein signaling pathway",1
"GO:0046628",2,12,0.817848545543904,"positive regulation of insulin receptor signaling pathway",1
"GO:0048872",2,12,0.817848545543904,"homeostasis of number of cells",1
"GO:0051597",2,12,0.817848545543904,"response to methylmercury",1
"GO:0051974",2,12,0.817848545543904,"negative regulation of telomerase activity",1
"GO:0060218",2,12,0.817848545543904,"hematopoietic stem cell differentiation",1
"GO:0060413",2,12,0.817848545543904,"atrial septum morphogenesis",1
"GO:1902895",2,12,0.817848545543904,"positive regulation of pri-miRNA transcription from RNA polymerase II promoter",1
"GO:0009887",18,89,0.819237276795946,"organ morphogenesis",1
"GO:0050729",13,66,0.822037909331758,"positive regulation of inflammatory response",1
"GO:0007271",5,28,0.830786398456783,"synaptic transmission, cholinergic",1
"GO:0009060",5,28,0.830786398456783,"aerobic respiration",1
"GO:0006654",6,33,0.831359845287741,"phosphatidic acid biosynthetic process",1
"GO:0040018",6,33,0.831359845287741,"positive regulation of multicellular organism growth",1
"GO:0001816",4,23,0.832442324571906,"cytokine production",1
"GO:0009755",4,23,0.832442324571906,"hormone-mediated signaling pathway",1
"GO:0030041",4,23,0.832442324571906,"actin filament polymerization",1
"GO:0045737",4,23,0.832442324571906,"positive regulation of cyclin-dependent protein serine/threonine kinase activity",1
"GO:0050715",4,23,0.832442324571906,"positive regulation of cytokine secretion",1
"GO:0008152",8,43,0.835911880328442,"metabolic process",1
"GO:0006511",26,127,0.837535565948284,"ubiquitin-dependent protein catabolic process",1
"GO:0001892",3,18,0.83815076416759,"embryonic placenta development",1
"GO:0007130",3,18,0.83815076416759,"synaptonemal complex assembly",1
"GO:0033539",3,18,0.83815076416759,"fatty acid beta-oxidation using acyl-CoA dehydrogenase",1
"GO:0042744",3,18,0.83815076416759,"hydrogen peroxide catabolic process",1
"GO:0043046",3,18,0.83815076416759,"DNA methylation involved in gamete generation",1
"GO:0048568",3,18,0.83815076416759,"embryonic organ development",1
"GO:0071157",3,18,0.83815076416759,"negative regulation of cell cycle arrest",1
"GO:0006958",9,48,0.839071224617207,"complement activation, classical pathway",1
"GO:0051865",9,48,0.839071224617207,"protein autoubiquitination",1
"GO:0051436",14,72,0.842944545764269,"negative regulation of ubiquitin-protein ligase activity involved in mitotic cell cycle",1
"GO:0000160",1,7,0.85069509730023,"phosphorelay signal transduction system",1
"GO:0000578",1,7,0.85069509730023,"embryonic axis specification",1
"GO:0001539",1,7,0.85069509730023,"cilium or flagellum-dependent cell motility",1
"GO:0001778",1,7,0.85069509730023,"plasma membrane repair",1
"GO:0001867",1,7,0.85069509730023,"complement activation, lectin pathway",1
"GO:0002098",1,7,0.85069509730023,"tRNA wobble uridine modification",1
"GO:0002438",1,7,0.85069509730023,"acute inflammatory response to antigenic stimulus",1
"GO:0002606",1,7,0.85069509730023,"positive regulation of dendritic cell antigen processing and presentation",1
"GO:0003337",1,7,0.85069509730023,"mesenchymal to epithelial transition involved in metanephros morphogenesis",1
"GO:0006029",1,7,0.85069509730023,"proteoglycan metabolic process",1
"GO:0006110",1,7,0.85069509730023,"regulation of glycolytic process",1
"GO:0006516",1,7,0.85069509730023,"glycoprotein catabolic process",1
"GO:0006548",1,7,0.85069509730023,"histidine catabolic process",1
"GO:0006625",1,7,0.85069509730023,"protein targeting to peroxisome",1
"GO:0006657",1,7,0.85069509730023,"CDP-choline pathway",1
"GO:0006817",1,7,0.85069509730023,"phosphate ion transport",1
"GO:0007185",1,7,0.85069509730023,"transmembrane receptor protein tyrosine phosphatase signaling pathway",1
"GO:0008595",1,7,0.85069509730023,"anterior/posterior axis specification, embryo",1
"GO:0008616",1,7,0.85069509730023,"queuosine biosynthetic process",1
"GO:0009266",1,7,0.85069509730023,"response to temperature stimulus",1
"GO:0010764",1,7,0.85069509730023,"negative regulation of fibroblast migration",1
"GO:0010941",1,7,0.85069509730023,"regulation of cell death",1
"GO:0015884",1,7,0.85069509730023,"folic acid transport",1
"GO:0016255",1,7,0.85069509730023,"attachment of GPI anchor to protein",1
"GO:0019441",1,7,0.85069509730023,"tryptophan catabolic process to kynurenine",1
"GO:0030042",1,7,0.85069509730023,"actin filament depolymerization",1
"GO:0030252",1,7,0.85069509730023,"growth hormone secretion",1
"GO:0030278",1,7,0.85069509730023,"regulation of ossification",1
"GO:0031659",1,7,0.85069509730023,"positive regulation of cyclin-dependent protein serine/threonine kinase activity involved in G1/S transition of mitotic cell cycle",1
"GO:0031848",1,7,0.85069509730023,"protection from non-homologous end joining at telomere",1
"GO:0032471",1,7,0.85069509730023,"negative regulation of endoplasmic reticulum calcium ion concentration",1
"GO:0032532",1,7,0.85069509730023,"regulation of microvillus length",1
"GO:0032808",1,7,0.85069509730023,"lacrimal gland development",1
"GO:0032819",1,7,0.85069509730023,"positive regulation of natural killer cell proliferation",1
"GO:0033132",1,7,0.85069509730023,"negative regulation of glucokinase activity",1
"GO:0034115",1,7,0.85069509730023,"negative regulation of heterotypic cell-cell adhesion",1
"GO:0034372",1,7,0.85069509730023,"very-low-density lipoprotein particle remodeling",1
"GO:0034983",1,7,0.85069509730023,"peptidyl-lysine deacetylation",1
"GO:0035065",1,7,0.85069509730023,"regulation of histone acetylation",1
"GO:0035095",1,7,0.85069509730023,"behavioral response to nicotine",1
"GO:0035280",1,7,0.85069509730023,"miRNA loading onto RISC involved in gene silencing by miRNA",1
"GO:0035865",1,7,0.85069509730023,"cellular response to potassium ion",1
"GO:0038066",1,7,0.85069509730023,"p38MAPK cascade",1
"GO:0042148",1,7,0.85069509730023,"strand invasion",1
"GO:0042178",1,7,0.85069509730023,"xenobiotic catabolic process",1
"GO:0042423",1,7,0.85069509730023,"catecholamine biosynthetic process",1
"GO:0042908",1,7,0.85069509730023,"xenobiotic transport",1
"GO:0043405",1,7,0.85069509730023,"regulation of MAP kinase activity",1
"GO:0045650",1,7,0.85069509730023,"negative regulation of macrophage differentiation",1
"GO:0045719",1,7,0.85069509730023,"negative regulation of glycogen biosynthetic process",1
"GO:0046483",1,7,0.85069509730023,"heterocycle metabolic process",1
"GO:0048007",1,7,0.85069509730023,"antigen processing and presentation, exogenous lipid antigen via MHC class Ib",1
"GO:0048066",1,7,0.85069509730023,"developmental pigmentation",1
"GO:0048193",1,7,0.85069509730023,"Golgi vesicle transport",1
"GO:0048642",1,7,0.85069509730023,"negative regulation of skeletal muscle tissue development",1
"GO:0048672",1,7,0.85069509730023,"positive regulation of collateral sprouting",1
"GO:0048679",1,7,0.85069509730023,"regulation of axon regeneration",1
"GO:0050658",1,7,0.85069509730023,"RNA transport",1
"GO:0050862",1,7,0.85069509730023,"positive regulation of T cell receptor signaling pathway",1
"GO:0050891",1,7,0.85069509730023,"multicellular organismal water homeostasis",1
"GO:0051646",1,7,0.85069509730023,"mitochondrion localization",1
"GO:0051683",1,7,0.85069509730023,"establishment of Golgi localization",1
"GO:0060259",1,7,0.85069509730023,"regulation of feeding behavior",1
"GO:0060576",1,7,0.85069509730023,"intestinal epithelial cell development",1
"GO:0060687",1,7,0.85069509730023,"regulation of branching involved in prostate gland morphogenesis",1
"GO:0060972",1,7,0.85069509730023,"left/right pattern formation",1
"GO:0061154",1,7,0.85069509730023,"endothelial tube morphogenesis",1
"GO:0070131",1,7,0.85069509730023,"positive regulation of mitochondrial translation",1
"GO:0071169",1,7,0.85069509730023,"establishment of protein localization to chromatin",1
"GO:0071316",1,7,0.85069509730023,"cellular response to nicotine",1
"GO:0071470",1,7,0.85069509730023,"cellular response to osmotic stress",1
"GO:0071499",1,7,0.85069509730023,"cellular response to laminar fluid shear stress",1
"GO:0071578",1,7,0.85069509730023,"zinc II ion transmembrane import",1
"GO:0071636",1,7,0.85069509730023,"positive regulation of transforming growth factor beta production",1
"GO:0072205",1,7,0.85069509730023,"metanephric collecting duct development",1
"GO:0075522",1,7,0.85069509730023,"IRES-dependent viral translational initiation",1
"GO:0090344",1,7,0.85069509730023,"negative regulation of cell aging",1
"GO:1901409",1,7,0.85069509730023,"positive regulation of phosphorylation of RNA polymerase II C-terminal domain",1
"GO:1903071",1,7,0.85069509730023,"positive regulation of ER-associated ubiquitin-dependent protein catabolic process",1
"GO:1903214",1,7,0.85069509730023,"regulation of protein targeting to mitochondrion",1
"GO:1903608",1,7,0.85069509730023,"protein localization to cytoplasmic stress granule",1
"GO:1903896",1,7,0.85069509730023,"positive regulation of IRE1-mediated unfolded protein response",1
"GO:1904871",1,7,0.85069509730023,"positive regulation of protein localization to Cajal body",1
"GO:2000177",1,7,0.85069509730023,"regulation of neural precursor cell proliferation",1
"GO:2000210",1,7,0.85069509730023,"positive regulation of anoikis",1
"GO:2000510",1,7,0.85069509730023,"positive regulation of dendritic cell chemotaxis",1
"GO:2000543",1,7,0.85069509730023,"positive regulation of gastrulation",1
"GO:2000601",1,7,0.85069509730023,"positive regulation of Arp2/3 complex-mediated actin nucleation",1
"GO:0000460",2,13,0.852064141002111,"maturation of 5.8S rRNA",1
"GO:0001953",2,13,0.852064141002111,"negative regulation of cell-matrix adhesion",1
"GO:0003382",2,13,0.852064141002111,"epithelial cell morphogenesis",1
"GO:0006119",2,13,0.852064141002111,"oxidative phosphorylation",1
"GO:0006878",2,13,0.852064141002111,"cellular copper ion homeostasis",1
"GO:0007009",2,13,0.852064141002111,"plasma membrane organization",1
"GO:0010038",2,13,0.852064141002111,"response to metal ion",1
"GO:0010745",2,13,0.852064141002111,"negative regulation of macrophage derived foam cell differentiation",1
"GO:0010801",2,13,0.852064141002111,"negative regulation of peptidyl-threonine phosphorylation",1
"GO:0030033",2,13,0.852064141002111,"microvillus assembly",1
"GO:0030490",2,13,0.852064141002111,"maturation of SSU-rRNA",1
"GO:0032211",2,13,0.852064141002111,"negative regulation of telomere maintenance via telomerase",1
"GO:0033962",2,13,0.852064141002111,"cytoplasmic mRNA processing body assembly",1
"GO:0034389",2,13,0.852064141002111,"lipid particle organization",1
"GO:0042438",2,13,0.852064141002111,"melanin biosynthetic process",1
"GO:0042711",2,13,0.852064141002111,"maternal behavior",1
"GO:0042994",2,13,0.852064141002111,"cytoplasmic sequestering of transcription factor",1
"GO:0043254",2,13,0.852064141002111,"regulation of protein complex assembly",1
"GO:0045780",2,13,0.852064141002111,"positive regulation of bone resorption",1
"GO:0048665",2,13,0.852064141002111,"neuron fate specification",1
"GO:0050872",2,13,0.852064141002111,"white fat cell differentiation",1
"GO:0050892",2,13,0.852064141002111,"intestinal absorption",1
"GO:0061029",2,13,0.852064141002111,"eyelid development in camera-type eye",1
"GO:0072001",2,13,0.852064141002111,"renal system development",1
"GO:2001275",2,13,0.852064141002111,"positive regulation of glucose import in response to insulin stimulus",1
"GO:0030049",7,39,0.853209778172053,"muscle filament sliding",1
"GO:0051028",7,39,0.853209778172053,"mRNA transport",1
"GO:0006099",5,29,0.853783535279326,"tricarboxylic acid cycle",1
"GO:0010507",5,29,0.853783535279326,"negative regulation of autophagy",1
"GO:0035116",5,29,0.853783535279326,"embryonic hindlimb morphogenesis",1
"GO:0042254",5,29,0.853783535279326,"ribosome biogenesis",1
"GO:0048705",5,29,0.853783535279326,"skeletal system morphogenesis",1
"GO:0048873",5,29,0.853783535279326,"homeostasis of number of cells within a tissue",1
"GO:0007601",40,192,0.853804998535209,"visual perception",1
"GO:0032526",8,44,0.854618671344233,"response to retinoic acid",1
"GO:0008584",17,87,0.855903623265696,"male gonad development",1
"GO:0015721",4,24,0.857228165008397,"bile acid and bile salt transport",1
"GO:0016239",4,24,0.857228165008397,"positive regulation of macroautophagy",1
"GO:0019369",4,24,0.857228165008397,"arachidonic acid metabolic process",1
"GO:0032456",4,24,0.857228165008397,"endocytic recycling",1
"GO:0045742",4,24,0.857228165008397,"positive regulation of epidermal growth factor receptor signaling pathway",1
"GO:0046513",4,24,0.857228165008397,"ceramide biosynthetic process",1
"GO:0046580",4,24,0.857228165008397,"negative regulation of Ras protein signal transduction",1
"GO:0048247",4,24,0.857228165008397,"lymphocyte chemotaxis",1
"GO:0070328",4,24,0.857228165008397,"triglyceride homeostasis",1
"GO:2001243",4,24,0.857228165008397,"negative regulation of intrinsic apoptotic signaling pathway",1
"GO:0090263",23,115,0.857623683503316,"positive regulation of canonical Wnt signaling pathway",1
"GO:0051259",10,54,0.859094741743278,"protein oligomerization",1
"GO:0060395",10,54,0.859094741743278,"SMAD protein signal transduction",1
"GO:0002479",12,64,0.864698332339012,"antigen processing and presentation of exogenous peptide antigen via MHC class I, TAP-dependent",1
"GO:0030183",12,64,0.864698332339012,"B cell differentiation",1
"GO:0008543",16,83,0.864754502150851,"fibroblast growth factor receptor signaling pathway",1
"GO:0006090",3,19,0.86483209230251,"pyruvate metabolic process",1
"GO:0006997",3,19,0.86483209230251,"nucleus organization",1
"GO:0009416",3,19,0.86483209230251,"response to light stimulus",1
"GO:0017015",3,19,0.86483209230251,"regulation of transforming growth factor beta receptor signaling pathway",1
"GO:0019373",3,19,0.86483209230251,"epoxygenase P450 pathway",1
"GO:0032094",3,19,0.86483209230251,"response to food",1
"GO:0032722",3,19,0.86483209230251,"positive regulation of chemokine production",1
"GO:0045861",3,19,0.86483209230251,"negative regulation of proteolysis",1
"GO:0046716",3,19,0.86483209230251,"muscle cell cellular homeostasis",1
"GO:0007030",13,69,0.867693735190142,"Golgi organization",1
"GO:0045087",81,377,0.869380103945593,"innate immune response",1
"GO:0030819",7,40,0.871194316645295,"positive regulation of cAMP biosynthetic process",1
"GO:1901215",7,40,0.871194316645295,"negative regulation of neuron death",1
"GO:0006418",6,35,0.871865839390908,"tRNA aminoacylation for protein translation",1
"GO:0007631",6,35,0.871865839390908,"feeding behavior",1
"GO:0046718",15,79,0.873824735481086,"viral entry into host cell",1
"GO:0031122",5,30,0.874112184630824,"cytoplasmic microtubule organization",1
"GO:0061025",5,30,0.874112184630824,"membrane fusion",1
"GO:0000375",4,25,0.878814443526101,"RNA splicing, via transesterification reactions",1
"GO:0019432",4,25,0.878814443526101,"triglyceride biosynthetic process",1
"GO:0030511",4,25,0.878814443526101,"positive regulation of transforming growth factor beta receptor signaling pathway",1
"GO:0043484",4,25,0.878814443526101,"regulation of RNA splicing",1
"GO:0051225",4,25,0.878814443526101,"spindle assembly",1
"NOT GO:1902017",4,25,0.878814443526101,"NOT regulation of cilium assembly",1
"GO:0006376",2,14,0.880312029385114,"mRNA splice site selection",1
"GO:0006636",2,14,0.880312029385114,"unsaturated fatty acid biosynthetic process",1
"GO:0006768",2,14,0.880312029385114,"biotin metabolic process",1
"GO:0006957",2,14,0.880312029385114,"complement activation, alternative pathway",1
"GO:0010608",2,14,0.880312029385114,"posttranscriptional regulation of gene expression",1
"GO:0015695",2,14,0.880312029385114,"organic cation transport",1
"GO:0022904",2,14,0.880312029385114,"respiratory electron transport chain",1
"GO:0030889",2,14,0.880312029385114,"negative regulation of B cell proliferation",1
"GO:0035050",2,14,0.880312029385114,"embryonic heart tube development",1
"GO:0042633",2,14,0.880312029385114,"hair cycle",1
"GO:0043101",2,14,0.880312029385114,"purine-containing compound salvage",1
"GO:0043923",2,14,0.880312029385114,"positive regulation by host of viral transcription",1
"GO:0048009",2,14,0.880312029385114,"insulin-like growth factor receptor signaling pathway",1
"GO:0048026",2,14,0.880312029385114,"positive regulation of mRNA splicing, via spliceosome",1
"GO:0048240",2,14,0.880312029385114,"sperm capacitation",1
"GO:0048546",2,14,0.880312029385114,"digestive tract morphogenesis",1
"GO:0060347",2,14,0.880312029385114,"heart trabecula formation",1
"GO:0060397",2,14,0.880312029385114,"JAK-STAT cascade involved in growth hormone signaling pathway",1
"GO:0071354",2,14,0.880312029385114,"cellular response to interleukin-6",1
"GO:0080182",2,14,0.880312029385114,"histone H3-K4 trimethylation",1
"GO:1902043",2,14,0.880312029385114,"positive regulation of extrinsic apoptotic signaling pathway via death domain receptors",1
"GO:0000463",1,8,0.88622219889764,"maturation of LSU-rRNA from tricistronic rRNA transcript (SSU-rRNA, 5.8S rRNA, LSU-rRNA)",1
"GO:0001955",1,8,0.88622219889764,"blood vessel maturation",1
"GO:0002115",1,8,0.88622219889764,"store-operated calcium entry",1
"GO:0002467",1,8,0.88622219889764,"germinal center formation",1
"GO:0006220",1,8,0.88622219889764,"pyrimidine nucleotide metabolic process",1
"GO:0006475",1,8,0.88622219889764,"internal protein amino acid acetylation",1
"GO:0006610",1,8,0.88622219889764,"ribosomal protein import into nucleus",1
"GO:0006690",1,8,0.88622219889764,"icosanoid metabolic process",1
"GO:0006704",1,8,0.88622219889764,"glucocorticoid biosynthetic process",1
"GO:0006903",1,8,0.88622219889764,"vesicle targeting",1
"GO:0006942",1,8,0.88622219889764,"regulation of striated muscle contraction",1
"GO:0007606",1,8,0.88622219889764,"sensory perception of chemical stimulus",1
"GO:0008635",1,8,0.88622219889764,"activation of cysteine-type endopeptidase activity involved in apoptotic process by cytochrome c",1
"GO:0009062",1,8,0.88622219889764,"fatty acid catabolic process",1
"GO:0010470",1,8,0.88622219889764,"regulation of gastrulation",1
"GO:0010591",1,8,0.88622219889764,"regulation of lamellipodium assembly",1
"GO:0014732",1,8,0.88622219889764,"skeletal muscle atrophy",1
"GO:0015844",1,8,0.88622219889764,"monoamine transport",1
"GO:0015889",1,8,0.88622219889764,"cobalamin transport",1
"GO:0015986",1,8,0.88622219889764,"ATP synthesis coupled proton transport",1
"GO:0016322",1,8,0.88622219889764,"neuron remodeling",1
"GO:0017183",1,8,0.88622219889764,"peptidyl-diphthamide biosynthetic process from peptidyl-histidine",1
"GO:0018026",1,8,0.88622219889764,"peptidyl-lysine monomethylation",1
"GO:0030157",1,8,0.88622219889764,"pancreatic juice secretion",1
"GO:0031023",1,8,0.88622219889764,"microtubule organizing center organization",1
"GO:0031102",1,8,0.88622219889764,"neuron projection regeneration",1
"GO:0032049",1,8,0.88622219889764,"cardiolipin biosynthetic process",1
"GO:0032688",1,8,0.88622219889764,"negative regulation of interferon-beta production",1
"GO:0032790",1,8,0.88622219889764,"ribosome disassembly",1
"GO:0034101",1,8,0.88622219889764,"erythrocyte homeostasis",1
"GO:0034379",1,8,0.88622219889764,"very-low-density lipoprotein particle assembly",1
"GO:0034475",1,8,0.88622219889764,"U4 snRNA 3'-end processing",1
"GO:0034629",1,8,0.88622219889764,"cellular protein complex localization",1
"GO:0035137",1,8,0.88622219889764,"hindlimb morphogenesis",1
"GO:0035456",1,8,0.88622219889764,"response to interferon-beta",1
"GO:0035845",1,8,0.88622219889764,"photoreceptor cell outer segment organization",1
"GO:0040019",1,8,0.88622219889764,"positive regulation of embryonic development",1
"GO:0042074",1,8,0.88622219889764,"cell migration involved in gastrulation",1
"GO:0042448",1,8,0.88622219889764,"progesterone metabolic process",1
"GO:0043068",1,8,0.88622219889764,"positive regulation of programmed cell death",1
"GO:0043666",1,8,0.88622219889764,"regulation of phosphoprotein phosphatase activity",1
"GO:0045059",1,8,0.88622219889764,"positive thymic T cell selection",1
"GO:0045348",1,8,0.88622219889764,"positive regulation of MHC class II biosynthetic process",1
"GO:0045416",1,8,0.88622219889764,"positive regulation of interleukin-8 biosynthetic process",1
"GO:0045647",1,8,0.88622219889764,"negative regulation of erythrocyte differentiation",1
"GO:0048227",1,8,0.88622219889764,"plasma membrane to endosome transport",1
"GO:0050665",1,8,0.88622219889764,"hydrogen peroxide biosynthetic process",1
"GO:0050687",1,8,0.88622219889764,"negative regulation of defense response to virus",1
"GO:0050764",1,8,0.88622219889764,"regulation of phagocytosis",1
"GO:0051013",1,8,0.88622219889764,"microtubule severing",1
"GO:0051205",1,8,0.88622219889764,"protein insertion into membrane",1
"GO:0051601",1,8,0.88622219889764,"exocyst localization",1
"GO:0060231",1,8,0.88622219889764,"mesenchymal to epithelial transition",1
"GO:0060840",1,8,0.88622219889764,"artery development",1
"GO:0060968",1,8,0.88622219889764,"regulation of gene silencing",1
"GO:0061303",1,8,0.88622219889764,"cornea development in camera-type eye",1
"GO:0070475",1,8,0.88622219889764,"rRNA base methylation",1
"GO:0071482",1,8,0.88622219889764,"cellular response to light stimulus",1
"GO:0072321",1,8,0.88622219889764,"chaperone-mediated protein transport",1
"GO:0090005",1,8,0.88622219889764,"negative regulation of establishment of protein localization to plasma membrane",1
"GO:0090150",1,8,0.88622219889764,"establishment of protein localization to membrane",1
"GO:0090181",1,8,0.88622219889764,"regulation of cholesterol metabolic process",1
"GO:0090277",1,8,0.88622219889764,"positive regulation of peptide hormone secretion",1
"GO:0098719",1,8,0.88622219889764,"sodium ion import across plasma membrane",1
"GO:1900364",1,8,0.88622219889764,"negative regulation of mRNA polyadenylation",1
"GO:2000020",1,8,0.88622219889764,"positive regulation of male gonad development",1
"GO:2000344",1,8,0.88622219889764,"positive regulation of acrosome reaction",1
"GO:0010467",9,51,0.887182905360678,"gene expression",1
"GO:0010039",3,20,0.887556873679781,"response to iron ion",1
"GO:0032435",3,20,0.887556873679781,"negative regulation of proteasomal ubiquitin-dependent protein catabolic process",1
"GO:0032753",3,20,0.887556873679781,"positive regulation of interleukin-4 production",1
"GO:0045022",3,20,0.887556873679781,"early endosome to late endosome transport",1
"GO:0070207",3,20,0.887556873679781,"protein homotrimerization",1
"GO:0071542",3,20,0.887556873679781,"dopaminergic neuron differentiation",1
"GO:0008202",6,36,0.888857567824505,"steroid metabolic process",1
"GO:0051437",14,76,0.894505906619259,"positive regulation of ubiquitin-protein ligase activity involved in regulation of mitotic cell cycle transition",1
"GO:0006508",90,422,0.896766843310784,"proteolysis",1
"GO:0019216",4,26,0.897507077293599,"regulation of lipid metabolic process",1
"GO:0032715",4,26,0.897507077293599,"negative regulation of interleukin-6 production",1
"GO:0009967",10,57,0.900577315288117,"positive regulation of signal transduction",1
"GO:0050896",10,57,0.900577315288117,"response to stimulus",1
"GO:0001658",7,42,0.901708634352272,"branching involved in ureteric bud morphogenesis",1
"GO:0010501",7,42,0.901708634352272,"RNA secondary structure unwinding",1
"GO:0003094",2,15,0.903494710953078,"glomerular filtration",1
"GO:0006388",2,15,0.903494710953078,"tRNA splicing, via endonucleolytic cleavage and ligation",1
"GO:0006691",2,15,0.903494710953078,"leukotriene metabolic process",1
"GO:0006750",2,15,0.903494710953078,"glutathione biosynthetic process",1
"GO:0016226",2,15,0.903494710953078,"iron-sulfur cluster assembly",1
"GO:0034587",2,15,0.903494710953078,"piRNA metabolic process",1
"GO:0036503",2,15,0.903494710953078,"ERAD pathway",1
"GO:0043508",2,15,0.903494710953078,"negative regulation of JUN kinase activity",1
"GO:0043981",2,15,0.903494710953078,"histone H4-K5 acetylation",1
"GO:0043982",2,15,0.903494710953078,"histone H4-K8 acetylation",1
"GO:0046685",2,15,0.903494710953078,"response to arsenic-containing substance",1
"GO:1900153",2,15,0.903494710953078,"positive regulation of nuclear-transcribed mRNA catabolic process, deadenylation-dependent decay",1
"GO:1901214",2,15,0.903494710953078,"regulation of neuron death",1
"GO:2000785",2,15,0.903494710953078,"regulation of autophagosome assembly",1
"GO:0006635",6,37,0.90389369995624,"fatty acid beta-oxidation",1
"GO:0031047",19,101,0.905018640699445,"gene silencing by RNA",1
"GO:0007140",3,21,0.906798333137162,"male meiosis",1
"GO:0007548",3,21,0.906798333137162,"sex differentiation",1
"GO:0008156",3,21,0.906798333137162,"negative regulation of DNA replication",1
"GO:0016338",3,21,0.906798333137162,"calcium-independent cell-cell adhesion via plasma membrane cell-adhesion molecules",1
"GO:0043252",3,21,0.906798333137162,"sodium-independent organic anion transport",1
"GO:0046697",3,21,0.906798333137162,"decidualization",1
"GO:0006405",9,53,0.912126394332779,"RNA export from nucleus",1
"GO:0001542",1,9,0.913296980409022,"ovulation from ovarian follicle",1
"GO:0002021",1,9,0.913296980409022,"response to dietary excess",1
"GO:0002281",1,9,0.913296980409022,"macrophage activation involved in immune response",1
"GO:0006473",1,9,0.913296980409022,"protein acetylation",1
"GO:0006569",1,9,0.913296980409022,"tryptophan catabolic process",1
"GO:0006623",1,9,0.913296980409022,"protein targeting to vacuole",1
"GO:0006807",1,9,0.913296980409022,"nitrogen compound metabolic process",1
"GO:0008593",1,9,0.913296980409022,"regulation of Notch signaling pathway",1
"GO:0010224",1,9,0.913296980409022,"response to UV-B",1
"GO:0010873",1,9,0.913296980409022,"positive regulation of cholesterol esterification",1
"GO:0010884",1,9,0.913296980409022,"positive regulation of lipid storage",1
"GO:0010944",1,9,0.913296980409022,"negative regulation of transcription by competitive promoter binding",1
"GO:0010955",1,9,0.913296980409022,"negative regulation of protein processing",1
"GO:0015937",1,9,0.913296980409022,"coenzyme A biosynthetic process",1
"GO:0019953",1,9,0.913296980409022,"sexual reproduction",1
"GO:0030851",1,9,0.913296980409022,"granulocyte differentiation",1
"GO:0031053",1,9,0.913296980409022,"primary miRNA processing",1
"GO:0031638",1,9,0.913296980409022,"zymogen activation",1
"GO:0031639",1,9,0.913296980409022,"plasminogen activation",1
"GO:0031642",1,9,0.913296980409022,"negative regulation of myelination",1
"GO:0032966",1,9,0.913296980409022,"negative regulation of collagen biosynthetic process",1
"GO:0034063",1,9,0.913296980409022,"stress granule assembly",1
"GO:0034427",1,9,0.913296980409022,"nuclear-transcribed mRNA catabolic process, exonucleolytic, 3'-5'",1
"GO:0034498",1,9,0.913296980409022,"early endosome to Golgi transport",1
"GO:0035372",1,9,0.913296980409022,"protein localization to microtubule",1
"GO:0035413",1,9,0.913296980409022,"positive regulation of catenin import into nucleus",1
"GO:0042473",1,9,0.913296980409022,"outer ear morphogenesis",1
"GO:0045124",1,9,0.913296980409022,"regulation of bone resorption",1
"GO:0045141",1,9,0.913296980409022,"meiotic telomere clustering",1
"GO:0046007",1,9,0.913296980409022,"negative regulation of activated T cell proliferation",1
"GO:0046641",1,9,0.913296980409022,"positive regulation of alpha-beta T cell proliferation",1
"GO:0050778",1,9,0.913296980409022,"positive regulation of immune response",1
"GO:0051123",1,9,0.913296980409022,"RNA polymerase II transcriptional preinitiation complex assembly",1
"GO:0060290",1,9,0.913296980409022,"transdifferentiation",1
"GO:0060586",1,9,0.913296980409022,"multicellular organismal iron ion homeostasis",1
"GO:0070307",1,9,0.913296980409022,"lens fiber cell development",1
"GO:0071028",1,9,0.913296980409022,"nuclear mRNA surveillance",1
"GO:0072091",1,9,0.913296980409022,"regulation of stem cell proliferation",1
"GO:0090281",1,9,0.913296980409022,"negative regulation of calcium ion import",1
"GO:0097186",1,9,0.913296980409022,"amelogenesis",1
"GO:1900017",1,9,0.913296980409022,"positive regulation of cytokine production involved in inflammatory response",1
"GO:1900181",1,9,0.913296980409022,"negative regulation of protein localization to nucleus",1
"GO:1902902",1,9,0.913296980409022,"negative regulation of autophagosome assembly",1
"GO:1904153",1,9,0.913296980409022,"negative regulation of retrograde protein transport, ER to cytosol",1
"GO:0006694",4,27,0.913609254982712,"steroid biosynthetic process",1
"GO:0030901",4,27,0.913609254982712,"midbrain development",1
"GO:0006367",30,154,0.91476135636231,"transcription initiation from RNA polymerase II promoter",1
"GO:0018149",5,33,0.921243310629462,"peptide cross-linking",1
"GO:0030216",10,59,0.922141071401204,"keratinocyte differentiation",1
"GO:0006402",2,16,0.922423076246764,"mRNA catabolic process",1
"GO:0006414",2,16,0.922423076246764,"translational elongation",1
"GO:0006833",2,16,0.922423076246764,"water transport",1
"GO:0007292",2,16,0.922423076246764,"female gamete generation",1
"GO:0030330",2,16,0.922423076246764,"DNA damage response, signal transduction by p53 class mediator",1
"GO:0032874",2,16,0.922423076246764,"positive regulation of stress-activated MAPK cascade",1
"GO:0042267",2,16,0.922423076246764,"natural killer cell mediated cytotoxicity",1
"GO:1904355",2,16,0.922423076246764,"positive regulation of telomere capping",1
"GO:0030316",3,22,0.923004403645081,"osteoclast differentiation",1
"GO:0050871",3,22,0.923004403645081,"positive regulation of B cell activation",1
"GO:0042127",31,160,0.923251532763004,"regulation of cell proliferation",1
"GO:0019827",8,49,0.923903308898442,"stem cell population maintenance",1
"GO:0006342",5,34,0.933051992454637,"chromatin silencing",1
"GO:0001825",1,10,0.933930027225377,"blastocyst formation",1
"GO:0002003",1,10,0.933930027225377,"angiotensin maturation",1
"GO:0002726",1,10,0.933930027225377,"positive regulation of T cell cytokine production",1
"GO:0006826",1,10,0.933930027225377,"iron ion transport",1
"GO:0006828",1,10,0.933930027225377,"manganese ion transport",1
"GO:0007084",1,10,0.933930027225377,"mitotic nuclear envelope reassembly",1
"GO:0007168",1,10,0.933930027225377,"receptor guanylyl cyclase signaling pathway",1
"GO:0009116",1,10,0.933930027225377,"nucleoside metabolic process",1
"GO:0015871",1,10,0.933930027225377,"choline transport",1
"GO:0016075",1,10,0.933930027225377,"rRNA catabolic process",1
"GO:0016558",1,10,0.933930027225377,"protein import into peroxisome matrix",1
"GO:0032206",1,10,0.933930027225377,"positive regulation of telomere maintenance",1
"GO:0032502",1,10,0.933930027225377,"developmental process",1
"GO:0032703",1,10,0.933930027225377,"negative regulation of interleukin-2 production",1
"GO:0034497",1,10,0.933930027225377,"protein localization to pre-autophagosomal structure",1
"GO:0042535",1,10,0.933930027225377,"positive regulation of tumor necrosis factor biosynthetic process",1
"GO:0044241",1,10,0.933930027225377,"lipid digestion",1
"GO:0044341",1,10,0.933930027225377,"sodium-dependent phosphate transport",1
"GO:0045899",1,10,0.933930027225377,"positive regulation of RNA polymerase II transcriptional preinitiation complex assembly",1
"GO:0046325",1,10,0.933930027225377,"negative regulation of glucose import",1
"GO:0046689",1,10,0.933930027225377,"response to mercury ion",1
"GO:0048745",1,10,0.933930027225377,"smooth muscle tissue development",1
"GO:0048853",1,10,0.933930027225377,"forebrain morphogenesis",1
"GO:0051918",1,10,0.933930027225377,"negative regulation of fibrinolysis",1
"GO:0060158",1,10,0.933930027225377,"phospholipase C-activating dopamine receptor signaling pathway",1
"GO:0060445",1,10,0.933930027225377,"branching involved in salivary gland morphogenesis",1
"GO:0060487",1,10,0.933930027225377,"lung epithelial cell differentiation",1
"GO:0061014",1,10,0.933930027225377,"positive regulation of mRNA catabolic process",1
"GO:0070914",1,10,0.933930027225377,"UV-damage excision repair",1
"GO:0072488",1,10,0.933930027225377,"ammonium transmembrane transport",1
"GO:0090084",1,10,0.933930027225377,"negative regulation of inclusion body assembly",1
"GO:0090394",1,10,0.933930027225377,"negative regulation of excitatory postsynaptic potential",1
"GO:1901652",1,10,0.933930027225377,"response to peptide",1
"GO:1901653",1,10,0.933930027225377,"cellular response to peptide",1
"GO:0000398",43,218,0.935163047200386,"mRNA splicing, via spliceosome",1
"GO:0009617",3,23,0.936588715506057,"response to bacterium",1
"GO:0022604",3,23,0.936588715506057,"regulation of cell morphogenesis",1
"GO:0006457",29,153,0.936814327211355,"protein folding",1
"GO:0043651",2,17,0.937808918109416,"linoleic acid metabolic process",1
"GO:1990126",2,17,0.937808918109416,"retrograde transport, endosome to plasma membrane",1
"GO:0006334",14,81,0.93864752538385,"nucleosome assembly",1
"GO:0001895",6,40,0.938924852868948,"retina homeostasis",1
"GO:0006953",6,40,0.938924852868948,"acute-phase response",1
"GO:0031424",4,29,0.9391937890636,"keratinization",1
"GO:0034612",4,29,0.9391937890636,"response to tumor necrosis factor",1
"GO:0046326",4,29,0.9391937890636,"positive regulation of glucose import",1
"GO:0046677",4,29,0.9391937890636,"response to antibiotic",1
"GO:0061418",4,29,0.9391937890636,"regulation of transcription from RNA polymerase II promoter in response to hypoxia",1
"GO:0044267",18,102,0.946595406247367,"cellular protein metabolic process",1
"GO:0030521",6,41,0.947771899451009,"androgen receptor signaling pathway",1
"GO:0031018",3,24,0.947925937005723,"endocrine pancreas development",1
"GO:0050832",3,24,0.947925937005723,"defense response to fungus",1
"GO:0000096",1,11,0.949653735803385,"sulfur amino acid metabolic process",1
"GO:0001655",1,11,0.949653735803385,"urogenital system development",1
"GO:0001823",1,11,0.949653735803385,"mesonephros development",1
"GO:0006048",1,11,0.949653735803385,"UDP-N-acetylglucosamine biosynthetic process",1
"GO:0006744",1,11,0.949653735803385,"ubiquinone biosynthetic process",1
"GO:0008299",1,11,0.949653735803385,"isoprenoid biosynthetic process",1
"GO:0010458",1,11,0.949653735803385,"exit from mitosis",1
"GO:0010820",1,11,0.949653735803385,"positive regulation of T cell chemotaxis",1
"GO:0010831",1,11,0.949653735803385,"positive regulation of myotube differentiation",1
"GO:0010939",1,11,0.949653735803385,"regulation of necrotic cell death",1
"GO:0015793",1,11,0.949653735803385,"glycerol transport",1
"GO:0021527",1,11,0.949653735803385,"spinal cord association neuron differentiation",1
"GO:0030238",1,11,0.949653735803385,"male sex determination",1
"GO:0033617",1,11,0.949653735803385,"mitochondrial respiratory chain complex IV assembly",1
"GO:0034244",1,11,0.949653735803385,"negative regulation of transcription elongation from RNA polymerase II promoter",1
"GO:0035036",1,11,0.949653735803385,"sperm-egg recognition",1
"GO:0042312",1,11,0.949653735803385,"regulation of vasodilation",1
"GO:0045475",1,11,0.949653735803385,"locomotor rhythm",1
"GO:0045723",1,11,0.949653735803385,"positive regulation of fatty acid biosynthetic process",1
"GO:0045820",1,11,0.949653735803385,"negative regulation of glycolytic process",1
"GO:0046849",1,11,0.949653735803385,"bone remodeling",1
"GO:0046889",1,11,0.949653735803385,"positive regulation of lipid biosynthetic process",1
"GO:0048596",1,11,0.949653735803385,"embryonic camera-type eye morphogenesis",1
"GO:0055078",1,11,0.949653735803385,"sodium ion homeostasis",1
"GO:0060267",1,11,0.949653735803385,"positive regulation of respiratory burst",1
"GO:0060272",1,11,0.949653735803385,"embryonic skeletal joint morphogenesis",1
"GO:2000279",1,11,0.949653735803385,"negative regulation of DNA biosynthetic process",1
"GO:0006479",2,18,0.950266187352144,"protein methylation",1
"GO:0006895",2,18,0.950266187352144,"Golgi to endosome transport",1
"GO:0006998",2,18,0.950266187352144,"nuclear envelope organization",1
"GO:0007031",2,18,0.950266187352144,"peroxisome organization",1
"GO:0010824",2,18,0.950266187352144,"regulation of centrosome duplication",1
"GO:0019370",2,18,0.950266187352144,"leukotriene biosynthetic process",1
"GO:0030539",2,18,0.950266187352144,"male genitalia development",1
"GO:0043623",2,18,0.950266187352144,"cellular protein complex assembly",1
"GO:0060716",2,18,0.950266187352144,"labyrinthine layer blood vessel development",1
"GO:0051897",13,78,0.951442173507439,"positive regulation of protein kinase B signaling",1
"GO:0006370",5,36,0.952022606697638,"7-methylguanosine mRNA capping",1
"GO:0032720",5,36,0.952022606697638,"negative regulation of tumor necrosis factor production",1
"GO:0007338",7,47,0.952315235822076,"single fertilization",1
"GO:0031124",7,47,0.952315235822076,"mRNA 3'-end processing",1
"GO:0070936",7,47,0.952315235822076,"protein K48-linked ubiquitination",1
"GO:0032436",10,63,0.953506189116042,"positive regulation of proteasomal ubiquitin-dependent protein catabolic process",1
"GO:0043010",6,42,0.955449110300798,"camera-type eye development",1
"GO:0043966",6,42,0.955449110300798,"histone H3 acetylation",1
"GO:0034198",3,25,0.957350231571126,"cellular response to amino acid starvation",1
"GO:0006695",5,37,0.959542748375981,"cholesterol biosynthetic process",1
"GO:0008625",5,37,0.959542748375981,"extrinsic apoptotic signaling pathway via death domain receptors",1
"GO:0009235",2,19,0.960317257357983,"cobalamin metabolic process",1
"GO:0010596",2,19,0.960317257357983,"negative regulation of endothelial cell migration",1
"GO:0045333",2,19,0.960317257357983,"cellular respiration",1
"GO:0048557",2,19,0.960317257357983,"embryonic digestive tract morphogenesis",1
"GO:1902236",2,19,0.960317257357983,"negative regulation of endoplasmic reticulum stress-induced intrinsic apoptotic signaling pathway",1
"GO:0002223",17,100,0.96113144197124,"stimulatory C-type lectin receptor signaling pathway",1
"GO:0015711",1,12,0.961636025826974,"organic anion transport",1
"GO:0019068",1,12,0.961636025826974,"virion assembly",1
"GO:0030150",1,12,0.961636025826974,"protein import into mitochondrial matrix",1
"GO:0030212",1,12,0.961636025826974,"hyaluronan metabolic process",1
"GO:0031640",1,12,0.961636025826974,"killing of cells of other organism",1
"GO:0033147",1,12,0.961636025826974,"negative regulation of intracellular estrogen receptor signaling pathway",1
"GO:0035278",1,12,0.961636025826974,"miRNA mediated inhibition of translation",1
"GO:0042407",1,12,0.961636025826974,"cristae formation",1
"GO:0042738",1,12,0.961636025826974,"exogenous drug catabolic process",1
"GO:0060213",1,12,0.961636025826974,"positive regulation of nuclear-transcribed mRNA poly(A) tail shortening",1
"GO:1901673",1,12,0.961636025826974,"regulation of mitotic spindle assembly",1
"GO:0008203",10,65,0.964514526264094,"cholesterol metabolic process",1
"GO:0006383",4,32,0.96483462893877,"transcription from RNA polymerase III promoter",1
"GO:0006656",3,26,0.965155860389934,"phosphatidylcholine biosynthetic process",1
"GO:0006891",3,26,0.965155860389934,"intra-Golgi vesicle-mediated transport",1
"GO:0002181",2,20,0.968401744433339,"cytoplasmic translation",1
"GO:0031016",2,20,0.968401744433339,"pancreas development",1
"GO:0032438",2,20,0.968401744433339,"melanosome organization",1
"GO:0039702",2,20,0.968401744433339,"viral budding via host ESCRT complex",1
"GO:0050853",7,50,0.969981362380977,"B cell receptor signaling pathway",1
"GO:0000956",1,13,0.970767016229046,"nuclear-transcribed mRNA catabolic process",1
"GO:0006122",1,13,0.970767016229046,"mitochondrial electron transport, ubiquinol to cytochrome c",1
"GO:0009992",1,13,0.970767016229046,"cellular water homeostasis",1
"GO:0010867",1,13,0.970767016229046,"positive regulation of triglyceride biosynthetic process",1
"GO:0016973",1,13,0.970767016229046,"poly(A)+ mRNA export from nucleus",1
"GO:0019372",1,13,0.970767016229046,"lipoxygenase pathway",1
"GO:0019395",1,13,0.970767016229046,"fatty acid oxidation",1
"GO:0031054",1,13,0.970767016229046,"pre-miRNA processing",1
"GO:0032784",1,13,0.970767016229046,"regulation of DNA-templated transcription, elongation",1
"GO:0035589",1,13,0.970767016229046,"G-protein coupled purinergic nucleotide receptor signaling pathway",1
"GO:0036109",1,13,0.970767016229046,"alpha-linolenic acid metabolic process",1
"GO:0045116",1,13,0.970767016229046,"protein neddylation",1
"GO:0051131",1,13,0.970767016229046,"chaperone-mediated protein complex assembly",1
"GO:0060334",1,13,0.970767016229046,"regulation of interferon-gamma-mediated signaling pathway",1
"GO:0060441",1,13,0.970767016229046,"epithelial tube branching involved in lung morphogenesis",1
"GO:0070306",1,13,0.970767016229046,"lens fiber cell differentiation",1
"GO:1990440",1,13,0.970767016229046,"positive regulation of transcription from RNA polymerase II promoter in response to endoplasmic reticulum stress",1
"GO:1903507",5,39,0.971438074727594,"negative regulation of nucleic acid-templated transcription",1
"GO:0006378",3,27,0.971599186065837,"mRNA polyadenylation",1
"GO:0006754",3,27,0.971599186065837,"ATP biosynthetic process",1
"GO:0016573",3,27,0.971599186065837,"histone acetylation",1
"GO:0050690",3,27,0.971599186065837,"regulation of defense response to virus by virus",1
"GO:0090503",3,27,0.971599186065837,"RNA phosphodiester bond hydrolysis, exonucleolytic",1
"GO:0006952",8,56,0.972252641004599,"defense response",1
"GO:0016236",11,73,0.975570796773056,"macroautophagy",1
"GO:0006626",4,34,0.975886588849374,"protein targeting to mitochondrion",1
"GO:0043330",4,34,0.975886588849374,"response to exogenous dsRNA",1
"GO:0006959",8,57,0.976180067320759,"humoral immune response",1
"GO:0001654",3,28,0.976901520665293,"eye development",1
"GO:0006357",74,377,0.977707750331536,"regulation of transcription from RNA polymerase II promoter",1
"GO:0006450",1,14,0.977725092140118,"regulation of translational fidelity",1
"GO:0007340",1,14,0.977725092140118,"acrosome reaction",1
"GO:0030970",1,14,0.977725092140118,"retrograde protein transport, ER to cytosol",1
"GO:0044130",1,14,0.977725092140118,"negative regulation of growth of symbiont in host",1
"GO:1902176",1,14,0.977725092140118,"negative regulation of oxidative stress-induced intrinsic apoptotic signaling pathway",1
"GO:0006091",7,52,0.978184352043539,"generation of precursor metabolites and energy",1
"GO:0000209",32,180,0.979447588186717,"protein polyubiquitination",1
"GO:0050830",8,58,0.979591093182435,"defense response to Gram-positive bacterium",1
"GO:0030218",5,41,0.980014893104121,"erythrocyte differentiation",1
"GO:0002286",2,22,0.9800745050833,"T cell activation involved in immune response",1
"GO:0007588",4,35,0.980097802296786,"excretion",1
"GO:0045597",4,35,0.980097802296786,"positive regulation of cell differentiation",1
"GO:0032543",3,29,0.981252412773181,"mitochondrial translation",1
"GO:0050434",3,29,0.981252412773181,"positive regulation of viral transcription",1
"GO:0000028",1,15,0.983027262224907,"ribosomal small subunit assembly",1
"GO:0006309",1,15,0.983027262224907,"apoptotic DNA fragmentation",1
"GO:0042274",1,15,0.983027262224907,"ribosomal small subunit biogenesis",1
"GO:0044804",1,15,0.983027262224907,"nucleophagy",1
"GO:0048011",1,15,0.983027262224907,"neurotrophin TRK receptor signaling pathway",1
"GO:0048738",1,15,0.983027262224907,"cardiac muscle tissue development",1
"GO:0030890",4,36,0.98360720174668,"positive regulation of B cell proliferation",1
"GO:0000715",2,23,0.984216008852562,"nucleotide-excision repair, DNA damage recognition",1
"GO:0001819",2,23,0.984216008852562,"positive regulation of cytokine production",1
"GO:0032733",2,23,0.984216008852562,"positive regulation of interleukin-10 production",1
"GO:0033209",19,118,0.984280576015472,"tumor necrosis factor-mediated signaling pathway",1
"GO:0036258",3,30,0.984813087126677,"multivesicular body assembly",1
"GO:0042795",10,71,0.984914254953949,"snRNA transcription from RNA polymerase II promoter",1
"GO:0010466",1,16,0.987067541290116,"negative regulation of peptidase activity",1
"GO:0044257",1,16,0.987067541290116,"cellular protein catabolic process",1
"GO:0045104",1,16,0.987067541290116,"intermediate filament cytoskeleton organization",1
"GO:0048208",8,61,0.987304134668222,"COPII vesicle coating",1
"GO:0006352",2,24,0.987515106293183,"DNA-templated transcription, initiation",1
"GO:0006914",18,115,0.987841363981832,"autophagy",1
"GO:0030433",7,56,0.98874171559082,"ER-associated ubiquitin-dependent protein catabolic process",1
"GO:0019731",4,38,0.988942564308694,"antibacterial humoral response",1
"GO:0043161",33,192,0.989645285244279,"proteasome-mediated ubiquitin-dependent protein catabolic process",1
"GO:0035115",3,32,0.990087277737483,"embryonic forelimb morphogenesis",1
"GO:0000183",2,25,0.99013813887771,"chromatin silencing at rDNA",1
"GO:0002227",1,17,0.99014620523891,"innate immune response in mucosa",1
"GO:1901741",1,17,0.99014620523891,"positive regulation of myoblast fusion",1
"GO:0006521",6,51,0.990342171482683,"regulation of cellular amino acid metabolic process",1
"GO:0006412",37,213,0.99089885080539,"translation",1
"GO:0051898",4,39,0.990943077403677,"negative regulation of protein kinase B signaling",1
"GO:0001890",3,33,0.992011283054467,"placenta development",1
"GO:0006641",3,33,0.992011283054467,"triglyceride metabolic process",1
"GO:0007032",3,33,0.992011283054467,"endosome organization",1
"GO:0044255",3,33,0.992011283054467,"cellular lipid metabolic process",1
"GO:0030220",1,18,0.992492088644014,"platelet formation",1
"GO:0032200",1,18,0.992492088644014,"telomere organization",1
"GO:0042832",1,18,0.992492088644014,"defense response to protozoan",1
"GO:0045815",6,53,0.99326458058252,"positive regulation of gene expression, epigenetic",1
"GO:0043488",15,104,0.993483894615038,"regulation of mRNA stability",1
"GO:0019058",2,27,0.99386966016656,"viral life cycle",1
"GO:0070979",2,27,0.99386966016656,"protein K11-linked ubiquitination",1
"GO:0006855",1,19,0.994279579271016,"drug transmembrane transport",1
"GO:0033141",1,19,0.994279579271016,"positive regulation of peptidyl-serine phosphorylation of STAT protein",1
"GO:1902600",6,54,0.994388875928843,"hydrogen ion transmembrane transport",1
"GO:0006986",4,43,0.995989113363957,"response to unfolded protein",1
"GO:0009653",12,91,0.996040606319696,"anatomical structure morphogenesis",1
"GO:0006888",22,145,0.996082939268359,"ER to Golgi vesicle-mediated transport",1
"GO:0001580",2,29,0.996206197140248,"detection of chemical stimulus involved in sensory perception of bitter taste",1
"GO:0006446",3,37,0.996678989266531,"regulation of translational initiation",1
"GO:0051568",1,21,0.996679333405002,"histone H3-K4 methylation",1
"GO:0042147",7,63,0.996684325666396,"retrograde transport, endosome to Golgi",1
"GO:0016197",7,64,0.997232143207951,"endosomal transport",1
"GO:0042273",1,22,0.997470039515559,"ribosomal large subunit biogenesis",1
"GO:0042100",2,31,0.997661380285063,"B cell proliferation",1
"GO:0007608",7,66,0.998078992000049,"sensory perception of smell",1
"GO:0038061",7,66,0.998078992000049,"NIK/NF-kappaB signaling",1
"GO:0032689",1,24,0.998531512374856,"negative regulation of interferon-gamma production",1
"GO:0055010",1,24,0.998531512374856,"ventricular cardiac muscle tissue morphogenesis",1
"GO:0019083",14,110,0.998781691524598,"viral transcription",1
"GO:0002376",1,25,0.99888123627057,"immune system process",1
"GO:0046487",1,25,0.99888123627057,"glyoxylate metabolic process",1
"GO:0008544",8,76,0.999040330302671,"epidermis development",1
"GO:0060338",1,26,0.999147685904659,"regulation of type I interferon-mediated signaling pathway",1
"GO:0002250",19,141,0.99922201379367,"adaptive immune response",1
"GO:0048468",2,36,0.999312316080637,"cell development",1
"GO:0000289",1,27,0.999350686894586,"nuclear-transcribed mRNA poly(A) tail shortening",1
"GO:0008333",2,39,0.999672782791911,"endosome to lysosome transport",1
"GO:0006368",7,83,0.999928282422377,"transcription elongation from RNA polymerase II promoter",1
"GO:0006120",1,42,0.999989048951384,"mitochondrial electron transport, NADH to ubiquinone",1
"GO:0042742",10,113,0.999989820754756,"defense response to bacterium",1
"GO:0006364",23,201,0.999997300052271,"rRNA processing",1
"GO:0070126",5,86,0.9999983699296,"mitochondrial translational termination",1
"GO:0070125",4,84,0.999999613543475,"mitochondrial translational elongation",1
"GO:0032981",1,55,0.999999682591785,"mitochondrial respiratory chain complex I assembly",1
"GO:0006614",4,92,0.999999943179559,"SRP-dependent cotranslational protein targeting to membrane",1
"GO:0000184",6,116,0.999999989372998,"nuclear-transcribed mRNA catabolic process, nonsense-mediated decay",1
"GO:0006413",6,131,0.999999999678643,"translational initiation",1
"GO:0050911",1,87,0.999999999948565,"detection of chemical stimulus involved in sensory perception of smell",1
"GO:0000012",0,8,1,"single strand break repair",1
"GO:0000027",0,20,1,"ribosomal large subunit assembly",1
"GO:0000103",0,8,1,"sulfate assimilation",1
"GO:0000301",0,6,1,"retrograde transport, vesicle recycling within Golgi",1
"GO:0000395",0,6,1,"mRNA 5'-splice site recognition",1
"GO:0000447",0,6,1,"endonucleolytic cleavage in ITS1 to separate SSU-rRNA from 5.8S rRNA and LSU-rRNA from tricistronic rRNA transcript (SSU-rRNA, 5.8S rRNA, LSU-rRNA)",1
"GO:0001522",0,6,1,"pseudouridine synthesis",1
"GO:0001547",0,5,1,"antral ovarian follicle growth",1
"GO:0001711",0,6,1,"endodermal cell fate commitment",1
"GO:0001714",0,5,1,"endodermal cell fate specification",1
"GO:0001731",0,21,1,"formation of translation preinitiation complex",1
"GO:0001832",0,5,1,"blastocyst growth",1
"GO:0001887",0,5,1,"selenium compound metabolic process",1
"GO:0001916",0,12,1,"positive regulation of T cell mediated cytotoxicity",1
"GO:0001919",0,5,1,"regulation of receptor recycling",1
"GO:0001992",0,5,1,"regulation of systemic arterial blood pressure by vasopressin",1
"GO:0002260",0,5,1,"lymphocyte homeostasis",1
"GO:0002323",0,19,1,"natural killer cell activation involved in immune response",1
"GO:0002430",0,5,1,"complement receptor mediated signaling pathway",1
"GO:0002682",0,6,1,"regulation of immune system process",1
"GO:0002725",0,6,1,"negative regulation of T cell cytokine production",1
"GO:0002826",0,5,1,"negative regulation of T-helper 1 type immune response",1
"GO:0002827",0,8,1,"positive regulation of T-helper 1 type immune response",1
"GO:0002829",0,5,1,"negative regulation of type 2 immune response",1
"GO:0003309",0,7,1,"type B pancreatic cell differentiation",1
"GO:0006002",0,7,1,"fructose 6-phosphate metabolic process",1
"GO:0006047",0,6,1,"UDP-N-acetylglucosamine metabolic process",1
"GO:0006071",0,10,1,"glycerol metabolic process",1
"GO:0006123",0,16,1,"mitochondrial electron transport, cytochrome c to oxygen",1
"GO:0006163",0,7,1,"purine nucleotide metabolic process",1
"GO:0006278",0,5,1,"RNA-dependent DNA biosynthetic process",1
"GO:0006308",0,6,1,"DNA catabolic process",1
"GO:0006384",0,7,1,"transcription initiation from RNA polymerase III promoter",1
"GO:0006415",0,6,1,"translational termination",1
"GO:0006474",0,8,1,"N-terminal protein amino acid acetylation",1
"GO:0006477",0,5,1,"protein sulfation",1
"GO:0006501",0,7,1,"C-terminal protein lipidation",1
"GO:0006515",0,8,1,"misfolded or incompletely synthesized protein catabolic process",1
"GO:0006555",0,6,1,"methionine metabolic process",1
"GO:0006572",0,5,1,"tyrosine catabolic process",1
"GO:0006596",0,6,1,"polyamine biosynthetic process",1
"GO:0006662",0,5,1,"glycerol ether metabolic process",1
"GO:0006689",0,6,1,"ganglioside catabolic process",1
"GO:0006868",0,5,1,"glutamine transport",1
"GO:0006896",0,6,1,"Golgi to vacuole transport",1
"GO:0006987",0,8,1,"activation of signaling protein activity involved in unfolded protein response",1
"GO:0007021",0,7,1,"tubulin complex assembly",1
"GO:0007143",0,8,1,"female meiotic division",1
"GO:0007253",0,7,1,"cytoplasmic sequestering of NF-kappaB",1
"GO:0007339",0,30,1,"binding of sperm to zona pellucida",1
"GO:0007379",0,6,1,"segment specification",1
"GO:0007599",0,9,1,"hemostasis",1
"GO:0007603",0,8,1,"phototransduction, visible light",1
"GO:0008064",0,6,1,"regulation of actin polymerization or depolymerization",1
"GO:0008535",0,9,1,"respiratory chain complex IV assembly",1
"GO:0009108",0,7,1,"coenzyme biosynthetic process",1
"GO:0009253",0,7,1,"peptidoglycan catabolic process",1
"GO:0009299",0,5,1,"mRNA transcription",1
"GO:0009648",0,5,1,"photoperiodism",1
"GO:0009651",0,11,1,"response to salt stress",1
"GO:0009804",0,6,1,"coumarin metabolic process",1
"GO:0009813",0,11,1,"flavonoid biosynthetic process",1
"GO:0010269",0,7,1,"response to selenium ion",1
"GO:0010388",0,9,1,"cullin deneddylation",1
"GO:0010535",0,7,1,"positive regulation of activation of JAK2 kinase activity",1
"GO:0010543",0,5,1,"regulation of platelet activation",1
"GO:0010544",0,7,1,"negative regulation of platelet activation",1
"GO:0010571",0,5,1,"positive regulation of nuclear cell cycle DNA replication",1
"GO:0010606",0,6,1,"positive regulation of cytoplasmic mRNA processing body assembly",1
"GO:0010632",0,5,1,"regulation of epithelial cell migration",1
"GO:0010649",0,5,1,"regulation of cell communication by electrical coupling",1
"GO:0010793",0,5,1,"regulation of mRNA export from nucleus",1
"GO:0010815",0,5,1,"bradykinin catabolic process",1
"GO:0010888",0,8,1,"negative regulation of lipid storage",1
"GO:0010890",0,7,1,"positive regulation of sequestering of triglyceride",1
"GO:0010891",0,5,1,"negative regulation of sequestering of triglyceride",1
"GO:0010898",0,8,1,"positive regulation of triglyceride catabolic process",1
"GO:0014067",0,11,1,"negative regulation of phosphatidylinositol 3-kinase signaling",1
"GO:0015872",0,7,1,"dopamine transport",1
"GO:0015893",0,5,1,"drug transport",1
"GO:0015918",0,5,1,"sterol transport",1
"GO:0015939",0,8,1,"pantothenate metabolic process",1
"GO:0016045",0,8,1,"detection of bacterium",1
"GO:0016056",0,11,1,"rhodopsin mediated signaling pathway",1
"GO:0016458",0,7,1,"gene silencing",1
"GO:0016584",0,8,1,"nucleosome positioning",1
"GO:0017196",0,6,1,"N-terminal peptidyl-methionine acetylation",1
"GO:0018022",0,7,1,"peptidyl-lysine methylation",1
"GO:0019048",0,7,1,"modulation by virus of host morphology or physiology",1
"GO:0019054",0,6,1,"modulation by virus of host process",1
"GO:0019076",0,6,1,"viral release from host cell",1
"GO:0019236",0,7,1,"response to pheromone",1
"GO:0019262",0,6,1,"N-acetylneuraminate catabolic process",1
"GO:0019509",0,5,1,"L-methionine biosynthetic process from methylthioadenosine",1
"GO:0019563",0,5,1,"glycerol catabolic process",1
"GO:0019626",0,5,1,"short-chain fatty acid catabolic process",1
"GO:0019640",0,5,1,"glucuronate catabolic process to xylulose 5-phosphate",1
"GO:0021520",0,7,1,"spinal cord motor neuron cell fate specification",1
"GO:0021631",0,5,1,"optic nerve morphogenesis",1
"GO:0021798",0,7,1,"forebrain dorsal/ventral pattern formation",1
"GO:0022409",0,10,1,"positive regulation of cell-cell adhesion",1
"GO:0030091",0,7,1,"protein repair",1
"GO:0030300",0,5,1,"regulation of intestinal cholesterol absorption",1
"GO:0030321",0,5,1,"transepithelial chloride transport",1
"GO:0030814",0,6,1,"regulation of cAMP metabolic process",1
"GO:0030856",0,6,1,"regulation of epithelial cell differentiation",1
"GO:0031119",0,6,1,"tRNA pseudouridine synthesis",1
"GO:0031214",0,23,1,"biomineral tissue development",1
"GO:0031468",0,7,1,"nuclear envelope reassembly",1
"GO:0032008",0,27,1,"positive regulation of TOR signaling",1
"GO:0032057",0,7,1,"negative regulation of translational initiation in response to stress",1
"GO:0032364",0,6,1,"oxygen homeostasis",1
"GO:0032534",0,6,1,"regulation of microvillus assembly",1
"GO:0032792",0,6,1,"negative regulation of CREB transcription factor activity",1
"GO:0032816",0,6,1,"positive regulation of natural killer cell activation",1
"GO:0032968",0,13,1,"positive regulation of transcription elongation from RNA polymerase II promoter",1
"GO:0033108",0,5,1,"mitochondrial respiratory chain complex assembly",1
"GO:0033169",0,9,1,"histone H3-K9 demethylation",1
"GO:0033194",0,6,1,"response to hydroperoxide",1
"GO:0033211",0,7,1,"adiponectin-activated signaling pathway",1
"GO:0033314",0,6,1,"mitotic DNA replication checkpoint",1
"GO:0033523",0,8,1,"histone H2B ubiquitination",1
"GO:0034058",0,8,1,"endosomal vesicle fusion",1
"GO:0034109",0,5,1,"homotypic cell-cell adhesion",1
"GO:0034374",0,11,1,"low-density lipoprotein particle remodeling",1
"GO:0034382",0,6,1,"chylomicron remnant clearance",1
"GO:0034695",0,7,1,"response to prostaglandin E",1
"GO:0034755",0,5,1,"iron ion transmembrane transport",1
"GO:0035108",0,11,1,"limb morphogenesis",1
"GO:0035194",0,7,1,"posttranscriptional gene silencing by RNA",1
"GO:0035315",0,6,1,"hair cell differentiation",1
"GO:0035455",0,9,1,"response to interferon-alpha",1
"GO:0035459",0,5,1,"cargo loading into vesicle",1
"GO:0035563",0,7,1,"positive regulation of chromatin binding",1
"GO:0035811",0,6,1,"negative regulation of urine volume",1
"GO:0035878",0,6,1,"nail development",1
"GO:0035948",0,5,1,"positive regulation of gluconeogenesis by positive regulation of transcription from RNA polymerase II promoter",1
"GO:0035965",0,6,1,"cardiolipin acyl-chain remodeling",1
"GO:0036016",0,5,1,"cellular response to interleukin-3",1
"GO:0042359",0,10,1,"vitamin D metabolic process",1
"GO:0042531",0,5,1,"positive regulation of tyrosine phosphorylation of STAT protein",1
"GO:0042536",0,5,1,"negative regulation of tumor necrosis factor biosynthetic process",1
"GO:0042538",0,5,1,"hyperosmotic salinity response",1
"GO:0042541",0,5,1,"hemoglobin biosynthetic process",1
"GO:0042756",0,6,1,"drinking behavior",1
"GO:0042776",0,17,1,"mitochondrial ATP synthesis coupled proton transport",1
"GO:0043248",0,11,1,"proteasome assembly",1
"GO:0043249",0,11,1,"erythrocyte maturation",1
"GO:0043306",0,10,1,"positive regulation of mast cell degranulation",1
"GO:0043382",0,7,1,"positive regulation of memory T cell differentiation",1
"GO:0043486",0,7,1,"histone exchange",1
"GO:0043535",0,6,1,"regulation of blood vessel endothelial cell migration",1
"GO:0043654",0,7,1,"recognition of apoptotic cell",1
"GO:0043984",0,13,1,"histone H4-K16 acetylation",1
"GO:0044314",0,5,1,"protein K27-linked ubiquitination",1
"GO:0044550",0,5,1,"secondary metabolite biosynthetic process",1
"GO:0044828",0,5,1,"negative regulation by host of viral genome replication",1
"GO:0045046",0,6,1,"protein import into peroxisome membrane",1
"GO:0045329",0,5,1,"carnitine biosynthetic process",1
"GO:0045347",0,6,1,"negative regulation of MHC class II biosynthetic process",1
"GO:0045578",0,5,1,"negative regulation of B cell differentiation",1
"GO:0045617",0,7,1,"negative regulation of keratinocyte differentiation",1
"GO:0045636",0,5,1,"positive regulation of melanocyte differentiation",1
"GO:0045657",0,7,1,"positive regulation of monocyte differentiation",1
"GO:0045722",0,8,1,"positive regulation of gluconeogenesis",1
"GO:0045948",0,14,1,"positive regulation of translational initiation",1
"GO:0046010",0,7,1,"positive regulation of circadian sleep/wake cycle, non-REM sleep",1
"GO:0046085",0,6,1,"adenosine metabolic process",1
"GO:0046219",0,5,1,"indolalkylamine biosynthetic process",1
"GO:0046339",0,5,1,"diacylglycerol metabolic process",1
"GO:0046415",0,10,1,"urate metabolic process",1
"GO:0046618",0,5,1,"drug export",1
"GO:0046621",0,10,1,"negative regulation of organ growth",1
"GO:0046626",0,5,1,"regulation of insulin receptor signaling pathway",1
"GO:0046638",0,9,1,"positive regulation of alpha-beta T cell differentiation",1
"GO:0046755",0,5,1,"viral budding",1
"GO:0046929",0,5,1,"negative regulation of neurotransmitter secretion",1
"GO:0048261",0,7,1,"negative regulation of receptor-mediated endocytosis",1
"GO:0048280",0,11,1,"vesicle fusion with Golgi apparatus",1
"GO:0048304",0,6,1,"positive regulation of isotype switching to IgG isotypes",1
"GO:0048339",0,6,1,"paraxial mesoderm development",1
"GO:0048617",0,9,1,"embryonic foregut morphogenesis",1
"GO:0048646",0,11,1,"anatomical structure formation involved in morphogenesis",1
"GO:0048702",0,8,1,"embryonic neurocranium morphogenesis",1
"GO:0048743",0,6,1,"positive regulation of skeletal muscle fiber development",1
"GO:0048793",0,7,1,"pronephros development",1
"GO:0048864",0,5,1,"stem cell development",1
"GO:0050684",0,7,1,"regulation of mRNA processing",1
"GO:0050792",0,6,1,"regulation of viral process",1
"GO:0050863",0,7,1,"regulation of T cell activation",1
"GO:0050877",0,8,1,"neurological system process",1
"GO:0050881",0,5,1,"musculoskeletal movement",1
"GO:0050907",0,12,1,"detection of chemical stimulus involved in sensory perception",1
"GO:0050917",0,5,1,"sensory perception of umami taste",1
"GO:0051023",0,5,1,"regulation of immunoglobulin secretion",1
"GO:0051026",0,5,1,"chiasma assembly",1
"GO:0051122",0,5,1,"hepoxilin biosynthetic process",1
"GO:0051151",0,6,1,"negative regulation of smooth muscle cell differentiation",1
"GO:0051180",0,5,1,"vitamin transport",1
"GO:0051223",0,5,1,"regulation of protein transport",1
"GO:0051224",0,5,1,"negative regulation of protein transport",1
"GO:0051294",0,5,1,"establishment of spindle orientation",1
"GO:0051569",0,8,1,"regulation of histone H3-K4 methylation",1
"GO:0051584",0,5,1,"regulation of dopamine uptake involved in synaptic transmission",1
"GO:0051891",0,5,1,"positive regulation of cardioblast differentiation",1
"GO:0051902",0,5,1,"negative regulation of mitochondrial depolarization",1
"GO:0051970",0,5,1,"negative regulation of transmission of nerve impulse",1
"GO:0052695",0,9,1,"cellular glucuronidation",1
"GO:0052696",0,11,1,"flavonoid glucuronidation",1
"GO:0055001",0,8,1,"muscle cell development",1
"GO:0055009",0,6,1,"atrial cardiac muscle tissue morphogenesis",1
"GO:0055075",0,6,1,"potassium ion homeostasis",1
"GO:0055123",0,5,1,"digestive system development",1
"GO:0060008",0,5,1,"Sertoli cell differentiation",1
"GO:0060054",0,7,1,"positive regulation of epithelial cell proliferation involved in wound healing",1
"GO:0060261",0,8,1,"positive regulation of transcription initiation from RNA polymerase II promoter",1
"GO:0060323",0,5,1,"head morphogenesis",1
"GO:0060363",0,6,1,"cranial suture morphogenesis",1
"GO:0060575",0,6,1,"intestinal epithelial cell differentiation",1
"GO:0060706",0,6,1,"cell differentiation involved in embryonic placenta development",1
"GO:0060712",0,8,1,"spongiotrophoblast layer development",1
"GO:0060736",0,8,1,"prostate gland growth",1
"GO:0060765",0,9,1,"regulation of androgen receptor signaling pathway",1
"GO:0060770",0,6,1,"negative regulation of epithelial cell proliferation involved in prostate gland development",1
"GO:0060836",0,5,1,"lymphatic endothelial cell differentiation",1
"GO:0061030",0,5,1,"epithelial cell differentiation involved in mammary gland alveolus development",1
"GO:0061038",0,5,1,"uterus morphogenesis",1
"GO:0061042",0,5,1,"vascular wound healing",1
"GO:0061072",0,9,1,"iris morphogenesis",1
"GO:0061157",0,6,1,"mRNA destabilization",1
"GO:0061180",0,7,1,"mammary gland epithelium development",1
"GO:0061298",0,7,1,"retina vasculature development in camera-type eye",1
"GO:0061371",0,5,1,"determination of heart left/right asymmetry",1
"GO:0061458",0,5,1,"reproductive system development",1
"GO:0061635",0,6,1,"regulation of protein complex stability",1
"GO:0061732",0,6,1,"mitochondrial acetyl-CoA biosynthetic process from pyruvate",1
"GO:0070120",0,5,1,"ciliary neurotrophic factor-mediated signaling pathway",1
"GO:0070198",0,9,1,"protein localization to chromosome, telomeric region",1
"GO:0070234",0,6,1,"positive regulation of T cell apoptotic process",1
"GO:0070389",0,5,1,"chaperone cofactor-dependent protein refolding",1
"GO:0070417",0,7,1,"cellular response to cold",1
"GO:0070544",0,7,1,"histone H3-K36 demethylation",1
"GO:0070849",0,5,1,"response to epidermal growth factor",1
"GO:0070940",0,5,1,"dephosphorylation of RNA polymerase II C-terminal domain",1
"GO:0071051",0,5,1,"polyadenylation-dependent snoRNA 3'-end processing",1
"GO:0071340",0,9,1,"skeletal muscle acetylcholine-gated channel clustering",1
"GO:0071371",0,7,1,"cellular response to gonadotropin stimulus",1
"GO:0071421",0,5,1,"manganese ion transmembrane transport",1
"GO:0071467",0,6,1,"cellular response to pH",1
"GO:0071504",0,5,1,"cellular response to heparin",1
"GO:0071712",0,8,1,"ER-associated misfolded protein catabolic process",1
"GO:0071800",0,5,1,"podosome assembly",1
"GO:0071918",0,6,1,"urea transmembrane transport",1
"GO:0072162",0,5,1,"metanephric mesenchymal cell differentiation",1
"GO:0072207",0,5,1,"metanephric epithelium development",1
"GO:0072284",0,5,1,"metanephric S-shaped body morphogenesis",1
"GO:0072540",0,5,1,"T-helper 17 cell lineage commitment",1
"GO:0072577",0,5,1,"endothelial cell apoptotic process",1
"GO:0072594",0,5,1,"establishment of protein localization to organelle",1
"GO:0072678",0,7,1,"T cell migration",1
"GO:0075525",0,5,1,"viral translational termination-reinitiation",1
"GO:0090080",0,5,1,"positive regulation of MAPKKK cascade by fibroblast growth factor receptor signaling pathway",1
"GO:0090207",0,5,1,"regulation of triglyceride metabolic process",1
"GO:0090238",0,5,1,"positive regulation of arachidonic acid secretion",1
"GO:0090335",0,5,1,"regulation of brown fat cell differentiation",1
"GO:0097028",0,10,1,"dendritic cell differentiation",1
"GO:0097070",0,6,1,"ductus arteriosus closure",1
"GO:0097178",0,8,1,"ruffle assembly",1
"GO:0097267",0,9,1,"omega-hydroxylase P450 pathway",1
"GO:0099565",0,5,1,"chemical synaptic transmission, postsynaptic",1
"GO:1900004",0,10,1,"negative regulation of serine-type endopeptidase activity",1
"GO:1900016",0,5,1,"negative regulation of cytokine production involved in inflammatory response",1
"GO:1900118",0,5,1,"negative regulation of execution phase of apoptosis",1
"GO:1900165",0,8,1,"negative regulation of interleukin-6 secretion",1
"GO:1900747",0,5,1,"negative regulation of vascular endothelial growth factor signaling pathway",1
"GO:1901030",0,7,1,"positive regulation of mitochondrial outer membrane permeabilization involved in apoptotic signaling pathway",1
"GO:1901224",0,12,1,"positive regulation of NIK/NF-kappaB signaling",1
"GO:1901838",0,6,1,"positive regulation of transcription of nuclear large rRNA transcript from RNA polymerase I promoter",1
"GO:1902035",0,5,1,"positive regulation of hematopoietic stem cell proliferation",1
"GO:1902188",0,10,1,"positive regulation of viral release from host cell",1
"GO:1902231",0,6,1,"positive regulation of intrinsic apoptotic signaling pathway in response to DNA damage",1
"GO:1903265",0,6,1,"positive regulation of tumor necrosis factor-mediated signaling pathway",1
"GO:1903599",0,5,1,"positive regulation of mitophagy",1
"GO:1903898",0,5,1,"negative regulation of PERK-mediated unfolded protein response",1
"GO:1903912",0,5,1,"negative regulation of endoplasmic reticulum stress-induced eIF2 alpha phosphorylation",1
"GO:1904261",0,5,1,"positive regulation of basement membrane assembly involved in embryonic body morphogenesis",1
"GO:1904380",0,10,1,"endoplasmic reticulum mannose trimming",1
"GO:1904903",0,10,1,"ESCRT III complex disassembly",1
"GO:1990416",0,5,1,"cellular response to brain-derived neurotrophic factor stimulus",1
"GO:1990441",0,5,1,"negative regulation of transcription from RNA polymerase II promoter in response to endoplasmic reticulum stress",1
"GO:2000059",0,7,1,"negative regulation of protein ubiquitination involved in ubiquitin-dependent protein catabolic process",1
"GO:2000144",0,7,1,"positive regulation of DNA-templated transcription, initiation",1
"GO:2000252",0,8,1,"negative regulation of feeding behavior",1
"GO:2000270",0,7,1,"negative regulation of fibroblast apoptotic process",1
"GO:2000623",0,5,1,"negative regulation of nuclear-transcribed mRNA catabolic process, nonsense-mediated decay",1
"GO:2000738",0,5,1,"positive regulation of stem cell differentiation",1
"GO:2000780",0,5,1,"negative regulation of double-strand break repair",1
"GO:2000809",0,5,1,"positive regulation of synaptic vesicle clustering",1
"GO:2001300",0,5,1,"lipoxin metabolic process",1
"NOT GO:0097352",0,5,1,"NOT autophagosome maturation",1
