"query","significant","p_value","term_size","query_size","intersection_size","precision","recall","term_id","source","term_name","effective_domain_size","source_order","parents"
"query_1",TRUE,1.08144307245473e-79,12804,3877,2886,0.744389992262058,0.225398313027179,"GO:0065007","GO:BP","biological regulation",20972,14784,"GO:0008150"
"query_1",TRUE,3.52301457891879e-78,12397,3877,2811,0.725045137993294,0.22674840687263,"GO:0050789","GO:BP","regulation of biological process",20972,12397,"GO:0008150;GO:0065007"
"query_1",TRUE,1.86450723345183e-75,4023,3877,1179,0.304101109104978,0.293064876957494,"GO:0048731","GO:BP","system development",20972,12138,"GO:0007275;GO:0048856"
"query_1",TRUE,5.13431295438148e-75,2597,3877,850,0.219241681712664,0.3273007316134,"GO:0007399","GO:BP","nervous system development",20972,2762,"GO:0048731"
"query_1",TRUE,2.43146355280321e-71,4690,3877,1311,0.338148052618004,0.27953091684435,"GO:0007275","GO:BP","multicellular organism development",20972,2666,"GO:0032501;GO:0048856"
"query_1",TRUE,3.59205295096682e-65,6598,3877,1685,0.434614392571576,0.255380418308578,"GO:0007154","GO:BP","cell communication",20972,2584,"GO:0009987"
"query_1",TRUE,7.90739492933389e-65,11962,3877,2689,0.69357750838277,0.224795184751714,"GO:0050794","GO:BP","regulation of cellular process",20972,12401,"GO:0009987;GO:0050789"
"query_1",TRUE,3.03107118540928e-63,6535,3877,1665,0.429455764766572,0.25478194338179,"GO:0032502","GO:BP","developmental process",20972,7117,"GO:0008150"
"query_1",TRUE,3.99059701121656e-63,6558,3877,1669,0.430487490327573,0.254498322659347,"GO:0023052","GO:BP","signaling",20972,6205,"GO:0050789"
"query_1",TRUE,5.69909095818762e-63,772,3877,346,0.0892442610265669,0.448186528497409,"GO:0099537","GO:BP","trans-synaptic signaling",20972,17870,"GO:0099536"
"query_1",TRUE,8.88700889905659e-63,5948,3877,1544,0.398246066546299,0.259583053127102,"GO:0048856","GO:BP","anatomical structure development",20972,12247,"GO:0032502"
"query_1",TRUE,2.41844704547073e-62,803,3877,354,0.0913077121485685,0.440846824408468,"GO:0099536","GO:BP","synaptic signaling",20972,17869,"GO:0007267"
"query_1",TRUE,5.27599271925064e-62,765,3877,342,0.0882125354655662,0.447058823529412,"GO:0007268","GO:BP","chemical synaptic transmission",20972,2660,"GO:0098916"
"query_1",TRUE,5.27599271925064e-62,765,3877,342,0.0882125354655662,0.447058823529412,"GO:0098916","GO:BP","anterograde trans-synaptic signaling",20972,17709,"GO:0099537"
"query_1",TRUE,4.05989288161192e-58,7337,3877,1804,0.465308228011349,0.245877061469265,"GO:0032501","GO:BP","multicellular organismal process",20972,7116,"GO:0008150"
"query_1",TRUE,5.16818072822391e-57,3480,3877,1000,0.257931390250193,0.28735632183908,"GO:0010646","GO:BP","regulation of cell communication",20972,4105,"GO:0007154;GO:0050794"
"query_1",TRUE,6.70785589832699e-57,3473,3877,998,0.257415527469693,0.287359631442557,"GO:0023051","GO:BP","regulation of signaling",20972,6204,"GO:0023052;GO:0050789"
"query_1",TRUE,5.09344996736624e-56,1316,3877,483,0.124580861490843,0.367021276595745,"GO:0007267","GO:BP","cell-cell signaling",20972,2659,"GO:0007154;GO:0023052"
"query_1",TRUE,6.09081715323602e-52,2427,3877,745,0.192158885736394,0.30696332921302,"GO:0051128","GO:BP","regulation of cellular component organization",20972,12627,"GO:0016043;GO:0050794"
"query_1",TRUE,1.12276785558457e-51,1769,3877,587,0.151405726076864,0.331825890333522,"GO:0022008","GO:BP","neurogenesis",20972,6130,"GO:0007399;GO:0030154"
"query_1",TRUE,1.79930667436112e-50,1628,3877,549,0.141604333247356,0.337223587223587,"GO:0030030","GO:BP","cell projection organization",20972,6219,"GO:0016043"
"query_1",TRUE,4.21391273121529e-49,1582,3877,534,0.137735362393603,0.337547408343869,"GO:0120036","GO:BP","plasma membrane bounded cell projection organization",20972,18205,"GO:0030030"
"query_1",TRUE,1.55012854531971e-48,7425,3877,1782,0.459633737425845,0.24,"GO:0051716","GO:BP","cellular response to stimulus",20972,12983,"GO:0009987;GO:0050896"
"query_1",TRUE,3.04132942400974e-48,1523,3877,517,0.13335052875935,0.33946158896914,"GO:0048699","GO:BP","generation of neurons",20972,12106,"GO:0022008"
"query_1",TRUE,1.05590461090741e-46,6150,3877,1522,0.392571575960794,0.247479674796748,"GO:0048518","GO:BP","positive regulation of biological process",20972,11952,"GO:0008150;GO:0050789"
"query_1",TRUE,2.05194576556137e-46,9051,3877,2084,0.537529017281403,0.230250801016462,"GO:0050896","GO:BP","response to stimulus",20972,12476,"GO:0008150"
"query_1",TRUE,9.47162488035816e-46,5493,3877,1385,0.357234975496518,0.252139086109594,"GO:0051179","GO:BP","localization",20972,12665,"GO:0008150"
"query_1",TRUE,2.83004836387864e-45,5739,3877,1433,0.369615682228527,0.249695068827322,"GO:0048522","GO:BP","positive regulation of cellular process",20972,11956,"GO:0009987;GO:0048518;GO:0050794"
"query_1",TRUE,4.22687456620722e-45,1444,3877,489,0.126128449832345,0.338642659279778,"GO:0030182","GO:BP","neuron differentiation",20972,6264,"GO:0030154;GO:0048699"
"query_1",TRUE,4.26020638448592e-44,1010,3877,375,0.0967242713438225,0.371287128712871,"GO:0031175","GO:BP","neuron projection development",20972,6636,"GO:0048666;GO:0120036"
"query_1",TRUE,3.14884664936579e-43,1167,3877,414,0.10678359556358,0.354755784061697,"GO:0048666","GO:BP","neuron development",20972,12075,"GO:0030182;GO:0048468"
"query_1",TRUE,4.41117209963795e-43,503,3877,230,0.0593242197575445,0.457256461232604,"GO:0050804","GO:BP","modulation of chemical synaptic transmission",20972,12409,"GO:0007268;GO:0099177"
"query_1",TRUE,6.47447746803297e-43,504,3877,230,0.0593242197575445,0.456349206349206,"GO:0099177","GO:BP","regulation of trans-synaptic signaling",20972,17840,"GO:0010646;GO:0023051;GO:0099537"
"query_1",TRUE,7.2502127958174e-43,2963,3877,837,0.215888573639412,0.282483968950388,"GO:0065008","GO:BP","regulation of biological quality",20972,14785,"GO:0065007"
"query_1",TRUE,7.2502127958174e-43,2699,3877,778,0.20067062161465,0.288254909225639,"GO:0009653","GO:BP","anatomical structure morphogenesis",20972,3414,"GO:0032502;GO:0048856"
"query_1",TRUE,2.72819025485471e-41,829,3877,320,0.0825380448800619,0.386007237635706,"GO:0034330","GO:BP","cell junction organization",20972,7999,"GO:0016043"
"query_1",TRUE,4.64184126973318e-41,669,3877,275,0.0709311323188032,0.411061285500747,"GO:0048858","GO:BP","cell projection morphogenesis",20972,12249,"GO:0000902;GO:0009653;GO:0030030"
"query_1",TRUE,8.80405607885415e-41,998,3877,364,0.0938870260510704,0.364729458917836,"GO:0000902","GO:BP","cell morphogenesis",20972,230,"GO:0009653"
"query_1",TRUE,8.80405607885415e-41,664,3877,273,0.0704152695383028,0.411144578313253,"GO:0120039","GO:BP","plasma membrane bounded cell projection morphogenesis",20972,18206,"GO:0048858"
"query_1",TRUE,1.3629083893924e-39,561,3877,241,0.0621614650502966,0.429590017825312,"GO:0050808","GO:BP","synapse organization",20972,12413,"GO:0034330"
"query_1",TRUE,2.47301926094909e-39,4370,3877,1126,0.290430745421718,0.25766590389016,"GO:0006810","GO:BP","transport",20972,2362,"GO:0051234"
"query_1",TRUE,4.65540091597859e-39,648,3877,265,0.0683518184163013,0.408950617283951,"GO:0048812","GO:BP","neuron projection morphogenesis",20972,12207,"GO:0031175;GO:0120039"
"query_1",TRUE,4.84211365839864e-38,4444,3877,1136,0.29301005932422,0.255625562556256,"GO:0048869","GO:BP","cellular developmental process",20972,12259,"GO:0009987;GO:0032502"
"query_1",TRUE,7.30413245831778e-38,4443,3877,1135,0.29275212793397,0.255458023857754,"GO:0030154","GO:BP","cell differentiation",20972,6252,"GO:0048869"
"query_1",TRUE,2.72734932454226e-37,2842,3877,790,0.203765798297653,0.277973258268825,"GO:0048468","GO:BP","cell development",20972,11920,"GO:0030154;GO:0048856;GO:0048869"
"query_1",TRUE,5.47018066777137e-37,6063,3877,1461,0.376837761155533,0.240969816922316,"GO:0007165","GO:BP","signal transduction",20972,2595,"GO:0007154;GO:0009987;GO:0023052;GO:0050794;GO:0051716"
"query_1",TRUE,7.53833530585037e-35,3993,3877,1028,0.265153469177199,0.257450538442274,"GO:0048583","GO:BP","regulation of response to stimulus",20972,12005,"GO:0050789;GO:0050896"
"query_1",TRUE,2.82759264219674e-34,3031,3877,820,0.211503740005159,0.270537776311448,"GO:0009966","GO:BP","regulation of signal transduction",20972,3643,"GO:0007165;GO:0010646;GO:0023051;GO:0048583"
"query_1",TRUE,5.02184310323861e-34,1914,3877,569,0.14676296105236,0.297283176593521,"GO:0032879","GO:BP","regulation of localization",20972,7364,"GO:0050789;GO:0051179"
"query_1",TRUE,7.62371078811137e-32,1534,3877,473,0.122001547588342,0.308344198174707,"GO:0007010","GO:BP","cytoskeleton organization",20972,2489,"GO:0006996"
"query_1",TRUE,1.6331311299374e-31,4804,3877,1181,0.304616971885478,0.245836802664446,"GO:0051234","GO:BP","establishment of localization",20972,12687,"GO:0051179"
"query_1",TRUE,5.60191460146974e-30,2963,3877,788,0.203249935517152,0.265946675666554,"GO:0035556","GO:BP","intracellular signal transduction",20972,8505,"GO:0007165"
"query_1",TRUE,2.33200146469821e-29,584,3877,227,0.0585504255867939,0.388698630136986,"GO:0048667","GO:BP","cell morphogenesis involved in neuron differentiation",20972,12076,"GO:0000902;GO:0048666"
"query_1",TRUE,1.07436346579098e-28,2923,3877,774,0.19963889605365,0.264796442011632,"GO:0051239","GO:BP","regulation of multicellular organismal process",20972,12691,"GO:0032501;GO:0050789"
"query_1",TRUE,1.43590664238105e-28,3573,3877,912,0.235233427908176,0.255247691015953,"GO:0006996","GO:BP","organelle organization",20972,2478,"GO:0016043"
"query_1",TRUE,3.4665098433893e-26,1566,3877,462,0.119164302295589,0.295019157088123,"GO:0051049","GO:BP","regulation of transport",20972,12588,"GO:0006810;GO:0032879"
"query_1",TRUE,3.4665098433893e-26,2401,3877,650,0.167655403662626,0.270720533111204,"GO:0008104","GO:BP","intracellular protein localization",20972,2983,"GO:0033036"
"query_1",TRUE,3.6622187703584e-26,1532,3877,454,0.117100851173588,0.296344647519582,"GO:0016477","GO:BP","cell migration",20972,4977,"GO:0048870"
"query_1",TRUE,8.03828067057415e-26,2431,3877,655,0.168945060613877,0.269436445907034,"GO:0050793","GO:BP","regulation of developmental process",20972,12400,"GO:0032502;GO:0050789"
"query_1",TRUE,8.03828067057415e-26,1794,3877,513,0.132318803198349,0.285953177257525,"GO:0048870","GO:BP","cell motility",20972,12260,"GO:0009987"
"query_1",TRUE,2.93447785931999e-25,2876,3877,749,0.193190611297395,0.260431154381085,"GO:0033036","GO:BP","macromolecule localization",20972,7480,"GO:0051179"
"query_1",TRUE,1.85143672535732e-24,1091,3877,344,0.0887283982460665,0.315307057745188,"GO:0051130","GO:BP","positive regulation of cellular component organization",20972,12629,"GO:0016043;GO:0048522;GO:0051128"
"query_1",TRUE,4.65146221612107e-24,816,3877,275,0.0709311323188032,0.337009803921569,"GO:0030029","GO:BP","actin filament-based process",20972,6218,"GO:0009987"
"query_1",TRUE,9.01060855893133e-24,1512,3877,441,0.113747743100335,0.291666666666667,"GO:0007155","GO:BP","cell adhesion",20972,2585,"GO:0009987"
"query_1",TRUE,1.12889204493179e-23,1035,3877,328,0.0846014960020634,0.316908212560386,"GO:0007417","GO:BP","central nervous system development",20972,2776,"GO:0007399;GO:0048731"
"query_1",TRUE,1.94828677159537e-23,1167,3877,359,0.0925973690998194,0.307626392459297,"GO:0033043","GO:BP","regulation of organelle organization",20972,7482,"GO:0006996;GO:0051128"
"query_1",TRUE,6.41106602481361e-23,2199,3877,592,0.152695383028115,0.269213278763074,"GO:0006793","GO:BP","phosphorus metabolic process",20972,2351,"GO:0008152"
"query_1",TRUE,1.15493590147667e-22,639,3877,226,0.0582924941965437,0.353677621283255,"GO:0031344","GO:BP","regulation of cell projection organization",20972,6679,"GO:0030030;GO:0051128"
"query_1",TRUE,1.30965023287728e-22,2196,3877,590,0.152179520247614,0.268670309653916,"GO:0006796","GO:BP","phosphate-containing compound metabolic process",20972,2354,"GO:0006793"
"query_1",TRUE,2.14730415308986e-22,513,3877,192,0.0495228269280371,0.374269005847953,"GO:0061564","GO:BP","axon development",20972,14471,"GO:0031175"
"query_1",TRUE,4.78585908871297e-22,1077,3877,333,0.0858911529533144,0.309192200557103,"GO:0016310","GO:BP","phosphorylation",20972,4946,"GO:0006796"
"query_1",TRUE,5.38124286202181e-22,3018,3877,764,0.197059582151148,0.253147779986746,"GO:0048513","GO:BP","animal organ development",20972,11949,"GO:0048856"
"query_1",TRUE,5.85482756889662e-22,623,3877,220,0.0567449058550426,0.353130016051364,"GO:0120035","GO:BP","regulation of plasma membrane bounded cell projection organization",20972,18204,"GO:0031344;GO:0120036"
"query_1",TRUE,1.51589390310037e-21,914,3877,292,0.0753159659530565,0.319474835886214,"GO:0140352","GO:BP","export from cell",20972,18502,"GO:0006810;GO:0009987"
"query_1",TRUE,5.89518049578543e-21,2834,3877,720,0.185710600980139,0.254057868736768,"GO:0007166","GO:BP","cell surface receptor signaling pathway",20972,2596,"GO:0007165"
"query_1",TRUE,5.99161704181147e-21,426,3877,165,0.0425586793912819,0.387323943661972,"GO:0010975","GO:BP","regulation of neuron projection development",20972,4337,"GO:0031175;GO:0120035"
"query_1",TRUE,6.46164668665476e-21,1866,3877,510,0.131545009027599,0.273311897106109,"GO:0141124","GO:BP","intracellular signaling cassette",20972,18783,"GO:0035556"
"query_1",TRUE,9.49612569821552e-21,509,3877,187,0.0482331699767862,0.367387033398821,"GO:0034329","GO:BP","cell junction assembly",20972,7998,"GO:0022607;GO:0034330"
"query_1",TRUE,1.05113647981345e-20,1236,3877,366,0.0944028888315708,0.296116504854369,"GO:0040011","GO:BP","locomotion",20972,9265,"GO:0008150"
"query_1",TRUE,1.23252160022473e-20,747,3877,248,0.063966984782048,0.331994645247657,"GO:1903047","GO:BP","mitotic cell cycle process",20972,21150,"GO:0000278;GO:0022402"
"query_1",TRUE,1.5632921706847e-20,1779,3877,489,0.126128449832345,0.274873524451939,"GO:0023056","GO:BP","positive regulation of signaling",20972,6206,"GO:0023051;GO:0023052;GO:0048518"
"query_1",TRUE,1.76414526265012e-20,452,3877,171,0.0441062677327831,0.378318584070796,"GO:0007409","GO:BP","axonogenesis",20972,2769,"GO:0048667;GO:0048812;GO:0061564"
"query_1",TRUE,1.88802121619393e-20,1070,3877,326,0.0840856332215631,0.304672897196262,"GO:0065009","GO:BP","regulation of molecular function",20972,14786,"GO:0065007"
"query_1",TRUE,1.95967514216131e-20,1305,3877,381,0.0982718596853237,0.291954022988506,"GO:0051094","GO:BP","positive regulation of developmental process",20972,12612,"GO:0032502;GO:0048518;GO:0050793"
"query_1",TRUE,2.3509901634059e-20,971,3877,302,0.0778952798555584,0.311019567456231,"GO:0046903","GO:BP","secretion",20972,11589,"GO:0006810"
"query_1",TRUE,2.53468973651856e-20,221,3877,104,0.0268248645860201,0.470588235294118,"GO:0048167","GO:BP","regulation of synaptic plasticity",20972,11716,"GO:0050804;GO:0065008"
"query_1",TRUE,4.79759212414936e-20,835,3877,268,0.0691256125870518,0.320958083832335,"GO:0032940","GO:BP","secretion by cell",20972,7414,"GO:0046903;GO:0140352"
"query_1",TRUE,5.34093537614827e-20,893,3877,282,0.0727366520505546,0.315789473684211,"GO:0000278","GO:BP","mitotic cell cycle",20972,75,"GO:0007049"
"query_1",TRUE,6.93429052306045e-20,1778,3877,486,0.125354655661594,0.273340832395951,"GO:0010647","GO:BP","positive regulation of cell communication",20972,4106,"GO:0007154;GO:0010646;GO:0048522"
"query_1",TRUE,1.50936193986614e-19,982,3877,302,0.0778952798555584,0.307535641547862,"GO:0006468","GO:BP","protein phosphorylation",20972,2098,"GO:0016310;GO:0036211"
"query_1",TRUE,1.75802987881281e-19,1046,3877,317,0.0817642507093113,0.303059273422562,"GO:0040012","GO:BP","regulation of locomotion",20972,9266,"GO:0040011;GO:0050789"
"query_1",TRUE,1.851465690552e-19,822,3877,263,0.0678359556358009,0.319951338199513,"GO:0022603","GO:BP","regulation of anatomical structure morphogenesis",20972,6176,"GO:0009653;GO:0050793"
"query_1",TRUE,2.09195106551199e-19,443,3877,166,0.0428166107815321,0.374717832957111,"GO:0042391","GO:BP","regulation of membrane potential",20972,9490,"GO:0065008"
"query_1",TRUE,3.96184810878797e-19,2199,3877,575,0.148310549393861,0.261482492041837,"GO:0070887","GO:BP","cellular response to chemical stimulus",20972,15231,"GO:0042221;GO:0051716"
"query_1",TRUE,6.32298949509558e-19,1135,3877,336,0.086664947124065,0.296035242290749,"GO:0072359","GO:BP","circulatory system development",20972,16197,"GO:0048731"
"query_1",TRUE,9.26519261056081e-19,665,3877,222,0.0572607686355429,0.333834586466165,"GO:0007610","GO:BP","behavior",20972,2927,"GO:0032501"
"query_1",TRUE,1.61810141723897e-18,736,3877,239,0.0616456022697962,0.324728260869565,"GO:0007420","GO:BP","brain development",20972,2779,"GO:0007417;GO:0048513;GO:0060322"
"query_1",TRUE,2.4413196537171e-18,787,3877,251,0.0647407789527986,0.318932655654384,"GO:0060322","GO:BP","head development",20972,13544,"GO:0048856"
"query_1",TRUE,2.79158845712055e-18,246,3877,108,0.0278565901470209,0.439024390243902,"GO:0099003","GO:BP","vesicle-mediated transport in synapse",20972,17758,"GO:0016192"
"query_1",TRUE,3.1473064574914e-18,1005,3877,303,0.0781532112458086,0.301492537313433,"GO:2000145","GO:BP","regulation of cell motility",20972,23634,"GO:0040012;GO:0048870;GO:0050794"
"query_1",TRUE,3.57729861113534e-18,716,3877,233,0.0600980139282951,0.325418994413408,"GO:0030036","GO:BP","actin cytoskeleton organization",20972,6225,"GO:0007010;GO:0030029"
"query_1",TRUE,4.43357583091637e-18,211,3877,97,0.0250193448542688,0.459715639810427,"GO:0099504","GO:BP","synaptic vesicle cycle",20972,17855,"GO:0051649;GO:0099003"
"query_1",TRUE,8.89494128209152e-18,944,3877,287,0.0740263090018055,0.304025423728814,"GO:0030334","GO:BP","regulation of cell migration",20972,6339,"GO:0016477;GO:2000145"
"query_1",TRUE,9.93208695229895e-18,681,3877,223,0.0575187000257931,0.327459618208517,"GO:0000226","GO:BP","microtubule cytoskeleton organization",20972,60,"GO:0007010;GO:0007017"
"query_1",TRUE,1.60855587099202e-17,430,3877,158,0.0407531596595306,0.367441860465116,"GO:0051960","GO:BP","regulation of nervous system development",20972,13087,"GO:0007399;GO:2000026"
"query_1",TRUE,2.51173540907255e-17,149,3877,76,0.0196027856590147,0.51006711409396,"GO:0099643","GO:BP","signal release from synapse",20972,17937,"GO:0023061;GO:0099536"
"query_1",TRUE,2.51173540907255e-17,149,3877,76,0.0196027856590147,0.51006711409396,"GO:0007269","GO:BP","neurotransmitter secretion",20972,2661,"GO:0006836;GO:0007268;GO:0051649;GO:0099643"
"query_1",TRUE,2.77292305274881e-17,1549,3877,424,0.109362909466082,0.273724983860555,"GO:0045595","GO:BP","regulation of cell differentiation",20972,10677,"GO:0030154;GO:0050793;GO:0050794"
"query_1",TRUE,2.95292838315638e-17,1572,3877,429,0.110652566417333,0.272900763358779,"GO:0016192","GO:BP","vesicle-mediated transport",20972,4920,"GO:0006810;GO:0009987"
"query_1",TRUE,3.91487898979125e-17,1290,3877,365,0.0941449574413206,0.282945736434109,"GO:0022402","GO:BP","cell cycle process",20972,6159,"GO:0007049;GO:0009987"
"query_1",TRUE,3.91487898979125e-17,1938,3877,509,0.131287077637348,0.262641898864809,"GO:0051649","GO:BP","establishment of localization in cell",20972,12938,"GO:0051234;GO:0051641"
"query_1",TRUE,5.76113412907911e-17,211,3877,95,0.0245034820737684,0.450236966824645,"GO:0006836","GO:BP","neurotransmitter transport",20972,2378,"GO:0006810"
"query_1",TRUE,7.974693987154e-17,490,3877,172,0.0443641991230333,0.351020408163265,"GO:0023061","GO:BP","signal release",20972,6210,"GO:0007267;GO:0032940"
"query_1",TRUE,8.22989350213634e-17,3984,3877,935,0.241165849883931,0.23468875502008,"GO:0006950","GO:BP","response to stress",20972,2451,"GO:0050896"
"query_1",TRUE,9.40168983121942e-17,1006,3877,298,0.0768635542945576,0.296222664015905,"GO:0044087","GO:BP","regulation of cellular component biogenesis",20972,10212,"GO:0044085;GO:0050794"
"query_1",TRUE,9.999148727119e-17,1015,3877,300,0.077379417075058,0.295566502463054,"GO:0007017","GO:BP","microtubule-based process",20972,2492,"GO:0009987"
"query_1",TRUE,1.62535605708914e-16,1555,3877,422,0.108847046685582,0.271382636655949,"GO:0055085","GO:BP","transmembrane transport",20972,13261,"GO:0006810;GO:0009987"
"query_1",TRUE,1.62535605708914e-16,774,3877,242,0.0624193964405468,0.31266149870801,"GO:0050790","GO:BP","regulation of catalytic activity",20972,12398,"GO:0065009"
"query_1",TRUE,2.20597152664364e-16,1392,3877,385,0.0993035852463245,0.276580459770115,"GO:2000026","GO:BP","regulation of multicellular organismal development",20972,23538,"GO:0007275;GO:0050793;GO:0051239"
"query_1",TRUE,2.50581630781674e-16,266,3877,110,0.0283724529275213,0.413533834586466,"GO:0007416","GO:BP","synapse assembly",20972,2775,"GO:0007399;GO:0034329;GO:0050808"
"query_1",TRUE,4.1884934473266e-16,2584,3877,642,0.165591952540624,0.248452012383901,"GO:0051641","GO:BP","cellular localization",20972,12930,"GO:0009987;GO:0051179"
"query_1",TRUE,7.90425130528161e-16,305,3877,120,0.0309517668300232,0.39344262295082,"GO:0050803","GO:BP","regulation of synapse structure or activity",20972,12408,"GO:0065008"
"query_1",TRUE,7.99929050381831e-16,1094,3877,315,0.0812483879288109,0.287934186471664,"GO:0035295","GO:BP","tube development",20972,8374,"GO:0007275;GO:0048856"
"query_1",TRUE,1.58087035068635e-15,965,3877,284,0.0732525148310549,0.294300518134715,"GO:0098609","GO:BP","cell-cell adhesion",20972,17570,"GO:0007155"
"query_1",TRUE,1.97055955923245e-15,352,3877,132,0.0340469435130255,0.375,"GO:0006887","GO:BP","exocytosis",20972,2412,"GO:0016192;GO:0032940"
"query_1",TRUE,2.43267360633329e-15,8325,3877,1771,0.456796492133093,0.212732732732733,"GO:0016043","GO:BP","cellular component organization",20972,4835,"GO:0071840"
"query_1",TRUE,2.56738814291899e-15,1190,3877,335,0.0864070157338148,0.281512605042017,"GO:0048646","GO:BP","anatomical structure formation involved in morphogenesis",20972,12055,"GO:0009653;GO:0032502"
"query_1",TRUE,3.44750031414075e-15,1668,3877,441,0.113747743100335,0.264388489208633,"GO:0007049","GO:BP","cell cycle",20972,2516,"GO:0009987"
"query_1",TRUE,3.81758708745215e-15,818,3877,248,0.063966984782048,0.303178484107579,"GO:0051050","GO:BP","positive regulation of transport",20972,12589,"GO:0006810;GO:0048518;GO:0051049"
"query_1",TRUE,4.16482074833881e-15,608,3877,197,0.0508124838792881,0.324013157894737,"GO:0051046","GO:BP","regulation of secretion",20972,12585,"GO:0046903;GO:0051049"
"query_1",TRUE,5.12789641946655e-15,529,3877,177,0.0456538560742842,0.334593572778828,"GO:0060627","GO:BP","regulation of vesicle-mediated transport",20972,13786,"GO:0016192;GO:0050794;GO:0051049"
"query_1",TRUE,7.57755478099761e-15,1194,3877,334,0.0861490843435646,0.279731993299833,"GO:1901701","GO:BP","cellular response to oxygen-containing compound",20972,20238,"GO:0070887;GO:1901700"
"query_1",TRUE,7.59149782359064e-15,852,3877,255,0.0657725045137993,0.299295774647887,"GO:0045597","GO:BP","positive regulation of cell differentiation",20972,10679,"GO:0030154;GO:0045595;GO:0048522;GO:0051094"
"query_1",TRUE,7.86459850798176e-15,350,3877,130,0.0335310807325251,0.371428571428571,"GO:0050767","GO:BP","regulation of neurogenesis",20972,12382,"GO:0022008;GO:0051960;GO:0060284"
"query_1",TRUE,9.40397567116925e-15,556,3877,183,0.0472014444157854,0.329136690647482,"GO:1903530","GO:BP","regulation of secretion by cell",20972,21473,"GO:0032940;GO:0050794;GO:0051046"
"query_1",TRUE,1.55556725625682e-14,656,3877,207,0.05339179778179,0.315548780487805,"GO:0051301","GO:BP","cell division",20972,12731,"GO:0009987"
"query_1",TRUE,1.82488439189404e-14,298,3877,115,0.0296621098787722,0.385906040268456,"GO:0050807","GO:BP","regulation of synapse organization",20972,12412,"GO:0050803;GO:0050808;GO:0051128"
"query_1",TRUE,2.33719071169073e-14,958,3877,278,0.0717049264895538,0.290187891440501,"GO:0098657","GO:BP","import into cell",20972,17578,"GO:0006810"
"query_1",TRUE,3.08449171985336e-14,1025,3877,293,0.0755738973433067,0.285853658536585,"GO:0034220","GO:BP","monoatomic ion transmembrane transport",20972,7944,"GO:0006811;GO:0055085"
"query_1",TRUE,3.69204556444692e-14,1260,3877,346,0.0892442610265669,0.274603174603175,"GO:0006811","GO:BP","monoatomic ion transport",20972,2363,"GO:0006810"
"query_1",TRUE,4.01485362382386e-14,101,3877,55,0.0141862264637606,0.544554455445545,"GO:0016079","GO:BP","synaptic vesicle exocytosis",20972,4863,"GO:0007269;GO:0045055;GO:0051649;GO:0099003;GO:0099504;GO:0099643"
"query_1",TRUE,4.34115692472855e-14,87,3877,50,0.0128965695125097,0.574712643678161,"GO:0035418","GO:BP","protein localization to synapse",20972,8443,"GO:1902414"
"query_1",TRUE,4.62416014216142e-14,1569,3877,414,0.10678359556358,0.263862332695985,"GO:0009967","GO:BP","positive regulation of signal transduction",20972,3644,"GO:0007165;GO:0009966;GO:0010647;GO:0023056;GO:0048584"
"query_1",TRUE,5.02601021055036e-14,2320,3877,575,0.148310549393861,0.247844827586207,"GO:0048584","GO:BP","positive regulation of response to stimulus",20972,12006,"GO:0048518;GO:0048583;GO:0050896"
"query_1",TRUE,5.27673749108744e-14,227,3877,94,0.0242455506835182,0.414096916299559,"GO:0045055","GO:BP","regulated exocytosis",20972,10494,"GO:0006887"
"query_1",TRUE,5.27673749108744e-14,1639,3877,429,0.110652566417333,0.261744966442953,"GO:0051240","GO:BP","positive regulation of multicellular organismal process",20972,12692,"GO:0032501;GO:0048518;GO:0051239"
"query_1",TRUE,5.81736792302148e-14,8538,3877,1800,0.464276502450348,0.210822206605762,"GO:0071840","GO:BP","cellular component organization or biogenesis",20972,15796,"GO:0009987"
"query_1",TRUE,7.05924134602459e-14,5753,3877,1266,0.326541140056745,0.220059099600209,"GO:0048519","GO:BP","negative regulation of biological process",20972,11953,"GO:0008150;GO:0050789"
"query_1",TRUE,8.76574223412282e-14,860,3877,253,0.0652566417332989,0.294186046511628,"GO:0030001","GO:BP","metal ion transport",20972,6211,"GO:0006812"
"query_1",TRUE,9.65119663981393e-14,2547,3877,621,0.16017539334537,0.243816254416961,"GO:0043412","GO:BP","macromolecule modification",20972,10008,"GO:0043170"
"query_1",TRUE,9.85014998323188e-14,155,3877,72,0.0185710600980139,0.464516129032258,"GO:0007612","GO:BP","learning",20972,2929,"GO:0007611"
"query_1",TRUE,1.04778919866339e-13,1632,3877,426,0.109878772246582,0.261029411764706,"GO:1901700","GO:BP","response to oxygen-containing compound",20972,20237,"GO:0042221"
"query_1",TRUE,1.14498810884283e-13,798,3877,238,0.061387670879546,0.298245614035088,"GO:0097435","GO:BP","supramolecular fiber organization",20972,17431,"GO:0016043"
"query_1",TRUE,1.33549231037935e-13,1945,3877,493,0.127160175393345,0.253470437017995,"GO:1902531","GO:BP","regulation of intracellular signal transduction",20972,20814,"GO:0009966;GO:0035556"
"query_1",TRUE,1.38168989551373e-13,859,3877,252,0.0649987103430487,0.293364377182771,"GO:0032880","GO:BP","regulation of protein localization",20972,7365,"GO:0008104;GO:0032879"
"query_1",TRUE,1.42600425650453e-13,169,3877,76,0.0196027856590147,0.449704142011834,"GO:1990138","GO:BP","neuron projection extension",20972,23249,"GO:0048588;GO:0048812;GO:0060560"
"query_1",TRUE,1.62728711442801e-13,1449,3877,385,0.0993035852463245,0.265700483091787,"GO:0023057","GO:BP","negative regulation of signaling",20972,6207,"GO:0023051;GO:0023052;GO:0048519"
"query_1",TRUE,1.96423909676906e-13,2360,3877,580,0.149600206345112,0.245762711864407,"GO:0036211","GO:BP","protein modification process",20972,8878,"GO:0019538;GO:0043412"
"query_1",TRUE,2.68108447126814e-13,1449,3877,384,0.0990456538560743,0.265010351966874,"GO:0010648","GO:BP","negative regulation of cell communication",20972,4107,"GO:0007154;GO:0010646;GO:0048523"
"query_1",TRUE,3.52444267151494e-13,531,3877,172,0.0443641991230333,0.32391713747646,"GO:0051493","GO:BP","regulation of cytoskeleton organization",20972,12835,"GO:0007010;GO:0033043"
"query_1",TRUE,3.65190707201349e-13,5510,3877,1213,0.312870776373485,0.220145190562613,"GO:0048523","GO:BP","negative regulation of cellular process",20972,11957,"GO:0009987;GO:0048519;GO:0050794"
"query_1",TRUE,4.65438429068648e-13,816,3877,240,0.0619035336600464,0.294117647058824,"GO:0060284","GO:BP","regulation of cell development",20972,13512,"GO:0045595;GO:0048468"
"query_1",TRUE,6.26734480017348e-13,235,3877,94,0.0242455506835182,0.4,"GO:0060560","GO:BP","developmental growth involved in morphogenesis",20972,13734,"GO:0009653;GO:0048589"
"query_1",TRUE,8.43058216415819e-13,283,3877,107,0.0275986587567707,0.378091872791519,"GO:0140014","GO:BP","mitotic nuclear division",20972,18363,"GO:0000280;GO:1903047"
"query_1",TRUE,9.66894656726997e-13,877,3877,253,0.0652566417332989,0.2884834663626,"GO:0035239","GO:BP","tube morphogenesis",20972,8343,"GO:0009653;GO:0035295"
"query_1",TRUE,1.12870990680972e-12,758,3877,225,0.0580345628062935,0.296833773087071,"GO:0001944","GO:BP","vasculature development",20972,542,"GO:0048731;GO:0072359"
"query_1",TRUE,1.95116736438445e-12,221,3877,89,0.0229558937322672,0.402714932126697,"GO:0048588","GO:BP","developmental cell growth",20972,12010,"GO:0016049;GO:0048468;GO:0048589"
"query_1",TRUE,2.22180805307028e-12,661,3877,201,0.0518442094402889,0.304084720121029,"GO:0048589","GO:BP","developmental growth",20972,12011,"GO:0032502;GO:0040007"
"query_1",TRUE,2.91656831923476e-12,233,3877,92,0.0237296879030178,0.394849785407725,"GO:0099173","GO:BP","postsynapse organization",20972,17836,"GO:0016043;GO:0050808"
"query_1",TRUE,3.11340369342511e-12,174,3877,75,0.0193448542687645,0.431034482758621,"GO:0050806","GO:BP","positive regulation of synaptic transmission",20972,12411,"GO:0007268;GO:0010647;GO:0023056;GO:0050804"
"query_1",TRUE,3.1491425453824e-12,543,3877,172,0.0443641991230333,0.316758747697974,"GO:0044057","GO:BP","regulation of system process",20972,10196,"GO:0003008;GO:0051239"
"query_1",TRUE,3.90335120190148e-12,728,3877,216,0.0557131802940418,0.296703296703297,"GO:0010564","GO:BP","regulation of cell cycle process",20972,4031,"GO:0022402;GO:0051726"
"query_1",TRUE,5.57670266053637e-12,268,3877,101,0.0260510704152695,0.376865671641791,"GO:0007611","GO:BP","learning or memory",20972,2928,"GO:0007610;GO:0050890"
"query_1",TRUE,7.40514700893978e-12,694,3877,207,0.05339179778179,0.298270893371758,"GO:0006897","GO:BP","endocytosis",20972,2420,"GO:0016192;GO:0098657"
"query_1",TRUE,8.25974340270773e-12,170,3877,73,0.0188289914882641,0.429411764705882,"GO:0001508","GO:BP","action potential",20972,311,"GO:0042391"
"query_1",TRUE,9.52025727151702e-12,315,3877,113,0.0291462470982719,0.358730158730159,"GO:0050890","GO:BP","cognition",20972,12471,"GO:0050877"
"query_1",TRUE,1.09467761243784e-11,234,3877,91,0.0234717565127676,0.388888888888889,"GO:0016358","GO:BP","dendrite development",20972,4968,"GO:0031175;GO:0048856"
"query_1",TRUE,1.40053362721351e-11,1677,3877,425,0.109620840856332,0.253428741800835,"GO:0042592","GO:BP","homeostatic process",20972,9598,"GO:0008150"
"query_1",TRUE,1.42349299569859e-11,410,3877,137,0.0353366004642765,0.334146341463415,"GO:0034762","GO:BP","regulation of transmembrane transport",20972,8155,"GO:0050794;GO:0051049;GO:0055085"
"query_1",TRUE,1.5547977195866e-11,145,3877,65,0.0167655403662626,0.448275862068966,"GO:0060078","GO:BP","regulation of postsynaptic membrane potential",20972,13357,"GO:0042391"
"query_1",TRUE,1.6724918520401e-11,590,3877,181,0.046685581635285,0.306779661016949,"GO:0044093","GO:BP","positive regulation of molecular function",20972,10218,"GO:0065009"
"query_1",TRUE,1.96624663399833e-11,1108,3877,300,0.077379417075058,0.270758122743682,"GO:0009628","GO:BP","response to abiotic stimulus",20972,3392,"GO:0050896"
"query_1",TRUE,2.1821479736965e-11,1091,3877,296,0.0763476915140573,0.271310724106324,"GO:0051241","GO:BP","negative regulation of multicellular organismal process",20972,12693,"GO:0032501;GO:0048519;GO:0051239"
"query_1",TRUE,2.67825188657747e-11,780,3877,225,0.0580345628062935,0.288461538461538,"GO:0030155","GO:BP","regulation of cell adhesion",20972,6253,"GO:0007155;GO:0050794"
"query_1",TRUE,2.97838414479773e-11,859,3877,243,0.062677327830797,0.282887077997672,"GO:0098655","GO:BP","monoatomic cation transmembrane transport",20972,17576,"GO:0006812;GO:0034220"
"query_1",TRUE,2.99367343384661e-11,695,3877,205,0.0528759350012897,0.294964028776978,"GO:0051129","GO:BP","negative regulation of cellular component organization",20972,12628,"GO:0016043;GO:0048523;GO:0051128"
"query_1",TRUE,3.36281223300368e-11,121,3877,57,0.014702089244261,0.471074380165289,"GO:1902414","GO:BP","protein localization to cell junction",20972,20741,"GO:0008104"
"query_1",TRUE,3.70194973479335e-11,595,3877,181,0.046685581635285,0.304201680672269,"GO:0003013","GO:BP","circulatory system process",20972,1415,"GO:0003008"
"query_1",TRUE,4.0075440074663e-11,727,3877,212,0.054681454733041,0.291609353507565,"GO:0001568","GO:BP","blood vessel development",20972,341,"GO:0001944;GO:0048856"
"query_1",TRUE,4.43855688965005e-11,452,3877,146,0.0376579829765282,0.323008849557522,"GO:0043085","GO:BP","positive regulation of catalytic activity",20972,9854,"GO:0044093;GO:0050790"
"query_1",TRUE,4.60886230000156e-11,1467,3877,377,0.0972401341243229,0.256987048398091,"GO:0009719","GO:BP","response to endogenous stimulus",20972,3457,"GO:0050896"
"query_1",TRUE,4.68741289191909e-11,493,3877,156,0.0402372968790302,0.316430020283976,"GO:0007264","GO:BP","small GTPase-mediated signal transduction",20972,2656,"GO:0141124"
"query_1",TRUE,5.16411803750429e-11,614,3877,185,0.0477173071962858,0.301302931596091,"GO:0051640","GO:BP","organelle localization",20972,12929,"GO:0051179"
"query_1",TRUE,5.45366774365959e-11,421,3877,138,0.0355945318545267,0.327790973871734,"GO:0043269","GO:BP","regulation of monoatomic ion transport",20972,9925,"GO:0006811;GO:0051049"
"query_1",TRUE,5.45366774365959e-11,1961,3877,482,0.124322930100593,0.245792962774095,"GO:0008283","GO:BP","cell population proliferation",20972,3010,"GO:0009987"
"query_1",TRUE,7.91912583846165e-11,234,3877,89,0.0229558937322672,0.38034188034188,"GO:0006813","GO:BP","potassium ion transport",20972,2365,"GO:0030001"
"query_1",TRUE,9.75298093406095e-11,489,3877,154,0.0397214340985298,0.314928425357873,"GO:0007346","GO:BP","regulation of mitotic cell cycle",20972,2719,"GO:0000278;GO:0051726"
"query_1",TRUE,9.94213660556489e-11,272,3877,99,0.0255352076347692,0.363970588235294,"GO:0021537","GO:BP","telencephalon development",20972,5713,"GO:0030900;GO:0048856"
"query_1",TRUE,1.09067606774991e-10,457,3877,146,0.0376579829765282,0.319474835886214,"GO:0007015","GO:BP","actin filament organization",20972,2491,"GO:0030036;GO:0097435"
"query_1",TRUE,1.23206718746137e-10,941,3877,259,0.0668042300748001,0.275239107332625,"GO:1901698","GO:BP","response to nitrogen compound",20972,20235,"GO:0042221"
"query_1",TRUE,1.23575456398419e-10,342,3877,117,0.0301779726592726,0.342105263157895,"GO:0010959","GO:BP","regulation of metal ion transport",20972,4322,"GO:0030001;GO:0043269"
"query_1",TRUE,1.27190156933404e-10,292,3877,104,0.0268248645860201,0.356164383561644,"GO:0034765","GO:BP","regulation of monoatomic ion transmembrane transport",20972,8158,"GO:0034220;GO:0034762;GO:0043269"
"query_1",TRUE,1.33221548296514e-10,1693,3877,423,0.109104978075832,0.249852333136444,"GO:0048585","GO:BP","negative regulation of response to stimulus",20972,12007,"GO:0048519;GO:0048583;GO:0050896"
"query_1",TRUE,1.36756167636013e-10,749,3877,215,0.0554552489037916,0.287049399198932,"GO:0000165","GO:BP","MAPK cascade",20972,54,"GO:0141124"
"query_1",TRUE,1.39006230607027e-10,920,3877,254,0.0655145731235491,0.276086956521739,"GO:0040007","GO:BP","growth",20972,9261,"GO:0008150"
"query_1",TRUE,1.62018031646512e-10,320,3877,111,0.0286303843177715,0.346875,"GO:0010038","GO:BP","response to metal ion",20972,3685,"GO:0042221"
"query_1",TRUE,1.69782550385847e-10,403,3877,132,0.0340469435130255,0.327543424317618,"GO:0030900","GO:BP","forebrain development",20972,6509,"GO:0007420;GO:0048856"
"query_1",TRUE,1.8629783099572e-10,1052,3877,283,0.0729945834408047,0.269011406844106,"GO:0006812","GO:BP","monoatomic cation transport",20972,2364,"GO:0006811"
"query_1",TRUE,1.8629783099572e-10,1088,3877,291,0.0750580345628063,0.267463235294118,"GO:0051726","GO:BP","regulation of cell cycle",20972,12985,"GO:0007049;GO:0050794"
"query_1",TRUE,2.11378123494419e-10,632,3877,187,0.0482331699767862,0.295886075949367,"GO:0048514","GO:BP","blood vessel morphogenesis",20972,11950,"GO:0001568;GO:0035239"
"query_1",TRUE,2.19463189172554e-10,139,3877,61,0.0157338148052618,0.438848920863309,"GO:0048813","GO:BP","dendrite morphogenesis",20972,12208,"GO:0016358;GO:0048667;GO:0048812"
"query_1",TRUE,2.19463189172554e-10,216,3877,83,0.0214083053907661,0.384259259259259,"GO:0007626","GO:BP","locomotory behavior",20972,2943,"GO:0007610"
"query_1",TRUE,2.25512603930557e-10,445,3877,142,0.0366262574155275,0.319101123595506,"GO:0072657","GO:BP","protein localization to membrane",20972,16298,"GO:0008104;GO:0051668"
"query_1",TRUE,2.72122413670947e-10,342,3877,116,0.0299200412690224,0.339181286549708,"GO:0031346","GO:BP","positive regulation of cell projection organization",20972,6681,"GO:0030030;GO:0031344;GO:0051130"
"query_1",TRUE,2.92562993823297e-10,68,3877,38,0.00980139282950735,0.558823529411765,"GO:0017156","GO:BP","calcium-ion regulated exocytosis",20972,5034,"GO:0045055"
"query_1",TRUE,3.0739068653254e-10,258,3877,94,0.0242455506835182,0.364341085271318,"GO:1904062","GO:BP","regulation of monoatomic cation transmembrane transport",20972,21845,"GO:0034765;GO:0098655"
"query_1",TRUE,3.36049107968783e-10,1898,3877,464,0.11968016507609,0.244467860906217,"GO:0006915","GO:BP","apoptotic process",20972,2433,"GO:0012501"
"query_1",TRUE,3.68455347141298e-10,83,3877,43,0.0110910497807583,0.518072289156627,"GO:0086001","GO:BP","cardiac muscle cell action potential",20972,16695,"GO:0001508"
"query_1",TRUE,4.13534143430377e-10,916,3877,251,0.0647407789527986,0.274017467248908,"GO:0051093","GO:BP","negative regulation of developmental process",20972,12611,"GO:0032502;GO:0048519;GO:0050793"
"query_1",TRUE,4.31879003641993e-10,121,3877,55,0.0141862264637606,0.454545454545455,"GO:0007088","GO:BP","regulation of mitotic nuclear division",20972,2539,"GO:0007346;GO:0010564;GO:0051783;GO:0140014"
"query_1",TRUE,4.49689002406732e-10,131,3877,58,0.0149600206345112,0.442748091603053,"GO:0051592","GO:BP","response to calcium ion",20972,12886,"GO:0010038"
"query_1",TRUE,4.68609283991053e-10,1238,3877,322,0.0830539076605623,0.260096930533118,"GO:0071495","GO:BP","cellular response to endogenous stimulus",20972,15590,"GO:0009719"
"query_1",TRUE,4.87739882779513e-10,570,3877,171,0.0441062677327831,0.3,"GO:0009611","GO:BP","response to wounding",20972,3382,"GO:0006950"
"query_1",TRUE,5.19383793477549e-10,1856,3877,454,0.117100851173588,0.244612068965517,"GO:0033554","GO:BP","cellular response to stress",20972,7729,"GO:0006950;GO:0051716"
"query_1",TRUE,5.41494549451236e-10,194,3877,76,0.0196027856590147,0.391752577319588,"GO:0000070","GO:BP","mitotic sister chromatid segregation",20972,23,"GO:0000819;GO:0140014;GO:1903047"
"query_1",TRUE,5.71112304336246e-10,734,3877,209,0.0539076605622904,0.284741144414169,"GO:0070848","GO:BP","response to growth factor",20972,15214,"GO:0009719"
"query_1",TRUE,6.43160241294301e-10,534,3877,162,0.0417848852205313,0.303370786516854,"GO:0044770","GO:BP","cell cycle phase transition",20972,10395,"GO:0022402"
"query_1",TRUE,7.01088000622529e-10,497,3877,153,0.0394635027082796,0.30784708249497,"GO:0048285","GO:BP","organelle fission",20972,11782,"GO:0006996"
"query_1",TRUE,8.01364587466305e-10,199,3877,77,0.0198607170492649,0.386934673366834,"GO:0071805","GO:BP","potassium ion transmembrane transport",20972,15775,"GO:0006813;GO:0098655"
"query_1",TRUE,8.17351171431608e-10,702,3877,201,0.0518442094402889,0.286324786324786,"GO:0051174","GO:BP","regulation of phosphorus metabolic process",20972,12663,"GO:0006793;GO:0019222"
"query_1",TRUE,8.25243205486763e-10,1962,3877,475,0.122517410368842,0.242099898063201,"GO:0008219","GO:BP","cell death",20972,3006,"GO:0009987"
"query_1",TRUE,8.75447390387076e-10,1958,3877,474,0.122259478978592,0.242083758937692,"GO:0012501","GO:BP","programmed cell death",20972,4356,"GO:0008219"
"query_1",TRUE,8.79425312895427e-10,591,3877,175,0.0451379932937839,0.296108291032149,"GO:0007507","GO:BP","heart development",20972,2857,"GO:0048513;GO:0072359"
"query_1",TRUE,8.81111170189564e-10,185,3877,73,0.0188289914882641,0.394594594594595,"GO:0017157","GO:BP","regulation of exocytosis",20972,5035,"GO:0006887;GO:0060627;GO:1903530"
"query_1",TRUE,9.14414649318661e-10,478,3877,148,0.0381738457570286,0.309623430962343,"GO:0016049","GO:BP","cell growth",20972,4839,"GO:0009987;GO:0040007"
"query_1",TRUE,9.27670125088643e-10,259,3877,93,0.023987619293268,0.359073359073359,"GO:0090068","GO:BP","positive regulation of cell cycle process",20972,16802,"GO:0010564;GO:0022402;GO:0045787"
"query_1",TRUE,9.45125498762183e-10,499,3877,153,0.0394635027082796,0.306613226452906,"GO:0010638","GO:BP","positive regulation of organelle organization",20972,4097,"GO:0006996;GO:0033043;GO:0051130"
"query_1",TRUE,1.03226715562944e-09,665,3877,192,0.0495228269280371,0.288721804511278,"GO:0045596","GO:BP","negative regulation of cell differentiation",20972,10678,"GO:0030154;GO:0045595;GO:0048523;GO:0051093"
"query_1",TRUE,1.03387943553872e-09,147,3877,62,0.015991746195512,0.421768707482993,"GO:0051783","GO:BP","regulation of nuclear division",20972,13003,"GO:0000280;GO:0033043"
"query_1",TRUE,1.05953703985927e-09,59,3877,34,0.00876966726850658,0.576271186440678,"GO:0086002","GO:BP","cardiac muscle cell action potential involved in contraction",20972,16696,"GO:0086001;GO:0086003"
"query_1",TRUE,1.10507089143954e-09,2014,3877,485,0.125096724271344,0.240814299900695,"GO:0009888","GO:BP","tissue development",20972,3587,"GO:0048856"
"query_1",TRUE,1.38373570025916e-09,307,3877,105,0.0270827959762703,0.342019543973941,"GO:0030198","GO:BP","extracellular matrix organization",20972,6272,"GO:0043062;GO:0045229"
"query_1",TRUE,1.50455578922332e-09,3410,3877,769,0.198349239102399,0.225513196480938,"GO:0009893","GO:BP","positive regulation of metabolic process",20972,3592,"GO:0008152;GO:0019222;GO:0048522"
"query_1",TRUE,1.51070106567077e-09,331,3877,111,0.0286303843177715,0.335347432024169,"GO:0072001","GO:BP","renal system development",20972,15888,"GO:0048731"
"query_1",TRUE,1.56330615317897e-09,355,3877,117,0.0301779726592726,0.329577464788732,"GO:1990778","GO:BP","protein localization to cell periphery",20972,23438,"GO:0008104"
"query_1",TRUE,1.6165975016091e-09,235,3877,86,0.0221820995615166,0.365957446808511,"GO:0000819","GO:BP","sister chromatid segregation",20972,229,"GO:0051276;GO:0098813"
"query_1",TRUE,1.68756825411634e-09,308,3877,105,0.0270827959762703,0.340909090909091,"GO:0043062","GO:BP","extracellular structure organization",20972,9846,"GO:0016043"
"query_1",TRUE,1.7467967202803e-09,258,3877,92,0.0237296879030178,0.356589147286822,"GO:1901888","GO:BP","regulation of cell junction assembly",20972,20377,"GO:0034329;GO:0044087;GO:0051128"
"query_1",TRUE,2.03545868549763e-09,546,3877,163,0.0420428166107815,0.298534798534799,"GO:0001525","GO:BP","angiogenesis",20972,318,"GO:0048514;GO:0048646"
"query_1",TRUE,2.0719653948555e-09,309,3877,105,0.0270827959762703,0.339805825242718,"GO:0045229","GO:BP","external encapsulating structure organization",20972,10571,"GO:0016043"
"query_1",TRUE,2.3115658908001e-09,129,3877,56,0.0144441578540108,0.434108527131783,"GO:0050768","GO:BP","negative regulation of neurogenesis",20972,12383,"GO:0010721;GO:0022008;GO:0050767;GO:0051961"
"query_1",TRUE,2.3115658908001e-09,426,3877,134,0.0345628062935259,0.314553990610329,"GO:0044772","GO:BP","mitotic cell cycle phase transition",20972,10397,"GO:0044770;GO:1903047"
"query_1",TRUE,2.47855524772353e-09,676,3877,193,0.0497807583182873,0.285502958579882,"GO:1901699","GO:BP","cellular response to nitrogen compound",20972,20236,"GO:0070887;GO:1901698"
"query_1",TRUE,2.48840650057718e-09,136,3877,58,0.0149600206345112,0.426470588235294,"GO:0051961","GO:BP","negative regulation of nervous system development",20972,13088,"GO:0007399;GO:0051093;GO:0051241;GO:0051960"
"query_1",TRUE,2.64691446152419e-09,382,3877,123,0.0317255610007738,0.321989528795811,"GO:0032970","GO:BP","regulation of actin filament-based process",20972,7440,"GO:0030029;GO:0050794"
"query_1",TRUE,2.73429279796875e-09,260,3877,92,0.0237296879030178,0.353846153846154,"GO:0010721","GO:BP","negative regulation of cell development",20972,4153,"GO:0045596;GO:0048468;GO:0060284"
"query_1",TRUE,2.79128428456738e-09,544,3877,162,0.0417848852205313,0.297794117647059,"GO:0030335","GO:BP","positive regulation of cell migration",20972,6340,"GO:0016477;GO:0030334;GO:2000147"
"query_1",TRUE,2.94796184055331e-09,1341,3877,340,0.0876966726850658,0.253542132736764,"GO:0009968","GO:BP","negative regulation of signal transduction",20972,3645,"GO:0007165;GO:0009966;GO:0010648;GO:0023057;GO:0048585"
"query_1",TRUE,2.95955223033501e-09,988,3877,263,0.0678359556358009,0.266194331983806,"GO:0007167","GO:BP","enzyme-linked receptor protein signaling pathway",20972,2597,"GO:0007166"
"query_1",TRUE,3.10906124814264e-09,161,3877,65,0.0167655403662626,0.403726708074534,"GO:0051345","GO:BP","positive regulation of hydrolase activity",20972,12766,"GO:0043085;GO:0051336"
"query_1",TRUE,3.12372952115599e-09,432,3877,135,0.0348207376837761,0.3125,"GO:0007059","GO:BP","chromosome segregation",20972,2525,"GO:0022402"
"query_1",TRUE,4.02431083681913e-09,450,3877,139,0.0358524632447769,0.308888888888889,"GO:0000280","GO:BP","nuclear division",20972,77,"GO:0048285"
"query_1",TRUE,4.03262529051328e-09,706,3877,199,0.0513283466597885,0.281869688385269,"GO:0071363","GO:BP","cellular response to growth factor stimulus",20972,15479,"GO:0070848;GO:0071495"
"query_1",TRUE,4.78078533662597e-09,497,3877,150,0.038689708537529,0.301810865191147,"GO:0044089","GO:BP","positive regulation of cellular component biogenesis",20972,10214,"GO:0044085;GO:0044087;GO:0048522"
"query_1",TRUE,4.78078533662597e-09,349,3877,114,0.0294041784885221,0.326647564469914,"GO:0045787","GO:BP","positive regulation of cell cycle",20972,10847,"GO:0007049;GO:0048522;GO:0051726"
"query_1",TRUE,4.96492134382713e-09,3863,3877,855,0.220531338663915,0.221330572094227,"GO:0042221","GO:BP","response to chemical",20972,9400,"GO:0050896"
"query_1",TRUE,6.081026639865e-09,115,3877,51,0.0131545009027599,0.443478260869565,"GO:0070252","GO:BP","actin-mediated cell contraction",20972,14913,"GO:0030048"
"query_1",TRUE,6.8003723301756e-09,77,3877,39,0.0100593242197575,0.506493506493506,"GO:0097120","GO:BP","receptor localization to synapse",20972,17292,"GO:0051179"
"query_1",TRUE,8.09946661678695e-09,300,3877,101,0.0260510704152695,0.336666666666667,"GO:0006260","GO:BP","DNA replication",20972,1972,"GO:0006259"
"query_1",TRUE,8.28091137188528e-09,560,3877,164,0.0423007480010317,0.292857142857143,"GO:0042325","GO:BP","regulation of phosphorylation",20972,9444,"GO:0016310;GO:0051174"
"query_1",TRUE,8.60932442099722e-09,586,3877,170,0.0438483363425329,0.290102389078498,"GO:0040017","GO:BP","positive regulation of locomotion",20972,9271,"GO:0040011;GO:0040012;GO:0048518"
"query_1",TRUE,9.69783575401252e-09,123,3877,53,0.0136703636832603,0.430894308943089,"GO:0043547","GO:BP","positive regulation of GTPase activity",20972,10082,"GO:0043087;GO:0051345"
"query_1",TRUE,1.0123320353486e-08,349,3877,113,0.0291462470982719,0.32378223495702,"GO:0031589","GO:BP","cell-substrate adhesion",20972,6771,"GO:0007155"
"query_1",TRUE,1.07426307934184e-08,137,3877,57,0.014702089244261,0.416058394160584,"GO:0030048","GO:BP","actin filament-based movement",20972,6232,"GO:0030029"
"query_1",TRUE,1.16236143796666e-08,571,3877,166,0.0428166107815321,0.290718038528897,"GO:2000147","GO:BP","positive regulation of cell motility",20972,23636,"GO:0040017;GO:0048522;GO:0048870;GO:2000145"
"query_1",TRUE,1.2021113563038e-08,162,3877,64,0.0165076089760124,0.395061728395062,"GO:0006261","GO:BP","DNA-templated DNA replication",20972,1973,"GO:0006260"
"query_1",TRUE,1.22816878324979e-08,432,3877,133,0.0343048749032757,0.30787037037037,"GO:1901987","GO:BP","regulation of cell cycle phase transition",20972,20444,"GO:0010564;GO:0044770"
"query_1",TRUE,1.22893350238684e-08,326,3877,107,0.0275986587567707,0.328220858895706,"GO:0070588","GO:BP","calcium ion transmembrane transport",20972,15076,"GO:0006816;GO:0098655"
"query_1",TRUE,1.25834143770817e-08,148,3877,60,0.0154758834150116,0.405405405405405,"GO:0010976","GO:BP","positive regulation of neuron projection development",20972,4338,"GO:0010975;GO:0031175;GO:0031346"
"query_1",TRUE,1.74562826929739e-08,1422,3877,353,0.0910497807583183,0.248241912798875,"GO:0015031","GO:BP","protein transport",20972,4557,"GO:0006810;GO:0008104;GO:0045184"
"query_1",TRUE,1.78286604682739e-08,340,3877,110,0.0283724529275213,0.323529411764706,"GO:0032956","GO:BP","regulation of actin cytoskeleton organization",20972,7427,"GO:0030036;GO:0032970;GO:0051493"
"query_1",TRUE,1.7959647195527e-08,324,3877,106,0.0273407273665205,0.327160493827161,"GO:0098813","GO:BP","nuclear chromosome segregation",20972,17660,"GO:0007059"
"query_1",TRUE,1.7959647195527e-08,320,3877,105,0.0270827959762703,0.328125,"GO:0001822","GO:BP","kidney development",20972,466,"GO:0048513;GO:0072001"
"query_1",TRUE,1.81767042242593e-08,234,3877,83,0.0214083053907661,0.354700854700855,"GO:0007411","GO:BP","axon guidance",20972,2770,"GO:0007409;GO:0097485"
"query_1",TRUE,1.86838783269717e-08,4467,3877,969,0.249935517152437,0.216924110141034,"GO:0019538","GO:BP","protein metabolic process",20972,5499,"GO:0043170;GO:0044238"
"query_1",TRUE,1.97606454801163e-08,171,3877,66,0.0170234717565128,0.385964912280702,"GO:1902850","GO:BP","microtubule cytoskeleton organization involved in mitosis",20972,21009,"GO:0000226;GO:1903047"
"query_1",TRUE,1.98620423715367e-08,277,3877,94,0.0242455506835182,0.339350180505415,"GO:0051336","GO:BP","regulation of hydrolase activity",20972,12761,"GO:0050790"
"query_1",TRUE,2.02795421230999e-08,511,3877,151,0.0389476399277792,0.295499021526419,"GO:0008015","GO:BP","blood circulation",20972,2956,"GO:0003013"
"query_1",TRUE,2.26621210738812e-08,235,3877,83,0.0214083053907661,0.353191489361702,"GO:0097485","GO:BP","neuron projection guidance",20972,17447,"GO:0031175;GO:0048812"
"query_1",TRUE,2.34672932325363e-08,25,3877,19,0.00490069641475368,0.76,"GO:0016082","GO:BP","synaptic vesicle priming",20972,4866,"GO:0016079;GO:0065003;GO:0140029"
"query_1",TRUE,2.58886818544045e-08,306,3877,101,0.0260510704152695,0.330065359477124,"GO:0048638","GO:BP","regulation of developmental growth",20972,12047,"GO:0040008;GO:0048589;GO:0050793"
"query_1",TRUE,2.89237946870645e-08,271,3877,92,0.0237296879030178,0.339483394833948,"GO:0051962","GO:BP","positive regulation of nervous system development",20972,13089,"GO:0007399;GO:0051094;GO:0051240;GO:0051960"
"query_1",TRUE,2.89237946870645e-08,5215,3877,1113,0.287077637348465,0.213422818791946,"GO:0080090","GO:BP","regulation of primary metabolic process",20972,16617,"GO:0019222;GO:0044238"
"query_1",TRUE,2.98305916697245e-08,421,3877,129,0.033273149342275,0.306413301662708,"GO:0006816","GO:BP","calcium ion transport",20972,2367,"GO:0030001"
"query_1",TRUE,3.13839973442532e-08,1126,3877,288,0.0742842403920557,0.255772646536412,"GO:0009790","GO:BP","embryo development",20972,3517,"GO:0007275"
"query_1",TRUE,3.14699190770222e-08,1057,3877,273,0.0704152695383028,0.258278145695364,"GO:0070925","GO:BP","organelle assembly",20972,15246,"GO:0006996;GO:0022607"
"query_1",TRUE,3.81755866644174e-08,377,3877,118,0.0304359040495228,0.312997347480106,"GO:1902903","GO:BP","regulation of supramolecular fiber organization",20972,21051,"GO:0051128;GO:0097435"
"query_1",TRUE,3.95241114821795e-08,226,3877,80,0.0206345112200155,0.353982300884956,"GO:0007163","GO:BP","establishment or maintenance of cell polarity",20972,2593,"GO:0009987"
"query_1",TRUE,4.13847551171757e-08,81,3877,39,0.0100593242197575,0.481481481481481,"GO:0043266","GO:BP","regulation of potassium ion transport",20972,9922,"GO:0006813;GO:0010959"
"query_1",TRUE,4.3061059692889e-08,138,3877,56,0.0144441578540108,0.405797101449275,"GO:0050770","GO:BP","regulation of axonogenesis",20972,12385,"GO:0007409;GO:0010975;GO:0022603"
"query_1",TRUE,4.54069556217709e-08,673,3877,187,0.0482331699767862,0.277860326894502,"GO:0061061","GO:BP","muscle structure development",20972,14123,"GO:0048856"
"query_1",TRUE,4.58080721078739e-08,57,3877,31,0.007995873097756,0.543859649122807,"GO:0060997","GO:BP","dendritic spine morphogenesis",20972,14068,"GO:0031175;GO:0048812;GO:0048813;GO:0060996;GO:0097061"
"query_1",TRUE,4.62179133790256e-08,428,3877,130,0.0335310807325251,0.303738317757009,"GO:0003012","GO:BP","muscle system process",20972,1414,"GO:0003008"
"query_1",TRUE,4.63710594167462e-08,625,3877,176,0.045395924684034,0.2816,"GO:0007423","GO:BP","sensory organ development",20972,2782,"GO:0048513"
"query_1",TRUE,4.75639077800074e-08,483,3877,143,0.0368841888057777,0.296066252587992,"GO:0045785","GO:BP","positive regulation of cell adhesion",20972,10845,"GO:0007155;GO:0030155;GO:0048522"
"query_1",TRUE,6.06390328968396e-08,157,3877,61,0.0157338148052618,0.388535031847134,"GO:0030902","GO:BP","hindbrain development",20972,6511,"GO:0007420;GO:0048856"
"query_1",TRUE,6.31952057119876e-08,82,3877,39,0.0100593242197575,0.475609756097561,"GO:0086003","GO:BP","cardiac muscle cell contraction",20972,16697,"GO:0060048;GO:0070252"
"query_1",TRUE,6.34565143354768e-08,331,3877,106,0.0273407273665205,0.3202416918429,"GO:0042063","GO:BP","gliogenesis",20972,9314,"GO:0022008"
"query_1",TRUE,6.41078137912139e-08,275,3877,92,0.0237296879030178,0.334545454545455,"GO:0051259","GO:BP","protein complex oligomerization",20972,12708,"GO:0065003"
"query_1",TRUE,6.50681703332019e-08,95,3877,43,0.0110910497807583,0.452631578947368,"GO:0033555","GO:BP","multicellular organismal response to stress",20972,7730,"GO:0006950;GO:0032501"
"query_1",TRUE,7.01343527264166e-08,41,3877,25,0.00644828475625484,0.609756097560976,"GO:0085029","GO:BP","extracellular matrix assembly",20972,16689,"GO:0022607;GO:0030198"
"query_1",TRUE,7.23808497205713e-08,748,3877,203,0.0523600722207893,0.271390374331551,"GO:0031399","GO:BP","regulation of protein modification process",20972,6699,"GO:0036211;GO:0051246"
"query_1",TRUE,7.67785964451721e-08,119,3877,50,0.0128965695125097,0.420168067226891,"GO:0051261","GO:BP","protein depolymerization",20972,12710,"GO:0032984"
"query_1",TRUE,7.74484663440647e-08,140,3877,56,0.0144441578540108,0.4,"GO:0099175","GO:BP","regulation of postsynapse organization",20972,17838,"GO:0050807;GO:0099173"
"query_1",TRUE,8.01444991404212e-08,1574,3877,381,0.0982718596853237,0.242058449809403,"GO:0051246","GO:BP","regulation of protein metabolic process",20972,12695,"GO:0019538;GO:0060255;GO:0080090"
"query_1",TRUE,8.24257569918712e-08,241,3877,83,0.0214083053907661,0.344398340248963,"GO:0022604","GO:BP","regulation of cell morphogenesis",20972,6177,"GO:0000902;GO:0022603"
"query_1",TRUE,8.70041774219839e-08,173,3877,65,0.0167655403662626,0.375722543352601,"GO:0071248","GO:BP","cellular response to metal ion",20972,15375,"GO:0010038;GO:0070887"
"query_1",TRUE,8.91092578516524e-08,374,3877,116,0.0299200412690224,0.310160427807487,"GO:0045786","GO:BP","negative regulation of cell cycle",20972,10846,"GO:0007049;GO:0048523;GO:0051726"
"query_1",TRUE,8.99576341261054e-08,188,3877,69,0.0177972659272633,0.367021276595745,"GO:0043087","GO:BP","regulation of GTPase activity",20972,9856,"GO:0051336"
"query_1",TRUE,9.87084527238015e-08,501,3877,146,0.0376579829765282,0.291417165668663,"GO:0002009","GO:BP","morphogenesis of an epithelium",20972,596,"GO:0048729;GO:0060429"
"query_1",TRUE,1.03211212483793e-07,404,3877,123,0.0317255610007738,0.304455445544554,"GO:0051051","GO:BP","negative regulation of transport",20972,12590,"GO:0006810;GO:0048519;GO:0051049"
"query_1",TRUE,1.09230832788295e-07,77,3877,37,0.00954346143925716,0.480519480519481,"GO:0071277","GO:BP","cellular response to calcium ion",20972,15398,"GO:0051592;GO:0071248"
"query_1",TRUE,1.11515829451343e-07,641,3877,178,0.0459117874645344,0.277691107644306,"GO:0007169","GO:BP","cell surface receptor protein tyrosine kinase signaling pathway",20972,2599,"GO:0007167"
"query_1",TRUE,1.12677740060838e-07,163,3877,62,0.015991746195512,0.380368098159509,"GO:0051963","GO:BP","regulation of synapse assembly",20972,13090,"GO:0007416;GO:0050807;GO:1901888"
"query_1",TRUE,1.13859670471113e-07,388,3877,119,0.030693835439773,0.306701030927835,"GO:0042692","GO:BP","muscle cell differentiation",20972,9648,"GO:0030154;GO:0061061"
"query_1",TRUE,1.16838633919387e-07,498,3877,145,0.0374000515862781,0.291164658634538,"GO:0090066","GO:BP","regulation of anatomical structure size",20972,16800,"GO:0065008"
"query_1",TRUE,1.19306986458618e-07,53,3877,29,0.00748001031725561,0.547169811320755,"GO:0086009","GO:BP","membrane repolarization",20972,16700,"GO:0042391"
"query_1",TRUE,1.35387224811293e-07,42,3877,25,0.00644828475625484,0.595238095238095,"GO:0061001","GO:BP","regulation of dendritic spine morphogenesis",20972,14072,"GO:0010975;GO:0022603;GO:0060997;GO:0099175"
"query_1",TRUE,1.71337138822087e-07,91,3877,41,0.0105751870002579,0.450549450549451,"GO:0140029","GO:BP","exocytic process",20972,18372,"GO:0006887;GO:0009987"
"query_1",TRUE,1.91725720638797e-07,154,3877,59,0.0152179520247614,0.383116883116883,"GO:0008277","GO:BP","regulation of G protein-coupled receptor signaling pathway",20972,3009,"GO:0007186;GO:0009966"
"query_1",TRUE,2.09627255390615e-07,54,3877,29,0.00748001031725561,0.537037037037037,"GO:0062237","GO:BP","protein localization to postsynapse",20972,14777,"GO:0035418"
"query_1",TRUE,2.25590338296328e-07,638,3877,176,0.045395924684034,0.275862068965517,"GO:0043408","GO:BP","regulation of MAPK cascade",20972,10005,"GO:0000165;GO:1902531"
"query_1",TRUE,2.26247602169648e-07,112,3877,47,0.0121227753417591,0.419642857142857,"GO:0060291","GO:BP","long-term synaptic potentiation",20972,13518,"GO:0048167;GO:0050806"
"query_1",TRUE,2.26247602169648e-07,112,3877,47,0.0121227753417591,0.419642857142857,"GO:0045446","GO:BP","endothelial cell differentiation",20972,10610,"GO:0003158;GO:0030855"
"query_1",TRUE,2.36680245007148e-07,612,3877,170,0.0438483363425329,0.277777777777778,"GO:0048729","GO:BP","tissue morphogenesis",20972,12136,"GO:0009653;GO:0009888"
"query_1",TRUE,2.43093840183038e-07,282,3877,92,0.0237296879030178,0.326241134751773,"GO:0015833","GO:BP","peptide transport",20972,4704,"GO:0006810"
"query_1",TRUE,2.67013582400409e-07,504,3877,145,0.0374000515862781,0.287698412698413,"GO:0001932","GO:BP","regulation of protein phosphorylation",20972,533,"GO:0006468;GO:0031399;GO:0042325"
"query_1",TRUE,2.72259308131133e-07,159,3877,60,0.0154758834150116,0.377358490566038,"GO:0051494","GO:BP","negative regulation of cytoskeleton organization",20972,12836,"GO:0007010;GO:0010639;GO:0051493"
"query_1",TRUE,3.19523752465359e-07,357,3877,110,0.0283724529275213,0.30812324929972,"GO:0010639","GO:BP","negative regulation of organelle organization",20972,4098,"GO:0006996;GO:0033043;GO:0051129"
"query_1",TRUE,3.26430299265298e-07,353,3877,109,0.0281145215372711,0.308781869688385,"GO:0032535","GO:BP","regulation of cellular component size",20972,7133,"GO:0016043;GO:0090066"
"query_1",TRUE,3.3043312414256e-07,312,3877,99,0.0255352076347692,0.317307692307692,"GO:0051047","GO:BP","positive regulation of secretion",20972,12586,"GO:0046903;GO:0051046;GO:0051050"
"query_1",TRUE,3.39338462540212e-07,186,3877,67,0.017281403146763,0.360215053763441,"GO:0043270","GO:BP","positive regulation of monoatomic ion transport",20972,9926,"GO:0006811;GO:0043269;GO:0051050"
"query_1",TRUE,3.40756411868288e-07,52,3877,28,0.00722207892700542,0.538461538461538,"GO:0034331","GO:BP","cell junction maintenance",20972,8000,"GO:0034330;GO:0043954"
"query_1",TRUE,3.54936438598984e-07,58,3877,30,0.0077379417075058,0.517241379310345,"GO:0048168","GO:BP","regulation of neuronal synaptic plasticity",20972,11717,"GO:0048167"
"query_1",TRUE,4.00258454036147e-07,346,3877,107,0.0275986587567707,0.309248554913295,"GO:0021700","GO:BP","developmental maturation",20972,5875,"GO:0032502"
"query_1",TRUE,4.00758237246585e-07,590,3877,164,0.0423007480010317,0.277966101694915,"GO:0040008","GO:BP","regulation of growth",20972,9262,"GO:0040007;GO:0050789"
"query_1",TRUE,4.0188576029556e-07,202,3877,71,0.0183131287077637,0.351485148514851,"GO:0031032","GO:BP","actomyosin structure organization",20972,6557,"GO:0030036"
"query_1",TRUE,4.11506835555588e-07,77,3877,36,0.00928553004900696,0.467532467532468,"GO:1905818","GO:BP","regulation of chromosome separation",20972,23104,"GO:0051304;GO:0051983"
"query_1",TRUE,4.13248260508392e-07,206,3877,72,0.0185710600980139,0.349514563106796,"GO:0051260","GO:BP","protein homooligomerization",20972,12709,"GO:0051259"
"query_1",TRUE,4.13248260508392e-07,107,3877,45,0.0116069125612587,0.420560747663551,"GO:0035249","GO:BP","synaptic transmission, glutamatergic",20972,8346,"GO:0007268"
"query_1",TRUE,4.82483289811288e-07,302,3877,96,0.0247614134640186,0.317880794701987,"GO:0051056","GO:BP","regulation of small GTPase mediated signal transduction",20972,12595,"GO:0007264;GO:1902531"
"query_1",TRUE,4.97638020586734e-07,290,3877,93,0.023987619293268,0.320689655172414,"GO:0010948","GO:BP","negative regulation of cell cycle process",20972,4313,"GO:0010564;GO:0022402;GO:0045786"
"query_1",TRUE,5.07792242384541e-07,94,3877,41,0.0105751870002579,0.436170212765957,"GO:0060996","GO:BP","dendritic spine development",20972,14067,"GO:0016358;GO:0048856"
"query_1",TRUE,5.17581413907163e-07,327,3877,102,0.0263090018055197,0.311926605504587,"GO:1901990","GO:BP","regulation of mitotic cell cycle phase transition",20972,20447,"GO:0007346;GO:0044772;GO:1901987"
"query_1",TRUE,5.55473944015491e-07,1639,3877,389,0.100335310807325,0.237339841366687,"GO:0042127","GO:BP","regulation of cell population proliferation",20972,9340,"GO:0008283;GO:0050794"
"query_1",TRUE,5.6685100470967e-07,223,3877,76,0.0196027856590147,0.340807174887892,"GO:0045930","GO:BP","negative regulation of mitotic cell cycle",20972,10946,"GO:0000278;GO:0007346;GO:0045786"
"query_1",TRUE,5.7167910849731e-07,53,3877,28,0.00722207892700542,0.528301886792453,"GO:1903539","GO:BP","protein localization to postsynaptic membrane",20972,21482,"GO:0062237;GO:0072657;GO:1990778"
"query_1",TRUE,5.77899206663742e-07,1108,3877,277,0.0714469950993036,0.25,"GO:1902533","GO:BP","positive regulation of intracellular signal transduction",20972,20816,"GO:0009967;GO:0035556;GO:1902531"
"query_1",TRUE,5.94502488558577e-07,287,3877,92,0.0237296879030178,0.320557491289199,"GO:0051146","GO:BP","striated muscle cell differentiation",20972,12643,"GO:0042692"
"query_1",TRUE,6.27322429463004e-07,1123,3877,280,0.0722207892700542,0.2493321460374,"GO:0001775","GO:BP","cell activation",20972,427,"GO:0009987;GO:0032501"
"query_1",TRUE,6.33605260596504e-07,31,3877,20,0.00515862780500387,0.645161290322581,"GO:0099558","GO:BP","maintenance of synapse structure",20972,17890,"GO:0034331;GO:0050808"
"query_1",TRUE,7.72528259779846e-07,182,3877,65,0.0167655403662626,0.357142857142857,"GO:0097553","GO:BP","calcium ion transmembrane import into cytosol",20972,17473,"GO:0070588"
"query_1",TRUE,7.84286709741329e-07,69,3877,33,0.00851173587825638,0.478260869565217,"GO:0030199","GO:BP","collagen fibril organization",20972,6273,"GO:0030198"
"query_1",TRUE,8.23544948206399e-07,134,3877,52,0.0134124322930101,0.388059701492537,"GO:0003158","GO:BP","endothelium development",20972,1531,"GO:0060429"
"query_1",TRUE,9.22902321233679e-07,113,3877,46,0.0118648439515089,0.407079646017699,"GO:0099072","GO:BP","regulation of postsynaptic membrane neurotransmitter receptor levels",20972,17786,"GO:0065008"
"query_1",TRUE,9.39737873948997e-07,615,3877,168,0.0433324735620325,0.273170731707317,"GO:0030031","GO:BP","cell projection assembly",20972,6220,"GO:0022607;GO:0030030"
"query_1",TRUE,9.46150310295362e-07,1426,3877,343,0.0884704668558163,0.240532959326788,"GO:0042981","GO:BP","regulation of apoptotic process",20972,9804,"GO:0006915;GO:0043067"
"query_1",TRUE,9.7251599062726e-07,29,3877,19,0.00490069641475368,0.655172413793103,"GO:1904862","GO:BP","inhibitory synapse assembly",20972,22426,"GO:0007416"
"query_1",TRUE,9.87307240051726e-07,669,3877,180,0.0464276502450348,0.269058295964126,"GO:0043009","GO:BP","chordate embryonic development",20972,9816,"GO:0009792"
"query_1",TRUE,1.00643306032877e-06,290,3877,92,0.0237296879030178,0.317241379310345,"GO:1903532","GO:BP","positive regulation of secretion by cell",20972,21475,"GO:0032940;GO:0048522;GO:0051047;GO:1903530"
"query_1",TRUE,1.04403061941155e-06,86,3877,38,0.00980139282950735,0.441860465116279,"GO:0046928","GO:BP","regulation of neurotransmitter secretion",20972,11591,"GO:0007269;GO:0050804;GO:0051588;GO:1903530"
"query_1",TRUE,1.05035375260277e-06,103,3877,43,0.0110910497807583,0.41747572815534,"GO:0051588","GO:BP","regulation of neurotransmitter transport",20972,12882,"GO:0006836;GO:0051049"
"query_1",TRUE,1.07120239695494e-06,254,3877,83,0.0214083053907661,0.326771653543307,"GO:0009101","GO:BP","glycoprotein biosynthetic process",20972,3123,"GO:0009059;GO:0009100;GO:1901137"
"query_1",TRUE,1.12398265884127e-06,399,3877,118,0.0304359040495228,0.295739348370927,"GO:0001558","GO:BP","regulation of cell growth",20972,336,"GO:0016049;GO:0040008;GO:0051128"
"query_1",TRUE,1.19841759272288e-06,121,3877,48,0.0123807067320093,0.396694214876033,"GO:0007613","GO:BP","memory",20972,2930,"GO:0007611"
"query_1",TRUE,1.19841759272288e-06,481,3877,137,0.0353366004642765,0.284823284823285,"GO:0070201","GO:BP","regulation of establishment of protein localization",20972,14877,"GO:0032880;GO:0045184"
"query_1",TRUE,1.23103000108317e-06,22,3877,16,0.0041269022440031,0.727272727272727,"GO:0032253","GO:BP","dense core granule localization",20972,6953,"GO:0032252"
"query_1",TRUE,1.26686653889906e-06,569,3877,157,0.0404952282692804,0.275922671353251,"GO:0051248","GO:BP","negative regulation of protein metabolic process",20972,12697,"GO:0010605;GO:0019538;GO:0051246"
"query_1",TRUE,1.26686653889906e-06,132,3877,51,0.0131545009027599,0.386363636363636,"GO:0051983","GO:BP","regulation of chromosome segregation",20972,13103,"GO:0007059;GO:0010564"
"query_1",TRUE,1.28205966530724e-06,251,3877,82,0.0211503740005159,0.326693227091633,"GO:0003015","GO:BP","heart process",20972,1417,"GO:0003013"
"query_1",TRUE,1.38978644847759e-06,439,3877,127,0.0327572865617746,0.289293849658314,"GO:0042060","GO:BP","wound healing",20972,9312,"GO:0009611"
"query_1",TRUE,1.44608678986289e-06,435,3877,126,0.0324993551715244,0.289655172413793,"GO:0050673","GO:BP","epithelial cell proliferation",20972,12348,"GO:0008283"
"query_1",TRUE,1.47695449453078e-06,87,3877,38,0.00980139282950735,0.436781609195402,"GO:0008306","GO:BP","associative learning",20972,3022,"GO:0007612"
"query_1",TRUE,1.53777689003012e-06,256,3877,83,0.0214083053907661,0.32421875,"GO:0002790","GO:BP","peptide secretion",20972,1255,"GO:0015833;GO:0046903"
"query_1",TRUE,1.59671703913674e-06,94,3877,40,0.0103172556100077,0.425531914893617,"GO:0021954","GO:BP","central nervous system neuron development",20972,6078,"GO:0021953;GO:0048666"
"query_1",TRUE,1.59800536152937e-06,155,3877,57,0.014702089244261,0.367741935483871,"GO:0030534","GO:BP","adult behavior",20972,6393,"GO:0007610"
"query_1",TRUE,1.66298937599706e-06,35,3877,21,0.00541655919525406,0.6,"GO:0031338","GO:BP","regulation of vesicle fusion",20972,6673,"GO:0006906;GO:0033043;GO:0060627"
"query_1",TRUE,1.66298937599706e-06,84,3877,37,0.00954346143925716,0.44047619047619,"GO:0051304","GO:BP","chromosome separation",20972,12733,"GO:0007059;GO:0022402"
"query_1",TRUE,1.73377619270017e-06,364,3877,109,0.0281145215372711,0.299450549450549,"GO:0009306","GO:BP","protein secretion",20972,3296,"GO:0015031;GO:0032940;GO:0035592;GO:0071692"
"query_1",TRUE,1.80893648862719e-06,221,3877,74,0.0190869228785143,0.334841628959276,"GO:0050769","GO:BP","positive regulation of neurogenesis",20972,12384,"GO:0010720;GO:0022008;GO:0050767;GO:0051962"
"query_1",TRUE,1.84824906809568e-06,249,3877,81,0.0208924426102657,0.325301204819277,"GO:1901988","GO:BP","negative regulation of cell cycle phase transition",20972,20445,"GO:0010948;GO:0044770;GO:1901987"
"query_1",TRUE,1.90470258475514e-06,190,3877,66,0.0170234717565128,0.347368421052632,"GO:0045664","GO:BP","regulation of neuron differentiation",20972,10746,"GO:0030182;GO:0045595"
"query_1",TRUE,2.07003690258046e-06,175,3877,62,0.015991746195512,0.354285714285714,"GO:0060041","GO:BP","retina development in camera-type eye",20972,13327,"GO:0043010;GO:0048856"
"query_1",TRUE,2.07560485210448e-06,538,3877,149,0.0384317771472788,0.276951672862454,"GO:0001501","GO:BP","skeletal system development",20972,306,"GO:0048731"
"query_1",TRUE,2.13557890830087e-06,25,3877,17,0.00438483363425329,0.68,"GO:0032252","GO:BP","secretory granule localization",20972,6952,"GO:0051648"
"query_1",TRUE,2.15401889557213e-06,408,3877,119,0.030693835439773,0.291666666666667,"GO:0051338","GO:BP","regulation of transferase activity",20972,12763,"GO:0050790"
"query_1",TRUE,2.19088433513731e-06,41,3877,23,0.00593242197575445,0.560975609756098,"GO:0060074","GO:BP","synapse maturation",20972,13355,"GO:0007399;GO:0021700;GO:0050808"
"query_1",TRUE,2.19227093303936e-06,254,3877,82,0.0211503740005159,0.322834645669291,"GO:1903522","GO:BP","regulation of blood circulation",20972,21465,"GO:0008015;GO:0044057"
"query_1",TRUE,2.20786101145967e-06,242,3877,79,0.0203765798297653,0.326446280991736,"GO:0060047","GO:BP","heart contraction",20972,13333,"GO:0003015;GO:0008015"
"query_1",TRUE,2.20786101145967e-06,1467,3877,349,0.0900180551973175,0.237900477164281,"GO:0043067","GO:BP","regulation of programmed cell death",20972,9850,"GO:0012501;GO:0050794"
"query_1",TRUE,2.23575061468254e-06,102,3877,42,0.0108331183905081,0.411764705882353,"GO:0021549","GO:BP","cerebellum development",20972,5725,"GO:0022037;GO:0048856"
"query_1",TRUE,2.293426913692e-06,366,3877,109,0.0281145215372711,0.297814207650273,"GO:0071692","GO:BP","protein localization to extracellular region",20972,15719,"GO:0033036"
"query_1",TRUE,2.31578840449798e-06,3152,3877,690,0.177972659272633,0.218908629441624,"GO:0010604","GO:BP","positive regulation of macromolecule metabolic process",20972,4065,"GO:0009893;GO:0043170;GO:0060255"
"query_1",TRUE,2.56222368246816e-06,602,3877,163,0.0420428166107815,0.270764119601329,"GO:0120031","GO:BP","plasma membrane bounded cell projection assembly",20972,18200,"GO:0030031;GO:0120036"
"query_1",TRUE,2.65698660062956e-06,367,3877,109,0.0281145215372711,0.29700272479564,"GO:0035592","GO:BP","establishment of protein localization to extracellular region",20972,8519,"GO:0045184"
"query_1",TRUE,2.65810184070168e-06,2290,3877,517,0.13335052875935,0.225764192139738,"GO:0003008","GO:BP","system process",20972,1410,"GO:0032501"
"query_1",TRUE,2.80462646438673e-06,188,3877,65,0.0167655403662626,0.345744680851064,"GO:0021543","GO:BP","pallium development",20972,5719,"GO:0021537;GO:0048856"
"query_1",TRUE,2.96983909502196e-06,2645,3877,588,0.151663657467114,0.222306238185255,"GO:0009891","GO:BP","positive regulation of biosynthetic process",20972,3590,"GO:0009058;GO:0009889;GO:0009893"
"query_1",TRUE,3.0220428947679e-06,330,3877,100,0.0257931390250193,0.303030303030303,"GO:0009914","GO:BP","hormone transport",20972,3609,"GO:0006810;GO:0010817"
"query_1",TRUE,3.12184537257507e-06,212,3877,71,0.0183131287077637,0.334905660377358,"GO:0000082","GO:BP","G1/S transition of mitotic cell cycle",20972,30,"GO:0044772;GO:0044843"
"query_1",TRUE,3.19385719609906e-06,228,3877,75,0.0193448542687645,0.328947368421053,"GO:0043542","GO:BP","endothelial cell migration",20972,10079,"GO:0016477"
"query_1",TRUE,3.38538577890528e-06,162,3877,58,0.0149600206345112,0.358024691358025,"GO:0061572","GO:BP","actin filament bundle organization",20972,14475,"GO:0007015"
"query_1",TRUE,3.54767978110484e-06,686,3877,181,0.046685581635285,0.263848396501458,"GO:0008285","GO:BP","negative regulation of cell population proliferation",20972,3012,"GO:0008283;GO:0042127;GO:0048523"
"query_1",TRUE,3.54767978110484e-06,60,3877,29,0.00748001031725561,0.483333333333333,"GO:0007215","GO:BP","glutamate receptor signaling pathway",20972,2634,"GO:0007166"
"query_1",TRUE,3.54767978110484e-06,60,3877,29,0.00748001031725561,0.483333333333333,"GO:1901379","GO:BP","regulation of potassium ion transmembrane transport",20972,20036,"GO:0043266;GO:0071805;GO:1904062"
"query_1",TRUE,3.75281215325205e-06,209,3877,70,0.0180551973175135,0.334928229665072,"GO:0048839","GO:BP","inner ear development",20972,12230,"GO:0043583;GO:0048856"
"query_1",TRUE,3.75928285990969e-06,249,3877,80,0.0206345112200155,0.321285140562249,"GO:0030072","GO:BP","peptide hormone secretion",20972,6237,"GO:0002790;GO:0046879;GO:0071705"
"query_1",TRUE,3.79434415340011e-06,42,3877,23,0.00593242197575445,0.547619047619048,"GO:0017158","GO:BP","regulation of calcium ion-dependent exocytosis",20972,5036,"GO:0017156;GO:1903305"
"query_1",TRUE,3.90584226724224e-06,687,3877,181,0.046685581635285,0.263464337700146,"GO:0009792","GO:BP","embryo development ending in birth or egg hatching",20972,3519,"GO:0009790"
"query_1",TRUE,3.96610451826234e-06,111,3877,44,0.0113489811710085,0.396396396396396,"GO:0048675","GO:BP","axon extension",20972,12084,"GO:0007409;GO:1990138"
"query_1",TRUE,3.9759289855895e-06,90,3877,38,0.00980139282950735,0.422222222222222,"GO:0045666","GO:BP","positive regulation of neuron differentiation",20972,10748,"GO:0030182;GO:0045597;GO:0045664"
"query_1",TRUE,4.00447229590213e-06,783,3877,202,0.0521021408305391,0.257982120051086,"GO:0061024","GO:BP","membrane organization",20972,14087,"GO:0016043"
"query_1",TRUE,4.00592891083699e-06,159,3877,57,0.014702089244261,0.358490566037736,"GO:0051017","GO:BP","actin filament bundle assembly",20972,12571,"GO:0022607;GO:0061572"
"query_1",TRUE,4.05084561892712e-06,144,3877,53,0.0136703636832603,0.368055555555556,"GO:1903169","GO:BP","regulation of calcium ion transmembrane transport",20972,21218,"GO:0051924;GO:0070588;GO:1904062"
"query_1",TRUE,4.20770879231898e-06,80,3877,35,0.00902759865875677,0.4375,"GO:0097061","GO:BP","dendritic spine organization",20972,17252,"GO:0099173;GO:0106027"
"query_1",TRUE,4.28218705259748e-06,262,3877,83,0.0214083053907661,0.316793893129771,"GO:0110053","GO:BP","regulation of actin filament organization",20972,18115,"GO:0007015;GO:0032956;GO:1902903"
"query_1",TRUE,4.47478282701007e-06,798,3877,205,0.0528759350012897,0.256892230576441,"GO:0071705","GO:BP","nitrogen compound transport",20972,15728,"GO:0006810"
"query_1",TRUE,4.54856082975935e-06,218,3877,72,0.0185710600980139,0.330275229357798,"GO:0021953","GO:BP","central nervous system neuron differentiation",20972,6077,"GO:0007417;GO:0030182"
"query_1",TRUE,4.55688254080456e-06,126,3877,48,0.0123807067320093,0.380952380952381,"GO:1903305","GO:BP","regulation of regulated secretory pathway",20972,21288,"GO:0017157;GO:0045055"
"query_1",TRUE,4.65945089614844e-06,1234,3877,298,0.0768635542945576,0.241491085899514,"GO:0060429","GO:BP","epithelium development",20972,13632,"GO:0009888"
"query_1",TRUE,4.91154336379925e-06,34,3877,20,0.00515862780500387,0.588235294117647,"GO:0071711","GO:BP","basement membrane organization",20972,15734,"GO:0030198"
"query_1",TRUE,4.9814003782106e-06,300,3877,92,0.0237296879030178,0.306666666666667,"GO:0070371","GO:BP","ERK1 and ERK2 cascade",20972,14975,"GO:0000165"
"query_1",TRUE,5.46050208785851e-06,91,3877,38,0.00980139282950735,0.417582417582418,"GO:0106027","GO:BP","neuron projection organization",20972,17972,"GO:0120036"
"query_1",TRUE,5.86284218936107e-06,481,3877,134,0.0345628062935259,0.278586278586279,"GO:0007018","GO:BP","microtubule-based movement",20972,2493,"GO:0007017"
"query_1",TRUE,5.86284218936107e-06,433,3877,123,0.0317255610007738,0.284064665127021,"GO:0051223","GO:BP","regulation of protein transport",20972,12679,"GO:0015031;GO:0051049;GO:0070201"
"query_1",TRUE,6.32742126743747e-06,88,3877,37,0.00954346143925716,0.420454545454545,"GO:0021766","GO:BP","hippocampus development",20972,5938,"GO:0021543;GO:0021761;GO:0048856"
"query_1",TRUE,6.51842212618681e-06,839,3877,213,0.0549393861232912,0.253873659117998,"GO:0048871","GO:BP","multicellular organismal-level homeostasis",20972,12261,"GO:0032501;GO:0042592"
"query_1",TRUE,6.52977132246445e-06,904,3877,227,0.0585504255867939,0.251106194690265,"GO:0009725","GO:BP","response to hormone",20972,3463,"GO:0009719;GO:0042221"
"query_1",TRUE,6.52977132246445e-06,236,3877,76,0.0196027856590147,0.322033898305085,"GO:0043583","GO:BP","ear development",20972,10107,"GO:0007423"
"query_1",TRUE,6.74041185717415e-06,951,3877,237,0.0611297394892958,0.249211356466877,"GO:0048878","GO:BP","chemical homeostasis",20972,12266,"GO:0042592"
"query_1",TRUE,6.93650533624482e-06,430,3877,122,0.0314676296105236,0.283720930232558,"GO:0010720","GO:BP","positive regulation of cell development",20972,4152,"GO:0045597;GO:0048468;GO:0060284"
"query_1",TRUE,7.0837267919992e-06,319,3877,96,0.0247614134640186,0.300940438871473,"GO:0046879","GO:BP","hormone secretion",20972,11573,"GO:0009914;GO:0023061"
"query_1",TRUE,7.23571262220777e-06,106,3877,42,0.0108331183905081,0.39622641509434,"GO:1901890","GO:BP","positive regulation of cell junction assembly",20972,20379,"GO:0034329;GO:0044089;GO:0051130;GO:1901888"
"query_1",TRUE,7.35393785512711e-06,139,3877,51,0.0131545009027599,0.366906474820144,"GO:0060048","GO:BP","cardiac muscle contraction",20972,13334,"GO:0006941;GO:0060047"
"query_1",TRUE,7.48199794353073e-06,20233,3877,3790,0.977559969048233,0.187317748233085,"GO:0009987","GO:BP","cellular process",20972,3649,"GO:0008150"
"query_1",TRUE,7.48506416767684e-06,286,3877,88,0.022697962342017,0.307692307692308,"GO:0072659","GO:BP","protein localization to plasma membrane",20972,16300,"GO:0072657;GO:1990778"
"query_1",TRUE,7.78649626014858e-06,143,3877,52,0.0134124322930101,0.363636363636364,"GO:0031109","GO:BP","microtubule polymerization or depolymerization",20972,6586,"GO:0000226"
"query_1",TRUE,7.81101336642859e-06,32,3877,19,0.00490069641475368,0.59375,"GO:2000463","GO:BP","positive regulation of excitatory postsynaptic potential",20972,23895,"GO:0009967;GO:0060079;GO:0098815"
"query_1",TRUE,7.96986084677774e-06,62,3877,29,0.00748001031725561,0.467741935483871,"GO:0097479","GO:BP","synaptic vesicle localization",20972,17444,"GO:0051648"
"query_1",TRUE,8.46345618554952e-06,262,3877,82,0.0211503740005159,0.312977099236641,"GO:0046883","GO:BP","regulation of hormone secretion",20972,11577,"GO:0010646;GO:0010817;GO:0023051;GO:0046879;GO:1903530"
"query_1",TRUE,8.65936083526051e-06,59,3877,28,0.00722207892700542,0.474576271186441,"GO:0045839","GO:BP","negative regulation of mitotic nuclear division",20972,10882,"GO:0007088;GO:0010948;GO:0045930;GO:0051784;GO:0140014"
"query_1",TRUE,8.99920660429257e-06,114,3877,44,0.0113489811710085,0.385964912280702,"GO:0031644","GO:BP","regulation of nervous system process",20972,6791,"GO:0044057;GO:0050877"
"query_1",TRUE,9.30163534078958e-06,56,3877,27,0.00696414753675522,0.482142857142857,"GO:0099084","GO:BP","postsynaptic specialization organization",20972,17792,"GO:0006996;GO:0099173"
"query_1",TRUE,9.46976262360652e-06,79,3877,34,0.00876966726850658,0.430379746835443,"GO:0043954","GO:BP","cellular component maintenance",20972,10184,"GO:0016043"
"query_1",TRUE,9.85917017612162e-06,53,3877,26,0.00670621614650503,0.490566037735849,"GO:0021695","GO:BP","cerebellar cortex development",20972,5870,"GO:0021549;GO:0048856"
"query_1",TRUE,9.87098687761227e-06,38,3877,21,0.00541655919525406,0.552631578947368,"GO:0099622","GO:BP","cardiac muscle cell membrane repolarization",20972,17921,"GO:0086009"
"query_1",TRUE,9.959393952522e-06,167,3877,58,0.0149600206345112,0.347305389221557,"GO:1904018","GO:BP","positive regulation of vasculature development",20972,21809,"GO:0001944;GO:0051094;GO:0051240;GO:1901342"
"query_1",TRUE,1.00669864642907e-05,93,3877,38,0.00980139282950735,0.408602150537634,"GO:1901879","GO:BP","regulation of protein depolymerization",20972,20370,"GO:0043244;GO:0051261"
"query_1",TRUE,1.02424286464528e-05,50,3877,25,0.00644828475625484,0.5,"GO:0042596","GO:BP","fear response",20972,9602,"GO:0033555"
"query_1",TRUE,1.03450824815159e-05,41,3877,22,0.00567449058550426,0.536585365853659,"GO:0030866","GO:BP","cortical actin cytoskeleton organization",20972,6500,"GO:0030036;GO:0030865"
"query_1",TRUE,1.03570607295615e-05,517,3877,141,0.0363683260252773,0.272727272727273,"GO:0060341","GO:BP","regulation of cellular localization",20972,13562,"GO:0032879;GO:0050794;GO:0051641"
"query_1",TRUE,1.03570607295615e-05,22,3877,15,0.0038689708537529,0.681818181818182,"GO:0031630","GO:BP","regulation of synaptic vesicle fusion to presynaptic active zone membrane",20972,6780,"GO:0031338;GO:0031629;GO:1901632"
"query_1",TRUE,1.03570607295615e-05,22,3877,15,0.0038689708537529,0.681818181818182,"GO:1901632","GO:BP","regulation of synaptic vesicle membrane organization",20972,20202,"GO:0048499;GO:0051128"
"query_1",TRUE,1.08171041252767e-05,239,3877,76,0.0196027856590147,0.317991631799163,"GO:0044843","GO:BP","cell cycle G1/S phase transition",20972,10434,"GO:0044770"
"query_1",TRUE,1.08316849101151e-05,356,3877,104,0.0268248645860201,0.292134831460674,"GO:0050678","GO:BP","regulation of epithelial cell proliferation",20972,12353,"GO:0042127;GO:0050673"
"query_1",TRUE,1.08316849101151e-05,276,3877,85,0.0219241681712664,0.307971014492754,"GO:0070372","GO:BP","regulation of ERK1 and ERK2 cascade",20972,14976,"GO:0043408;GO:0070371"
"query_1",TRUE,1.09600782126318e-05,137,3877,50,0.0128965695125097,0.364963503649635,"GO:0007052","GO:BP","mitotic spindle organization",20972,2518,"GO:0007051;GO:1902850"
"query_1",TRUE,1.10480035033681e-05,272,3877,84,0.0216662367810163,0.308823529411765,"GO:0032886","GO:BP","regulation of microtubule-based process",20972,7370,"GO:0007017;GO:0050794"
"query_1",TRUE,1.1382962529625e-05,1000,3877,246,0.0634511220015476,0.246,"GO:0009887","GO:BP","animal organ morphogenesis",20972,3586,"GO:0009653;GO:0048513"
"query_1",TRUE,1.15093602670772e-05,264,3877,82,0.0211503740005159,0.310606060606061,"GO:0071559","GO:BP","response to transforming growth factor beta",20972,15621,"GO:0070848"
"query_1",TRUE,1.20235912636724e-05,327,3877,97,0.0250193448542688,0.296636085626911,"GO:0009100","GO:BP","glycoprotein metabolic process",20972,3122,"GO:0019538;GO:1901135"
"query_1",TRUE,1.21952574623773e-05,30,3877,18,0.00464276502450348,0.6,"GO:0007214","GO:BP","gamma-aminobutyric acid signaling pathway",20972,2633,"GO:0007267"
"query_1",TRUE,1.21952574623773e-05,30,3877,18,0.00464276502450348,0.6,"GO:0086011","GO:BP","membrane repolarization during action potential",20972,16702,"GO:0001508;GO:0086009"
"query_1",TRUE,1.28036401853158e-05,396,3877,113,0.0291462470982719,0.285353535353535,"GO:0009410","GO:BP","response to xenobiotic stimulus",20972,3319,"GO:0042221"
"query_1",TRUE,1.31165017259687e-05,880,3877,220,0.0567449058550426,0.25,"GO:0033993","GO:BP","response to lipid",20972,7811,"GO:0042221"
"query_1",TRUE,1.35061662317906e-05,204,3877,67,0.017281403146763,0.32843137254902,"GO:0008016","GO:BP","regulation of heart contraction",20972,2957,"GO:0060047;GO:1903522"
"query_1",TRUE,1.36460889088862e-05,112,3877,43,0.0110910497807583,0.383928571428571,"GO:0022037","GO:BP","metencephalon development",20972,6155,"GO:0030902;GO:0048856"
"query_1",TRUE,1.38053876671368e-05,57,3877,27,0.00696414753675522,0.473684210526316,"GO:0051932","GO:BP","synaptic transmission, GABAergic",20972,13070,"GO:0007268"
"query_1",TRUE,1.49754580417064e-05,20,3877,14,0.00361103946350271,0.7,"GO:2001044","GO:BP","regulation of integrin-mediated signaling pathway",20972,24351,"GO:0007229;GO:0009966"
"query_1",TRUE,1.49949431068865e-05,2538,3877,560,0.144441578540108,0.220646178092987,"GO:0010557","GO:BP","positive regulation of macromolecule biosynthetic process",20972,4024,"GO:0009059;GO:0009891;GO:0010556;GO:0010604"
"query_1",TRUE,1.50072504934208e-05,738,3877,189,0.0487490327572866,0.25609756097561,"GO:0019725","GO:BP","cellular homeostasis",20972,5617,"GO:0042592"
"query_1",TRUE,1.51924533903632e-05,146,3877,52,0.0134124322930101,0.356164383561644,"GO:1903531","GO:BP","negative regulation of secretion by cell",20972,21474,"GO:0032940;GO:0048523;GO:0051048;GO:1903530"
"query_1",TRUE,1.54162059578263e-05,233,3877,74,0.0190869228785143,0.317596566523605,"GO:0007160","GO:BP","cell-matrix adhesion",20972,2590,"GO:0031589"
"query_1",TRUE,1.55872028418744e-05,181,3877,61,0.0157338148052618,0.337016574585635,"GO:0006941","GO:BP","striated muscle contraction",20972,2448,"GO:0006936"
"query_1",TRUE,1.55872028418744e-05,450,3877,125,0.0322414237812742,0.277777777777778,"GO:0043410","GO:BP","positive regulation of MAPK cascade",20972,10007,"GO:0000165;GO:0043408;GO:1902533"
"query_1",TRUE,1.72264625628841e-05,495,3877,135,0.0348207376837761,0.272727272727273,"GO:0018193","GO:BP","peptidyl-amino acid modification",20972,5096,"GO:0036211"
"query_1",TRUE,1.72932721844235e-05,300,3877,90,0.0232138251225174,0.3,"GO:0062197","GO:BP","cellular response to chemical stress",20972,14755,"GO:0033554;GO:0070887"
"query_1",TRUE,1.78501341751958e-05,166,3877,57,0.014702089244261,0.343373493975904,"GO:0051048","GO:BP","negative regulation of secretion",20972,12587,"GO:0046903;GO:0051046;GO:0051051"
"query_1",TRUE,1.78592993614546e-05,81,3877,34,0.00876966726850658,0.419753086419753,"GO:0030516","GO:BP","regulation of axon extension",20972,6387,"GO:0048638;GO:0048675;GO:0061387"
"query_1",TRUE,1.89549330181189e-05,222,3877,71,0.0183131287077637,0.31981981981982,"GO:0099111","GO:BP","microtubule-based transport",20972,17799,"GO:0006810"
"query_1",TRUE,1.91846748295772e-05,71,3877,31,0.007995873097756,0.436619718309859,"GO:0048488","GO:BP","synaptic vesicle endocytosis",20972,11932,"GO:0036465;GO:0140238"
"query_1",TRUE,1.91846748295772e-05,186,3877,62,0.015991746195512,0.333333333333333,"GO:0000075","GO:BP","cell cycle checkpoint signaling",20972,25,"GO:0035556;GO:1901988"
"query_1",TRUE,1.91892810020552e-05,117,3877,44,0.0113489811710085,0.376068376068376,"GO:1904064","GO:BP","positive regulation of cation transmembrane transport",20972,21847,"GO:0034767;GO:0098655;GO:1904062"
"query_1",TRUE,1.93258550217349e-05,395,3877,112,0.0288883157080217,0.283544303797468,"GO:0045937","GO:BP","positive regulation of phosphate metabolic process",20972,10952,"GO:0006796;GO:0010562"
"query_1",TRUE,1.93258550217349e-05,395,3877,112,0.0288883157080217,0.283544303797468,"GO:0010562","GO:BP","positive regulation of phosphorus metabolic process",20972,4029,"GO:0006793;GO:0009893;GO:0051174"
"query_1",TRUE,2.05192671181039e-05,58,3877,27,0.00696414753675522,0.46551724137931,"GO:1903053","GO:BP","regulation of extracellular matrix organization",20972,21151,"GO:0030198;GO:0051128"
"query_1",TRUE,2.08143870228559e-05,159,3877,55,0.0141862264637606,0.345911949685535,"GO:1902904","GO:BP","negative regulation of supramolecular fiber organization",20972,21052,"GO:0051129;GO:0097435;GO:1902903"
"query_1",TRUE,2.1032017233098e-05,457,3877,126,0.0324993551715244,0.275711159737418,"GO:0043434","GO:BP","response to peptide hormone",20972,10018,"GO:0009725;GO:1901698;GO:1901700"
"query_1",TRUE,2.24246703528332e-05,223,3877,71,0.0183131287077637,0.318385650224215,"GO:0051924","GO:BP","regulation of calcium ion transport",20972,13065,"GO:0006816;GO:0010959"
"query_1",TRUE,2.27458681425018e-05,31,3877,18,0.00464276502450348,0.580645161290323,"GO:0043268","GO:BP","positive regulation of potassium ion transport",20972,9924,"GO:0006813;GO:0043266;GO:0043270"
"query_1",TRUE,2.30562951591204e-05,887,3877,220,0.0567449058550426,0.248027057497182,"GO:0033365","GO:BP","protein localization to organelle",20972,7636,"GO:0008104"
"query_1",TRUE,2.31936750887329e-05,203,3877,66,0.0170234717565128,0.32512315270936,"GO:0030705","GO:BP","cytoskeleton-dependent intracellular transport",20972,6439,"GO:0046907"
"query_1",TRUE,2.3476692195718e-05,75,3877,32,0.00825380448800619,0.426666666666667,"GO:0140238","GO:BP","presynaptic endocytosis",20972,18454,"GO:0006897;GO:0051649;GO:0099003"
"query_1",TRUE,2.39680779688969e-05,52,3877,25,0.00644828475625484,0.480769230769231,"GO:2001222","GO:BP","regulation of neuron migration",20972,24464,"GO:0001764;GO:0030334"
"query_1",TRUE,2.42490730592842e-05,65,3877,29,0.00748001031725561,0.446153846153846,"GO:0051784","GO:BP","negative regulation of nuclear division",20972,13004,"GO:0000280;GO:0010639;GO:0051783"
"query_1",TRUE,2.42752190765657e-05,82,3877,34,0.00876966726850658,0.414634146341463,"GO:0036465","GO:BP","synaptic vesicle recycling",20972,8989,"GO:0006810;GO:0051649;GO:0099504"
"query_1",TRUE,2.45315062869569e-05,1369,3877,321,0.0827959762703121,0.234477720964207,"GO:0006629","GO:BP","lipid metabolic process",20972,2220,"GO:0044238"
"query_1",TRUE,2.51340163804878e-05,34,3877,19,0.00490069641475368,0.558823529411765,"GO:0097484","GO:BP","dendrite extension",20972,17446,"GO:1990138"
"query_1",TRUE,2.58707987418547e-05,137,3877,49,0.0126386381222595,0.357664233576642,"GO:0007093","GO:BP","mitotic cell cycle checkpoint signaling",20972,2542,"GO:0000075;GO:0045930;GO:1903047"
"query_1",TRUE,2.66318083567056e-05,1092,3877,263,0.0678359556358009,0.240842490842491,"GO:0032101","GO:BP","regulation of response to external stimulus",20972,6887,"GO:0009605;GO:0048583"
"query_1",TRUE,2.67195849829001e-05,72,3877,31,0.007995873097756,0.430555555555556,"GO:0051966","GO:BP","regulation of synaptic transmission, glutamatergic",20972,13093,"GO:0035249;GO:0050804"
"query_1",TRUE,2.69846889068723e-05,62,3877,28,0.00722207892700542,0.451612903225806,"GO:0010965","GO:BP","regulation of mitotic sister chromatid separation",20972,4327,"GO:0051306;GO:1905818"
"query_1",TRUE,2.76130929443403e-05,93,3877,37,0.00954346143925716,0.397849462365591,"GO:0030071","GO:BP","regulation of mitotic metaphase/anaphase transition",20972,6236,"GO:0007091;GO:1901990;GO:1902099"
"query_1",TRUE,2.77021646309103e-05,192,3877,63,0.0162496775857622,0.328125,"GO:0001764","GO:BP","neuron migration",20972,417,"GO:0016477;GO:0048699"
"query_1",TRUE,2.7762670604723e-05,126,3877,46,0.0118648439515089,0.365079365079365,"GO:0034767","GO:BP","positive regulation of monoatomic ion transmembrane transport",20972,8160,"GO:0034220;GO:0034764;GO:0034765;GO:0043270"
"query_1",TRUE,2.88166713023333e-05,149,3877,52,0.0134124322930101,0.348993288590604,"GO:0098656","GO:BP","monoatomic anion transmembrane transport",20972,17577,"GO:0006820;GO:0034220"
"query_1",TRUE,2.88166713023333e-05,270,3877,82,0.0211503740005159,0.303703703703704,"GO:0003018","GO:BP","vascular process in circulatory system",20972,1420,"GO:0003013"
"query_1",TRUE,2.89278331103141e-05,394,3877,111,0.0286303843177715,0.281725888324873,"GO:0051656","GO:BP","establishment of organelle localization",20972,12944,"GO:0051234;GO:0051640"
"query_1",TRUE,2.89299798646443e-05,355,3877,102,0.0263090018055197,0.287323943661972,"GO:0044092","GO:BP","negative regulation of molecular function",20972,10217,"GO:0065009"
"query_1",TRUE,2.89988301455784e-05,325,3877,95,0.0245034820737684,0.292307692307692,"GO:0040013","GO:BP","negative regulation of locomotion",20972,9267,"GO:0040011;GO:0040012;GO:0048519"
"query_1",TRUE,2.96923462124056e-05,59,3877,27,0.00696414753675522,0.457627118644068,"GO:0045005","GO:BP","DNA-templated DNA replication maintenance of fidelity",20972,10464,"GO:0006259;GO:0006261"
"query_1",TRUE,3.00509356298063e-05,677,3877,174,0.0448800619035337,0.257016248153619,"GO:0032870","GO:BP","cellular response to hormone stimulus",20972,7355,"GO:0009725;GO:0070887;GO:0071495"
"query_1",TRUE,3.07115425666364e-05,97,3877,38,0.00980139282950735,0.391752577319588,"GO:0007091","GO:BP","metaphase/anaphase transition of mitotic cell cycle",20972,2541,"GO:0044772;GO:0044784"
"query_1",TRUE,3.07115425666364e-05,97,3877,38,0.00980139282950735,0.391752577319588,"GO:0061387","GO:BP","regulation of extent of cell growth",20972,14373,"GO:0001558;GO:0008361"
"query_1",TRUE,3.08361172356784e-05,119,3877,44,0.0113489811710085,0.369747899159664,"GO:0021761","GO:BP","limbic system development",20972,5933,"GO:0030900;GO:0048731"
"query_1",TRUE,3.2221074865098e-05,209,3877,67,0.017281403146763,0.320574162679426,"GO:0030073","GO:BP","insulin secretion",20972,6238,"GO:0009306;GO:0030072"
"query_1",TRUE,3.2221074865098e-05,173,3877,58,0.0149600206345112,0.335260115606936,"GO:1901991","GO:BP","negative regulation of mitotic cell cycle phase transition",20972,20448,"GO:0044772;GO:0045930;GO:1901988;GO:1901990"
"query_1",TRUE,3.25173248315466e-05,56,3877,26,0.00670621614650503,0.464285714285714,"GO:0051480","GO:BP","regulation of cytosolic calcium ion concentration",20972,12827,"GO:0006874"
"query_1",TRUE,3.2777669657852e-05,123,3877,45,0.0116069125612587,0.365853658536585,"GO:0045931","GO:BP","positive regulation of mitotic cell cycle",20972,10947,"GO:0000278;GO:0007346;GO:0045787"
"query_1",TRUE,3.29567691740373e-05,292,3877,87,0.0224400309517668,0.297945205479452,"GO:0030100","GO:BP","regulation of endocytosis",20972,6243,"GO:0006897;GO:0051128;GO:0060627"
"query_1",TRUE,3.3594092954586e-05,21,3877,14,0.00361103946350271,0.666666666666667,"GO:1903861","GO:BP","positive regulation of dendrite extension",20972,21698,"GO:0030307;GO:0048639;GO:0097484;GO:1903859"
"query_1",TRUE,3.5047553675519e-05,444,3877,122,0.0314676296105236,0.274774774774775,"GO:0022411","GO:BP","cellular component disassembly",20972,6168,"GO:0016043"
"query_1",TRUE,3.78848092123818e-05,1410,3877,328,0.0846014960020634,0.232624113475177,"GO:0080134","GO:BP","regulation of response to stress",20972,16633,"GO:0006950;GO:0048583"
"query_1",TRUE,3.78911882079846e-05,214,3877,68,0.0175393345370132,0.317757009345794,"GO:0009612","GO:BP","response to mechanical stimulus",20972,3383,"GO:0009605;GO:0009628"
"query_1",TRUE,3.8120600247712e-05,293,3877,87,0.0224400309517668,0.296928327645051,"GO:0051402","GO:BP","neuron apoptotic process",20972,12784,"GO:0006915"
"query_1",TRUE,3.81876715693506e-05,50,3877,24,0.00619035336600464,0.48,"GO:0007019","GO:BP","microtubule depolymerization",20972,2494,"GO:0031109;GO:0051261;GO:0097435"
"query_1",TRUE,3.9230289848097e-05,178,3877,59,0.0152179520247614,0.331460674157303,"GO:0008361","GO:BP","regulation of cell size",20972,3040,"GO:0032535"
"query_1",TRUE,3.98983015854802e-05,512,3877,137,0.0353366004642765,0.267578125,"GO:0043065","GO:BP","positive regulation of apoptotic process",20972,9848,"GO:0006915;GO:0042981;GO:0043068"
"query_1",TRUE,4.03671901025816e-05,432,3877,119,0.030693835439773,0.275462962962963,"GO:0009314","GO:BP","response to radiation",20972,3304,"GO:0009628"
"query_1",TRUE,4.05200799804559e-05,47,3877,23,0.00593242197575445,0.48936170212766,"GO:0098815","GO:BP","modulation of excitatory postsynaptic potential",20972,17662,"GO:0009966;GO:0031644;GO:0042391;GO:0050804;GO:0060079"
"query_1",TRUE,4.05200799804559e-05,319,3877,93,0.023987619293268,0.29153605015674,"GO:0060485","GO:BP","mesenchyme development",20972,13684,"GO:0009888;GO:0048513"
"query_1",TRUE,4.12956013107561e-05,10,3877,9,0.00232138251225174,0.9,"GO:0021932","GO:BP","hindbrain radial glia guided cell migration",20972,6061,"GO:0021535"
"query_1",TRUE,4.1633705217438e-05,281,3877,84,0.0216662367810163,0.298932384341637,"GO:0051258","GO:BP","protein polymerization",20972,12707,"GO:0065003"
"query_1",TRUE,4.1633705217438e-05,12,3877,10,0.00257931390250193,0.833333333333333,"GO:0016081","GO:BP","synaptic vesicle docking",20972,4865,"GO:0006904;GO:0016079"
"query_1",TRUE,4.2243753866618e-05,44,3877,22,0.00567449058550426,0.5,"GO:0001662","GO:BP","behavioral fear response",20972,363,"GO:0002209;GO:0042596"
"query_1",TRUE,4.33243339209871e-05,84,3877,34,0.00876966726850658,0.404761904761905,"GO:0045921","GO:BP","positive regulation of exocytosis",20972,10938,"GO:0006887;GO:0017157;GO:1903532"
"query_1",TRUE,4.33243339209871e-05,77,3877,32,0.00825380448800619,0.415584415584416,"GO:0019226","GO:BP","transmission of nerve impulse",20972,5277,"GO:0007154;GO:0050877"
"query_1",TRUE,4.47977862652033e-05,159,3877,54,0.0139282950735104,0.339622641509434,"GO:0030010","GO:BP","establishment of cell polarity",20972,6215,"GO:0007163"
"query_1",TRUE,4.49112622572803e-05,290,3877,86,0.0221820995615166,0.296551724137931,"GO:0036293","GO:BP","response to decreased oxygen levels",20972,8921,"GO:0070482"
"query_1",TRUE,4.52994113343984e-05,163,3877,55,0.0141862264637606,0.337423312883436,"GO:0045766","GO:BP","positive regulation of angiogenesis",20972,10830,"GO:0001525;GO:0045765;GO:1904018"
"query_1",TRUE,4.52994113343984e-05,207,3877,66,0.0170234717565128,0.318840579710145,"GO:0002791","GO:BP","regulation of peptide secretion",20972,1256,"GO:0002790;GO:0051046;GO:0090087"
"query_1",TRUE,4.59568335368206e-05,2427,3877,533,0.137477431003353,0.219612690564483,"GO:0009605","GO:BP","response to external stimulus",20972,3376,"GO:0050896"
"query_1",TRUE,4.59858787760584e-05,527,3877,140,0.0361103946350271,0.265654648956357,"GO:0043068","GO:BP","positive regulation of programmed cell death",20972,9851,"GO:0012501;GO:0043067;GO:0048522"
"query_1",TRUE,4.64359322881944e-05,333,3877,96,0.0247614134640186,0.288288288288288,"GO:0104004","GO:BP","cellular response to environmental stimulus",20972,17955,"GO:0051716"
"query_1",TRUE,4.64359322881944e-05,333,3877,96,0.0247614134640186,0.288288288288288,"GO:0071214","GO:BP","cellular response to abiotic stimulus",20972,15342,"GO:0009628;GO:0104004"
"query_1",TRUE,4.64359322881944e-05,333,3877,96,0.0247614134640186,0.288288288288288,"GO:0060562","GO:BP","epithelial tube morphogenesis",20972,13736,"GO:0002009;GO:0035239"
"query_1",TRUE,4.6600310867899e-05,136,3877,48,0.0123807067320093,0.352941176470588,"GO:0002040","GO:BP","sprouting angiogenesis",20972,623,"GO:0001525"
"query_1",TRUE,4.66567262228607e-05,57,3877,26,0.00670621614650503,0.456140350877193,"GO:0030865","GO:BP","cortical cytoskeleton organization",20972,6499,"GO:0007010"
"query_1",TRUE,4.89050176904859e-05,88,3877,35,0.00902759865875677,0.397727272727273,"GO:0031503","GO:BP","protein-containing complex localization",20972,6731,"GO:0033036"
"query_1",TRUE,5.1080540746156e-05,351,3877,100,0.0257931390250193,0.284900284900285,"GO:0071375","GO:BP","cellular response to peptide hormone stimulus",20972,15491,"GO:0032870;GO:0043434;GO:1901699;GO:1901701"
"query_1",TRUE,5.12023530016667e-05,421,3877,116,0.0299200412690224,0.275534441805226,"GO:0060537","GO:BP","muscle tissue development",20972,13721,"GO:0009888"
"query_1",TRUE,5.15134926535151e-05,249,3877,76,0.0196027856590147,0.305220883534137,"GO:0010001","GO:BP","glial cell differentiation",20972,3660,"GO:0030154;GO:0042063"
"query_1",TRUE,5.20112069433897e-05,270,3877,81,0.0208924426102657,0.3,"GO:0007188","GO:BP","adenylate cyclase-modulating G protein-coupled receptor signaling pathway",20972,2611,"GO:0007186"
"query_1",TRUE,5.24900166935753e-05,212,3877,67,0.017281403146763,0.316037735849057,"GO:0010810","GO:BP","regulation of cell-substrate adhesion",20972,4216,"GO:0030155;GO:0031589"
"query_1",TRUE,5.30236837690889e-05,156,3877,53,0.0136703636832603,0.33974358974359,"GO:0048639","GO:BP","positive regulation of developmental growth",20972,12048,"GO:0045927;GO:0048589;GO:0048638;GO:0051094"
"query_1",TRUE,5.39326761690378e-05,241,3877,74,0.0190869228785143,0.307053941908714,"GO:0001667","GO:BP","ameboidal-type cell migration",20972,365,"GO:0016477"
"query_1",TRUE,5.42422305607368e-05,200,3877,64,0.0165076089760124,0.32,"GO:0050679","GO:BP","positive regulation of epithelial cell proliferation",20972,12354,"GO:0008284;GO:0050673;GO:0050678"
"query_1",TRUE,5.57743133717002e-05,51,3877,24,0.00619035336600464,0.470588235294118,"GO:0042551","GO:BP","neuron maturation",20972,9588,"GO:0048469;GO:0048666"
"query_1",TRUE,5.57743133717002e-05,51,3877,24,0.00619035336600464,0.470588235294118,"GO:0033048","GO:BP","negative regulation of mitotic sister chromatid segregation",20972,7487,"GO:0000070;GO:0033046;GO:0033047"
"query_1",TRUE,5.57743133717002e-05,51,3877,24,0.00619035336600464,0.470588235294118,"GO:2000816","GO:BP","negative regulation of mitotic sister chromatid separation",20972,24163,"GO:0010965;GO:0033048;GO:0051306;GO:1905819"
"query_1",TRUE,5.57743133717002e-05,51,3877,24,0.00619035336600464,0.470588235294118,"GO:0033046","GO:BP","negative regulation of sister chromatid segregation",20972,7485,"GO:0000819;GO:0033045;GO:0051985;GO:2001251"
"query_1",TRUE,5.57743133717002e-05,51,3877,24,0.00619035336600464,0.470588235294118,"GO:0045841","GO:BP","negative regulation of mitotic metaphase/anaphase transition",20972,10884,"GO:0007091;GO:0030071;GO:0045839;GO:1901991;GO:1902100;GO:2000816"
"query_1",TRUE,5.96835329105005e-05,221,3877,69,0.0177972659272633,0.312217194570136,"GO:0060541","GO:BP","respiratory system development",20972,13725,"GO:0048731"
"query_1",TRUE,6.02743646964523e-05,48,3877,23,0.00593242197575445,0.479166666666667,"GO:2000300","GO:BP","regulation of synaptic vesicle exocytosis",20972,23753,"GO:0016079;GO:0046928;GO:1903305"
"query_1",TRUE,6.02743646964523e-05,107,3877,40,0.0103172556100077,0.373831775700935,"GO:0060079","GO:BP","excitatory postsynaptic potential",20972,13358,"GO:0060078;GO:0099565"
"query_1",TRUE,6.02743646964523e-05,96,3877,37,0.00954346143925716,0.385416666666667,"GO:1902099","GO:BP","regulation of metaphase/anaphase transition of cell cycle",20972,20526,"GO:0033045;GO:0044784;GO:1901987"
"query_1",TRUE,6.08952986590636e-05,246,3877,75,0.0193448542687645,0.304878048780488,"GO:0031400","GO:BP","negative regulation of protein modification process",20972,6700,"GO:0031399;GO:0036211;GO:0051248"
"query_1",TRUE,6.1389857061088e-05,436,3877,119,0.030693835439773,0.272935779816514,"GO:0140694","GO:BP","membraneless organelle assembly",20972,18615,"GO:0070925"
"query_1",TRUE,6.18745691979443e-05,149,3877,51,0.0131545009027599,0.342281879194631,"GO:0007224","GO:BP","smoothened signaling pathway",20972,2642,"GO:0007166"
"query_1",TRUE,6.20505996166102e-05,943,3877,229,0.0590662883672943,0.242841993637328,"GO:1901135","GO:BP","carbohydrate derivative metabolic process",20972,19876,"GO:0008152"
"query_1",TRUE,6.20592679959299e-05,209,3877,66,0.0170234717565128,0.315789473684211,"GO:0090087","GO:BP","regulation of peptide transport",20972,16815,"GO:0015833;GO:0051049"
"query_1",TRUE,6.39059698995043e-05,45,3877,22,0.00567449058550426,0.488888888888889,"GO:0002209","GO:BP","behavioral defense response",20972,725,"GO:0006952;GO:0007610"
"query_1",TRUE,6.41766970382395e-05,111,3877,41,0.0105751870002579,0.369369369369369,"GO:1902476","GO:BP","chloride transmembrane transport",20972,20780,"GO:0006821;GO:0098656"
"query_1",TRUE,6.43677884780088e-05,340,3877,97,0.0250193448542688,0.285294117647059,"GO:0006936","GO:BP","muscle contraction",20972,2444,"GO:0003012"
"query_1",TRUE,6.50032653876742e-05,234,3877,72,0.0185710600980139,0.307692307692308,"GO:0019722","GO:BP","calcium-mediated signaling",20972,5615,"GO:0141124"
"query_1",TRUE,6.54555024656753e-05,100,3877,38,0.00980139282950735,0.38,"GO:0044784","GO:BP","metaphase/anaphase transition of cell cycle",20972,10405,"GO:0033045;GO:0044770"
"query_1",TRUE,6.63111993573699e-05,75,3877,31,0.007995873097756,0.413333333333333,"GO:0042982","GO:BP","amyloid precursor protein metabolic process",20972,9805,"GO:0019538"
"query_1",TRUE,6.65176388760501e-05,33,3877,18,0.00464276502450348,0.545454545454545,"GO:0060292","GO:BP","long-term synaptic depression",20972,13519,"GO:0048167;GO:0050805"
"query_1",TRUE,6.86145655746701e-05,36,3877,19,0.00490069641475368,0.527777777777778,"GO:0048499","GO:BP","synaptic vesicle membrane organization",20972,11939,"GO:0010256;GO:0061024"
"query_1",TRUE,6.89366963077737e-05,22,3877,14,0.00361103946350271,0.636363636363636,"GO:0031340","GO:BP","positive regulation of vesicle fusion",20972,6675,"GO:0006906;GO:0010638;GO:0031338;GO:0051050"
"query_1",TRUE,7.21875829264193e-05,600,3877,155,0.03997936548878,0.258333333333333,"GO:0071396","GO:BP","cellular response to lipid",20972,15512,"GO:0033993;GO:0070887"
"query_1",TRUE,7.31973261174264e-05,298,3877,87,0.0224400309517668,0.291946308724832,"GO:0006650","GO:BP","glycerophospholipid metabolic process",20972,2237,"GO:0006644;GO:0046486"
"query_1",TRUE,7.33670295604462e-05,65,3877,28,0.00722207892700542,0.430769230769231,"GO:0051306","GO:BP","mitotic sister chromatid separation",20972,12735,"GO:0000070;GO:0051304;GO:1903047"
"query_1",TRUE,7.67808592126923e-05,72,3877,30,0.0077379417075058,0.416666666666667,"GO:0046888","GO:BP","negative regulation of hormone secretion",20972,11582,"GO:0010648;GO:0023057;GO:0046879;GO:0046883;GO:1903531"
"query_1",TRUE,7.67808592126923e-05,72,3877,30,0.0077379417075058,0.416666666666667,"GO:0045669","GO:BP","positive regulation of osteoblast differentiation",20972,10751,"GO:0001649;GO:0045597;GO:0045667"
"query_1",TRUE,7.75227605435752e-05,97,3877,37,0.00954346143925716,0.381443298969072,"GO:0050773","GO:BP","regulation of dendrite development",20972,12388,"GO:0010975;GO:0016358;GO:0050793"
"query_1",TRUE,7.92346886611012e-05,252,3877,76,0.0196027856590147,0.301587301587302,"GO:0048762","GO:BP","mesenchymal cell differentiation",20972,12163,"GO:0030154;GO:0060485"
"query_1",TRUE,8.17626197931239e-05,52,3877,24,0.00619035336600464,0.461538461538462,"GO:0050771","GO:BP","negative regulation of axonogenesis",20972,12386,"GO:0007409;GO:0010977;GO:0050768;GO:0050770"
"query_1",TRUE,8.37058133250903e-05,299,3877,87,0.0224400309517668,0.290969899665552,"GO:1901342","GO:BP","regulation of vasculature development",20972,20013,"GO:0001944;GO:2000026"
"query_1",TRUE,8.37058133250903e-05,265,3877,79,0.0203765798297653,0.29811320754717,"GO:0050708","GO:BP","regulation of protein secretion",20972,12364,"GO:0009306;GO:0051223;GO:1903530"
"query_1",TRUE,8.42178783935312e-05,101,3877,38,0.00980139282950735,0.376237623762376,"GO:0031110","GO:BP","regulation of microtubule polymerization or depolymerization",20972,6587,"GO:0031109;GO:0070507"
"query_1",TRUE,8.43906632102342e-05,547,3877,143,0.0368841888057777,0.261425959780622,"GO:0010817","GO:BP","regulation of hormone levels",20972,4223,"GO:0065008"
"query_1",TRUE,8.5607596012259e-05,116,3877,42,0.0108331183905081,0.362068965517241,"GO:0099565","GO:BP","chemical synaptic transmission, postsynaptic",20972,17897,"GO:0007166;GO:0007268;GO:0050877"
"query_1",TRUE,8.81068555135523e-05,236,3877,72,0.0185710600980139,0.305084745762712,"GO:0001649","GO:BP","osteoblast differentiation",20972,354,"GO:0001503;GO:0030154"
"query_1",TRUE,8.89422211451187e-05,49,3877,23,0.00593242197575445,0.469387755102041,"GO:0007094","GO:BP","mitotic spindle assembly checkpoint signaling",20972,2543,"GO:0045841;GO:0071173;GO:0071174"
"query_1",TRUE,8.89422211451187e-05,49,3877,23,0.00593242197575445,0.469387755102041,"GO:0071174","GO:BP","mitotic spindle checkpoint signaling",20972,15336,"GO:0007093;GO:0031577"
"query_1",TRUE,8.89422211451187e-05,49,3877,23,0.00593242197575445,0.469387755102041,"GO:0071173","GO:BP","spindle assembly checkpoint signaling",20972,15335,"GO:0031577"
"query_1",TRUE,9.32560236050199e-05,159,3877,53,0.0136703636832603,0.333333333333333,"GO:0072006","GO:BP","nephron development",20972,15893,"GO:0001822;GO:0048856"
"query_1",TRUE,9.67764068890706e-05,220,3877,68,0.0175393345370132,0.309090909090909,"GO:0051648","GO:BP","vesicle localization",20972,12937,"GO:0051640"
"query_1",TRUE,9.77412561174038e-05,374,3877,104,0.0268248645860201,0.27807486631016,"GO:0050878","GO:BP","regulation of body fluid levels",20972,12460,"GO:0065008"
"query_1",TRUE,9.77412561174038e-05,374,3877,104,0.0268248645860201,0.27807486631016,"GO:0006979","GO:BP","response to oxidative stress",20972,2471,"GO:0006950"
"query_1",TRUE,9.85114721821463e-05,216,3877,67,0.017281403146763,0.310185185185185,"GO:0045216","GO:BP","cell-cell junction organization",20972,10566,"GO:0034330"
"query_1",TRUE,0.00010163185810911,66,3877,28,0.00722207892700542,0.424242424242424,"GO:0001885","GO:BP","endothelial cell development",20972,499,"GO:0002064;GO:0045446"
"query_1",TRUE,0.000102144299276246,113,3877,41,0.0105751870002579,0.36283185840708,"GO:0055007","GO:BP","cardiac muscle cell differentiation",20972,13221,"GO:0035051;GO:0048738;GO:0051146"
"query_1",TRUE,0.000102804806316601,43,3877,21,0.00541655919525406,0.488372093023256,"GO:0031111","GO:BP","negative regulation of microtubule polymerization or depolymerization",20972,6588,"GO:0031109;GO:0031110;GO:0051494"
"query_1",TRUE,0.000103946644905747,204,3877,64,0.0165076089760124,0.313725490196078,"GO:0090276","GO:BP","regulation of peptide hormone secretion",20972,16960,"GO:0002791;GO:0030072;GO:0046883"
"query_1",TRUE,0.000104691732859845,233,3877,71,0.0183131287077637,0.304721030042918,"GO:0034599","GO:BP","cellular response to oxidative stress",20972,8109,"GO:0006979;GO:0062197"
"query_1",TRUE,0.000106923557977679,31,3877,17,0.00438483363425329,0.548387096774194,"GO:0031629","GO:BP","synaptic vesicle fusion to presynaptic active zone membrane",20972,6779,"GO:0016079;GO:0048499;GO:0099500"
"query_1",TRUE,0.000106923557977679,31,3877,17,0.00438483363425329,0.548387096774194,"GO:0099505","GO:BP","regulation of presynaptic membrane potential",20972,17856,"GO:0042391"
"query_1",TRUE,0.000106923557977679,196,3877,62,0.015991746195512,0.316326530612245,"GO:0046474","GO:BP","glycerophospholipid biosynthetic process",20972,11352,"GO:0006650;GO:0008654;GO:0045017"
"query_1",TRUE,0.00010796905826544,353,3877,99,0.0255352076347692,0.280453257790368,"GO:0043549","GO:BP","regulation of kinase activity",20972,10083,"GO:0042325;GO:0051338"
"query_1",TRUE,0.000108386465119049,623,3877,159,0.0410110910497808,0.255216693418941,"GO:0048598","GO:BP","embryonic morphogenesis",20972,12016,"GO:0009653;GO:0009790"
"query_1",TRUE,0.000109823800981111,34,3877,18,0.00464276502450348,0.529411764705882,"GO:0086005","GO:BP","ventricular cardiac muscle cell action potential",20972,16699,"GO:0086002"
"query_1",TRUE,0.000109823800981111,37,3877,19,0.00490069641475368,0.513513513513513,"GO:0099633","GO:BP","protein localization to postsynaptic specialization membrane",20972,17929,"GO:0033365;GO:1903539"
"query_1",TRUE,0.000109823800981111,37,3877,19,0.00490069641475368,0.513513513513513,"GO:0099645","GO:BP","neurotransmitter receptor localization to postsynaptic specialization membrane",20972,17939,"GO:0031503;GO:0097120;GO:0099072;GO:0099633"
"query_1",TRUE,0.000109823800981111,152,3877,51,0.0131545009027599,0.335526315789474,"GO:0072073","GO:BP","kidney epithelium development",20972,15953,"GO:0001822;GO:0060429"
"query_1",TRUE,0.000110867976470052,121,3877,43,0.0110910497807583,0.355371900826446,"GO:0022898","GO:BP","regulation of transmembrane transporter activity",20972,6194,"GO:0034762;GO:0065009"
"query_1",TRUE,0.000111404337619228,164,3877,54,0.0139282950735104,0.329268292682927,"GO:0061351","GO:BP","neural precursor cell proliferation",20972,14343,"GO:0008283"
"query_1",TRUE,0.000116324283028641,53,3877,24,0.00619035336600464,0.452830188679245,"GO:1905819","GO:BP","negative regulation of chromosome separation",20972,23105,"GO:0051304;GO:0051985;GO:1905818"
"query_1",TRUE,0.000116324283028641,53,3877,24,0.00619035336600464,0.452830188679245,"GO:0050805","GO:BP","negative regulation of synaptic transmission",20972,12410,"GO:0007268;GO:0010648;GO:0023057;GO:0050804"
"query_1",TRUE,0.000116324283028641,95,3877,36,0.00928553004900696,0.378947368421053,"GO:0061337","GO:BP","cardiac conduction",20972,14337,"GO:0008016"
"query_1",TRUE,0.000116324283028641,213,3877,66,0.0170234717565128,0.309859154929577,"GO:0051216","GO:BP","cartilage development",20972,12677,"GO:0001501;GO:0048513;GO:0061448"
"query_1",TRUE,0.000116324283028641,53,3877,24,0.00619035336600464,0.452830188679245,"GO:0051985","GO:BP","negative regulation of chromosome segregation",20972,13105,"GO:0007059;GO:0010948;GO:0051983"
"query_1",TRUE,0.000116324283028641,53,3877,24,0.00619035336600464,0.452830188679245,"GO:1902100","GO:BP","negative regulation of metaphase/anaphase transition of cell cycle",20972,20527,"GO:0044784;GO:1901988;GO:1902099"
"query_1",TRUE,0.000126384539176163,88,3877,34,0.00876966726850658,0.386363636363636,"GO:0010232","GO:BP","vascular transport",20972,3843,"GO:0003018;GO:0006810"
"query_1",TRUE,0.000126384539176163,88,3877,34,0.00876966726850658,0.386363636363636,"GO:0150104","GO:BP","transport across blood-brain barrier",20972,18888,"GO:0010232"
"query_1",TRUE,0.00012655796135405,226,3877,69,0.0177972659272633,0.305309734513274,"GO:0090257","GO:BP","regulation of muscle system process",20972,16941,"GO:0003012;GO:0044057"
"query_1",TRUE,0.000129375292966876,50,3877,23,0.00593242197575445,0.46,"GO:0031577","GO:BP","spindle checkpoint signaling",20972,6764,"GO:0000075"
"query_1",TRUE,0.000130990451448082,181,3877,58,0.0149600206345112,0.320441988950276,"GO:0035725","GO:BP","sodium ion transmembrane transport",20972,8604,"GO:0006814;GO:0098655"
"query_1",TRUE,0.000131921386123848,177,3877,57,0.014702089244261,0.322033898305085,"GO:0010970","GO:BP","transport along microtubule",20972,4332,"GO:0007018;GO:0030705;GO:0099111"
"query_1",TRUE,0.000133134902380573,169,3877,55,0.0141862264637606,0.325443786982249,"GO:0070507","GO:BP","regulation of microtubule cytoskeleton organization",20972,15046,"GO:0000226;GO:0032886;GO:0051493"
"query_1",TRUE,0.000133163030413308,165,3877,54,0.0139282950735104,0.327272727272727,"GO:0031099","GO:BP","regeneration",20972,6577,"GO:0048856"
"query_1",TRUE,0.000133936695929441,399,3877,109,0.0281145215372711,0.273182957393484,"GO:0014706","GO:BP","striated muscle tissue development",20972,4426,"GO:0060537"
"query_1",TRUE,0.000133948446164327,575,3877,148,0.0381738457570286,0.257391304347826,"GO:0051276","GO:BP","chromosome organization",20972,12715,"GO:0006996"
"query_1",TRUE,0.000141710870006839,47,3877,22,0.00567449058550426,0.468085106382979,"GO:0048489","GO:BP","synaptic vesicle transport",20972,11933,"GO:0006810;GO:0009987;GO:0051650;GO:0097479"
"query_1",TRUE,0.000143236030405453,107,3877,39,0.0100593242197575,0.364485981308411,"GO:0033045","GO:BP","regulation of sister chromatid segregation",20972,7484,"GO:0000819;GO:0033044;GO:0051983"
"query_1",TRUE,0.000146702176036367,198,3877,62,0.015991746195512,0.313131313131313,"GO:0030323","GO:BP","respiratory tube development",20972,6332,"GO:0035295;GO:0048513"
"query_1",TRUE,0.000147674693496435,57,3877,25,0.00644828475625484,0.43859649122807,"GO:0033047","GO:BP","regulation of mitotic sister chromatid segregation",20972,7486,"GO:0000070;GO:0033045"
"query_1",TRUE,0.000147674693496435,347,3877,97,0.0250193448542688,0.279538904899135,"GO:0015849","GO:BP","organic acid transport",20972,4719,"GO:0006810"
"query_1",TRUE,0.000147674693496435,347,3877,97,0.0250193448542688,0.279538904899135,"GO:0046942","GO:BP","carboxylic acid transport",20972,11597,"GO:0015711;GO:0015849"
"query_1",TRUE,0.000148440370301219,194,3877,61,0.0157338148052618,0.314432989690722,"GO:0030324","GO:BP","lung development",20972,6333,"GO:0030323;GO:0048513;GO:0060541"
"query_1",TRUE,0.000148782493255367,134,3877,46,0.0118648439515089,0.343283582089552,"GO:0045667","GO:BP","regulation of osteoblast differentiation",20972,10749,"GO:0001649;GO:0045595"
"query_1",TRUE,0.000149902221885592,308,3877,88,0.022697962342017,0.285714285714286,"GO:2000146","GO:BP","negative regulation of cell motility",20972,23635,"GO:0040013;GO:0048523;GO:0048870;GO:2000145"
"query_1",TRUE,0.000150377118527215,975,3877,233,0.0600980139282951,0.238974358974359,"GO:0045321","GO:BP","leukocyte activation",20972,10587,"GO:0001775;GO:0002376"
"query_1",TRUE,0.000155684460582773,240,3877,72,0.0185710600980139,0.3,"GO:0043523","GO:BP","regulation of neuron apoptotic process",20972,10072,"GO:0042981;GO:0051402"
"query_1",TRUE,0.000156078413869923,11,3877,9,0.00232138251225174,0.818181818181818,"GO:0099519","GO:BP","dense core granule cytoskeletal transport",20972,17863,"GO:0099518;GO:1901950"
"query_1",TRUE,0.000156078413869923,11,3877,9,0.00232138251225174,0.818181818181818,"GO:1901950","GO:BP","dense core granule transport",20972,20420,"GO:0016482;GO:0032253;GO:0051650"
"query_1",TRUE,0.000156078413869923,18,3877,12,0.00309517668300232,0.666666666666667,"GO:0045956","GO:BP","positive regulation of calcium ion-dependent exocytosis",20972,10969,"GO:0017156;GO:0017158;GO:1903307"
"query_1",TRUE,0.000157338319652958,257,3877,76,0.0196027856590147,0.295719844357977,"GO:0071560","GO:BP","cellular response to transforming growth factor beta stimulus",20972,15622,"GO:0071363;GO:0071559"
"query_1",TRUE,0.000157343104513002,405,3877,110,0.0283724529275213,0.271604938271605,"GO:0001701","GO:BP","in utero embryonic development",20972,380,"GO:0043009"
"query_1",TRUE,0.000157897767113793,162,3877,53,0.0136703636832603,0.327160493827161,"GO:0006865","GO:BP","amino acid transport",20972,2398,"GO:0006810"
"query_1",TRUE,0.000169314351907454,1594,3877,360,0.0928553004900696,0.225846925972397,"GO:0002682","GO:BP","regulation of immune system process",20972,1154,"GO:0002376;GO:0050789"
"query_1",TRUE,0.000169314351907454,29,3877,16,0.0041269022440031,0.551724137931034,"GO:0051383","GO:BP","kinetochore organization",20972,12776,"GO:0051276"
"query_1",TRUE,0.000169314351907454,29,3877,16,0.0041269022440031,0.551724137931034,"GO:0086010","GO:BP","membrane depolarization during action potential",20972,16701,"GO:0001508;GO:0051899"
"query_1",TRUE,0.00017081317653859,38,3877,19,0.00490069641475368,0.5,"GO:0099171","GO:BP","presynaptic modulation of chemical synaptic transmission",20972,17834,"GO:0050804"
"query_1",TRUE,0.000175301027443945,292,3877,84,0.0216662367810163,0.287671232876712,"GO:0045765","GO:BP","regulation of angiogenesis",20972,10829,"GO:0001525;GO:0022603;GO:1901342"
"query_1",TRUE,0.000175505158345803,32,3877,17,0.00438483363425329,0.53125,"GO:0099500","GO:BP","vesicle fusion to plasma membrane",20972,17853,"GO:0006906;GO:0140029"
"query_1",TRUE,0.000182214146734873,75,3877,30,0.0077379417075058,0.4,"GO:1901880","GO:BP","negative regulation of protein depolymerization",20972,20371,"GO:0043242;GO:0051261;GO:1901879"
"query_1",TRUE,0.000188498208807339,147,3877,49,0.0126386381222595,0.333333333333333,"GO:0035051","GO:BP","cardiocyte differentiation",20972,8209,"GO:0007507;GO:0030154"
"query_1",TRUE,0.000189351678100812,151,3877,50,0.0128965695125097,0.33112582781457,"GO:0046488","GO:BP","phosphatidylinositol metabolic process",20972,11360,"GO:0006650"
"query_1",TRUE,0.000189351678100812,456,3877,121,0.0312096982202734,0.265350877192982,"GO:0006935","GO:BP","chemotaxis",20972,2443,"GO:0042221;GO:0042330"
"query_1",TRUE,0.000194856407462052,998,3877,237,0.0611297394892958,0.2374749498998,"GO:0006259","GO:BP","DNA metabolic process",20972,1971,"GO:0090304"
"query_1",TRUE,0.000205817893772432,626,3877,158,0.0407531596595306,0.252396166134185,"GO:0055082","GO:BP","intracellular chemical homeostasis",20972,13260,"GO:0019725;GO:0048878"
"query_1",TRUE,0.000206007046288216,493,3877,129,0.033273149342275,0.261663286004057,"GO:0022407","GO:BP","regulation of cell-cell adhesion",20972,6164,"GO:0030155;GO:0098609"
"query_1",TRUE,0.000206257301860353,58,3877,25,0.00644828475625484,0.431034482758621,"GO:0098900","GO:BP","regulation of action potential",20972,17693,"GO:0001508;GO:0042391;GO:0050789"
"query_1",TRUE,0.000209538083274294,21,3877,13,0.00335310807325251,0.619047619047619,"GO:0086012","GO:BP","membrane depolarization during cardiac muscle cell action potential",20972,16703,"GO:0086001;GO:0086010"
"query_1",TRUE,0.000213765709145415,72,3877,29,0.00748001031725561,0.402777777777778,"GO:0032835","GO:BP","glomerulus development",20972,7347,"GO:0048856;GO:0072006"
"query_1",TRUE,0.000228885176989641,83,3877,32,0.00825380448800619,0.385542168674699,"GO:0099068","GO:BP","postsynapse assembly",20972,17784,"GO:0007416;GO:0022607;GO:0099173"
"query_1",TRUE,0.000232587559269885,458,3877,121,0.0312096982202734,0.264192139737991,"GO:0042330","GO:BP","taxis",20972,9447,"GO:0009605;GO:0040011"
"query_1",TRUE,0.000232587559269885,422,3877,113,0.0291462470982719,0.267772511848341,"GO:0043254","GO:BP","regulation of protein-containing complex assembly",20972,9920,"GO:0044087;GO:0051128;GO:0065003"
"query_1",TRUE,0.000234820855490645,113,3877,40,0.0103172556100077,0.353982300884956,"GO:0035924","GO:BP","cellular response to vascular endothelial growth factor stimulus",20972,8734,"GO:0071363"
"query_1",TRUE,0.000251386984813035,69,3877,28,0.00722207892700542,0.405797101449275,"GO:0035567","GO:BP","non-canonical Wnt signaling pathway",20972,8511,"GO:0016055"
"query_1",TRUE,0.000251386984813035,24,3877,14,0.00361103946350271,0.583333333333333,"GO:1903859","GO:BP","regulation of dendrite extension",20972,21696,"GO:0001558;GO:0022604;GO:0048638;GO:0097484"
"query_1",TRUE,0.000263375034105927,210,3877,64,0.0165076089760124,0.304761904761905,"GO:0007051","GO:BP","spindle organization",20972,2517,"GO:0000226;GO:0022402"
"query_1",TRUE,0.00026356918118366,129,3877,44,0.0113489811710085,0.341085271317829,"GO:0043244","GO:BP","regulation of protein-containing complex disassembly",20972,9914,"GO:0032984;GO:0051128"
"query_1",TRUE,0.000267170222086244,317,3877,89,0.0229558937322672,0.280757097791798,"GO:0070482","GO:BP","response to oxygen levels",20972,15030,"GO:0009628"
"query_1",TRUE,0.000267170222086244,52,3877,23,0.00593242197575445,0.442307692307692,"GO:0061245","GO:BP","establishment or maintenance of bipolar cell polarity",20972,14267,"GO:0007163"
"query_1",TRUE,0.000267170222086244,52,3877,23,0.00593242197575445,0.442307692307692,"GO:0035088","GO:BP","establishment or maintenance of apical/basal cell polarity",20972,8226,"GO:0061245"
"query_1",TRUE,0.000267430965907931,278,3877,80,0.0206345112200155,0.287769784172662,"GO:0001666","GO:BP","response to hypoxia",20972,364,"GO:0006950;GO:0036293"
"query_1",TRUE,0.00026848841123266,169,3877,54,0.0139282950735104,0.319526627218935,"GO:0007156","GO:BP","homophilic cell-cell adhesion",20972,2586,"GO:0098609"
"query_1",TRUE,0.000269267638793488,106,3877,38,0.00980139282950735,0.358490566037736,"GO:0051310","GO:BP","metaphase chromosome alignment",20972,12739,"GO:0050000;GO:0098813"
"query_1",TRUE,0.000271215892379441,979,3877,232,0.0598400825380449,0.236976506639428,"GO:0034097","GO:BP","response to cytokine",20972,7846,"GO:1901652"
"query_1",TRUE,0.00027963604740355,1066,3877,250,0.0644828475625484,0.234521575984991,"GO:0019637","GO:BP","organophosphate metabolic process",20972,5565,"GO:0006793"
"query_1",TRUE,0.000281794684891082,335,3877,93,0.023987619293268,0.277611940298507,"GO:0042327","GO:BP","positive regulation of phosphorylation",20972,9446,"GO:0016310;GO:0042325;GO:0045937"
"query_1",TRUE,0.000284755779858891,424,3877,113,0.0291462470982719,0.266509433962264,"GO:0001503","GO:BP","ossification",20972,308,"GO:0032501"
"query_1",TRUE,0.000288700975661291,95,3877,35,0.00902759865875677,0.368421052631579,"GO:0014013","GO:BP","regulation of gliogenesis",20972,4370,"GO:0042063;GO:0050767"
"query_1",TRUE,0.000292982193774473,190,3877,59,0.0152179520247614,0.310526315789474,"GO:0055001","GO:BP","muscle cell development",20972,13215,"GO:0042692;GO:0048468"
"query_1",TRUE,0.000299970620193449,318,3877,89,0.0229558937322672,0.279874213836478,"GO:0090287","GO:BP","regulation of cellular response to growth factor stimulus",20972,16966,"GO:0048583;GO:0071363"
"query_1",TRUE,0.000299970620193449,118,3877,41,0.0105751870002579,0.347457627118644,"GO:0007229","GO:BP","integrin-mediated signaling pathway",20972,2644,"GO:0007166"
"query_1",TRUE,0.000319855865583187,77,3877,30,0.0077379417075058,0.38961038961039,"GO:0003170","GO:BP","heart valve development",20972,1543,"GO:0007507;GO:0048856"
"query_1",TRUE,0.000324802634195644,134,3877,45,0.0116069125612587,0.335820895522388,"GO:0007266","GO:BP","Rho protein signal transduction",20972,2658,"GO:0007264"
"query_1",TRUE,0.000339228272242735,319,3877,89,0.0229558937322672,0.278996865203762,"GO:0009416","GO:BP","response to light stimulus",20972,3324,"GO:0009314"
"query_1",TRUE,0.000339228272242735,14,3877,10,0.00257931390250193,0.714285714285714,"GO:0099509","GO:BP","regulation of presynaptic cytosolic calcium ion concentration",20972,17858,"GO:0051480;GO:0070050"
"query_1",TRUE,0.000340182961454592,63,3877,26,0.00670621614650503,0.412698412698413,"GO:0048814","GO:BP","regulation of dendrite morphogenesis",20972,12209,"GO:0022603;GO:0048813;GO:0050773"
"query_1",TRUE,0.000340182961454592,63,3877,26,0.00670621614650503,0.412698412698413,"GO:0003179","GO:BP","heart valve morphogenesis",20972,1552,"GO:0003170;GO:0009653"
"query_1",TRUE,0.00034556784223157,293,3877,83,0.0214083053907661,0.283276450511945,"GO:0030336","GO:BP","negative regulation of cell migration",20972,6341,"GO:0016477;GO:0030334;GO:2000146"
"query_1",TRUE,0.000355316930516463,873,3877,209,0.0539076605622904,0.239404352806415,"GO:0006954","GO:BP","inflammatory response",20972,2454,"GO:0006952"
"query_1",TRUE,0.000362853043993796,993,3877,234,0.0603559453185453,0.235649546827795,"GO:1901652","GO:BP","response to peptide",20972,20209,"GO:0042221"
"query_1",TRUE,0.00037457836887203,225,3877,67,0.017281403146763,0.297777777777778,"GO:0048738","GO:BP","cardiac muscle tissue development",20972,12145,"GO:0007507;GO:0014706"
"query_1",TRUE,0.000377282817111698,171,3877,54,0.0139282950735104,0.315789473684211,"GO:0001837","GO:BP","epithelial to mesenchymal transition",20972,481,"GO:0048762"
"query_1",TRUE,0.000377282817111698,53,3877,23,0.00593242197575445,0.433962264150943,"GO:0090102","GO:BP","cochlea development",20972,16827,"GO:0048839;GO:0048856"
"query_1",TRUE,0.000383221922209289,85,3877,32,0.00825380448800619,0.376470588235294,"GO:0043242","GO:BP","negative regulation of protein-containing complex disassembly",20972,9912,"GO:0032984;GO:0043244;GO:0051129"
"query_1",TRUE,0.000383221922209289,200,3877,61,0.0157338148052618,0.305,"GO:0051650","GO:BP","establishment of vesicle localization",20972,12939,"GO:0051648;GO:0051649;GO:0051656"
"query_1",TRUE,0.000384327784852711,127,3877,43,0.0110910497807583,0.338582677165354,"GO:0006821","GO:BP","chloride transport",20972,2370,"GO:0006820;GO:0015698"
"query_1",TRUE,0.000394601690135896,60,3877,25,0.00644828475625484,0.416666666666667,"GO:0043113","GO:BP","receptor clustering",20972,9872,"GO:0072657"
"query_1",TRUE,0.000404443652408177,104,3877,37,0.00954346143925716,0.355769230769231,"GO:0043500","GO:BP","muscle adaptation",20972,10058,"GO:0003012;GO:0050896"
"query_1",TRUE,0.000427439326136151,1375,3877,312,0.0804745937580604,0.226909090909091,"GO:0046907","GO:BP","intracellular transport",20972,11590,"GO:0006810;GO:0051641;GO:0051649"
"query_1",TRUE,0.000433435460343889,112,3877,39,0.0100593242197575,0.348214285714286,"GO:1901989","GO:BP","positive regulation of cell cycle phase transition",20972,20446,"GO:0044770;GO:0090068;GO:1901987"
"query_1",TRUE,0.000433435460343889,37,3877,18,0.00464276502450348,0.486486486486487,"GO:0098698","GO:BP","postsynaptic specialization assembly",20972,17594,"GO:0070925;GO:0099068;GO:0099084"
"query_1",TRUE,0.000433435460343889,37,3877,18,0.00464276502450348,0.486486486486487,"GO:0021955","GO:BP","central nervous system neuron axonogenesis",20972,6079,"GO:0007409;GO:0021954"
"query_1",TRUE,0.000433435460343889,37,3877,18,0.00464276502450348,0.486486486486487,"GO:0021696","GO:BP","cerebellar cortex morphogenesis",20972,5871,"GO:0009653;GO:0021587;GO:0021695"
"query_1",TRUE,0.000437016140956816,176,3877,55,0.0141862264637606,0.3125,"GO:0050796","GO:BP","regulation of insulin secretion",20972,12403,"GO:0030073;GO:0050708;GO:0090276"
"query_1",TRUE,0.000438509293498019,460,3877,120,0.0309517668300232,0.260869565217391,"GO:0016055","GO:BP","Wnt signaling pathway",20972,4845,"GO:0007166"
"query_1",TRUE,0.000442844294320095,172,3877,54,0.0139282950735104,0.313953488372093,"GO:0006820","GO:BP","monoatomic anion transport",20972,2369,"GO:0006811"
"query_1",TRUE,0.000442844294320095,222,3877,66,0.0170234717565128,0.297297297297297,"GO:0009743","GO:BP","response to carbohydrate",20972,3480,"GO:1901700"
"query_1",TRUE,0.000442844294320095,71,3877,28,0.00722207892700542,0.394366197183099,"GO:0045685","GO:BP","regulation of glial cell differentiation",20972,10764,"GO:0010001;GO:0045595"
"query_1",TRUE,0.000445063668651963,25,3877,14,0.00361103946350271,0.56,"GO:0086013","GO:BP","membrane repolarization during cardiac muscle cell action potential",20972,16704,"GO:0086001;GO:0086011;GO:0099622"
"query_1",TRUE,0.000449205838644003,168,3877,53,0.0136703636832603,0.31547619047619,"GO:0001959","GO:BP","regulation of cytokine-mediated signaling pathway",20972,555,"GO:0009966;GO:0019221;GO:0060759"
"query_1",TRUE,0.000453447966923129,34,3877,17,0.00438483363425329,0.5,"GO:0099560","GO:BP","synaptic membrane adhesion",20972,17892,"GO:0050808;GO:0098609"
"query_1",TRUE,0.000453447966923129,34,3877,17,0.00438483363425329,0.5,"GO:0010464","GO:BP","regulation of mesenchymal cell proliferation",20972,3974,"GO:0010463;GO:0042127"
"query_1",TRUE,0.000455994522585437,64,3877,26,0.00670621614650503,0.40625,"GO:0051965","GO:BP","positive regulation of synapse assembly",20972,13092,"GO:0007416;GO:0051962;GO:0051963;GO:1901890"
"query_1",TRUE,0.000456448340281613,291,3877,82,0.0211503740005159,0.281786941580756,"GO:0061448","GO:BP","connective tissue development",20972,14398,"GO:0009888"
"query_1",TRUE,0.000456448340281613,291,3877,82,0.0211503740005159,0.281786941580756,"GO:0048511","GO:BP","rhythmic process",20972,11947,"GO:0008150"
"query_1",TRUE,0.000457224016636388,456,3877,119,0.030693835439773,0.260964912280702,"GO:0015711","GO:BP","organic anion transport",20972,4592,"GO:0006810"
"query_1",TRUE,0.000466465548830992,12,3877,9,0.00232138251225174,0.75,"GO:2001046","GO:BP","positive regulation of integrin-mediated signaling pathway",20972,24353,"GO:0007229;GO:0009967;GO:2001044"
"query_1",TRUE,0.000470555037661555,144,3877,47,0.0121227753417591,0.326388888888889,"GO:0007098","GO:BP","centrosome cycle",20972,2547,"GO:0022402;GO:0031023"
"query_1",TRUE,0.000475355281221828,47,3877,21,0.00541655919525406,0.446808510638298,"GO:0097106","GO:BP","postsynaptic density organization",20972,17281,"GO:0099084"
"query_1",TRUE,0.000475355281221828,47,3877,21,0.00541655919525406,0.446808510638298,"GO:0045197","GO:BP","establishment or maintenance of epithelial cell apical/basal polarity",20972,10560,"GO:0035088"
"query_1",TRUE,0.000475355281221828,189,3877,58,0.0149600206345112,0.306878306878307,"GO:0070374","GO:BP","positive regulation of ERK1 and ERK2 cascade",20972,14978,"GO:0043410;GO:0070371;GO:0070372"
"query_1",TRUE,0.000475355281221828,47,3877,21,0.00541655919525406,0.446808510638298,"GO:0021575","GO:BP","hindbrain morphogenesis",20972,5751,"GO:0009653;GO:0030902"
"query_1",TRUE,0.000483039308714199,309,3877,86,0.0221820995615166,0.27831715210356,"GO:0001934","GO:BP","positive regulation of protein phosphorylation",20972,535,"GO:0001932;GO:0006468;GO:0031401;GO:0042327"
"query_1",TRUE,0.000483039308714199,86,3877,32,0.00825380448800619,0.372093023255814,"GO:0014896","GO:BP","muscle hypertrophy",20972,4540,"GO:0003012"
"query_1",TRUE,0.000531783902636742,301,3877,84,0.0216662367810163,0.27906976744186,"GO:0043122","GO:BP","regulation of canonical NF-kappaB signal transduction",20972,9876,"GO:0007249;GO:1902531"
"query_1",TRUE,0.000534669613854681,44,3877,20,0.00515862780500387,0.454545454545455,"GO:0021587","GO:BP","cerebellum morphogenesis",20972,5763,"GO:0009653;GO:0021549;GO:0021575"
"query_1",TRUE,0.000541100659171868,215,3877,64,0.0165076089760124,0.297674418604651,"GO:0060348","GO:BP","bone development",20972,13568,"GO:0001501;GO:0048513"
"query_1",TRUE,0.000556544086794388,125,3877,42,0.0108331183905081,0.336,"GO:0050000","GO:BP","chromosome localization",20972,12329,"GO:0051640"
"query_1",TRUE,0.000556544086794388,125,3877,42,0.0108331183905081,0.336,"GO:0010977","GO:BP","negative regulation of neuron projection development",20972,4339,"GO:0010975;GO:0031175;GO:0031345"
"query_1",TRUE,0.000563003337897833,258,3877,74,0.0190869228785143,0.286821705426357,"GO:0032984","GO:BP","protein-containing complex disassembly",20972,7450,"GO:0022411;GO:0043933"
"query_1",TRUE,0.000568739909453063,186,3877,57,0.014702089244261,0.306451612903226,"GO:0051495","GO:BP","positive regulation of cytoskeleton organization",20972,12837,"GO:0007010;GO:0010638;GO:0051493"
"query_1",TRUE,0.000573676494063172,98,3877,35,0.00902759865875677,0.357142857142857,"GO:0090398","GO:BP","cellular senescence",20972,17059,"GO:0009987;GO:0033554"
"query_1",TRUE,0.000578363569293998,83,3877,31,0.007995873097756,0.373493975903614,"GO:0048708","GO:BP","astrocyte differentiation",20972,12115,"GO:0007417;GO:0010001"
"query_1",TRUE,0.000591735955925849,41,3877,19,0.00490069641475368,0.463414634146341,"GO:1904861","GO:BP","excitatory synapse assembly",20972,22425,"GO:0007416"
"query_1",TRUE,0.00059415955108006,178,3877,55,0.0141862264637606,0.308988764044944,"GO:0031345","GO:BP","negative regulation of cell projection organization",20972,6680,"GO:0030030;GO:0031344;GO:0051129"
"query_1",TRUE,0.00059415955108006,51,3877,22,0.00567449058550426,0.431372549019608,"GO:0035850","GO:BP","epithelial cell differentiation involved in kidney development",20972,8688,"GO:0030855;GO:0061005"
"query_1",TRUE,0.000595325552795616,364,3877,98,0.025277276244519,0.269230769230769,"GO:0043010","GO:BP","camera-type eye development",20972,9817,"GO:0001654"
"query_1",TRUE,0.000596936633134465,468,3877,121,0.0312096982202734,0.258547008547009,"GO:0007389","GO:BP","pattern specification process",20972,2753,"GO:0007275;GO:0032501"
"query_1",TRUE,0.000596936633134465,418,3877,110,0.0283724529275213,0.263157894736842,"GO:0001654","GO:BP","eye development",20972,355,"GO:0007423;GO:0150063"
"query_1",TRUE,0.000604567007059544,174,3877,54,0.0139282950735104,0.310344827586207,"GO:0050905","GO:BP","neuromuscular process",20972,12484,"GO:0050877"
"query_1",TRUE,0.000606895819986069,199,3877,60,0.0154758834150116,0.301507537688442,"GO:0032271","GO:BP","regulation of protein polymerization",20972,6966,"GO:0043254;GO:0051258"
"query_1",TRUE,0.000612926460703681,58,3877,24,0.00619035336600464,0.413793103448276,"GO:0035176","GO:BP","social behavior",20972,8294,"GO:0007610;GO:0051703"
"query_1",TRUE,0.00061357147852533,170,3877,53,0.0136703636832603,0.311764705882353,"GO:0030178","GO:BP","negative regulation of Wnt signaling pathway",20972,6263,"GO:0009968;GO:0016055;GO:0030111"
"query_1",TRUE,0.00061357147852533,891,3877,211,0.0544235233427908,0.236812570145903,"GO:0071345","GO:BP","cellular response to cytokine stimulus",20972,15461,"GO:0034097"
"query_1",TRUE,0.00061357147852533,87,3877,32,0.00825380448800619,0.367816091954023,"GO:0048013","GO:BP","ephrin receptor signaling pathway",20972,11625,"GO:0007169"
"query_1",TRUE,0.000628909543852168,20,3877,12,0.00309517668300232,0.6,"GO:0071625","GO:BP","vocalization behavior",20972,15664,"GO:0007610"
"query_1",TRUE,0.000647204233632782,437,3877,114,0.0294041784885221,0.260869565217391,"GO:0044782","GO:BP","cilium organization",20972,10404,"GO:0006996;GO:0120036"
"query_1",TRUE,0.000653028625696048,154,3877,49,0.0126386381222595,0.318181818181818,"GO:0007272","GO:BP","ensheathment of neurons",20972,2664,"GO:0007399;GO:0009987"
"query_1",TRUE,0.000653028625696048,154,3877,49,0.0126386381222595,0.318181818181818,"GO:0008366","GO:BP","axon ensheathment",20972,3045,"GO:0007272"
"query_1",TRUE,0.000659877511884669,150,3877,48,0.0123807067320093,0.32,"GO:2000045","GO:BP","regulation of G1/S transition of mitotic cell cycle",20972,23555,"GO:0000082;GO:1901990;GO:1902806"
"query_1",TRUE,0.000673426749926983,183,3877,56,0.0144441578540108,0.306010928961749,"GO:0034764","GO:BP","positive regulation of transmembrane transport",20972,8157,"GO:0034762;GO:0048522;GO:0051050;GO:0055085"
"query_1",TRUE,0.000680642399413686,433,3877,113,0.0291462470982719,0.260969976905312,"GO:1903829","GO:BP","positive regulation of protein localization",20972,21674,"GO:0008104;GO:0032880;GO:0048518"
"query_1",TRUE,0.000682407795498555,80,3877,30,0.0077379417075058,0.375,"GO:0015800","GO:BP","acidic amino acid transport",20972,4675,"GO:0006865"
"query_1",TRUE,0.000682765927578238,8,3877,7,0.00180551973175135,0.875,"GO:0099566","GO:BP","regulation of postsynaptic cytosolic calcium ion concentration",20972,17898,"GO:0051480"
"query_1",TRUE,0.000682765927578238,8,3877,7,0.00180551973175135,0.875,"GO:0048790","GO:BP","maintenance of presynaptic active zone structure",20972,12185,"GO:0099558;GO:1990709"
"query_1",TRUE,0.000682765927578238,8,3877,7,0.00180551973175135,0.875,"GO:1905821","GO:BP","positive regulation of chromosome condensation",20972,23107,"GO:0030261;GO:0060623;GO:2001252"
"query_1",TRUE,0.000685985252254291,179,3877,55,0.0141862264637606,0.307262569832402,"GO:0060759","GO:BP","regulation of response to cytokine stimulus",20972,13890,"GO:0034097;GO:0048583"
"query_1",TRUE,0.000700862783021745,330,3877,90,0.0232138251225174,0.272727272727273,"GO:0045859","GO:BP","regulation of protein kinase activity",20972,10898,"GO:0001932;GO:0043549"
"query_1",TRUE,0.000702658740810234,62,3877,25,0.00644828475625484,0.403225806451613,"GO:1902807","GO:BP","negative regulation of cell cycle G1/S phase transition",20972,20977,"GO:0044843;GO:1901988;GO:1902806"
"query_1",TRUE,0.000704228144228204,55,3877,23,0.00593242197575445,0.418181818181818,"GO:0010718","GO:BP","positive regulation of epithelial to mesenchymal transition",20972,4150,"GO:0001837;GO:0010717;GO:0045597;GO:0051240"
"query_1",TRUE,0.000710159727583661,717,3877,174,0.0448800619035337,0.242677824267782,"GO:0008610","GO:BP","lipid biosynthetic process",20972,3066,"GO:0006629;GO:0009058"
"query_1",TRUE,0.000715312506740715,171,3877,53,0.0136703636832603,0.309941520467836,"GO:0015698","GO:BP","inorganic anion transport",20972,4579,"GO:0006810"
"query_1",TRUE,0.000721163467290006,6900,3877,1379,0.355687387155017,0.199855072463768,"GO:0019222","GO:BP","regulation of metabolic process",20972,5276,"GO:0008152;GO:0050794"
"query_1",TRUE,0.000724093391474191,32,3877,16,0.0041269022440031,0.5,"GO:1905820","GO:BP","positive regulation of chromosome separation",20972,23106,"GO:0051304;GO:0090068;GO:1905818"
"query_1",TRUE,0.000724870636995349,84,3877,31,0.007995873097756,0.369047619047619,"GO:0014897","GO:BP","striated muscle hypertrophy",20972,4541,"GO:0014896"
"query_1",TRUE,0.000731847523340371,628,3877,155,0.03997936548878,0.246815286624204,"GO:0002521","GO:BP","leukocyte differentiation",20972,1001,"GO:0030097;GO:0030154"
"query_1",TRUE,0.000732218630544113,282,3877,79,0.0203765798297653,0.280141843971631,"GO:1904951","GO:BP","positive regulation of establishment of protein localization",20972,22495,"GO:0045184;GO:0048518;GO:0070201"
"query_1",TRUE,0.000744098177569752,29,3877,15,0.0038689708537529,0.517241379310345,"GO:0021952","GO:BP","central nervous system projection neuron axonogenesis",20972,6076,"GO:0021955"
"query_1",TRUE,0.000753104075581149,159,3877,50,0.0128965695125097,0.314465408805031,"GO:0030509","GO:BP","BMP signaling pathway",20972,6381,"GO:0071773;GO:0141091"
"query_1",TRUE,0.000753421642325579,15,3877,10,0.00257931390250193,0.666666666666667,"GO:0031632","GO:BP","positive regulation of synaptic vesicle fusion to presynaptic active zone membrane",20972,6782,"GO:0031340;GO:0031629;GO:0031630;GO:1901634"
"query_1",TRUE,0.000753421642325579,15,3877,10,0.00257931390250193,0.666666666666667,"GO:0072148","GO:BP","epithelial cell fate commitment",20972,16022,"GO:0030855;GO:0045165"
"query_1",TRUE,0.000753421642325579,15,3877,10,0.00257931390250193,0.666666666666667,"GO:0099502","GO:BP","calcium-dependent activation of synaptic vesicle fusion",20972,17854,"GO:0016079;GO:0031632"
"query_1",TRUE,0.000753421642325579,15,3877,10,0.00257931390250193,0.666666666666667,"GO:1901634","GO:BP","positive regulation of synaptic vesicle membrane organization",20972,20204,"GO:0048499;GO:0051130;GO:1901632"
"query_1",TRUE,0.000771793182871481,151,3877,48,0.0123807067320093,0.317880794701987,"GO:0071322","GO:BP","cellular response to carbohydrate stimulus",20972,15442,"GO:0009743;GO:1901701"
"query_1",TRUE,0.000773505718032982,331,3877,90,0.0232138251225174,0.27190332326284,"GO:0030111","GO:BP","regulation of Wnt signaling pathway",20972,6246,"GO:0009966;GO:0016055"
"query_1",TRUE,0.000795203091620854,127,3877,42,0.0108331183905081,0.330708661417323,"GO:0021782","GO:BP","glial cell development",20972,5952,"GO:0010001;GO:0048468"
"query_1",TRUE,0.000807208352085938,52,3877,22,0.00567449058550426,0.423076923076923,"GO:0031297","GO:BP","replication fork processing",20972,6666,"GO:0045005"
"query_1",TRUE,0.000814722853690726,59,3877,24,0.00619035336600464,0.406779661016949,"GO:0099518","GO:BP","vesicle cytoskeletal trafficking",20972,17862,"GO:0030705;GO:0051650"
"query_1",TRUE,0.000822858569420355,197,3877,59,0.0152179520247614,0.299492385786802,"GO:0006874","GO:BP","intracellular calcium ion homeostasis",20972,2403,"GO:0030003;GO:0055074"
"query_1",TRUE,0.000829055187086927,345,3877,93,0.023987619293268,0.269565217391304,"GO:0141091","GO:BP","transforming growth factor beta receptor superfamily signaling pathway",20972,18772,"GO:0007178"
"query_1",TRUE,0.000830464228302114,214,3877,63,0.0162496775857622,0.294392523364486,"GO:0002064","GO:BP","epithelial cell development",20972,636,"GO:0030855;GO:0048468"
"query_1",TRUE,0.000831995833313571,244,3877,70,0.0180551973175135,0.286885245901639,"GO:0008654","GO:BP","phospholipid biosynthetic process",20972,3085,"GO:0006644;GO:0008610;GO:0090407"
"query_1",TRUE,0.000839381224490532,42,3877,19,0.00490069641475368,0.452380952380952,"GO:0014075","GO:BP","response to amine",20972,4423,"GO:1901698"
"query_1",TRUE,0.000858197389185921,81,3877,30,0.0077379417075058,0.37037037037037,"GO:0007193","GO:BP","adenylate cyclase-inhibiting G protein-coupled receptor signaling pathway",20972,2616,"GO:0007188"
"query_1",TRUE,0.000858197389185921,81,3877,30,0.0077379417075058,0.37037037037037,"GO:0003300","GO:BP","cardiac muscle hypertrophy",20972,1654,"GO:0014897"
"query_1",TRUE,0.000858296384768264,422,3877,110,0.0283724529275213,0.260663507109005,"GO:0150063","GO:BP","visual system development",20972,18869,"GO:0048880"
"query_1",TRUE,0.000880734730706138,368,3877,98,0.025277276244519,0.266304347826087,"GO:0007178","GO:BP","cell surface receptor protein serine/threonine kinase signaling pathway",20972,2605,"GO:0007167"
"query_1",TRUE,0.0008993344522001,612,3877,151,0.0389476399277792,0.246732026143791,"GO:0097190","GO:BP","apoptotic signaling pathway",20972,17313,"GO:0006915;GO:0007165"
"query_1",TRUE,0.000901778942811476,297,3877,82,0.0211503740005159,0.276094276094276,"GO:0045165","GO:BP","cell fate commitment",20972,10546,"GO:0030154;GO:0048869"
"query_1",TRUE,0.000909719233112516,152,3877,48,0.0123807067320093,0.315789473684211,"GO:0042552","GO:BP","myelination",20972,9589,"GO:0008366"
"query_1",TRUE,0.000921105742700224,49,3877,21,0.00541655919525406,0.428571428571429,"GO:0018107","GO:BP","peptidyl-threonine phosphorylation",20972,5071,"GO:0006468;GO:0018210"
"query_1",TRUE,0.000921105742700224,49,3877,21,0.00541655919525406,0.428571428571429,"GO:1901976","GO:BP","regulation of cell cycle checkpoint",20972,20437,"GO:0000075;GO:1901987;GO:1902531"
"query_1",TRUE,0.000921105742700224,49,3877,21,0.00541655919525406,0.428571428571429,"GO:0018210","GO:BP","peptidyl-threonine modification",20972,5112,"GO:0018193"
"query_1",TRUE,0.000921105742700224,49,3877,21,0.00541655919525406,0.428571428571429,"GO:0061028","GO:BP","establishment of endothelial barrier",20972,14091,"GO:0001885"
"query_1",TRUE,0.000938746204004504,140,3877,45,0.0116069125612587,0.321428571428571,"GO:0007200","GO:BP","phospholipase C-activating G protein-coupled receptor signaling pathway",20972,2623,"GO:0007186"
"query_1",TRUE,0.000940669106400408,245,3877,70,0.0180551973175135,0.285714285714286,"GO:0006814","GO:BP","sodium ion transport",20972,2366,"GO:0030001"
"query_1",TRUE,0.000978742541102928,18,3877,11,0.00283724529275213,0.611111111111111,"GO:0021535","GO:BP","cell migration in hindbrain",20972,5711,"GO:0016477;GO:0030902"
"query_1",TRUE,0.000978742541102928,241,3877,69,0.0177972659272633,0.286307053941909,"GO:0033044","GO:BP","regulation of chromosome organization",20972,7483,"GO:0033043;GO:0051276"
"query_1",TRUE,0.000978742541102928,241,3877,69,0.0177972659272633,0.286307053941909,"GO:0007596","GO:BP","blood coagulation",20972,2915,"GO:0007599;GO:0042060;GO:0050817"
"query_1",TRUE,0.000978742541102928,18,3877,11,0.00283724529275213,0.611111111111111,"GO:0038166","GO:BP","angiotensin-activated signaling pathway",20972,9117,"GO:0007186;GO:1904385"
"query_1",TRUE,0.000978742541102928,971,3877,226,0.0582924941965437,0.232749742533471,"GO:0030097","GO:BP","hemopoiesis",20972,6240,"GO:0048468"
"query_1",TRUE,0.00100864643193891,165,3877,51,0.0131545009027599,0.309090909090909,"GO:0071897","GO:BP","DNA biosynthetic process",20972,15825,"GO:0006259;GO:0141187"
"query_1",TRUE,0.00101900446720359,36,3877,17,0.00438483363425329,0.472222222222222,"GO:0060306","GO:BP","regulation of membrane repolarization",20972,13530,"GO:0042391;GO:0050789;GO:0086009"
"query_1",TRUE,0.00106639130321975,101,3877,35,0.00902759865875677,0.346534653465347,"GO:0018105","GO:BP","peptidyl-serine phosphorylation",20972,5069,"GO:0006468;GO:0018209"
"query_1",TRUE,0.00106860720238566,246,3877,70,0.0180551973175135,0.284552845528455,"GO:0050817","GO:BP","coagulation",20972,12417,"GO:0032501"
"query_1",TRUE,0.00107693927932191,429,3877,111,0.0286303843177715,0.258741258741259,"GO:0048880","GO:BP","sensory system development",20972,12267,"GO:0048731"
"query_1",TRUE,0.00107953105231549,60,3877,24,0.00619035336600464,0.4,"GO:0051703","GO:BP","biological process involved in intraspecies interaction between organisms",20972,12977,"GO:0008150"
"query_1",TRUE,0.00107953105231549,60,3877,24,0.00619035336600464,0.4,"GO:0008347","GO:BP","glial cell migration",20972,3032,"GO:0016477;GO:0042063"
"query_1",TRUE,0.00107953105231549,60,3877,24,0.00619035336600464,0.4,"GO:0061005","GO:BP","cell differentiation involved in kidney development",20972,14075,"GO:0001822;GO:0030154"
"query_1",TRUE,0.00108581367884449,105,3877,36,0.00928553004900696,0.342857142857143,"GO:0048010","GO:BP","vascular endothelial growth factor receptor signaling pathway",20972,11622,"GO:0007169"
"query_1",TRUE,0.00109897256355911,33,3877,16,0.0041269022440031,0.484848484848485,"GO:0030517","GO:BP","negative regulation of axon extension",20972,6388,"GO:0030308;GO:0030516;GO:0048640;GO:0048675;GO:0050771"
"query_1",TRUE,0.00111798806263514,137,3877,44,0.0113489811710085,0.321167883211679,"GO:0051147","GO:BP","regulation of muscle cell differentiation",20972,12644,"GO:0042692;GO:0045595"
"query_1",TRUE,0.00111798806263514,137,3877,44,0.0113489811710085,0.321167883211679,"GO:0090090","GO:BP","negative regulation of canonical Wnt signaling pathway",20972,16818,"GO:0030178;GO:0060070;GO:0060828"
"query_1",TRUE,0.00111798806263514,71,3877,27,0.00696414753675522,0.380281690140845,"GO:0035773","GO:BP","insulin secretion involved in cellular response to glucose stimulus",20972,8640,"GO:0030073;GO:0051649;GO:0071333"
"query_1",TRUE,0.00111798806263514,21,3877,12,0.00309517668300232,0.571428571428571,"GO:1901381","GO:BP","positive regulation of potassium ion transmembrane transport",20972,20038,"GO:0043268;GO:0071805;GO:1901379;GO:1904064"
"query_1",TRUE,0.00111798806263514,21,3877,12,0.00309517668300232,0.571428571428571,"GO:0090050","GO:BP","positive regulation of cell migration involved in sprouting angiogenesis",20972,16786,"GO:0002042;GO:0043536;GO:0090049"
"query_1",TRUE,0.00113114460269228,121,3877,40,0.0103172556100077,0.330578512396694,"GO:0002062","GO:BP","chondrocyte differentiation",20972,634,"GO:0030154;GO:0051216"
"query_1",TRUE,0.00113173526975006,125,3877,41,0.0105751870002579,0.328,"GO:0051209","GO:BP","release of sequestered calcium ion into cytosol",20972,12672,"GO:0097553"
"query_1",TRUE,0.00113876828643527,264,3877,74,0.0190869228785143,0.28030303030303,"GO:0006898","GO:BP","receptor-mediated endocytosis",20972,2421,"GO:0006897"
"query_1",TRUE,0.00115636658074396,30,3877,15,0.0038689708537529,0.5,"GO:0051984","GO:BP","positive regulation of chromosome segregation",20972,13104,"GO:0007059;GO:0051983;GO:0090068"
"query_1",TRUE,0.00115636658074396,30,3877,15,0.0038689708537529,0.5,"GO:1902751","GO:BP","positive regulation of cell cycle G2/M phase transition",20972,20935,"GO:0044839;GO:1901989;GO:1902749"
"query_1",TRUE,0.00117156160668925,1869,3877,407,0.104978075831829,0.217763509898341,"GO:0045184","GO:BP","establishment of protein localization",20972,10552,"GO:0051234"
"query_1",TRUE,0.0011897328650302,27,3877,14,0.00361103946350271,0.518518518518518,"GO:0090592","GO:BP","DNA synthesis involved in DNA replication",20972,17141,"GO:0006260;GO:0071897"
"query_1",TRUE,0.0011897328650302,27,3877,14,0.00361103946350271,0.518518518518518,"GO:0010971","GO:BP","positive regulation of G2/M transition of mitotic cell cycle",20972,4333,"GO:0000086;GO:0010389;GO:1901992;GO:1902751"
"query_1",TRUE,0.0011897328650302,27,3877,14,0.00361103946350271,0.518518518518518,"GO:0002053","GO:BP","positive regulation of mesenchymal cell proliferation",20972,633,"GO:0008284;GO:0010463;GO:0010464"
"query_1",TRUE,0.00119315517977269,162,3877,50,0.0128965695125097,0.308641975308642,"GO:0055002","GO:BP","striated muscle cell development",20972,13216,"GO:0051146;GO:0055001"
"query_1",TRUE,0.00124682810107914,154,3877,48,0.0123807067320093,0.311688311688312,"GO:0045807","GO:BP","positive regulation of endocytosis",20972,10859,"GO:0006897;GO:0030100;GO:0051050;GO:0051130"
"query_1",TRUE,0.00124872013026652,243,3877,69,0.0177972659272633,0.283950617283951,"GO:0045444","GO:BP","fat cell differentiation",20972,10608,"GO:0030154"
"query_1",TRUE,0.00125334273091665,57,3877,23,0.00593242197575445,0.403508771929825,"GO:0086065","GO:BP","cell communication involved in cardiac conduction",20972,16732,"GO:0007154;GO:0061337"
"query_1",TRUE,0.00125334273091665,57,3877,23,0.00593242197575445,0.403508771929825,"GO:0007632","GO:BP","visual behavior",20972,2948,"GO:0007610;GO:0009416"
"query_1",TRUE,0.00125334273091665,57,3877,23,0.00593242197575445,0.403508771929825,"GO:2000134","GO:BP","negative regulation of G1/S transition of mitotic cell cycle",20972,23627,"GO:0000082;GO:1901991;GO:1902807;GO:2000045"
"query_1",TRUE,0.00126088715307644,98,3877,34,0.00876966726850658,0.346938775510204,"GO:0050848","GO:BP","regulation of calcium-mediated signaling",20972,12433,"GO:0019722;GO:1902531"
"query_1",TRUE,0.00128775575727928,102,3877,35,0.00902759865875677,0.343137254901961,"GO:0032963","GO:BP","collagen metabolic process",20972,7434,"GO:0008152"
"query_1",TRUE,0.00128775575727928,102,3877,35,0.00902759865875677,0.343137254901961,"GO:0032231","GO:BP","regulation of actin filament bundle assembly",20972,6934,"GO:0044087;GO:0051017;GO:0110053"
"query_1",TRUE,0.00128775575727928,102,3877,35,0.00902759865875677,0.343137254901961,"GO:0002027","GO:BP","regulation of heart rate",20972,612,"GO:0008016;GO:0065008"
"query_1",TRUE,0.00128775575727928,175,3877,53,0.0136703636832603,0.302857142857143,"GO:1902806","GO:BP","regulation of cell cycle G1/S phase transition",20972,20976,"GO:0044843;GO:1901987"
"query_1",TRUE,0.00132080428783789,171,3877,52,0.0134124322930101,0.304093567251462,"GO:0071772","GO:BP","response to BMP",20972,15759,"GO:0070848"
"query_1",TRUE,0.00132080428783789,171,3877,52,0.0134124322930101,0.304093567251462,"GO:0071773","GO:BP","cellular response to BMP stimulus",20972,15760,"GO:0071363;GO:0071772"
"query_1",TRUE,0.00132371279368698,923,3877,215,0.0554552489037916,0.232936078006501,"GO:0008284","GO:BP","positive regulation of cell population proliferation",20972,3011,"GO:0008283;GO:0042127;GO:0048522"
"query_1",TRUE,0.00132656467585505,110,3877,37,0.00954346143925716,0.336363636363636,"GO:0003279","GO:BP","cardiac septum development",20972,1637,"GO:0003205;GO:0048856"
"query_1",TRUE,0.00133851487277395,386,3877,101,0.0260510704152695,0.261658031088083,"GO:0050900","GO:BP","leukocyte migration",20972,12479,"GO:0002376;GO:0016477"
"query_1",TRUE,0.00133851487277395,386,3877,101,0.0260510704152695,0.261658031088083,"GO:0046486","GO:BP","glycerolipid metabolic process",20972,11358,"GO:0006629"
"query_1",TRUE,0.00133998015816866,122,3877,40,0.0103172556100077,0.327868852459016,"GO:0010811","GO:BP","positive regulation of cell-substrate adhesion",20972,4217,"GO:0010810;GO:0031589;GO:0045785"
"query_1",TRUE,0.00133998015816866,83,3877,30,0.0077379417075058,0.36144578313253,"GO:0043279","GO:BP","response to alkaloid",20972,9931,"GO:1901698"
"query_1",TRUE,0.00133998015816866,248,3877,70,0.0180551973175135,0.282258064516129,"GO:0007599","GO:BP","hemostasis",20972,2918,"GO:0050878"
"query_1",TRUE,0.00133998015816866,118,3877,39,0.0100593242197575,0.330508474576271,"GO:0006661","GO:BP","phosphatidylinositol biosynthetic process",20972,2247,"GO:0046474;GO:0046488"
"query_1",TRUE,0.00134655713110766,1216,3877,275,0.0709311323188032,0.226151315789474,"GO:0006325","GO:BP","chromatin organization",20972,2014,"GO:0016043"
"query_1",TRUE,0.00135846140255515,856,3877,201,0.0518442094402889,0.23481308411215,"GO:0043066","GO:BP","negative regulation of apoptotic process",20972,9849,"GO:0006915;GO:0042981;GO:0043069"
"query_1",TRUE,0.00139238992916441,310,3877,84,0.0216662367810163,0.270967741935484,"GO:0060070","GO:BP","canonical Wnt signaling pathway",20972,13352,"GO:0016055"
"query_1",TRUE,0.00140078305651124,61,3877,24,0.00619035336600464,0.39344262295082,"GO:0045744","GO:BP","negative regulation of G protein-coupled receptor signaling pathway",20972,10814,"GO:0007186;GO:0008277;GO:0009968"
"query_1",TRUE,0.00141631548754892,72,3877,27,0.00696414753675522,0.375,"GO:0071260","GO:BP","cellular response to mechanical stimulus",20972,15384,"GO:0009612;GO:0071214;GO:0071496"
"query_1",TRUE,0.00143110820836909,47,3877,20,0.00515862780500387,0.425531914893617,"GO:0019884","GO:BP","antigen processing and presentation of exogenous antigen",20972,5656,"GO:0019882"
"query_1",TRUE,0.00143110820836909,47,3877,20,0.00515862780500387,0.425531914893617,"GO:0008089","GO:BP","anterograde axonal transport",20972,2980,"GO:0098930"
"query_1",TRUE,0.00143110820836909,47,3877,20,0.00515862780500387,0.425531914893617,"GO:0060071","GO:BP","Wnt signaling pathway, planar cell polarity pathway",20972,13353,"GO:0035567"
"query_1",TRUE,0.00144402416935624,54,3877,22,0.00567449058550426,0.407407407407407,"GO:0060998","GO:BP","regulation of dendritic spine development",20972,14069,"GO:0050793;GO:0060996"
"query_1",TRUE,0.00144402416935624,54,3877,22,0.00567449058550426,0.407407407407407,"GO:0099172","GO:BP","presynapse organization",20972,17835,"GO:0016043;GO:0050808"
"query_1",TRUE,0.00144402416935624,54,3877,22,0.00567449058550426,0.407407407407407,"GO:0008608","GO:BP","attachment of spindle microtubules to kinetochore",20972,3065,"GO:0022402;GO:0051310"
"query_1",TRUE,0.00144402416935624,54,3877,22,0.00567449058550426,0.407407407407407,"GO:0046854","GO:BP","phosphatidylinositol phosphate biosynthetic process",20972,11564,"GO:0006661"
"query_1",TRUE,0.00144569355350531,91,3877,32,0.00825380448800619,0.351648351648352,"GO:1901992","GO:BP","positive regulation of mitotic cell cycle phase transition",20972,20449,"GO:0044772;GO:0045931;GO:1901989;GO:1901990"
"query_1",TRUE,0.00145711113686277,37,3877,17,0.00438483363425329,0.459459459459459,"GO:0050433","GO:BP","regulation of catecholamine secretion",20972,12333,"GO:0050432;GO:0051952;GO:1903530"
"query_1",TRUE,0.00145711113686277,37,3877,17,0.00438483363425329,0.459459459459459,"GO:0003161","GO:BP","cardiac conduction system development",20972,1534,"GO:0048738"
"query_1",TRUE,0.00145711113686277,37,3877,17,0.00438483363425329,0.459459459459459,"GO:0006904","GO:BP","vesicle docking involved in exocytosis",20972,2425,"GO:0048278;GO:0140029"
"query_1",TRUE,0.00146108298536741,315,3877,85,0.0219241681712664,0.26984126984127,"GO:0007249","GO:BP","canonical NF-kappaB signal transduction",20972,2648,"GO:0141124"
"query_1",TRUE,0.00150227151010717,16,3877,10,0.00257931390250193,0.625,"GO:0021783","GO:BP","preganglionic parasympathetic fiber development",20972,5953,"GO:0007417;GO:0048486;GO:0048731"
"query_1",TRUE,0.00150499861264494,236,3877,67,0.017281403146763,0.283898305084746,"GO:0045017","GO:BP","glycerolipid biosynthetic process",20972,10472,"GO:0008610;GO:0046486"
"query_1",TRUE,0.00153146566567186,383,3877,100,0.0257931390250193,0.261096605744125,"GO:0006644","GO:BP","phospholipid metabolic process",20972,2232,"GO:0006629;GO:0006796;GO:0019637"
"query_1",TRUE,0.00153188200671001,139,3877,44,0.0113489811710085,0.316546762589928,"GO:0000086","GO:BP","G2/M transition of mitotic cell cycle",20972,33,"GO:0044772;GO:0044839"
"query_1",TRUE,0.00153188200671001,139,3877,44,0.0113489811710085,0.316546762589928,"GO:0071333","GO:BP","cellular response to glucose stimulus",20972,15453,"GO:0001678;GO:0009749;GO:0071331"
"query_1",TRUE,0.00153530914784738,1057,3877,242,0.0624193964405468,0.228949858088931,"GO:0006338","GO:BP","chromatin remodeling",20972,2018,"GO:0006325"
"query_1",TRUE,0.00154602749196576,103,3877,35,0.00902759865875677,0.339805825242718,"GO:0018209","GO:BP","peptidyl-serine modification",20972,5111,"GO:0018193"
"query_1",TRUE,0.00156176937747594,107,3877,36,0.00928553004900696,0.336448598130841,"GO:0048008","GO:BP","platelet-derived growth factor receptor signaling pathway",20972,11620,"GO:0007169"
"query_1",TRUE,0.00156176937747594,107,3877,36,0.00928553004900696,0.336448598130841,"GO:0010595","GO:BP","positive regulation of endothelial cell migration",20972,4057,"GO:0010594;GO:0030335;GO:0043542"
"query_1",TRUE,0.00156176937747594,107,3877,36,0.00928553004900696,0.336448598130841,"GO:0030038","GO:BP","contractile actin filament bundle assembly",20972,6226,"GO:0051017"
"query_1",TRUE,0.00156176937747594,107,3877,36,0.00928553004900696,0.336448598130841,"GO:0043149","GO:BP","stress fiber assembly",20972,9888,"GO:0030038;GO:0031032"
"query_1",TRUE,0.00156496008228172,11,3877,8,0.00206345112200155,0.727272727272727,"GO:0060346","GO:BP","bone trabecula formation",20972,13566,"GO:0048705;GO:0060343;GO:0061430"
"query_1",TRUE,0.00156496008228172,11,3877,8,0.00206345112200155,0.727272727272727,"GO:0070778","GO:BP","L-aspartate transmembrane transport",20972,15164,"GO:0015810;GO:1902475"
"query_1",TRUE,0.00156496008228172,11,3877,8,0.00206345112200155,0.727272727272727,"GO:0048251","GO:BP","elastic fiber assembly",20972,11762,"GO:0085029;GO:0097435"
"query_1",TRUE,0.00156496008228172,11,3877,8,0.00206345112200155,0.727272727272727,"GO:1990709","GO:BP","presynaptic active zone organization",20972,23415,"GO:0016043;GO:0050808"
"query_1",TRUE,0.00156496008228172,11,3877,8,0.00206345112200155,0.727272727272727,"GO:0010807","GO:BP","regulation of synaptic vesicle priming",20972,4213,"GO:0016082;GO:0043254"
"query_1",TRUE,0.00157137346268689,80,3877,29,0.00748001031725561,0.3625,"GO:0008088","GO:BP","axo-dendritic transport",20972,2979,"GO:0010970"
"query_1",TRUE,0.00161533807826871,44,3877,19,0.00490069641475368,0.431818181818182,"GO:0050432","GO:BP","catecholamine secretion",20972,12332,"GO:0032940;GO:0051937"
"query_1",TRUE,0.00161589025535644,160,3877,49,0.0126386381222595,0.30625,"GO:2001236","GO:BP","regulation of extrinsic apoptotic signaling pathway",20972,24477,"GO:0097191;GO:2001233"
"query_1",TRUE,0.001656917050497,156,3877,48,0.0123807067320093,0.307692307692308,"GO:0044839","GO:BP","cell cycle G2/M phase transition",20972,10433,"GO:0044770"
"query_1",TRUE,0.00166199070995395,51,3877,21,0.00541655919525406,0.411764705882353,"GO:0031102","GO:BP","neuron projection regeneration",20972,6580,"GO:0031099;GO:0031175;GO:0033554"
"query_1",TRUE,0.00171222392199813,88,3877,31,0.007995873097756,0.352272727272727,"GO:0007589","GO:BP","body fluid secretion",20972,2910,"GO:0046903;GO:0050878"
"query_1",TRUE,0.00171222392199813,88,3877,31,0.007995873097756,0.352272727272727,"GO:0008344","GO:BP","adult locomotory behavior",20972,3029,"GO:0007626;GO:0030534"
"query_1",TRUE,0.00171222392199813,88,3877,31,0.007995873097756,0.352272727272727,"GO:0022406","GO:BP","membrane docking",20972,6163,"GO:0009987"
"query_1",TRUE,0.00172124490224535,31,3877,15,0.0038689708537529,0.483870967741935,"GO:0010996","GO:BP","response to auditory stimulus",20972,4352,"GO:0009612"
"query_1",TRUE,0.00174454393344418,19,3877,11,0.00283724529275213,0.578947368421053,"GO:0061003","GO:BP","positive regulation of dendritic spine morphogenesis",20972,14074,"GO:0010976;GO:0050775;GO:0060997;GO:0060999;GO:0061001"
"query_1",TRUE,0.00176076670288816,144,3877,45,0.0116069125612587,0.3125,"GO:0071326","GO:BP","cellular response to monosaccharide stimulus",20972,15446,"GO:0034284;GO:0071322"
"query_1",TRUE,0.00177181589300233,73,3877,27,0.00696414753675522,0.36986301369863,"GO:0071496","GO:BP","cellular response to external stimulus",20972,15591,"GO:0009605"
"query_1",TRUE,0.00177181589300233,73,3877,27,0.00696414753675522,0.36986301369863,"GO:0007405","GO:BP","neuroblast proliferation",20972,2766,"GO:0048699;GO:0061351"
"query_1",TRUE,0.00177743069775981,169,3877,51,0.0131545009027599,0.301775147928994,"GO:0010594","GO:BP","regulation of endothelial cell migration",20972,4056,"GO:0030334;GO:0043542"
"query_1",TRUE,0.00179180107552096,255,3877,71,0.0183131287077637,0.27843137254902,"GO:0060828","GO:BP","regulation of canonical Wnt signaling pathway",20972,13934,"GO:0030111;GO:0060070"
"query_1",TRUE,0.00179516229810858,62,3877,24,0.00619035336600464,0.387096774193548,"GO:0070050","GO:BP","neuron cellular homeostasis",20972,14787,"GO:0019725"
"query_1",TRUE,0.0018165739820063,242,3877,68,0.0175393345370132,0.28099173553719,"GO:0045927","GO:BP","positive regulation of growth",20972,10944,"GO:0040007;GO:0040008;GO:0048518"
"query_1",TRUE,0.00182011019435816,28,3877,14,0.00361103946350271,0.5,"GO:0048710","GO:BP","regulation of astrocyte differentiation",20972,12117,"GO:0045685;GO:0048708"
"query_1",TRUE,0.00183370797146318,100,3877,34,0.00876966726850658,0.34,"GO:0150115","GO:BP","cell-substrate junction organization",20972,18893,"GO:0034330"
"query_1",TRUE,0.00183370797146318,132,3877,42,0.0108331183905081,0.318181818181818,"GO:0034614","GO:BP","cellular response to reactive oxygen species",20972,8116,"GO:0000302;GO:0034599;GO:1901701"
"query_1",TRUE,0.0018537529472807,128,3877,41,0.0105751870002579,0.3203125,"GO:0021987","GO:BP","cerebral cortex development",20972,6111,"GO:0021543;GO:0048856"
"query_1",TRUE,0.00185434623690402,104,3877,35,0.00902759865875677,0.336538461538462,"GO:0006835","GO:BP","dicarboxylic acid transport",20972,2377,"GO:0046942"
"query_1",TRUE,0.00185434623690402,22,3877,12,0.00309517668300232,0.545454545454545,"GO:0099150","GO:BP","regulation of postsynaptic specialization assembly",20972,17821,"GO:0098698;GO:1902115"
"query_1",TRUE,0.00186507006127081,77,3877,28,0.00722207892700542,0.363636363636364,"GO:0090307","GO:BP","mitotic spindle assembly",20972,16984,"GO:0000070;GO:0007052;GO:0051225"
"query_1",TRUE,0.00186507006127081,25,3877,13,0.00335310807325251,0.52,"GO:0072311","GO:BP","glomerular epithelial cell differentiation",20972,16168,"GO:0035850;GO:0072010"
"query_1",TRUE,0.00186507006127081,25,3877,13,0.00335310807325251,0.52,"GO:1903055","GO:BP","positive regulation of extracellular matrix organization",20972,21153,"GO:0030198;GO:0051130;GO:1903053"
"query_1",TRUE,0.00186507006127081,25,3877,13,0.00335310807325251,0.52,"GO:0048169","GO:BP","regulation of long-term neuronal synaptic plasticity",20972,11718,"GO:0048168"
"query_1",TRUE,0.00187867692565688,422,3877,108,0.0278565901470209,0.255924170616114,"GO:0003002","GO:BP","regionalization",20972,1407,"GO:0007389"
"query_1",TRUE,0.00189105943208622,225,3877,64,0.0165076089760124,0.284444444444444,"GO:0055074","GO:BP","calcium ion homeostasis",20972,13255,"GO:0055080;GO:0098771"
"query_1",TRUE,0.00190533219228929,157,3877,48,0.0123807067320093,0.305732484076433,"GO:0007043","GO:BP","cell-cell junction assembly",20972,2514,"GO:0034329;GO:0045216"
"query_1",TRUE,0.00190533219228929,48,3877,20,0.00515862780500387,0.416666666666667,"GO:0051489","GO:BP","regulation of filopodium assembly",20972,12831,"GO:0046847;GO:0120032"
"query_1",TRUE,0.00190533219228929,157,3877,48,0.0123807067320093,0.305732484076433,"GO:0031023","GO:BP","microtubule organizing center organization",20972,6550,"GO:0000226;GO:0007017;GO:0016043"
"query_1",TRUE,0.00191065530921808,178,3877,53,0.0136703636832603,0.297752808988764,"GO:0000302","GO:BP","response to reactive oxygen species",20972,87,"GO:0006979;GO:1901700"
"query_1",TRUE,0.00193484190565841,450,3877,114,0.0294041784885221,0.253333333333333,"GO:0031401","GO:BP","positive regulation of protein modification process",20972,6701,"GO:0031399;GO:0036211;GO:0051247"
"query_1",TRUE,0.00193699349133915,66,3877,25,0.00644828475625484,0.378787878787879,"GO:0098930","GO:BP","axonal transport",20972,17719,"GO:0008088"
"query_1",TRUE,0.00193699349133915,66,3877,25,0.00644828475625484,0.378787878787879,"GO:0044380","GO:BP","protein localization to cytoskeleton",20972,10273,"GO:0033365"
"query_1",TRUE,0.00205854817822024,38,3877,17,0.00438483363425329,0.447368421052632,"GO:0002478","GO:BP","antigen processing and presentation of exogenous peptide antigen",20972,959,"GO:0019884;GO:0048002"
"query_1",TRUE,0.00210332683065712,166,3877,50,0.0128965695125097,0.301204819277108,"GO:0043524","GO:BP","negative regulation of neuron apoptotic process",20972,10073,"GO:0043066;GO:0043523;GO:0051402"
"query_1",TRUE,0.0021066284113019,59,3877,23,0.00593242197575445,0.389830508474576,"GO:0048278","GO:BP","vesicle docking",20972,11775,"GO:0016192;GO:0140056"
"query_1",TRUE,0.0021066284113019,59,3877,23,0.00593242197575445,0.389830508474576,"GO:0002042","GO:BP","cell migration involved in sprouting angiogenesis",20972,625,"GO:0002040;GO:0043534"
"query_1",TRUE,0.00212022081797332,9,3877,7,0.00180551973175135,0.777777777777778,"GO:0099562","GO:BP","maintenance of postsynaptic density structure",20972,17894,"GO:0098880"
"query_1",TRUE,0.00212022081797332,9,3877,7,0.00180551973175135,0.777777777777778,"GO:0099612","GO:BP","protein localization to axon",20972,17918,"GO:0008104"
"query_1",TRUE,0.00212022081797332,9,3877,7,0.00180551973175135,0.777777777777778,"GO:1900264","GO:BP","positive regulation of DNA-directed DNA polymerase activity",20972,19276,"GO:0043085;GO:0051338;GO:2000573"
"query_1",TRUE,0.00212022081797332,9,3877,7,0.00180551973175135,0.777777777777778,"GO:0043490","GO:BP","malate-aspartate shuttle",20972,10056,"GO:0019674"
"query_1",TRUE,0.0021397327033555,93,3877,32,0.00825380448800619,0.344086021505376,"GO:0021675","GO:BP","nerve development",20972,5850,"GO:0007399;GO:0048856"
"query_1",TRUE,0.00214617843636697,133,3877,42,0.0108331183905081,0.315789473684211,"GO:0006493","GO:BP","protein O-linked glycosylation",20972,2115,"GO:0009101"
"query_1",TRUE,0.00219943527717869,125,3877,40,0.0103172556100077,0.32,"GO:0099587","GO:BP","inorganic ion import across plasma membrane",20972,17906,"GO:0098739"
"query_1",TRUE,0.00219943527717869,125,3877,40,0.0103172556100077,0.32,"GO:0098659","GO:BP","inorganic cation import across plasma membrane",20972,17580,"GO:0099587"
"query_1",TRUE,0.00219943527717869,45,3877,19,0.00490069641475368,0.422222222222222,"GO:0044786","GO:BP","cell cycle DNA replication",20972,10407,"GO:0006261;GO:0022402"
"query_1",TRUE,0.00220315328018795,101,3877,34,0.00876966726850658,0.336633663366337,"GO:0046785","GO:BP","microtubule polymerization",20972,11529,"GO:0031109;GO:0051258;GO:0097435"
"query_1",TRUE,0.00220315328018795,101,3877,34,0.00876966726850658,0.336633663366337,"GO:0006029","GO:BP","proteoglycan metabolic process",20972,1807,"GO:0009100"
"query_1",TRUE,0.00222548025832874,117,3877,38,0.00980139282950735,0.324786324786325,"GO:0007265","GO:BP","Ras protein signal transduction",20972,2657,"GO:0007264"
"query_1",TRUE,0.00222548025832874,117,3877,38,0.00980139282950735,0.324786324786325,"GO:0006275","GO:BP","regulation of DNA replication",20972,1983,"GO:0006260;GO:0051052"
"query_1",TRUE,0.00228327423333728,14,3877,9,0.00232138251225174,0.642857142857143,"GO:0098840","GO:BP","protein transport along microtubule",20972,17670,"GO:0006886;GO:0010970;GO:0099118"
"query_1",TRUE,0.00228327423333728,14,3877,9,0.00232138251225174,0.642857142857143,"GO:0099118","GO:BP","microtubule-based protein transport",20972,17804,"GO:0015031;GO:0099111"
"query_1",TRUE,0.00228327423333728,14,3877,9,0.00232138251225174,0.642857142857143,"GO:0031115","GO:BP","negative regulation of microtubule polymerization",20972,6592,"GO:0031111;GO:0031113;GO:0032272;GO:0046785;GO:1902904"
"query_1",TRUE,0.00237821858591307,146,3877,45,0.0116069125612587,0.308219178082192,"GO:0009799","GO:BP","specification of symmetry",20972,3523,"GO:0007389"
"query_1",TRUE,0.00237821858591307,146,3877,45,0.0116069125612587,0.308219178082192,"GO:0009855","GO:BP","determination of bilateral symmetry",20972,3566,"GO:0009799"
"query_1",TRUE,0.00240686545948002,5,3877,5,0.00128965695125097,1,"GO:1902315","GO:BP","nuclear cell cycle DNA replication initiation",20972,20687,"GO:0033260;GO:1902292"
"query_1",TRUE,0.00240686545948002,5,3877,5,0.00128965695125097,1,"GO:0097112","GO:BP","gamma-aminobutyric acid receptor clustering",20972,17284,"GO:0001941;GO:0072578"
"query_1",TRUE,0.00240686545948002,5,3877,5,0.00128965695125097,1,"GO:1902975","GO:BP","mitotic DNA replication initiation",20972,21092,"GO:1902315;GO:1902969;GO:1903047"
"query_1",TRUE,0.00240686545948002,5,3877,5,0.00128965695125097,1,"GO:1902292","GO:BP","cell cycle DNA replication initiation",20972,20675,"GO:0006270;GO:0022402;GO:0044786"
"query_1",TRUE,0.00240686545948002,5,3877,5,0.00128965695125097,1,"GO:0071484","GO:BP","cellular response to light intensity",20972,15579,"GO:0009642;GO:0071482"
"query_1",TRUE,0.00242107634826031,142,3877,44,0.0113489811710085,0.309859154929577,"GO:0071331","GO:BP","cellular response to hexose stimulus",20972,15451,"GO:0009746;GO:0071326"
"query_1",TRUE,0.00250287943704867,622,3877,150,0.038689708537529,0.241157556270096,"GO:0006281","GO:BP","DNA repair",20972,1988,"GO:0006259;GO:0006974"
"query_1",TRUE,0.00250943851122928,407,3877,104,0.0268248645860201,0.255528255528256,"GO:0060271","GO:BP","cilium assembly",20972,13503,"GO:0044782;GO:0070925;GO:0120031"
"query_1",TRUE,0.00252337641512954,42,3877,18,0.00464276502450348,0.428571428571429,"GO:0086091","GO:BP","regulation of heart rate by cardiac conduction",20972,16740,"GO:0002027;GO:0061337"
"query_1",TRUE,0.00252415219286223,32,3877,15,0.0038689708537529,0.46875,"GO:0090630","GO:BP","activation of GTPase activity",20972,17163,"GO:0043547"
"query_1",TRUE,0.00255483235389905,90,3877,31,0.007995873097756,0.344444444444444,"GO:0072384","GO:BP","organelle transport along microtubule",20972,16205,"GO:0010970;GO:0051656"
"query_1",TRUE,0.00255942194001174,49,3877,20,0.00515862780500387,0.408163265306122,"GO:1903307","GO:BP","positive regulation of regulated secretory pathway",20972,21290,"GO:0045055;GO:0045921;GO:1903305"
"query_1",TRUE,0.00259731544041193,7,3877,6,0.00154758834150116,0.857142857142857,"GO:0021960","GO:BP","anterior commissure morphogenesis",20972,6084,"GO:0021537;GO:0021952"
"query_1",TRUE,0.00264028024989966,98,3877,33,0.00851173587825638,0.336734693877551,"GO:2001237","GO:BP","negative regulation of extrinsic apoptotic signaling pathway",20972,24478,"GO:0097191;GO:2001234;GO:2001236"
"query_1",TRUE,0.00265096004978005,887,3877,205,0.0528759350012897,0.231116121758737,"GO:0043069","GO:BP","negative regulation of programmed cell death",20972,9852,"GO:0012501;GO:0043067;GO:0048523"
"query_1",TRUE,0.00268466057972002,362,3877,94,0.0242455506835182,0.259668508287293,"GO:0007517","GO:BP","muscle organ development",20972,2863,"GO:0048513;GO:0061061"
"query_1",TRUE,0.00274810329985037,29,3877,14,0.00361103946350271,0.482758620689655,"GO:0099170","GO:BP","postsynaptic modulation of chemical synaptic transmission",20972,17833,"GO:0050804"
"query_1",TRUE,0.00274810329985037,29,3877,14,0.00361103946350271,0.482758620689655,"GO:0021680","GO:BP","cerebellar Purkinje cell layer development",20972,5855,"GO:0021695;GO:0048856"
"query_1",TRUE,0.0027555419399047,17,3877,10,0.00257931390250193,0.588235294117647,"GO:0048532","GO:BP","anatomical structure arrangement",20972,11964,"GO:0009653;GO:0032502"
"query_1",TRUE,0.00289733873895702,39,3877,17,0.00438483363425329,0.435897435897436,"GO:0060999","GO:BP","positive regulation of dendritic spine development",20972,14070,"GO:0051094;GO:0060996;GO:0060998"
"query_1",TRUE,0.00290126472692535,79,3877,28,0.00722207892700542,0.354430379746835,"GO:0140115","GO:BP","export across plasma membrane",20972,18403,"GO:0055085;GO:0140352"
"query_1",TRUE,0.00292183413625707,233,3877,65,0.0167655403662626,0.278969957081545,"GO:0043086","GO:BP","negative regulation of catalytic activity",20972,9855,"GO:0044092;GO:0050790"
"query_1",TRUE,0.00292633303701692,26,3877,13,0.00335310807325251,0.5,"GO:0019985","GO:BP","translesion synthesis",20972,5667,"GO:0006301;GO:0090592"
"query_1",TRUE,0.00292633303701692,26,3877,13,0.00335310807325251,0.5,"GO:0090128","GO:BP","regulation of synapse maturation",20972,16847,"GO:0050793;GO:0050807;GO:0060074"
"query_1",TRUE,0.00295163109145208,64,3877,24,0.00619035336600464,0.375,"GO:0035904","GO:BP","aorta development",20972,8720,"GO:0060840"
"query_1",TRUE,0.00295641792205868,160,3877,48,0.0123807067320093,0.3,"GO:0001678","GO:BP","intracellular glucose homeostasis",20972,369,"GO:0042593;GO:0055082"
"query_1",TRUE,0.00306483444779689,3954,3877,808,0.208408563322156,0.204350025290845,"GO:0019219","GO:BP","regulation of nucleobase-containing compound metabolic process",20972,5274,"GO:0006139;GO:0080090"
"query_1",TRUE,0.0031401204661331,238,3877,66,0.0170234717565128,0.277310924369748,"GO:1902115","GO:BP","regulation of organelle assembly",20972,20541,"GO:0033043;GO:0044087;GO:0070925"
"query_1",TRUE,0.0031401204661331,91,3877,31,0.007995873097756,0.340659340659341,"GO:0038084","GO:BP","vascular endothelial growth factor signaling pathway",20972,9061,"GO:0007169;GO:0035924"
"query_1",TRUE,0.00315565665898016,68,3877,25,0.00644828475625484,0.367647058823529,"GO:0002028","GO:BP","regulation of sodium ion transport",20972,613,"GO:0006814;GO:0010959"
"query_1",TRUE,0.00315565665898016,68,3877,25,0.00644828475625484,0.367647058823529,"GO:0048002","GO:BP","antigen processing and presentation of peptide antigen",20972,11616,"GO:0019882"
"query_1",TRUE,0.0032065679738647,99,3877,33,0.00851173587825638,0.333333333333333,"GO:0051262","GO:BP","protein tetramerization",20972,12711,"GO:0051259"
"query_1",TRUE,0.00321832549148899,107,3877,35,0.00902759865875677,0.327102803738318,"GO:0010717","GO:BP","regulation of epithelial to mesenchymal transition",20972,4149,"GO:0001837;GO:0045595"
"query_1",TRUE,0.00323262324769476,57,3877,22,0.00567449058550426,0.385964912280702,"GO:0042987","GO:BP","amyloid precursor protein catabolic process",20972,9810,"GO:0042982"
"query_1",TRUE,0.00327937114140981,36,3877,16,0.0041269022440031,0.444444444444444,"GO:1990776","GO:BP","response to angiotensin",20972,23437,"GO:0043434"
"query_1",TRUE,0.00327937114140981,36,3877,16,0.0041269022440031,0.444444444444444,"GO:0021988","GO:BP","olfactory lobe development",20972,6112,"GO:0021537;GO:0048856"
"query_1",TRUE,0.00327937114140981,36,3877,16,0.0041269022440031,0.444444444444444,"GO:0010770","GO:BP","positive regulation of cell morphogenesis",20972,4187,"GO:0000902;GO:0010720;GO:0022604"
"query_1",TRUE,0.00333165787424433,221,3877,62,0.015991746195512,0.280542986425339,"GO:0043123","GO:BP","positive regulation of canonical NF-kappaB signal transduction",20972,9877,"GO:0007249;GO:0043122;GO:1902533"
"query_1",TRUE,0.00337428546697767,319,3877,84,0.0216662367810163,0.263322884012539,"GO:0034504","GO:BP","protein localization to nucleus",20972,8096,"GO:0033365"
"query_1",TRUE,0.00342777828432347,50,3877,20,0.00515862780500387,0.4,"GO:0008542","GO:BP","visual learning",20972,3050,"GO:0007632;GO:0008306"
"query_1",TRUE,0.00342777828432347,50,3877,20,0.00515862780500387,0.4,"GO:0002792","GO:BP","negative regulation of peptide secretion",20972,1257,"GO:0002790;GO:0002791;GO:0051048"
"query_1",TRUE,0.00347663474930982,43,3877,18,0.00464276502450348,0.418604651162791,"GO:0031146","GO:BP","SCF-dependent proteasomal ubiquitin-dependent protein catabolic process",20972,6616,"GO:0043161"
"query_1",TRUE,0.00352208114349505,12,3877,8,0.00206345112200155,0.666666666666667,"GO:0060623","GO:BP","regulation of chromosome condensation",20972,13783,"GO:0030261;GO:0033044"
"query_1",TRUE,0.00352208114349505,12,3877,8,0.00206345112200155,0.666666666666667,"GO:0045161","GO:BP","neuronal ion channel clustering",20972,10543,"GO:0042551;GO:0061024"
"query_1",TRUE,0.00352208114349505,12,3877,8,0.00206345112200155,0.666666666666667,"GO:1990504","GO:BP","dense core granule exocytosis",20972,23341,"GO:0017156;GO:0032253;GO:0051650"
"query_1",TRUE,0.00352208114349505,12,3877,8,0.00206345112200155,0.666666666666667,"GO:1902946","GO:BP","protein localization to early endosome",20972,21077,"GO:0036010"
"query_1",TRUE,0.00352693564665198,627,3877,150,0.038689708537529,0.239234449760766,"GO:0050865","GO:BP","regulation of cell activation",20972,12450,"GO:0001775;GO:0050794;GO:0051239"
"query_1",TRUE,0.00356168370710615,523,3877,128,0.0330152179520248,0.244741873804971,"GO:1903131","GO:BP","mononuclear cell differentiation",20972,21205,"GO:0002521"
"query_1",TRUE,0.00357768747602731,226,3877,63,0.0162496775857622,0.278761061946903,"GO:0002685","GO:BP","regulation of leukocyte migration",20972,1157,"GO:0002682;GO:0030334;GO:0050900"
"query_1",TRUE,0.00366696155721702,124,3877,39,0.0100593242197575,0.314516129032258,"GO:1904950","GO:BP","negative regulation of establishment of protein localization",20972,22494,"GO:0045184;GO:0048519;GO:0070201"
"query_1",TRUE,0.00366696155721702,124,3877,39,0.0100593242197575,0.314516129032258,"GO:0031570","GO:BP","DNA integrity checkpoint signaling",20972,6761,"GO:0000075"
"query_1",TRUE,0.00367368446900019,393,3877,100,0.0257931390250193,0.254452926208651,"GO:0032102","GO:BP","negative regulation of response to external stimulus",20972,6888,"GO:0009605;GO:0032101;GO:0048585"
"query_1",TRUE,0.00367368446900019,1883,3877,404,0.104204281661078,0.214551248008497,"GO:0006952","GO:BP","defense response",20972,2452,"GO:0006950"
"query_1",TRUE,0.00367368446900019,84,3877,29,0.00748001031725561,0.345238095238095,"GO:0035023","GO:BP","regulation of Rho protein signal transduction",20972,8190,"GO:0007266;GO:0051056"
"query_1",TRUE,0.00376749778091591,116,3877,37,0.00954346143925716,0.318965517241379,"GO:0051224","GO:BP","negative regulation of protein transport",20972,12680,"GO:0015031;GO:0051051;GO:0051223;GO:1903828;GO:1904950"
"query_1",TRUE,0.00380082808625333,92,3877,31,0.007995873097756,0.33695652173913,"GO:0048640","GO:BP","negative regulation of developmental growth",20972,12049,"GO:0045926;GO:0048589;GO:0048638;GO:0051093"
"query_1",TRUE,0.00380237810708589,112,3877,36,0.00928553004900696,0.321428571428571,"GO:0042752","GO:BP","regulation of circadian rhythm",20972,9691,"GO:0007623;GO:0050789"
"query_1",TRUE,0.00380877560430525,54,3877,21,0.00541655919525406,0.388888888888889,"GO:0030834","GO:BP","regulation of actin filament depolymerization",20972,6472,"GO:0008064;GO:0030042;GO:1901879"
"query_1",TRUE,0.00382659699680773,524,3877,128,0.0330152179520248,0.244274809160305,"GO:0050801","GO:BP","monoatomic ion homeostasis",20972,12406,"GO:0048878"
"query_1",TRUE,0.00383460138897788,104,3877,34,0.00876966726850658,0.326923076923077,"GO:0048709","GO:BP","oligodendrocyte differentiation",20972,12116,"GO:0007417;GO:0010001"
"query_1",TRUE,0.00383460138897788,100,3877,33,0.00851173587825638,0.33,"GO:0110020","GO:BP","regulation of actomyosin structure organization",20972,18089,"GO:0031032;GO:0032956"
"query_1",TRUE,0.00387028029677703,271,3877,73,0.0188289914882641,0.269372693726937,"GO:0001894","GO:BP","tissue homeostasis",20972,506,"GO:0048871;GO:0060249"
"query_1",TRUE,0.00387028029677703,271,3877,73,0.0188289914882641,0.269372693726937,"GO:0060249","GO:BP","anatomical structure homeostasis",20972,13481,"GO:0048871"
"query_1",TRUE,0.0039325191384183,192,3877,55,0.0141862264637606,0.286458333333333,"GO:0009749","GO:BP","response to glucose",20972,3486,"GO:0009746"
"query_1",TRUE,0.00395266318624809,69,3877,25,0.00644828475625484,0.36231884057971,"GO:0048857","GO:BP","neural nucleus development",20972,12248,"GO:0048856"
"query_1",TRUE,0.00398811082075581,47,3877,19,0.00490069641475368,0.404255319148936,"GO:0008038","GO:BP","neuron recognition",20972,2960,"GO:0008037;GO:0048666"
"query_1",TRUE,0.00398811082075581,47,3877,19,0.00490069641475368,0.404255319148936,"GO:0047496","GO:BP","vesicle transport along microtubule",20972,11614,"GO:0072384;GO:0099518"
"query_1",TRUE,0.00398811082075581,47,3877,19,0.00490069641475368,0.404255319148936,"GO:0010463","GO:BP","mesenchymal cell proliferation",20972,3973,"GO:0008283"
"query_1",TRUE,0.00404623806204451,653,3877,155,0.03997936548878,0.237366003062787,"GO:0006886","GO:BP","intracellular protein transport",20972,2411,"GO:0008104;GO:0015031;GO:0046907"
"query_1",TRUE,0.00405911631732541,30,3877,14,0.00361103946350271,0.466666666666667,"GO:0035235","GO:BP","ionotropic glutamate receptor signaling pathway",20972,8341,"GO:0007215;GO:1990806"
"query_1",TRUE,0.00405911631732541,30,3877,14,0.00361103946350271,0.466666666666667,"GO:1904385","GO:BP","cellular response to angiotensin",20972,22071,"GO:0071375;GO:1990776"
"query_1",TRUE,0.00409958850584314,294,3877,78,0.0201186484395151,0.26530612244898,"GO:0090596","GO:BP","sensory organ morphogenesis",20972,17143,"GO:0007423;GO:0009887"
"query_1",TRUE,0.0041027290460934,133,3877,41,0.0105751870002579,0.308270676691729,"GO:0045598","GO:BP","regulation of fat cell differentiation",20972,10680,"GO:0045444;GO:0045595"
"query_1",TRUE,0.00416925631562889,171,3877,50,0.0128965695125097,0.292397660818713,"GO:1902905","GO:BP","positive regulation of supramolecular fiber organization",20972,21053,"GO:0051130;GO:0097435;GO:1902903"
"query_1",TRUE,0.00427619723416005,77,3877,27,0.00696414753675522,0.350649350649351,"GO:0150076","GO:BP","neuroinflammatory response",20972,18873,"GO:0006954"
"query_1",TRUE,0.00439223776068285,15,3877,9,0.00232138251225174,0.6,"GO:0055057","GO:BP","neuroblast division",20972,13246,"GO:0007405;GO:0051301"
"query_1",TRUE,0.00439223776068285,15,3877,9,0.00232138251225174,0.6,"GO:0048791","GO:BP","calcium ion-regulated exocytosis of neurotransmitter",20972,12186,"GO:0016079;GO:0017156"
"query_1",TRUE,0.00439223776068285,15,3877,9,0.00232138251225174,0.6,"GO:0048172","GO:BP","regulation of short-term neuronal synaptic plasticity",20972,11721,"GO:0048168"
"query_1",TRUE,0.00439223776068285,15,3877,9,0.00232138251225174,0.6,"GO:0098693","GO:BP","regulation of synaptic vesicle cycle",20972,17591,"GO:0060627;GO:0099504"
"query_1",TRUE,0.00439223776068285,15,3877,9,0.00232138251225174,0.6,"GO:0006271","GO:BP","DNA strand elongation involved in DNA replication",20972,1979,"GO:0006261;GO:0022616"
"query_1",TRUE,0.00442991312161472,27,3877,13,0.00335310807325251,0.481481481481481,"GO:0045662","GO:BP","negative regulation of myoblast differentiation",20972,10744,"GO:0045445;GO:0045596;GO:0045661"
"query_1",TRUE,0.00442991312161472,27,3877,13,0.00335310807325251,0.481481481481481,"GO:0021895","GO:BP","cerebral cortex neuron differentiation",20972,6035,"GO:0021879"
"query_1",TRUE,0.00445276790974143,322,3877,84,0.0216662367810163,0.260869565217391,"GO:0006302","GO:BP","double-strand break repair",20972,2001,"GO:0006281"
"query_1",TRUE,0.00456882006678458,93,3877,31,0.007995873097756,0.333333333333333,"GO:0007044","GO:BP","cell-substrate junction assembly",20972,2515,"GO:0034329;GO:0150115"
"query_1",TRUE,0.00456882006678458,93,3877,31,0.007995873097756,0.333333333333333,"GO:0015807","GO:BP","L-amino acid transport",20972,4682,"GO:0006865;GO:0046942;GO:0071705"
"query_1",TRUE,0.00456882006678458,37,3877,16,0.0041269022440031,0.432432432432432,"GO:0006301","GO:BP","DNA damage tolerance",20972,2000,"GO:0006259;GO:0006260;GO:0006974"
"query_1",TRUE,0.00461667272597089,1672,3877,361,0.0931132318803198,0.215909090909091,"GO:0045893","GO:BP","positive regulation of DNA-templated transcription",20972,10916,"GO:0006351;GO:0006355;GO:1902680"
"query_1",TRUE,0.00461667272597089,159,3877,47,0.0121227753417591,0.29559748427673,"GO:0048754","GO:BP","branching morphogenesis of an epithelial tube",20972,12155,"GO:0035239;GO:0060562;GO:0061138"
"query_1",TRUE,0.00461667272597089,202,3877,57,0.014702089244261,0.282178217821782,"GO:0034284","GO:BP","response to monosaccharide",20972,7968,"GO:0009743"
"query_1",TRUE,0.00461667272597089,202,3877,57,0.014702089244261,0.282178217821782,"GO:1903828","GO:BP","negative regulation of protein localization",20972,21673,"GO:0008104;GO:0032880;GO:0048519"
"query_1",TRUE,0.0046467720400125,44,3877,18,0.00464276502450348,0.409090909090909,"GO:1990806","GO:BP","ligand-gated ion channel signaling pathway",20972,23450,"GO:0007165"
"query_1",TRUE,0.00470232055135715,66,3877,24,0.00619035336600464,0.363636363636364,"GO:0051149","GO:BP","positive regulation of muscle cell differentiation",20972,12646,"GO:0042692;GO:0045597;GO:0051147"
"query_1",TRUE,0.00470522338227366,24,3877,12,0.00309517668300232,0.5,"GO:0072112","GO:BP","podocyte differentiation",20972,15986,"GO:0061318;GO:0072311"
"query_1",TRUE,0.00470522338227366,24,3877,12,0.00309517668300232,0.5,"GO:0061318","GO:BP","renal filtration cell differentiation",20972,14320,"GO:0030154;GO:0072001"
"query_1",TRUE,0.00470522338227366,24,3877,12,0.00309517668300232,0.5,"GO:0061339","GO:BP","establishment or maintenance of monopolar cell polarity",20972,14338,"GO:0007163"
"query_1",TRUE,0.00475909650017612,233,3877,64,0.0165076089760124,0.274678111587983,"GO:0097191","GO:BP","extrinsic apoptotic signaling pathway",20972,17314,"GO:0007166;GO:0097190"
"query_1",TRUE,0.00475909650017612,155,3877,46,0.0118648439515089,0.296774193548387,"GO:0030307","GO:BP","positive regulation of cell growth",20972,6322,"GO:0001558;GO:0016049;GO:0045927;GO:0048522"
"query_1",TRUE,0.00476388867354759,513,3877,125,0.0322414237812742,0.243664717348928,"GO:0055080","GO:BP","monoatomic cation homeostasis",20972,13258,"GO:0050801"
"query_1",TRUE,0.00477598700321617,18,3877,10,0.00257931390250193,0.555555555555556,"GO:0048486","GO:BP","parasympathetic nervous system development",20972,11931,"GO:0048483;GO:0048731"
"query_1",TRUE,0.00477598700321617,18,3877,10,0.00257931390250193,0.555555555555556,"GO:0072578","GO:BP","neurotransmitter-gated ion channel clustering",20972,16272,"GO:0043113;GO:0050808"
"query_1",TRUE,0.00478229650436781,185,3877,53,0.0136703636832603,0.286486486486487,"GO:0098727","GO:BP","maintenance of cell number",20972,17618,"GO:0032502"
"query_1",TRUE,0.00484893434645799,21,3877,11,0.00283724529275213,0.523809523809524,"GO:0035089","GO:BP","establishment of apical/basal cell polarity",20972,8227,"GO:0035088;GO:0061162"
"query_1",TRUE,0.00487315919247465,55,3877,21,0.00541655919525406,0.381818181818182,"GO:0043536","GO:BP","positive regulation of blood vessel endothelial cell migration",20972,10077,"GO:0010595;GO:0043534;GO:0043535"
"query_1",TRUE,0.00487315919247465,55,3877,21,0.00541655919525406,0.381818181818182,"GO:0007528","GO:BP","neuromuscular junction development",20972,2874,"GO:0050808"
"query_1",TRUE,0.00487315919247465,457,3877,113,0.0291462470982719,0.2472647702407,"GO:0048568","GO:BP","embryonic organ development",20972,11991,"GO:0009790;GO:0048513"
"query_1",TRUE,0.00489974458427623,556,3877,134,0.0345628062935259,0.241007194244604,"GO:1901137","GO:BP","carbohydrate derivative biosynthetic process",20972,19878,"GO:0009058;GO:1901135"
"query_1",TRUE,0.00496970897577,1674,3877,361,0.0931132318803198,0.215651135005974,"GO:1902680","GO:BP","positive regulation of RNA biosynthetic process",20972,20895,"GO:0010557;GO:0032774;GO:0051254;GO:2001141"
"query_1",TRUE,0.00497499306472096,1184,3877,263,0.0678359556358009,0.222128378378378,"GO:0010628","GO:BP","positive regulation of gene expression",20972,4087,"GO:0010467;GO:0010468;GO:0010557"
"query_1",TRUE,0.00505103067774084,328,3877,85,0.0219241681712664,0.259146341463415,"GO:0022409","GO:BP","positive regulation of cell-cell adhesion",20972,6166,"GO:0022407;GO:0045785;GO:0098609"
"query_1",TRUE,0.00506618005797808,74,3877,26,0.00670621614650503,0.351351351351351,"GO:0032272","GO:BP","negative regulation of protein polymerization",20972,6967,"GO:0031333;GO:0032271;GO:0051258"
"query_1",TRUE,0.00516053143285368,34,3877,15,0.0038689708537529,0.441176470588235,"GO:0007616","GO:BP","long-term memory",20972,2933,"GO:0007613"
"query_1",TRUE,0.00516053143285368,34,3877,15,0.0038689708537529,0.441176470588235,"GO:0050775","GO:BP","positive regulation of dendrite morphogenesis",20972,12390,"GO:0010770;GO:0031346;GO:0048813;GO:0048814;GO:0050769"
"query_1",TRUE,0.00518837787052558,831,3877,191,0.0492648955377869,0.229843561973526,"GO:0031347","GO:BP","regulation of defense response",20972,6682,"GO:0006952;GO:0080134"
"query_1",TRUE,0.00519021620134679,78,3877,27,0.00696414753675522,0.346153846153846,"GO:0051298","GO:BP","centrosome duplication",20972,12728,"GO:0007098;GO:0022402"
"query_1",TRUE,0.00519021620134679,143,3877,43,0.0110910497807583,0.300699300699301,"GO:0036294","GO:BP","cellular response to decreased oxygen levels",20972,8922,"GO:0036293;GO:0071453"
"query_1",TRUE,0.00519021620134679,78,3877,27,0.00696414753675522,0.346153846153846,"GO:0140056","GO:BP","organelle localization by membrane tethering",20972,18384,"GO:0022406;GO:0051640"
"query_1",TRUE,0.00519021620134679,190,3877,54,0.0139282950735104,0.284210526315789,"GO:0033002","GO:BP","muscle cell proliferation",20972,7457,"GO:0008283"
"query_1",TRUE,0.00519333971541081,10,3877,7,0.00180551973175135,0.7,"GO:1902965","GO:BP","regulation of protein localization to early endosome",20972,21087,"GO:1902946;GO:1905666"
"query_1",TRUE,0.00519333971541081,10,3877,7,0.00180551973175135,0.7,"GO:1902966","GO:BP","positive regulation of protein localization to early endosome",20972,21088,"GO:1902946;GO:1902965;GO:1905668"
"query_1",TRUE,0.00519333971541081,10,3877,7,0.00180551973175135,0.7,"GO:0062042","GO:BP","regulation of cardiac epithelial to mesenchymal transition",20972,14696,"GO:0010717;GO:0060317"
"query_1",TRUE,0.00520348737356947,59,3877,22,0.00567449058550426,0.372881355932203,"GO:0045185","GO:BP","maintenance of protein location",20972,10553,"GO:0008104;GO:0051235"
"query_1",TRUE,0.00520348737356947,59,3877,22,0.00567449058550426,0.372881355932203,"GO:0038063","GO:BP","collagen-activated tyrosine kinase receptor signaling pathway",20972,9057,"GO:0007169;GO:0038065"
"query_1",TRUE,0.00520348737356947,59,3877,22,0.00567449058550426,0.372881355932203,"GO:0030042","GO:BP","actin filament depolymerization",20972,6228,"GO:0008154;GO:0051261"
"query_1",TRUE,0.00520348737356947,59,3877,22,0.00567449058550426,0.372881355932203,"GO:0014910","GO:BP","regulation of smooth muscle cell migration",20972,4552,"GO:0014909;GO:0030334"
"query_1",TRUE,0.00520348737356947,59,3877,22,0.00567449058550426,0.372881355932203,"GO:0032507","GO:BP","maintenance of protein location in cell",20972,7119,"GO:0045185;GO:0051651"
"query_1",TRUE,0.00524721605442663,929,3877,211,0.0544235233427908,0.227125941872982,"GO:0006974","GO:BP","DNA damage response",20972,2470,"GO:0033554"
"query_1",TRUE,0.00525961797766409,82,3877,28,0.00722207892700542,0.341463414634146,"GO:0048041","GO:BP","focal adhesion assembly",20972,11637,"GO:0007044;GO:0007160"
"query_1",TRUE,0.00532172861838225,41,3877,17,0.00438483363425329,0.414634146341463,"GO:0098703","GO:BP","calcium ion import across plasma membrane",20972,17597,"GO:0070509;GO:0097553;GO:0098659;GO:1902656"
"query_1",TRUE,0.00532172861838225,41,3877,17,0.00438483363425329,0.414634146341463,"GO:1902656","GO:BP","calcium ion import into cytosol",20972,20882,"GO:0006816"
"query_1",TRUE,0.00554111655010406,63,3877,23,0.00593242197575445,0.365079365079365,"GO:0038065","GO:BP","collagen-activated signaling pathway",20972,9058,"GO:0007166"
"query_1",TRUE,0.00559205967593717,152,3877,45,0.0116069125612587,0.296052631578947,"GO:0016331","GO:BP","morphogenesis of embryonic epithelium",20972,4955,"GO:0002009;GO:0048598"
"query_1",TRUE,0.00570916709512387,1592,3877,344,0.0887283982460665,0.21608040201005,"GO:0022414","GO:BP","reproductive process",20972,6171,"GO:0008150"
"query_1",TRUE,0.00578627051694771,148,3877,44,0.0113489811710085,0.297297297297297,"GO:0033157","GO:BP","regulation of intracellular protein transport",20972,7541,"GO:0006886;GO:0032386;GO:0051223"
"query_1",TRUE,0.00578627051694771,148,3877,44,0.0113489811710085,0.297297297297297,"GO:0035148","GO:BP","tube formation",20972,8269,"GO:0035239;GO:0048646"
"query_1",TRUE,0.00589960541314493,123,3877,38,0.00980139282950735,0.308943089430894,"GO:0072009","GO:BP","nephron epithelium development",20972,15896,"GO:0072006;GO:0072073"
"query_1",TRUE,0.00589960541314493,123,3877,38,0.00980139282950735,0.308943089430894,"GO:0001838","GO:BP","embryonic epithelial tube formation",20972,482,"GO:0016331;GO:0072175"
"query_1",TRUE,0.00598965503254977,253,3877,68,0.0175393345370132,0.268774703557312,"GO:0048863","GO:BP","stem cell differentiation",20972,12253,"GO:0030154"
"query_1",TRUE,0.00599568426875513,559,3877,134,0.0345628062935259,0.239713774597496,"GO:0002831","GO:BP","regulation of response to biotic stimulus",20972,1295,"GO:0009607;GO:0048583"
"query_1",TRUE,0.00603787326696442,71,3877,25,0.00644828475625484,0.352112676056338,"GO:0030166","GO:BP","proteoglycan biosynthetic process",20972,6258,"GO:0006029;GO:0009101"
"query_1",TRUE,0.00603787326696442,71,3877,25,0.00644828475625484,0.352112676056338,"GO:0060411","GO:BP","cardiac septum morphogenesis",20972,13617,"GO:0003206;GO:0003279;GO:0009653"
"query_1",TRUE,0.00611453740887773,45,3877,18,0.00464276502450348,0.4,"GO:0034205","GO:BP","amyloid-beta formation",20972,7940,"GO:0042987;GO:0050435"
"query_1",TRUE,0.00611453740887773,45,3877,18,0.00464276502450348,0.4,"GO:0003176","GO:BP","aortic valve development",20972,1549,"GO:1905314"
"query_1",TRUE,0.00611453740887773,45,3877,18,0.00464276502450348,0.4,"GO:0014888","GO:BP","striated muscle adaptation",20972,4534,"GO:0043500"
"query_1",TRUE,0.00612721486758353,115,3877,36,0.00928553004900696,0.31304347826087,"GO:0000077","GO:BP","DNA damage checkpoint signaling",20972,27,"GO:0031570;GO:0042770"
"query_1",TRUE,0.00619495256213062,38,3877,16,0.0041269022440031,0.421052631578947,"GO:0090049","GO:BP","regulation of cell migration involved in sprouting angiogenesis",20972,16785,"GO:0002042;GO:0043535"
"query_1",TRUE,0.00621195802331935,56,3877,21,0.00541655919525406,0.375,"GO:0001738","GO:BP","morphogenesis of a polarized epithelium",20972,401,"GO:0002009"
"query_1",TRUE,0.0062940605088942,196,3877,55,0.0141862264637606,0.280612244897959,"GO:0044703","GO:BP","multi-organism reproductive process",20972,10371,"GO:0022414"
"query_1",TRUE,0.0062940605088942,196,3877,55,0.0141862264637606,0.280612244897959,"GO:0009746","GO:BP","response to hexose",20972,3483,"GO:0034284"
"query_1",TRUE,0.00630498361591609,276,3877,73,0.0188289914882641,0.264492753623188,"GO:1903039","GO:BP","positive regulation of leukocyte cell-cell adhesion",20972,21142,"GO:0007159;GO:0022409;GO:1903037"
"query_1",TRUE,0.0063113831929725,107,3877,34,0.00876966726850658,0.317757009345794,"GO:0060840","GO:BP","artery development",20972,13942,"GO:0001568"
"query_1",TRUE,0.00631319441770202,136,3877,41,0.0105751870002579,0.301470588235294,"GO:0072175","GO:BP","epithelial tube formation",20972,16046,"GO:0035148;GO:0060562"
"query_1",TRUE,0.00631319441770202,79,3877,27,0.00696414753675522,0.341772151898734,"GO:0003151","GO:BP","outflow tract morphogenesis",20972,1527,"GO:0003007;GO:0009653"
"query_1",TRUE,0.00640125183979086,83,3877,28,0.00722207892700542,0.337349397590361,"GO:0071347","GO:BP","cellular response to interleukin-1",20972,15463,"GO:0070555;GO:0071345"
"query_1",TRUE,0.00640771168836865,28,3877,13,0.00335310807325251,0.464285714285714,"GO:2001259","GO:BP","positive regulation of cation channel activity",20972,24495,"GO:0032414;GO:1904064"
"query_1",TRUE,0.00640771168836865,28,3877,13,0.00335310807325251,0.464285714285714,"GO:0060384","GO:BP","innervation",20972,13598,"GO:0021675;GO:0032501"
"query_1",TRUE,0.00640771168836865,28,3877,13,0.00335310807325251,0.464285714285714,"GO:0072010","GO:BP","glomerular epithelium development",20972,15897,"GO:0032835;GO:0072009"
"query_1",TRUE,0.00640771168836865,28,3877,13,0.00335310807325251,0.464285714285714,"GO:0003272","GO:BP","endocardial cushion formation",20972,1631,"GO:0003203;GO:0048646"
"query_1",TRUE,0.00640771168836865,28,3877,13,0.00335310807325251,0.464285714285714,"GO:0099625","GO:BP","ventricular cardiac muscle cell membrane repolarization",20972,17924,"GO:0099622"
"query_1",TRUE,0.00660016653688391,272,3877,72,0.0185710600980139,0.264705882352941,"GO:0071695","GO:BP","anatomical structure maturation",20972,15722,"GO:0021700;GO:0048856"
"query_1",TRUE,0.00660016653688391,149,3877,44,0.0113489811710085,0.295302013422819,"GO:0090101","GO:BP","negative regulation of transmembrane receptor protein serine/threonine kinase signaling pathway",20972,16826,"GO:0007178;GO:0009968;GO:0090092"
"query_1",TRUE,0.00660016653688391,263,3877,70,0.0180551973175135,0.26615969581749,"GO:0003007","GO:BP","heart morphogenesis",20972,1409,"GO:0007507;GO:0009887"
"query_1",TRUE,0.00660658835839819,1111,3877,247,0.0637090533917978,0.222322232223222,"GO:0002684","GO:BP","positive regulation of immune system process",20972,1156,"GO:0002376;GO:0002682;GO:0048518"
"query_1",TRUE,0.0067372154529369,201,3877,56,0.0144441578540108,0.278606965174129,"GO:0007623","GO:BP","circadian rhythm",20972,2940,"GO:0048511"
"query_1",TRUE,0.0067372154529369,201,3877,56,0.0144441578540108,0.278606965174129,"GO:0050920","GO:BP","regulation of chemotaxis",20972,12499,"GO:0006935;GO:0032101;GO:0040012"
"query_1",TRUE,0.00675713676702298,49,3877,19,0.00490069641475368,0.387755102040816,"GO:0090278","GO:BP","negative regulation of peptide hormone secretion",20972,16962,"GO:0002792;GO:0030072;GO:0046888;GO:0090276"
"query_1",TRUE,0.00682543443079717,188,3877,53,0.0136703636832603,0.281914893617021,"GO:0045580","GO:BP","regulation of T cell differentiation",20972,10662,"GO:0030217;GO:0045619;GO:0050863"
"query_1",TRUE,0.00683096087950514,13,3877,8,0.00206345112200155,0.615384615384615,"GO:0098880","GO:BP","maintenance of postsynaptic specialization structure",20972,17686,"GO:0097106;GO:0099558"
"query_1",TRUE,0.00683096087950514,13,3877,8,0.00206345112200155,0.615384615384615,"GO:0098814","GO:BP","spontaneous synaptic transmission",20972,17661,"GO:0007268"
"query_1",TRUE,0.00683096087950514,13,3877,8,0.00206345112200155,0.615384615384615,"GO:0090232","GO:BP","positive regulation of spindle checkpoint",20972,16925,"GO:0031577;GO:0090231;GO:1901978"
"query_1",TRUE,0.00689962858401945,64,3877,23,0.00593242197575445,0.359375,"GO:0010324","GO:BP","membrane invagination",20972,3892,"GO:0061024"
"query_1",TRUE,0.0069775172537284,120,3877,37,0.00954346143925716,0.308333333333333,"GO:0001952","GO:BP","regulation of cell-matrix adhesion",20972,548,"GO:0007160;GO:0010810"
"query_1",TRUE,0.00701256253036779,25,3877,12,0.00309517668300232,0.48,"GO:0008045","GO:BP","motor neuron axon guidance",20972,2962,"GO:0007411"
"query_1",TRUE,0.00701256253036779,25,3877,12,0.00309517668300232,0.48,"GO:0051382","GO:BP","kinetochore assembly",20972,12775,"GO:0051383;GO:0065003;GO:0140694"
"query_1",TRUE,0.00711902809022375,42,3877,17,0.00438483363425329,0.404761904761905,"GO:0043647","GO:BP","inositol phosphate metabolic process",20972,10137,"GO:0006796;GO:0019637;GO:0019751"
"query_1",TRUE,0.00716540221274458,519,3877,125,0.0322414237812742,0.240847784200385,"GO:0031349","GO:BP","positive regulation of defense response",20972,6684,"GO:0006952;GO:0031347;GO:0048584"
"query_1",TRUE,0.00716545202451307,68,3877,24,0.00619035336600464,0.352941176470588,"GO:1904063","GO:BP","negative regulation of cation transmembrane transport",20972,21846,"GO:0034766;GO:0098655;GO:1904062"
"query_1",TRUE,0.00726035629707188,137,3877,41,0.0105751870002579,0.299270072992701,"GO:0007368","GO:BP","determination of left/right symmetry",20972,2734,"GO:0009855;GO:0060972"
"query_1",TRUE,0.00726624163554254,112,3877,35,0.00902759865875677,0.3125,"GO:0045445","GO:BP","myoblast differentiation",20972,10609,"GO:0030154;GO:0061061"
"query_1",TRUE,0.00732359396247025,314,3877,81,0.0208924426102657,0.25796178343949,"GO:0019216","GO:BP","regulation of lipid metabolic process",20972,5271,"GO:0006629;GO:0080090"
"query_1",TRUE,0.00732359396247025,53,3877,20,0.00515862780500387,0.377358490566038,"GO:0044331","GO:BP","cell-cell adhesion mediated by cadherin",20972,10255,"GO:0098609"
"query_1",TRUE,0.00732359396247025,53,3877,20,0.00515862780500387,0.377358490566038,"GO:0014009","GO:BP","glial cell proliferation",20972,4367,"GO:0008283;GO:0042063"
"query_1",TRUE,0.00736325225904515,72,3877,25,0.00644828475625484,0.347222222222222,"GO:0050766","GO:BP","positive regulation of phagocytosis",20972,12381,"GO:0006909;GO:0045807;GO:0050764"
"query_1",TRUE,0.00742455994867515,8,3877,6,0.00154758834150116,0.75,"GO:0098903","GO:BP","regulation of membrane repolarization during action potential",20972,17696,"GO:0060306;GO:0086011;GO:0098900"
"query_1",TRUE,0.00742455994867515,8,3877,6,0.00154758834150116,0.75,"GO:0021830","GO:BP","interneuron migration from the subpallium to the cortex",20972,5991,"GO:0021843"
"query_1",TRUE,0.00742455994867515,8,3877,6,0.00154758834150116,0.75,"GO:0021826","GO:BP","substrate-independent telencephalic tangential migration",20972,5987,"GO:0022029"
"query_1",TRUE,0.00742455994867515,8,3877,6,0.00154758834150116,0.75,"GO:0021843","GO:BP","substrate-independent telencephalic tangential interneuron migration",20972,5997,"GO:0021826"
"query_1",TRUE,0.00750541507784144,76,3877,26,0.00670621614650503,0.342105263157895,"GO:0046209","GO:BP","nitric oxide metabolic process",20972,11186,"GO:2001057"
"query_1",TRUE,0.00758045700195428,16,3877,9,0.00232138251225174,0.5625,"GO:0007158","GO:BP","neuron cell-cell adhesion",20972,2588,"GO:0098609"
"query_1",TRUE,0.00758045700195428,16,3877,9,0.00232138251225174,0.5625,"GO:0010454","GO:BP","negative regulation of cell fate commitment",20972,3966,"GO:0010453;GO:0045165;GO:0045596"
"query_1",TRUE,0.00758045700195428,16,3877,9,0.00232138251225174,0.5625,"GO:0045198","GO:BP","establishment of epithelial cell apical/basal polarity",20972,10561,"GO:0030859;GO:0035089;GO:0045197;GO:0090162"
"query_1",TRUE,0.00758045700195428,16,3877,9,0.00232138251225174,0.5625,"GO:0099550","GO:BP","trans-synaptic signaling, modulating synaptic transmission",20972,17882,"GO:0050804;GO:0099537"
"query_1",TRUE,0.00765927052454419,129,3877,39,0.0100593242197575,0.302325581395349,"GO:0014902","GO:BP","myotube differentiation",20972,4546,"GO:0051146"
"query_1",TRUE,0.00765951227383841,92,3877,30,0.0077379417075058,0.326086956521739,"GO:0051899","GO:BP","membrane depolarization",20972,13051,"GO:0042391"
"query_1",TRUE,0.00765951227383841,92,3877,30,0.0077379417075058,0.326086956521739,"GO:0050730","GO:BP","regulation of peptidyl-tyrosine phosphorylation",20972,12370,"GO:0001932;GO:0018108"
"query_1",TRUE,0.00772093198097867,19,3877,10,0.00257931390250193,0.526315789473684,"GO:0021692","GO:BP","cerebellar Purkinje cell layer morphogenesis",20972,5867,"GO:0009653;GO:0021680;GO:0021696"
"query_1",TRUE,0.00778804656429376,57,3877,21,0.00541655919525406,0.368421052631579,"GO:0099024","GO:BP","plasma membrane invagination",20972,17771,"GO:0010324"
"query_1",TRUE,0.00792970680253264,46,3877,18,0.00464276502450348,0.391304347826087,"GO:0007099","GO:BP","centriole replication",20972,2548,"GO:0022402;GO:0051298;GO:0098534"
"query_1",TRUE,0.00792970680253264,46,3877,18,0.00464276502450348,0.391304347826087,"GO:2000573","GO:BP","positive regulation of DNA biosynthetic process",20972,23987,"GO:0010557;GO:0051054;GO:0071897;GO:2000278"
"query_1",TRUE,0.0079331010063012,238,3877,64,0.0165076089760124,0.26890756302521,"GO:0006909","GO:BP","phagocytosis",20972,2428,"GO:0006897"
"query_1",TRUE,0.0079331010063012,645,3877,151,0.0389476399277792,0.234108527131783,"GO:0032103","GO:BP","positive regulation of response to external stimulus",20972,6889,"GO:0009605;GO:0032101;GO:0048584"
"query_1",TRUE,0.0079331010063012,159,3877,46,0.0118648439515089,0.289308176100629,"GO:0071453","GO:BP","cellular response to oxygen levels",20972,15549,"GO:0070482;GO:0070887"
"query_1",TRUE,0.00794611843596166,315,3877,81,0.0208924426102657,0.257142857142857,"GO:0060326","GO:BP","cell chemotaxis",20972,13548,"GO:0006935;GO:0016477;GO:0070887"
"query_1",TRUE,0.00797877135450929,375,3877,94,0.0242455506835182,0.250666666666667,"GO:1903037","GO:BP","regulation of leukocyte cell-cell adhesion",20972,21140,"GO:0007159;GO:0022407"
"query_1",TRUE,0.00804440787309891,32,3877,14,0.00361103946350271,0.4375,"GO:0060421","GO:BP","positive regulation of heart growth",20972,13625,"GO:0046622;GO:0060419;GO:0060420"
"query_1",TRUE,0.00804471185683066,121,3877,37,0.00954346143925716,0.305785123966942,"GO:0043534","GO:BP","blood vessel endothelial cell migration",20972,10075,"GO:0043542"
"query_1",TRUE,0.00810761589565228,329,3877,84,0.0216662367810163,0.25531914893617,"GO:1902105","GO:BP","regulation of leukocyte differentiation",20972,20532,"GO:0002521;GO:1903706"
"query_1",TRUE,0.00816313319832859,194,3877,54,0.0139282950735104,0.278350515463918,"GO:0007254","GO:BP","JNK cascade",20972,2651,"GO:0000165"
"query_1",TRUE,0.00816313319832859,61,3877,22,0.00567449058550426,0.360655737704918,"GO:0061178","GO:BP","regulation of insulin secretion involved in cellular response to glucose stimulus",20972,14215,"GO:0035773;GO:0050796;GO:0060341"
"query_1",TRUE,0.00816313319832859,61,3877,22,0.00567449058550426,0.360655737704918,"GO:0032233","GO:BP","positive regulation of actin filament bundle assembly",20972,6936,"GO:0032231;GO:0044089;GO:0051017;GO:0051495;GO:1902905"
"query_1",TRUE,0.00822451266267703,39,3877,16,0.0041269022440031,0.41025641025641,"GO:0014014","GO:BP","negative regulation of gliogenesis",20972,4371,"GO:0014013;GO:0042063;GO:0050768"
"query_1",TRUE,0.00822451266267703,39,3877,16,0.0041269022440031,0.41025641025641,"GO:0003180","GO:BP","aortic valve morphogenesis",20972,1553,"GO:0003176;GO:0003179"
"query_1",TRUE,0.00831876426046077,270,3877,71,0.0183131287077637,0.262962962962963,"GO:0090092","GO:BP","regulation of transmembrane receptor protein serine/threonine kinase signaling pathway",20972,16820,"GO:0007178;GO:0009966"
"query_1",TRUE,0.0085005664007189,65,3877,23,0.00593242197575445,0.353846153846154,"GO:0007080","GO:BP","mitotic metaphase chromosome alignment",20972,2536,"GO:0000070;GO:0051310;GO:1903047"
"query_1",TRUE,0.0085005664007189,65,3877,23,0.00593242197575445,0.353846153846154,"GO:0031113","GO:BP","regulation of microtubule polymerization",20972,6590,"GO:0031110;GO:0032271;GO:0046785;GO:1902903"
"query_1",TRUE,0.00863363402206119,221,3877,60,0.0154758834150116,0.271493212669683,"GO:0045926","GO:BP","negative regulation of growth",20972,10943,"GO:0040007;GO:0040008;GO:0048519"
"query_1",TRUE,0.00863363402206119,1694,3877,362,0.09337116327057,0.213695395513577,"GO:0044281","GO:BP","small molecule metabolic process",20972,10246,"GO:0008152"
"query_1",TRUE,0.00863546332477913,376,3877,94,0.0242455506835182,0.25,"GO:2001233","GO:BP","regulation of apoptotic signaling pathway",20972,24474,"GO:0009966;GO:0042981;GO:0097190"
"query_1",TRUE,0.00879102355776923,257,3877,68,0.0175393345370132,0.264591439688716,"GO:0098739","GO:BP","import across plasma membrane",20972,17627,"GO:0055085;GO:0098657"
"query_1",TRUE,0.0089084436143091,101,3877,32,0.00825380448800619,0.316831683168317,"GO:0001841","GO:BP","neural tube formation",20972,485,"GO:0001838;GO:0021915"
"query_1",TRUE,0.0089391403042287,186,3877,52,0.0134124322930101,0.279569892473118,"GO:0008154","GO:BP","actin polymerization or depolymerization",20972,2987,"GO:0007015"
"query_1",TRUE,0.00907927373621136,77,3877,26,0.00670621614650503,0.337662337662338,"GO:0051279","GO:BP","regulation of release of sequestered calcium ion into cytosol",20972,12717,"GO:0051209;GO:1903169"
"query_1",TRUE,0.00907927373621136,77,3877,26,0.00670621614650503,0.337662337662338,"GO:2001057","GO:BP","reactive nitrogen species metabolic process",20972,24360,"GO:0008152"
"query_1",TRUE,0.00907927373621136,77,3877,26,0.00670621614650503,0.337662337662338,"GO:0043502","GO:BP","regulation of muscle adaptation",20972,10060,"GO:0043500;GO:0048583;GO:0090257"
"query_1",TRUE,0.0090982168418201,93,3877,30,0.0077379417075058,0.32258064516129,"GO:0014033","GO:BP","neural crest cell differentiation",20972,4387,"GO:0048762;GO:0048863"
"query_1",TRUE,0.00910568117726859,29,3877,13,0.00335310807325251,0.448275862068966,"GO:0031579","GO:BP","membrane raft organization",20972,6766,"GO:0061024"
"query_1",TRUE,0.00910568117726859,29,3877,13,0.00335310807325251,0.448275862068966,"GO:1902473","GO:BP","regulation of protein localization to synapse",20972,20777,"GO:0032880;GO:0035418"
"query_1",TRUE,0.00931269407257148,43,3877,17,0.00438483363425329,0.395348837209302,"GO:1903170","GO:BP","negative regulation of calcium ion transmembrane transport",20972,21219,"GO:0051926;GO:0070588;GO:1903169;GO:1904063"
"query_1",TRUE,0.00931269407257148,43,3877,17,0.00438483363425329,0.395348837209302,"GO:0040001","GO:BP","establishment of mitotic spindle localization",20972,9256,"GO:0051293;GO:1902850"
"query_1",TRUE,0.00931269407257148,43,3877,17,0.00438483363425329,0.395348837209302,"GO:0042220","GO:BP","response to cocaine",20972,9399,"GO:0043279;GO:1901700"
"query_1",TRUE,0.00959853838282225,36,3877,15,0.0038689708537529,0.416666666666667,"GO:0140058","GO:BP","neuron projection arborization",20972,18386,"GO:0048812"
"query_1",TRUE,0.00959853838282225,36,3877,15,0.0038689708537529,0.416666666666667,"GO:0001569","GO:BP","branching involved in blood vessel morphogenesis",20972,342,"GO:0001525;GO:0048754"
"query_1",TRUE,0.00959853838282225,36,3877,15,0.0038689708537529,0.416666666666667,"GO:0031114","GO:BP","regulation of microtubule depolymerization",20972,6591,"GO:0007019;GO:0031110;GO:1901879;GO:1902903"
"query_1",TRUE,0.00974349725260969,58,3877,21,0.00541655919525406,0.362068965517241,"GO:0050435","GO:BP","amyloid-beta metabolic process",20972,12335,"GO:0008152"
"query_1",TRUE,0.00974349725260969,178,3877,50,0.0128965695125097,0.280898876404494,"GO:0048771","GO:BP","tissue remodeling",20972,12170,"GO:0032501"
"query_1",TRUE,0.00974349725260969,58,3877,21,0.00541655919525406,0.362068965517241,"GO:0060420","GO:BP","regulation of heart growth",20972,13624,"GO:0046620;GO:0060419;GO:2000026"
"query_1",TRUE,0.00974349725260969,58,3877,21,0.00541655919525406,0.362068965517241,"GO:0071868","GO:BP","cellular response to monoamine stimulus",20972,15805,"GO:0071867;GO:1901699"
"query_1",TRUE,0.00974349725260969,58,3877,21,0.00541655919525406,0.362068965517241,"GO:0071870","GO:BP","cellular response to catecholamine stimulus",20972,15807,"GO:0071868;GO:0071869;GO:1901701"
"query_1",TRUE,0.00974349725260969,58,3877,21,0.00541655919525406,0.362068965517241,"GO:0072698","GO:BP","protein localization to microtubule cytoskeleton",20972,16329,"GO:0044380"
"query_1",TRUE,0.00974349725260969,58,3877,21,0.00541655919525406,0.362068965517241,"GO:0014743","GO:BP","regulation of muscle hypertrophy",20972,4461,"GO:0014896;GO:0090257"
"query_1",TRUE,0.00976690067336113,6,3877,5,0.00128965695125097,0.833333333333333,"GO:0110011","GO:BP","regulation of basement membrane organization",20972,18081,"GO:0071711;GO:1903053"
"query_1",TRUE,0.00976690067336113,6,3877,5,0.00128965695125097,0.833333333333333,"GO:0061643","GO:BP","chemorepulsion of axon",20972,14508,"GO:0007411;GO:0050919;GO:0070887"
"query_1",TRUE,0.00976690067336113,6,3877,5,0.00128965695125097,0.833333333333333,"GO:1903416","GO:BP","response to glycoside",20972,21385,"GO:1901700"
"query_1",TRUE,0.00976690067336113,6,3877,5,0.00128965695125097,0.833333333333333,"GO:0055059","GO:BP","asymmetric neuroblast division",20972,13248,"GO:0008356;GO:0045165;GO:0055057"
"query_1",TRUE,0.00976690067336113,6,3877,5,0.00128965695125097,0.833333333333333,"GO:0042297","GO:BP","vocal learning",20972,9426,"GO:0031223;GO:0098596;GO:0098598"
"query_1",TRUE,0.00976690067336113,6,3877,5,0.00128965695125097,0.833333333333333,"GO:0098596","GO:BP","imitative learning",20972,17567,"GO:0098597"
"query_1",TRUE,0.00976690067336113,6,3877,5,0.00128965695125097,0.833333333333333,"GO:0010032","GO:BP","meiotic chromosome condensation",20972,3681,"GO:0030261;GO:0070192"
"query_1",TRUE,0.00989443748105942,313,3877,80,0.0206345112200155,0.255591054313099,"GO:0016053","GO:BP","organic acid biosynthetic process",20972,4843,"GO:0006082;GO:0044283"
"query_1",TRUE,0.01000973468559,572,3877,135,0.0348207376837761,0.236013986013986,"GO:0002694","GO:BP","regulation of leukocyte activation",20972,1166,"GO:0002682;GO:0045321;GO:0050865"
"query_1",TRUE,0.0101239100852812,62,3877,22,0.00567449058550426,0.354838709677419,"GO:0045010","GO:BP","actin nucleation",20972,10468,"GO:0007015"
"query_1",TRUE,0.0101364583602646,26,3877,12,0.00309517668300232,0.461538461538462,"GO:0021542","GO:BP","dentate gyrus development",20972,5718,"GO:0021766;GO:0048856"
"query_1",TRUE,0.0101364583602646,26,3877,12,0.00309517668300232,0.461538461538462,"GO:0003181","GO:BP","atrioventricular valve morphogenesis",20972,1554,"GO:0003171;GO:0003179"
"query_1",TRUE,0.0101364583602646,26,3877,12,0.00309517668300232,0.461538461538462,"GO:0021697","GO:BP","cerebellar cortex formation",20972,5872,"GO:0021696;GO:0048646"
"query_1",TRUE,0.010161765742068,47,3877,18,0.00464276502450348,0.382978723404255,"GO:1990573","GO:BP","potassium ion import across plasma membrane",20972,23376,"GO:0071805;GO:0098659"
"query_1",TRUE,0.010161765742068,47,3877,18,0.00464276502450348,0.382978723404255,"GO:1902041","GO:BP","regulation of extrinsic apoptotic signaling pathway via death domain receptors",20972,20484,"GO:0008625;GO:2001236"
"query_1",TRUE,0.0102619253921105,4,3877,4,0.00103172556100077,1,"GO:0021943","GO:BP","formation of radial glial scaffolds",20972,6070,"GO:0000902;GO:0021932"
"query_1",TRUE,0.0102619253921105,4,3877,4,0.00103172556100077,1,"GO:0038189","GO:BP","neuropilin signaling pathway",20972,9132,"GO:0007166"
"query_1",TRUE,0.0102619253921105,4,3877,4,0.00103172556100077,1,"GO:0043111","GO:BP","replication fork arrest",20972,9870,"GO:0045005;GO:2000104"
"query_1",TRUE,0.0102619253921105,4,3877,4,0.00103172556100077,1,"GO:0007057","GO:BP","spindle assembly involved in female meiosis I",20972,2523,"GO:0007056;GO:0007144"
"query_1",TRUE,0.0102619253921105,4,3877,4,0.00103172556100077,1,"GO:0031914","GO:BP","negative regulation of synaptic plasticity",20972,6815,"GO:0048167"
"query_1",TRUE,0.0102619253921105,4,3877,4,0.00103172556100077,1,"GO:0071205","GO:BP","protein localization to juxtaparanode region of axon",20972,15337,"GO:0099612"
"query_1",TRUE,0.0102619253921105,4,3877,4,0.00103172556100077,1,"GO:0003220","GO:BP","left ventricular cardiac muscle tissue morphogenesis",20972,1591,"GO:0003214;GO:0055010"
"query_1",TRUE,0.0102619253921105,4,3877,4,0.00103172556100077,1,"GO:0072719","GO:BP","cellular response to cisplatin",20972,16350,"GO:0070887;GO:0072718"
"query_1",TRUE,0.0102619253921105,4,3877,4,0.00103172556100077,1,"GO:0110061","GO:BP","regulation of angiotensin-activated signaling pathway",20972,18122,"GO:0008277;GO:0038166"
"query_1",TRUE,0.0102619253921105,4,3877,4,0.00103172556100077,1,"GO:0045163","GO:BP","clustering of voltage-gated potassium channels",20972,10545,"GO:0045161"
"query_1",TRUE,0.0102703435222401,205,3877,56,0.0144441578540108,0.273170731707317,"GO:0001763","GO:BP","morphogenesis of a branching structure",20972,416,"GO:0009653;GO:0032501"
"query_1",TRUE,0.0103200373281907,144,3877,42,0.0108331183905081,0.291666666666667,"GO:0060972","GO:BP","left/right pattern formation",20972,14047,"GO:0003002"
"query_1",TRUE,0.0103264971431476,66,3877,23,0.00593242197575445,0.348484848484849,"GO:0021885","GO:BP","forebrain cell migration",20972,6025,"GO:0016477;GO:0030900"
"query_1",TRUE,0.010443364333868,170,3877,48,0.0123807067320093,0.282352941176471,"GO:0030308","GO:BP","negative regulation of cell growth",20972,6323,"GO:0001558;GO:0016049;GO:0045926;GO:0048523"
"query_1",TRUE,0.010443364333868,170,3877,48,0.0123807067320093,0.282352941176471,"GO:0055088","GO:BP","lipid homeostasis",20972,13263,"GO:0048878"
"query_1",TRUE,0.0104847271906679,11,3877,7,0.00180551973175135,0.636363636363636,"GO:0021610","GO:BP","facial nerve morphogenesis",20972,5785,"GO:0021561;GO:0021602"
"query_1",TRUE,0.0104847271906679,11,3877,7,0.00180551973175135,0.636363636363636,"GO:0021561","GO:BP","facial nerve development",20972,5737,"GO:0021545;GO:0021783"
"query_1",TRUE,0.0104847271906679,11,3877,7,0.00180551973175135,0.636363636363636,"GO:0034975","GO:BP","protein folding in endoplasmic reticulum",20972,8169,"GO:0006457"
"query_1",TRUE,0.0104847271906679,11,3877,7,0.00180551973175135,0.636363636363636,"GO:0060707","GO:BP","trophoblast giant cell differentiation",20972,13844,"GO:0060706"
"query_1",TRUE,0.0104847271906679,11,3877,7,0.00180551973175135,0.636363636363636,"GO:0051256","GO:BP","mitotic spindle midzone assembly",20972,12705,"GO:0000022;GO:0051255;GO:0090307;GO:1903047"
"query_1",TRUE,0.0104847271906679,11,3877,7,0.00180551973175135,0.636363636363636,"GO:0007614","GO:BP","short-term memory",20972,2931,"GO:0007613"
"query_1",TRUE,0.0105064824643097,70,3877,24,0.00619035336600464,0.342857142857143,"GO:0014855","GO:BP","striated muscle cell proliferation",20972,4511,"GO:0033002"
"query_1",TRUE,0.0105599577484564,94,3877,30,0.0077379417075058,0.319148936170213,"GO:0051928","GO:BP","positive regulation of calcium ion transport",20972,13067,"GO:0006816;GO:0043270;GO:0051924"
"query_1",TRUE,0.0106967274738036,811,3877,184,0.0474593758060356,0.226880394574599,"GO:0046649","GO:BP","lymphocyte activation",20972,11448,"GO:0045321"
"query_1",TRUE,0.0107345185301239,40,3877,16,0.0041269022440031,0.4,"GO:0060412","GO:BP","ventricular septum morphogenesis",20972,13618,"GO:0003281;GO:0060411"
"query_1",TRUE,0.0107345185301239,179,3877,50,0.0128965695125097,0.279329608938547,"GO:0038127","GO:BP","ERBB signaling pathway",20972,9089,"GO:0007169"
"query_1",TRUE,0.0107345185301239,86,3877,28,0.00722207892700542,0.325581395348837,"GO:0003407","GO:BP","neural retina development",20972,1739,"GO:0048856;GO:0060041"
"query_1",TRUE,0.0107903489341247,51,3877,19,0.00490069641475368,0.372549019607843,"GO:0032147","GO:BP","activation of protein kinase activity",20972,6900,"GO:0045860"
"query_1",TRUE,0.0107903489341247,51,3877,19,0.00490069641475368,0.372549019607843,"GO:0010469","GO:BP","regulation of signaling receptor activity",20972,3978,"GO:0009966;GO:0065009"
"query_1",TRUE,0.0107908952828024,305,3877,78,0.0201186484395151,0.255737704918033,"GO:0048562","GO:BP","embryonic organ morphogenesis",20972,11986,"GO:0009887;GO:0048568;GO:0048598"
"query_1",TRUE,0.0108133364694193,33,3877,14,0.00361103946350271,0.424242424242424,"GO:0060317","GO:BP","cardiac epithelial to mesenchymal transition",20972,13539,"GO:0001837;GO:0003007"
"query_1",TRUE,0.0108133364694193,33,3877,14,0.00361103946350271,0.424242424242424,"GO:0007164","GO:BP","establishment of tissue polarity",20972,2594,"GO:0009653"
"query_1",TRUE,0.0108133364694193,119,3877,36,0.00928553004900696,0.302521008403361,"GO:0045582","GO:BP","positive regulation of T cell differentiation",20972,10664,"GO:0030217;GO:0045580;GO:0045621;GO:0050870"
"query_1",TRUE,0.0108133364694193,33,3877,14,0.00361103946350271,0.424242424242424,"GO:0010644","GO:BP","cell communication by electrical coupling",20972,4103,"GO:0007154"
"query_1",TRUE,0.0108133364694193,33,3877,14,0.00361103946350271,0.424242424242424,"GO:0001736","GO:BP","establishment of planar polarity",20972,399,"GO:0001738;GO:0007164"
"query_1",TRUE,0.0108133364694193,33,3877,14,0.00361103946350271,0.424242424242424,"GO:0014911","GO:BP","positive regulation of smooth muscle cell migration",20972,4553,"GO:0014909;GO:0014910;GO:0030335"
"query_1",TRUE,0.0109515698878752,23,3877,11,0.00283724529275213,0.478260869565217,"GO:0051988","GO:BP","regulation of attachment of spindle microtubules to kinetochore",20972,13108,"GO:0008608;GO:0010564"
"query_1",TRUE,0.0109515698878752,23,3877,11,0.00283724529275213,0.478260869565217,"GO:0061162","GO:BP","establishment of monopolar cell polarity",20972,14207,"GO:0030010;GO:0061339"
"query_1",TRUE,0.0110724948290127,287,3877,74,0.0190869228785143,0.257839721254355,"GO:0007162","GO:BP","negative regulation of cell adhesion",20972,2592,"GO:0007155;GO:0030155;GO:0048523"
"query_1",TRUE,0.0111374014040791,310,3877,79,0.0203765798297653,0.254838709677419,"GO:0046394","GO:BP","carboxylic acid biosynthetic process",20972,11314,"GO:0016053;GO:0019752"
"query_1",TRUE,0.0112521491517224,162,3877,46,0.0118648439515089,0.283950617283951,"GO:0006937","GO:BP","regulation of muscle contraction",20972,2445,"GO:0006936;GO:0090257"
"query_1",TRUE,0.011351601588144,132,3877,39,0.0100593242197575,0.295454545454545,"GO:0031623","GO:BP","receptor internalization",20972,6777,"GO:0006898"
"query_1",TRUE,0.011351601588144,55,3877,20,0.00515862780500387,0.363636363636364,"GO:2000351","GO:BP","regulation of endothelial cell apoptotic process",20972,23796,"GO:0042981;GO:0072577"
"query_1",TRUE,0.011351601588144,55,3877,20,0.00515862780500387,0.363636363636364,"GO:0001954","GO:BP","positive regulation of cell-matrix adhesion",20972,550,"GO:0001952;GO:0007160;GO:0010811"
"query_1",TRUE,0.011351601588144,55,3877,20,0.00515862780500387,0.363636363636364,"GO:0010611","GO:BP","regulation of cardiac muscle hypertrophy",20972,4072,"GO:0003300;GO:0014743;GO:0043502"
"query_1",TRUE,0.011351601588144,55,3877,20,0.00515862780500387,0.363636363636364,"GO:0045428","GO:BP","regulation of nitric oxide biosynthetic process",20972,10603,"GO:0006809;GO:0009889;GO:0080164"
"query_1",TRUE,0.011653647696464,171,3877,48,0.0123807067320093,0.280701754385965,"GO:0003205","GO:BP","cardiac chamber development",20972,1576,"GO:0007507;GO:0048856"
"query_1",TRUE,0.0116665533117539,413,3877,101,0.0260510704152695,0.24455205811138,"GO:0007159","GO:BP","leukocyte cell-cell adhesion",20972,2589,"GO:0098609"
"query_1",TRUE,0.0116804666220675,107,3877,33,0.00851173587825638,0.308411214953271,"GO:0030510","GO:BP","regulation of BMP signaling pathway",20972,6382,"GO:0030509;GO:0090092;GO:0090287"
"query_1",TRUE,0.0118314049967073,44,3877,17,0.00438483363425329,0.386363636363636,"GO:0046622","GO:BP","positive regulation of organ growth",20972,11424,"GO:0035265;GO:0046620;GO:0048639;GO:0051240"
"query_1",TRUE,0.0118314049967073,451,3877,109,0.0281145215372711,0.241685144124169,"GO:0010876","GO:BP","lipid localization",20972,4255,"GO:0033036"
"query_1",TRUE,0.0118314049967073,14,3877,8,0.00206345112200155,0.571428571428571,"GO:1905155","GO:BP","positive regulation of membrane invagination",20972,22645,"GO:0010324;GO:0051130;GO:1905153"
"query_1",TRUE,0.0118314049967073,14,3877,8,0.00206345112200155,0.571428571428571,"GO:0070493","GO:BP","thrombin-activated receptor signaling pathway",20972,15038,"GO:0007186"
"query_1",TRUE,0.0118314049967073,59,3877,21,0.00541655919525406,0.355932203389831,"GO:0030514","GO:BP","negative regulation of BMP signaling pathway",20972,6386,"GO:0030509;GO:0030510;GO:0090101;GO:0090288"
"query_1",TRUE,0.0118314049967073,14,3877,8,0.00206345112200155,0.571428571428571,"GO:0061430","GO:BP","bone trabecula morphogenesis",20972,14382,"GO:0061383"
"query_1",TRUE,0.0118314049967073,14,3877,8,0.00206345112200155,0.571428571428571,"GO:1901201","GO:BP","regulation of extracellular matrix assembly",20972,19921,"GO:0044087;GO:0085029;GO:1903053"
"query_1",TRUE,0.0118314049967073,14,3877,8,0.00206345112200155,0.571428571428571,"GO:0051231","GO:BP","spindle elongation",20972,12685,"GO:0007017;GO:0007051;GO:0022402;GO:0098813"
"query_1",TRUE,0.0118314049967073,44,3877,17,0.00438483363425329,0.386363636363636,"GO:0099054","GO:BP","presynapse assembly",20972,17783,"GO:0007416;GO:0022607;GO:0099172"
"query_1",TRUE,0.0118314049967073,14,3877,8,0.00206345112200155,0.571428571428571,"GO:0098877","GO:BP","neurotransmitter receptor transport to plasma membrane",20972,17685,"GO:0072657;GO:0090150;GO:0098876;GO:0099637;GO:1990778"
"query_1",TRUE,0.0118314049967073,14,3877,8,0.00206345112200155,0.571428571428571,"GO:0060100","GO:BP","positive regulation of phagocytosis, engulfment",20972,13376,"GO:0006911;GO:0050766;GO:0060099;GO:1905155"
"query_1",TRUE,0.0118961342894581,180,3877,50,0.0128965695125097,0.277777777777778,"GO:0019827","GO:BP","stem cell population maintenance",20972,5640,"GO:0032501;GO:0098727"
"query_1",TRUE,0.0120217645748856,745,3877,170,0.0438483363425329,0.228187919463087,"GO:0030855","GO:BP","epithelial cell differentiation",20972,6491,"GO:0030154;GO:0060429"
"query_1",TRUE,0.0121010367032591,17,3877,9,0.00232138251225174,0.529411764705882,"GO:0071071","GO:BP","regulation of phospholipid biosynthetic process",20972,15316,"GO:0008654;GO:0046890;GO:1903725"
"query_1",TRUE,0.0121010367032591,17,3877,9,0.00232138251225174,0.529411764705882,"GO:1902969","GO:BP","mitotic DNA replication",20972,21090,"GO:0033260;GO:1903047"
"query_1",TRUE,0.0121010367032591,17,3877,9,0.00232138251225174,0.529411764705882,"GO:1903140","GO:BP","regulation of establishment of endothelial barrier",20972,21211,"GO:0061028;GO:1901550"
"query_1",TRUE,0.0121010367032591,17,3877,9,0.00232138251225174,0.529411764705882,"GO:0015816","GO:BP","glycine transport",20972,4689,"GO:0015695;GO:0015804;GO:0046942;GO:0071705"
"query_1",TRUE,0.0121010367032591,17,3877,9,0.00232138251225174,0.529411764705882,"GO:1901550","GO:BP","regulation of endothelial cell development",20972,20152,"GO:0001885;GO:0045601;GO:0060284"
"query_1",TRUE,0.0121407333448777,63,3877,22,0.00567449058550426,0.349206349206349,"GO:0002011","GO:BP","morphogenesis of an epithelial sheet",20972,598,"GO:0002009"
"query_1",TRUE,0.0123283184401038,198,3877,54,0.0139282950735104,0.272727272727273,"GO:0071356","GO:BP","cellular response to tumor necrosis factor",20972,15472,"GO:0034612;GO:0071345"
"query_1",TRUE,0.0123283184401038,30,3877,13,0.00335310807325251,0.433333333333333,"GO:0007026","GO:BP","negative regulation of microtubule depolymerization",20972,2498,"GO:0007019;GO:0031111;GO:0031114;GO:1901880;GO:1902904"
"query_1",TRUE,0.0123283184401038,30,3877,13,0.00335310807325251,0.433333333333333,"GO:0097107","GO:BP","postsynaptic density assembly",20972,17282,"GO:0097106;GO:0098698;GO:1904861"
"query_1",TRUE,0.0123283184401038,30,3877,13,0.00335310807325251,0.433333333333333,"GO:1902042","GO:BP","negative regulation of extrinsic apoptotic signaling pathway via death domain receptors",20972,20485,"GO:0008625;GO:1902041;GO:2001237"
"query_1",TRUE,0.0124083058315525,37,3877,15,0.0038689708537529,0.405405405405405,"GO:0000132","GO:BP","establishment of mitotic spindle orientation",20972,49,"GO:0040001;GO:0051294"
"query_1",TRUE,0.0124083058315525,37,3877,15,0.0038689708537529,0.405405405405405,"GO:0045920","GO:BP","negative regulation of exocytosis",20972,10937,"GO:0006887;GO:0017157;GO:1903531"
"query_1",TRUE,0.0125444993710784,433,3877,105,0.0270827959762703,0.242494226327945,"GO:0006869","GO:BP","lipid transport",20972,2401,"GO:0006810;GO:0010876"
"query_1",TRUE,0.0125772293138058,71,3877,24,0.00619035336600464,0.338028169014085,"GO:0044773","GO:BP","mitotic DNA damage checkpoint signaling",20972,10398,"GO:0000077;GO:0044774"
"query_1",TRUE,0.0126659155148958,48,3877,18,0.00464276502450348,0.375,"GO:0006911","GO:BP","phagocytosis, engulfment",20972,2430,"GO:0006909;GO:0099024"
"query_1",TRUE,0.0126659155148958,48,3877,18,0.00464276502450348,0.375,"GO:0061383","GO:BP","trabecula morphogenesis",20972,14370,"GO:0009653"
"query_1",TRUE,0.0126872303562824,79,3877,26,0.00670621614650503,0.329113924050633,"GO:0060419","GO:BP","heart growth",20972,13623,"GO:0007507;GO:0035265"
"query_1",TRUE,0.0129105489554227,194,3877,53,0.0136703636832603,0.27319587628866,"GO:0071466","GO:BP","cellular response to xenobiotic stimulus",20972,15561,"GO:0009410;GO:0070887"
"query_1",TRUE,0.0131336357482789,159,3877,45,0.0116069125612587,0.283018867924528,"GO:0021915","GO:BP","neural tube development",20972,6048,"GO:0007399;GO:0035295;GO:0043009;GO:0060429"
"query_1",TRUE,0.0131650785522491,248,3877,65,0.0167655403662626,0.262096774193548,"GO:0051222","GO:BP","positive regulation of protein transport",20972,12678,"GO:0015031;GO:0051050;GO:0051223;GO:1903829;GO:1904951"
"query_1",TRUE,0.0134942156282461,52,3877,19,0.00490069641475368,0.365384615384615,"GO:0048146","GO:BP","positive regulation of fibroblast proliferation",20972,11702,"GO:0008284;GO:0048144;GO:0048145"
"query_1",TRUE,0.0134942156282461,52,3877,19,0.00490069641475368,0.365384615384615,"GO:0055021","GO:BP","regulation of cardiac muscle tissue growth",20972,13235,"GO:0055017;GO:0060420"
"query_1",TRUE,0.0137165369139485,345,3877,86,0.0221820995615166,0.249275362318841,"GO:0002237","GO:BP","response to molecule of bacterial origin",20972,748,"GO:0009617;GO:0043207"
"query_1",TRUE,0.0138216691395388,308,3877,78,0.0201186484395151,0.253246753246753,"GO:0032868","GO:BP","response to insulin",20972,7353,"GO:0043434"
"query_1",TRUE,0.0138454887270858,125,3877,37,0.00954346143925716,0.296,"GO:0072089","GO:BP","stem cell proliferation",20972,15968,"GO:0008283"
"query_1",TRUE,0.0138498834994822,104,3877,32,0.00825380448800619,0.307692307692308,"GO:1990830","GO:BP","cellular response to leukemia inhibitory factor",20972,23459,"GO:0071345;GO:1990823"
"query_1",TRUE,0.0138979199961641,41,3877,16,0.0041269022440031,0.390243902439024,"GO:0090329","GO:BP","regulation of DNA-templated DNA replication",20972,17003,"GO:0006261;GO:0006275"
"query_1",TRUE,0.0138979199961641,41,3877,16,0.0041269022440031,0.390243902439024,"GO:0033260","GO:BP","nuclear DNA replication",20972,7575,"GO:0044786"
"query_1",TRUE,0.0138979199961641,41,3877,16,0.0041269022440031,0.390243902439024,"GO:0045740","GO:BP","positive regulation of DNA replication",20972,10811,"GO:0006260;GO:0006275;GO:0051054"
"query_1",TRUE,0.0139155212826903,425,3877,103,0.0265669331957699,0.242352941176471,"GO:1903706","GO:BP","regulation of hemopoiesis",20972,21591,"GO:0002682;GO:0030097;GO:0060284;GO:2000026"
"query_1",TRUE,0.0140806757826617,27,3877,12,0.00309517668300232,0.444444444444444,"GO:0046823","GO:BP","negative regulation of nucleocytoplasmic transport",20972,11540,"GO:0006913;GO:0032387;GO:0046822"
"query_1",TRUE,0.0140806757826617,56,3877,20,0.00515862780500387,0.357142857142857,"GO:0080164","GO:BP","regulation of nitric oxide metabolic process",20972,16655,"GO:0019222;GO:0046209"
"query_1",TRUE,0.0140806757826617,27,3877,12,0.00309517668300232,0.444444444444444,"GO:0010613","GO:BP","positive regulation of cardiac muscle hypertrophy",20972,4074,"GO:0003300;GO:0010611;GO:0014742"
"query_1",TRUE,0.0141870302858619,186,3877,51,0.0131545009027599,0.274193548387097,"GO:0051302","GO:BP","regulation of cell division",20972,12732,"GO:0050794;GO:0051301"
"query_1",TRUE,0.0142668209728717,151,3877,43,0.0110910497807583,0.28476821192053,"GO:0106106","GO:BP","cold-induced thermogenesis",20972,18003,"GO:1990845"
"query_1",TRUE,0.0145259636680623,34,3877,14,0.00361103946350271,0.411764705882353,"GO:0021772","GO:BP","olfactory bulb development",20972,5944,"GO:0021988;GO:0048856"
"query_1",TRUE,0.0145259636680623,60,3877,21,0.00541655919525406,0.35,"GO:0071869","GO:BP","response to catecholamine",20972,15806,"GO:0071867;GO:1901700"
"query_1",TRUE,0.0145259636680623,60,3877,21,0.00541655919525406,0.35,"GO:0071867","GO:BP","response to monoamine",20972,15804,"GO:1901698"
"query_1",TRUE,0.0145259636680623,60,3877,21,0.00541655919525406,0.35,"GO:0072577","GO:BP","endothelial cell apoptotic process",20972,16271,"GO:0006915"
"query_1",TRUE,0.0145259636680623,34,3877,14,0.00361103946350271,0.411764705882353,"GO:0035909","GO:BP","aorta morphogenesis",20972,8725,"GO:0035904;GO:0048844"
"query_1",TRUE,0.0145259636680623,34,3877,14,0.00361103946350271,0.411764705882353,"GO:0010765","GO:BP","positive regulation of sodium ion transport",20972,4185,"GO:0002028;GO:0006814;GO:0043270"
"query_1",TRUE,0.0146623990535378,92,3877,29,0.00748001031725561,0.315217391304348,"GO:0043535","GO:BP","regulation of blood vessel endothelial cell migration",20972,10076,"GO:0010594;GO:0043534"
"query_1",TRUE,0.0146788110790772,134,3877,39,0.0100593242197575,0.291044776119403,"GO:0030879","GO:BP","mammary gland development",20972,6502,"GO:0048732"
"query_1",TRUE,0.0148465002224651,147,3877,42,0.0108331183905081,0.285714285714286,"GO:0008064","GO:BP","regulation of actin polymerization or depolymerization",20972,2973,"GO:0008154;GO:0030832;GO:0110053"
"query_1",TRUE,0.0148623543087942,64,3877,22,0.00567449058550426,0.34375,"GO:0010803","GO:BP","regulation of tumor necrosis factor-mediated signaling pathway",20972,4211,"GO:0001959;GO:0033209"
"query_1",TRUE,0.0149467261763813,445,3877,107,0.0275986587567707,0.240449438202247,"GO:0098771","GO:BP","inorganic ion homeostasis",20972,17646,"GO:0048878"
"query_1",TRUE,0.0150414063373409,45,3877,17,0.00438483363425329,0.377777777777778,"GO:0030835","GO:BP","negative regulation of actin filament depolymerization",20972,6473,"GO:0030042;GO:0030834;GO:0051494;GO:1901880;GO:1902904"
"query_1",TRUE,0.0150414063373409,45,3877,17,0.00438483363425329,0.377777777777778,"GO:0048483","GO:BP","autonomic nervous system development",20972,11928,"GO:0007399;GO:0048731"
"query_1",TRUE,0.0150414063373409,45,3877,17,0.00438483363425329,0.377777777777778,"GO:0031103","GO:BP","axon regeneration",20972,6581,"GO:0031102;GO:0048678;GO:0061564"
"query_1",TRUE,0.0150414063373409,45,3877,17,0.00438483363425329,0.377777777777778,"GO:0050919","GO:BP","negative chemotaxis",20972,12498,"GO:0006935"
"query_1",TRUE,0.0150414063373409,68,3877,23,0.00593242197575445,0.338235294117647,"GO:0046847","GO:BP","filopodium assembly",20972,11559,"GO:0120031"
"query_1",TRUE,0.0151182658087645,80,3877,26,0.00670621614650503,0.325,"GO:0021879","GO:BP","forebrain neuron differentiation",20972,6023,"GO:0021872;GO:0021953"
"query_1",TRUE,0.0151182658087645,80,3877,26,0.00670621614650503,0.325,"GO:0014812","GO:BP","muscle cell migration",20972,4474,"GO:0016477"
"query_1",TRUE,0.0151541212816089,76,3877,25,0.00644828475625484,0.328947368421053,"GO:0050818","GO:BP","regulation of coagulation",20972,12418,"GO:0050817;GO:0051239"
"query_1",TRUE,0.0151541212816089,76,3877,25,0.00644828475625484,0.328947368421053,"GO:0051651","GO:BP","maintenance of location in cell",20972,12940,"GO:0009987;GO:0051235;GO:0051641"
"query_1",TRUE,0.0151581051414383,130,3877,38,0.00980139282950735,0.292307692307692,"GO:0042476","GO:BP","odontogenesis",20972,9555,"GO:0009887"
"query_1",TRUE,0.0152717860201676,227,3877,60,0.0154758834150116,0.26431718061674,"GO:0030595","GO:BP","leukocyte chemotaxis",20972,6417,"GO:0050900;GO:0060326"
"query_1",TRUE,0.0152745901035387,218,3877,58,0.0149600206345112,0.26605504587156,"GO:0045619","GO:BP","regulation of lymphocyte differentiation",20972,10701,"GO:0030098;GO:0051249;GO:1902105"
"query_1",TRUE,0.0154673855572351,863,3877,193,0.0497807583182873,0.223638470451912,"GO:0051247","GO:BP","positive regulation of protein metabolic process",20972,12696,"GO:0010604;GO:0019538;GO:0051246"
"query_1",TRUE,0.0155351119970404,109,3877,33,0.00851173587825638,0.302752293577982,"GO:0003333","GO:BP","amino acid transmembrane transport",20972,1683,"GO:0006865;GO:0055085"
"query_1",TRUE,0.0157423568366576,24,3877,11,0.00283724529275213,0.458333333333333,"GO:0045686","GO:BP","negative regulation of glial cell differentiation",20972,10765,"GO:0010001;GO:0014014;GO:0045685"
"query_1",TRUE,0.0157423568366576,580,3877,135,0.0348207376837761,0.232758620689655,"GO:0044283","GO:BP","small molecule biosynthetic process",20972,10248,"GO:0009058;GO:0044281"
"query_1",TRUE,0.0157423568366576,24,3877,11,0.00283724529275213,0.458333333333333,"GO:0097150","GO:BP","neuronal stem cell population maintenance",20972,17293,"GO:0019827"
"query_1",TRUE,0.0157423568366576,24,3877,11,0.00283724529275213,0.458333333333333,"GO:0099601","GO:BP","regulation of neurotransmitter receptor activity",20972,17911,"GO:0010469"
"query_1",TRUE,0.0157423568366576,24,3877,11,0.00283724529275213,0.458333333333333,"GO:0048015","GO:BP","phosphatidylinositol-mediated signaling",20972,11627,"GO:0035556"
"query_1",TRUE,0.0158227571084853,1804,3877,380,0.0980139282950735,0.210643015521064,"GO:0051254","GO:BP","positive regulation of RNA metabolic process",20972,12703,"GO:0010604;GO:0016070;GO:0051252"
"query_1",TRUE,0.0158227571084853,9,3877,6,0.00154758834150116,0.666666666666667,"GO:0000915","GO:BP","actomyosin contractile ring assembly",20972,238,"GO:0000912;GO:0044837"
"query_1",TRUE,0.0158227571084853,9,3877,6,0.00154758834150116,0.666666666666667,"GO:0099641","GO:BP","anterograde axonal protein transport",20972,17935,"GO:0008089;GO:0099640;GO:1905383"
"query_1",TRUE,0.0158227571084853,427,3877,103,0.0265669331957699,0.241217798594848,"GO:0030098","GO:BP","lymphocyte differentiation",20972,6241,"GO:0046649;GO:1903131"
"query_1",TRUE,0.0158227571084853,9,3877,6,0.00154758834150116,0.666666666666667,"GO:0060385","GO:BP","axonogenesis involved in innervation",20972,13599,"GO:0007409;GO:0060384"
"query_1",TRUE,0.0158227571084853,152,3877,43,0.0110910497807583,0.282894736842105,"GO:1904375","GO:BP","regulation of protein localization to cell periphery",20972,22063,"GO:0032880;GO:1990778"
"query_1",TRUE,0.0158227571084853,9,3877,6,0.00154758834150116,0.666666666666667,"GO:0062043","GO:BP","positive regulation of cardiac epithelial to mesenchymal transition",20972,14697,"GO:0010718;GO:0060317;GO:0062042"
"query_1",TRUE,0.0158227571084853,49,3877,18,0.00464276502450348,0.36734693877551,"GO:1905314","GO:BP","semi-lunar valve development",20972,22757,"GO:0003170"
"query_1",TRUE,0.0158227571084853,9,3877,6,0.00154758834150116,0.666666666666667,"GO:0000912","GO:BP","assembly of actomyosin apparatus involved in cytokinesis",20972,235,"GO:0022607;GO:0032506;GO:0061640"
"query_1",TRUE,0.0158227571084853,9,3877,6,0.00154758834150116,0.666666666666667,"GO:0099640","GO:BP","axo-dendritic protein transport",20972,17934,"GO:0008088;GO:0098840"
"query_1",TRUE,0.0158227571084853,9,3877,6,0.00154758834150116,0.666666666666667,"GO:0045955","GO:BP","negative regulation of calcium ion-dependent exocytosis",20972,10968,"GO:0017156;GO:0017158;GO:1903306"
"query_1",TRUE,0.0158227571084853,205,3877,55,0.0141862264637606,0.268292682926829,"GO:0044706","GO:BP","multi-multicellular organism process",20972,10372,"GO:0032501"
"query_1",TRUE,0.0158227571084853,9,3877,6,0.00154758834150116,0.666666666666667,"GO:0048170","GO:BP","positive regulation of long-term neuronal synaptic plasticity",20972,11719,"GO:0048169;GO:0050769"
"query_1",TRUE,0.0158227571084853,9,3877,6,0.00154758834150116,0.666666666666667,"GO:0036446","GO:BP","myofibroblast differentiation",20972,8982,"GO:0030154"
"query_1",TRUE,0.0158227571084853,9,3877,6,0.00154758834150116,0.666666666666667,"GO:0099542","GO:BP","trans-synaptic signaling by endocannabinoid",20972,17875,"GO:0099541"
"query_1",TRUE,0.0158227571084853,139,3877,40,0.0103172556100077,0.287769784172662,"GO:2000377","GO:BP","regulation of reactive oxygen species metabolic process",20972,23812,"GO:0019222;GO:0072593"
"query_1",TRUE,0.0158227571084853,139,3877,40,0.0103172556100077,0.287769784172662,"GO:0051225","GO:BP","spindle assembly",20972,12681,"GO:0007051;GO:0007059;GO:0140694"
"query_1",TRUE,0.0158227571084853,9,3877,6,0.00154758834150116,0.666666666666667,"GO:0099541","GO:BP","trans-synaptic signaling by lipid",20972,17874,"GO:0099537"
"query_1",TRUE,0.0160958514835229,38,3877,15,0.0038689708537529,0.394736842105263,"GO:1902305","GO:BP","regulation of sodium ion transmembrane transport",20972,20681,"GO:0002028;GO:0035725;GO:1904062"
"query_1",TRUE,0.0160958514835229,38,3877,15,0.0038689708537529,0.394736842105263,"GO:0010659","GO:BP","cardiac muscle cell apoptotic process",20972,4117,"GO:0010658"
"query_1",TRUE,0.0160958514835229,38,3877,15,0.0038689708537529,0.394736842105263,"GO:0051125","GO:BP","regulation of actin nucleation",20972,12624,"GO:0045010;GO:0110053"
"query_1",TRUE,0.0160958514835229,38,3877,15,0.0038689708537529,0.394736842105263,"GO:0006270","GO:BP","DNA replication initiation",20972,1978,"GO:0006259;GO:0006261"
"query_1",TRUE,0.0161621841948,101,3877,31,0.007995873097756,0.306930693069307,"GO:0043271","GO:BP","negative regulation of monoatomic ion transport",20972,9927,"GO:0006811;GO:0043269;GO:0051051"
"query_1",TRUE,0.0162676761323391,183,3877,50,0.0128965695125097,0.273224043715847,"GO:0007189","GO:BP","adenylate cyclase-activating G protein-coupled receptor signaling pathway",20972,2612,"GO:0007188"
"query_1",TRUE,0.016323395509926,161,3877,45,0.0116069125612587,0.279503105590062,"GO:0007173","GO:BP","epidermal growth factor receptor signaling pathway",20972,2602,"GO:0038127"
"query_1",TRUE,0.0164237364616542,135,3877,39,0.0100593242197575,0.288888888888889,"GO:0071456","GO:BP","cellular response to hypoxia",20972,15552,"GO:0001666;GO:0033554;GO:0036294"
"query_1",TRUE,0.0164588531258687,192,3877,52,0.0134124322930101,0.270833333333333,"GO:0000725","GO:BP","recombinational repair",20972,201,"GO:0006281;GO:0006310"
"query_1",TRUE,0.016474681167854,148,3877,42,0.0108331183905081,0.283783783783784,"GO:0001933","GO:BP","negative regulation of protein phosphorylation",20972,534,"GO:0001932;GO:0006468;GO:0031400;GO:0042326"
"query_1",TRUE,0.0165214193780739,118,3877,35,0.00902759865875677,0.296610169491525,"GO:0019882","GO:BP","antigen processing and presentation",20972,5654,"GO:0002376"
"query_1",TRUE,0.0165214193780739,31,3877,13,0.00335310807325251,0.419354838709677,"GO:0099174","GO:BP","regulation of presynapse organization",20972,17837,"GO:0050807;GO:0099172"
"query_1",TRUE,0.0165214193780739,97,3877,30,0.0077379417075058,0.309278350515464,"GO:2001251","GO:BP","negative regulation of chromosome organization",20972,24492,"GO:0010639;GO:0033044;GO:0051276"
"query_1",TRUE,0.0165214193780739,31,3877,13,0.00335310807325251,0.419354838709677,"GO:0090162","GO:BP","establishment of epithelial cell polarity",20972,16870,"GO:0030010"
"query_1",TRUE,0.0165214193780739,228,3877,60,0.0154758834150116,0.263157894736842,"GO:2001234","GO:BP","negative regulation of apoptotic signaling pathway",20972,24475,"GO:0009968;GO:0043066;GO:0097190;GO:2001233"
"query_1",TRUE,0.0165214193780739,31,3877,13,0.00335310807325251,0.419354838709677,"GO:0070498","GO:BP","interleukin-1-mediated signaling pathway",20972,15042,"GO:0019221;GO:0071347"
"query_1",TRUE,0.0165214193780739,31,3877,13,0.00335310807325251,0.419354838709677,"GO:0150146","GO:BP","cell junction disassembly",20972,18905,"GO:0022411;GO:0034330"
"query_1",TRUE,0.0165214193780739,201,3877,54,0.0139282950735104,0.26865671641791,"GO:0120032","GO:BP","regulation of plasma membrane bounded cell projection assembly",20972,18201,"GO:0060491;GO:0120031;GO:0120035"
"query_1",TRUE,0.0167344524597789,428,3877,103,0.0265669331957699,0.240654205607477,"GO:0030003","GO:BP","intracellular monoatomic cation homeostasis",20972,6213,"GO:0006873;GO:0055080"
"query_1",TRUE,0.0168228456376204,93,3877,29,0.00748001031725561,0.311827956989247,"GO:0014020","GO:BP","primary neural tube formation",20972,4377,"GO:0001838;GO:0001841"
"query_1",TRUE,0.016997187945418,131,3877,38,0.00980139282950735,0.290076335877863,"GO:0090174","GO:BP","organelle membrane fusion",20972,16881,"GO:0048284;GO:0061025"
"query_1",TRUE,0.0170354265725887,57,3877,20,0.00515862780500387,0.350877192982456,"GO:0031547","GO:BP","brain-derived neurotrophic factor receptor signaling pathway",20972,6749,"GO:0007169"
"query_1",TRUE,0.0171011336333973,21,3877,10,0.00257931390250193,0.476190476190476,"GO:0007413","GO:BP","axonal fasciculation",20972,2772,"GO:0008038;GO:0061564;GO:0106030"
"query_1",TRUE,0.0171011336333973,89,3877,28,0.00722207892700542,0.314606741573034,"GO:0046849","GO:BP","bone remodeling",20972,11560,"GO:0048771"
"query_1",TRUE,0.0171011336333973,21,3877,10,0.00257931390250193,0.476190476190476,"GO:0046426","GO:BP","negative regulation of receptor signaling pathway via JAK-STAT",20972,11325,"GO:0007259;GO:0046425;GO:1904893"
"query_1",TRUE,0.0171011336333973,89,3877,28,0.00722207892700542,0.314606741573034,"GO:0021872","GO:BP","forebrain generation of neurons",20972,6018,"GO:0030900;GO:0048699"
"query_1",TRUE,0.0171011336333973,21,3877,10,0.00257931390250193,0.476190476190476,"GO:0106030","GO:BP","neuron projection fasciculation",20972,17974,"GO:0031175"
"query_1",TRUE,0.0171011336333973,21,3877,10,0.00257931390250193,0.476190476190476,"GO:0014059","GO:BP","regulation of dopamine secretion",20972,4413,"GO:0014046;GO:0050433"
"query_1",TRUE,0.0171011336333973,21,3877,10,0.00257931390250193,0.476190476190476,"GO:0090200","GO:BP","positive regulation of release of cytochrome c from mitochondria",20972,16902,"GO:0001836;GO:0010638;GO:0090199"
"query_1",TRUE,0.0173701712911694,61,3877,21,0.00541655919525406,0.344262295081967,"GO:0050731","GO:BP","positive regulation of peptidyl-tyrosine phosphorylation",20972,12371,"GO:0001934;GO:0018108;GO:0050730"
"query_1",TRUE,0.0173701712911694,61,3877,21,0.00541655919525406,0.344262295081967,"GO:0006611","GO:BP","protein export from nucleus",20972,2207,"GO:0006886;GO:0051168"
"query_1",TRUE,0.0173701712911694,61,3877,21,0.00541655919525406,0.344262295081967,"GO:0048012","GO:BP","hepatocyte growth factor receptor signaling pathway",20972,11624,"GO:0007169"
"query_1",TRUE,0.0175755069846511,81,3877,26,0.00670621614650503,0.320987654320988,"GO:0070509","GO:BP","calcium ion import",20972,15048,"GO:0006816"
"query_1",TRUE,0.0175765447611071,127,3877,37,0.00954346143925716,0.291338582677165,"GO:0010565","GO:BP","regulation of ketone metabolic process",20972,4032,"GO:0019222;GO:0042180"
"query_1",TRUE,0.0177619195273065,73,3877,24,0.00619035336600464,0.328767123287671,"GO:0048844","GO:BP","artery morphogenesis",20972,12235,"GO:0048514;GO:0060840"
"query_1",TRUE,0.0177619195273065,69,3877,23,0.00593242197575445,0.333333333333333,"GO:0050709","GO:BP","negative regulation of protein secretion",20972,12365,"GO:0009306;GO:0050708;GO:0051224;GO:1903531"
"query_1",TRUE,0.0177619195273065,69,3877,23,0.00593242197575445,0.333333333333333,"GO:0006801","GO:BP","superoxide metabolic process",20972,2358,"GO:0072593"
"query_1",TRUE,0.0177619195273065,73,3877,24,0.00619035336600464,0.328767123287671,"GO:0051952","GO:BP","regulation of amine transport",20972,13080,"GO:0015837;GO:0051049"
"query_1",TRUE,0.0181147519908378,106,3877,32,0.00825380448800619,0.30188679245283,"GO:1990823","GO:BP","response to leukemia inhibitory factor",20972,23457,"GO:0034097"
"query_1",TRUE,0.0184462379574048,18,3877,9,0.00232138251225174,0.5,"GO:0002396","GO:BP","MHC protein complex assembly",20972,879,"GO:0065003"
"query_1",TRUE,0.0184462379574048,18,3877,9,0.00232138251225174,0.5,"GO:0042339","GO:BP","keratan sulfate proteoglycan metabolic process",20972,9455,"GO:0006029"
"query_1",TRUE,0.0184462379574048,18,3877,9,0.00232138251225174,0.5,"GO:0002501","GO:BP","peptide antigen assembly with MHC protein complex",20972,982,"GO:0002396;GO:0048002;GO:0065003"
"query_1",TRUE,0.0184462379574048,18,3877,9,0.00232138251225174,0.5,"GO:0061577","GO:BP","calcium ion transmembrane transport via high voltage-gated calcium channel",20972,14477,"GO:0070588"
"query_1",TRUE,0.0184462379574048,18,3877,9,0.00232138251225174,0.5,"GO:0099637","GO:BP","neurotransmitter receptor transport",20972,17931,"GO:0015031;GO:0031503"
"query_1",TRUE,0.0184462379574048,18,3877,9,0.00232138251225174,0.5,"GO:1902430","GO:BP","negative regulation of amyloid-beta formation",20972,20752,"GO:0034205;GO:1902003;GO:1902992"
"query_1",TRUE,0.0184462379574048,18,3877,9,0.00232138251225174,0.5,"GO:0016264","GO:BP","gap junction assembly",20972,4944,"GO:0007043"
"query_1",TRUE,0.0184462379574048,18,3877,9,0.00232138251225174,0.5,"GO:0072673","GO:BP","lamellipodium morphogenesis",20972,16311,"GO:0097581;GO:0120039"
"query_1",TRUE,0.0184504291322547,136,3877,39,0.0100593242197575,0.286764705882353,"GO:0001578","GO:BP","microtubule bundle formation",20972,349,"GO:0000226"
"query_1",TRUE,0.018458987279852,252,3877,65,0.0167655403662626,0.257936507936508,"GO:0032869","GO:BP","cellular response to insulin stimulus",20972,7354,"GO:0032868;GO:0071375"
"query_1",TRUE,0.0184634990435469,12,3877,7,0.00180551973175135,0.583333333333333,"GO:0031293","GO:BP","membrane protein intracellular domain proteolysis",20972,6662,"GO:0033619"
"query_1",TRUE,0.0184634990435469,12,3877,7,0.00180551973175135,0.583333333333333,"GO:0042276","GO:BP","error-prone translesion synthesis",20972,9424,"GO:0019985"
"query_1",TRUE,0.0184634990435469,12,3877,7,0.00180551973175135,0.583333333333333,"GO:0098976","GO:BP","excitatory chemical synaptic transmission",20972,17745,"GO:0007268"
"query_1",TRUE,0.0184634990435469,12,3877,7,0.00180551973175135,0.583333333333333,"GO:0000022","GO:BP","mitotic spindle elongation",20972,7,"GO:0000070;GO:0007052;GO:0051231;GO:1903047"
"query_1",TRUE,0.0184634990435469,12,3877,7,0.00180551973175135,0.583333333333333,"GO:0048711","GO:BP","positive regulation of astrocyte differentiation",20972,12118,"GO:0045687;GO:0048708;GO:0048710"
"query_1",TRUE,0.0184634990435469,12,3877,7,0.00180551973175135,0.583333333333333,"GO:0090267","GO:BP","positive regulation of mitotic cell cycle spindle assembly checkpoint",20972,16951,"GO:0007094;GO:0090068;GO:0090232;GO:0090266"
"query_1",TRUE,0.0185085616071955,326,3877,81,0.0208924426102657,0.248466257668712,"GO:0032496","GO:BP","response to lipopolysaccharide",20972,7112,"GO:0002237;GO:0033993;GO:1901700"
"query_1",TRUE,0.0185771434218963,627,3877,144,0.0371421201960279,0.229665071770335,"GO:0010256","GO:BP","endomembrane system organization",20972,3861,"GO:0016043"
"query_1",TRUE,0.018607075838296,35,3877,14,0.00361103946350271,0.4,"GO:0051438","GO:BP","regulation of ubiquitin-protein transferase activity",20972,12794,"GO:0051338"
"query_1",TRUE,0.018607075838296,35,3877,14,0.00361103946350271,0.4,"GO:0150077","GO:BP","regulation of neuroinflammatory response",20972,18874,"GO:0050727;GO:0150076"
"query_1",TRUE,0.018607075838296,35,3877,14,0.00361103946350271,0.4,"GO:0045601","GO:BP","regulation of endothelial cell differentiation",20972,10683,"GO:0030856;GO:0045446"
"query_1",TRUE,0.018607075838296,35,3877,14,0.00361103946350271,0.4,"GO:0046825","GO:BP","regulation of protein export from nucleus",20972,11542,"GO:0006611;GO:0033157;GO:0046822"
"query_1",TRUE,0.018607075838296,35,3877,14,0.00361103946350271,0.4,"GO:1904707","GO:BP","positive regulation of vascular associated smooth muscle cell proliferation",20972,22311,"GO:0048661;GO:1904705;GO:1990874"
"query_1",TRUE,0.018607075838296,35,3877,14,0.00361103946350271,0.4,"GO:0007628","GO:BP","adult walking behavior",20972,2944,"GO:0008344;GO:0090659"
"query_1",TRUE,0.018607075838296,35,3877,14,0.00361103946350271,0.4,"GO:0010665","GO:BP","regulation of cardiac muscle cell apoptotic process",20972,4123,"GO:0010659;GO:0010662"
"query_1",TRUE,0.0188047338768926,28,3877,12,0.00309517668300232,0.428571428571429,"GO:0055023","GO:BP","positive regulation of cardiac muscle tissue growth",20972,13237,"GO:0055017;GO:0055021;GO:0060421"
"query_1",TRUE,0.0188047338768926,28,3877,12,0.00309517668300232,0.428571428571429,"GO:0019886","GO:BP","antigen processing and presentation of exogenous peptide antigen via MHC class II",20972,5658,"GO:0002478;GO:0002495"
"query_1",TRUE,0.0188047338768926,28,3877,12,0.00309517668300232,0.428571428571429,"GO:0015740","GO:BP","C4-dicarboxylate transport",20972,4620,"GO:0006835"
"query_1",TRUE,0.0188047338768926,28,3877,12,0.00309517668300232,0.428571428571429,"GO:0014742","GO:BP","positive regulation of muscle hypertrophy",20972,4460,"GO:0014743;GO:0014896;GO:0051240"
"query_1",TRUE,0.0188047338768926,28,3877,12,0.00309517668300232,0.428571428571429,"GO:0036010","GO:BP","protein localization to endosome",20972,8779,"GO:0033365"
"query_1",TRUE,0.0188522577072846,15,3877,8,0.00206345112200155,0.533333333333333,"GO:1900452","GO:BP","regulation of long-term synaptic depression",20972,19411,"GO:0048167;GO:0060292"
"query_1",TRUE,0.0188522577072846,15,3877,8,0.00206345112200155,0.533333333333333,"GO:1903083","GO:BP","protein localization to condensed chromosome",20972,21176,"GO:0034502"
"query_1",TRUE,0.0188522577072846,216,3877,57,0.014702089244261,0.263888888888889,"GO:0034612","GO:BP","response to tumor necrosis factor",20972,8115,"GO:0034097"
"query_1",TRUE,0.0188522577072846,15,3877,8,0.00206345112200155,0.533333333333333,"GO:0043278","GO:BP","response to morphine",20972,9930,"GO:0014072"
"query_1",TRUE,0.0188522577072846,15,3877,8,0.00206345112200155,0.533333333333333,"GO:1902065","GO:BP","response to L-glutamate",20972,20501,"GO:0043200;GO:1901698;GO:1901700"
"query_1",TRUE,0.0188522577072846,15,3877,8,0.00206345112200155,0.533333333333333,"GO:0014072","GO:BP","response to isoquinoline alkaloid",20972,4420,"GO:0043279"
"query_1",TRUE,0.0188522577072846,15,3877,8,0.00206345112200155,0.533333333333333,"GO:0034501","GO:BP","protein localization to kinetochore",20972,8093,"GO:0071459;GO:1903083"
"query_1",TRUE,0.0188522577072846,15,3877,8,0.00206345112200155,0.533333333333333,"GO:2000311","GO:BP","regulation of AMPA receptor activity",20972,23763,"GO:0022898;GO:0099601"
"query_1",TRUE,0.019120682122141,167,3877,46,0.0118648439515089,0.275449101796407,"GO:1990845","GO:BP","adaptive thermogenesis",20972,23465,"GO:0001659"
"query_1",TRUE,0.0197423156425146,128,3877,37,0.00954346143925716,0.2890625,"GO:0002832","GO:BP","negative regulation of response to biotic stimulus",20972,1296,"GO:0002831;GO:0009607;GO:0048585"
"query_1",TRUE,0.0197423156425146,90,3877,28,0.00722207892700542,0.311111111111111,"GO:0072091","GO:BP","regulation of stem cell proliferation",20972,15969,"GO:0042127;GO:0072089"
"query_1",TRUE,0.0197423156425146,90,3877,28,0.00722207892700542,0.311111111111111,"GO:0051492","GO:BP","regulation of stress fiber assembly",20972,12834,"GO:0032231;GO:0043149;GO:0110020"
"query_1",TRUE,0.019869978748748,203,3877,54,0.0139282950735104,0.266009852216749,"GO:0060491","GO:BP","regulation of cell projection assembly",20972,13690,"GO:0030031;GO:0031344;GO:0044087"
"query_1",TRUE,0.0200852765807037,163,3877,45,0.0116069125612587,0.276073619631902,"GO:0042326","GO:BP","negative regulation of phosphorylation",20972,9445,"GO:0016310;GO:0042325;GO:0045936"
"query_1",TRUE,0.0205161045060935,150,3877,42,0.0108331183905081,0.28,"GO:0030832","GO:BP","regulation of actin filament length",20972,6470,"GO:0032535;GO:0032956"
"query_1",TRUE,0.0205161045060935,39,3877,15,0.0038689708537529,0.384615384615385,"GO:0014002","GO:BP","astrocyte development",20972,4360,"GO:0021782;GO:0048708"
"query_1",TRUE,0.0205161045060935,150,3877,42,0.0108331183905081,0.28,"GO:0120161","GO:BP","regulation of cold-induced thermogenesis",20972,18259,"GO:0051239;GO:0106106"
"query_1",TRUE,0.0205366782605487,58,3877,20,0.00515862780500387,0.344827586206897,"GO:0070301","GO:BP","cellular response to hydrogen peroxide",20972,14937,"GO:0034614;GO:0042542"
"query_1",TRUE,0.0205366782605487,58,3877,20,0.00515862780500387,0.344827586206897,"GO:0043525","GO:BP","positive regulation of neuron apoptotic process",20972,10074,"GO:0043065;GO:0043523;GO:0051402"
"query_1",TRUE,0.0205366782605487,58,3877,20,0.00515862780500387,0.344827586206897,"GO:0034204","GO:BP","lipid translocation",20972,7939,"GO:0006869;GO:0097035"
"query_1",TRUE,0.0205366782605487,58,3877,20,0.00515862780500387,0.344827586206897,"GO:0072132","GO:BP","mesenchyme morphogenesis",20972,16006,"GO:0009887;GO:0048729;GO:0060485"
"query_1",TRUE,0.020642293624107,137,3877,39,0.0100593242197575,0.284671532846715,"GO:0008360","GO:BP","regulation of cell shape",20972,3039,"GO:0022604;GO:0065008"
"query_1",TRUE,0.0206428311661844,181,3877,49,0.0126386381222595,0.270718232044199,"GO:0046890","GO:BP","regulation of lipid biosynthetic process",20972,11584,"GO:0008610;GO:0009889;GO:0019216"
"query_1",TRUE,0.0206594770227744,258,3877,66,0.0170234717565128,0.255813953488372,"GO:0033500","GO:BP","carbohydrate homeostasis",20972,7694,"GO:0048878"
"query_1",TRUE,0.0208163850055803,62,3877,21,0.00541655919525406,0.338709677419355,"GO:0006687","GO:BP","glycosphingolipid metabolic process",20972,2271,"GO:0006664;GO:0006665"
"query_1",TRUE,0.0208163850055803,62,3877,21,0.00541655919525406,0.338709677419355,"GO:0014015","GO:BP","positive regulation of gliogenesis",20972,4372,"GO:0014013;GO:0042063;GO:0050769"
"query_1",TRUE,0.0208850876021669,74,3877,24,0.00619035336600464,0.324324324324324,"GO:0034766","GO:BP","negative regulation of monoatomic ion transmembrane transport",20972,8159,"GO:0034220;GO:0034763;GO:0034765;GO:0043271"
"query_1",TRUE,0.0209510014673761,70,3877,23,0.00593242197575445,0.328571428571429,"GO:0006809","GO:BP","nitric oxide biosynthetic process",20972,2361,"GO:0009058;GO:0046209"
"query_1",TRUE,0.0209510014673761,66,3877,22,0.00567449058550426,0.333333333333333,"GO:0014909","GO:BP","smooth muscle cell migration",20972,4551,"GO:0014812"
"query_1",TRUE,0.0209510014673761,70,3877,23,0.00593242197575445,0.328571428571429,"GO:0060415","GO:BP","muscle tissue morphogenesis",20972,13621,"GO:0048644;GO:0048729"
"query_1",TRUE,0.0211669839515139,103,3877,31,0.007995873097756,0.300970873786408,"GO:0032526","GO:BP","response to retinoic acid",20972,7124,"GO:0033993;GO:1901700"
"query_1",TRUE,0.0211669839515139,103,3877,31,0.007995873097756,0.300970873786408,"GO:0034763","GO:BP","negative regulation of transmembrane transport",20972,8156,"GO:0034762;GO:0048523;GO:0051051;GO:0055085"
"query_1",TRUE,0.0213420577517289,168,3877,46,0.0118648439515089,0.273809523809524,"GO:0051098","GO:BP","regulation of binding",20972,12615,"GO:0065009"
"query_1",TRUE,0.0214228514045288,25,3877,11,0.00283724529275213,0.44,"GO:0022038","GO:BP","corpus callosum development",20972,6156,"GO:0021537;GO:0048856"
"query_1",TRUE,0.0214228514045288,25,3877,11,0.00283724529275213,0.44,"GO:0003299","GO:BP","muscle hypertrophy in response to stress",20972,1653,"GO:0006950;GO:0014896;GO:0043500"
"query_1",TRUE,0.0214228514045288,25,3877,11,0.00283724529275213,0.44,"GO:0014887","GO:BP","cardiac muscle adaptation",20972,4533,"GO:0014888"
"query_1",TRUE,0.0214228514045288,25,3877,11,0.00283724529275213,0.44,"GO:0090231","GO:BP","regulation of spindle checkpoint",20972,16924,"GO:0031577;GO:1901976"
"query_1",TRUE,0.0214228514045288,25,3877,11,0.00283724529275213,0.44,"GO:1904893","GO:BP","negative regulation of receptor signaling pathway via STAT",20972,22454,"GO:0009968;GO:0097696;GO:1904892"
"query_1",TRUE,0.0214228514045288,25,3877,11,0.00283724529275213,0.44,"GO:0051315","GO:BP","attachment of mitotic spindle microtubules to kinetochore",20972,12741,"GO:0007080;GO:0008608;GO:1903047"
"query_1",TRUE,0.0214228514045288,25,3877,11,0.00283724529275213,0.44,"GO:0014898","GO:BP","cardiac muscle hypertrophy in response to stress",20972,4542,"GO:0003299;GO:0003300;GO:0014887"
"query_1",TRUE,0.0216596361613792,32,3877,13,0.00335310807325251,0.40625,"GO:0002495","GO:BP","antigen processing and presentation of peptide antigen via MHC class II",20972,976,"GO:0002504;GO:0048002"
"query_1",TRUE,0.0216596361613792,254,3877,65,0.0167655403662626,0.255905511811024,"GO:0042593","GO:BP","glucose homeostasis",20972,9599,"GO:0033500"
"query_1",TRUE,0.0216596361613792,32,3877,13,0.00335310807325251,0.40625,"GO:0051968","GO:BP","positive regulation of synaptic transmission, glutamatergic",20972,13095,"GO:0035249;GO:0050806;GO:0051966"
"query_1",TRUE,0.0216809110092638,437,3877,104,0.0268248645860201,0.237986270022883,"GO:0006873","GO:BP","intracellular monoatomic ion homeostasis",20972,2402,"GO:0050801;GO:0055082"
"query_1",TRUE,0.0218458216603556,43,3877,16,0.0041269022440031,0.372093023255814,"GO:0050922","GO:BP","negative regulation of chemotaxis",20972,12501,"GO:0006935;GO:0032102;GO:0040013;GO:0050920"
"query_1",TRUE,0.0219230774426693,116,3877,34,0.00876966726850658,0.293103448275862,"GO:0043200","GO:BP","response to amino acid",20972,9906,"GO:0001101"
"query_1",TRUE,0.0222695821510837,129,3877,37,0.00954346143925716,0.286821705426357,"GO:0001101","GO:BP","response to acid chemical",20972,275,"GO:0042221"
"query_1",TRUE,0.0222695821510837,129,3877,37,0.00954346143925716,0.286821705426357,"GO:0006906","GO:BP","vesicle fusion",20972,2426,"GO:0016050;GO:0016192;GO:0090174"
"query_1",TRUE,0.0229772617172822,191,3877,51,0.0131545009027599,0.267015706806283,"GO:0061138","GO:BP","morphogenesis of a branching epithelium",20972,14186,"GO:0001763;GO:0002009"
"query_1",TRUE,0.0229870372284884,414,3877,99,0.0255352076347692,0.239130434782609,"GO:0002833","GO:BP","positive regulation of response to biotic stimulus",20972,1297,"GO:0002831;GO:0009607;GO:0048584"
"query_1",TRUE,0.0233824234126944,7,3877,5,0.00128965695125097,0.714285714285714,"GO:1904781","GO:BP","positive regulation of protein localization to centrosome",20972,22363,"GO:0071539;GO:1903829;GO:1904779"
"query_1",TRUE,0.0233824234126944,7,3877,5,0.00128965695125097,0.714285714285714,"GO:2000329","GO:BP","negative regulation of T-helper 17 cell lineage commitment",20972,23774,"GO:0010454;GO:0072540;GO:2000320;GO:2000328"
"query_1",TRUE,0.0233824234126944,7,3877,5,0.00128965695125097,0.714285714285714,"GO:2000064","GO:BP","regulation of cortisol biosynthetic process",20972,23568,"GO:0010566;GO:0031946;GO:0034651;GO:1902930"
"query_1",TRUE,0.0233824234126944,7,3877,5,0.00128965695125097,0.714285714285714,"GO:0021785","GO:BP","branchiomotor neuron axon guidance",20972,5955,"GO:0008045"
"query_1",TRUE,0.0233824234126944,7,3877,5,0.00128965695125097,0.714285714285714,"GO:0061669","GO:BP","spontaneous neurotransmitter secretion",20972,14513,"GO:0007269;GO:0098814"
"query_1",TRUE,0.0233824234126944,7,3877,5,0.00128965695125097,0.714285714285714,"GO:0002023","GO:BP","reduction of food intake in response to dietary excess",20972,608,"GO:0002021;GO:0042755"
"query_1",TRUE,0.0233824234126944,87,3877,27,0.00696414753675522,0.310344827586207,"GO:0001843","GO:BP","neural tube closure",20972,487,"GO:0014020;GO:0060606"
"query_1",TRUE,0.0233824234126944,7,3877,5,0.00128965695125097,0.714285714285714,"GO:0046826","GO:BP","negative regulation of protein export from nucleus",20972,11543,"GO:0006611;GO:0046823;GO:0046825;GO:0051457;GO:0090317"
"query_1",TRUE,0.0233824234126944,7,3877,5,0.00128965695125097,0.714285714285714,"GO:0051823","GO:BP","regulation of synapse structural plasticity",20972,13018,"GO:0050807"
"query_1",TRUE,0.0233824234126944,7,3877,5,0.00128965695125097,0.714285714285714,"GO:1903233","GO:BP","regulation of calcium ion-dependent exocytosis of neurotransmitter",20972,21249,"GO:0017158;GO:0048791;GO:2000300"
"query_1",TRUE,0.0233824234126944,87,3877,27,0.00696414753675522,0.310344827586207,"GO:0046620","GO:BP","regulation of organ growth",20972,11422,"GO:0035265;GO:0048638;GO:0051239"
"query_1",TRUE,0.0233824234126944,7,3877,5,0.00128965695125097,0.714285714285714,"GO:0099538","GO:BP","synaptic signaling via neuropeptide",20972,17871,"GO:0099536"
"query_1",TRUE,0.0233824234126944,7,3877,5,0.00128965695125097,0.714285714285714,"GO:0030952","GO:BP","establishment or maintenance of cytoskeleton polarity",20972,6527,"GO:0007010;GO:0007163"
"query_1",TRUE,0.0233824234126944,7,3877,5,0.00128965695125097,0.714285714285714,"GO:0098597","GO:BP","observational learning",20972,17568,"GO:0007612"
"query_1",TRUE,0.0235386566671005,255,3877,65,0.0167655403662626,0.254901960784314,"GO:0050870","GO:BP","positive regulation of T cell activation",20972,12455,"GO:0042110;GO:0050863;GO:0051251;GO:1903039"
"query_1",TRUE,0.0236329893651573,169,3877,46,0.0118648439515089,0.272189349112426,"GO:1905475","GO:BP","regulation of protein localization to membrane",20972,22869,"GO:0032880;GO:0060341;GO:0072657"
"query_1",TRUE,0.0238169100835817,214,3877,56,0.0144441578540108,0.261682242990654,"GO:0071222","GO:BP","cellular response to lipopolysaccharide",20972,15350,"GO:0032496;GO:0071219;GO:0071396;GO:1901701"
"query_1",TRUE,0.0238169100835817,51,3877,18,0.00464276502450348,0.352941176470588,"GO:0098534","GO:BP","centriole assembly",20972,17557,"GO:0031023;GO:0140694"
"query_1",TRUE,0.0238169100835817,83,3877,26,0.00670621614650503,0.313253012048193,"GO:0055006","GO:BP","cardiac cell development",20972,13220,"GO:0035051;GO:0048468"
"query_1",TRUE,0.0238169100835817,83,3877,26,0.00670621614650503,0.313253012048193,"GO:0044458","GO:BP","motile cilium assembly",20972,10289,"GO:0060271"
"query_1",TRUE,0.0239658407589179,36,3877,14,0.00361103946350271,0.388888888888889,"GO:0008340","GO:BP","determination of adult lifespan",20972,3027,"GO:0032501"
"query_1",TRUE,0.0239658407589179,36,3877,14,0.00361103946350271,0.388888888888889,"GO:0060043","GO:BP","regulation of cardiac muscle cell proliferation",20972,13329,"GO:0042127;GO:0055021;GO:0060038"
"query_1",TRUE,0.0239658407589179,121,3877,35,0.00902759865875677,0.289256198347107,"GO:0008643","GO:BP","carbohydrate transport",20972,3081,"GO:0006810"
"query_1",TRUE,0.0239658407589179,36,3877,14,0.00361103946350271,0.388888888888889,"GO:0006688","GO:BP","glycosphingolipid biosynthetic process",20972,2272,"GO:0006687;GO:0009247;GO:0030148"
"query_1",TRUE,0.0239658407589179,36,3877,14,0.00361103946350271,0.388888888888889,"GO:0070316","GO:BP","regulation of G0 to G1 transition",20972,14948,"GO:0010564;GO:0045023"
"query_1",TRUE,0.0239658407589179,36,3877,14,0.00361103946350271,0.388888888888889,"GO:1902003","GO:BP","regulation of amyloid-beta formation",20972,20457,"GO:0034205;GO:1902991"
"query_1",TRUE,0.0241843033791064,79,3877,25,0.00644828475625484,0.316455696202532,"GO:0051235","GO:BP","maintenance of location",20972,12688,"GO:0051179"
"query_1",TRUE,0.0242253845728336,3397,3877,685,0.176683002321383,0.201648513394171,"GO:2001141","GO:BP","regulation of RNA biosynthetic process",20972,24417,"GO:0010556;GO:0032774;GO:0051252"
"query_1",TRUE,0.0242837274713077,156,3877,43,0.0110910497807583,0.275641025641026,"GO:0030041","GO:BP","actin filament polymerization",20972,6227,"GO:0008154;GO:0051258"
"query_1",TRUE,0.0243222379689302,55,3877,19,0.00490069641475368,0.345454545454545,"GO:1904427","GO:BP","positive regulation of calcium ion transmembrane transport",20972,22105,"GO:0051928;GO:0070588;GO:1903169;GO:1904064"
"query_1",TRUE,0.0244930102413368,75,3877,24,0.00619035336600464,0.32,"GO:0044774","GO:BP","mitotic DNA integrity checkpoint signaling",20972,10399,"GO:0007093;GO:0031570"
"query_1",TRUE,0.0244930102413368,228,3877,59,0.0152179520247614,0.258771929824561,"GO:0072593","GO:BP","reactive oxygen species metabolic process",20972,16278,"GO:0008152"
"query_1",TRUE,0.0246469548363267,59,3877,20,0.00515862780500387,0.338983050847458,"GO:0050850","GO:BP","positive regulation of calcium-mediated signaling",20972,12435,"GO:0019722;GO:0050848;GO:1902533"
"query_1",TRUE,0.0246469548363267,3654,3877,734,0.189321640443642,0.200875752599891,"GO:0051252","GO:BP","regulation of RNA metabolic process",20972,12701,"GO:0016070;GO:0019219;GO:0060255"
"query_1",TRUE,0.0246469548363267,59,3877,20,0.00515862780500387,0.338983050847458,"GO:0015804","GO:BP","neutral amino acid transport",20972,4679,"GO:0006865"
"query_1",TRUE,0.0246469548363267,780,3877,174,0.0448800619035337,0.223076923076923,"GO:0001817","GO:BP","regulation of cytokine production",20972,461,"GO:0001816;GO:0010468;GO:0051239"
"query_1",TRUE,0.0246916135762885,71,3877,23,0.00593242197575445,0.323943661971831,"GO:0055017","GO:BP","cardiac muscle tissue growth",20972,13231,"GO:0048589;GO:0048738;GO:0060419"
"query_1",TRUE,0.0247966630746853,63,3877,21,0.00541655919525406,0.333333333333333,"GO:0022029","GO:BP","telencephalon cell migration",20972,6147,"GO:0021537;GO:0021885"
"query_1",TRUE,0.0247966630746853,63,3877,21,0.00541655919525406,0.333333333333333,"GO:0097035","GO:BP","regulation of membrane lipid distribution",20972,17236,"GO:0061024;GO:0065008"
"query_1",TRUE,0.0248468010586796,100,3877,30,0.0077379417075058,0.3,"GO:0050764","GO:BP","regulation of phagocytosis",20972,12379,"GO:0006909;GO:0030100"
"query_1",TRUE,0.0249863649448207,425,3877,101,0.0260510704152695,0.237647058823529,"GO:0048732","GO:BP","gland development",20972,12139,"GO:0048513"
"query_1",TRUE,0.0250046084584323,29,3877,12,0.00309517668300232,0.413793103448276,"GO:0003171","GO:BP","atrioventricular valve development",20972,1544,"GO:0003170"
"query_1",TRUE,0.0250046084584323,29,3877,12,0.00309517668300232,0.413793103448276,"GO:0060402","GO:BP","calcium ion transport into cytosol",20972,13610,"GO:0007204;GO:0097553"
"query_1",TRUE,0.0250046084584323,29,3877,12,0.00309517668300232,0.413793103448276,"GO:0035767","GO:BP","endothelial cell chemotaxis",20972,8635,"GO:0043542;GO:0060326"
"query_1",TRUE,0.0250046084584323,29,3877,12,0.00309517668300232,0.413793103448276,"GO:1902683","GO:BP","regulation of receptor localization to synapse",20972,20898,"GO:0032879;GO:0097120"
"query_1",TRUE,0.0250046084584323,29,3877,12,0.00309517668300232,0.413793103448276,"GO:0044342","GO:BP","type B pancreatic cell proliferation",20972,10260,"GO:0050673"
"query_1",TRUE,0.0250046084584323,29,3877,12,0.00309517668300232,0.413793103448276,"GO:0051156","GO:BP","glucose 6-phosphate metabolic process",20972,12653,"GO:0006796;GO:0019637;GO:1901135"
"query_1",TRUE,0.0250046084584323,192,3877,51,0.0131545009027599,0.265625,"GO:0042770","GO:BP","signal transduction in response to DNA damage",20972,9701,"GO:0006974;GO:0035556"
"query_1",TRUE,0.0250046084584323,29,3877,12,0.00309517668300232,0.413793103448276,"GO:0150117","GO:BP","positive regulation of cell-substrate junction organization",20972,18895,"GO:0051130;GO:0150115;GO:0150116"
"query_1",TRUE,0.0251146583793231,321,3877,79,0.0203765798297653,0.246105919003115,"GO:0030217","GO:BP","T cell differentiation",20972,6286,"GO:0030098;GO:0042110"
"query_1",TRUE,0.0252332479425801,152,3877,42,0.0108331183905081,0.276315789473684,"GO:1905039","GO:BP","carboxylic acid transmembrane transport",20972,22566,"GO:0046942;GO:0055085"
"query_1",TRUE,0.0257125201891622,161,3877,44,0.0113489811710085,0.273291925465839,"GO:0007204","GO:BP","positive regulation of cytosolic calcium ion concentration",20972,2624,"GO:0065008"
"query_1",TRUE,0.0257125201891622,161,3877,44,0.0113489811710085,0.273291925465839,"GO:0071774","GO:BP","response to fibroblast growth factor",20972,15761,"GO:0070848"
"query_1",TRUE,0.0257241203087108,40,3877,15,0.0038689708537529,0.375,"GO:0006739","GO:BP","NADP+ metabolic process",20972,2313,"GO:0006163;GO:0046496"
"query_1",TRUE,0.0257744033652499,786,3877,175,0.0451379932937839,0.22264631043257,"GO:0001816","GO:BP","cytokine production",20972,460,"GO:0010467;GO:0032501"
"query_1",TRUE,0.0262289711631881,197,3877,52,0.0134124322930101,0.263959390862944,"GO:0001659","GO:BP","temperature homeostasis",20972,360,"GO:0048871"
"query_1",TRUE,0.0262635847841626,238,3877,61,0.0157338148052618,0.256302521008403,"GO:0097305","GO:BP","response to alcohol",20972,17363,"GO:1901700"
"query_1",TRUE,0.0267809646940073,252,3877,64,0.0165076089760124,0.253968253968254,"GO:0071216","GO:BP","cellular response to biotic stimulus",20972,15344,"GO:0009607;GO:0051716"
"query_1",TRUE,0.0267997889299237,19,3877,9,0.00232138251225174,0.473684210526316,"GO:0009642","GO:BP","response to light intensity",20972,3403,"GO:0009416"
"query_1",TRUE,0.0267997889299237,19,3877,9,0.00232138251225174,0.473684210526316,"GO:0090520","GO:BP","sphingolipid mediated signaling pathway",20972,17120,"GO:0007165"
"query_1",TRUE,0.0267997889299237,19,3877,9,0.00232138251225174,0.473684210526316,"GO:1902992","GO:BP","negative regulation of amyloid precursor protein catabolic process",20972,21105,"GO:0042987;GO:0051248;GO:1902991"
"query_1",TRUE,0.0268209191391009,388,3877,93,0.023987619293268,0.239690721649485,"GO:0045089","GO:BP","positive regulation of innate immune response",20972,10513,"GO:0002833;GO:0031349;GO:0032103;GO:0045087;GO:0045088;GO:0050778"
"query_1",TRUE,0.0269253257360292,135,3877,38,0.00980139282950735,0.281481481481481,"GO:0045621","GO:BP","positive regulation of lymphocyte differentiation",20972,10703,"GO:0030098;GO:0045619;GO:0051251;GO:1902107"
"query_1",TRUE,0.0269460394783778,88,3877,27,0.00696414753675522,0.306818181818182,"GO:0008589","GO:BP","regulation of smoothened signaling pathway",20972,3059,"GO:0007224;GO:0009966"
"query_1",TRUE,0.0269460394783778,88,3877,27,0.00696414753675522,0.306818181818182,"GO:0060606","GO:BP","tube closure",20972,13772,"GO:0035148"
"query_1",TRUE,0.0271746513144136,44,3877,16,0.0041269022440031,0.363636363636364,"GO:0032964","GO:BP","collagen biosynthetic process",20972,7435,"GO:0009058;GO:0032963"
"query_1",TRUE,0.0271746513144136,44,3877,16,0.0041269022440031,0.363636363636364,"GO:0051938","GO:BP","L-glutamate import",20972,13075,"GO:0006835;GO:0015800;GO:0015807"
"query_1",TRUE,0.0271746513144136,243,3877,62,0.015991746195512,0.255144032921811,"GO:0002274","GO:BP","myeloid leukocyte activation",20972,779,"GO:0045321"
"query_1",TRUE,0.0274906591064059,175,3877,47,0.0121227753417591,0.268571428571429,"GO:0048284","GO:BP","organelle fusion",20972,11781,"GO:0006996"
"query_1",TRUE,0.0275236362008065,105,3877,31,0.007995873097756,0.295238095238095,"GO:0006664","GO:BP","glycolipid metabolic process",20972,2249,"GO:1903509"
"query_1",TRUE,0.0275236362008065,105,3877,31,0.007995873097756,0.295238095238095,"GO:0042116","GO:BP","macrophage activation",20972,9333,"GO:0002274"
"query_1",TRUE,0.0275759396527963,84,3877,26,0.00670621614650503,0.30952380952381,"GO:0097009","GO:BP","energy homeostasis",20972,17225,"GO:0048871"
"query_1",TRUE,0.02782473231734,557,3877,128,0.0330152179520248,0.229802513464991,"GO:0005975","GO:BP","carbohydrate metabolic process",20972,1760,"GO:0044238"
"query_1",TRUE,0.0279461333662934,470,3877,110,0.0283724529275213,0.234042553191489,"GO:0045088","GO:BP","regulation of innate immune response",20972,10512,"GO:0002831;GO:0031347;GO:0032101;GO:0045087;GO:0050776"
"query_1",TRUE,0.0279989639141735,225,3877,58,0.0149600206345112,0.257777777777778,"GO:0071219","GO:BP","cellular response to molecule of bacterial origin",20972,15347,"GO:0002237;GO:0071216"
"query_1",TRUE,0.0282215002619511,153,3877,42,0.0108331183905081,0.274509803921569,"GO:0044344","GO:BP","cellular response to fibroblast growth factor stimulus",20972,10261,"GO:0071363;GO:0071774"
"query_1",TRUE,0.028232388045201,48,3877,17,0.00438483363425329,0.354166666666667,"GO:0003351","GO:BP","epithelial cilium movement involved in extracellular fluid movement",20972,1701,"GO:0003341;GO:0006858;GO:0099111"
"query_1",TRUE,0.028232388045201,48,3877,17,0.00438483363425329,0.354166666666667,"GO:0060038","GO:BP","cardiac muscle cell proliferation",20972,13324,"GO:0014855;GO:0055017"
"query_1",TRUE,0.0286070774168481,76,3877,24,0.00619035336600464,0.315789473684211,"GO:0048661","GO:BP","positive regulation of smooth muscle cell proliferation",20972,12070,"GO:0008284;GO:0048659;GO:0048660"
"query_1",TRUE,0.0286070774168481,16,3877,8,0.00206345112200155,0.5,"GO:0003376","GO:BP","sphingosine-1-phosphate receptor signaling pathway",20972,1718,"GO:0007186;GO:0090520"
"query_1",TRUE,0.0286070774168481,16,3877,8,0.00206345112200155,0.5,"GO:0031571","GO:BP","mitotic G1 DNA damage checkpoint signaling",20972,6762,"GO:0044773;GO:0044819"
"query_1",TRUE,0.0286070774168481,10,3877,6,0.00154758834150116,0.6,"GO:0003093","GO:BP","regulation of glomerular filtration",20972,1484,"GO:0003094;GO:0098801"
"query_1",TRUE,0.0286070774168481,16,3877,8,0.00206345112200155,0.5,"GO:1902514","GO:BP","regulation of calcium ion transmembrane transport via high voltage-gated calcium channel",20972,20800,"GO:0061577;GO:1903169"
"query_1",TRUE,0.0286070774168481,10,3877,6,0.00154758834150116,0.6,"GO:0061299","GO:BP","retina vasculature morphogenesis in camera-type eye",20972,14307,"GO:0009653;GO:0061298"
"query_1",TRUE,0.0286070774168481,72,3877,23,0.00593242197575445,0.319444444444444,"GO:0048678","GO:BP","response to axon injury",20972,12086,"GO:0009611"
"query_1",TRUE,0.0286070774168481,10,3877,6,0.00154758834150116,0.6,"GO:0044837","GO:BP","actomyosin contractile ring organization",20972,10431,"GO:0022402;GO:0030866;GO:0031032;GO:0061640"
"query_1",TRUE,0.0286070774168481,26,3877,11,0.00283724529275213,0.423076923076923,"GO:0062009","GO:BP","secondary palate development",20972,14677,"GO:0060021"
"query_1",TRUE,0.0286070774168481,16,3877,8,0.00206345112200155,0.5,"GO:1905153","GO:BP","regulation of membrane invagination",20972,22643,"GO:0010324;GO:0051128"
"query_1",TRUE,0.0286070774168481,16,3877,8,0.00206345112200155,0.5,"GO:0060099","GO:BP","regulation of phagocytosis, engulfment",20972,13375,"GO:0006911;GO:0050764;GO:1905153"
"query_1",TRUE,0.0286070774168481,207,3877,54,0.0139282950735104,0.260869565217391,"GO:0048469","GO:BP","cell maturation",20972,11921,"GO:0048468;GO:0048869;GO:0071695"
"query_1",TRUE,0.0286070774168481,26,3877,11,0.00283724529275213,0.423076923076923,"GO:0016188","GO:BP","synaptic vesicle maturation",20972,4917,"GO:0016050;GO:0021700"
"query_1",TRUE,0.0286070774168481,10,3877,6,0.00154758834150116,0.6,"GO:0071314","GO:BP","cellular response to cocaine",20972,15434,"GO:0042220;GO:0071312;GO:1901701"
"query_1",TRUE,0.0286070774168481,26,3877,11,0.00283724529275213,0.423076923076923,"GO:0035886","GO:BP","vascular associated smooth muscle cell differentiation",20972,8711,"GO:0001944;GO:0051145"
"query_1",TRUE,0.0286070774168481,10,3877,6,0.00154758834150116,0.6,"GO:2000104","GO:BP","negative regulation of DNA-templated DNA replication",20972,23601,"GO:0006261;GO:0008156;GO:0090329"
"query_1",TRUE,0.0286070774168481,26,3877,11,0.00283724529275213,0.423076923076923,"GO:0070723","GO:BP","response to cholesterol",20972,15149,"GO:0036314;GO:0097305"
"query_1",TRUE,0.0286070774168481,10,3877,6,0.00154758834150116,0.6,"GO:0098953","GO:BP","receptor diffusion trapping",20972,17731,"GO:0051668"
"query_1",TRUE,0.0286070774168481,10,3877,6,0.00154758834150116,0.6,"GO:0051126","GO:BP","negative regulation of actin nucleation",20972,12625,"GO:0045010;GO:0051125;GO:0051494;GO:1902904"
"query_1",TRUE,0.0286070774168481,10,3877,6,0.00154758834150116,0.6,"GO:0099628","GO:BP","neurotransmitter receptor diffusion trapping",20972,17926,"GO:0098953"
"query_1",TRUE,0.0286070774168481,10,3877,6,0.00154758834150116,0.6,"GO:0042118","GO:BP","endothelial cell activation",20972,9335,"GO:0001775"
"query_1",TRUE,0.0286070774168481,16,3877,8,0.00206345112200155,0.5,"GO:0044027","GO:BP","negative regulation of gene expression via chromosomal CpG island methylation",20972,10190,"GO:0045814"
"query_1",TRUE,0.0286070774168481,26,3877,11,0.00283724529275213,0.423076923076923,"GO:0099623","GO:BP","regulation of cardiac muscle cell membrane repolarization",20972,17922,"GO:0060306;GO:0099622"
"query_1",TRUE,0.0286070774168481,10,3877,6,0.00154758834150116,0.6,"GO:1990034","GO:BP","calcium ion export across plasma membrane",20972,23215,"GO:0070588;GO:0140115"
"query_1",TRUE,0.0286070774168481,26,3877,11,0.00283724529275213,0.423076923076923,"GO:0051590","GO:BP","positive regulation of neurotransmitter transport",20972,12884,"GO:0006836;GO:0051050;GO:0051588"
"query_1",TRUE,0.0286070774168481,10,3877,6,0.00154758834150116,0.6,"GO:0031946","GO:BP","regulation of glucocorticoid biosynthetic process",20972,6828,"GO:0006704;GO:0031943;GO:0090030"
"query_1",TRUE,0.0286070774168481,10,3877,6,0.00154758834150116,0.6,"GO:0019227","GO:BP","neuronal action potential propagation",20972,5278,"GO:0019226;GO:0050877;GO:0098870"
"query_1",TRUE,0.0286070774168481,16,3877,8,0.00206345112200155,0.5,"GO:0018146","GO:BP","keratan sulfate proteoglycan biosynthetic process",20972,5080,"GO:0030166;GO:0042339"
"query_1",TRUE,0.0286070774168481,16,3877,8,0.00206345112200155,0.5,"GO:0098915","GO:BP","membrane repolarization during ventricular cardiac muscle cell action potential",20972,17708,"GO:0086005;GO:0086013;GO:0099625"
"query_1",TRUE,0.0286070774168481,10,3877,6,0.00154758834150116,0.6,"GO:0098970","GO:BP","postsynaptic neurotransmitter receptor diffusion trapping",20972,17741,"GO:0097120;GO:0099072;GO:0099628"
"query_1",TRUE,0.0286070774168481,16,3877,8,0.00206345112200155,0.5,"GO:0060033","GO:BP","anatomical structure regression",20972,13319,"GO:0009653;GO:0032502"
"query_1",TRUE,0.0286070774168481,16,3877,8,0.00206345112200155,0.5,"GO:0090399","GO:BP","replicative senescence",20972,17060,"GO:0022402"
"query_1",TRUE,0.0286070774168481,10,3877,6,0.00154758834150116,0.6,"GO:0046834","GO:BP","lipid phosphorylation",20972,11551,"GO:0016310;GO:0030258"
"query_1",TRUE,0.0286070774168481,52,3877,18,0.00464276502450348,0.346153846153846,"GO:0097300","GO:BP","programmed necrotic cell death",20972,17362,"GO:0012501"
"query_1",TRUE,0.0286070774168481,72,3877,23,0.00593242197575445,0.319444444444444,"GO:0050772","GO:BP","positive regulation of axonogenesis",20972,12387,"GO:0007409;GO:0031346;GO:0050769;GO:0050770"
"query_1",TRUE,0.0287665785897378,127,3877,36,0.00928553004900696,0.283464566929134,"GO:0003206","GO:BP","cardiac chamber morphogenesis",20972,1577,"GO:0003007;GO:0003205;GO:0009653"
"query_1",TRUE,0.0288677766815857,56,3877,19,0.00490069641475368,0.339285714285714,"GO:0007187","GO:BP","G protein-coupled receptor signaling pathway, coupled to cyclic nucleotide second messenger",20972,2610,"GO:0007186"
"query_1",TRUE,0.0288677766815857,56,3877,19,0.00490069641475368,0.339285714285714,"GO:0050885","GO:BP","neuromuscular process controlling balance",20972,12466,"GO:0050905"
"query_1",TRUE,0.0288677766815857,56,3877,19,0.00490069641475368,0.339285714285714,"GO:0051055","GO:BP","negative regulation of lipid biosynthetic process",20972,12594,"GO:0008610;GO:0009890;GO:0045833;GO:0046890"
"query_1",TRUE,0.0290209222746403,244,3877,62,0.015991746195512,0.254098360655738,"GO:0002573","GO:BP","myeloid leukocyte differentiation",20972,1048,"GO:0002521;GO:0030099"
"query_1",TRUE,0.0290209222746403,64,3877,21,0.00541655919525406,0.328125,"GO:0140895","GO:BP","cell surface toll-like receptor signaling pathway",20972,18682,"GO:0002752"
"query_1",TRUE,0.0290209222746403,3385,3877,681,0.175651276760382,0.201181683899557,"GO:0006355","GO:BP","regulation of DNA-templated transcription",20972,2024,"GO:0006351;GO:0010468;GO:2001141"
"query_1",TRUE,0.0290209222746403,60,3877,20,0.00515862780500387,0.333333333333333,"GO:0051937","GO:BP","catecholamine transport",20972,13074,"GO:0015844;GO:0015850"
"query_1",TRUE,0.0296116918364255,13,3877,7,0.00180551973175135,0.538461538461538,"GO:0021681","GO:BP","cerebellar granular layer development",20972,5856,"GO:0021695;GO:0048856"
"query_1",TRUE,0.0296116918364255,13,3877,7,0.00180551973175135,0.538461538461538,"GO:1904754","GO:BP","positive regulation of vascular associated smooth muscle cell migration",20972,22343,"GO:0014911;GO:1904738;GO:1904752"
"query_1",TRUE,0.0296116918364255,13,3877,7,0.00180551973175135,0.538461538461538,"GO:0098969","GO:BP","neurotransmitter receptor transport to postsynaptic membrane",20972,17740,"GO:0097120;GO:0098877;GO:0099072;GO:1903539;GO:1903540"
"query_1",TRUE,0.0296116918364255,13,3877,7,0.00180551973175135,0.538461538461538,"GO:0044857","GO:BP","plasma membrane raft organization",20972,10444,"GO:0007009;GO:0031579"
"query_1",TRUE,0.0296116918364255,13,3877,7,0.00180551973175135,0.538461538461538,"GO:0072310","GO:BP","glomerular epithelial cell development",20972,16167,"GO:0002064;GO:0072311"
"query_1",TRUE,0.0296116918364255,13,3877,7,0.00180551973175135,0.538461538461538,"GO:0040034","GO:BP","regulation of development, heterochronic",20972,9286,"GO:0050793"
"query_1",TRUE,0.0296116918364255,13,3877,7,0.00180551973175135,0.538461538461538,"GO:0001765","GO:BP","membrane raft assembly",20972,418,"GO:0031579;GO:0071709"
"query_1",TRUE,0.0296445128555329,194,3877,51,0.0131545009027599,0.262886597938144,"GO:0000910","GO:BP","cytokinesis",20972,233,"GO:0022402;GO:0051301"
"query_1",TRUE,0.0296567048640241,110,3877,32,0.00825380448800619,0.290909090909091,"GO:0030148","GO:BP","sphingolipid biosynthetic process",20972,6247,"GO:0006665;GO:0008610"
"query_1",TRUE,0.0297205834874806,176,3877,47,0.0121227753417591,0.267045454545455,"GO:0007565","GO:BP","female pregnancy",20972,2903,"GO:0044703;GO:0044706"
"query_1",TRUE,0.029914001640318,37,3877,14,0.00361103946350271,0.378378378378378,"GO:0035633","GO:BP","maintenance of blood-brain barrier",20972,8539,"GO:0001894"
"query_1",TRUE,0.029914001640318,37,3877,14,0.00361103946350271,0.378378378378378,"GO:0019228","GO:BP","neuronal action potential",20972,5279,"GO:0001508;GO:0019226"
"query_1",TRUE,0.029914001640318,37,3877,14,0.00361103946350271,0.378378378378378,"GO:0071539","GO:BP","protein localization to centrosome",20972,15611,"GO:1905508"
"query_1",TRUE,0.029914001640318,37,3877,14,0.00361103946350271,0.378378378378378,"GO:0009595","GO:BP","detection of biotic stimulus",20972,3369,"GO:0009607;GO:0051606"
"query_1",TRUE,0.0305138282586458,603,3877,137,0.0353366004642765,0.227197346600332,"GO:0090407","GO:BP","organophosphate biosynthetic process",20972,17064,"GO:0009058;GO:0019637"
"query_1",TRUE,0.0307929240474111,154,3877,42,0.0108331183905081,0.272727272727273,"GO:0001935","GO:BP","endothelial cell proliferation",20972,536,"GO:0050673"
"query_1",TRUE,0.0308080203595981,106,3877,31,0.007995873097756,0.292452830188679,"GO:1903509","GO:BP","liposaccharide metabolic process",20972,21454,"GO:0006629;GO:1901135"
"query_1",TRUE,0.031120203552007,163,3877,44,0.0113489811710085,0.269938650306748,"GO:1903034","GO:BP","regulation of response to wounding",20972,21137,"GO:0009611;GO:0080134"
"query_1",TRUE,0.0314666431695903,85,3877,26,0.00670621614650503,0.305882352941176,"GO:0042542","GO:BP","response to hydrogen peroxide",20972,9580,"GO:0000302"
"query_1",TRUE,0.0314666431695903,85,3877,26,0.00670621614650503,0.305882352941176,"GO:0015837","GO:BP","amine transport",20972,4708,"GO:0071705"
"query_1",TRUE,0.031771959147497,141,3877,39,0.0100593242197575,0.276595744680851,"GO:0018212","GO:BP","peptidyl-tyrosine modification",20972,5114,"GO:0018193"
"query_1",TRUE,0.0318413178720703,41,3877,15,0.0038689708537529,0.365853658536585,"GO:0090659","GO:BP","walking behavior",20972,17176,"GO:0007626"
"query_1",TRUE,0.0318413178720703,41,3877,15,0.0038689708537529,0.365853658536585,"GO:0045687","GO:BP","positive regulation of glial cell differentiation",20972,10766,"GO:0010001;GO:0014015;GO:0045685"
"query_1",TRUE,0.0318413178720703,41,3877,15,0.0038689708537529,0.365853658536585,"GO:0010658","GO:BP","striated muscle cell apoptotic process",20972,4116,"GO:0010657"
"query_1",TRUE,0.032290887758784,81,3877,25,0.00644828475625484,0.308641975308642,"GO:0033273","GO:BP","response to vitamin",20972,7579,"GO:0007584"
"query_1",TRUE,0.032614039976392,30,3877,12,0.00309517668300232,0.4,"GO:0051491","GO:BP","positive regulation of filopodium assembly",20972,12833,"GO:0046847;GO:0051489;GO:0120034"
"query_1",TRUE,0.032614039976392,30,3877,12,0.00309517668300232,0.4,"GO:0098901","GO:BP","regulation of cardiac muscle cell action potential",20972,17694,"GO:0086001;GO:0098900"
"query_1",TRUE,0.032614039976392,30,3877,12,0.00309517668300232,0.4,"GO:1905606","GO:BP","regulation of presynapse assembly",20972,22959,"GO:0051963;GO:0099054;GO:0099174"
"query_1",TRUE,0.0326818343963889,5,3877,4,0.00103172556100077,0.8,"GO:2000821","GO:BP","regulation of grooming behavior",20972,24166,"GO:0007625;GO:0050795"
"query_1",TRUE,0.0326818343963889,5,3877,4,0.00103172556100077,0.8,"GO:2001245","GO:BP","regulation of phosphatidylcholine biosynthetic process",20972,24486,"GO:0006656;GO:0071071;GO:0150172"
"query_1",TRUE,0.0326818343963889,5,3877,4,0.00103172556100077,0.8,"GO:0003383","GO:BP","apical constriction",20972,1723,"GO:0003382;GO:0070252"
"query_1",TRUE,0.0326818343963889,5,3877,4,0.00103172556100077,0.8,"GO:0031947","GO:BP","negative regulation of glucocorticoid biosynthetic process",20972,6829,"GO:0006704;GO:0031946;GO:0090032"
"query_1",TRUE,0.0326818343963889,5,3877,4,0.00103172556100077,0.8,"GO:0036515","GO:BP","serotonergic neuron axon guidance",20972,9018,"GO:0007411"
"query_1",TRUE,0.0326818343963889,5,3877,4,0.00103172556100077,0.8,"GO:0035905","GO:BP","ascending aorta development",20972,8721,"GO:0035904;GO:0048856"
"query_1",TRUE,0.0326818343963889,5,3877,4,0.00103172556100077,0.8,"GO:1902463","GO:BP","protein localization to cell leading edge",20972,20775,"GO:0008104"
"query_1",TRUE,0.0326818343963889,5,3877,4,0.00103172556100077,0.8,"GO:1990708","GO:BP","conditioned place preference",20972,23414,"GO:0008306"
"query_1",TRUE,0.0326818343963889,5,3877,4,0.00103172556100077,0.8,"GO:0070487","GO:BP","monocyte aggregation",20972,15034,"GO:0070486"
"query_1",TRUE,0.0327694070989149,23,3877,10,0.00257931390250193,0.434782608695652,"GO:2000001","GO:BP","regulation of DNA damage checkpoint",20972,23514,"GO:0000077;GO:0080135;GO:1901976"
"query_1",TRUE,0.0327694070989149,177,3877,47,0.0121227753417591,0.265536723163842,"GO:0071478","GO:BP","cellular response to radiation",20972,15573,"GO:0009314;GO:0071214"
"query_1",TRUE,0.0327694070989149,23,3877,10,0.00257931390250193,0.434782608695652,"GO:0021533","GO:BP","cell differentiation in hindbrain",20972,5709,"GO:0030154;GO:0030902"
"query_1",TRUE,0.0327694070989149,401,3877,95,0.0245034820737684,0.236907730673317,"GO:0042176","GO:BP","regulation of protein catabolic process",20972,9362,"GO:0009894;GO:0030163;GO:0051246"
"query_1",TRUE,0.0327694070989149,23,3877,10,0.00257931390250193,0.434782608695652,"GO:1904889","GO:BP","regulation of excitatory synapse assembly",20972,22450,"GO:0051963;GO:1904861"
"query_1",TRUE,0.0329208659259854,98,3877,29,0.00748001031725561,0.295918367346939,"GO:0060993","GO:BP","kidney morphogenesis",20972,14066,"GO:0001822;GO:0009887"
"query_1",TRUE,0.0334765661205809,73,3877,23,0.00593242197575445,0.315068493150685,"GO:0003281","GO:BP","ventricular septum development",20972,1638,"GO:0003231;GO:0003279"
"query_1",TRUE,0.0334765661205809,73,3877,23,0.00593242197575445,0.315068493150685,"GO:0010657","GO:BP","muscle cell apoptotic process",20972,4115,"GO:0006915"
"query_1",TRUE,0.0336522304570173,111,3877,32,0.00825380448800619,0.288288288288288,"GO:0033209","GO:BP","tumor necrosis factor-mediated signaling pathway",20972,7549,"GO:0019221;GO:0071356"
"query_1",TRUE,0.0339203740958656,49,3877,17,0.00438483363425329,0.346938775510204,"GO:0003016","GO:BP","respiratory system process",20972,1418,"GO:0003008;GO:0007585"
"query_1",TRUE,0.0339203740958656,49,3877,17,0.00438483363425329,0.346938775510204,"GO:1904645","GO:BP","response to amyloid-beta",20972,22257,"GO:1901698;GO:1901700"
"query_1",TRUE,0.0339709282740866,3523,3877,706,0.182099561516637,0.200397388589271,"GO:0006351","GO:BP","DNA-templated transcription",20972,2020,"GO:0010467;GO:0032774"
"query_1",TRUE,0.0339709282740866,69,3877,22,0.00567449058550426,0.318840579710145,"GO:0070373","GO:BP","negative regulation of ERK1 and ERK2 cascade",20972,14977,"GO:0043409;GO:0070371;GO:0070372"
"query_1",TRUE,0.0339709282740866,69,3877,22,0.00567449058550426,0.318840579710145,"GO:0048645","GO:BP","animal organ formation",20972,12054,"GO:0009887;GO:0048646"
"query_1",TRUE,0.0340413691658311,94,3877,28,0.00722207892700542,0.297872340425532,"GO:0045824","GO:BP","negative regulation of innate immune response",20972,10872,"GO:0002832;GO:0031348;GO:0032102;GO:0045087;GO:0045088;GO:0050777"
"query_1",TRUE,0.034348549005026,65,3877,21,0.00541655919525406,0.323076923076923,"GO:0072348","GO:BP","sulfur compound transport",20972,16192,"GO:0006810"
"query_1",TRUE,0.034348549005026,65,3877,21,0.00541655919525406,0.323076923076923,"GO:0045806","GO:BP","negative regulation of endocytosis",20972,10858,"GO:0006897;GO:0030100;GO:0051051;GO:0051129"
"query_1",TRUE,0.034348549005026,65,3877,21,0.00541655919525406,0.323076923076923,"GO:0008652","GO:BP","amino acid biosynthetic process",20972,3083,"GO:0006520;GO:0009058"
"query_1",TRUE,0.0343488958362473,173,3877,46,0.0118648439515089,0.265895953757225,"GO:0072524","GO:BP","pyridine-containing compound metabolic process",20972,16248,"GO:0008152"
"query_1",TRUE,0.0344812758912779,581,3877,132,0.0340469435130255,0.227194492254733,"GO:0042110","GO:BP","T cell activation",20972,9331,"GO:0046649"
"query_1",TRUE,0.0345526369848988,61,3877,20,0.00515862780500387,0.327868852459016,"GO:0046173","GO:BP","polyol biosynthetic process",20972,11155,"GO:0019751;GO:0046165"
"query_1",TRUE,0.0349148640552813,107,3877,31,0.007995873097756,0.289719626168224,"GO:0048144","GO:BP","fibroblast proliferation",20972,11700,"GO:0008283"
"query_1",TRUE,0.0349148640552813,107,3877,31,0.007995873097756,0.289719626168224,"GO:0070555","GO:BP","response to interleukin-1",20972,15059,"GO:0034097"
"query_1",TRUE,0.0354894485948352,34,3877,13,0.00335310807325251,0.382352941176471,"GO:0071312","GO:BP","cellular response to alkaloid",20972,15432,"GO:0043279;GO:1901699"
"query_1",TRUE,0.0354894485948352,34,3877,13,0.00335310807325251,0.382352941176471,"GO:0015813","GO:BP","L-glutamate transmembrane transport",20972,4687,"GO:0051938;GO:1902475"
"query_1",TRUE,0.0354894485948352,34,3877,13,0.00335310807325251,0.382352941176471,"GO:1902882","GO:BP","regulation of response to oxidative stress",20972,21034,"GO:0006979;GO:0080134"
"query_1",TRUE,0.0354894485948352,34,3877,13,0.00335310807325251,0.382352941176471,"GO:0060251","GO:BP","regulation of glial cell proliferation",20972,13483,"GO:0014009;GO:0042127"
"query_1",TRUE,0.0354894485948352,34,3877,13,0.00335310807325251,0.382352941176471,"GO:0048265","GO:BP","response to pain",20972,11772,"GO:0033555"
"query_1",TRUE,0.0358957258608819,187,3877,49,0.0126386381222595,0.262032085561497,"GO:0000724","GO:BP","double-strand break repair via homologous recombination",20972,200,"GO:0000725;GO:0006302"
"query_1",TRUE,0.036083567516591,178,3877,47,0.0121227753417591,0.264044943820225,"GO:0031214","GO:BP","biomineral tissue development",20972,6640,"GO:0009888;GO:0048513"
"query_1",TRUE,0.036090915420108,129,3877,36,0.00928553004900696,0.27906976744186,"GO:0046660","GO:BP","female sex differentiation",20972,11455,"GO:0007275;GO:0007548"
"query_1",TRUE,0.036090915420108,129,3877,36,0.00928553004900696,0.27906976744186,"GO:0032989","GO:BP","cellular anatomical entity morphogenesis",20972,7455,"GO:0016043"
"query_1",TRUE,0.036090915420108,129,3877,36,0.00928553004900696,0.27906976744186,"GO:0010927","GO:BP","cellular component assembly involved in morphogenesis",20972,4298,"GO:0022607;GO:0032989;GO:0048646"
"query_1",TRUE,0.0361594341996109,86,3877,26,0.00670621614650503,0.302325581395349,"GO:1904892","GO:BP","regulation of receptor signaling pathway via STAT",20972,22453,"GO:0009966;GO:0097696"
"query_1",TRUE,0.0361594341996109,86,3877,26,0.00670621614650503,0.302325581395349,"GO:0006487","GO:BP","protein N-linked glycosylation",20972,2111,"GO:0009101"
"query_1",TRUE,0.0362045177611247,103,3877,30,0.0077379417075058,0.29126213592233,"GO:0090130","GO:BP","tissue migration",20972,16849,"GO:0032501"
"query_1",TRUE,0.0362045177611247,1024,3877,221,0.0570028372452928,0.2158203125,"GO:0009894","GO:BP","regulation of catabolic process",20972,3593,"GO:0009056;GO:0019222"
"query_1",TRUE,0.0364536349980944,116,3877,33,0.00851173587825638,0.28448275862069,"GO:1903900","GO:BP","regulation of viral life cycle",20972,21725,"GO:0019058;GO:0050792"
"query_1",TRUE,0.0368960568817558,138,3877,38,0.00980139282950735,0.27536231884058,"GO:0030168","GO:BP","platelet activation",20972,6260,"GO:0001775;GO:0007596"
"query_1",TRUE,0.0371547848415451,485,3877,112,0.0288883157080217,0.230927835051546,"GO:0051052","GO:BP","regulation of DNA metabolic process",20972,12591,"GO:0006259;GO:0019219;GO:0060255"
"query_1",TRUE,0.0371924173385906,82,3877,25,0.00644828475625484,0.304878048780488,"GO:0019233","GO:BP","sensory perception of pain",20972,5284,"GO:0007600"
"query_1",TRUE,0.0371924173385906,82,3877,25,0.00644828475625484,0.304878048780488,"GO:0030593","GO:BP","neutrophil chemotaxis",20972,6416,"GO:0071621;GO:1990266"
"query_1",TRUE,0.0371924173385906,82,3877,25,0.00644828475625484,0.304878048780488,"GO:0007585","GO:BP","respiratory gaseous exchange by respiratory system",20972,2907,"GO:0032501"
"query_1",TRUE,0.0372702869864688,20,3877,9,0.00232138251225174,0.45,"GO:1901881","GO:BP","positive regulation of protein depolymerization",20972,20372,"GO:0043243;GO:0051261;GO:1901879"
"query_1",TRUE,0.0372702869864688,20,3877,9,0.00232138251225174,0.45,"GO:0060602","GO:BP","branch elongation of an epithelium",20972,13768,"GO:0003401;GO:0061138"
"query_1",TRUE,0.0372702869864688,20,3877,9,0.00232138251225174,0.45,"GO:0097154","GO:BP","GABAergic neuron differentiation",20972,17296,"GO:0030182"
"query_1",TRUE,0.0372702869864688,20,3877,9,0.00232138251225174,0.45,"GO:0015810","GO:BP","aspartate transmembrane transport",20972,4684,"GO:0003333;GO:0015740;GO:0015800;GO:0071705;GO:1905039"
"query_1",TRUE,0.0372702869864688,20,3877,9,0.00232138251225174,0.45,"GO:0001956","GO:BP","positive regulation of neurotransmitter secretion",20972,552,"GO:0007269;GO:0046928;GO:0050806;GO:0051590;GO:1903532"
"query_1",TRUE,0.0372702869864688,20,3877,9,0.00232138251225174,0.45,"GO:0060973","GO:BP","cell migration involved in heart development",20972,14048,"GO:0007507;GO:0016477"
"query_1",TRUE,0.0372900062563001,147,3877,40,0.0103172556100077,0.272108843537415,"GO:0050714","GO:BP","positive regulation of protein secretion",20972,12366,"GO:0009306;GO:0050708;GO:0051222;GO:1903532"
"query_1",TRUE,0.037470238982172,99,3877,29,0.00748001031725561,0.292929292929293,"GO:0000281","GO:BP","mitotic cytokinesis",20972,78,"GO:0061640;GO:1903047"
"query_1",TRUE,0.0375431919238516,38,3877,14,0.00361103946350271,0.368421052631579,"GO:0035640","GO:BP","exploration behavior",20972,8542,"GO:0007610"
"query_1",TRUE,0.0375431919238516,38,3877,14,0.00361103946350271,0.368421052631579,"GO:0045023","GO:BP","G0 to G1 transition",20972,10476,"GO:0022402"
"query_1",TRUE,0.0375431919238516,38,3877,14,0.00361103946350271,0.368421052631579,"GO:1905508","GO:BP","protein localization to microtubule organizing center",20972,22886,"GO:0072698"
"query_1",TRUE,0.0375431919238516,38,3877,14,0.00361103946350271,0.368421052631579,"GO:0010662","GO:BP","regulation of striated muscle cell apoptotic process",20972,4120,"GO:0010658;GO:0010660"
"query_1",TRUE,0.0375431919238516,38,3877,14,0.00361103946350271,0.368421052631579,"GO:0034110","GO:BP","regulation of homotypic cell-cell adhesion",20972,7856,"GO:0022407;GO:0034109"
"query_1",TRUE,0.0375431919238516,38,3877,14,0.00361103946350271,0.368421052631579,"GO:0051602","GO:BP","response to electrical stimulus",20972,12896,"GO:0009628"
"query_1",TRUE,0.0375431919238516,125,3877,35,0.00902759865875677,0.28,"GO:0048660","GO:BP","regulation of smooth muscle cell proliferation",20972,12069,"GO:0042127;GO:0048659"
"query_1",TRUE,0.0376237139961189,165,3877,44,0.0113489811710085,0.266666666666667,"GO:0046496","GO:BP","nicotinamide nucleotide metabolic process",20972,11365,"GO:0009117;GO:0072524"
"query_1",TRUE,0.0377109014288792,27,3877,11,0.00283724529275213,0.407407407407407,"GO:0001835","GO:BP","blastocyst hatching",20972,479,"GO:0001824;GO:0035188"
"query_1",TRUE,0.0377109014288792,27,3877,11,0.00283724529275213,0.407407407407407,"GO:0035188","GO:BP","hatching",20972,8302,"GO:0007275;GO:0071684"
"query_1",TRUE,0.0377109014288792,27,3877,11,0.00283724529275213,0.407407407407407,"GO:0001975","GO:BP","response to amphetamine",20972,567,"GO:0014075"
"query_1",TRUE,0.0377109014288792,27,3877,11,0.00283724529275213,0.407407407407407,"GO:0071684","GO:BP","organism emergence from protective structure",20972,15714,"GO:0032501"
"query_1",TRUE,0.0377109014288792,27,3877,11,0.00283724529275213,0.407407407407407,"GO:0090322","GO:BP","regulation of superoxide metabolic process",20972,16997,"GO:0006801;GO:2000377"
"query_1",TRUE,0.0378409367756365,78,3877,24,0.00619035336600464,0.307692307692308,"GO:0048644","GO:BP","muscle organ morphogenesis",20972,12053,"GO:0007517;GO:0009887"
"query_1",TRUE,0.0387247107809897,95,3877,28,0.00722207892700542,0.294736842105263,"GO:1904659","GO:BP","D-glucose transmembrane transport",20972,22270,"GO:0008645"
"query_1",TRUE,0.0388429424117012,74,3877,23,0.00593242197575445,0.310810810810811,"GO:0070527","GO:BP","platelet aggregation",20972,15050,"GO:0030168;GO:0034109"
"query_1",TRUE,0.0389359772770378,3,3877,3,0.00077379417075058,1,"GO:0086101","GO:BP","endothelin receptor signaling pathway involved in heart process",20972,16745,"GO:0086100;GO:0086103"
"query_1",TRUE,0.0389359772770378,3,3877,3,0.00077379417075058,1,"GO:1903766","GO:BP","positive regulation of potassium ion export across plasma membrane",20972,21627,"GO:0097623;GO:1901381;GO:1903764"
"query_1",TRUE,0.0389359772770378,3,3877,3,0.00077379417075058,1,"GO:1903235","GO:BP","positive regulation of calcium ion-dependent exocytosis of neurotransmitter",20972,21251,"GO:0045956;GO:0048791;GO:1903233;GO:2000302"
"query_1",TRUE,0.0389359772770378,3,3877,3,0.00077379417075058,1,"GO:0002051","GO:BP","osteoblast fate commitment",20972,631,"GO:0001649;GO:0045165"
"query_1",TRUE,0.0389359772770378,3,3877,3,0.00077379417075058,1,"GO:0032875","GO:BP","regulation of DNA endoreduplication",20972,7360,"GO:0010564;GO:0042023;GO:0090329"
"query_1",TRUE,0.0389359772770378,3,3877,3,0.00077379417075058,1,"GO:0018057","GO:BP","peptidyl-lysine oxidation",20972,5058,"GO:0018158;GO:0018205"
"query_1",TRUE,0.0389359772770378,3,3877,3,0.00077379417075058,1,"GO:0021740","GO:BP","principal sensory nucleus of trigeminal nerve development",20972,5913,"GO:0021730"
"query_1",TRUE,0.0389359772770378,3,3877,3,0.00077379417075058,1,"GO:0070859","GO:BP","positive regulation of bile acid biosynthetic process",20972,15218,"GO:0006699;GO:0010893;GO:0062013;GO:0070857"
"query_1",TRUE,0.0389359772770378,3,3877,3,0.00077379417075058,1,"GO:1905205","GO:BP","positive regulation of connective tissue replacement",20972,22681,"GO:0034105;GO:0097709;GO:1905203"
"query_1",TRUE,0.0389359772770378,3,3877,3,0.00077379417075058,1,"GO:0099185","GO:BP","postsynaptic intermediate filament cytoskeleton organization",20972,17845,"GO:0045104;GO:0099188"
"query_1",TRUE,0.0389359772770378,3,3877,3,0.00077379417075058,1,"GO:0033316","GO:BP","meiotic spindle assembly checkpoint signaling",20972,7599,"GO:0044779;GO:0071173"
"query_1",TRUE,0.0389359772770378,3,3877,3,0.00077379417075058,1,"GO:0061110","GO:BP","dense core granule biogenesis",20972,14163,"GO:0044085"
"query_1",TRUE,0.0389359772770378,3,3877,3,0.00077379417075058,1,"GO:1905604","GO:BP","negative regulation of blood-brain barrier permeability",20972,22957,"GO:0043116;GO:1905603"
"query_1",TRUE,0.0389359772770378,3,3877,3,0.00077379417075058,1,"GO:2001045","GO:BP","negative regulation of integrin-mediated signaling pathway",20972,24352,"GO:0007229;GO:0009968;GO:2001044"
"query_1",TRUE,0.0389359772770378,70,3877,22,0.00567449058550426,0.314285714285714,"GO:0030239","GO:BP","myofibril assembly",20972,6297,"GO:0010927;GO:0031032;GO:0055002;GO:0097435;GO:0140694"
"query_1",TRUE,0.0389359772770378,3,3877,3,0.00077379417075058,1,"GO:0071486","GO:BP","cellular response to high light intensity",20972,15581,"GO:0009644;GO:0071484"
"query_1",TRUE,0.0389359772770378,3,3877,3,0.00077379417075058,1,"GO:0051835","GO:BP","positive regulation of synapse structural plasticity",20972,13020,"GO:0051130;GO:0051823"
"query_1",TRUE,0.0389359772770378,3,3877,3,0.00077379417075058,1,"GO:0046878","GO:BP","positive regulation of saliva secretion",20972,11572,"GO:0046541;GO:0046877;GO:0051047;GO:0060456"
"query_1",TRUE,0.0389359772770378,42,3877,15,0.0038689708537529,0.357142857142857,"GO:1902991","GO:BP","regulation of amyloid precursor protein catabolic process",20972,21104,"GO:0042987;GO:0051246"
"query_1",TRUE,0.0389359772770378,3,3877,3,0.00077379417075058,1,"GO:1903475","GO:BP","mitotic actomyosin contractile ring assembly",20972,21434,"GO:0000915;GO:1902407"
"query_1",TRUE,0.0389359772770378,3,3877,3,0.00077379417075058,1,"GO:1903479","GO:BP","mitotic actomyosin contractile ring assembly actin filament organization",20972,21437,"GO:1903047;GO:1903475;GO:2000689"
"query_1",TRUE,0.0389359772770378,3,3877,3,0.00077379417075058,1,"GO:1903225","GO:BP","negative regulation of endodermal cell differentiation",20972,21244,"GO:0035987;GO:0045596;GO:1903224"
"query_1",TRUE,0.0389359772770378,42,3877,15,0.0038689708537529,0.357142857142857,"GO:0032728","GO:BP","positive regulation of interferon-beta production",20972,7277,"GO:0032481;GO:0032608;GO:0032648"
"query_1",TRUE,0.0389359772770378,3,3877,3,0.00077379417075058,1,"GO:0002514","GO:BP","B cell tolerance induction",20972,994,"GO:0002507"
"query_1",TRUE,0.0389359772770378,3,3877,3,0.00077379417075058,1,"GO:1902407","GO:BP","assembly of actomyosin apparatus involved in mitotic cytokinesis",20972,20736,"GO:0000912;GO:1902410"
"query_1",TRUE,0.0389359772770378,3,3877,3,0.00077379417075058,1,"GO:1902635","GO:BP","1-phosphatidyl-1D-myo-inositol 4,5-bisphosphate biosynthetic process",20972,20868,"GO:0046854;GO:1902633"
"query_1",TRUE,0.0389359772770378,3,3877,3,0.00077379417075058,1,"GO:1902871","GO:BP","positive regulation of amacrine cell differentiation",20972,21027,"GO:0035881;GO:0045666;GO:1902869"
"query_1",TRUE,0.0389359772770378,3,3877,3,0.00077379417075058,1,"GO:0060948","GO:BP","cardiac vascular smooth muscle cell development",20972,14026,"GO:0055006;GO:0060947;GO:0097084"
"query_1",TRUE,0.0389359772770378,3,3877,3,0.00077379417075058,1,"GO:0034146","GO:BP","toll-like receptor 5 signaling pathway",20972,7892,"GO:0140895"
"query_1",TRUE,0.0389359772770378,3,3877,3,0.00077379417075058,1,"GO:1901492","GO:BP","positive regulation of lymphangiogenesis",20972,20112,"GO:0001946;GO:0051094;GO:1901490"
"query_1",TRUE,0.0389359772770378,3,3877,3,0.00077379417075058,1,"GO:0021730","GO:BP","trigeminal sensory nucleus development",20972,5905,"GO:0007420;GO:0048857"
"query_1",TRUE,0.0389359772770378,921,3877,200,0.0515862780500387,0.217155266015201,"GO:0051668","GO:BP","localization within membrane",20972,12955,"GO:0051641"
"query_1",TRUE,0.0389359772770378,3,3877,3,0.00077379417075058,1,"GO:1900625","GO:BP","positive regulation of monocyte aggregation",20972,19518,"GO:0070487;GO:1900623;GO:1903039"
"query_1",TRUE,0.0389359772770378,3,3877,3,0.00077379417075058,1,"GO:2000446","GO:BP","regulation of macrophage migration inhibitory factor signaling pathway",20972,23881,"GO:0001959;GO:0035691"
"query_1",TRUE,0.0389359772770378,3,3877,3,0.00077379417075058,1,"GO:0035691","GO:BP","macrophage migration inhibitory factor signaling pathway",20972,8577,"GO:0019221"
"query_1",TRUE,0.0389359772770378,3,3877,3,0.00077379417075058,1,"GO:2000705","GO:BP","regulation of dense core granule biogenesis",20972,24073,"GO:0044087;GO:0061110"
"query_1",TRUE,0.0389359772770378,3,3877,3,0.00077379417075058,1,"GO:0033058","GO:BP","directional locomotion",20972,7490,"GO:0040011"
"query_1",TRUE,0.0389359772770378,3,3877,3,0.00077379417075058,1,"GO:0033693","GO:BP","neurofilament bundle assembly",20972,7796,"GO:0045110"
"query_1",TRUE,0.0389359772770378,3,3877,3,0.00077379417075058,1,"GO:2000124","GO:BP","regulation of endocannabinoid signaling pathway",20972,23617,"GO:0008277;GO:0071926"
"query_1",TRUE,0.0389359772770378,3,3877,3,0.00077379417075058,1,"GO:0098977","GO:BP","inhibitory chemical synaptic transmission",20972,17746,"GO:0007268"
"query_1",TRUE,0.0389359772770378,3,3877,3,0.00077379417075058,1,"GO:1900623","GO:BP","regulation of monocyte aggregation",20972,19516,"GO:0070487;GO:1903037"
"query_1",TRUE,0.039321489108635,91,3877,27,0.00696414753675522,0.296703296703297,"GO:1901874","GO:BP","negative regulation of post-translational protein modification",20972,20367,"GO:0031400;GO:0043687;GO:1901873"
"query_1",TRUE,0.0395183182443472,66,3877,21,0.00541655919525406,0.318181818181818,"GO:2000379","GO:BP","positive regulation of reactive oxygen species metabolic process",20972,23814,"GO:0009893;GO:0072593;GO:2000377"
"query_1",TRUE,0.0395183182443472,66,3877,21,0.00541655919525406,0.318181818181818,"GO:0150116","GO:BP","regulation of cell-substrate junction organization",20972,18894,"GO:0051128;GO:0150115"
"query_1",TRUE,0.0395183182443472,66,3877,21,0.00541655919525406,0.318181818181818,"GO:0051289","GO:BP","protein homotetramerization",20972,12720,"GO:0051260;GO:0051262"
"query_1",TRUE,0.0400567669952186,62,3877,20,0.00515862780500387,0.32258064516129,"GO:0051785","GO:BP","positive regulation of nuclear division",20972,13005,"GO:0000280;GO:0010638;GO:0051783"
"query_1",TRUE,0.0400567669952186,62,3877,20,0.00515862780500387,0.32258064516129,"GO:0051293","GO:BP","establishment of spindle localization",20972,12724,"GO:0000226;GO:0051649;GO:0051653;GO:0051656"
"query_1",TRUE,0.0400579986615694,50,3877,17,0.00438483363425329,0.34,"GO:0036323","GO:BP","vascular endothelial growth factor receptor-1 signaling pathway",20972,8941,"GO:0048010"
"query_1",TRUE,0.0400579986615694,50,3877,17,0.00438483363425329,0.34,"GO:0032411","GO:BP","positive regulation of transporter activity",20972,7060,"GO:0044093;GO:0051050"
"query_1",TRUE,0.0400579986615694,139,3877,38,0.00980139282950735,0.273381294964029,"GO:0018108","GO:BP","peptidyl-tyrosine phosphorylation",20972,5072,"GO:0006468;GO:0018212"
"query_1",TRUE,0.0400579986615694,104,3877,30,0.0077379417075058,0.288461538461538,"GO:0010389","GO:BP","regulation of G2/M transition of mitotic cell cycle",20972,3928,"GO:0000086;GO:1901990;GO:1902749"
"query_1",TRUE,0.0400579986615694,50,3877,17,0.00438483363425329,0.34,"GO:0021795","GO:BP","cerebral cortex cell migration",20972,5965,"GO:0021987;GO:0022029"
"query_1",TRUE,0.0400579986615694,104,3877,30,0.0077379417075058,0.288461538461538,"GO:0015914","GO:BP","phospholipid transport",20972,4771,"GO:0006869;GO:0015748"
"query_1",TRUE,0.0403117559629325,54,3877,18,0.00464276502450348,0.333333333333333,"GO:0045599","GO:BP","negative regulation of fat cell differentiation",20972,10681,"GO:0045444;GO:0045596;GO:0045598"
"query_1",TRUE,0.0405665604897523,87,3877,26,0.00670621614650503,0.298850574712644,"GO:0007422","GO:BP","peripheral nervous system development",20972,2781,"GO:0007399;GO:0048731"
"query_1",TRUE,0.0406460236888941,17,3877,8,0.00206345112200155,0.470588235294118,"GO:0055119","GO:BP","relaxation of cardiac muscle",20972,13282,"GO:0090075"
"query_1",TRUE,0.0406460236888941,157,3877,42,0.0108331183905081,0.267515923566879,"GO:0046777","GO:BP","protein autophosphorylation",20972,11525,"GO:0006468"
"query_1",TRUE,0.0406460236888941,17,3877,8,0.00206345112200155,0.470588235294118,"GO:0097091","GO:BP","synaptic vesicle clustering",20972,17270,"GO:0097479;GO:0099504"
"query_1",TRUE,0.0406460236888941,207,3877,53,0.0136703636832603,0.256038647342995,"GO:0007179","GO:BP","transforming growth factor beta receptor signaling pathway",20972,2606,"GO:0071560;GO:0141091"
"query_1",TRUE,0.0406460236888941,17,3877,8,0.00206345112200155,0.470588235294118,"GO:0035672","GO:BP","oligopeptide transmembrane transport",20972,8561,"GO:0006857;GO:0055085"
"query_1",TRUE,0.0406460236888941,17,3877,8,0.00206345112200155,0.470588235294118,"GO:0006855","GO:BP","xenobiotic transmembrane transport",20972,2390,"GO:0042908;GO:0055085"
"query_1",TRUE,0.0406460236888941,17,3877,8,0.00206345112200155,0.470588235294118,"GO:0044819","GO:BP","mitotic G1/S transition checkpoint signaling",20972,10422,"GO:0007093;GO:2000134"
"query_1",TRUE,0.0406460236888941,17,3877,8,0.00206345112200155,0.470588235294118,"GO:0044771","GO:BP","meiotic cell cycle phase transition",20972,10396,"GO:0044770;GO:1903046"
"query_1",TRUE,0.0406460236888941,17,3877,8,0.00206345112200155,0.470588235294118,"GO:0003214","GO:BP","cardiac left ventricle morphogenesis",20972,1585,"GO:0003208"
"query_1",TRUE,0.0406460236888941,17,3877,8,0.00206345112200155,0.470588235294118,"GO:0043649","GO:BP","dicarboxylic acid catabolic process",20972,10139,"GO:0043648;GO:0046395"
"query_1",TRUE,0.0406460236888941,17,3877,8,0.00206345112200155,0.470588235294118,"GO:0021819","GO:BP","layer formation in cerebral cortex",20972,5982,"GO:0021801;GO:0048646"
"query_1",TRUE,0.0406460236888941,17,3877,8,0.00206345112200155,0.470588235294118,"GO:0032930","GO:BP","positive regulation of superoxide anion generation",20972,7409,"GO:0032928;GO:0042554;GO:2000379"
"query_1",TRUE,0.0406460236888941,17,3877,8,0.00206345112200155,0.470588235294118,"GO:0043117","GO:BP","positive regulation of vascular permeability",20972,9875,"GO:0043114"
"query_1",TRUE,0.0407301421006282,31,3877,12,0.00309517668300232,0.387096774193548,"GO:0065002","GO:BP","intracellular protein transmembrane transport",20972,14780,"GO:0006886;GO:0071806"
"query_1",TRUE,0.0407301421006282,31,3877,12,0.00309517668300232,0.387096774193548,"GO:0036314","GO:BP","response to sterol",20972,8936,"GO:0033993;GO:1901700"
"query_1",TRUE,0.0417011625600744,83,3877,25,0.00644828475625484,0.301204819277108,"GO:0060395","GO:BP","SMAD protein signal transduction",20972,13604,"GO:0007178;GO:0141124"
"query_1",TRUE,0.0421282752296476,212,3877,54,0.0139282950735104,0.254716981132075,"GO:0016311","GO:BP","dephosphorylation",20972,4947,"GO:0006796"
"query_1",TRUE,0.0423347711331747,522,3877,119,0.030693835439773,0.227969348659004,"GO:0002683","GO:BP","negative regulation of immune system process",20972,1155,"GO:0002376;GO:0002682;GO:0048519"
"query_1",TRUE,0.0432404030609854,24,3877,10,0.00257931390250193,0.416666666666667,"GO:0022010","GO:BP","central nervous system myelination",20972,6132,"GO:0014003;GO:0032291;GO:0042552"
"query_1",TRUE,0.0432404030609854,24,3877,10,0.00257931390250193,0.416666666666667,"GO:1903504","GO:BP","regulation of mitotic spindle checkpoint",20972,21453,"GO:0007346;GO:0071174;GO:0090231"
"query_1",TRUE,0.0432404030609854,24,3877,10,0.00257931390250193,0.416666666666667,"GO:0030859","GO:BP","polarized epithelial cell differentiation",20972,6495,"GO:0001738;GO:0030855"
"query_1",TRUE,0.0432404030609854,24,3877,10,0.00257931390250193,0.416666666666667,"GO:0050732","GO:BP","negative regulation of peptidyl-tyrosine phosphorylation",20972,12372,"GO:0001933;GO:0018108;GO:0050730"
"query_1",TRUE,0.0432404030609854,24,3877,10,0.00257931390250193,0.416666666666667,"GO:0032291","GO:BP","axon ensheathment in central nervous system",20972,6980,"GO:0008366"
"query_1",TRUE,0.0432404030609854,96,3877,28,0.00722207892700542,0.291666666666667,"GO:0051781","GO:BP","positive regulation of cell division",20972,13001,"GO:0048522;GO:0051301;GO:0051302"
"query_1",TRUE,0.0432404030609854,24,3877,10,0.00257931390250193,0.416666666666667,"GO:0090266","GO:BP","regulation of mitotic cell cycle spindle assembly checkpoint",20972,16950,"GO:0007088;GO:0007094;GO:0010965;GO:0030071;GO:0033047;GO:1903504"
"query_1",TRUE,0.0434811440886905,194,3877,50,0.0128965695125097,0.257731958762887,"GO:0016241","GO:BP","regulation of macroautophagy",20972,4935,"GO:0010506;GO:0016236"
"query_1",TRUE,0.0436182379597154,8,3877,5,0.00128965695125097,0.625,"GO:0003190","GO:BP","atrioventricular valve formation",20972,1563,"GO:0003181;GO:0003188"
"query_1",TRUE,0.0436182379597154,8,3877,5,0.00128965695125097,0.625,"GO:1904026","GO:BP","regulation of collagen fibril organization",20972,21817,"GO:0030199;GO:1903053"
"query_1",TRUE,0.0436182379597154,8,3877,5,0.00128965695125097,0.625,"GO:1903367","GO:BP","positive regulation of fear response",20972,21343,"GO:0042596;GO:0048584;GO:0051240;GO:1903365"
"query_1",TRUE,0.0436182379597154,8,3877,5,0.00128965695125097,0.625,"GO:0030070","GO:BP","insulin processing",20972,6235,"GO:0016486;GO:1901142"
"query_1",TRUE,0.0436182379597154,8,3877,5,0.00128965695125097,0.625,"GO:0120181","GO:BP","focal adhesion disassembly",20972,18274,"GO:0120180"
"query_1",TRUE,0.0436182379597154,8,3877,5,0.00128965695125097,0.625,"GO:0036261","GO:BP","7-methylguanosine cap hypermethylation",20972,8900,"GO:0001510;GO:0036260"
"query_1",TRUE,0.0436182379597154,8,3877,5,0.00128965695125097,0.625,"GO:0035563","GO:BP","positive regulation of chromatin binding",20972,8507,"GO:0051099"
"query_1",TRUE,0.0436182379597154,8,3877,5,0.00128965695125097,0.625,"GO:0001554","GO:BP","luteolysis",20972,333,"GO:0008585;GO:0022602"
"query_1",TRUE,0.0436182379597154,8,3877,5,0.00128965695125097,0.625,"GO:0034775","GO:BP","glutathione transmembrane transport",20972,8162,"GO:0034635;GO:0035443"
"query_1",TRUE,0.0436182379597154,8,3877,5,0.00128965695125097,0.625,"GO:0099011","GO:BP","neuronal dense core vesicle exocytosis",20972,17763,"GO:1990504"
"query_1",TRUE,0.0436182379597154,8,3877,5,0.00128965695125097,0.625,"GO:0050812","GO:BP","regulation of acyl-CoA biosynthetic process",20972,12415,"GO:0009889;GO:0019217;GO:0019219;GO:0042762;GO:0051174;GO:0071616"
"query_1",TRUE,0.0436182379597154,8,3877,5,0.00128965695125097,0.625,"GO:0060022","GO:BP","hard palate development",20972,13308,"GO:0048856;GO:0062009"
"query_1",TRUE,0.0436182379597154,8,3877,5,0.00128965695125097,0.625,"GO:0120180","GO:BP","cell-substrate junction disassembly",20972,18273,"GO:0150115;GO:0150146"
"query_1",TRUE,0.0436182379597154,8,3877,5,0.00128965695125097,0.625,"GO:0003149","GO:BP","membranous septum morphogenesis",20972,1525,"GO:0009653;GO:0060412"
"query_1",TRUE,0.0436182379597154,8,3877,5,0.00128965695125097,0.625,"GO:1905603","GO:BP","regulation of blood-brain barrier permeability",20972,22956,"GO:0035633;GO:0043114"
"query_1",TRUE,0.0436182379597154,8,3877,5,0.00128965695125097,0.625,"GO:1901203","GO:BP","positive regulation of extracellular matrix assembly",20972,19923,"GO:0044089;GO:0085029;GO:1901201;GO:1903055"
"query_1",TRUE,0.0436182379597154,8,3877,5,0.00128965695125097,0.625,"GO:0006616","GO:BP","SRP-dependent cotranslational protein targeting to membrane, translocation",20972,2212,"GO:0006614;GO:0065002"
"query_1",TRUE,0.0436182379597154,35,3877,13,0.00335310807325251,0.371428571428571,"GO:0007212","GO:BP","G protein-coupled dopamine receptor signaling pathway",20972,2631,"GO:0007186;GO:1903351"
"query_1",TRUE,0.0436182379597154,8,3877,5,0.00128965695125097,0.625,"GO:0060839","GO:BP","endothelial cell fate commitment",20972,13941,"GO:0045446;GO:0072148"
"query_1",TRUE,0.0436182379597154,35,3877,13,0.00335310807325251,0.371428571428571,"GO:0045773","GO:BP","positive regulation of axon extension",20972,10835,"GO:0030307;GO:0030516;GO:0048639;GO:0048675;GO:0050772"
"query_1",TRUE,0.0436182379597154,1237,3877,262,0.0675780242455507,0.211802748585287,"GO:0045944","GO:BP","positive regulation of transcription by RNA polymerase II",20972,10958,"GO:0006357;GO:0006366;GO:0045893"
"query_1",TRUE,0.0436182379597154,8,3877,5,0.00128965695125097,0.625,"GO:0090129","GO:BP","positive regulation of synapse maturation",20972,16848,"GO:0051094;GO:0051130;GO:0060074;GO:0090128"
"query_1",TRUE,0.0436182379597154,8,3877,5,0.00128965695125097,0.625,"GO:0007207","GO:BP","phospholipase C-activating G protein-coupled acetylcholine receptor signaling pathway",20972,2626,"GO:0007200;GO:0007213"
"query_1",TRUE,0.0436695415153024,75,3877,23,0.00593242197575445,0.306666666666667,"GO:0060113","GO:BP","inner ear receptor cell differentiation",20972,13379,"GO:0042490;GO:0048839"
"query_1",TRUE,0.0436695415153024,75,3877,23,0.00593242197575445,0.306666666666667,"GO:0043112","GO:BP","receptor metabolic process",20972,9871,"GO:0043170"
"query_1",TRUE,0.0436695415153024,75,3877,23,0.00593242197575445,0.306666666666667,"GO:0034103","GO:BP","regulation of tissue remodeling",20972,7849,"GO:0048771;GO:0051239"
"query_1",TRUE,0.043904917439616,140,3877,38,0.00980139282950735,0.271428571428571,"GO:0006470","GO:BP","protein dephosphorylation",20972,2100,"GO:0016311;GO:0036211"
"query_1",TRUE,0.043904917439616,176,3877,46,0.0118648439515089,0.261363636363636,"GO:0015748","GO:BP","organophosphate ester transport",20972,4628,"GO:0006810"
"query_1",TRUE,0.0439683660162054,14,3877,7,0.00180551973175135,0.5,"GO:1905668","GO:BP","positive regulation of protein localization to endosome",20972,23003,"GO:0036010;GO:1903829;GO:1905666"
"query_1",TRUE,0.0439683660162054,14,3877,7,0.00180551973175135,0.5,"GO:0042984","GO:BP","regulation of amyloid precursor protein biosynthetic process",20972,9807,"GO:0010559;GO:0042983"
"query_1",TRUE,0.0439683660162054,14,3877,7,0.00180551973175135,0.5,"GO:1903540","GO:BP","establishment of protein localization to postsynaptic membrane",20972,21483,"GO:0090150"
"query_1",TRUE,0.0439683660162054,14,3877,7,0.00180551973175135,0.5,"GO:0002327","GO:BP","immature B cell differentiation",20972,820,"GO:0030183"
"query_1",TRUE,0.0439683660162054,14,3877,7,0.00180551973175135,0.5,"GO:0001921","GO:BP","positive regulation of receptor recycling",20972,523,"GO:0001881;GO:0001919;GO:0010604;GO:0023056"
"query_1",TRUE,0.0439683660162054,14,3877,7,0.00180551973175135,0.5,"GO:0003222","GO:BP","ventricular trabecula myocardium morphogenesis",20972,1593,"GO:0055010;GO:0061384"
"query_1",TRUE,0.0439683660162054,14,3877,7,0.00180551973175135,0.5,"GO:0051255","GO:BP","spindle midzone assembly",20972,12704,"GO:0007017;GO:0022402;GO:0022607;GO:0051225"
"query_1",TRUE,0.0439683660162054,14,3877,7,0.00180551973175135,0.5,"GO:0042983","GO:BP","amyloid precursor protein biosynthetic process",20972,9806,"GO:0009059;GO:0042982"
"query_1",TRUE,0.0441361538931048,158,3877,42,0.0108331183905081,0.265822784810127,"GO:0030856","GO:BP","regulation of epithelial cell differentiation",20972,6492,"GO:0030855;GO:0045595;GO:2000026"
"query_1",TRUE,0.0442418874712656,222,3877,56,0.0144441578540108,0.252252252252252,"GO:1903046","GO:BP","meiotic cell cycle process",20972,21149,"GO:0022402;GO:0022414;GO:0051321"
"query_1",TRUE,0.0446246297380252,71,3877,22,0.00567449058550426,0.309859154929577,"GO:0015844","GO:BP","monoamine transport",20972,4715,"GO:0071705"
"query_1",TRUE,0.0446396812541798,105,3877,30,0.0077379417075058,0.285714285714286,"GO:0061326","GO:BP","renal tubule development",20972,14327,"GO:0035295;GO:0060429;GO:0072001"
"query_1",TRUE,0.0452420626468817,39,3877,14,0.00361103946350271,0.358974358974359,"GO:0007595","GO:BP","lactation",20972,2914,"GO:0007589;GO:0030879"
"query_1",TRUE,0.0452420626468817,39,3877,14,0.00361103946350271,0.358974358974359,"GO:1904646","GO:BP","cellular response to amyloid-beta",20972,22258,"GO:1901699;GO:1901701;GO:1904645"
"query_1",TRUE,0.04556636385073,11,3877,6,0.00154758834150116,0.545454545454545,"GO:2000392","GO:BP","regulation of lamellipodium morphogenesis",20972,23827,"GO:0022604;GO:0072673;GO:1902743"
"query_1",TRUE,0.04556636385073,11,3877,6,0.00154758834150116,0.545454545454545,"GO:0033605","GO:BP","positive regulation of catecholamine secretion",20972,7754,"GO:0050432;GO:0050433;GO:0051954;GO:1903532"
"query_1",TRUE,0.04556636385073,11,3877,6,0.00154758834150116,0.545454545454545,"GO:2000048","GO:BP","negative regulation of cell-cell adhesion mediated by cadherin",20972,23557,"GO:0022408;GO:0044331;GO:2000047"
"query_1",TRUE,0.04556636385073,11,3877,6,0.00154758834150116,0.545454545454545,"GO:0006107","GO:BP","oxaloacetate metabolic process",20972,1865,"GO:0043648"
"query_1",TRUE,0.04556636385073,11,3877,6,0.00154758834150116,0.545454545454545,"GO:0033604","GO:BP","negative regulation of catecholamine secretion",20972,7753,"GO:0050432;GO:0050433;GO:0051953;GO:1903531"
"query_1",TRUE,0.04556636385073,11,3877,6,0.00154758834150116,0.545454545454545,"GO:1905383","GO:BP","protein localization to presynapse",20972,22811,"GO:0035418"
"query_1",TRUE,0.04556636385073,11,3877,6,0.00154758834150116,0.545454545454545,"GO:1902883","GO:BP","negative regulation of response to oxidative stress",20972,21035,"GO:0006979;GO:0048585;GO:1902882"
"query_1",TRUE,0.04556636385073,11,3877,6,0.00154758834150116,0.545454545454545,"GO:0086100","GO:BP","endothelin receptor signaling pathway",20972,16744,"GO:0007186"
"query_1",TRUE,0.04556636385073,11,3877,6,0.00154758834150116,0.545454545454545,"GO:0071073","GO:BP","positive regulation of phospholipid biosynthetic process",20972,15318,"GO:0008654;GO:0046889;GO:0071071;GO:1903727"
"query_1",TRUE,0.04556636385073,11,3877,6,0.00154758834150116,0.545454545454545,"GO:0086015","GO:BP","SA node cell action potential",20972,16706,"GO:0086001;GO:0086018"
"query_1",TRUE,0.04556636385073,11,3877,6,0.00154758834150116,0.545454545454545,"GO:0086018","GO:BP","SA node cell to atrial cardiac muscle cell signaling",20972,16709,"GO:0086070"
"query_1",TRUE,0.04556636385073,364,3877,86,0.0221820995615166,0.236263736263736,"GO:0010506","GO:BP","regulation of autophagy",20972,3996,"GO:0006914;GO:0009894"
"query_1",TRUE,0.04556636385073,11,3877,6,0.00154758834150116,0.545454545454545,"GO:1905063","GO:BP","regulation of vascular associated smooth muscle cell differentiation",20972,22580,"GO:0035886;GO:0051150"
"query_1",TRUE,0.04556636385073,11,3877,6,0.00154758834150116,0.545454545454545,"GO:0021604","GO:BP","cranial nerve structural organization",20972,5779,"GO:0021602;GO:0048532"
"query_1",TRUE,0.04556636385073,88,3877,26,0.00670621614650503,0.295454545454545,"GO:0048145","GO:BP","regulation of fibroblast proliferation",20972,11701,"GO:0042127;GO:0048144"
"query_1",TRUE,0.04556636385073,67,3877,21,0.00541655919525406,0.313432835820896,"GO:0060042","GO:BP","retina morphogenesis in camera-type eye",20972,13328,"GO:0009653;GO:0048593;GO:0060041"
"query_1",TRUE,0.04556636385073,227,3877,57,0.014702089244261,0.251101321585903,"GO:0097529","GO:BP","myeloid leukocyte migration",20972,17462,"GO:0050900"
"query_1",TRUE,0.04556636385073,11,3877,6,0.00154758834150116,0.545454545454545,"GO:0021892","GO:BP","cerebral cortex GABAergic interneuron differentiation",20972,6032,"GO:0021895;GO:0097154"
"query_1",TRUE,0.04556636385073,11,3877,6,0.00154758834150116,0.545454545454545,"GO:0098870","GO:BP","action potential propagation",20972,17681,"GO:0001508"
"query_1",TRUE,0.04556636385073,67,3877,21,0.00541655919525406,0.313432835820896,"GO:0051653","GO:BP","spindle localization",20972,12941,"GO:0022402;GO:0051640"
"query_1",TRUE,0.04556636385073,11,3877,6,0.00154758834150116,0.545454545454545,"GO:0032488","GO:BP","Cdc42 protein signal transduction",20972,7104,"GO:0007266"
"query_1",TRUE,0.0456380696824907,204,3877,52,0.0134124322930101,0.254901960784314,"GO:0033674","GO:BP","positive regulation of kinase activity",20972,7788,"GO:0042327;GO:0043085;GO:0043549"
"query_1",TRUE,0.0460801794410643,63,3877,20,0.00515862780500387,0.317460317460317,"GO:0035791","GO:BP","platelet-derived growth factor receptor-beta signaling pathway",20972,8654,"GO:0048008"
"query_1",TRUE,0.0461359081629314,101,3877,29,0.00748001031725561,0.287128712871287,"GO:0071346","GO:BP","cellular response to type II interferon",20972,15462,"GO:0034341;GO:0071345"
"query_1",TRUE,0.0461359081629314,43,3877,15,0.0038689708537529,0.348837209302326,"GO:0046676","GO:BP","negative regulation of insulin secretion",20972,11469,"GO:0030073;GO:0050709;GO:0050796;GO:0090278"
"query_1",TRUE,0.0461359081629314,43,3877,15,0.0038689708537529,0.348837209302326,"GO:0032941","GO:BP","secretion by tissue",20972,7415,"GO:0032501;GO:0046903"
"query_1",TRUE,0.0465168785928448,260,3877,64,0.0165076089760124,0.246153846153846,"GO:0032386","GO:BP","regulation of intracellular transport",20972,7052,"GO:0046907;GO:0051049;GO:0060341"
"query_1",TRUE,0.0468755854209214,47,3877,16,0.0041269022440031,0.340425531914894,"GO:0045840","GO:BP","positive regulation of mitotic nuclear division",20972,10883,"GO:0007088;GO:0051785;GO:0090068;GO:0140014"
"query_1",TRUE,0.0468755854209214,47,3877,16,0.0041269022440031,0.340425531914894,"GO:0002269","GO:BP","leukocyte activation involved in inflammatory response",20972,776,"GO:0006954;GO:0045321"
"query_1",TRUE,0.0468755854209214,47,3877,16,0.0041269022440031,0.340425531914894,"GO:0060443","GO:BP","mammary gland morphogenesis",20972,13646,"GO:0022612;GO:0030879"
"query_1",TRUE,0.0468755854209214,47,3877,16,0.0041269022440031,0.340425531914894,"GO:0021762","GO:BP","substantia nigra development",20972,5934,"GO:0030901;GO:0048857"
"query_1",TRUE,0.0469372184610165,84,3877,25,0.00644828475625484,0.297619047619048,"GO:0008625","GO:BP","extrinsic apoptotic signaling pathway via death domain receptors",20972,3074,"GO:0097191"
"query_1",TRUE,0.0470084793265354,55,3877,18,0.00464276502450348,0.327272727272727,"GO:2000648","GO:BP","positive regulation of stem cell proliferation",20972,24040,"GO:0008284;GO:0072089;GO:0072091"
"query_1",TRUE,0.0470084793265354,55,3877,18,0.00464276502450348,0.327272727272727,"GO:1903351","GO:BP","cellular response to dopamine",20972,21330,"GO:0071870;GO:1903350"
"query_1",TRUE,0.0470716250404495,51,3877,17,0.00438483363425329,0.333333333333333,"GO:0006858","GO:BP","extracellular transport",20972,2393,"GO:0006810"
"query_1",TRUE,0.0470716250404495,51,3877,17,0.00438483363425329,0.333333333333333,"GO:0051496","GO:BP","positive regulation of stress fiber assembly",20972,12838,"GO:0032233;GO:0043149;GO:0051492"
"query_1",TRUE,0.0473185736303389,28,3877,11,0.00283724529275213,0.392857142857143,"GO:0043267","GO:BP","negative regulation of potassium ion transport",20972,9923,"GO:0006813;GO:0043266;GO:0043271"
"query_1",TRUE,0.0473185736303389,28,3877,11,0.00283724529275213,0.392857142857143,"GO:0052372","GO:BP","modulation by symbiont of entry into host",20972,13168,"GO:0043903;GO:0044409"
"query_1",TRUE,0.0474301193225372,2913,3877,586,0.151147794686613,0.201167181599725,"GO:0002376","GO:BP","immune system process",20972,867,"GO:0008150"
"query_1",TRUE,0.0479699847514904,97,3877,28,0.00722207892700542,0.288659793814433,"GO:0045833","GO:BP","negative regulation of lipid metabolic process",20972,10876,"GO:0006629;GO:0009892;GO:0019216"
"query_1",TRUE,0.0483683330110042,525,3877,119,0.030693835439773,0.226666666666667,"GO:0080135","GO:BP","regulation of cellular response to stress",20972,16634,"GO:0033554;GO:0050794;GO:0080134"
"query_1",TRUE,0.0485034556626621,80,3877,24,0.00619035336600464,0.3,"GO:0014032","GO:BP","neural crest cell development",20972,4386,"GO:0014033;GO:0048864"
"query_1",TRUE,0.0491182920620616,119,3877,33,0.00851173587825638,0.277310924369748,"GO:0001824","GO:BP","blastocyst development",20972,468,"GO:0001701;GO:0048856"
"query_1",TRUE,0.0491182920620616,21,3877,9,0.00232138251225174,0.428571428571429,"GO:0097049","GO:BP","motor neuron apoptotic process",20972,17245,"GO:0051402"
"query_1",TRUE,0.0491182920620616,21,3877,9,0.00232138251225174,0.428571428571429,"GO:2001135","GO:BP","regulation of endocytic recycling",20972,24411,"GO:0032386;GO:0032456;GO:0060627"
"query_1",TRUE,0.0491182920620616,21,3877,9,0.00232138251225174,0.428571428571429,"GO:0046596","GO:BP","regulation of viral entry into host cell",20972,11408,"GO:0046718;GO:0052372;GO:1903900"
"query_1",TRUE,0.0491182920620616,21,3877,9,0.00232138251225174,0.428571428571429,"GO:0048846","GO:BP","axon extension involved in axon guidance",20972,12237,"GO:0007411;GO:0048675"
"query_1",TRUE,0.0491182920620616,21,3877,9,0.00232138251225174,0.428571428571429,"GO:0099188","GO:BP","postsynaptic cytoskeleton organization",20972,17847,"GO:0007010;GO:0099173"
"query_1",TRUE,0.0491182920620616,119,3877,33,0.00851173587825638,0.277310924369748,"GO:0015695","GO:BP","organic cation transport",20972,4577,"GO:0006810"
"query_1",TRUE,0.0498729767375081,93,3877,27,0.00696414753675522,0.290322580645161,"GO:0032651","GO:BP","regulation of interleukin-1 beta production",20972,7202,"GO:0032611;GO:0032652"
"query_1",TRUE,0.0498729767375081,93,3877,27,0.00696414753675522,0.290322580645161,"GO:0032611","GO:BP","interleukin-1 beta production",20972,7163,"GO:0032612"
"query_1",TRUE,0.0498729767375081,93,3877,27,0.00696414753675522,0.290322580645161,"GO:0032465","GO:BP","regulation of cytokinesis",20972,7085,"GO:0000910;GO:0010564;GO:0051302"
"query_1",TRUE,0.0498729767375081,93,3877,27,0.00696414753675522,0.290322580645161,"GO:0030901","GO:BP","midbrain development",20972,6510,"GO:0007420;GO:0048856"
"query_1",TRUE,0.0499285667455025,76,3877,23,0.00593242197575445,0.302631578947368,"GO:0045661","GO:BP","regulation of myoblast differentiation",20972,10743,"GO:0045445;GO:0045595"
"query_1",TRUE,0.0499285667455025,76,3877,23,0.00593242197575445,0.302631578947368,"GO:0009247","GO:BP","glycolipid biosynthetic process",20972,3256,"GO:0006664;GO:0008610;GO:1901137"
"query_1",TRUE,0.0499285667455025,128,3877,35,0.00902759865875677,0.2734375,"GO:0048659","GO:BP","smooth muscle cell proliferation",20972,12068,"GO:0033002"
"query_1",TRUE,0.0499285667455025,128,3877,35,0.00902759865875677,0.2734375,"GO:0030833","GO:BP","regulation of actin filament polymerization",20972,6471,"GO:0008064;GO:0030041;GO:0032271"
"query_1",TRUE,0.0499455695150276,173,3877,45,0.0116069125612587,0.260115606936416,"GO:0048592","GO:BP","eye morphogenesis",20972,12012,"GO:0001654;GO:0090596"
"query_1",TRUE,1.17052691896891e-109,2370,4099,875,0.213466699194926,0.369198312236287,"GO:0030054","GO:CC","cell junction",22155,844,"GO:0110165"
"query_1",TRUE,3.17751015222468e-101,1608,4099,655,0.159795071968773,0.407338308457711,"GO:0045202","GO:CC","synapse",22155,2102,"GO:0030054"
"query_1",TRUE,1.27650493746433e-95,12601,4099,2923,0.71310075628202,0.231965717006587,"GO:0005737","GO:CC","cytoplasm",22155,304,"GO:0005622;GO:0110165"
"query_1",TRUE,2.38714882461424e-80,2566,4099,856,0.208831422298121,0.333593141075604,"GO:0042995","GO:CC","cell projection",22155,1807,"GO:0110165"
"query_1",TRUE,8.10405916602807e-76,2449,4099,816,0.199072944620639,0.333197223356472,"GO:0120025","GO:CC","plasma membrane bounded cell projection",22155,3370,"GO:0042995"
"query_1",TRUE,2.73466715519386e-73,1321,4099,521,0.127104171749207,0.39439818319455,"GO:0043005","GO:CC","neuron projection",22155,1808,"GO:0120025"
"query_1",TRUE,8.72640270548399e-57,737,4099,324,0.0790436691876067,0.439620081411126,"GO:0098794","GO:CC","postsynapse",22155,3185,"GO:0045202;GO:0110165"
"query_1",TRUE,2.73909020008654e-56,826,4099,349,0.0851427177360332,0.422518159806295,"GO:0036477","GO:CC","somatodendritic compartment",22155,1684,"GO:0110165"
"query_1",TRUE,2.67189962803879e-55,633,4099,290,0.0707489631617468,0.458135860979463,"GO:0030424","GO:CC","axon",22155,907,"GO:0043005"
"query_1",TRUE,8.59512246045254e-46,9975,4099,2264,0.552329836545499,0.226967418546366,"GO:0016020","GO:CC","membrane",22155,699,"GO:0110165"
"query_1",TRUE,2.45724635820565e-43,6263,4099,1534,0.374237618931447,0.244930544467508,"GO:0071944","GO:CC","cell periphery",22155,2724,"GO:0110165"
"query_1",TRUE,2.86490849126673e-43,604,4099,260,0.063430104903635,0.43046357615894,"GO:0097447","GO:CC","dendritic tree",22155,2935,"GO:0036477;GO:0043005"
"query_1",TRUE,4.43702359421955e-43,602,4099,259,0.063186142961698,0.430232558139535,"GO:0030425","GO:CC","dendrite",22155,908,"GO:0043005;GO:0097447"
"query_1",TRUE,2.53462256119839e-41,610,4099,258,0.0629421810197609,0.422950819672131,"GO:0098793","GO:CC","presynapse",22155,3184,"GO:0045202;GO:0110165"
"query_1",TRUE,1.43313325555187e-40,387,4099,189,0.0461088070261039,0.488372093023256,"GO:0098984","GO:CC","neuron to neuron synapse",22155,3250,"GO:0045202"
"query_1",TRUE,2.96636771037864e-40,370,4099,183,0.0446450353744816,0.494594594594595,"GO:0099572","GO:CC","postsynaptic specialization",22155,3302,"GO:0043226;GO:0098794"
"query_1",TRUE,8.3652798086748e-40,426,4099,200,0.0487923883874116,0.469483568075117,"GO:0097060","GO:CC","synaptic membrane",22155,2830,"GO:0045202;GO:0098590"
"query_1",TRUE,6.45993421763188e-39,4949,4099,1246,0.303976579653574,0.251768033946252,"GO:0012505","GO:CC","endomembrane system",22155,666,"GO:0110165"
"query_1",TRUE,3.21209217855076e-37,548,4099,232,0.0565991705293974,0.423357664233577,"GO:0098978","GO:CC","glutamatergic synapse",22155,3244,"GO:0045202"
"query_1",TRUE,5.45874686972827e-37,352,4099,172,0.0419614540131739,0.488636363636364,"GO:0032279","GO:CC","asymmetric synapse",22155,1253,"GO:0098984"
"query_1",TRUE,6.67116904610607e-37,337,4099,167,0.0407416443034887,0.495548961424332,"GO:0014069","GO:CC","postsynaptic density",22155,673,"GO:0032279;GO:0099572"
"query_1",TRUE,1.40186187736618e-36,1303,4099,430,0.104903635032935,0.330007674597084,"GO:0098590","GO:CC","plasma membrane region",22155,3147,"GO:0005886;GO:0016020"
"query_1",TRUE,1.40186187736618e-36,5906,4099,1430,0.348865576969993,0.242126650863529,"GO:0005886","GO:CC","plasma membrane",22155,409,"GO:0016020;GO:0071944"
"query_1",TRUE,1.54675220546848e-31,528,4099,215,0.0524518175164674,0.40719696969697,"GO:0044297","GO:CC","cell body",22155,2012,"GO:0110165"
"query_1",TRUE,5.93383377178441e-29,462,4099,191,0.046596730909978,0.413419913419913,"GO:0043025","GO:CC","neuronal cell body",22155,1810,"GO:0036477;GO:0044297"
"query_1",TRUE,1.58518549972092e-28,2544,4099,690,0.16833373993657,0.27122641509434,"GO:0005856","GO:CC","cytoskeleton",22155,386,"GO:0043232"
"query_1",TRUE,1.54591356127437e-27,4032,4099,1003,0.244693827762869,0.248759920634921,"GO:0031982","GO:CC","vesicle",22155,1199,"GO:0043227"
"query_1",TRUE,5.05182426736236e-26,5607,4099,1316,0.321053915589168,0.234706616729089,"GO:0005829","GO:CC","cytosol",22155,367,"GO:0005737;GO:0110165"
"query_1",TRUE,6.87644748712832e-24,304,4099,135,0.0329348621615028,0.444078947368421,"GO:0045211","GO:CC","postsynaptic membrane",22155,2103,"GO:0097060;GO:0098794"
"query_1",TRUE,7.42340883117625e-24,265,4099,123,0.0300073188582581,0.464150943396226,"GO:0150034","GO:CC","distal axon",22155,3551,"GO:0030424;GO:0110165"
"query_1",TRUE,2.0812489333742e-22,1526,4099,438,0.106855330568431,0.287024901703801,"GO:0015630","GO:CC","microtubule cytoskeleton",22155,687,"GO:0005856"
"query_1",TRUE,2.06094459508297e-21,2548,4099,660,0.161014881678458,0.259026687598116,"GO:0031410","GO:CC","cytoplasmic vesicle",22155,1078,"GO:0005737;GO:0097708"
"query_1",TRUE,2.864968630249e-21,2556,4099,661,0.161258843620395,0.258607198748044,"GO:0097708","GO:CC","intracellular vesicle",22155,3067,"GO:0031982;GO:0043231"
"query_1",TRUE,3.72235647307368e-20,168,4099,86,0.020980727006587,0.511904761904762,"GO:0042734","GO:CC","presynaptic membrane",22155,1797,"GO:0097060;GO:0098793"
"query_1",TRUE,6.42253250902897e-20,911,4099,285,0.0695291534520615,0.312843029637761,"GO:0070161","GO:CC","anchoring junction",22155,2374,"GO:0030054"
"query_1",TRUE,4.38744394064665e-19,143,4099,76,0.0185411075872164,0.531468531468531,"GO:0099634","GO:CC","postsynaptic specialization membrane",22155,3308,"GO:0045211;GO:0097060;GO:0099572"
"query_1",TRUE,4.5323739236745e-19,164,4099,83,0.0202488411807758,0.50609756097561,"GO:0044309","GO:CC","neuron spine",22155,2024,"GO:0043005"
"query_1",TRUE,2.06652771777508e-18,161,4099,81,0.0197609172969017,0.503105590062112,"GO:0043197","GO:CC","dendritic spine",22155,1829,"GO:0030425;GO:0044309;GO:0098794"
"query_1",TRUE,3.93499107132471e-18,2268,4099,584,0.142473774091242,0.257495590828924,"GO:0098588","GO:CC","bounding membrane of organelle",22155,3146,"GO:0031090"
"query_1",TRUE,3.10362210808613e-17,235,4099,102,0.0248841180775799,0.434042553191489,"GO:0070382","GO:CC","exocytic vesicle",22155,2403,"GO:0030133;GO:0099503"
"query_1",TRUE,7.71610077921801e-17,3868,4099,911,0.22224932910466,0.235522233712513,"GO:0031090","GO:CC","organelle membrane",22155,1017,"GO:0016020;GO:0043227"
"query_1",TRUE,1.25481861609227e-16,423,4099,153,0.0373261771163698,0.361702127659574,"GO:0031252","GO:CC","cell leading edge",22155,1046,"GO:0110165"
"query_1",TRUE,2.23649443847135e-16,217,4099,95,0.0231763844840205,0.43778801843318,"GO:0008021","GO:CC","synaptic vesicle",22155,470,"GO:0070382;GO:0098793"
"query_1",TRUE,2.51723178118033e-16,21660,4099,4072,0.993413027567699,0.187996306555863,"GO:0110165","GO:CC","cellular anatomical structure",22155,3366,"GO:0005575"
"query_1",TRUE,4.73997380872875e-16,975,4099,287,0.0700170773359356,0.294358974358974,"GO:0005815","GO:CC","microtubule organizing center",22155,355,"GO:0015630;GO:0110165"
"query_1",TRUE,8.08308357106859e-16,96,4099,55,0.0134179068065382,0.572916666666667,"GO:0098685","GO:CC","Schaffer collateral - CA1 synapse",22155,3171,"GO:0045202"
"query_1",TRUE,1.12095117413745e-15,105,4099,58,0.0141497926323494,0.552380952380952,"GO:0098982","GO:CC","GABA-ergic synapse",22155,3248,"GO:0045202"
"query_1",TRUE,1.3978766304162e-15,117,4099,62,0.0151256404000976,0.52991452991453,"GO:0098839","GO:CC","postsynaptic density membrane",22155,3206,"GO:0014069;GO:0099634"
"query_1",TRUE,3.14609956705765e-15,437,4099,153,0.0373261771163698,0.350114416475973,"GO:0030133","GO:CC","transport vesicle",22155,884,"GO:0012505;GO:0031410"
"query_1",TRUE,4.07507259679182e-15,69,4099,44,0.0107343254452305,0.63768115942029,"GO:0044304","GO:CC","main axon",22155,2019,"GO:0030424;GO:0110165"
"query_1",TRUE,6.85358647655294e-15,1257,4099,347,0.0846547938521591,0.276054097056484,"GO:0030659","GO:CC","cytoplasmic vesicle membrane",22155,923,"GO:0012506;GO:0031410"
"query_1",TRUE,9.48808221231862e-15,65,4099,42,0.0102464015613564,0.646153846153846,"GO:0060076","GO:CC","excitatory synapse",22155,2200,"GO:0045202"
"query_1",TRUE,1.3396109824522e-14,1276,4099,350,0.0853866796779702,0.274294670846395,"GO:0012506","GO:CC","vesicle membrane",22155,667,"GO:0031090;GO:0031982"
"query_1",TRUE,4.0798607082806e-14,1680,4099,437,0.106611368626494,0.260119047619048,"GO:0005794","GO:CC","Golgi apparatus",22155,345,"GO:0005737;GO:0012505;GO:0043231"
"query_1",TRUE,5.90652184740723e-14,522,4099,171,0.0417174920712369,0.327586206896552,"GO:0005911","GO:CC","cell-cell junction",22155,426,"GO:0070161"
"query_1",TRUE,1.35979175320023e-13,1938,4099,490,0.119541351549158,0.252837977296182,"GO:0099080","GO:CC","supramolecular complex",22155,3268,"GO:0110165"
"query_1",TRUE,1.54784216187693e-13,491,4099,162,0.0395218345938034,0.329938900203666,"GO:0005874","GO:CC","microtubule",22155,399,"GO:0015630;GO:0099513"
"query_1",TRUE,2.11578692286538e-13,80,4099,46,0.0112222493291047,0.575,"GO:0048786","GO:CC","presynaptic active zone",22155,2178,"GO:0098793;GO:0110165"
"query_1",TRUE,2.21990297525074e-13,166,4099,74,0.0180531837033423,0.44578313253012,"GO:0030427","GO:CC","site of polarized growth",22155,910,"GO:0110165"
"query_1",TRUE,2.30502534153037e-13,137,4099,65,0.0158575262259088,0.474452554744526,"GO:0030672","GO:CC","synaptic vesicle membrane",22155,935,"GO:0008021;GO:0099501"
"query_1",TRUE,2.30502534153037e-13,137,4099,65,0.0158575262259088,0.474452554744526,"GO:0099501","GO:CC","exocytic vesicle membrane",22155,3290,"GO:0030658;GO:0070382"
"query_1",TRUE,5.67733733078069e-13,2119,4099,525,0.128080019516955,0.247758376592732,"GO:0005783","GO:CC","endoplasmic reticulum",22155,335,"GO:0005737;GO:0012505;GO:0043231"
"query_1",TRUE,1.40296408479351e-12,161,4099,71,0.0173212978775311,0.440993788819876,"GO:0030426","GO:CC","growth cone",22155,909,"GO:0030427;GO:0150034"
"query_1",TRUE,2.02005035545212e-12,123,4099,59,0.0143937545742864,0.479674796747967,"GO:0044306","GO:CC","neuron projection terminus",22155,2021,"GO:0043005;GO:0110165"
"query_1",TRUE,3.25944900795147e-12,150,4099,67,0.0163454501097829,0.446666666666667,"GO:0043204","GO:CC","perikaryon",22155,1833,"GO:0043025;GO:0110165"
"query_1",TRUE,9.86789279720395e-12,1051,4099,287,0.0700170773359356,0.273073263558516,"GO:0099081","GO:CC","supramolecular polymer",22155,3269,"GO:0099080"
"query_1",TRUE,9.86789279720395e-12,1051,4099,287,0.0700170773359356,0.273073263558516,"GO:0099512","GO:CC","supramolecular fiber",22155,3292,"GO:0099081"
"query_1",TRUE,1.11718422245232e-11,767,4099,222,0.0541595511100268,0.289439374185137,"GO:0005813","GO:CC","centrosome",22155,353,"GO:0005815"
"query_1",TRUE,1.84206942666824e-11,719,4099,210,0.0512320078067821,0.292072322670376,"GO:0048471","GO:CC","perinuclear region of cytoplasm",22155,2167,"GO:0005737;GO:0110165"
"query_1",TRUE,2.8134145328499e-11,107,4099,52,0.012686020980727,0.485981308411215,"GO:0043679","GO:CC","axon terminus",22155,1920,"GO:0044306;GO:0098793;GO:0150034"
"query_1",TRUE,4.63216454474648e-11,369,4099,124,0.0302512808001952,0.336043360433604,"GO:0034702","GO:CC","monoatomic ion channel complex",22155,1505,"GO:1902495"
"query_1",TRUE,5.46551952240505e-11,1084,4099,291,0.0709929251036838,0.268450184501845,"GO:0099503","GO:CC","secretory vesicle",22155,3291,"GO:0031410"
"query_1",TRUE,3.42375966142338e-10,4249,4099,940,0.229324225420834,0.221228524358673,"GO:0005576","GO:CC","extracellular region",22155,194,"GO:0110165"
"query_1",TRUE,5.91306057089547e-10,249,4099,90,0.0219565747743352,0.36144578313253,"GO:0030658","GO:CC","transport vesicle membrane",22155,922,"GO:0030133;GO:0030659;GO:0098588"
"query_1",TRUE,1.43285226799684e-09,3252,4099,736,0.179555989265675,0.226322263222632,"GO:0005615","GO:CC","extracellular space",22155,227,"GO:0005576;GO:0110165"
"query_1",TRUE,1.69090086812469e-09,4334,4099,951,0.232007806782142,0.219427780341486,"GO:0005654","GO:CC","nucleoplasm",22155,247,"GO:0031981;GO:0110165"
"query_1",TRUE,2.77087995378097e-09,89,4099,43,0.0104903635032935,0.48314606741573,"GO:0008076","GO:CC","voltage-gated potassium channel complex",22155,474,"GO:0034705;GO:0098797"
"query_1",TRUE,2.8483859997415e-09,726,4099,203,0.0495242742132227,0.279614325068871,"GO:0098797","GO:CC","plasma membrane protein complex",22155,3187,"GO:0005886;GO:0098796"
"query_1",TRUE,5.55286140169892e-09,97,4099,45,0.0109782873871676,0.463917525773196,"GO:0005604","GO:CC","basement membrane",22155,218,"GO:0031012"
"query_1",TRUE,6.96479364919813e-09,813,4099,221,0.0539155891680898,0.271832718327183,"GO:0099513","GO:CC","polymeric cytoskeletal fiber",22155,3293,"GO:0005856;GO:0099512"
"query_1",TRUE,7.62429110200806e-09,425,4099,131,0.0319590143937546,0.308235294117647,"GO:0005925","GO:CC","focal adhesion",22155,438,"GO:0030055"
"query_1",TRUE,8.19112863341135e-09,2141,4099,504,0.122956818736277,0.235404016814573,"GO:1903561","GO:CC","extracellular vesicle",22155,3698,"GO:0031982;GO:0065010"
"query_1",TRUE,8.19112863341135e-09,135,4099,56,0.0136618687484752,0.414814814814815,"GO:0042383","GO:CC","sarcolemma",22155,1745,"GO:0005886"
"query_1",TRUE,8.59418185859103e-09,2142,4099,504,0.122956818736277,0.235294117647059,"GO:0065010","GO:CC","extracellular membrane-bounded organelle",22155,2332,"GO:0043227;GO:0043230"
"query_1",TRUE,8.59418185859103e-09,2142,4099,504,0.122956818736277,0.235294117647059,"GO:0043230","GO:CC","extracellular organelle",22155,1844,"GO:0005576;GO:0043226"
"query_1",TRUE,9.53930011050444e-09,435,4099,133,0.0324469382776287,0.305747126436782,"GO:0030055","GO:CC","cell-substrate junction",22155,845,"GO:0070161"
"query_1",TRUE,1.34029882870063e-08,23,4099,18,0.00439131495486704,0.782608695652174,"GO:0043194","GO:CC","axon initial segment",22155,1826,"GO:0044304;GO:0110165"
"query_1",TRUE,1.70332501998899e-08,100,4099,45,0.0109782873871676,0.45,"GO:0034705","GO:CC","potassium channel complex",22155,1508,"GO:0034703"
"query_1",TRUE,5.11163745420194e-08,181,4099,67,0.0163454501097829,0.370165745856354,"GO:0031256","GO:CC","leading edge membrane",22155,1050,"GO:0005886;GO:0031252;GO:0110165"
"query_1",TRUE,5.49001149621515e-08,2111,4099,492,0.120029275433032,0.233064898152534,"GO:0070062","GO:CC","extracellular exosome",22155,2352,"GO:0005615;GO:1903561"
"query_1",TRUE,6.48055400425713e-08,62,4099,32,0.00780678214198585,0.516129032258065,"GO:0032589","GO:CC","neuron projection membrane",22155,1290,"GO:0031253;GO:0031256;GO:0043005"
"query_1",TRUE,1.29954863817906e-07,904,4099,235,0.0573310563552086,0.259955752212389,"GO:0009986","GO:CC","cell surface",22155,641,"GO:0110165"
"query_1",TRUE,1.29954863817906e-07,339,4099,106,0.0258599658453281,0.312684365781711,"GO:0031012","GO:CC","extracellular matrix",22155,1000,"GO:0030312"
"query_1",TRUE,1.4299725993293e-07,189,4099,68,0.0165894120517199,0.35978835978836,"GO:0005912","GO:CC","adherens junction",22155,427,"GO:0005911"
"query_1",TRUE,1.50347751717314e-07,340,4099,106,0.0258599658453281,0.311764705882353,"GO:0030312","GO:CC","external encapsulating structure",22155,902,"GO:0071944;GO:0110165"
"query_1",TRUE,2.48550353626104e-07,199,4099,70,0.017077335935594,0.351758793969849,"GO:0030027","GO:CC","lamellipodium",22155,843,"GO:0031252;GO:0120025"
"query_1",TRUE,2.97781300086943e-07,162,4099,60,0.0146377165162235,0.37037037037037,"GO:0019898","GO:CC","extrinsic component of membrane",22155,803,"GO:0016020;GO:0110165"
"query_1",TRUE,3.08420933549015e-07,78,4099,36,0.00878262990973408,0.461538461538462,"GO:0031594","GO:CC","neuromuscular junction",22155,1141,"GO:0045202"
"query_1",TRUE,3.30317581900426e-07,39,4099,23,0.00561112466455233,0.58974358974359,"GO:0043198","GO:CC","dendritic shaft",22155,1830,"GO:0030425;GO:0110165"
"query_1",TRUE,3.81427795899173e-07,42,4099,24,0.00585508660648939,0.571428571428571,"GO:0031045","GO:CC","dense core granule",22155,1008,"GO:0030141"
"query_1",TRUE,4.41304260225096e-07,24,4099,17,0.00414735301292998,0.708333333333333,"GO:0098688","GO:CC","parallel fiber to Purkinje cell synapse",22155,3174,"GO:0060076"
"query_1",TRUE,5.13636050911119e-07,356,4099,108,0.0263478897292022,0.303370786516854,"GO:0031253","GO:CC","cell projection membrane",22155,1047,"GO:0098590;GO:0120025"
"query_1",TRUE,5.61498316231949e-07,528,4099,148,0.0361063674066846,0.28030303030303,"GO:1990351","GO:CC","transporter complex",22155,3890,"GO:0032991"
"query_1",TRUE,5.74194031053679e-07,537,4099,150,0.0365942912905587,0.279329608938547,"GO:0015629","GO:CC","actin cytoskeleton",22155,686,"GO:0005856"
"query_1",TRUE,7.2006926515586e-07,27,4099,18,0.00439131495486704,0.666666666666667,"GO:0032281","GO:CC","AMPA glutamate receptor complex",22155,1255,"GO:0008328"
"query_1",TRUE,7.54262770991076e-07,49,4099,26,0.0063430104903635,0.530612244897959,"GO:0030315","GO:CC","T-tubule",22155,905,"GO:0042383;GO:0110165"
"query_1",TRUE,8.09216739356062e-07,20,4099,15,0.00365942912905587,0.75,"GO:0033268","GO:CC","node of Ranvier",22155,1378,"GO:0044304;GO:0110165"
"query_1",TRUE,9.44003163564239e-07,237,4099,78,0.0190290314710905,0.329113924050633,"GO:0034703","GO:CC","cation channel complex",22155,1506,"GO:0034702"
"query_1",TRUE,1.04838093831361e-06,507,4099,142,0.0346425957550622,0.280078895463511,"GO:1902495","GO:CC","transmembrane transporter complex",22155,3644,"GO:0098796;GO:1990351"
"query_1",TRUE,1.08342573492394e-06,41,4099,23,0.00561112466455233,0.560975609756098,"GO:0008328","GO:CC","ionotropic glutamate receptor complex",22155,490,"GO:0034702;GO:0098878"
"query_1",TRUE,1.11537867279267e-06,12,4099,11,0.00268358136130764,0.916666666666667,"GO:0044224","GO:CC","juxtaparanode region of axon",22155,1990,"GO:0044304;GO:0110165"
"query_1",TRUE,1.29082675290518e-06,267,4099,85,0.0207367650646499,0.318352059925094,"GO:0000775","GO:CC","chromosome, centromeric region",22155,83,"GO:0098687"
"query_1",TRUE,1.30175411468616e-06,448,4099,128,0.0312271285679434,0.285714285714286,"GO:0005819","GO:CC","spindle",22155,358,"GO:0015630;GO:0043232"
"query_1",TRUE,1.43302611344916e-06,410,4099,119,0.0290314710905099,0.290243902439024,"GO:0098687","GO:CC","chromosomal region",22155,3173,"GO:0005694;GO:0110165"
"query_1",TRUE,1.50693497100146e-06,66,4099,31,0.00756282020004879,0.46969696969697,"GO:0016328","GO:CC","lateral plasma membrane",22155,713,"GO:0005886;GO:0110165"
"query_1",TRUE,1.60336742726e-06,322,4099,98,0.0239082703098317,0.304347826086957,"GO:0005788","GO:CC","endoplasmic reticulum lumen",22155,340,"GO:0005783;GO:0070013"
"query_1",TRUE,1.85701437911853e-06,42,4099,23,0.00561112466455233,0.547619047619048,"GO:0032590","GO:CC","dendrite membrane",22155,1291,"GO:0030425;GO:0032589"
"query_1",TRUE,1.99253295221876e-06,31,4099,19,0.0046352768968041,0.612903225806452,"GO:0048787","GO:CC","presynaptic active zone membrane",22155,2179,"GO:0042734;GO:0048786;GO:0097060"
"query_1",TRUE,3.05147455146126e-06,700,4099,183,0.0446450353744816,0.261428571428571,"GO:0000139","GO:CC","Golgi membrane",22155,18,"GO:0005794;GO:0098588"
"query_1",TRUE,3.56362722238402e-06,18007,4099,3443,0.83996096608929,0.191203420891875,"GO:0005622","GO:CC","intracellular anatomical structure",22155,232,"GO:0110165"
"query_1",TRUE,4.09045900317126e-06,1567,4099,366,0.0892900707489632,0.23356732610083,"GO:0031984","GO:CC","organelle subcompartment",22155,1201,"GO:0043227;GO:0043229;GO:0110165"
"query_1",TRUE,8.51241993844504e-06,316,4099,94,0.0229324225420834,0.29746835443038,"GO:0005938","GO:CC","cell cortex",22155,447,"GO:0005737;GO:0071944"
"query_1",TRUE,8.88477095778863e-06,48,4099,24,0.00585508660648939,0.5,"GO:0005871","GO:CC","kinesin complex",22155,396,"GO:0005875"
"query_1",TRUE,9.06235072776739e-06,45,4099,23,0.00561112466455233,0.511111111111111,"GO:0098686","GO:CC","hippocampal mossy fiber to CA3 synapse",22155,3172,"GO:0098984"
"query_1",TRUE,9.35249694772235e-06,338,4099,99,0.0241522322517687,0.292899408284024,"GO:0036064","GO:CC","ciliary basal body",22155,1646,"GO:0005815;GO:0005929"
"query_1",TRUE,1.30888548797663e-05,1266,4099,300,0.0731885825811174,0.23696682464455,"GO:0042175","GO:CC","nuclear outer membrane-endoplasmic reticulum membrane network",22155,1742,"GO:0012505;GO:0016020"
"query_1",TRUE,1.4951436416238e-05,16993,4099,3258,0.794828006830934,0.191726004825516,"GO:0043226","GO:CC","organelle",22155,1840,"GO:0110165"
"query_1",TRUE,1.69611366433189e-05,416,4099,116,0.0282995852646987,0.278846153846154,"GO:0016324","GO:CC","apical plasma membrane",22155,711,"GO:0045177;GO:0098590"
"query_1",TRUE,1.73092311341166e-05,1079,4099,260,0.063430104903635,0.240963855421687,"GO:0005768","GO:CC","endosome",22155,323,"GO:0012505;GO:0031410"
"query_1",TRUE,1.90818164656666e-05,309,4099,91,0.0222005367162723,0.294498381877023,"GO:0045178","GO:CC","basal part of cell",22155,2099,"GO:0110165"
"query_1",TRUE,1.9101296199699e-05,1243,4099,294,0.071724810929495,0.236524537409493,"GO:0005789","GO:CC","endoplasmic reticulum membrane",22155,341,"GO:0031090;GO:0042175;GO:0098827"
"query_1",TRUE,2.0643766728568e-05,1249,4099,295,0.0719687728714321,0.236188951160929,"GO:0098827","GO:CC","endoplasmic reticulum subcompartment",22155,3197,"GO:0005783;GO:0031984"
"query_1",TRUE,2.70510563836227e-05,187,4099,61,0.0148816784581605,0.32620320855615,"GO:0000779","GO:CC","condensed chromosome, centromeric region",22155,85,"GO:0000775;GO:0000793"
"query_1",TRUE,2.71663222579125e-05,106,4099,40,0.00975847767748231,0.377358490566038,"GO:0019897","GO:CC","extrinsic component of plasma membrane",22155,802,"GO:0005886;GO:0019898"
"query_1",TRUE,3.1004460240662e-05,287,4099,85,0.0207367650646499,0.29616724738676,"GO:0000793","GO:CC","condensed chromosome",22155,93,"GO:0005694"
"query_1",TRUE,3.51655135738849e-05,96,4099,37,0.00902659185167114,0.385416666666667,"GO:0016528","GO:CC","sarcoplasm",22155,731,"GO:0005737"
"query_1",TRUE,3.74616206715203e-05,990,4099,239,0.0583069041229568,0.241414141414141,"GO:0005929","GO:CC","cilium",22155,440,"GO:0043227;GO:0120025"
"query_1",TRUE,3.83826648506995e-05,259,4099,78,0.0190290314710905,0.301158301158301,"GO:0016323","GO:CC","basolateral plasma membrane",22155,710,"GO:0009925;GO:0098590"
"query_1",TRUE,4.65785838914517e-05,1402,4099,324,0.0790436691876067,0.231098430813124,"GO:0098796","GO:CC","membrane protein complex",22155,3186,"GO:0016020;GO:0032991"
"query_1",TRUE,4.69999444842247e-05,290,4099,85,0.0207367650646499,0.293103448275862,"GO:0009925","GO:CC","basal plasma membrane",22155,638,"GO:0045178;GO:0098590"
"query_1",TRUE,4.71254011412269e-05,52,4099,24,0.00585508660648939,0.461538461538462,"GO:0098878","GO:CC","neurotransmitter receptor complex",22155,3225,"GO:0098802"
"query_1",TRUE,4.71254011412269e-05,510,4099,135,0.0329348621615028,0.264705882352941,"GO:0045177","GO:CC","apical part of cell",22155,2098,"GO:0110165"
"query_1",TRUE,4.803178314761e-05,62,4099,27,0.00658697243230056,0.435483870967742,"GO:1904115","GO:CC","axon cytoplasm",22155,3708,"GO:0030424;GO:0120111"
"query_1",TRUE,5.5241444258989e-05,175,4099,57,0.0139058306904123,0.325714285714286,"GO:0000776","GO:CC","kinetochore",22155,84,"GO:0000779;GO:0043232;GO:0099080"
"query_1",TRUE,8.25312095199212e-05,906,4099,219,0.0534276652842157,0.241721854304636,"GO:0030141","GO:CC","secretory granule",22155,891,"GO:0012505;GO:0099503"
"query_1",TRUE,9.19712757696298e-05,194,4099,61,0.0148816784581605,0.314432989690722,"GO:0072686","GO:CC","mitotic spindle",22155,2750,"GO:0005819"
"query_1",TRUE,9.41220539369158e-05,11,4099,9,0.00219565747743352,0.818181818181818,"GO:0005883","GO:CC","neurofilament",22155,406,"GO:0005737;GO:0005882"
"query_1",TRUE,9.41220539369158e-05,18,4099,12,0.00292754330324469,0.666666666666667,"GO:0044305","GO:CC","calyx of Held",22155,2020,"GO:0043679"
"query_1",TRUE,0.000118924997473559,86,4099,33,0.00805074408392291,0.383720930232558,"GO:0120111","GO:CC","neuron projection cytoplasm",22155,3388,"GO:0005737;GO:0043005"
"query_1",TRUE,0.000128409058452703,21,4099,13,0.00317150524518175,0.619047619047619,"GO:1902710","GO:CC","GABA receptor complex",22155,3672,"GO:0043235"
"query_1",TRUE,0.000145365374121529,55,4099,24,0.00585508660648939,0.436363636363636,"GO:0032154","GO:CC","cleavage furrow",22155,1227,"GO:0032153;GO:0098590"
"query_1",TRUE,0.000178539436695997,73,4099,29,0.00707489631617468,0.397260273972603,"GO:0044291","GO:CC","cell-cell contact zone",22155,2006,"GO:0005911"
"query_1",TRUE,0.000204413242806222,166,4099,53,0.0129299829226641,0.319277108433735,"GO:0005814","GO:CC","centriole",22155,354,"GO:0005815;GO:0043232"
"query_1",TRUE,0.000206655773999504,158,4099,51,0.0124420590387899,0.322784810126582,"GO:0005875","GO:CC","microtubule associated complex",22155,400,"GO:0015630;GO:0032991"
"query_1",TRUE,0.000208691417205162,14,4099,10,0.00243961941937058,0.714285714285714,"GO:0030673","GO:CC","axolemma",22155,936,"GO:0032589;GO:0044304"
"query_1",TRUE,0.000229527837014684,208,4099,63,0.0153696023420346,0.302884615384615,"GO:0030496","GO:CC","midbody",22155,919,"GO:0110165"
"query_1",TRUE,0.000232861074034584,74,4099,29,0.00707489631617468,0.391891891891892,"GO:0005657","GO:CC","replication fork",22155,250,"GO:0005694;GO:0110165"
"query_1",TRUE,0.000232861074034584,355,4099,97,0.0236643083678946,0.273239436619718,"GO:0030139","GO:CC","endocytic vesicle",22155,889,"GO:0031410"
"query_1",TRUE,0.000243790369869086,135,4099,45,0.0109782873871676,0.333333333333333,"GO:0030665","GO:CC","clathrin-coated vesicle membrane",22155,928,"GO:0030136;GO:0030662"
"query_1",TRUE,0.0002631975247014,50,4099,22,0.00536716272261527,0.44,"GO:0014704","GO:CC","intercalated disc",22155,676,"GO:0044291"
"query_1",TRUE,0.000359289748647153,129,4099,43,0.0104903635032935,0.333333333333333,"GO:0016363","GO:CC","nuclear matrix",22155,715,"GO:0031981;GO:0110165"
"query_1",TRUE,0.000388907596446439,220,4099,65,0.0158575262259088,0.295454545454545,"GO:0030136","GO:CC","clathrin-coated vesicle",22155,887,"GO:0030135"
"query_1",TRUE,0.000410681482527071,38,4099,18,0.00439131495486704,0.473684210526316,"GO:0051233","GO:CC","spindle midzone",22155,2182,"GO:0005819;GO:0110165"
"query_1",TRUE,0.000428536988596914,8,4099,7,0.0017077335935594,0.875,"GO:0160226","GO:CC","oligosaccharyltransferase complex A",22155,3598,"GO:0008250"
"query_1",TRUE,0.000428536988596914,8,4099,7,0.0017077335935594,0.875,"GO:0061200","GO:CC","clathrin-sculpted gamma-aminobutyric acid transport vesicle",22155,2235,"GO:0060198"
"query_1",TRUE,0.000428536988596914,8,4099,7,0.0017077335935594,0.875,"GO:0000796","GO:CC","condensin complex",22155,96,"GO:0005694;GO:0032991"
"query_1",TRUE,0.000428536988596914,8,4099,7,0.0017077335935594,0.875,"GO:0061202","GO:CC","clathrin-sculpted gamma-aminobutyric acid transport vesicle membrane",22155,2237,"GO:0030665;GO:0061200"
"query_1",TRUE,0.000473721544310956,29,4099,15,0.00365942912905587,0.517241379310345,"GO:0098992","GO:CC","neuronal dense core vesicle",22155,3253,"GO:0031045"
"query_1",TRUE,0.000475668036890085,15,4099,10,0.00243961941937058,0.666666666666667,"GO:0060077","GO:CC","inhibitory synapse",22155,2201,"GO:0045202"
"query_1",TRUE,0.000475668036890085,107,4099,37,0.00902659185167114,0.345794392523364,"GO:0055038","GO:CC","recycling endosome membrane",22155,2191,"GO:0010008;GO:0055037"
"query_1",TRUE,0.000580457496030448,15879,4099,3037,0.740912417662845,0.191258895396436,"GO:0043227","GO:CC","membrane-bounded organelle",22155,1841,"GO:0043226"
"query_1",TRUE,0.00060771826875702,116,4099,39,0.00951451573554525,0.336206896551724,"GO:0005884","GO:CC","actin filament",22155,407,"GO:0015629;GO:0099513"
"query_1",TRUE,0.000661192782663368,224,4099,65,0.0158575262259088,0.290178571428571,"GO:0098858","GO:CC","actin-based cell projection",22155,3218,"GO:0120025"
"query_1",TRUE,0.000679274621719468,46,4099,20,0.00487923883874116,0.434782608695652,"GO:0097386","GO:CC","glial cell projection",22155,2908,"GO:0120025"
"query_1",TRUE,0.000687500634387654,101,4099,35,0.00853866796779702,0.346534653465347,"GO:0030175","GO:CC","filopodium",22155,894,"GO:0098858"
"query_1",TRUE,0.000763691456551498,317,4099,86,0.020980727006587,0.271293375394322,"GO:0030135","GO:CC","coated vesicle",22155,886,"GO:0031410"
"query_1",TRUE,0.000804613743874453,183,4099,55,0.0134179068065382,0.300546448087432,"GO:0001726","GO:CC","ruffle",22155,152,"GO:0031252;GO:0120025"
"query_1",TRUE,0.000875398978647757,209,4099,61,0.0148816784581605,0.291866028708134,"GO:0055037","GO:CC","recycling endosome",22155,2190,"GO:0005768"
"query_1",TRUE,0.000905682943521322,205,4099,60,0.0146377165162235,0.292682926829268,"GO:0030666","GO:CC","endocytic vesicle membrane",22155,929,"GO:0030139;GO:0030659;GO:0098588"
"query_1",TRUE,0.000934079249372735,585,4099,144,0.0351305196389363,0.246153846153846,"GO:0010008","GO:CC","endosome membrane",22155,645,"GO:0005768;GO:0030659;GO:0098588"
"query_1",TRUE,0.000934079249372735,159,4099,49,0.0119541351549158,0.308176100628931,"GO:0043296","GO:CC","apical junction complex",22155,1865,"GO:0005911"
"query_1",TRUE,0.00106637955401602,289,4099,79,0.0192729934130276,0.273356401384083,"GO:0045121","GO:CC","membrane raft",22155,2092,"GO:0098857"
"query_1",TRUE,0.00115913493728365,31,4099,15,0.00365942912905587,0.483870967741935,"GO:0044298","GO:CC","cell body membrane",22155,2013,"GO:0005886;GO:0044297;GO:0110165"
"query_1",TRUE,0.00116724495756011,19,4099,11,0.00268358136130764,0.578947368421053,"GO:1902711","GO:CC","GABA-A receptor complex",22155,3673,"GO:1902710"
"query_1",TRUE,0.00122385391082971,28,4099,14,0.00341546718711881,0.5,"GO:0032809","GO:CC","neuronal cell body membrane",22155,1301,"GO:0043025;GO:0044298"
"query_1",TRUE,0.00124060171945495,731,4099,174,0.0424493778970481,0.238030095759234,"GO:0098552","GO:CC","side of membrane",22155,3118,"GO:0016020;GO:0110165"
"query_1",TRUE,0.00124554881280359,25,4099,13,0.00317150524518175,0.52,"GO:0043083","GO:CC","synaptic cleft",22155,1819,"GO:0005576"
"query_1",TRUE,0.00124554881280359,25,4099,13,0.00317150524518175,0.52,"GO:0099524","GO:CC","postsynaptic cytosol",22155,3296,"GO:0005829;GO:0098794"
"query_1",TRUE,0.00130697412294982,291,4099,79,0.0192729934130276,0.271477663230241,"GO:0098857","GO:CC","membrane microdomain",22155,3217,"GO:0016020"
"query_1",TRUE,0.00145326739788918,93,4099,32,0.00780678214198585,0.344086021505376,"GO:0005581","GO:CC","collagen trimer",22155,197,"GO:0032991"
"query_1",TRUE,0.00145671591894168,133,4099,42,0.0102464015613564,0.315789473684211,"GO:0030018","GO:CC","Z disc",22155,842,"GO:0031674;GO:0110165"
"query_1",TRUE,0.00161873904222604,5,4099,5,0.00121980970968529,1,"GO:0099012","GO:CC","neuronal dense core vesicle membrane",22155,3258,"GO:0032127;GO:0098992"
"query_1",TRUE,0.00161873904222604,5,4099,5,0.00121980970968529,1,"GO:0005663","GO:CC","DNA replication factor C complex",22155,253,"GO:0005657;GO:0032991"
"query_1",TRUE,0.00172682568160907,7,4099,6,0.00146377165162235,0.857142857142857,"GO:0032127","GO:CC","dense core granule membrane",22155,1221,"GO:0030667;GO:0031045"
"query_1",TRUE,0.00172682568160907,90,4099,31,0.00756282020004879,0.344444444444444,"GO:0042641","GO:CC","actomyosin",22155,1779,"GO:0015629;GO:0110165"
"query_1",TRUE,0.00172682568160907,7,4099,6,0.00146377165162235,0.857142857142857,"GO:0048179","GO:CC","activin receptor complex",22155,2152,"GO:0098802;GO:1902554"
"query_1",TRUE,0.00172682568160907,7,4099,6,0.00146377165162235,0.857142857142857,"GO:0043203","GO:CC","axon hillock",22155,1832,"GO:0030424;GO:0043025;GO:0110165"
"query_1",TRUE,0.00183858560507407,17,4099,10,0.00243961941937058,0.588235294117647,"GO:0098637","GO:CC","protein complex involved in cell-matrix adhesion",22155,3155,"GO:0098636"
"query_1",TRUE,0.00199743747054183,20,4099,11,0.00268358136130764,0.55,"GO:0042575","GO:CC","DNA polymerase complex",22155,1757,"GO:0061695;GO:0140535"
"query_1",TRUE,0.00218046016104694,57,4099,22,0.00536716272261527,0.385964912280702,"GO:0005614","GO:CC","interstitial matrix",22155,226,"GO:0031012"
"query_1",TRUE,0.00236445392464123,12,4099,8,0.00195169553549646,0.666666666666667,"GO:0098850","GO:CC","extrinsic component of synaptic vesicle membrane",22155,3212,"GO:0030672;GO:0031312"
"query_1",TRUE,0.00236445392464123,12,4099,8,0.00195169553549646,0.666666666666667,"GO:0060198","GO:CC","clathrin-sculpted vesicle",22155,2215,"GO:0030136"
"query_1",TRUE,0.00273751957500086,47,4099,19,0.0046352768968041,0.404255319148936,"GO:0043209","GO:CC","myelin sheath",22155,1834,"GO:0110165"
"query_1",TRUE,0.00295011011061929,77,4099,27,0.00658697243230056,0.350649350649351,"GO:0016529","GO:CC","sarcoplasmic reticulum",22155,732,"GO:0005783;GO:0016528"
"query_1",TRUE,0.00301598330373979,121,4099,38,0.0092705537936082,0.31404958677686,"GO:0005881","GO:CC","cytoplasmic microtubule",22155,404,"GO:0005737;GO:0005874"
"query_1",TRUE,0.00307493816238835,206,4099,58,0.0141497926323494,0.281553398058252,"GO:0098562","GO:CC","cytoplasmic side of membrane",22155,3128,"GO:0098552"
"query_1",TRUE,0.0032401275484861,24,4099,12,0.00292754330324469,0.5,"GO:0042611","GO:CC","MHC protein complex",22155,1773,"GO:0098797"
"query_1",TRUE,0.00334343218195592,21,4099,11,0.00268358136130764,0.523809523809524,"GO:0000940","GO:CC","outer kinetochore",22155,130,"GO:0000776;GO:0032991"
"query_1",TRUE,0.00336831714320431,55,4099,21,0.00512320078067821,0.381818181818182,"GO:0034707","GO:CC","chloride channel complex",22155,1510,"GO:0034702"
"query_1",TRUE,0.00359899847313629,10,4099,7,0.0017077335935594,0.7,"GO:0033270","GO:CC","paranode region of axon",22155,1380,"GO:0044304;GO:0110165"
"query_1",TRUE,0.00404428934720162,31,4099,14,0.00341546718711881,0.451612903225806,"GO:0098553","GO:CC","lumenal side of endoplasmic reticulum membrane",22155,3119,"GO:0005789;GO:0098576"
"query_1",TRUE,0.00404428934720162,2010,4099,427,0.104171749207124,0.212437810945274,"GO:0005694","GO:CC","chromosome",22155,279,"GO:0043232"
"query_1",TRUE,0.00422122755023124,161,4099,47,0.0114662112710417,0.291925465838509,"GO:0001650","GO:CC","fibrillar center",22155,145,"GO:0005730;GO:0110165"
"query_1",TRUE,0.00433523430115292,321,4099,83,0.0202488411807758,0.258566978193146,"GO:0030667","GO:CC","secretory granule membrane",22155,930,"GO:0030141;GO:0030659;GO:0098588"
"query_1",TRUE,0.00444112920870358,107,4099,34,0.00829470602585997,0.317757009345794,"GO:0030863","GO:CC","cortical cytoskeleton",22155,953,"GO:0005856;GO:0005938"
"query_1",TRUE,0.00468310497055438,149,4099,44,0.0107343254452305,0.295302013422819,"GO:0031674","GO:CC","I band",22155,1160,"GO:0030017;GO:0110165"
"query_1",TRUE,0.00477052834711689,201,4099,56,0.0136618687484752,0.278606965174129,"GO:0030662","GO:CC","coated vesicle membrane",22155,926,"GO:0030135;GO:0030659;GO:0098588"
"query_1",TRUE,0.00477052834711689,13,4099,8,0.00195169553549646,0.615384615384615,"GO:0098831","GO:CC","presynaptic active zone cytoplasmic component",22155,3199,"GO:0048786;GO:0099738"
"query_1",TRUE,0.0050481053781026,68,4099,24,0.00585508660648939,0.352941176470588,"GO:0032153","GO:CC","cell division site",22155,1226,"GO:0110165"
"query_1",TRUE,0.0052092800264586,8,4099,6,0.00146377165162235,0.75,"GO:0061673","GO:CC","mitotic spindle astral microtubule",22155,2252,"GO:0000235;GO:0072686"
"query_1",TRUE,0.00524142606677197,180,4099,51,0.0124420590387899,0.283333333333333,"GO:0000922","GO:CC","spindle pole",22155,118,"GO:0005819;GO:0110165"
"query_1",TRUE,0.0054230645831849,19,4099,10,0.00243961941937058,0.526315789473684,"GO:0071953","GO:CC","elastic fiber",22155,2725,"GO:0099512;GO:0140149"
"query_1",TRUE,0.00545248400440076,57,4099,21,0.00512320078067821,0.368421052631579,"GO:1903293","GO:CC","phosphatase complex",22155,3692,"GO:1902494"
"query_1",TRUE,0.00545248400440076,57,4099,21,0.00512320078067821,0.368421052631579,"GO:0008287","GO:CC","protein serine/threonine phosphatase complex",22155,486,"GO:1903293"
"query_1",TRUE,0.0055987556365103,159,4099,46,0.0112222493291047,0.289308176100629,"GO:0009898","GO:CC","cytoplasmic side of plasma membrane",22155,635,"GO:0005886;GO:0098562"
"query_1",TRUE,0.00563558509588212,142,4099,42,0.0102464015613564,0.295774647887324,"GO:1902554","GO:CC","serine/threonine protein kinase complex",22155,3654,"GO:1902911"
"query_1",TRUE,0.00670226456076778,156,4099,45,0.0109782873871676,0.288461538461538,"GO:1902911","GO:CC","protein kinase complex",22155,3680,"GO:0061695"
"query_1",TRUE,0.00689469080182009,6,4099,5,0.00121980970968529,0.833333333333333,"GO:0071256","GO:CC","translocon complex",22155,2659,"GO:0030867;GO:0098796;GO:0140534"
"query_1",TRUE,0.00689469080182009,6,4099,5,0.00121980970968529,0.833333333333333,"GO:0005784","GO:CC","Sec61 translocon complex",22155,336,"GO:0071256"
"query_1",TRUE,0.00689469080182009,6,4099,5,0.00121980970968529,0.833333333333333,"GO:0044613","GO:CC","nuclear pore central transport channel",22155,2052,"GO:0005643;GO:0140513"
"query_1",TRUE,0.00719059191491671,62,4099,22,0.00536716272261527,0.354838709677419,"GO:0019005","GO:CC","SCF ubiquitin ligase complex",22155,775,"GO:0031461"
"query_1",TRUE,0.0071912720600622,4,4099,4,0.000975847767748231,1,"GO:0099569","GO:CC","presynaptic cytoskeleton",22155,3300,"GO:0005856;GO:0098793"
"query_1",TRUE,0.0071912720600622,4,4099,4,0.000975847767748231,1,"GO:0099160","GO:CC","postsynaptic intermediate filament cytoskeleton",22155,3281,"GO:0045111;GO:0099571"
"query_1",TRUE,0.0071912720600622,4,4099,4,0.000975847767748231,1,"GO:0060203","GO:CC","clathrin-sculpted glutamate transport vesicle membrane",22155,2220,"GO:0030658;GO:0030665;GO:0060199"
"query_1",TRUE,0.0071912720600622,4,4099,4,0.000975847767748231,1,"GO:0060199","GO:CC","clathrin-sculpted glutamate transport vesicle",22155,2216,"GO:0030133;GO:0060198"
"query_1",TRUE,0.00736525328190129,11,4099,7,0.0017077335935594,0.636363636363636,"GO:0042555","GO:CC","MCM complex",22155,1750,"GO:0032991"
"query_1",TRUE,0.00736525328190129,11,4099,7,0.0017077335935594,0.636363636363636,"GO:0071162","GO:CC","CMG complex",22155,2626,"GO:0000228;GO:0031261"
"query_1",TRUE,0.00748210308050943,250,4099,66,0.0161014881678458,0.264,"GO:0043292","GO:CC","contractile muscle fiber",22155,1862,"GO:0005737;GO:0043232;GO:0099512"
"query_1",TRUE,0.00753197258977363,140,4099,41,0.0100024396194194,0.292857142857143,"GO:0070160","GO:CC","tight junction",22155,2373,"GO:0005911"
"query_1",TRUE,0.00756240589485619,82,4099,27,0.00658697243230056,0.329268292682927,"GO:0000792","GO:CC","heterochromatin",22155,92,"GO:0000785"
"query_1",TRUE,0.00840202992899551,14,4099,8,0.00195169553549646,0.571428571428571,"GO:0008250","GO:CC","oligosaccharyltransferase complex",22155,482,"GO:0005789;GO:0098796;GO:0140534;GO:1990234"
"query_1",TRUE,0.00840202992899551,14,4099,8,0.00195169553549646,0.571428571428571,"GO:0001518","GO:CC","voltage-gated sodium channel complex",22155,138,"GO:0034706;GO:0098797"
"query_1",TRUE,0.0086098463227929,17,4099,9,0.00219565747743352,0.529411764705882,"GO:0097440","GO:CC","apical dendrite",22155,2929,"GO:0030425"
"query_1",TRUE,0.00878655967678972,30,4099,13,0.00317150524518175,0.433333333333333,"GO:0098644","GO:CC","complex of collagen trimers",22155,3158,"GO:0031012;GO:0099080"
"query_1",TRUE,0.00889492404664034,91,4099,29,0.00707489631617468,0.318681318681319,"GO:0032432","GO:CC","actin filament bundle",22155,1270,"GO:0015629;GO:0110165"
"query_1",TRUE,0.0089606183652406,48,4099,18,0.00439131495486704,0.375,"GO:0140151","GO:CC","solid phase of interstitial matrix",22155,3472,"GO:0005614;GO:0030312"
"query_1",TRUE,0.0089606183652406,234,4099,62,0.0151256404000976,0.264957264957265,"GO:0000228","GO:CC","nuclear chromosome",22155,37,"GO:0005694;GO:0031981"
"query_1",TRUE,0.0089606183652406,83,4099,27,0.00658697243230056,0.325301204819277,"GO:0001725","GO:CC","stress fiber",22155,151,"GO:0042641;GO:0097517"
"query_1",TRUE,0.0089606183652406,83,4099,27,0.00658697243230056,0.325301204819277,"GO:0097517","GO:CC","contractile actin filament bundle",22155,2968,"GO:0032432"
"query_1",TRUE,0.00982267168980407,41,4099,16,0.00390339107099293,0.390243902439024,"GO:0098576","GO:CC","lumenal side of membrane",22155,3140,"GO:0098552"
"query_1",TRUE,0.0104726244708318,92,4099,29,0.00707489631617468,0.315217391304348,"GO:0031091","GO:CC","platelet alpha granule",22155,1018,"GO:0030141"
"query_1",TRUE,0.011318280983791,24,4099,11,0.00268358136130764,0.458333333333333,"GO:0031312","GO:CC","extrinsic component of organelle membrane",22155,1061,"GO:0019898;GO:0031090;GO:0043229"
"query_1",TRUE,0.0114539304975549,9,4099,6,0.00146377165162235,0.666666666666667,"GO:0033010","GO:CC","paranodal junction",22155,1322,"GO:0005911"
"query_1",TRUE,0.0120987480215113,31,4099,13,0.00317150524518175,0.419354838709677,"GO:0016342","GO:CC","catenin complex",22155,714,"GO:0019897;GO:0098797"
"query_1",TRUE,0.0129175860512596,42,4099,16,0.00390339107099293,0.380952380952381,"GO:0002102","GO:CC","podosome",22155,168,"GO:0015629;GO:0043232"
"query_1",TRUE,0.0135411096032959,12,4099,7,0.0017077335935594,0.583333333333333,"GO:0099571","GO:CC","postsynaptic cytoskeleton",22155,3301,"GO:0005856;GO:0098794"
"query_1",TRUE,0.0135411096032959,12,4099,7,0.0017077335935594,0.583333333333333,"GO:1990454","GO:CC","L-type voltage-gated calcium channel complex",22155,3918,"GO:0005891;GO:0030315"
"query_1",TRUE,0.0135411096032959,12,4099,7,0.0017077335935594,0.583333333333333,"GO:0005583","GO:CC","fibrillar collagen trimer",22155,199,"GO:0005581;GO:0098643"
"query_1",TRUE,0.0135411096032959,18,4099,9,0.00219565747743352,0.5,"GO:0000939","GO:CC","inner kinetochore",22155,129,"GO:0000776;GO:0032991"
"query_1",TRUE,0.0135411096032959,12,4099,7,0.0017077335935594,0.583333333333333,"GO:0098643","GO:CC","fibrillar collagen complex",22155,3157,"GO:0098644;GO:0140152"
"query_1",TRUE,0.013965818055525,882,4099,196,0.0478165406196633,0.222222222222222,"GO:0005773","GO:CC","vacuole",22155,327,"GO:0005737;GO:0043231"
"query_1",TRUE,0.014887239097727,111,4099,33,0.00805074408392291,0.297297297297297,"GO:0042470","GO:CC","melanosome",22155,1749,"GO:0048770"
"query_1",TRUE,0.014887239097727,111,4099,33,0.00805074408392291,0.297297297297297,"GO:0048770","GO:CC","pigment granule",22155,2177,"GO:0031410"
"query_1",TRUE,0.0152852636981556,58,4099,20,0.00487923883874116,0.344827586206897,"GO:0098636","GO:CC","protein complex involved in cell adhesion",22155,3154,"GO:0032991"
"query_1",TRUE,0.0160518059051764,146,4099,41,0.0100024396194194,0.280821917808219,"GO:0034451","GO:CC","centriolar satellite",22155,1455,"GO:0005813;GO:0110165"
"query_1",TRUE,0.0163806378659693,43,4099,16,0.00390339107099293,0.372093023255814,"GO:0033017","GO:CC","sarcoplasmic reticulum membrane",22155,1326,"GO:0005789;GO:0016529;GO:0098588"
"query_1",TRUE,0.0175070439494254,7,4099,5,0.00121980970968529,0.714285714285714,"GO:0005683","GO:CC","U7 snRNP",22155,268,"GO:0030532"
"query_1",TRUE,0.0175070439494254,7,4099,5,0.00121980970968529,0.714285714285714,"GO:0031390","GO:CC","Ctf18 RFC-like complex",22155,1075,"GO:0005694;GO:0140513"
"query_1",TRUE,0.0175070439494254,241,4099,62,0.0151256404000976,0.257261410788382,"GO:0030016","GO:CC","myofibril",22155,840,"GO:0043292"
"query_1",TRUE,0.0182451498128091,134,4099,38,0.0092705537936082,0.283582089552239,"GO:0005923","GO:CC","bicellular tight junction",22155,437,"GO:0043296;GO:0070160"
"query_1",TRUE,0.0219570874035522,48,4099,17,0.00414735301292998,0.354166666666667,"GO:0031234","GO:CC","extrinsic component of cytoplasmic side of plasma membrane",22155,1036,"GO:0009898;GO:0019897"
"query_1",TRUE,0.0224666416200939,10,4099,6,0.00146377165162235,0.6,"GO:0014701","GO:CC","junctional sarcoplasmic reticulum membrane",22155,674,"GO:0033017"
"query_1",TRUE,0.0234118760349389,13,4099,7,0.0017077335935594,0.538461538461538,"GO:0031261","GO:CC","DNA replication preinitiation complex",22155,1055,"GO:0005654;GO:0032993;GO:0140513"
"query_1",TRUE,0.0234118760349389,13,4099,7,0.0017077335935594,0.538461538461538,"GO:0097470","GO:CC","ribbon synapse",22155,2951,"GO:0045202"
"query_1",TRUE,0.0254362740025684,41,4099,15,0.00365942912905587,0.365853658536585,"GO:0043596","GO:CC","nuclear replication fork",22155,1889,"GO:0000228;GO:0005657"
"query_1",TRUE,0.0258067316486544,5,4099,4,0.000975847767748231,0.8,"GO:0097025","GO:CC","MPP7-DLG1-LIN7 complex",22155,2824,"GO:0005912;GO:0098797"
"query_1",TRUE,0.0258067316486544,5,4099,4,0.000975847767748231,0.8,"GO:0035748","GO:CC","myelin sheath abaxonal region",22155,1601,"GO:0043209;GO:0110165"
"query_1",TRUE,0.0258067316486544,5,4099,4,0.000975847767748231,0.8,"GO:0005954","GO:CC","calcium- and calmodulin-dependent protein kinase complex",22155,459,"GO:0140535;GO:1902494"
"query_1",TRUE,0.0258067316486544,5,4099,4,0.000975847767748231,0.8,"GO:0005658","GO:CC","alpha DNA polymerase:primase complex",22155,251,"GO:0042575;GO:0043601;GO:0055029"
"query_1",TRUE,0.0259433372804181,23,4099,10,0.00243961941937058,0.434782608695652,"GO:1990391","GO:CC","DNA repair complex",22155,3903,"GO:1902494"
"query_1",TRUE,0.0268714239781591,787,4099,174,0.0424493778970481,0.221092757306226,"GO:0005764","GO:CC","lysosome",22155,319,"GO:0000323"
"query_1",TRUE,0.0268714239781591,787,4099,174,0.0424493778970481,0.221092757306226,"GO:0000323","GO:CC","lytic vacuole",22155,50,"GO:0005773"
"query_1",TRUE,0.0299636661522768,20,4099,9,0.00219565747743352,0.45,"GO:0097449","GO:CC","astrocyte projection",22155,2937,"GO:0097386"
"query_1",TRUE,0.0305069530868617,27,4099,11,0.00268358136130764,0.407407407407407,"GO:0140149","GO:CC","non-collagenous component of interstitial matrix",22155,3470,"GO:0030312;GO:0140151"
"query_1",TRUE,0.03066014509878,78,4099,24,0.00585508660648939,0.307692307692308,"GO:0030864","GO:CC","cortical actin cytoskeleton",22155,954,"GO:0015629;GO:0030863"
"query_1",TRUE,0.0310870309747248,3,4099,3,0.000731885825811174,1,"GO:0097169","GO:CC","AIM2 inflammasome complex",22155,2869,"GO:0061702"
"query_1",TRUE,0.0310870309747248,3,4099,3,0.000731885825811174,1,"GO:1990769","GO:CC","proximal neuron projection",22155,4020,"GO:0043005"
"query_1",TRUE,0.0310870309747248,3,4099,3,0.000731885825811174,1,"GO:0097149","GO:CC","centralspindlin complex",22155,2867,"GO:0072686;GO:0140535"
"query_1",TRUE,0.0310870309747248,3,4099,3,0.000731885825811174,1,"GO:1901588","GO:CC","dendritic microtubule",22155,3640,"GO:0005874;GO:0030425"
"query_1",TRUE,0.0310870309747248,3,4099,3,0.000731885825811174,1,"GO:0031298","GO:CC","replication fork protection complex",22155,1060,"GO:0043596;GO:0140513"
"query_1",TRUE,0.0310870309747248,3,4099,3,0.000731885825811174,1,"GO:0120098","GO:CC","procentriole",22155,3378,"GO:0005737;GO:0110165"
"query_1",TRUE,0.0310870309747248,74,4099,23,0.00561112466455233,0.310810810810811,"GO:0034704","GO:CC","calcium channel complex",22155,1507,"GO:0034703"
"query_1",TRUE,0.0310870309747248,3,4099,3,0.000731885825811174,1,"GO:0016533","GO:CC","protein kinase 5 complex",22155,733,"GO:1902554"
"query_1",TRUE,0.0310870309747248,3,4099,3,0.000731885825811174,1,"GO:0034668","GO:CC","integrin alpha4-beta1 complex",22155,1482,"GO:0008305"
"query_1",TRUE,0.0329361767309151,17,4099,8,0.00195169553549646,0.470588235294118,"GO:0031092","GO:CC","platelet alpha granule membrane",22155,1019,"GO:0030667;GO:0031091"
"query_1",TRUE,0.0336668303184159,434,4099,101,0.0246401561356428,0.232718894009217,"GO:0005769","GO:CC","early endosome",22155,324,"GO:0005768"
"query_1",TRUE,0.0336974152213051,100,4099,29,0.00707489631617468,0.29,"GO:0043202","GO:CC","lysosomal lumen",22155,1831,"GO:0005764;GO:0005775"
"query_1",TRUE,0.0354087861656412,8,4099,5,0.00121980970968529,0.625,"GO:0097179","GO:CC","protease inhibitor complex",22155,2870,"GO:1904090"
"query_1",TRUE,0.0354087861656412,8,4099,5,0.00121980970968529,0.625,"GO:0160227","GO:CC","oligosaccharyltransferase complex B",22155,3599,"GO:0008250"
"query_1",TRUE,0.0354087861656412,8,4099,5,0.00121980970968529,0.625,"GO:0042612","GO:CC","MHC class I protein complex",22155,1774,"GO:0042611"
"query_1",TRUE,0.0358684944329887,14,4099,7,0.0017077335935594,0.5,"GO:0042583","GO:CC","chromaffin granule",22155,1762,"GO:0030141"
"query_1",TRUE,0.0367293213983542,11,4099,6,0.00146377165162235,0.545454545454545,"GO:0005818","GO:CC","aster",22155,357,"GO:0005819;GO:0043232;GO:0099080"
"query_1",TRUE,0.0367293213983542,11,4099,6,0.00146377165162235,0.545454545454545,"GO:0000235","GO:CC","astral microtubule",22155,38,"GO:0005818;GO:0005876;GO:0005881"
"query_1",TRUE,0.0367293213983542,11,4099,6,0.00146377165162235,0.545454545454545,"GO:0106083","GO:CC","nuclear membrane protein complex",22155,3322,"GO:0005635;GO:0098796;GO:0140513"
"query_1",TRUE,0.0367293213983542,11,4099,6,0.00146377165162235,0.545454545454545,"GO:0106094","GO:CC","nuclear membrane microtubule tethering complex",22155,3325,"GO:0106083"
"query_1",TRUE,0.0367293213983542,11,4099,6,0.00146377165162235,0.545454545454545,"GO:1904090","GO:CC","peptidase inhibitor complex",22155,3705,"GO:0032991"
"query_1",TRUE,0.0367293213983542,11,4099,6,0.00146377165162235,0.545454545454545,"GO:0034992","GO:CC","microtubule organizing center attachment site",22155,1546,"GO:0005635;GO:0110165"
"query_1",TRUE,0.0367293213983542,11,4099,6,0.00146377165162235,0.545454545454545,"GO:0034993","GO:CC","meiotic nuclear membrane microtubule tethering complex",22155,1547,"GO:0034992;GO:0106094"
"query_1",TRUE,0.0367293213983542,940,4099,203,0.0495242742132227,0.215957446808511,"GO:0016604","GO:CC","nuclear body",22155,744,"GO:0005654;GO:0043232"
"query_1",TRUE,0.0376680846509823,519,4099,118,0.0287875091485728,0.227360308285164,"GO:0005635","GO:CC","nuclear envelope",22155,239,"GO:0005634;GO:0012505;GO:0031967"
"query_1",TRUE,0.0378996065251404,47,4099,16,0.00390339107099293,0.340425531914894,"GO:0005891","GO:CC","voltage-gated calcium channel complex",22155,412,"GO:0034704;GO:0098797"
"query_1",TRUE,0.0394185547156376,80,4099,24,0.00585508660648939,0.3,"GO:0005901","GO:CC","caveola",22155,422,"GO:0044853"
"query_1",TRUE,0.0407917702157292,106,4099,30,0.00731885825811173,0.283018867924528,"GO:0045171","GO:CC","intercellular bridge",22155,2096,"GO:0110165"
"query_1",TRUE,0.0418236424533358,385,4099,90,0.0219565747743352,0.233766233766234,"GO:0098791","GO:CC","Golgi apparatus subcompartment",22155,3183,"GO:0005794;GO:0031984"
"query_1",TRUE,0.0418236424533358,72,4099,22,0.00536716272261527,0.305555555555556,"GO:0030669","GO:CC","clathrin-coated endocytic vesicle membrane",22155,932,"GO:0030665;GO:0030666;GO:0045334"
"query_1",TRUE,0.0421129943817719,89,4099,26,0.0063430104903635,0.292134831460674,"GO:0045334","GO:CC","clathrin-coated endocytic vesicle",22155,2123,"GO:0030136;GO:0030139"
"query_1",TRUE,0.0435935995946632,36,4099,13,0.00317150524518175,0.361111111111111,"GO:1990752","GO:CC","microtubule end",22155,4017,"GO:0005874;GO:0110165"
"query_1",TRUE,0.0445028105302697,220,4099,55,0.0134179068065382,0.25,"GO:0030017","GO:CC","sarcomere",22155,841,"GO:0030016;GO:0110165"
"query_1",TRUE,0.0449057037267025,40,4099,14,0.00341546718711881,0.35,"GO:0043195","GO:CC","terminal bouton",22155,1827,"GO:0043679;GO:0098793"
"query_1",TRUE,0.0452526463576207,25,4099,10,0.00243961941937058,0.4,"GO:0099523","GO:CC","presynaptic cytosol",22155,3295,"GO:0005829;GO:0098793"
"query_1",TRUE,0.0452526463576207,25,4099,10,0.00243961941937058,0.4,"GO:0034706","GO:CC","sodium channel complex",22155,1509,"GO:0034703"
"query_1",TRUE,0.0498502534712269,29,4099,11,0.00268358136130764,0.379310344827586,"GO:0001891","GO:CC","phagocytic cup",22155,158,"GO:0005886;GO:0110165"
"query_1",TRUE,1.56999233363895e-99,15082,4037,3517,0.871191478820907,0.233191884365469,"GO:0005515","GO:MF","protein binding",20208,1455,"GO:0005488"
"query_1",TRUE,1.89445882827721e-26,6446,4037,1590,0.393856824374536,0.246664598200434,"GO:0036094","GO:MF","small molecule binding",20208,4848,"GO:0005488"
"query_1",TRUE,7.38354188489993e-26,6253,4037,1545,0.382709933118652,0.247081400927555,"GO:0043167","GO:MF","ion binding",20208,5156,"GO:0036094"
"query_1",TRUE,3.45538811717145e-23,996,4037,337,0.0834778300718355,0.338353413654618,"GO:0008092","GO:MF","cytoskeletal protein binding",20208,1507,"GO:0005515"
"query_1",TRUE,3.16238607937989e-20,2496,4037,689,0.170671290562299,0.276041666666667,"GO:0043168","GO:MF","anion binding",20208,5157,"GO:0043167"
"query_1",TRUE,3.17372760775863e-18,18447,4037,3827,0.947981174139212,0.207459207459207,"GO:0005488","GO:MF","binding",20208,1443,"GO:0003674"
"query_1",TRUE,1.79931423076899e-16,1546,4037,449,0.111221203864256,0.290426908150065,"GO:0032559","GO:MF","adenyl ribonucleotide binding",20208,4170,"GO:0030554;GO:0032555"
"query_1",TRUE,1.93678781324708e-16,1640,4037,471,0.11667079514491,0.287195121951219,"GO:0030554","GO:MF","adenyl nucleotide binding",20208,3665,"GO:0017076"
"query_1",TRUE,7.17229903979847e-16,2310,4037,624,0.154570225414912,0.27012987012987,"GO:1901363","GO:MF","heterocyclic compound binding",20208,9836,"GO:0036094"
"query_1",TRUE,1.00343310880791e-15,1997,4037,551,0.136487490710924,0.275913870806209,"GO:0017076","GO:MF","purine nucleotide binding",20208,3041,"GO:0000166"
"query_1",TRUE,1.43524540493772e-15,1902,4037,528,0.130790190735695,0.277602523659306,"GO:0032555","GO:MF","purine ribonucleotide binding",20208,4166,"GO:0017076;GO:0032553"
"query_1",TRUE,1.55731685977371e-15,1504,4037,434,0.107505573445628,0.288563829787234,"GO:0005524","GO:MF","ATP binding",20208,1463,"GO:0032559;GO:0035639"
"query_1",TRUE,1.83406628800684e-15,2161,4037,587,0.14540500371563,0.271633503007867,"GO:0000166","GO:MF","nucleotide binding",20208,31,"GO:1901265;GO:1901363"
"query_1",TRUE,2.89979221680346e-15,1919,4037,530,0.131285608124845,0.276185513288171,"GO:0032553","GO:MF","ribonucleotide binding",20208,4164,"GO:0000166;GO:0097367"
"query_1",TRUE,2.96475393826005e-15,2180,4037,590,0.146148129799356,0.270642201834862,"GO:1901265","GO:MF","nucleoside phosphate binding",20208,9833,"GO:0005488"
"query_1",TRUE,6.16262951506647e-15,2284,4037,612,0.15159772108001,0.267950963222417,"GO:0097367","GO:MF","carbohydrate derivative binding",20208,8334,"GO:0005488"
"query_1",TRUE,1.55151984973237e-14,1854,4037,511,0.126579142927917,0.275620280474649,"GO:0035639","GO:MF","purine ribonucleoside triphosphate binding",20208,4804,"GO:0043168;GO:1901265;GO:1901363"
"query_1",TRUE,5.62673380875666e-14,4450,4037,1083,0.268268516224919,0.243370786516854,"GO:0046872","GO:MF","metal ion binding",20208,5627,"GO:0043169"
"query_1",TRUE,2.0055438384462e-13,4548,4037,1100,0.272479564032698,0.241864555848725,"GO:0043169","GO:MF","cation binding",20208,5158,"GO:0043167"
"query_1",TRUE,4.19902853247522e-12,700,4037,223,0.055239038890265,0.318571428571429,"GO:0016773","GO:MF","phosphotransferase activity, alcohol group as acceptor",20208,2882,"GO:0016772"
"query_1",TRUE,6.756625263381e-12,5753,4037,1343,0.332672776814466,0.233443420823918,"GO:0003824","GO:MF","catalytic activity",20208,356,"GO:0003674"
"query_1",TRUE,1.2511188349262e-11,2266,4037,589,0.145900421104781,0.259929390997352,"GO:0098772","GO:MF","molecular function regulator activity",20208,8415,"GO:0003674"
"query_1",TRUE,1.63099225538874e-11,781,4037,241,0.0596977953926183,0.308578745198464,"GO:0016301","GO:MF","kinase activity",20208,2682,"GO:0016772"
"query_1",TRUE,1.8680756585804e-11,1372,4037,383,0.0948724300222938,0.279154518950437,"GO:0030234","GO:MF","enzyme regulator activity",20208,3578,"GO:0098772"
"query_1",TRUE,2.05130926155168e-11,589,4037,192,0.0475600693584345,0.32597623089983,"GO:0004672","GO:MF","protein kinase activity",20208,942,"GO:0016301;GO:0016773;GO:0140096"
"query_1",TRUE,6.13708439614957e-11,360,4037,130,0.0322021302947733,0.361111111111111,"GO:0106310","GO:MF","protein serine kinase activity",20208,8956,"GO:0004672"
"query_1",TRUE,7.88581184679806e-11,948,4037,279,0.0691107257864751,0.294303797468354,"GO:0016772","GO:MF","transferase activity, transferring phosphorus-containing groups",20208,2881,"GO:0016740"
"query_1",TRUE,3.9596708690298e-10,440,4037,149,0.0369085954917018,0.338636363636364,"GO:0004674","GO:MF","protein serine/threonine kinase activity",20208,944,"GO:0004672"
"query_1",TRUE,1.62838631026647e-09,2179,4037,556,0.1377260341838,0.255162918770078,"GO:0042802","GO:MF","identical protein binding",20208,5080,"GO:0005515"
"query_1",TRUE,3.47956648515482e-09,718,4037,216,0.0535050780282388,0.3008356545961,"GO:0005509","GO:MF","calcium ion binding",20208,1454,"GO:0046872"
"query_1",TRUE,5.1350818793876e-09,389,4037,132,0.0326975476839237,0.339331619537275,"GO:0015631","GO:MF","tubulin binding",20208,2575,"GO:0008092"
"query_1",TRUE,5.1350818793876e-09,501,4037,161,0.0398810998266039,0.321357285429142,"GO:0030695","GO:MF","GTPase regulator activity",20208,3707,"GO:0060589"
"query_1",TRUE,5.41182755170514e-09,447,4037,147,0.0364131781025514,0.328859060402685,"GO:0003779","GO:MF","actin binding",20208,348,"GO:0008092"
"query_1",TRUE,5.73309459216876e-09,502,4037,161,0.0398810998266039,0.320717131474104,"GO:0060589","GO:MF","nucleoside-triphosphatase regulator activity",20208,7667,"GO:0030234"
"query_1",TRUE,1.69656851600041e-08,208,4037,81,0.0200644042605895,0.389423076923077,"GO:0005516","GO:MF","calmodulin binding",20208,1456,"GO:0005515"
"query_1",TRUE,2.68713210361092e-08,759,4037,222,0.0549913301956899,0.292490118577075,"GO:0019900","GO:MF","kinase binding",20208,3455,"GO:0019899"
"query_1",TRUE,3.11174157709463e-08,489,4037,155,0.0383948476591528,0.316973415132924,"GO:0005543","GO:MF","phospholipid binding",20208,1473,"GO:0008289"
"query_1",TRUE,3.68902767163291e-08,2060,4037,520,0.128808521179093,0.252427184466019,"GO:0019899","GO:MF","enzyme binding",20208,3454,"GO:0005515"
"query_1",TRUE,1.4664860921004e-07,1256,4037,335,0.0829824126826852,0.26671974522293,"GO:0005215","GO:MF","transporter activity",20208,1319,"GO:0003674"
"query_1",TRUE,1.55306008106339e-07,279,4037,98,0.0242754520683676,0.351254480286738,"GO:0008017","GO:MF","microtubule binding",20208,1486,"GO:0015631"
"query_1",TRUE,1.89531450107613e-07,680,4037,199,0.0492940302204607,0.292647058823529,"GO:0019901","GO:MF","protein kinase binding",20208,3456,"GO:0019900"
"query_1",TRUE,2.0883085118143e-07,169,4037,67,0.016596482536537,0.396449704142012,"GO:0005201","GO:MF","extracellular matrix structural constituent",20208,1315,"GO:0005198"
"query_1",TRUE,2.0883085118143e-07,1252,4037,333,0.0824869952935348,0.265974440894569,"GO:0044877","GO:MF","protein-containing complex binding",20208,5458,"GO:0005488"
"query_1",TRUE,2.74869952125825e-07,177,4037,69,0.0170918999256874,0.389830508474576,"GO:0022832","GO:MF","voltage-gated channel activity",20208,3499,"GO:0022836"
"query_1",TRUE,3.33351420646743e-07,1140,4037,306,0.075798860540005,0.268421052631579,"GO:0022857","GO:MF","transmembrane transporter activity",20208,3516,"GO:0005215"
"query_1",TRUE,5.98971131533801e-07,173,4037,67,0.016596482536537,0.38728323699422,"GO:0005244","GO:MF","voltage-gated monoatomic ion channel activity",20208,1337,"GO:0005216;GO:0022832"
"query_1",TRUE,7.40456565349815e-07,1346,4037,351,0.086945751795888,0.260772659732541,"GO:0005102","GO:MF","signaling receptor binding",20208,1242,"GO:0005515"
"query_1",TRUE,1.43671264299062e-06,145,4037,58,0.0143671042853604,0.4,"GO:0022843","GO:MF","voltage-gated monoatomic cation channel activity",20208,3507,"GO:0005244;GO:0005261"
"query_1",TRUE,1.63200603838006e-06,632,4037,183,0.0453306911072579,0.289556962025316,"GO:0008047","GO:MF","enzyme activator activity",20208,1495,"GO:0030234;GO:0140677"
"query_1",TRUE,1.87033068871431e-06,563,4037,166,0.0411196432994798,0.294849023090586,"GO:0050839","GO:MF","cell adhesion molecule binding",20208,7272,"GO:0005515"
"query_1",TRUE,2.75844881714691e-06,72,4037,35,0.00866980431013128,0.486111111111111,"GO:0005518","GO:MF","collagen binding",20208,1457,"GO:0044877"
"query_1",TRUE,2.86895177273777e-06,742,4037,208,0.0515234084716374,0.280323450134771,"GO:0017111","GO:MF","ribonucleoside triphosphate phosphatase activity",20208,3056,"GO:0016462"
"query_1",TRUE,4.67415764424465e-06,207,4037,74,0.0183304433985633,0.357487922705314,"GO:0051015","GO:MF","actin filament binding",20208,7284,"GO:0003779;GO:0044877"
"query_1",TRUE,4.98851409467341e-06,854,4037,233,0.0577161258360168,0.272833723653396,"GO:0008289","GO:MF","lipid binding",20208,1606,"GO:0005488"
"query_1",TRUE,7.96718697151345e-06,803,4037,220,0.0544959128065395,0.273972602739726,"GO:0016462","GO:MF","pyrophosphatase activity",20208,2724,"GO:0016818"
"query_1",TRUE,8.5279798939176e-06,804,4037,220,0.0544959128065395,0.27363184079602,"GO:0016817","GO:MF","hydrolase activity, acting on acid anhydrides",20208,2914,"GO:0016787"
"query_1",TRUE,8.5279798939176e-06,804,4037,220,0.0544959128065395,0.27363184079602,"GO:0016818","GO:MF","hydrolase activity, acting on acid anhydrides, in phosphorus-containing anhydrides",20208,2915,"GO:0016817"
"query_1",TRUE,9.66827749791097e-06,275,4037,91,0.0225414912063413,0.330909090909091,"GO:0005096","GO:MF","GTPase activator activity",20208,1241,"GO:0008047;GO:0030695"
"query_1",TRUE,1.66518414652427e-05,321,4037,102,0.0252662868466683,0.317757009345794,"GO:0022836","GO:MF","gated channel activity",20208,3502,"GO:0015267"
"query_1",TRUE,3.88542889511145e-05,627,4037,175,0.0433490215506564,0.279106858054226,"GO:0019904","GO:MF","protein domain specific binding",20208,3459,"GO:0005515"
"query_1",TRUE,4.61420933327112e-05,449,4037,132,0.0326975476839237,0.293986636971047,"GO:0005216","GO:MF","monoatomic ion channel activity",20208,1320,"GO:0015075;GO:0015267"
"query_1",TRUE,6.5649812542904e-05,179,4037,63,0.0156056477582363,0.35195530726257,"GO:0141108","GO:MF","transporter regulator activity",20208,9619,"GO:0098772"
"query_1",TRUE,6.93959790411543e-05,770,4037,207,0.0512756997770622,0.268831168831169,"GO:0015075","GO:MF","monoatomic ion transmembrane transporter activity",20208,2233,"GO:0022857"
"query_1",TRUE,8.01653884347259e-05,2331,4037,552,0.136735199405499,0.236808236808237,"GO:0016740","GO:MF","transferase activity",20208,2855,"GO:0003824"
"query_1",TRUE,8.14855317746503e-05,454,4037,132,0.0326975476839237,0.290748898678414,"GO:0046873","GO:MF","metal ion transmembrane transporter activity",20208,5628,"GO:0008324"
"query_1",TRUE,8.14855317746503e-05,62,4037,29,0.00718355214268021,0.467741935483871,"GO:0017116","GO:MF","single-stranded DNA helicase activity",20208,3058,"GO:0003678"
"query_1",TRUE,9.65768148358407e-05,170,4037,60,0.0148625216745108,0.352941176470588,"GO:0016247","GO:MF","channel regulator activity",20208,2665,"GO:0141108"
"query_1",TRUE,0.000103758417193076,163,4037,58,0.0143671042853604,0.355828220858896,"GO:0015079","GO:MF","potassium ion transmembrane transporter activity",20208,2235,"GO:0046873"
"query_1",TRUE,0.000106647100353794,99,4037,40,0.00990834778300718,0.404040404040404,"GO:0005249","GO:MF","voltage-gated potassium channel activity",20208,1342,"GO:0005267;GO:0022843"
"query_1",TRUE,0.000114475190775079,255,4037,82,0.0203121129551647,0.32156862745098,"GO:0035173","GO:MF","histone kinase activity",20208,4727,"GO:0004672;GO:0140993"
"query_1",TRUE,0.000117065766792074,412,4037,121,0.0299727520435967,0.293689320388349,"GO:0016887","GO:MF","ATP hydrolysis activity",20208,2972,"GO:0017111;GO:0140657"
"query_1",TRUE,0.000118031493502157,76,4037,33,0.00817438692098093,0.434210526315789,"GO:0003678","GO:MF","DNA helicase activity",20208,313,"GO:0004386;GO:0008094"
"query_1",TRUE,0.000124016339499706,42,4037,22,0.00544959128065395,0.523809523809524,"GO:0019894","GO:MF","kinesin binding",20208,3453,"GO:0008092"
"query_1",TRUE,0.000170777264622684,162,4037,57,0.0141193955907852,0.351851851851852,"GO:0099106","GO:MF","ion channel regulator activity",20208,8440,"GO:0016247"
"query_1",TRUE,0.000170777264622684,246,4037,79,0.0195689868714392,0.321138211382114,"GO:0035403","GO:MF","histone H3T6 kinase activity",20208,4764,"GO:0004674;GO:0140996"
"query_1",TRUE,0.000197960783627552,43,4037,22,0.00544959128065395,0.511627906976744,"GO:0035254","GO:MF","glutamate receptor binding",20208,4743,"GO:0005102"
"query_1",TRUE,0.000221180108542341,2442,4037,571,0.141441664602428,0.233824733824734,"GO:0016787","GO:MF","hydrolase activity",20208,2894,"GO:0003824"
"query_1",TRUE,0.000283470890898681,512,4037,143,0.0354223433242507,0.279296875,"GO:0022803","GO:MF","passive transmembrane transporter activity",20208,3489,"GO:0022857"
"query_1",TRUE,0.000283470890898681,512,4037,143,0.0354223433242507,0.279296875,"GO:0015267","GO:MF","channel activity",20208,2375,"GO:0022803"
"query_1",TRUE,0.000284083865226292,53,4037,25,0.00619271736437949,0.471698113207547,"GO:0005544","GO:MF","calcium-dependent phospholipid binding",20208,1474,"GO:0005543"
"query_1",TRUE,0.000299046876202613,238,4037,76,0.0188258607877136,0.319327731092437,"GO:0005085","GO:MF","guanyl-nucleotide exchange factor activity",20208,1235,"GO:0030695"
"query_1",TRUE,0.000305228070389486,250,4037,79,0.0195689868714392,0.316,"GO:0140996","GO:MF","histone H3 kinase activity",20208,9581,"GO:0035173"
"query_1",TRUE,0.000311883148373722,282,4037,87,0.0215506564280406,0.308510638297872,"GO:0031267","GO:MF","small GTPase binding",20208,3820,"GO:0051020"
"query_1",TRUE,0.000337970736314049,244,4037,77,0.0190735694822888,0.315573770491803,"GO:0004676","GO:MF","3-phosphoinositide-dependent protein kinase activity",20208,946,"GO:0004674"
"query_1",TRUE,0.000337970736314049,244,4037,77,0.0190735694822888,0.315573770491803,"GO:0004711","GO:MF","ribosomal protein S6 kinase activity",20208,967,"GO:0004674"
"query_1",TRUE,0.000337970736314049,244,4037,77,0.0190735694822888,0.315573770491803,"GO:0004694","GO:MF","eukaryotic translation initiation factor 2alpha kinase activity",20208,957,"GO:0004674"
"query_1",TRUE,0.000337970736314049,244,4037,77,0.0190735694822888,0.315573770491803,"GO:0140823","GO:MF","histone H2BS36 kinase activity",20208,9485,"GO:0004674;GO:0140998"
"query_1",TRUE,0.000337970736314049,244,4037,77,0.0190735694822888,0.315573770491803,"GO:1990244","GO:MF","histone H2AT120 kinase activity",20208,9975,"GO:0004674;GO:0140995"
"query_1",TRUE,0.000337970736314049,244,4037,77,0.0190735694822888,0.315573770491803,"GO:0140995","GO:MF","histone H2A kinase activity",20208,9580,"GO:0035173"
"query_1",TRUE,0.000337970736314049,244,4037,77,0.0190735694822888,0.315573770491803,"GO:0140855","GO:MF","histone H3S57 kinase activity",20208,9513,"GO:0004674;GO:0140996"
"query_1",TRUE,0.000337970736314049,244,4037,77,0.0190735694822888,0.315573770491803,"GO:0044023","GO:MF","histone H4S1 kinase activity",20208,5393,"GO:0004674;GO:0140997"
"query_1",TRUE,0.000337970736314049,244,4037,77,0.0190735694822888,0.315573770491803,"GO:0044022","GO:MF","histone H3S28 kinase activity",20208,5392,"GO:0004674;GO:0140996"
"query_1",TRUE,0.000337970736314049,244,4037,77,0.0190735694822888,0.315573770491803,"GO:0044025","GO:MF","histone H2BS14 kinase activity",20208,5395,"GO:0004674;GO:0140998"
"query_1",TRUE,0.000337970736314049,244,4037,77,0.0190735694822888,0.315573770491803,"GO:0044024","GO:MF","histone H2AS1 kinase activity",20208,5394,"GO:0004674;GO:0140995"
"query_1",TRUE,0.000337970736314049,244,4037,77,0.0190735694822888,0.315573770491803,"GO:0072354","GO:MF","histone H3T3 kinase activity",20208,8089,"GO:0004674;GO:0140996"
"query_1",TRUE,0.000337970736314049,244,4037,77,0.0190735694822888,0.315573770491803,"GO:0072518","GO:MF","Rho-dependent protein serine/threonine kinase activity",20208,8093,"GO:0004674"
"query_1",TRUE,0.000337970736314049,244,4037,77,0.0190735694822888,0.315573770491803,"GO:0072371","GO:MF","histone H2AS121 kinase activity",20208,8090,"GO:0140995"
"query_1",TRUE,0.000337970736314049,244,4037,77,0.0190735694822888,0.315573770491803,"GO:0140997","GO:MF","histone H4 kinase activity",20208,9582,"GO:0035173"
"query_1",TRUE,0.000337970736314049,244,4037,77,0.0190735694822888,0.315573770491803,"GO:0140998","GO:MF","histone H2B kinase activity",20208,9583,"GO:0035173"
"query_1",TRUE,0.000337970736314049,244,4037,77,0.0190735694822888,0.315573770491803,"GO:0035979","GO:MF","histone H2AXS139 kinase activity",20208,4835,"GO:0004674;GO:0141003"
"query_1",TRUE,0.000337970736314049,244,4037,77,0.0190735694822888,0.315573770491803,"GO:0035175","GO:MF","histone H3S10 kinase activity",20208,4728,"GO:0004674;GO:0140996"
"query_1",TRUE,0.00034288112918383,126,4037,46,0.0113945999504583,0.365079365079365,"GO:0005267","GO:MF","potassium channel activity",20208,1351,"GO:0005261;GO:0015079"
"query_1",TRUE,0.00034288112918383,101,4037,39,0.009660639088432,0.386138613861386,"GO:0015171","GO:MF","amino acid transmembrane transporter activity",20208,2314,"GO:0022857"
"query_1",TRUE,0.000353706546337495,374,4037,109,0.0270002477086946,0.29144385026738,"GO:0042578","GO:MF","phosphoric ester hydrolase activity",20208,5058,"GO:0016788"
"query_1",TRUE,0.00037533284899516,245,4037,77,0.0190735694822888,0.314285714285714,"GO:0004677","GO:MF","DNA-dependent protein kinase activity",20208,947,"GO:0004674"
"query_1",TRUE,0.00037533284899516,245,4037,77,0.0190735694822888,0.314285714285714,"GO:0140857","GO:MF","histone H3T45 kinase activity",20208,9515,"GO:0004674;GO:0140996"
"query_1",TRUE,0.00037533284899516,245,4037,77,0.0190735694822888,0.314285714285714,"GO:0141003","GO:MF","histone H2AX kinase activity",20208,9587,"GO:0035173"
"query_1",TRUE,0.000436695512433128,246,4037,77,0.0190735694822888,0.313008130081301,"GO:0035402","GO:MF","histone H3T11 kinase activity",20208,4763,"GO:0004674;GO:0140996"
"query_1",TRUE,0.000467485594110844,68,4037,29,0.00718355214268021,0.426470588235294,"GO:0003777","GO:MF","microtubule motor activity",20208,347,"GO:0003774;GO:0120544;GO:0140657"
"query_1",TRUE,0.000486843373696765,580,4037,157,0.0388902650483032,0.270689655172414,"GO:0140993","GO:MF","histone modifying activity",20208,9578,"GO:0140096"
"query_1",TRUE,0.000489256515124025,247,4037,77,0.0190735694822888,0.311740890688259,"GO:0004679","GO:MF","AMP-activated protein kinase activity",20208,948,"GO:0004674"
"query_1",TRUE,0.000489256515124025,31,4037,17,0.00421104780777805,0.548387096774194,"GO:0017147","GO:MF","Wnt-protein binding",20208,3068,"GO:0005515"
"query_1",TRUE,0.000489256515124025,139,4037,49,0.0121377260341838,0.352517985611511,"GO:0044325","GO:MF","transmembrane transporter binding",20208,5405,"GO:0005515"
"query_1",TRUE,0.00051439241452689,158,4037,54,0.0133762695070597,0.341772151898734,"GO:0005178","GO:MF","integrin binding",20208,1306,"GO:0005102;GO:0044877;GO:0050839"
"query_1",TRUE,0.000536191528265919,23,4037,14,0.00346792172405251,0.608695652173913,"GO:0016917","GO:MF","GABA receptor activity",20208,2987,"GO:0004888"
"query_1",TRUE,0.000658489388359095,26,4037,15,0.00371563041862769,0.576923076923077,"GO:0035255","GO:MF","ionotropic glutamate receptor binding",20208,4744,"GO:0035254"
"query_1",TRUE,0.000672106512021957,314,4037,93,0.0230369085954917,0.296178343949045,"GO:0051020","GO:MF","GTPase binding",20208,7287,"GO:0019899"
"query_1",TRUE,0.000672106512021957,584,4037,157,0.0388902650483032,0.268835616438356,"GO:0140657","GO:MF","ATP-dependent activity",20208,9386,"GO:0003674"
"query_1",TRUE,0.000679254922882483,343,4037,100,0.024770869457518,0.291545189504373,"GO:0005261","GO:MF","monoatomic cation channel activity",20208,1349,"GO:0005216;GO:0008324"
"query_1",TRUE,0.000679254922882483,115,4037,42,0.0104037651721575,0.365217391304348,"GO:0003774","GO:MF","cytoskeletal motor activity",20208,346,"GO:0003674"
"query_1",TRUE,0.000789650922534329,295,4037,88,0.0217983651226158,0.298305084745763,"GO:0120543","GO:MF","macromolecular conformation isomerase activity",20208,9119,"GO:0016853"
"query_1",TRUE,0.000858069108200415,184,4037,60,0.0148625216745108,0.326086956521739,"GO:0046943","GO:MF","carboxylic acid transmembrane transporter activity",20208,5652,"GO:0022857"
"query_1",TRUE,0.000979030762475688,113,4037,41,0.0101560564775824,0.36283185840708,"GO:0017124","GO:MF","SH3 domain binding",20208,3060,"GO:0019904"
"query_1",TRUE,0.00109792774217494,14,4037,10,0.0024770869457518,0.714285714285714,"GO:0005313","GO:MF","L-glutamate transmembrane transporter activity",20208,1375,"GO:0015172;GO:0015179"
"query_1",TRUE,0.00111692358841853,78,4037,31,0.00767896953183057,0.397435897435897,"GO:0098631","GO:MF","cell adhesion mediator activity",20208,8399,"GO:0050839"
"query_1",TRUE,0.00111692358841853,27,4037,15,0.00371563041862769,0.555555555555556,"GO:0004683","GO:MF","calcium/calmodulin-dependent protein kinase activity",20208,949,"GO:0004674"
"query_1",TRUE,0.00121357494776752,58,4037,25,0.00619271736437949,0.431034482758621,"GO:0098632","GO:MF","cell-cell adhesion mediator activity",20208,8400,"GO:0098631"
"query_1",TRUE,0.00136887035621005,279,4037,83,0.0205598216497399,0.297491039426523,"GO:0035091","GO:MF","phosphatidylinositol binding",20208,4725,"GO:0005543"
"query_1",TRUE,0.00167942926839792,248,4037,75,0.0185781520931385,0.30241935483871,"GO:0140097","GO:MF","catalytic activity, acting on DNA",20208,9191,"GO:0140640"
"query_1",TRUE,0.00181587286383762,2365,4037,543,0.134505821154323,0.229598308668076,"GO:0140096","GO:MF","catalytic activity, acting on a protein",20208,9190,"GO:0003824"
"query_1",TRUE,0.00235954396267332,275,4037,81,0.0200644042605895,0.294545454545455,"GO:0015291","GO:MF","secondary active transmembrane transporter activity",20208,2388,"GO:0022804"
"query_1",TRUE,0.00271218600030499,23,4037,13,0.00322021302947733,0.565217391304348,"GO:0008093","GO:MF","cytoskeletal anchor activity",20208,1508,"GO:0030674"
"query_1",TRUE,0.00277879828113659,118,4037,41,0.0101560564775824,0.347457627118644,"GO:0015108","GO:MF","chloride transmembrane transporter activity",20208,2257,"GO:0008509"
"query_1",TRUE,0.00293410130433896,26,4037,14,0.00346792172405251,0.538461538461538,"GO:0098918","GO:MF","structural constituent of synapse",20208,8425,"GO:0005198"
"query_1",TRUE,0.00293410130433896,26,4037,14,0.00346792172405251,0.538461538461538,"GO:0004435","GO:MF","phosphatidylinositol-4,5-bisphosphate phospholipase C activity",20208,747,"GO:0004629"
"query_1",TRUE,0.00296134341866688,145,4037,48,0.0118900173396086,0.331034482758621,"GO:0008509","GO:MF","monoatomic anion transmembrane transporter activity",20208,1723,"GO:0015075"
"query_1",TRUE,0.00303522312551575,29,4037,15,0.00371563041862769,0.517241379310345,"GO:0004629","GO:MF","C-type glycerophospholipase activity",20208,904,"GO:0004620;GO:0008081"
"query_1",TRUE,0.003046422635044,1209,4037,292,0.0723309388159524,0.241521918941274,"GO:0140677","GO:MF","molecular function activator activity",20208,9398,"GO:0098772"
"query_1",TRUE,0.003046422635044,51,4037,22,0.00544959128065395,0.431372549019608,"GO:0061749","GO:MF","forked DNA-dependent helicase activity",20208,7743,"GO:0003678"
"query_1",TRUE,0.0032487849110436,656,4037,169,0.0418627693832054,0.257621951219512,"GO:0008324","GO:MF","monoatomic cation transmembrane transporter activity",20208,1620,"GO:0015075"
"query_1",TRUE,0.00333377336885123,18,4037,11,0.00272479564032698,0.611111111111111,"GO:0015172","GO:MF","acidic amino acid transmembrane transporter activity",20208,2315,"GO:0015171"
"query_1",TRUE,0.00366385653835411,90,4037,33,0.00817438692098093,0.366666666666667,"GO:0008081","GO:MF","phosphoric diester hydrolase activity",20208,1503,"GO:0042578"
"query_1",TRUE,0.00392212940123238,120,4037,41,0.0101560564775824,0.341666666666667,"GO:0008094","GO:MF","ATP-dependent activity, acting on DNA",20208,1509,"GO:0140097;GO:0140657"
"query_1",TRUE,0.00397461463518957,21,4037,12,0.00297250433490215,0.571428571428571,"GO:0005248","GO:MF","voltage-gated sodium channel activity",20208,1341,"GO:0005272"
"query_1",TRUE,0.00404820939085709,52,4037,22,0.00544959128065395,0.423076923076923,"GO:0009378","GO:MF","four-way junction helicase activity",20208,2079,"GO:0003678"
"query_1",TRUE,0.00404820939085709,52,4037,22,0.00544959128065395,0.423076923076923,"GO:1990518","GO:MF","single-stranded 3'-5' DNA helicase activity",20208,10017,"GO:0017116;GO:0043138"
"query_1",TRUE,0.00404820939085709,52,4037,22,0.00544959128065395,0.423076923076923,"GO:0036121","GO:MF","double-stranded DNA helicase activity",20208,4851,"GO:0003678"
"query_1",TRUE,0.0044007320489085,459,4037,123,0.0304681694327471,0.26797385620915,"GO:0016853","GO:MF","isomerase activity",20208,2944,"GO:0003824"
"query_1",TRUE,0.00468897145150452,11,4037,8,0.00198166955660144,0.727272727272727,"GO:0008503","GO:MF","benzodiazepine receptor activity",20208,1718,"GO:0030594"
"query_1",TRUE,0.00542619451076461,233,4037,69,0.0170918999256874,0.296137339055794,"GO:0000287","GO:MF","magnesium ion binding",20208,57,"GO:0046872"
"query_1",TRUE,0.0054769203582392,53,4037,22,0.00544959128065395,0.415094339622642,"GO:0043138","GO:MF","3'-5' DNA helicase activity",20208,5154,"GO:0003678"
"query_1",TRUE,0.00595402495234301,134,4037,44,0.0108991825613079,0.328358208955224,"GO:0015297","GO:MF","antiporter activity",20208,2394,"GO:0015291"
"query_1",TRUE,0.00595402495234301,19,4037,11,0.00272479564032698,0.578947368421053,"GO:0008574","GO:MF","plus-end-directed microtubule motor activity",20208,1753,"GO:0003777"
"query_1",TRUE,0.00595402495234301,19,4037,11,0.00272479564032698,0.578947368421053,"GO:0004890","GO:MF","GABA-A receptor activity",20208,1111,"GO:0016917"
"query_1",TRUE,0.0059870955447446,9,4037,7,0.00173396086202626,0.777777777777778,"GO:0030023","GO:MF","extracellular matrix constituent conferring elasticity",20208,3549,"GO:0005201;GO:0097493"
"query_1",TRUE,0.0059870955447446,9,4037,7,0.00173396086202626,0.777777777777778,"GO:0015183","GO:MF","L-aspartate transmembrane transporter activity",20208,2322,"GO:0005310;GO:0015172;GO:0015179;GO:0015556"
"query_1",TRUE,0.00704822902809716,7,4037,6,0.00148625216745108,0.857142857142857,"GO:0098882","GO:MF","structural constituent of presynaptic active zone",20208,8424,"GO:0098918"
"query_1",TRUE,0.00718116944445654,54,4037,22,0.00544959128065395,0.407407407407407,"GO:0051018","GO:MF","protein kinase A binding",20208,7285,"GO:0005515"
"query_1",TRUE,0.00733523098825076,44,4037,19,0.00470646519692841,0.431818181818182,"GO:0030020","GO:MF","extracellular matrix structural constituent conferring tensile strength",20208,3547,"GO:0005201"
"query_1",TRUE,0.00907461011327724,17,4037,10,0.0024770869457518,0.588235294117647,"GO:0050811","GO:MF","GABA receptor binding",20208,7267,"GO:0005102"
"query_1",TRUE,0.00907461011327724,17,4037,10,0.0024770869457518,0.588235294117647,"GO:0004697","GO:MF","diacylglycerol-dependent serine/threonine kinase activity",20208,958,"GO:0004674"
"query_1",TRUE,0.00942671228607207,106,4037,36,0.00891751300470646,0.339622641509434,"GO:0000149","GO:MF","SNARE binding",20208,27,"GO:0005515"
"query_1",TRUE,0.00982210987988761,717,4037,179,0.0443398563289571,0.249651324965133,"GO:0042803","GO:MF","protein homodimerization activity",20208,5081,"GO:0042802;GO:0046983"
"query_1",TRUE,0.0108270577626447,26,4037,13,0.00322021302947733,0.5,"GO:0008066","GO:MF","glutamate receptor activity",20208,1498,"GO:0004888"
"query_1",TRUE,0.0108270577626447,59,4037,23,0.00569729997522913,0.389830508474576,"GO:0019905","GO:MF","syntaxin binding",20208,3460,"GO:0000149"
"query_1",TRUE,0.0118212501227862,81,4037,29,0.00718355214268021,0.358024691358025,"GO:0005254","GO:MF","chloride channel activity",20208,1347,"GO:0005253;GO:0015108"
"query_1",TRUE,0.0118212501227862,81,4037,29,0.00718355214268021,0.358024691358025,"GO:0019199","GO:MF","transmembrane receptor protein kinase activity",20208,3374,"GO:0004672;GO:0004888"
"query_1",TRUE,0.0133805543024075,151,4037,47,0.0116423086450334,0.311258278145695,"GO:0004713","GO:MF","protein tyrosine kinase activity",20208,969,"GO:0004672"
"query_1",TRUE,0.0136244735825239,15,4037,9,0.00222937825117662,0.6,"GO:0015556","GO:MF","C4-dicarboxylate transmembrane transporter activity",20208,2542,"GO:0046943"
"query_1",TRUE,0.0136244735825239,15,4037,9,0.00222937825117662,0.6,"GO:0004698","GO:MF","calcium,diacylglycerol-dependent serine/threonine kinase activity",20208,959,"GO:0004697;GO:0009931"
"query_1",TRUE,0.0136244735825239,15,4037,9,0.00222937825117662,0.6,"GO:0004699","GO:MF","diacylglycerol-dependent, calcium-independent serine/threonine kinase activity",20208,960,"GO:0004697"
"query_1",TRUE,0.0137435549853797,93,4037,32,0.00792667822640575,0.344086021505376,"GO:0030594","GO:MF","neurotransmitter receptor activity",20208,3683,"GO:0038023"
"query_1",TRUE,0.0149235388996486,43,4037,18,0.00445875650235323,0.418604651162791,"GO:0005245","GO:MF","voltage-gated calcium channel activity",20208,1338,"GO:0005262;GO:0022843"
"query_1",TRUE,0.0152525421314952,18,4037,10,0.0024770869457518,0.555555555555556,"GO:0031690","GO:MF","adrenergic receptor binding",20208,3871,"GO:0001664"
"query_1",TRUE,0.0152525421314952,18,4037,10,0.0024770869457518,0.555555555555556,"GO:0022851","GO:MF","GABA-gated chloride ion channel activity",20208,3511,"GO:0005254;GO:0022824;GO:0099095"
"query_1",TRUE,0.0152525421314952,18,4037,10,0.0024770869457518,0.555555555555556,"GO:0017075","GO:MF","syntaxin-1 binding",20208,3040,"GO:0019905"
"query_1",TRUE,0.0152525421314952,30,4037,14,0.00346792172405251,0.466666666666667,"GO:0005310","GO:MF","dicarboxylic acid transmembrane transporter activity",20208,1374,"GO:0046943"
"query_1",TRUE,0.0161227456996187,21,4037,11,0.00272479564032698,0.523809523809524,"GO:0009931","GO:MF","calcium-dependent protein serine/threonine kinase activity",20208,2112,"GO:0004674"
"query_1",TRUE,0.0161454643632439,24,4037,12,0.00297250433490215,0.5,"GO:0015295","GO:MF","solute:proton symporter activity",20208,2392,"GO:0015078;GO:0015294"
"query_1",TRUE,0.0163060409112723,445,4037,116,0.0287342085707208,0.260674157303371,"GO:0022804","GO:MF","active transmembrane transporter activity",20208,3490,"GO:0022857"
"query_1",TRUE,0.0169876387334995,61,4037,23,0.00569729997522913,0.377049180327869,"GO:0015179","GO:MF","L-amino acid transmembrane transporter activity",20208,2319,"GO:0015171;GO:0046943"
"query_1",TRUE,0.0173487425813896,54,4037,21,0.00520188258607877,0.388888888888889,"GO:0005246","GO:MF","calcium channel regulator activity",20208,1339,"GO:0099106"
"query_1",TRUE,0.0190427393389419,122,4037,39,0.009660639088432,0.319672131147541,"GO:1902936","GO:MF","phosphatidylinositol bisphosphate binding",20208,9885,"GO:0043168"
"query_1",TRUE,0.0199591477627957,8,4037,6,0.00148625216745108,0.75,"GO:0031402","GO:MF","sodium ion binding",20208,3827,"GO:0031420"
"query_1",TRUE,0.0199674525682569,69,4037,25,0.00619271736437949,0.36231884057971,"GO:0005548","GO:MF","phospholipid transporter activity",20208,1478,"GO:0005319"
"query_1",TRUE,0.0199674525682569,13,4037,8,0.00198166955660144,0.615384615384615,"GO:0035673","GO:MF","oligopeptide transmembrane transporter activity",20208,4812,"GO:0022857"
"query_1",TRUE,0.0204270942450131,187,4037,55,0.0136239782016349,0.294117647058824,"GO:0015276","GO:MF","ligand-gated monoatomic ion channel activity",20208,2381,"GO:0005216;GO:0022834"
"query_1",TRUE,0.0211475621815739,62,4037,23,0.00569729997522913,0.370967741935484,"GO:0015026","GO:MF","coreceptor activity",20208,2213,"GO:0038023"
"query_1",TRUE,0.021436013989353,41,4037,17,0.00421104780777805,0.414634146341463,"GO:0001727","GO:MF","lipid kinase activity",20208,228,"GO:0016301"
"query_1",TRUE,0.0218837512491682,55,4037,21,0.00520188258607877,0.381818181818182,"GO:0016504","GO:MF","peptidase activator activity",20208,2742,"GO:0008047;GO:0061134"
"query_1",TRUE,0.0218943718679932,92,4037,31,0.00767896953183057,0.33695652173913,"GO:0043178","GO:MF","alcohol binding",20208,5162,"GO:0036094"
"query_1",TRUE,0.0234466740210742,180,4037,53,0.0131285608124845,0.294444444444444,"GO:1901981","GO:MF","phosphatidylinositol phosphate binding",20208,9862,"GO:0035091"
"query_1",TRUE,0.0237626018545003,38,4037,16,0.00396333911320287,0.421052631578947,"GO:0017080","GO:MF","sodium channel regulator activity",20208,3043,"GO:0099106"
"query_1",TRUE,0.0242739668168589,22,4037,11,0.00272479564032698,0.5,"GO:0061891","GO:MF","calcium ion sensor activity",20208,7770,"GO:0140784"
"query_1",TRUE,0.0244225539805578,6,4037,5,0.0012385434728759,0.833333333333333,"GO:0004971","GO:MF","AMPA glutamate receptor activity",20208,1175,"GO:0004970"
"query_1",TRUE,0.0244225539805578,4,4037,4,0.000990834778300718,1,"GO:0098919","GO:MF","structural constituent of postsynaptic density",20208,8426,"GO:0098879"
"query_1",TRUE,0.0252898951467306,189,4037,55,0.0136239782016349,0.291005291005291,"GO:0022834","GO:MF","ligand-gated channel activity",20208,3500,"GO:0022836"
"query_1",TRUE,0.0260096880792208,181,4037,53,0.0131285608124845,0.292817679558011,"GO:0004721","GO:MF","phosphoprotein phosphatase activity",20208,974,"GO:0016791;GO:0140096"
"query_1",TRUE,0.0288019875689618,121,4037,38,0.00941293039385682,0.31404958677686,"GO:0120544","GO:MF","polypeptide conformation or assembly isomerase activity",20208,9120,"GO:0120543"
"query_1",TRUE,0.0289826274489611,11,4037,7,0.00173396086202626,0.636363636363636,"GO:0004859","GO:MF","phospholipase inhibitor activity",20208,1094,"GO:0055102"
"query_1",TRUE,0.0289826274489611,11,4037,7,0.00173396086202626,0.636363636363636,"GO:0097493","GO:MF","structural molecule activity conferring elasticity",20208,8341,"GO:0005198"
"query_1",TRUE,0.0289826274489611,11,4037,7,0.00173396086202626,0.636363636363636,"GO:0008526","GO:MF","phosphatidylinositol transfer activity",20208,1736,"GO:0120014"
"query_1",TRUE,0.0312385740971216,162,4037,48,0.0118900173396086,0.296296296296296,"GO:0004386","GO:MF","helicase activity",20208,716,"GO:0120545;GO:0140640;GO:0140657"
"query_1",TRUE,0.0321464959937483,720,4037,175,0.0433490215506564,0.243055555555556,"GO:0016788","GO:MF","hydrolase activity, acting on ester bonds",20208,2895,"GO:0016787"
"query_1",TRUE,0.0332596691093499,179,4037,52,0.0128808521179093,0.290502793296089,"GO:0005319","GO:MF","lipid transporter activity",20208,1379,"GO:0005215"
"query_1",TRUE,0.0336542245255111,26,4037,12,0.00297250433490215,0.461538461538462,"GO:0030507","GO:MF","spectrin binding",20208,3650,"GO:0008092;GO:0044877"
"query_1",TRUE,0.0338005835343908,87,4037,29,0.00718355214268021,0.333333333333333,"GO:0072341","GO:MF","modified amino acid binding",20208,8085,"GO:0005488"
"query_1",TRUE,0.0338005835343908,14,4037,8,0.00198166955660144,0.571428571428571,"GO:0044548","GO:MF","S100 protein binding",20208,5417,"GO:0005515"
"query_1",TRUE,0.0338005835343908,272,4037,74,0.0183304433985633,0.272058823529412,"GO:0016757","GO:MF","glycosyltransferase activity",20208,2871,"GO:0016740"
"query_1",TRUE,0.0338005835343908,14,4037,8,0.00198166955660144,0.571428571428571,"GO:0098821","GO:MF","BMP receptor activity",20208,8419,"GO:0004675"
"query_1",TRUE,0.0338005835343908,14,4037,8,0.00198166955660144,0.571428571428571,"GO:0071933","GO:MF","Arp2/3 complex binding",20208,8076,"GO:0044877"
"query_1",TRUE,0.0344647210665738,72,4037,25,0.00619271736437949,0.347222222222222,"GO:0017022","GO:MF","myosin binding",20208,3020,"GO:0008092"
"query_1",TRUE,0.0344647210665738,281,4037,76,0.0188258607877136,0.270462633451957,"GO:0016791","GO:MF","phosphatase activity",20208,2897,"GO:0042578"
"query_1",TRUE,0.0346199146065633,23,4037,11,0.00272479564032698,0.478260869565217,"GO:0140784","GO:MF","metal ion sensor activity",20208,9450,"GO:0140299"
"query_1",TRUE,0.0348712680665089,43,4037,17,0.00421104780777805,0.395348837209302,"GO:0004712","GO:MF","protein serine/threonine/tyrosine kinase activity",20208,968,"GO:0004672"
"query_1",TRUE,0.0355098812850871,17,4037,9,0.00222937825117662,0.529411764705882,"GO:0000900","GO:MF","mRNA regulatory element binding translation repressor activity",20208,108,"GO:0030371"
"query_1",TRUE,0.0369993975780498,80,4037,27,0.00668813475352985,0.3375,"GO:0048306","GO:MF","calcium-dependent protein binding",20208,6639,"GO:0005515"
"query_1",TRUE,0.0393365004043903,47,4037,18,0.00445875650235323,0.382978723404255,"GO:0140303","GO:MF","intramembrane lipid transporter activity",20208,9260,"GO:0005319"
"query_1",TRUE,0.0412739314662011,100,4037,32,0.00792667822640575,0.32,"GO:0005253","GO:MF","monoatomic anion channel activity",20208,1346,"GO:0005216;GO:0008509"
"query_1",TRUE,0.0414003427832711,9,4037,6,0.00148625216745108,0.666666666666667,"GO:0003689","GO:MF","DNA clamp loader activity",20208,319,"GO:0008094"
"query_1",TRUE,0.0414003427832711,9,4037,6,0.00148625216745108,0.666666666666667,"GO:0005432","GO:MF","calcium:sodium antiporter activity",20208,1425,"GO:0015081;GO:0015368"
"query_1",TRUE,0.0462842223145015,145,4037,43,0.0106514738667327,0.296551724137931,"GO:0015085","GO:MF","calcium ion transmembrane transporter activity",20208,2239,"GO:0046873"
"query_1",TRUE,0.0466980890015206,174,4037,50,0.012385434728759,0.28735632183908,"GO:0120545","GO:MF","nucleic acid conformation isomerase activity",20208,9121,"GO:0120543"
"query_1",TRUE,0.0477398959024133,101,4037,32,0.00792667822640575,0.316831683168317,"GO:0042626","GO:MF","ATPase-coupled transmembrane transporter activity",20208,5068,"GO:0015399;GO:0140657"
"query_1",TRUE,0.0477398959024133,129,4037,39,0.009660639088432,0.302325581395349,"GO:0005262","GO:MF","calcium channel activity",20208,1350,"GO:0005261;GO:0015085"
"query_1",TRUE,0.0494806716665814,24,4037,11,0.00272479564032698,0.458333333333333,"GO:0003887","GO:MF","DNA-directed DNA polymerase activity",20208,413,"GO:0034061"
"query_1",TRUE,0.0494806716665814,24,4037,11,0.00272479564032698,0.458333333333333,"GO:0031681","GO:MF","G-protein beta-subunit binding",20208,3863,"GO:0005515"
"query_1",TRUE,0.0494845773667857,59,4037,21,0.00520188258607877,0.355932203389831,"GO:0015459","GO:MF","potassium channel regulator activity",20208,2485,"GO:0099106"
"query_1",TRUE,0.0494995075366903,12,4037,7,0.00173396086202626,0.583333333333333,"GO:0008179","GO:MF","adenylate cyclase binding",20208,1558,"GO:0019899"
"query_1",TRUE,0.0494995075366903,12,4037,7,0.00173396086202626,0.583333333333333,"GO:0017002","GO:MF","activin receptor activity",20208,3015,"GO:0004675"
"query_1",TRUE,0.0494995075366903,12,4037,7,0.00173396086202626,0.583333333333333,"GO:0005025","GO:MF","transforming growth factor beta receptor activity, type I",20208,1214,"GO:0005024"
"query_1",TRUE,0.0494995075366903,12,4037,7,0.00173396086202626,0.583333333333333,"GO:0005536","GO:MF","D-glucose binding",20208,1468,"GO:0048029"
"query_1",TRUE,0.0494995075366903,12,4037,7,0.00173396086202626,0.583333333333333,"GO:0005026","GO:MF","transforming growth factor beta receptor activity, type II",20208,1215,"GO:0005024"
"query_1",TRUE,0.0494995075366903,12,4037,7,0.00173396086202626,0.583333333333333,"GO:0016361","GO:MF","activin receptor activity, type I",20208,2689,"GO:0017002"
"query_1",TRUE,0.0494995075366903,12,4037,7,0.00173396086202626,0.583333333333333,"GO:0016362","GO:MF","activin receptor activity, type II",20208,2690,"GO:0017002"
"query_1",TRUE,4.07082031427997e-09,335,1286,140,0.108864696734059,0.417910447761194,"HP:0011182","HP","Interictal epileptiform activity",5200,9799,"HP:0025373"
"query_1",TRUE,4.07082031427997e-09,349,1286,145,0.112752721617418,0.415472779369628,"HP:0025373","HP","Interictal EEG abnormality",5200,9013,"HP:0002353"
"query_1",TRUE,4.22237020710146e-09,132,1286,70,0.0544323483670296,0.53030303030303,"HP:0200134","HP","Epileptic encephalopathy",5200,15983,"HP:0001298"
"query_1",TRUE,1.7627991291234e-08,284,1286,121,0.0940902021772939,0.426056338028169,"HP:0011198","HP","EEG with generalized epileptiform discharges",5200,9815,"HP:0011182"
"query_1",TRUE,2.29080760072308e-06,192,1286,85,0.0660964230171073,0.442708333333333,"HP:0002521","HP","Hypsarrhythmia",5200,1526,"HP:0011198"
"query_1",TRUE,3.09003970424513e-06,138,1286,66,0.0513219284603421,0.478260869565217,"HP:0002384","HP","Focal impaired awareness seizure",5200,1728,"HP:0007359;HP:0011146"
"query_1",TRUE,3.74473091489485e-06,540,1286,191,0.148522550544323,0.353703703703704,"HP:0002020","HP","Gastroesophageal reflux",5200,2473,"HP:0025270"
"query_1",TRUE,3.74473091489485e-06,1318,1286,406,0.315707620528771,0.30804248861912,"HP:0001288","HP","Gait disturbance",5200,813,"HP:0100022"
"query_1",TRUE,3.88555948197326e-06,90,1286,48,0.0373250388802488,0.533333333333333,"HP:0020221","HP","Clonic seizure",5200,8698,"HP:0020219"
"query_1",TRUE,6.75692027158518e-06,574,1286,199,0.154743390357698,0.346689895470383,"HP:0002353","HP","EEG abnormality",5200,1707,"HP:0030178"
"query_1",TRUE,6.75692027158518e-06,159,1286,72,0.0559875583203732,0.452830188679245,"HP:0100710","HP","Impulsivity",5200,15491,"HP:0000734"
"query_1",TRUE,6.75692027158518e-06,2060,1286,596,0.463452566096423,0.289320388349515,"HP:0001249","HP","Intellectual disability",5200,783,"HP:0011446;HP:0012759"
"query_1",TRUE,9.00545702643458e-06,123,1286,59,0.0458786936236392,0.479674796747967,"HP:0011185","HP","EEG with focal epileptiform discharges",5200,9802,"HP:0011182"
"query_1",TRUE,9.00545702643458e-06,155,1286,70,0.0544323483670296,0.451612903225806,"HP:0032792","HP","Tonic seizure",5200,12233,"HP:0020219"
"query_1",TRUE,9.57807879888624e-06,2107,1286,606,0.471228615863142,0.287612719506407,"HP:0100022","HP","Abnormality of movement",5200,14982,"HP:0012638"
"query_1",TRUE,9.57807879888624e-06,1064,1286,334,0.259720062208398,0.31390977443609,"HP:0100543","HP","Cognitive impairment",5200,15445,"HP:0011446"
"query_1",TRUE,9.57807879888624e-06,273,1286,108,0.0839813374805599,0.395604395604396,"HP:0011146","HP","Dialeptic seizure",5200,6965,"HP:0001250"
"query_1",TRUE,1.02460450411741e-05,378,1286,140,0.108864696734059,0.37037037037037,"HP:0001336","HP","Myoclonus",5200,843,"HP:0004305"
"query_1",TRUE,1.05344295960614e-05,760,1286,250,0.194401244167963,0.328947368421053,"HP:0001311","HP","Abnormal nervous system electrophysiology",5200,827,"HP:0012638"
"query_1",TRUE,1.05344295960614e-05,55,1286,33,0.0256609642301711,0.6,"HP:0010844","HP","EEG with multifocal slow activity",5200,6777,"HP:0011203"
"query_1",TRUE,1.06943570792045e-05,166,1286,73,0.0567651632970451,0.439759036144578,"HP:0002373","HP","Febrile seizure (within the age range of 3 months to 6 years)",5200,1720,"HP:0032894"
"query_1",TRUE,1.06943570792045e-05,166,1286,73,0.0567651632970451,0.439759036144578,"HP:0032892","HP","Infection-related seizure",5200,12583,"HP:0001250"
"query_1",TRUE,1.06943570792045e-05,166,1286,73,0.0567651632970451,0.439759036144578,"HP:0032894","HP","Seizure precipitated by febrile infection",5200,12585,"HP:0032892"
"query_1",TRUE,1.78908813095997e-05,648,1286,217,0.168740279937792,0.334876543209877,"HP:0030178","HP","Abnormality of central nervous system electrophysiology",5200,9426,"HP:0001311"
"query_1",TRUE,2.60473085171303e-05,91,1286,46,0.0357698289269051,0.505494505494505,"HP:0011203","HP","EEG with abnormally slow frequencies",5200,9820,"HP:0002353"
"query_1",TRUE,2.92575217907184e-05,3904,1286,1035,0.804821150855365,0.265112704918033,"HP:0012638","HP","Abnormal nervous system physiology",5200,7910,"HP:0000707"
"query_1",TRUE,3.67182957436122e-05,969,1286,304,0.236391912908243,0.313725490196078,"HP:0025270","HP","Abnormal esophagus physiology",5200,8811,"HP:0012719"
"query_1",TRUE,4.76587317550293e-05,212,1286,86,0.0668740279937792,0.405660377358491,"HP:0100660","HP","Dyskinesia",5200,15702,"HP:0100022"
"query_1",TRUE,7.31891830241488e-05,72,1286,38,0.0295489891135303,0.527777777777778,"HP:0010841","HP","Multifocal epileptiform discharges",5200,6775,"HP:0011185"
"query_1",TRUE,9.43254134032781e-05,2084,1286,592,0.460342146189736,0.284069097888676,"HP:0011442","HP","Abnormal central motor function",5200,7199,"HP:0012638"
"query_1",TRUE,0.000132490221497736,223,1286,88,0.0684292379471229,0.394618834080717,"HP:0002133","HP","Status epilepticus",5200,1277,"HP:0001250"
"query_1",TRUE,0.000147288577868474,3342,1286,899,0.699066874027994,0.269000598444046,"HP:0011446","HP","Abnormality of mental function",5200,7203,"HP:0012638"
"query_1",TRUE,0.000206648865208539,1117,1286,339,0.263608087091757,0.303491495076097,"HP:0004305","HP","Involuntary movements",5200,3021,"HP:0011442;HP:0100022"
"query_1",TRUE,0.000288809948645153,1046,1286,319,0.24805598755832,0.304971319311663,"HP:5200241","HP","Recurrent maladaptive behavior",5200,17077,"HP:0000708"
"query_1",TRUE,0.000288809948645153,1310,1286,389,0.30248833592535,0.296946564885496,"HP:0012719","HP","Functional abnormality of the gastrointestinal tract",5200,8067,"HP:0011024;HP:0025032"
"query_1",TRUE,0.000335245202608047,405,1286,141,0.109642301710731,0.348148148148148,"HP:0002540","HP","Inability to walk",5200,1538,"HP:0001288"
"query_1",TRUE,0.000398184584986517,2752,1286,753,0.585536547433904,0.273619186046512,"HP:0012443","HP","Abnormal brain morphology",5200,7950,"HP:0002011"
"query_1",TRUE,0.000496201975516062,1839,1286,524,0.40746500777605,0.284937466014138,"HP:0011024","HP","Abnormality of the gastrointestinal tract",5200,10499,"HP:0025031"
"query_1",TRUE,0.000580997790440512,221,1286,85,0.0660964230171073,0.384615384615385,"HP:0033259","HP","Non-motor seizure",5200,12857,"HP:0001250"
"query_1",TRUE,0.000691244134585875,459,1286,155,0.120528771384137,0.337690631808279,"HP:0002376","HP","Developmental regression",5200,1723,"HP:0012759"
"query_1",TRUE,0.000721860671177519,2987,1286,808,0.628304821150855,0.270505523937061,"HP:0012759","HP","Neurodevelopmental abnormality",5200,11535,"HP:0012638"
"query_1",TRUE,0.000721860671177519,373,1286,130,0.101088646967341,0.348525469168901,"HP:0007359","HP","Focal-onset seizure",5200,4220,"HP:0001250"
"query_1",TRUE,0.000879685605972187,230,1286,87,0.067651632970451,0.378260869565217,"HP:0002063","HP","Rigidity",5200,2508,"HP:0001276"
"query_1",TRUE,0.000879685605972187,416,1286,142,0.110419906687403,0.341346153846154,"HP:0002069","HP","Bilateral tonic-clonic seizure",5200,2513,"HP:0001250"
"query_1",TRUE,0.000976301377276624,1231,1286,364,0.283048211508554,0.295694557270512,"HP:0031826","HP","Abnormal reflex",5200,11213,"HP:0100022"
"query_1",TRUE,0.00118529133802062,196,1286,76,0.0590979782270607,0.387755102040816,"HP:0002121","HP","Generalized non-motor (absence) seizure",5200,1271,"HP:0002197;HP:0011146;HP:0033259"
"query_1",TRUE,0.00118529133802062,2510,1286,689,0.535769828926905,0.274501992031873,"HP:0000929","HP","Abnormal skull morphology",5200,695,"HP:0000234;HP:0009121"
"query_1",TRUE,0.00131213166923108,69,1286,34,0.0264385692068429,0.492753623188406,"HP:0025190","HP","Bilateral tonic-clonic seizure with generalized onset",5200,8618,"HP:0002069;HP:0032677"
"query_1",TRUE,0.00131213166923108,4138,1286,1077,0.837480559875583,0.260270662155631,"HP:0000707","HP","Abnormality of the nervous system",5200,520,"HP:0000118"
"query_1",TRUE,0.00131213166923108,69,1286,34,0.0264385692068429,0.492753623188406,"HP:0010818","HP","Generalized tonic seizure",5200,8810,"HP:0032677;HP:0032792"
"query_1",TRUE,0.00131213166923108,385,1286,132,0.102643856920684,0.342857142857143,"HP:0001268","HP","Mental deterioration",5200,798,"HP:0100543"
"query_1",TRUE,0.00131213166923108,823,1286,254,0.19751166407465,0.308626974483597,"HP:5200263","HP","Abnormally increased volition",5200,17081,"HP:0025780"
"query_1",TRUE,0.00133114435116247,772,1286,240,0.186625194401244,0.310880829015544,"HP:0000734","HP","Disinhibition",5200,541,"HP:5200241;HP:5200263"
"query_1",TRUE,0.00137959816250774,45,1286,25,0.0194401244167963,0.555555555555556,"HP:0002266","HP","Focal clonic seizure",5200,1518,"HP:0011153;HP:0020221"
"query_1",TRUE,0.00137959816250774,591,1286,190,0.147744945567652,0.321489001692047,"HP:0000752","HP","Hyperactivity",5200,557,"HP:0000734"
"query_1",TRUE,0.00137959816250774,101,1286,45,0.0349922239502333,0.445544554455446,"HP:0010819","HP","Atonic seizure",5200,6754,"HP:0020219"
"query_1",TRUE,0.00148088936969923,198,1286,76,0.0590979782270607,0.383838383838384,"HP:0000340","HP","Sloping forehead",5200,395,"HP:0000290"
"query_1",TRUE,0.00152468405894851,679,1286,214,0.166407465007776,0.315169366715758,"HP:0001337","HP","Tremor",5200,844,"HP:0004305"
"query_1",TRUE,0.0016048915600878,1255,1286,368,0.286158631415241,0.293227091633466,"HP:0002463","HP","Language impairment",5200,1767,"HP:0034434"
"query_1",TRUE,0.00167821578016227,93,1286,42,0.0326594090202177,0.451612903225806,"HP:0010850","HP","EEG with spike-wave complexes",5200,6783,"HP:0011198"
"query_1",TRUE,0.00169159337441446,275,1286,99,0.0769828926905132,0.36,"HP:0032794","HP","Myoclonic seizure",5200,12235,"HP:0020219"
"query_1",TRUE,0.00177265581049654,2083,1286,580,0.451010886469673,0.278444551128181,"HP:0001250","HP","Seizure",5200,784,"HP:0012638"
"query_1",TRUE,0.00177265581049654,906,1286,275,0.213841368584759,0.303532008830022,"HP:0007367","HP","Atrophy/Degeneration affecting the central nervous system",5200,4228,"HP:0002011"
"query_1",TRUE,0.00185057163950492,2809,1286,760,0.590979782270607,0.270558917764329,"HP:0009121","HP","Abnormal axial skeleton morphology",5200,7289,"HP:0011842"
"query_1",TRUE,0.00187435328741291,1400,1286,405,0.3149300155521,0.289285714285714,"HP:0034430","HP","Abnormal joint physiology",5200,13883,"HP:0011843"
"query_1",TRUE,0.00187435328741291,1400,1286,405,0.3149300155521,0.289285714285714,"HP:0011729","HP","Abnormality of joint mobility",5200,7562,"HP:0034430"
"query_1",TRUE,0.00189931332313652,2974,1286,800,0.622083981337481,0.268997982515131,"HP:0002011","HP","Morphological central nervous system abnormality",5200,2465,"HP:0012639"
"query_1",TRUE,0.00197297870101085,210,1286,79,0.0614307931570762,0.376190476190476,"HP:0002317","HP","Unsteady gait",5200,1682,"HP:0001288"
"query_1",TRUE,0.00206095464573783,478,1286,157,0.122083981337481,0.328451882845188,"HP:0020219","HP","Motor seizure",5200,8696,"HP:0001250"
"query_1",TRUE,0.00226962402052808,1698,1286,481,0.37402799377916,0.283274440518257,"HP:0000240","HP","Abnormality of skull size",5200,203,"HP:0000929"
"query_1",TRUE,0.0024425615813998,423,1286,141,0.109642301710731,0.333333333333333,"HP:0001376","HP","Limitation of joint mobility",5200,870,"HP:0011729"
"query_1",TRUE,0.00251372438211093,215,1286,80,0.0622083981337481,0.372093023255814,"HP:0032677","HP","Generalized-onset motor seizure",5200,12122,"HP:0002197;HP:0020219"
"query_1",TRUE,0.00251372438211093,930,1286,280,0.217729393468118,0.301075268817204,"HP:0008050","HP","Abnormality of the palpebral fissures",5200,4596,"HP:0000492"
"query_1",TRUE,0.00251372438211093,385,1286,130,0.101088646967341,0.337662337662338,"HP:0002197","HP","Generalized-onset seizure",5200,1328,"HP:0001250"
"query_1",TRUE,0.00251372438211093,39,1286,22,0.0171073094867807,0.564102564102564,"HP:0002323","HP","Anencephaly",5200,1686,"HP:0007364;HP:0034237"
"query_1",TRUE,0.00251578052730698,1881,1286,527,0.409797822706065,0.280170122275385,"HP:0025792","HP","Abnormal cognitive process",5200,15646,"HP:0011446"
"query_1",TRUE,0.0025486906602562,438,1286,145,0.112752721617418,0.331050228310502,"HP:0007018","HP","Attention deficit hyperactivity disorder",5200,4156,"HP:0000736;HP:0000752"
"query_1",TRUE,0.00308616637154422,475,1286,155,0.120528771384137,0.326315789473684,"HP:0001344","HP","Absent speech",5200,851,"HP:0000750"
"query_1",TRUE,0.00313553225252972,18,1286,13,0.0101088646967341,0.722222222222222,"HP:0011172","HP","Complex febrile seizure",5200,9789,"HP:0002373"
"query_1",TRUE,0.00339717560279354,1100,1286,324,0.25194401244168,0.294545454545455,"HP:0001251","HP","Ataxia",5200,785,"HP:0011443"
"query_1",TRUE,0.00356844438454483,1192,1286,348,0.270606531881804,0.291946308724832,"HP:0001276","HP","Hypertonia",5200,805,"HP:0003808"
"query_1",TRUE,0.00368296073186637,25,1286,16,0.0124416796267496,0.64,"HP:0006813","HP","Focal hemiclonic seizure",5200,6887,"HP:0002266"
"query_1",TRUE,0.00388603380155484,1845,1286,516,0.401244167962675,0.279674796747967,"HP:0034434","HP","Abnormal communication",5200,13887,"HP:0025792"
"query_1",TRUE,0.00389047083184308,1968,1286,547,0.425349922239502,0.277947154471545,"HP:0002977","HP","Aplasia/Hypoplasia involving the central nervous system",5200,1884,"HP:0002011"
"query_1",TRUE,0.00389047083184308,787,1286,240,0.186625194401244,0.304955527318933,"HP:0200006","HP","Slanting of the palpebral fissure",5200,15929,"HP:0008050"
"query_1",TRUE,0.00389047083184308,535,1286,171,0.132970451010886,0.319626168224299,"HP:0000736","HP","Short attention span",5200,542,"HP:5200044"
"query_1",TRUE,0.00389047083184308,1152,1286,337,0.262052877138414,0.292534722222222,"HP:0001999","HP","Abnormal facial shape",5200,2457,"HP:0000271"
"query_1",TRUE,0.00401935058017924,532,1286,170,0.132192846034215,0.319548872180451,"HP:0004299","HP","Hernia of the abdominal wall",5200,3018,"HP:0010866;HP:0100790"
"query_1",TRUE,0.00401935058017924,1600,1286,453,0.352255054432348,0.283125,"HP:0003549","HP","Abnormality of connective tissue",5200,4029,"HP:0033127"
"query_1",TRUE,0.00401935058017924,3055,1286,816,0.63452566096423,0.267103109656301,"HP:0012639","HP","Abnormal nervous system morphology",5200,7911,"HP:0000707"
"query_1",TRUE,0.00401935058017924,619,1286,194,0.150855365474339,0.313408723747981,"HP:0100790","HP","Hernia",5200,18751,"HP:0003549"
"query_1",TRUE,0.0041905002839643,176,1286,67,0.052099533437014,0.380681818181818,"HP:0002509","HP","Limb hypertonia",5200,1796,"HP:0001276;HP:0009127"
"query_1",TRUE,0.0042959972308842,160,1286,62,0.0482115085536547,0.3875,"HP:0000324","HP","Facial asymmetry",5200,385,"HP:0001999"
"query_1",TRUE,0.00450756388543123,537,1286,171,0.132970451010886,0.318435754189944,"HP:0010866","HP","Abdominal wall defect",5200,6799,"HP:0004298"
"query_1",TRUE,0.00456510814843133,38,1286,21,0.0163297045101089,0.552631578947368,"HP:0011169","HP","Generalized clonic seizure",5200,9786,"HP:0020221;HP:0032677"
"query_1",TRUE,0.00456510814843133,38,1286,21,0.0163297045101089,0.552631578947368,"HP:0007270","HP","Atypical absence seizure",5200,4478,"HP:0002121"
"query_1",TRUE,0.00471922893368941,28,1286,17,0.0132192846034215,0.607142857142857,"HP:0031475","HP","Status epilepticus without prominent motor symptoms",5200,10735,"HP:0002133"
"query_1",TRUE,0.00498961618633777,21,1286,14,0.0108864696734059,0.666666666666667,"HP:0032671","HP","Non-convulsive status epilepticus without coma",5200,12116,"HP:0031475"
"query_1",TRUE,0.00516852532397178,227,1286,82,0.0637636080870918,0.361233480176211,"HP:0011097","HP","Epileptic spasm",5200,16124,"HP:0020219"
"query_1",TRUE,0.00530578513930913,2042,1286,564,0.438569206842924,0.276199804113614,"HP:0001263","HP","Global developmental delay",5200,794,"HP:0012758"
"query_1",TRUE,0.00536457804737512,550,1286,174,0.135303265940902,0.316363636363636,"HP:5200044","HP","Reduced attention regulation",5200,16942,"HP:0100543"
"query_1",TRUE,0.00537207779543186,117,1286,48,0.0373250388802488,0.41025641025641,"HP:0011153","HP","Focal motor seizure",5200,6971,"HP:0007359;HP:0020219"
"query_1",TRUE,0.00576982181246717,1007,1286,297,0.23094867807154,0.29493545183714,"HP:0002118","HP","Abnormal cerebral ventricle morphology",5200,1268,"HP:0012443"
"query_1",TRUE,0.00578238977514382,1799,1286,502,0.390357698289269,0.279043913285158,"HP:0002167","HP","Abnormal speech pattern",5200,1305,"HP:4000072"
"query_1",TRUE,0.00578238977514382,1799,1286,502,0.390357698289269,0.279043913285158,"HP:4000072","HP","Abnormal language feature",5200,17841,"HP:0034434"
"query_1",TRUE,0.00596798563703729,1198,1286,347,0.269828926905132,0.289649415692821,"HP:0011443","HP","Abnormality of coordination",5200,7200,"HP:0011442"
"query_1",TRUE,0.00596798563703729,93,1286,40,0.031104199066874,0.43010752688172,"HP:0005344","HP","Abnormal carotid artery morphology",5200,3283,"HP:0011004"
"query_1",TRUE,0.00608686663346079,1410,1286,402,0.312597200622084,0.285106382978723,"HP:0000252","HP","Microcephaly",5200,211,"HP:0007364;HP:0040195"
"query_1",TRUE,0.00631778978475823,1199,1286,347,0.269828926905132,0.289407839866555,"HP:0000750","HP","Delayed speech and language development",5200,555,"HP:0002167;HP:0002463;HP:0012758"
"query_1",TRUE,0.00656041142033534,17,1286,12,0.00933125972006221,0.705882352941177,"HP:0011151","HP","Atypical absence status epilepticus",5200,6969,"HP:0032860"
"query_1",TRUE,0.00656041142033534,17,1286,12,0.00933125972006221,0.705882352941177,"HP:0011197","HP","EEG with focal spike waves",5200,9814,"HP:0011185"
"query_1",TRUE,0.00656041142033534,39,1286,21,0.0163297045101089,0.538461538461538,"HP:0010295","HP","Aplasia/Hypoplasia of the tongue",5200,6386,"HP:0030809"
"query_1",TRUE,0.00751205412508925,1034,1286,303,0.235614307931571,0.293036750483559,"HP:0000164","HP","Abnormality of the dentition",5200,144,"HP:0000163"
"query_1",TRUE,0.00784907444366384,1422,1286,404,0.314152410575428,0.284106891701828,"HP:0040195","HP","Decreased head circumference",5200,14451,"HP:0000240"
"query_1",TRUE,0.00784907444366384,551,1286,173,0.13452566096423,0.313974591651543,"HP:0000014","HP","Abnormality of the bladder",5200,13,"HP:0010936"
"query_1",TRUE,0.00798972441337344,285,1286,98,0.0762052877138414,0.343859649122807,"HP:0002577","HP","Abnormal stomach morphology",5200,1562,"HP:0012718"
"query_1",TRUE,0.00804683067688876,292,1286,100,0.0777604976671851,0.342465753424658,"HP:0000717","HP","Autism",5200,528,"HP:0000729"
"query_1",TRUE,0.00806196654906465,11,1286,9,0.00699844479004666,0.818181818181818,"HP:0031491","HP","Continuous spike and waves during slow sleep",5200,10750,"HP:0025373"
"query_1",TRUE,0.00806196654906465,11,1286,9,0.00699844479004666,0.818181818181818,"HP:0032807","HP","Neonatal seizure",5200,12248,"HP:0001250"
"query_1",TRUE,0.00820005178756604,132,1286,52,0.0404354587869362,0.393939393939394,"HP:0002495","HP","Impaired vibratory sensation",5200,1786,"HP:0010831"
"query_1",TRUE,0.00876150641045912,2582,1286,696,0.541213063763608,0.269558481797057,"HP:0012758","HP","Neurodevelopmental delay",5200,11534,"HP:0012759"
"query_1",TRUE,0.00913106746283565,32,1286,18,0.0139968895800933,0.5625,"HP:0011171","HP","Simple febrile seizure",5200,9788,"HP:0002373"
"query_1",TRUE,0.00958371926563353,2182,1286,596,0.463452566096423,0.27314390467461,"HP:0100547","HP","Abnormal forebrain morphology",5200,15449,"HP:0012443"
"query_1",TRUE,0.00958371926563353,149,1286,57,0.0443234836702955,0.38255033557047,"HP:0002123","HP","Generalized myoclonic seizure",5200,1272,"HP:0032677;HP:0032794"
"query_1",TRUE,0.00958371926563353,1664,1286,465,0.361586314152411,0.279447115384615,"HP:0007364","HP","Aplasia/Hypoplasia of the cerebrum",5200,4225,"HP:0002060;HP:0002977"
"query_1",TRUE,0.00958371926563353,51,1286,25,0.0194401244167963,0.490196078431373,"HP:0001058","HP","Poor wound healing",5200,949,"HP:0011354"
"query_1",TRUE,0.00958371926563353,3202,1286,847,0.658631415241058,0.264522173641474,"HP:0000478","HP","Abnormality of the eye",5200,309,"HP:0000118"
"query_1",TRUE,0.00995769632016784,2155,1286,589,0.45800933125972,0.273317865429234,"HP:0002060","HP","Abnormal cerebral morphology",5200,2505,"HP:0100547"
"query_1",TRUE,0.0104063552702425,20,1286,13,0.0101088646967341,0.65,"HP:0100541","HP","Femoral hernia",5200,15443,"HP:0004299"
"query_1",TRUE,0.0111477453711679,818,1286,244,0.189735614307932,0.298288508557457,"HP:0012444","HP","Brain atrophy",5200,7951,"HP:0007367;HP:0012443"
"query_1",TRUE,0.0113608379402062,323,1286,108,0.0839813374805599,0.334365325077399,"HP:0001537","HP","Umbilical hernia",5200,1117,"HP:0001551;HP:0004299"
"query_1",TRUE,0.0114337017711197,2608,1286,701,0.545101088646967,0.268788343558282,"HP:0012373","HP","Abnormal eye physiology",5200,7804,"HP:0000478"
"query_1",TRUE,0.0114842380893224,25,1286,15,0.0116640746500778,0.6,"HP:0003066","HP","Limited knee extension",5200,1936,"HP:0010501"
"query_1",TRUE,0.0114842380893224,1175,1286,338,0.262830482115086,0.287659574468085,"HP:0002650","HP","Scoliosis",5200,1619,"HP:0010674"
"query_1",TRUE,0.0121673721308158,715,1286,216,0.16796267496112,0.302097902097902,"HP:0007369","HP","Atrophy/Degeneration affecting the cerebrum",5200,4229,"HP:0002060;HP:0002977;HP:0012444"
"query_1",TRUE,0.0124535925525572,128,1286,50,0.0388802488335925,0.390625,"HP:0012727","HP","Thoracic aortic aneurysm",5200,8075,"HP:0004942"
"query_1",TRUE,0.0124736068710436,18,1286,12,0.00933125972006221,0.666666666666667,"HP:0032860","HP","Generalized non-convulsive status epilepticus without coma",5200,12301,"HP:0032671"
"query_1",TRUE,0.0133387037443487,184,1286,67,0.052099533437014,0.364130434782609,"HP:0007495","HP","Prematurely aged appearance",5200,4322,"HP:0011354"
"query_1",TRUE,0.0133643124079558,33,1286,18,0.0139968895800933,0.545454545454545,"HP:0012171","HP","Stereotypical hand wringing",5200,7444,"HP:5200009"
"query_1",TRUE,0.0133643124079558,6,1286,6,0.0046656298600311,1,"HP:0032716","HP","Focal impaired awareness non-motor seizure",5200,12157,"HP:0002384;HP:0032679"
"query_1",TRUE,0.0133643124079558,6,1286,6,0.0046656298600311,1,"HP:0006367","HP","Crumpled long bones",5200,5328,"HP:0011314"
"query_1",TRUE,0.0133643124079558,791,1286,236,0.183514774494557,0.298356510745891,"HP:0001347","HP","Hyperreflexia",5200,853,"HP:0031826"
"query_1",TRUE,0.0133643124079558,1278,1286,364,0.283048211508554,0.284820031298905,"HP:0010674","HP","Abnormal curvature of the vertebral column",5200,6645,"HP:0000925"
"query_1",TRUE,0.0133643124079558,33,1286,18,0.0139968895800933,0.545454545454545,"HP:5200009","HP","Midline hand movements",5200,16856,"HP:5200018"
"query_1",TRUE,0.0133714747847087,171,1286,63,0.0489891135303266,0.368421052631579,"HP:0000722","HP","Compulsive behaviors",5200,532,"HP:5200241"
"query_1",TRUE,0.0135387503118996,1640,1286,457,0.355365474339036,0.278658536585366,"HP:0000708","HP","Atypical behavior",5200,521,"HP:0011446"
"query_1",TRUE,0.0138705839369006,1068,1286,309,0.240279937791602,0.289325842696629,"HP:0011283","HP","Abnormal metencephalon morphology",5200,10254,"HP:0011282"
"query_1",TRUE,0.0138705839369006,1068,1286,309,0.240279937791602,0.289325842696629,"HP:0011282","HP","Abnormal hindbrain morphology",5200,10253,"HP:0012443"
"query_1",TRUE,0.0138746180382586,28,1286,16,0.0124416796267496,0.571428571428571,"HP:0045084","HP","Limb myoclonus",5200,14946,"HP:0001336"
"query_1",TRUE,0.0138925167085345,329,1286,109,0.0847589424572317,0.331306990881459,"HP:0001551","HP","Abnormal umbilicus morphology",5200,1128,"HP:0004298"
"query_1",TRUE,0.0140058077293354,461,1286,146,0.11353032659409,0.316702819956616,"HP:0007256","HP","Abnormal pyramidal sign",5200,4468,"HP:0002423;HP:0002493"
"query_1",TRUE,0.0140287677605856,16,1286,11,0.00855365474339036,0.6875,"HP:0031869","HP","Recurrent joint dislocation",5200,11053,"HP:0001373"
"query_1",TRUE,0.0140733510983309,1061,1286,307,0.238724727838258,0.289349670122526,"HP:0001317","HP","Abnormal cerebellum morphology",5200,830,"HP:0011283"
"query_1",TRUE,0.0142504554316075,465,1286,147,0.114307931570762,0.316129032258064,"HP:0034482","HP","Abnormal spinal cord physiology",5200,13935,"HP:0012638"
"query_1",TRUE,0.0142504554316075,465,1286,147,0.114307931570762,0.316129032258064,"HP:0002423","HP","Long-tract sign",5200,1749,"HP:0034482"
"query_1",TRUE,0.0146945934415657,162,1286,60,0.046656298600311,0.37037037037037,"HP:0025633","HP","Abnormal ureter morphology",5200,9094,"HP:0000069"
"query_1",TRUE,0.0146945934415657,390,1286,126,0.0979782270606532,0.323076923076923,"HP:0000069","HP","Abnormality of the ureter",5200,64,"HP:0010935"
"query_1",TRUE,0.0152571312242222,2034,1286,556,0.432348367029549,0.273352999016716,"HP:0000006","HP","Autosomal dominant inheritance",5200,5,"HP:0034345"
"query_1",TRUE,0.0152571312242222,671,1286,203,0.157853810264386,0.302533532041729,"HP:0000729","HP","Autistic behavior",5200,538,"HP:0025783"
"query_1",TRUE,0.0155023369493596,448,1286,142,0.110419906687403,0.316964285714286,"HP:0003474","HP","Somatic sensory dysfunction",5200,3990,"HP:0012638"
"query_1",TRUE,0.0159067401701903,572,1286,176,0.136858475894246,0.307692307692308,"HP:0004298","HP","Abnormal abdominal wall morphology",5200,3017,"HP:0025031"
"query_1",TRUE,0.0168911355138791,153,1286,57,0.0443234836702955,0.372549019607843,"HP:0034237","HP","Open neural tube defect",5200,13509,"HP:0045005"
"query_1",TRUE,0.0172927281151974,643,1286,195,0.151632970451011,0.303265940902022,"HP:0002360","HP","Sleep disturbance",5200,1711,"HP:0011446"
"query_1",TRUE,0.0174744569854341,2437,1286,656,0.510108864696734,0.26918342224046,"HP:0000153","HP","Abnormality of the mouth",5200,134,"HP:0000271"
"query_1",TRUE,0.0175190871301422,65,1286,29,0.0225505443234837,0.446153846153846,"HP:0010851","HP","EEG with burst suppression",5200,6784,"HP:0011198"
"query_1",TRUE,0.0175617174523048,74,1286,32,0.0248833592534992,0.432432432432432,"HP:0000974","HP","Hyperextensible skin",5200,731,"HP:0008067"
"query_1",TRUE,0.0177168789414313,8,1286,7,0.00544323483670296,0.875,"HP:0025019","HP","Arterial rupture",5200,8449,"HP:0025323"
"query_1",TRUE,0.0177168789414313,8,1286,7,0.00544323483670296,0.875,"HP:0032678","HP","Eyelid myoclonia seizure",5200,12123,"HP:0002123"
"query_1",TRUE,0.0183190014156386,34,1286,18,0.0139968895800933,0.529411764705882,"HP:0012126","HP","Stomach cancer",5200,7401,"HP:0006753"
"query_1",TRUE,0.0184848408607382,238,1286,82,0.0637636080870918,0.34453781512605,"HP:0000668","HP","Hypodontia",5200,492,"HP:0009804"
"query_1",TRUE,0.0186674612350305,1266,1286,359,0.279160186625194,0.283570300157978,"HP:0002493","HP","Upper motor neuron dysfunction",5200,1784,"HP:0011442"
"query_1",TRUE,0.0186674612350305,10,1286,8,0.00622083981337481,0.8,"HP:0001073","HP","Cigarette-paper scars",5200,961,"HP:0001075"
"query_1",TRUE,0.0189950621977196,228,1286,79,0.0614307931570762,0.346491228070175,"HP:0002186","HP","Apraxia",5200,1319,"HP:0011442"
"query_1",TRUE,0.0196461348309931,93,1286,38,0.0295489891135303,0.408602150537634,"HP:0034670","HP","Abnormal knee physiology",5200,14025,"HP:0002815"
"query_1",TRUE,0.0198440632707742,249,1286,85,0.0660964230171073,0.34136546184739,"HP:0002104","HP","Apnea",5200,1262,"HP:0002793"
"query_1",TRUE,0.0199954270216256,90,1286,37,0.0287713841368585,0.411111111111111,"HP:0002246","HP","Abnormal duodenum morphology",5200,1367,"HP:0002244"
"query_1",TRUE,0.0199998506648177,51,1286,24,0.0186625194401244,0.470588235294118,"HP:0000977","HP","Soft skin",5200,733,"HP:0010647"
"query_1",TRUE,0.0199998506648177,535,1286,165,0.128304821150855,0.308411214953271,"HP:0000494","HP","Downslanted palpebral fissures",5200,323,"HP:0200006"
"query_1",TRUE,0.0201417427740886,946,1286,275,0.213841368584759,0.290697674418605,"HP:0001257","HP","Spasticity",5200,789,"HP:0001276;HP:0002493"
"query_1",TRUE,0.0205639768828524,84,1286,35,0.0272161741835148,0.416666666666667,"HP:0006481","HP","Abnormality of primary teeth",5200,3831,"HP:0000164"
"query_1",TRUE,0.0216862032318769,2346,1286,632,0.49144634525661,0.269394714407502,"HP:0000163","HP","Abnormal oral cavity morphology",5200,143,"HP:0031816"
"query_1",TRUE,0.0216862032318769,40,1286,20,0.015552099533437,0.5,"HP:0002036","HP","Hiatus hernia",5200,2485,"HP:0002577;HP:0100790"
"query_1",TRUE,0.0216862032318769,2346,1286,632,0.49144634525661,0.269394714407502,"HP:0031816","HP","Abnormal oral morphology",5200,11203,"HP:0000153"
"query_1",TRUE,0.0218036540845924,132,1286,50,0.0388802488335925,0.378787878787879,"HP:0010161","HP","Abnormal toe phalanx morphology",5200,6208,"HP:0001780"
"query_1",TRUE,0.023088454981661,32,1286,17,0.0132192846034215,0.53125,"HP:0005274","HP","Prominent nasal tip",5200,3146,"HP:0000436"
"query_1",TRUE,0.024852617142819,512,1286,158,0.122861586314152,0.30859375,"HP:0000009","HP","Functional abnormality of the bladder",5200,8,"HP:0000014"
"query_1",TRUE,0.0253223868924462,1087,1286,311,0.241835147744946,0.286108555657774,"HP:0001197","HP","Abnormality of prenatal development or birth",5200,759,"HP:0000118"
"query_1",TRUE,0.0253765835297866,227,1286,78,0.0606531881804044,0.343612334801762,"HP:0100755","HP","Abnormality of salivation",5200,15530,"HP:0031815"
"query_1",TRUE,0.0260149896600821,35,1286,18,0.0139968895800933,0.514285714285714,"HP:0002396","HP","Cogwheel rigidity",5200,1734,"HP:0002063"
"query_1",TRUE,0.0286890564525036,532,1286,163,0.126749611197512,0.306390977443609,"HP:0002194","HP","Delayed gross motor development",5200,1325,"HP:0001270"
"query_1",TRUE,0.0304279043093685,979,1286,282,0.219284603421462,0.288049029622063,"HP:0001273","HP","Abnormal corpus callosum morphology",5200,803,"HP:0002500"
"query_1",TRUE,0.0309167328491346,201,1286,70,0.0544323483670296,0.348258706467662,"HP:0001387","HP","Joint stiffness",5200,876,"HP:0001376"
"query_1",TRUE,0.0311135699523122,15,1286,10,0.00777604976671851,0.666666666666667,"HP:0007058","HP","Generalized cerebral atrophy/hypoplasia",5200,4177,"HP:0002059"
"query_1",TRUE,0.0311135699523122,15,1286,10,0.00777604976671851,0.666666666666667,"HP:0011468","HP","Facial tics",5200,7071,"HP:0005324"
"query_1",TRUE,0.0316291359799818,253,1286,85,0.0660964230171073,0.33596837944664,"HP:0002421","HP","Poor head control",5200,1748,"HP:0001324"
"query_1",TRUE,0.0322110928962499,693,1286,206,0.160186625194401,0.297258297258297,"HP:0002059","HP","Cerebral atrophy",5200,2504,"HP:0007369"
"query_1",TRUE,0.0322761609523289,3127,1286,822,0.639191290824261,0.262871762072274,"HP:0000271","HP","Abnormality of the face",5200,224,"HP:0000234"
"query_1",TRUE,0.0322761609523289,44,1286,21,0.0163297045101089,0.477272727272727,"HP:0032679","HP","Focal non-motor seizure",5200,12124,"HP:0007359;HP:0033259"
"query_1",TRUE,0.0334653961835568,47,1286,22,0.0171073094867807,0.468085106382979,"HP:0000073","HP","Ureteral duplication",5200,68,"HP:0025633"
"query_1",TRUE,0.0334653961835568,47,1286,22,0.0171073094867807,0.468085106382979,"HP:0002247","HP","Duodenal atresia",5200,1368,"HP:0002246;HP:0011100"
"query_1",TRUE,0.034732352932152,20,1286,12,0.00933125972006221,0.6,"HP:0002411","HP","Myokymia",5200,1742,"HP:0100022"
"query_1",TRUE,0.0357650718686204,56,1286,25,0.0194401244167963,0.446428571428571,"HP:0006886","HP","Impaired distal vibration sensation",5200,6916,"HP:0002495"
"query_1",TRUE,0.0361010144542174,721,1286,213,0.165629860031104,0.295423023578363,"HP:0025783","HP","Diagnostic behavioral phenotype",5200,15637,"HP:0000708"
"query_1",TRUE,0.0363000374930327,325,1286,105,0.0816485225505443,0.323076923076923,"HP:0002071","HP","Abnormality of extrapyramidal motor function",5200,1233,"HP:0011442"
"query_1",TRUE,0.0363000374930327,5,1286,5,0.00388802488335925,1,"HP:0012557","HP","EEG with centrotemporal focal spike waves",5200,7830,"HP:0011197;HP:0033721"
"query_1",TRUE,0.0363000374930327,5,1286,5,0.00388802488335925,1,"HP:0032906","HP","Focal head nodding automatism seizure",5200,12597,"HP:0032898"
"query_1",TRUE,0.0363000374930327,13,1286,9,0.00699844479004666,0.692307692307692,"HP:0006938","HP","Impaired vibration sensation at ankles",5200,6941,"HP:0002166;HP:0006886"
"query_1",TRUE,0.0363000374930327,5,1286,5,0.00388802488335925,1,"HP:0002372","HP","Normal interictal EEG",5200,1719,"HP:0025373"
"query_1",TRUE,0.0363000374930327,5,1286,5,0.00388802488335925,1,"HP:0032755","HP","Focal impaired awareness autonomic seizure",5200,12196,"HP:0011154;HP:0032716"
"query_1",TRUE,0.0363000374930327,5,1286,5,0.00388802488335925,1,"HP:0032823","HP","Neonatal electro-clinical seizure with behavior arrest",5200,12264,"HP:0032812"
"query_1",TRUE,0.0363000374930327,5,1286,5,0.00388802488335925,1,"HP:0033721","HP","EEG with centrotemporal epileptiform discharges",5200,15360,"HP:0011185"
"query_1",TRUE,0.0363000374930327,5,1286,5,0.00388802488335925,1,"HP:0032809","HP","Neonatal electro-clinical seizure",5200,12250,"HP:0032808"
"query_1",TRUE,0.0363000374930327,5,1286,5,0.00388802488335925,1,"HP:0032812","HP","Neonatal electro-clinical non-motor seizure",5200,12253,"HP:0032809"
"query_1",TRUE,0.0363000374930327,5,1286,5,0.00388802488335925,1,"HP:0032808","HP","Neonatal seizure with electrographic correlate",5200,12249,"HP:0032807"
"query_1",TRUE,0.0363000374930327,13,1286,9,0.00699844479004666,0.692307692307692,"HP:0003179","HP","Protrusio acetabuli",5200,2017,"HP:0003170"
"query_1",TRUE,0.0363987028690685,595,1286,179,0.139191290824261,0.300840336134454,"HP:0003272","HP","Abnormal hip bone morphology",5200,2091,"HP:0002644"
"query_1",TRUE,0.0374402147767099,790,1286,231,0.179626749611198,0.292405063291139,"HP:0002119","HP","Ventriculomegaly",5200,1269,"HP:0002118"
"query_1",TRUE,0.0382726908422058,3272,1286,856,0.665629860031104,0.26161369193154,"HP:0011842","HP","Abnormal skeletal morphology",5200,9501,"HP:0000924"
"query_1",TRUE,0.0391298043954924,81,1286,33,0.0256609642301711,0.407407407407407,"HP:0025615","HP","Abscess",5200,9081,"HP:0032251"
"query_1",TRUE,0.0412831367813885,75,1286,31,0.0241057542768274,0.413333333333333,"HP:0002616","HP","Aortic root aneurysm",5200,1593,"HP:0012727"
"query_1",TRUE,0.0416950897465583,11,1286,8,0.00622083981337481,0.727272727272727,"HP:0006640","HP","Multiple rib fractures",5200,3938,"HP:0000772"
"query_1",TRUE,0.0417876263632147,1255,1286,352,0.273716951788491,0.280478087649402,"HP:0000290","HP","Abnormal forehead morphology",5200,239,"HP:0000271"
"query_1",TRUE,0.0433846066310424,66,1286,28,0.0217729393468118,0.424242424242424,"HP:0002075","HP","Dysdiadochokinesis",5200,1237,"HP:0001251"
"query_1",TRUE,0.0436875913214926,421,1286,131,0.101866251944012,0.311163895486936,"HP:0006483","HP","Abnormal number of teeth",5200,3833,"HP:0000164"
"query_1",TRUE,0.0436875913214926,63,1286,27,0.02099533437014,0.428571428571429,"HP:0002645","HP","Wormian bones",5200,1617,"HP:0011329"
"query_1",TRUE,0.0436875913214926,160,1286,57,0.0443234836702955,0.35625,"HP:0010831","HP","Impaired proprioception",5200,6766,"HP:0003474"
"query_1",TRUE,0.0461385401496073,157,1286,56,0.0435458786936236,0.356687898089172,"HP:0003677","HP","Slowly progressive",5200,2246,"HP:0003676"
"query_1",TRUE,0.0461385401496073,9,1286,7,0.00544323483670296,0.777777777777778,"HP:0200048","HP","Cyanotic episode",5200,19017,"HP:0000961"
"query_1",TRUE,0.046400273895048,7,1286,6,0.0046656298600311,0.857142857142857,"HP:0000993","HP","Molluscoid pseudotumors",5200,743,"HP:0011355"
"query_1",TRUE,0.047610806447714,289,1286,94,0.073094867807154,0.325259515570934,"HP:0000520","HP","Proptosis",5200,344,"HP:0100886"
"query_1",TRUE,0.047643071912145,82,1286,33,0.0256609642301711,0.402439024390244,"HP:5200300","HP","Abnormal movement during sleep",5200,17102,"HP:0025234"
"query_1",TRUE,0.0479258369490831,1223,1286,343,0.266718506998445,0.280457890433361,"HP:0030791","HP","Abnormal jaw morphology",5200,11881,"HP:0011821"
"query_1",TRUE,0.0481646618173871,26,1286,14,0.0108864696734059,0.538461538461538,"HP:0033348","HP","Epileptic aura",5200,12725,"HP:0032679"
"query_1",TRUE,0.0481646618173871,26,1286,14,0.0108864696734059,0.538461538461538,"HP:0006870","HP","Lobar holoprosencephaly",5200,6909,"HP:0001360"
"query_1",TRUE,2.87728129601183e-27,8092,2634,2155,0.818147304479878,0.266312407315868,"HPA:0100000","HPA","Cerebral cortex",11007,186,"HPA:0000000"
"query_1",TRUE,1.18345873776454e-21,292,2634,149,0.0565679574791192,0.51027397260274,"HPA:0091061","HPA","Cerebellum; synaptic glomeruli - core[≥Low]",11007,177,"HPA:0090000"
"query_1",TRUE,1.28565605729552e-21,263,2634,138,0.0523917995444191,0.524714828897338,"HPA:0090991","HPA","Cerebellum; molecular layer - neuropil[≥Low]",11007,150,"HPA:0090000"
"query_1",TRUE,1.37033424457228e-21,229,2634,125,0.0474563401670463,0.54585152838428,"HPA:0091062","HPA","Cerebellum; synaptic glomeruli - core[≥Medium]",11007,178,"HPA:0091061"
"query_1",TRUE,2.50399500573259e-21,338,2634,164,0.0622627182991648,0.485207100591716,"HPA:0091001","HPA","Cerebellum; molecular layer cells - cytoplasm/membrane[≥Low]",11007,153,"HPA:0090000"
"query_1",TRUE,2.64921574187981e-21,441,2634,199,0.0755504935459377,0.45124716553288,"HPA:0090941","HPA","Cerebellum; Purkinje cells - cytoplasm/membrane[≥Low]",11007,123,"HPA:0090000"
"query_1",TRUE,1.3889724700049e-20,203,2634,113,0.0429005315110099,0.556650246305419,"HPA:0091021","HPA","Cerebellum; processes in granular layer[≥Low]",11007,162,"HPA:0090000"
"query_1",TRUE,1.76095575017708e-19,2616,2634,810,0.30751708428246,0.309633027522936,"HPA:0100212","HPA","Cerebral cortex; neuropil[≥Medium]",11007,200,"HPA:0100211"
"query_1",TRUE,4.22128059069583e-18,175,2634,98,0.0372057706909643,0.56,"HPA:0091022","HPA","Cerebellum; processes in granular layer[≥Medium]",11007,163,"HPA:0091021"
"query_1",TRUE,6.63433704040936e-18,205,2634,109,0.0413819286256644,0.531707317073171,"HPA:0091041","HPA","Cerebellum; processes in white matter[≥Low]",11007,168,"HPA:0090000"
"query_1",TRUE,2.67965589851135e-16,304,2634,141,0.0535307517084282,0.463815789473684,"HPA:0091002","HPA","Cerebellum; molecular layer cells - cytoplasm/membrane[≥Medium]",11007,154,"HPA:0091001"
"query_1",TRUE,6.23731770770906e-16,146,2634,83,0.0315110098709188,0.568493150684932,"HPA:0090992","HPA","Cerebellum; molecular layer - neuropil[≥Medium]",11007,151,"HPA:0090991"
"query_1",TRUE,6.23731770770906e-16,295,2634,137,0.0520121488230828,0.464406779661017,"HPA:0090971","HPA","Cerebellum; granular cells - cytoplasm/membrane[≥Low]",11007,144,"HPA:0090000"
"query_1",TRUE,1.6921023953305e-15,364,2634,159,0.0603644646924829,0.436813186813187,"HPA:0090942","HPA","Cerebellum; Purkinje cells - cytoplasm/membrane[≥Medium]",11007,124,"HPA:0090941"
"query_1",TRUE,6.38433648200644e-15,125,2634,73,0.0277145026575551,0.584,"HPA:0091063","HPA","Cerebellum; synaptic glomeruli - core[High]",11007,179,"HPA:0091062"
"query_1",TRUE,6.38433648200644e-15,177,2634,93,0.0353075170842825,0.525423728813559,"HPA:0091042","HPA","Cerebellum; processes in white matter[≥Medium]",11007,169,"HPA:0091041"
"query_1",TRUE,4.38470995089827e-12,4999,2634,1361,0.5167046317388,0.272254450890178,"HPA:0100211","HPA","Cerebral cortex; neuropil[≥Low]",11007,199,"HPA:0100000"
"query_1",TRUE,8.67688207007189e-12,229,2634,105,0.0398633257403189,0.458515283842795,"HPA:0090972","HPA","Cerebellum; granular cells - cytoplasm/membrane[≥Medium]",11007,145,"HPA:0090971"
"query_1",TRUE,1.13986718052922e-11,195,2634,93,0.0353075170842825,0.476923076923077,"HPA:0090921","HPA","Cerebellum; GLUC cells - cytoplasm/membrane[≥Low]",11007,114,"HPA:0090000"
"query_1",TRUE,4.88337943625786e-11,113,2634,62,0.023538344722855,0.548672566371681,"HPA:0091023","HPA","Cerebellum; processes in granular layer[High]",11007,164,"HPA:0091022"
"query_1",TRUE,2.14781155039218e-10,180,2634,85,0.0322703113135915,0.472222222222222,"HPA:0091003","HPA","Cerebellum; molecular layer cells - cytoplasm/membrane[High]",11007,155,"HPA:0091002"
"query_1",TRUE,3.18604067648762e-10,71,2634,44,0.0167046317388003,0.619718309859155,"HPA:0091052","HPA","Cerebellum; synaptic glomeruli - capsule[≥Medium]",11007,175,"HPA:0091051"
"query_1",TRUE,3.42422834971614e-10,229,2634,101,0.0383447228549734,0.441048034934498,"HPA:0090951","HPA","Cerebellum; Purkinje cells - dendrites[≥Low]",11007,126,"HPA:0090000"
"query_1",TRUE,3.42422834971614e-10,91,2634,52,0.0197418375094913,0.571428571428571,"HPA:0091051","HPA","Cerebellum; synaptic glomeruli - capsule[≥Low]",11007,174,"HPA:0090000"
"query_1",TRUE,3.46586502925734e-10,409,2634,158,0.0599848139711465,0.386308068459658,"HPA:0100213","HPA","Cerebral cortex; neuropil[High]",11007,201,"HPA:0100212"
"query_1",TRUE,3.85216571294817e-10,188,2634,87,0.0330296127562642,0.462765957446808,"HPA:0090943","HPA","Cerebellum; Purkinje cells - cytoplasm/membrane[High]",11007,125,"HPA:0090942"
"query_1",TRUE,4.69030128920816e-10,177,2634,83,0.0315110098709188,0.468926553672316,"HPA:0090922","HPA","Cerebellum; GLUC cells - cytoplasm/membrane[≥Medium]",11007,115,"HPA:0090921"
"query_1",TRUE,5.08653350666933e-10,7182,2634,1859,0.705770690964313,0.258841548315233,"HPA:0090000","HPA","Cerebellum",11007,107,"HPA:0000000"
"query_1",TRUE,6.65528611192136e-10,6952,2634,1805,0.685269552012149,0.25963751438435,"HPA:0080000","HPA","Caudate",11007,94,"HPA:0000000"
"query_1",TRUE,9.77441372450015e-10,197,2634,89,0.033788914198937,0.451776649746193,"HPA:0091031","HPA","Cerebellum; processes in molecular layer[≥Low]",11007,165,"HPA:0090000"
"query_1",TRUE,2.4509316129023e-09,185,2634,84,0.0318906605922551,0.454054054054054,"HPA:0091032","HPA","Cerebellum; processes in molecular layer[≥Medium]",11007,166,"HPA:0091031"
"query_1",TRUE,5.84039006790059e-09,6820,2634,1767,0.670842824601367,0.259090909090909,"HPA:0250000","HPA","Hippocampus",11007,389,"HPA:0000000"
"query_1",TRUE,6.4955988026846e-09,287,2634,116,0.044039483675019,0.40418118466899,"HPA:0091071","HPA","Cerebellum; white matter cells - cytoplasm/membrane[≥Low]",11007,180,"HPA:0090000"
"query_1",TRUE,9.65176904129794e-09,98,2634,52,0.0197418375094913,0.530612244897959,"HPA:0091043","HPA","Cerebellum; processes in white matter[High]",11007,170,"HPA:0091042"
"query_1",TRUE,1.08265923909785e-08,33,2634,25,0.00949126803340926,0.757575757575758,"HPA:0100141","HPA","Cerebral cortex; neuronal projections[≥Low]",11007,196,"HPA:0100000"
"query_1",TRUE,3.59622495927091e-08,28,2634,22,0.00835231586940015,0.785714285714286,"HPA:0100142","HPA","Cerebral cortex; neuronal projections[≥Medium]",11007,197,"HPA:0100141"
"query_1",TRUE,3.73808997348884e-08,129,2634,62,0.023538344722855,0.48062015503876,"HPA:0090973","HPA","Cerebellum; granular cells - cytoplasm/membrane[High]",11007,146,"HPA:0090972"
"query_1",TRUE,9.34539740765294e-08,260,2634,104,0.0394836750189825,0.4,"HPA:0400241","HPA","Rectum; peripheral nerve/ganglion[≥Low]",11007,600,"HPA:0400000"
"query_1",TRUE,1.82698811521126e-07,209,2634,87,0.0330296127562642,0.416267942583732,"HPA:0090952","HPA","Cerebellum; Purkinje cells - dendrites[≥Medium]",11007,127,"HPA:0090951"
"query_1",TRUE,4.57546711085543e-07,222,2634,90,0.0341685649202733,0.405405405405405,"HPA:0091072","HPA","Cerebellum; white matter cells - cytoplasm/membrane[≥Medium]",11007,181,"HPA:0091071"
"query_1",TRUE,6.33023098612085e-07,108,2634,52,0.0197418375094913,0.481481481481481,"HPA:0090953","HPA","Cerebellum; Purkinje cells - dendrites[High]",11007,128,"HPA:0090952"
"query_1",TRUE,1.47716620276549e-06,192,2634,79,0.0299924069855733,0.411458333333333,"HPA:0400242","HPA","Rectum; peripheral nerve/ganglion[≥Medium]",11007,601,"HPA:0400241"
"query_1",TRUE,2.51218823634992e-06,106,2634,50,0.0189825360668185,0.471698113207547,"HPA:0090923","HPA","Cerebellum; GLUC cells - cytoplasm/membrane[High]",11007,116,"HPA:0090922"
"query_1",TRUE,6.68905563328657e-06,6698,2634,1711,0.64958238420653,0.255449387876978,"HPA:0100131","HPA","Cerebral cortex; neuronal cells[≥Low]",11007,193,"HPA:0100000"
"query_1",TRUE,1.02406302716518e-05,119,2634,53,0.0201214882308276,0.445378151260504,"HPA:0091073","HPA","Cerebellum; white matter cells - cytoplasm/membrane[High]",11007,182,"HPA:0091072"
"query_1",TRUE,1.84513792597696e-05,103,2634,47,0.0178435839028094,0.456310679611651,"HPA:0091033","HPA","Cerebellum; processes in molecular layer[High]",11007,167,"HPA:0091032"
"query_1",TRUE,6.60281034361454e-05,113,2634,49,0.0186028853454822,0.433628318584071,"HPA:0400243","HPA","Rectum; peripheral nerve/ganglion[High]",11007,602,"HPA:0400242"
"query_1",TRUE,7.15784308685342e-05,186,2634,72,0.0273348519362187,0.387096774193548,"HPA:0091011","HPA","Cerebellum; molecular layer cells - nucleus[≥Low]",11007,156,"HPA:0090000"
"query_1",TRUE,8.21790607137551e-05,120,2634,51,0.0193621867881549,0.425,"HPA:0091013","HPA","Cerebellum; molecular layer cells - nucleus[High]",11007,158,"HPA:0091012"
"query_1",TRUE,8.68549491773242e-05,35,2634,21,0.00797266514806378,0.6,"HPA:0090993","HPA","Cerebellum; molecular layer - neuropil[High]",11007,152,"HPA:0090992"
"query_1",TRUE,0.000131895918134928,26,2634,17,0.0064540622627183,0.653846153846154,"HPA:0091053","HPA","Cerebellum; synaptic glomeruli - capsule[High]",11007,176,"HPA:0091052"
"query_1",TRUE,0.000210932264435353,513,2634,164,0.0622627182991648,0.319688109161793,"HPA:0401301","HPA","Rectum; enterocytes[≥Low]",11007,579,"HPA:0400000"
"query_1",TRUE,0.000283356816523315,6215,2634,1579,0.599468488990129,0.254062751407884,"HPA:0250131","HPA","Hippocampus; neuronal cells[≥Low]",11007,393,"HPA:0250000"
"query_1",TRUE,0.000364142788344587,145,2634,57,0.0216400911161731,0.393103448275862,"HPA:0090981","HPA","Cerebellum; granular cells - nucleus[≥Low]",11007,147,"HPA:0090000"
"query_1",TRUE,0.000364142788344587,14,2634,11,0.00417615793470008,0.785714285714286,"HPA:0250152","HPA","Hippocampus; synapses[≥Medium]",11007,400,"HPA:0250151"
"query_1",TRUE,0.000374195136958516,544,2634,171,0.0649202733485194,0.314338235294118,"HPA:0401331","HPA","Rectum; mucosal lymphoid cells[≥Low]",11007,597,"HPA:0400000"
"query_1",TRUE,0.000455885428186295,6151,2634,1561,0.592634776006074,0.253779873191351,"HPA:0080131","HPA","Caudate; neuronal cells[≥Low]",11007,98,"HPA:0080000"
"query_1",TRUE,0.000481328332972185,28,2634,17,0.0064540622627183,0.607142857142857,"HPA:0471433","HPA","Skin 2; extracellular matrix[High]",11007,732,"HPA:0471432"
"query_1",TRUE,0.000553285571034962,335,2634,112,0.0425208807896735,0.334328358208955,"HPA:0030441","HPA","Appendix; non-germinal center cells[≥Low]",11007,47,"HPA:0030000"
"query_1",TRUE,0.00110135249642129,51,2634,25,0.00949126803340926,0.490196078431373,"HPA:0471432","HPA","Skin 2; extracellular matrix[≥Medium]",11007,731,"HPA:0471431"
"query_1",TRUE,0.0015639813946294,510,2634,158,0.0599848139711465,0.309803921568627,"HPA:0131331","HPA","Colon; mucosal lymphoid cells[≥Low]",11007,241,"HPA:0130000"
"query_1",TRUE,0.00159734285579703,169,2634,62,0.023538344722855,0.366863905325444,"HPA:0091012","HPA","Cerebellum; molecular layer cells - nucleus[≥Medium]",11007,157,"HPA:0091011"
"query_1",TRUE,0.00183004297693434,130,2634,50,0.0189825360668185,0.384615384615385,"HPA:0090982","HPA","Cerebellum; granular cells - nucleus[≥Medium]",11007,148,"HPA:0090981"
"query_1",TRUE,0.00230136098701749,16,2634,11,0.00417615793470008,0.6875,"HPA:0100151","HPA","Cerebral cortex; synapses[≥Low]",11007,202,"HPA:0100000"
"query_1",TRUE,0.0023796512810462,68,2634,30,0.0113895216400911,0.441176470588235,"HPA:0471431","HPA","Skin 2; extracellular matrix[≥Low]",11007,730,"HPA:0470000"
"query_1",TRUE,0.00309263321173244,75,2634,32,0.0121488230827639,0.426666666666667,"HPA:0091083","HPA","Cerebellum; white matter cells - nucleus[High]",11007,185,"HPA:0091082"
"query_1",TRUE,0.00340491165547949,120,2634,46,0.017463933181473,0.383333333333333,"HPA:0091081","HPA","Cerebellum; white matter cells - nucleus[≥Low]",11007,183,"HPA:0090000"
"query_1",TRUE,0.00438715159288001,551,2634,166,0.0630220197418375,0.301270417422868,"HPA:0381211","HPA","Placenta; syncytiotrophoblasts - cell body[≥Low]",11007,559,"HPA:0380000"
"query_1",TRUE,0.00465464987272829,86,2634,35,0.013287775246773,0.406976744186047,"HPA:0090983","HPA","Cerebellum; granular cells - nucleus[High]",11007,149,"HPA:0090982"
"query_1",TRUE,0.00519927491154372,8321,2634,2055,0.780182232346242,0.246965508953251,"HPA:0130000","HPA","Colon",11007,216,"HPA:0000000"
"query_1",TRUE,0.00533120259271021,505,2634,153,0.0580865603644647,0.302970297029703,"HPA:0131301","HPA","Colon; enterocytes[≥Low]",11007,223,"HPA:0130000"
"query_1",TRUE,0.00533120259271021,106,2634,41,0.0155656795747912,0.386792452830189,"HPA:0090901","HPA","Cerebellum; Bergmann glia - cytoplasm/membrane[≥Low]",11007,108,"HPA:0090000"
"query_1",TRUE,0.00542494361276667,90,2634,36,0.0136674259681093,0.4,"HPA:0090932","HPA","Cerebellum; GLUC cells - nucleus[≥Medium]",11007,118,"HPA:0090931"
"query_1",TRUE,0.00746025095998414,13,2634,9,0.00341685649202733,0.692307692307692,"HPA:0100152","HPA","Cerebral cortex; synapses[≥Medium]",11007,203,"HPA:0100151"
"query_1",TRUE,0.00765557630454712,98,2634,38,0.0144267274107821,0.387755102040816,"HPA:0090931","HPA","Cerebellum; GLUC cells - nucleus[≥Low]",11007,117,"HPA:0090000"
"query_1",TRUE,0.00867414219782651,18,2634,11,0.00417615793470008,0.611111111111111,"HPA:0250151","HPA","Hippocampus; synapses[≥Low]",11007,399,"HPA:0250000"
"query_1",TRUE,0.0101094264505025,320,2634,101,0.0383447228549734,0.315625,"HPA:0470203","HPA","Skin 2; endothelial cells[High]",11007,726,"HPA:0470202"
"query_1",TRUE,0.012162778943344,399,2634,122,0.0463173880030372,0.305764411027569,"HPA:0401332","HPA","Rectum; mucosal lymphoid cells[≥Medium]",11007,598,"HPA:0401331"
"query_1",TRUE,0.0155488534303963,19,2634,11,0.00417615793470008,0.578947368421053,"HPA:0020063","HPA","Adrenal gland; medullary cells[High]",11007,21,"HPA:0020062"
"query_1",TRUE,0.0174807957099256,60,2634,25,0.00949126803340926,0.416666666666667,"HPA:0461431","HPA","Skin 1; extracellular matrix[≥Low]",11007,675,"HPA:0460000"
"query_1",TRUE,0.0191208323536961,48,2634,21,0.00797266514806378,0.4375,"HPA:0461432","HPA","Skin 1; extracellular matrix[≥Medium]",11007,676,"HPA:0461431"
"query_1",TRUE,0.0195066220252577,731,2634,208,0.0789673500379651,0.284541723666211,"HPA:0271141","HPA","Kidney; proximal tubules (cell body)[≥Low]",11007,431,"HPA:0270000"
"query_1",TRUE,0.0199065810361722,113,2634,41,0.0155656795747912,0.36283185840708,"HPA:0091082","HPA","Cerebellum; white matter cells - nucleus[≥Medium]",11007,184,"HPA:0091081"
"query_1",TRUE,0.0245841385237124,121,2634,43,0.0163249810174639,0.355371900826446,"HPA:0090961","HPA","Cerebellum; Purkinje cells - nucleus[≥Low]",11007,129,"HPA:0090000"
"query_1",TRUE,0.0247299914587608,34,2634,16,0.00607441154138193,0.470588235294118,"HPA:0411241","HPA","Retina; inner plexiform layer[≥Low]",11007,610,"HPA:0410000"
"query_1",TRUE,0.0247299914587608,49,2634,21,0.00797266514806378,0.428571428571429,"HPA:0640201","HPA","Endometrium; endothelial cells[≥Low]",11007,293,"HPA:0640000"
"query_1",TRUE,0.0255289791232904,540,2634,157,0.0596051632498102,0.290740740740741,"HPA:0060871","HPA","Bronchus; ciliated cells (ciliary rootlets)[≥Low]",11007,74,"HPA:0060000"
"query_1",TRUE,0.0280741492079625,185,2634,61,0.0231586940015186,0.32972972972973,"HPA:0400202","HPA","Rectum; endothelial cells[≥Medium]",11007,577,"HPA:0400201"
"query_1",TRUE,0.0281717813011126,59,2634,24,0.00911161731207289,0.406779661016949,"HPA:0090933","HPA","Cerebellum; GLUC cells - nucleus[High]",11007,119,"HPA:0090932"
"query_1",TRUE,0.0304946838443635,516,2634,150,0.0569476082004556,0.290697674418605,"HPA:0381191","HPA","Placenta; cytotrophoblasts[≥Low]",11007,541,"HPA:0380000"
"query_1",TRUE,0.0328073408542435,6,2634,5,0.00189825360668185,0.833333333333333,"HPA:0100143","HPA","Cerebral cortex; neuronal projections[High]",11007,198,"HPA:0100142"
"query_1",TRUE,0.0334769165071989,63,2634,25,0.00949126803340926,0.396825396825397,"HPA:0400653","HPA","Rectum; fibroblasts[High]",11007,590,"HPA:0400652"
"query_1",TRUE,0.0394914150800467,387,2634,115,0.0436598329536826,0.297157622739018,"HPA:0401302","HPA","Rectum; enterocytes[≥Medium]",11007,580,"HPA:0401301"
"query_1",TRUE,0.0438419721915567,27,2634,13,0.00493545937737282,0.481481481481481,"HPA:0461433","HPA","Skin 1; extracellular matrix[High]",11007,677,"HPA:0461432"
"query_1",TRUE,0.0451202066532804,108,2634,38,0.0144267274107821,0.351851851851852,"HPA:0400652","HPA","Rectum; fibroblasts[≥Medium]",11007,589,"HPA:0400651"
"query_1",TRUE,0.0475606926439375,11,2634,7,0.00265755504935459,0.636363636363636,"HPA:0410561","HPA","Retina; limiting membrane[≥Low]",11007,613,"HPA:0410000"
"query_1",TRUE,0.0475606926439375,11,2634,7,0.00265755504935459,0.636363636363636,"HPA:0410562","HPA","Retina; limiting membrane[≥Medium]",11007,614,"HPA:0410561"
"query_1",TRUE,0.0498240870801235,4984,2634,1249,0.474183750949127,0.250601926163724,"HPA:0100132","HPA","Cerebral cortex; neuronal cells[≥Medium]",11007,194,"HPA:0100131"
"query_1",TRUE,1.80822246069248e-07,89,1900,46,0.0242105263157895,0.51685393258427,"KEGG:04727","KEGG","GABAergic synapse",8716,370,"KEGG:00000"
"query_1",TRUE,2.81315548001564e-07,89,1900,45,0.0236842105263158,0.50561797752809,"KEGG:05032","KEGG","Morphine addiction",8716,436,"KEGG:00000"
"query_1",TRUE,2.81315548001564e-07,116,1900,54,0.0284210526315789,0.46551724137931,"KEGG:04724","KEGG","Glutamatergic synapse",8716,367,"KEGG:00000"
"query_1",TRUE,3.58582816927916e-07,297,1900,108,0.0568421052631579,0.363636363636364,"KEGG:04517","KEGG","IgSF CAM signaling",8716,326,"KEGG:00000"
"query_1",TRUE,1.07490836697367e-06,199,1900,78,0.0410526315789474,0.391959798994975,"KEGG:04082","KEGG","Neuroactive ligand signaling",8716,272,"KEGG:00000"
"query_1",TRUE,1.96114236717578e-06,300,1900,106,0.0557894736842105,0.353333333333333,"KEGG:04010","KEGG","MAPK signaling pathway",8716,250,"KEGG:00000"
"query_1",TRUE,8.11645529354139e-06,233,1900,85,0.0447368421052632,0.36480686695279,"KEGG:04820","KEGG","Cytoskeleton in muscle cells",8716,380,"KEGG:00000"
"query_1",TRUE,1.62813253495638e-05,154,1900,61,0.0321052631578947,0.396103896103896,"KEGG:04921","KEGG","Oxytocin signaling pathway",8716,392,"KEGG:00000"
"query_1",TRUE,1.7168988290837e-05,158,1900,62,0.0326315789473684,0.392405063291139,"KEGG:04110","KEGG","Cell cycle",8716,273,"KEGG:00000"
"query_1",TRUE,1.7927683136025e-05,97,1900,43,0.0226315789473684,0.443298969072165,"KEGG:04713","KEGG","Circadian entrainment",8716,361,"KEGG:00000"
"query_1",TRUE,1.7927683136025e-05,97,1900,43,0.0226315789473684,0.443298969072165,"KEGG:04925","KEGG","Aldosterone synthesis and secretion",8716,396,"KEGG:00000"
"query_1",TRUE,3.52866116555761e-05,132,1900,53,0.0278947368421053,0.401515151515151,"KEGG:04728","KEGG","Dopaminergic synapse",8716,371,"KEGG:00000"
"query_1",TRUE,3.52866116555761e-05,183,1900,68,0.0357894736842105,0.371584699453552,"KEGG:04360","KEGG","Axon guidance",8716,314,"KEGG:00000"
"query_1",TRUE,3.52866116555761e-05,149,1900,58,0.0305263157894737,0.389261744966443,"KEGG:04723","KEGG","Retrograde endocannabinoid signaling",8716,366,"KEGG:00000"
"query_1",TRUE,4.6172194341039e-05,85,1900,38,0.02,0.447058823529412,"KEGG:04911","KEGG","Insulin secretion",8716,382,"KEGG:00000"
"query_1",TRUE,6.36250528417167e-05,251,1900,86,0.0452631578947368,0.342629482071713,"KEGG:04020","KEGG","Calcium signaling pathway",8716,257,"KEGG:00000"
"query_1",TRUE,9.28683487351262e-05,78,1900,35,0.0184210526315789,0.448717948717949,"KEGG:04721","KEGG","Synaptic vesicle cycle",8716,364,"KEGG:00000"
"query_1",TRUE,0.000112310422444294,101,1900,42,0.0221052631578947,0.415841584158416,"KEGG:04933","KEGG","AGE-RAGE signaling pathway in diabetic complications",8716,404,"KEGG:00000"
"query_1",TRUE,0.000141885261050602,156,1900,58,0.0305263157894737,0.371794871794872,"KEGG:04218","KEGG","Cellular senescence",8716,304,"KEGG:00000"
"query_1",TRUE,0.000142152778773225,41,1900,22,0.0115789473684211,0.536585365853659,"KEGG:05033","KEGG","Nicotine addiction",8716,437,"KEGG:00000"
"query_1",TRUE,0.000175349925993257,36,1900,20,0.0105263157894737,0.555555555555556,"KEGG:03030","KEGG","DNA replication",8716,219,"KEGG:00000"
"query_1",TRUE,0.000175535336959225,130,1900,50,0.0263157894736842,0.384615384615385,"KEGG:04926","KEGG","Relaxin signaling pathway",8716,397,"KEGG:00000"
"query_1",TRUE,0.000345136432544383,67,1900,30,0.0157894736842105,0.447761194029851,"KEGG:04720","KEGG","Long-term potentiation",8716,363,"KEGG:00000"
"query_1",TRUE,0.000379512031144663,223,1900,75,0.0394736842105263,0.336322869955157,"KEGG:04024","KEGG","cAMP signaling pathway",8716,259,"KEGG:00000"
"query_1",TRUE,0.000409941651143741,220,1900,74,0.0389473684210526,0.336363636363636,"KEGG:05166","KEGG","Human T-cell leukemia virus 1 infection",8716,463,"KEGG:00000"
"query_1",TRUE,0.000740602554281181,76,1900,32,0.0168421052631579,0.421052631578947,"KEGG:04971","KEGG","Gastric acid secretion",8716,416,"KEGG:00000"
"query_1",TRUE,0.00108717648027404,204,1900,68,0.0357894736842105,0.333333333333333,"KEGG:05205","KEGG","Proteoglycans in cancer",8716,473,"KEGG:00000"
"query_1",TRUE,0.00115757202417388,212,1900,70,0.0368421052631579,0.330188679245283,"KEGG:04015","KEGG","Rap1 signaling pathway",8716,255,"KEGG:00000"
"query_1",TRUE,0.00120955709484888,98,1900,38,0.02,0.387755102040816,"KEGG:04070","KEGG","Phosphatidylinositol signaling system",8716,266,"KEGG:00000"
"query_1",TRUE,0.00142985081111356,225,1900,73,0.0384210526315789,0.324444444444444,"KEGG:05163","KEGG","Human cytomegalovirus infection",8716,460,"KEGG:00000"
"query_1",TRUE,0.00142985081111356,69,1900,29,0.0152631578947368,0.420289855072464,"KEGG:05031","KEGG","Amphetamine addiction",8716,435,"KEGG:00000"
"query_1",TRUE,0.00146809959640239,89,1900,35,0.0184210526315789,0.393258426966292,"KEGG:04512","KEGG","ECM-receptor interaction",8716,324,"KEGG:00000"
"query_1",TRUE,0.00177442481001143,153,1900,53,0.0278947368421053,0.34640522875817,"KEGG:04261","KEGG","Adrenergic signaling in cardiomyocytes",8716,306,"KEGG:00000"
"query_1",TRUE,0.00220157209695452,115,1900,42,0.0221052631578947,0.365217391304348,"KEGG:04725","KEGG","Cholinergic synapse",8716,368,"KEGG:00000"
"query_1",TRUE,0.00255871150643216,78,1900,31,0.0163157894736842,0.397435897435897,"KEGG:00562","KEGG","Inositol phosphate metabolism",8716,87,"KEGG:00000"
"query_1",TRUE,0.0034421298355648,86,1900,33,0.0173684210526316,0.383720930232558,"KEGG:05412","KEGG","Arrhythmogenic right ventricular cardiomyopathy",8716,506,"KEGG:00000"
"query_1",TRUE,0.00350289306756676,202,1900,65,0.0342105263157895,0.321782178217822,"KEGG:04510","KEGG","Focal adhesion",8716,323,"KEGG:00000"
"query_1",TRUE,0.00430880429650573,155,1900,52,0.0273684210526316,0.335483870967742,"KEGG:04514","KEGG","Cell adhesion molecule (CAM) interaction",8716,325,"KEGG:00000"
"query_1",TRUE,0.0047441502568033,178,1900,58,0.0305263157894737,0.325842696629214,"KEGG:04310","KEGG","Wnt signaling pathway",8716,308,"KEGG:00000"
"query_1",TRUE,0.00560786388456792,85,1900,32,0.0168421052631579,0.376470588235294,"KEGG:04012","KEGG","ErbB signaling pathway",8716,252,"KEGG:00000"
"query_1",TRUE,0.00632990055283589,154,1900,51,0.0268421052631579,0.331168831168831,"KEGG:04518","KEGG","Integrin signaling",8716,327,"KEGG:00000"
"query_1",TRUE,0.00651866269437973,49,1900,21,0.0110526315789474,0.428571428571429,"KEGG:05030","KEGG","Cocaine addiction",8716,434,"KEGG:00000"
"query_1",TRUE,0.0067294731280863,118,1900,41,0.0215789473684211,0.347457627118644,"KEGG:04668","KEGG","TNF signaling pathway",8716,355,"KEGG:00000"
"query_1",TRUE,0.00758299412430642,137,1900,46,0.0242105263157895,0.335766423357664,"KEGG:04114","KEGG","Oocyte meiosis",8716,277,"KEGG:00000"
"query_1",TRUE,0.0105132674549847,23,1900,12,0.00631578947368421,0.521739130434783,"KEGG:03430","KEGG","Mismatch repair",8716,246,"KEGG:00000"
"query_1",TRUE,0.0105132674549847,99,1900,35,0.0184210526315789,0.353535353535354,"KEGG:04750","KEGG","Inflammatory mediator regulation of TRP channels",8716,377,"KEGG:00000"
"query_1",TRUE,0.0112005374705406,212,1900,65,0.0342105263157895,0.306603773584906,"KEGG:05170","KEGG","Human immunodeficiency virus 1 infection",8716,467,"KEGG:00000"
"query_1",TRUE,0.0112005374705406,136,1900,45,0.0236842105263158,0.330882352941176,"KEGG:05135","KEGG","Yersinia infection",8716,448,"KEGG:00000"
"query_1",TRUE,0.0113517624352049,75,1900,28,0.0147368421052632,0.373333333333333,"KEGG:04115","KEGG","p53 signaling pathway",8716,278,"KEGG:00000"
"query_1",TRUE,0.0124177558569227,55,1900,22,0.0115789473684211,0.4,"KEGG:00510","KEGG","N-Glycan biosynthesis",8716,64,"KEGG:00000"
"query_1",TRUE,0.0124177558569227,104,1900,36,0.0189473684210526,0.346153846153846,"KEGG:05414","KEGG","Dilated cardiomyopathy",8716,507,"KEGG:00000"
"query_1",TRUE,0.0124553005104518,229,1900,69,0.0363157894736842,0.301310043668122,"KEGG:04810","KEGG","Regulation of actin cytoskeleton",8716,378,"KEGG:00000"
"query_1",TRUE,0.0137714692390516,157,1900,50,0.0263157894736842,0.318471337579618,"KEGG:04390","KEGG","Hippo signaling pathway",8716,320,"KEGG:00000"
"query_1",TRUE,0.0137714692390516,138,1900,45,0.0236842105263158,0.326086956521739,"KEGG:04371","KEGG","Apelin signaling pathway",8716,317,"KEGG:00000"
"query_1",TRUE,0.0137714692390516,49,1900,20,0.0105263157894737,0.408163265306122,"KEGG:00514","KEGG","Other types of O-glycan biosynthesis",8716,68,"KEGG:00000"
"query_1",TRUE,0.0139260687367653,30,1900,14,0.00736842105263158,0.466666666666667,"KEGG:01523","KEGG","Antifolate resistance",8716,202,"KEGG:00000"
"query_1",TRUE,0.0153751495865985,77,1900,28,0.0147368421052632,0.363636363636364,"KEGG:05212","KEGG","Pancreatic cancer",8716,479,"KEGG:00000"
"query_1",TRUE,0.0155588228210785,53,1900,21,0.0110526315789474,0.39622641509434,"KEGG:04961","KEGG","Endocrine and other factor-regulated calcium reabsorption",8716,411,"KEGG:00000"
"query_1",TRUE,0.0194757712796993,399,1900,110,0.0578947368421053,0.275689223057644,"KEGG:04519","KEGG","Cadherin signaling",8716,328,"KEGG:00000"
"query_1",TRUE,0.0216971480161717,41,1900,17,0.00894736842105263,0.414634146341463,"KEGG:04940","KEGG","Type I diabetes mellitus",8716,408,"KEGG:00000"
"query_1",TRUE,0.0226580938741632,112,1900,37,0.0194736842105263,0.330357142857143,"KEGG:04726","KEGG","Serotonergic synapse",8716,369,"KEGG:00000"
"query_1",TRUE,0.0239816635391772,76,1900,27,0.0142105263157895,0.355263157894737,"KEGG:05133","KEGG","Pertussis",8716,446,"KEGG:00000"
"query_1",TRUE,0.0239816635391772,76,1900,27,0.0142105263157895,0.355263157894737,"KEGG:05214","KEGG","Glioma",8716,481,"KEGG:00000"
"query_1",TRUE,0.0261473201052605,102,1900,34,0.0178947368421053,0.333333333333333,"KEGG:05142","KEGG","Chagas disease",8716,450,"KEGG:00000"
"query_1",TRUE,0.027228845182729,163,1900,50,0.0263157894736842,0.306748466257669,"KEGG:04022","KEGG","cGMP-PKG signaling pathway",8716,258,"KEGG:00000"
"query_1",TRUE,0.0280826347317495,77,1900,27,0.0142105263157895,0.350649350649351,"KEGG:05100","KEGG","Bacterial invasion of epithelial cells",8716,439,"KEGG:00000"
"query_1",TRUE,0.0281208467316219,331,1900,92,0.0484210526315789,0.277945619335347,"KEGG:05165","KEGG","Human papillomavirus infection",8716,462,"KEGG:00000"
"query_1",TRUE,0.0284968176322295,530,1900,140,0.0736842105263158,0.264150943396226,"KEGG:05200","KEGG","Pathways in cancer",8716,469,"KEGG:00000"
"query_1",TRUE,0.0298073528543614,141,1900,44,0.0231578947368421,0.312056737588652,"KEGG:05418","KEGG","Fluid shear stress and atherosclerosis",8716,511,"KEGG:00000"
"query_1",TRUE,0.0298780803790092,36,1900,15,0.00789473684210526,0.416666666666667,"KEGG:05143","KEGG","African trypanosomiasis",8716,451,"KEGG:00000"
"query_1",TRUE,0.0321021172534611,89,1900,30,0.0157894736842105,0.337078651685393,"KEGG:05323","KEGG","Rheumatoid arthritis",8716,501,"KEGG:00000"
"query_1",TRUE,0.0334624182470745,93,1900,31,0.0163157894736842,0.333333333333333,"KEGG:04912","KEGG","GnRH signaling pathway",8716,383,"KEGG:00000"
"query_1",TRUE,0.0364271011709546,68,1900,24,0.0126315789473684,0.352941176470588,"KEGG:04924","KEGG","Renin secretion",8716,395,"KEGG:00000"
"query_1",TRUE,0.0366656105367266,47,1900,18,0.00947368421052632,0.382978723404255,"KEGG:04930","KEGG","Type II diabetes mellitus",8716,401,"KEGG:00000"
"query_1",TRUE,0.0367371435118764,124,1900,39,0.0205263157894737,0.314516129032258,"KEGG:04071","KEGG","Sphingolipid signaling pathway",8716,267,"KEGG:00000"
"query_1",TRUE,0.0367371435118764,109,1900,35,0.0184210526315789,0.321100917431193,"KEGG:04350","KEGG","TGF-beta signaling pathway",8716,313,"KEGG:00000"
"query_1",TRUE,0.0367371435118764,109,1900,35,0.0184210526315789,0.321100917431193,"KEGG:04914","KEGG","Progesterone-mediated oocyte maturation",8716,385,"KEGG:00000"
"query_1",TRUE,0.0367371435118764,37,1900,15,0.00789473684210526,0.405405405405405,"KEGG:00250","KEGG","Alanine, aspartate and glutamate metabolism",8716,26,"KEGG:00000"
"query_1",TRUE,0.0454031545403081,149,1900,45,0.0236842105263158,0.302013422818792,"KEGG:04145","KEGG","Phagosome",8716,290,"KEGG:00000"
"query_1",TRUE,0.0455055384829074,169,1900,50,0.0263157894736842,0.29585798816568,"KEGG:04530","KEGG","Tight junction",8716,330,"KEGG:00000"
"query_1",TRUE,0.0455055384829074,103,1900,33,0.0173684210526316,0.320388349514563,"KEGG:04974","KEGG","Protein digestion and absorption",8716,419,"KEGG:00000"
"query_1",TRUE,0.0455055384829074,237,1900,67,0.0352631578947368,0.282700421940928,"KEGG:04014","KEGG","Ras signaling pathway",8716,254,"KEGG:00000"
"query_1",TRUE,0.0455055384829074,77,1900,26,0.0136842105263158,0.337662337662338,"KEGG:05220","KEGG","Chronic myeloid leukemia",8716,487,"KEGG:00000"
"query_1",TRUE,0.0455055384829074,59,1900,21,0.0110526315789474,0.355932203389831,"KEGG:04730","KEGG","Long-term depression",8716,372,"KEGG:00000"
"query_1",TRUE,0.0467948937761692,96,1900,31,0.0163157894736842,0.322916666666667,"KEGG:01522","KEGG","Endocrine resistance",8716,201,"KEGG:00000"
"query_1",TRUE,0.049670775497896,198,1900,57,0.03,0.287878787878788,"KEGG:05130","KEGG","Pathogenic Escherichia coli infection",8716,443,"KEGG:00000"
"query_1",TRUE,0.049670775497896,89,1900,29,0.0152631578947368,0.325842696629214,"KEGG:04540","KEGG","Gap junction",8716,331,"KEGG:00000"
"query_1",TRUE,2.61478799656379e-10,1378,4053,452,0.111522329138909,0.328011611030479,"MIRNA:hsa-mir-124-3p","MIRNA","hsa-mir-124-3p",16638,609,"MIRNA:000000"
"query_1",TRUE,4.84072293239255e-07,706,4053,244,0.0602023192696768,0.345609065155807,"MIRNA:hsa-mir-215-5p","MIRNA","hsa-mir-215-5p",16638,1142,"MIRNA:000000"
"query_1",TRUE,5.9940043604776e-07,920,4053,304,0.075006168270417,0.330434782608696,"MIRNA:hsa-mir-192-5p","MIRNA","hsa-mir-192-5p",16638,624,"MIRNA:000000"
"query_1",TRUE,6.19508644690117e-07,1704,4053,519,0.128053293856403,0.304577464788732,"MIRNA:hsa-mir-603","MIRNA","hsa-mir-603",16638,1688,"MIRNA:000000"
"query_1",TRUE,2.08363062141183e-06,1186,4053,374,0.0922773254379472,0.315345699831366,"MIRNA:hsa-mir-4308","MIRNA","hsa-mir-4308",16638,2127,"MIRNA:000000"
"query_1",TRUE,2.08363062141183e-06,921,4053,300,0.074019245003701,0.325732899022801,"MIRNA:hsa-mir-137","MIRNA","hsa-mir-137",16638,1634,"MIRNA:000000"
"query_1",TRUE,4.16916250561188e-06,1349,4053,416,0.102640019738465,0.308376575240919,"MIRNA:hsa-mir-4292","MIRNA","hsa-mir-4292",16638,507,"MIRNA:000000"
"query_1",TRUE,8.52914259811426e-06,1940,4053,572,0.14113002714039,0.294845360824742,"MIRNA:hsa-mir-128","MIRNA","hsa-mir-128",16638,1958,"MIRNA:000000"
"query_1",TRUE,1.27999895780516e-05,1478,4053,447,0.110288675055514,0.302435723951286,"MIRNA:hsa-mir-642b","MIRNA","hsa-mir-642b",16638,2816,"MIRNA:000000"
"query_1",TRUE,1.52094192766574e-05,1634,4053,488,0.120404638539354,0.298653610771114,"MIRNA:hsa-mir-362-3p","MIRNA","hsa-mir-362-3p",16638,933,"MIRNA:000000"
"query_1",TRUE,2.18811648507644e-05,1449,4053,437,0.107821366888724,0.301587301587302,"MIRNA:hsa-mir-421","MIRNA","hsa-mir-421",16638,2538,"MIRNA:000000"
"query_1",TRUE,2.34119035542246e-05,1486,4053,446,0.110041944238835,0.300134589502019,"MIRNA:hsa-mir-3916","MIRNA","hsa-mir-3916",16638,1939,"MIRNA:000000"
"query_1",TRUE,2.34119035542246e-05,1481,4053,445,0.109795213422156,0.300472653612424,"MIRNA:hsa-mir-3125","MIRNA","hsa-mir-3125",16638,2671,"MIRNA:000000"
"query_1",TRUE,2.34119035542246e-05,1767,4053,521,0.128546755489761,0.294850028296548,"MIRNA:hsa-mir-3941","MIRNA","hsa-mir-3941",16638,1092,"MIRNA:000000"
"query_1",TRUE,2.63953193718039e-05,868,4053,277,0.0683444362200839,0.319124423963134,"MIRNA:hsa-mir-1-3p","MIRNA","hsa-mir-1-3p",16638,1764,"MIRNA:000000"
"query_1",TRUE,2.63953193718039e-05,1329,4053,403,0.0994325191216383,0.303235515425132,"MIRNA:hsa-mir-4254","MIRNA","hsa-mir-4254",16638,2588,"MIRNA:000000"
"query_1",TRUE,4.20778864745195e-05,392,4053,140,0.0345423143350604,0.357142857142857,"MIRNA:hsa-mir-6867-5p","MIRNA","hsa-mir-6867-5p",16638,1356,"MIRNA:000000"
"query_1",TRUE,5.38390237748346e-05,1087,4053,335,0.0826548235874661,0.3081876724931,"MIRNA:hsa-mir-3924","MIRNA","hsa-mir-3924",16638,2696,"MIRNA:000000"
"query_1",TRUE,6.22285952013251e-05,1374,4053,412,0.101653096471749,0.299854439592431,"MIRNA:hsa-mir-329","MIRNA","hsa-mir-329",16638,50,"MIRNA:000000"
"query_1",TRUE,7.5161304424709e-05,1459,4053,434,0.107081174438687,0.297464016449623,"MIRNA:hsa-mir-4801","MIRNA","hsa-mir-4801",16638,149,"MIRNA:000000"
"query_1",TRUE,7.59265570449025e-05,1479,4053,439,0.108314828522082,0.296822177146721,"MIRNA:hsa-mir-4311","MIRNA","hsa-mir-4311",16638,16,"MIRNA:000000"
"query_1",TRUE,7.59265570449025e-05,1460,4053,434,0.107081174438687,0.297260273972603,"MIRNA:hsa-mir-4731-3p","MIRNA","hsa-mir-4731-3p",16638,654,"MIRNA:000000"
"query_1",TRUE,9.07504111558361e-05,1810,4053,526,0.129780409573156,0.29060773480663,"MIRNA:hsa-mir-4719","MIRNA","hsa-mir-4719",16638,1614,"MIRNA:000000"
"query_1",TRUE,9.70973707532584e-05,761,4053,243,0.0599555884529978,0.319316688567674,"MIRNA:hsa-mir-4296","MIRNA","hsa-mir-4296",16638,2329,"MIRNA:000000"
"query_1",TRUE,0.000104415573802385,762,4053,243,0.0599555884529978,0.318897637795276,"MIRNA:hsa-mir-4265","MIRNA","hsa-mir-4265",16638,2168,"MIRNA:000000"
"query_1",TRUE,0.000120232344173866,760,4053,242,0.0597088576363188,0.318421052631579,"MIRNA:hsa-mir-4322","MIRNA","hsa-mir-4322",16638,1677,"MIRNA:000000"
"query_1",TRUE,0.000158261488885522,1408,4053,417,0.102886750555144,0.296164772727273,"MIRNA:hsa-mir-3140-3p","MIRNA","hsa-mir-3140-3p",16638,1924,"MIRNA:000000"
"query_1",TRUE,0.000159627158084201,1886,4053,543,0.133974833456699,0.287910922587487,"MIRNA:hsa-mir-27a","MIRNA","hsa-mir-27a",16638,890,"MIRNA:000000"
"query_1",TRUE,0.000159627158084201,1886,4053,543,0.133974833456699,0.287910922587487,"MIRNA:hsa-mir-27b","MIRNA","hsa-mir-27b",16638,2639,"MIRNA:000000"
"query_1",TRUE,0.000159627158084201,1271,4053,380,0.0937577103380212,0.29897718332022,"MIRNA:hsa-mir-3123","MIRNA","hsa-mir-3123",16638,2948,"MIRNA:000000"
"query_1",TRUE,0.000169027360982923,848,4053,265,0.0653836664199358,0.3125,"MIRNA:hsa-mir-3911","MIRNA","hsa-mir-3911",16638,2539,"MIRNA:000000"
"query_1",TRUE,0.000178920159229395,1247,4053,373,0.0920305946212682,0.299117882919006,"MIRNA:hsa-mir-449a","MIRNA","hsa-mir-449a",16638,2479,"MIRNA:000000"
"query_1",TRUE,0.00019327225543259,215,4053,83,0.0204786577843573,0.386046511627907,"MIRNA:hsa-mir-29c-3p","MIRNA","hsa-mir-29c-3p",16638,1671,"MIRNA:000000"
"query_1",TRUE,0.00019327225543259,1617,4053,471,0.116210214655811,0.291280148423006,"MIRNA:hsa-mir-765","MIRNA","hsa-mir-765",16638,2120,"MIRNA:000000"
"query_1",TRUE,0.000232693561307161,1981,4053,565,0.139402911423637,0.285209490156487,"MIRNA:hsa-mir-17","MIRNA","hsa-mir-17",16638,2676,"MIRNA:000000"
"query_1",TRUE,0.000232693561307161,1728,4053,499,0.123118677522823,0.288773148148148,"MIRNA:hsa-mir-4753-3p","MIRNA","hsa-mir-4753-3p",16638,2893,"MIRNA:000000"
"query_1",TRUE,0.000232693561307161,1471,4053,431,0.10634098198865,0.29299796057104,"MIRNA:hsa-mir-3978","MIRNA","hsa-mir-3978",16638,1117,"MIRNA:000000"
"query_1",TRUE,0.000232693561307161,1981,4053,565,0.139402911423637,0.285209490156487,"MIRNA:hsa-mir-20b","MIRNA","hsa-mir-20b",16638,1100,"MIRNA:000000"
"query_1",TRUE,0.000232693561307161,1981,4053,565,0.139402911423637,0.285209490156487,"MIRNA:hsa-mir-106b","MIRNA","hsa-mir-106b",16638,474,"MIRNA:000000"
"query_1",TRUE,0.000232693561307161,1981,4053,565,0.139402911423637,0.285209490156487,"MIRNA:hsa-mir-93","MIRNA","hsa-mir-93",16638,1718,"MIRNA:000000"
"query_1",TRUE,0.000232693561307161,1981,4053,565,0.139402911423637,0.285209490156487,"MIRNA:hsa-mir-106a","MIRNA","hsa-mir-106a",16638,1538,"MIRNA:000000"
"query_1",TRUE,0.000232693561307161,1981,4053,565,0.139402911423637,0.285209490156487,"MIRNA:hsa-mir-519d","MIRNA","hsa-mir-519d",16638,845,"MIRNA:000000"
"query_1",TRUE,0.000232693561307161,1981,4053,565,0.139402911423637,0.285209490156487,"MIRNA:hsa-mir-20a","MIRNA","hsa-mir-20a",16638,897,"MIRNA:000000"
"query_1",TRUE,0.000235859791108996,1359,4053,401,0.0989390574882803,0.295069904341428,"MIRNA:hsa-mir-3187-3p","MIRNA","hsa-mir-3187-3p",16638,2225,"MIRNA:000000"
"query_1",TRUE,0.000240359305251186,1480,4053,433,0.106834443622008,0.292567567567568,"MIRNA:hsa-mir-144","MIRNA","hsa-mir-144",16638,1002,"MIRNA:000000"
"query_1",TRUE,0.000245407794788009,1218,4053,363,0.0895632864544782,0.298029556650246,"MIRNA:hsa-mir-449b","MIRNA","hsa-mir-449b",16638,161,"MIRNA:000000"
"query_1",TRUE,0.000245407794788009,1218,4053,363,0.0895632864544782,0.298029556650246,"MIRNA:hsa-mir-34a","MIRNA","hsa-mir-34a",16638,2862,"MIRNA:000000"
"query_1",TRUE,0.000256236642352299,1812,4053,520,0.128300024673082,0.286975717439294,"MIRNA:hsa-mir-4328","MIRNA","hsa-mir-4328",16638,1470,"MIRNA:000000"
"query_1",TRUE,0.000261734744603437,744,4053,234,0.0577350111028868,0.314516129032258,"MIRNA:hsa-mir-4693-3p","MIRNA","hsa-mir-4693-3p",16638,751,"MIRNA:000000"
"query_1",TRUE,0.000280838743442988,902,4053,277,0.0683444362200839,0.30709534368071,"MIRNA:hsa-mir-4464","MIRNA","hsa-mir-4464",16638,2760,"MIRNA:000000"
"query_1",TRUE,0.000280838743442988,2140,4053,605,0.149272144090797,0.282710280373832,"MIRNA:hsa-mir-129-5p","MIRNA","hsa-mir-129-5p",16638,2938,"MIRNA:000000"
"query_1",TRUE,0.000280838743442988,1262,4053,374,0.0922773254379472,0.29635499207607,"MIRNA:hsa-mir-34c-5p","MIRNA","hsa-mir-34c-5p",16638,2267,"MIRNA:000000"
"query_1",TRUE,0.000315071493590875,1814,4053,519,0.128053293856403,0.286108048511577,"MIRNA:hsa-mir-548aj","MIRNA","hsa-mir-548aj",16638,2088,"MIRNA:000000"
"query_1",TRUE,0.000315071493590875,1814,4053,519,0.128053293856403,0.286108048511577,"MIRNA:hsa-mir-548am","MIRNA","hsa-mir-548am",16638,3037,"MIRNA:000000"
"query_1",TRUE,0.000315071493590875,1558,4053,452,0.111522329138909,0.290115532734275,"MIRNA:hsa-mir-4510","MIRNA","hsa-mir-4510",16638,2911,"MIRNA:000000"
"query_1",TRUE,0.000315071493590875,1814,4053,519,0.128053293856403,0.286108048511577,"MIRNA:hsa-mir-548x","MIRNA","hsa-mir-548x",16638,790,"MIRNA:000000"
"query_1",TRUE,0.000315071493590875,1878,4053,536,0.132247717739946,0.285410010649627,"MIRNA:hsa-mir-513a-5p","MIRNA","hsa-mir-513a-5p",16638,1674,"MIRNA:000000"
"query_1",TRUE,0.000315071493590875,1814,4053,519,0.128053293856403,0.286108048511577,"MIRNA:hsa-mir-548ae","MIRNA","hsa-mir-548ae",16638,184,"MIRNA:000000"
"query_1",TRUE,0.000336996893622671,227,4053,85,0.0209721194177153,0.374449339207048,"MIRNA:hsa-mir-29a-3p","MIRNA","hsa-mir-29a-3p",16638,2338,"MIRNA:000000"
"query_1",TRUE,0.000336996893622671,1751,4053,502,0.12385886997286,0.286693318103941,"MIRNA:hsa-mir-4441","MIRNA","hsa-mir-4441",16638,167,"MIRNA:000000"
"query_1",TRUE,0.000336996893622671,1557,4053,451,0.11127559832223,0.28965960179833,"MIRNA:hsa-mir-4419a","MIRNA","hsa-mir-4419a",16638,1454,"MIRNA:000000"
"query_1",TRUE,0.000336996893622671,1751,4053,502,0.12385886997286,0.286693318103941,"MIRNA:hsa-mir-4270","MIRNA","hsa-mir-4270",16638,1737,"MIRNA:000000"
"query_1",TRUE,0.000350601268237472,1802,4053,515,0.127066370589687,0.285793562708102,"MIRNA:hsa-mir-1305","MIRNA","hsa-mir-1305",16638,2569,"MIRNA:000000"
"query_1",TRUE,0.000350601268237472,1433,4053,418,0.103133481371823,0.291695743196092,"MIRNA:hsa-mir-429","MIRNA","hsa-mir-429",16638,806,"MIRNA:000000"
"query_1",TRUE,0.000350601268237472,903,4053,276,0.0680977054034049,0.305647840531561,"MIRNA:hsa-mir-4748","MIRNA","hsa-mir-4748",16638,1641,"MIRNA:000000"
"query_1",TRUE,0.000352037434069175,1787,4053,511,0.126079447322971,0.285954113038612,"MIRNA:hsa-mir-3714","MIRNA","hsa-mir-3714",16638,2090,"MIRNA:000000"
"query_1",TRUE,0.000365251474633447,1620,4053,467,0.115223291389094,0.288271604938272,"MIRNA:hsa-mir-3609","MIRNA","hsa-mir-3609",16638,611,"MIRNA:000000"
"query_1",TRUE,0.000408957554622102,1508,4053,437,0.107821366888724,0.289787798408488,"MIRNA:hsa-mir-203","MIRNA","hsa-mir-203",16638,1956,"MIRNA:000000"
"query_1",TRUE,0.000408957554622102,887,4053,271,0.0668640513200099,0.305524239007892,"MIRNA:hsa-mir-3660","MIRNA","hsa-mir-3660",16638,227,"MIRNA:000000"
"query_1",TRUE,0.000410611973048948,1395,4053,407,0.100419442388354,0.291756272401434,"MIRNA:hsa-mir-200c","MIRNA","hsa-mir-200c",16638,2148,"MIRNA:000000"
"query_1",TRUE,0.000410611973048948,1395,4053,407,0.100419442388354,0.291756272401434,"MIRNA:hsa-mir-200b","MIRNA","hsa-mir-200b",16638,772,"MIRNA:000000"
"query_1",TRUE,0.0004452940839979,977,4053,295,0.0727855909203059,0.301944728761515,"MIRNA:hsa-mir-620","MIRNA","hsa-mir-620",16638,2216,"MIRNA:000000"
"query_1",TRUE,0.000455977340666821,797,4053,246,0.0606957809030348,0.308657465495609,"MIRNA:hsa-mir-193b-3p","MIRNA","hsa-mir-193b-3p",16638,1907,"MIRNA:000000"
"query_1",TRUE,0.000588558994197667,888,4053,270,0.0666173205033309,0.304054054054054,"MIRNA:hsa-mir-4526","MIRNA","hsa-mir-4526",16638,1656,"MIRNA:000000"
"query_1",TRUE,0.000593392164244079,1141,4053,338,0.0833950160375031,0.296231375985977,"MIRNA:hsa-mir-3117-5p","MIRNA","hsa-mir-3117-5p",16638,2841,"MIRNA:000000"
"query_1",TRUE,0.000637482909364153,978,4053,294,0.0725388601036269,0.300613496932515,"MIRNA:hsa-mir-1270","MIRNA","hsa-mir-1270",16638,1759,"MIRNA:000000"
"query_1",TRUE,0.000645971398038848,1596,4053,458,0.113002714038983,0.286967418546366,"MIRNA:hsa-mir-4257","MIRNA","hsa-mir-4257",16638,1502,"MIRNA:000000"
"query_1",TRUE,0.000669119393423065,1907,4053,539,0.132987910189983,0.282642894598846,"MIRNA:hsa-mir-2467-3p","MIRNA","hsa-mir-2467-3p",16638,399,"MIRNA:000000"
"query_1",TRUE,0.000669119393423065,1441,4053,417,0.102886750555144,0.289382373351839,"MIRNA:hsa-mir-185","MIRNA","hsa-mir-185",16638,833,"MIRNA:000000"
"query_1",TRUE,0.000715302449915111,1088,4053,323,0.079694053787318,0.296875,"MIRNA:hsa-mir-188-3p","MIRNA","hsa-mir-188-3p",16638,753,"MIRNA:000000"
"query_1",TRUE,0.000743072680955528,1477,4053,426,0.105107327905255,0.288422477995938,"MIRNA:hsa-mir-3667-3p","MIRNA","hsa-mir-3667-3p",16638,1868,"MIRNA:000000"
"query_1",TRUE,0.000837031285637435,543,4053,174,0.0429311621021466,0.320441988950276,"MIRNA:hsa-mir-4759","MIRNA","hsa-mir-4759",16638,1012,"MIRNA:000000"
"query_1",TRUE,0.000937478947167003,1875,4053,529,0.130520602023193,0.282133333333333,"MIRNA:hsa-mir-548d-3p","MIRNA","hsa-mir-548d-3p",16638,990,"MIRNA:000000"
"query_1",TRUE,0.000937478947167003,1515,4053,435,0.107327905255366,0.287128712871287,"MIRNA:hsa-mir-548ah","MIRNA","hsa-mir-548ah",16638,1186,"MIRNA:000000"
"query_1",TRUE,0.00106098043942647,1870,4053,527,0.130027140389835,0.281818181818182,"MIRNA:hsa-mir-548z","MIRNA","hsa-mir-548z",16638,3038,"MIRNA:000000"
"query_1",TRUE,0.00106098043942647,1870,4053,527,0.130027140389835,0.281818181818182,"MIRNA:hsa-mir-548ac","MIRNA","hsa-mir-548ac",16638,1128,"MIRNA:000000"
"query_1",TRUE,0.00106098043942647,1023,4053,304,0.075006168270417,0.297165200391007,"MIRNA:hsa-mir-9","MIRNA","hsa-mir-9",16638,967,"MIRNA:000000"
"query_1",TRUE,0.00106098043942647,878,4053,265,0.0653836664199358,0.301822323462415,"MIRNA:hsa-mir-147","MIRNA","hsa-mir-147",16638,1762,"MIRNA:000000"
"query_1",TRUE,0.00110587305826483,790,4053,241,0.0594621268196398,0.305063291139241,"MIRNA:hsa-mir-595","MIRNA","hsa-mir-595",16638,1448,"MIRNA:000000"
"query_1",TRUE,0.0011280748327618,1159,4053,340,0.0838884776708611,0.293356341673857,"MIRNA:hsa-mir-1237","MIRNA","hsa-mir-1237",16638,2131,"MIRNA:000000"
"query_1",TRUE,0.00118152563830978,1535,4053,439,0.108314828522082,0.28599348534202,"MIRNA:hsa-mir-330-3p","MIRNA","hsa-mir-330-3p",16638,1286,"MIRNA:000000"
"query_1",TRUE,0.00127789033762602,1259,4053,366,0.0903034789045152,0.290706910246227,"MIRNA:hsa-mir-519b-3p","MIRNA","hsa-mir-519b-3p",16638,699,"MIRNA:000000"
"query_1",TRUE,0.00128588956705591,866,4053,261,0.0643967431532198,0.301385681293303,"MIRNA:hsa-mir-22","MIRNA","hsa-mir-22",16638,440,"MIRNA:000000"
"query_1",TRUE,0.00135573941503999,1211,4053,353,0.0870959782876881,0.291494632535095,"MIRNA:hsa-mir-4656","MIRNA","hsa-mir-4656",16638,2337,"MIRNA:000000"
"query_1",TRUE,0.00137343002203282,1268,4053,368,0.0907969405378732,0.290220820189274,"MIRNA:hsa-mir-3665","MIRNA","hsa-mir-3665",16638,903,"MIRNA:000000"
"query_1",TRUE,0.00138162338381524,1420,4053,408,0.100666173205033,0.287323943661972,"MIRNA:hsa-mir-3185","MIRNA","hsa-mir-3185",16638,2278,"MIRNA:000000"
"query_1",TRUE,0.00139037119514056,1485,4053,425,0.104860597088576,0.286195286195286,"MIRNA:hsa-mir-4755-5p","MIRNA","hsa-mir-4755-5p",16638,2490,"MIRNA:000000"
"query_1",TRUE,0.00139421843523611,1834,4053,516,0.127313101406366,0.281352235550709,"MIRNA:hsa-mir-3120-3p","MIRNA","hsa-mir-3120-3p",16638,13,"MIRNA:000000"
"query_1",TRUE,0.00140059748903698,1186,4053,346,0.0853688625709351,0.291736930860034,"MIRNA:hsa-mir-148b","MIRNA","hsa-mir-148b",16638,1974,"MIRNA:000000"
"query_1",TRUE,0.00140059748903698,1186,4053,346,0.0853688625709351,0.291736930860034,"MIRNA:hsa-mir-148a","MIRNA","hsa-mir-148a",16638,1196,"MIRNA:000000"
"query_1",TRUE,0.00140059748903698,1186,4053,346,0.0853688625709351,0.291736930860034,"MIRNA:hsa-mir-152","MIRNA","hsa-mir-152",16638,999,"MIRNA:000000"
"query_1",TRUE,0.00143199997587905,1262,4053,366,0.0903034789045152,0.290015847860539,"MIRNA:hsa-mir-519c-3p","MIRNA","hsa-mir-519c-3p",16638,1000,"MIRNA:000000"
"query_1",TRUE,0.00144020509896891,1376,4053,396,0.0977054034048853,0.287790697674419,"MIRNA:hsa-mir-3150b-3p","MIRNA","hsa-mir-3150b-3p",16638,2990,"MIRNA:000000"
"query_1",TRUE,0.00151047115527785,1698,4053,480,0.118430792005922,0.282685512367491,"MIRNA:hsa-mir-548p","MIRNA","hsa-mir-548p",16638,2536,"MIRNA:000000"
"query_1",TRUE,0.00151047115527785,773,4053,235,0.0579817419195658,0.304010349288486,"MIRNA:hsa-mir-4515","MIRNA","hsa-mir-4515",16638,376,"MIRNA:000000"
"query_1",TRUE,0.00155652186878248,722,4053,221,0.0545275104860597,0.306094182825485,"MIRNA:hsa-mir-499-5p","MIRNA","hsa-mir-499-5p",16638,438,"MIRNA:000000"
"query_1",TRUE,0.0015571086797172,235,4053,84,0.0207253886010363,0.357446808510638,"MIRNA:hsa-mir-29b-3p","MIRNA","hsa-mir-29b-3p",16638,191,"MIRNA:000000"
"query_1",TRUE,0.00156054083643007,1496,4053,427,0.105354058721934,0.285427807486631,"MIRNA:hsa-mir-4644","MIRNA","hsa-mir-4644",16638,316,"MIRNA:000000"
"query_1",TRUE,0.00156083282107814,1378,4053,396,0.0977054034048853,0.287373004354136,"MIRNA:hsa-mir-4784","MIRNA","hsa-mir-4784",16638,1816,"MIRNA:000000"
"query_1",TRUE,0.00159507641402694,945,4053,281,0.0693313594867999,0.297354497354497,"MIRNA:hsa-mir-4703-5p","MIRNA","hsa-mir-4703-5p",16638,747,"MIRNA:000000"
"query_1",TRUE,0.00159507641402694,1065,4053,313,0.077226745620528,0.293896713615023,"MIRNA:hsa-mir-29a","MIRNA","hsa-mir-29a",16638,1379,"MIRNA:000000"
"query_1",TRUE,0.00159507641402694,1065,4053,313,0.077226745620528,0.293896713615023,"MIRNA:hsa-mir-29c","MIRNA","hsa-mir-29c",16638,2559,"MIRNA:000000"
"query_1",TRUE,0.00159507641402694,1065,4053,313,0.077226745620528,0.293896713615023,"MIRNA:hsa-mir-29b","MIRNA","hsa-mir-29b",16638,2136,"MIRNA:000000"
"query_1",TRUE,0.00172140066287574,596,4053,186,0.0458919319022946,0.312080536912752,"MIRNA:hsa-mir-133a","MIRNA","hsa-mir-133a",16638,7,"MIRNA:000000"
"query_1",TRUE,0.00172140066287574,1149,4053,335,0.0826548235874661,0.291557876414273,"MIRNA:hsa-mir-4680-3p","MIRNA","hsa-mir-4680-3p",16638,1535,"MIRNA:000000"
"query_1",TRUE,0.00173673206972817,1240,4053,359,0.0885763631877622,0.289516129032258,"MIRNA:hsa-mir-3678-3p","MIRNA","hsa-mir-3678-3p",16638,1672,"MIRNA:000000"
"query_1",TRUE,0.00174560505751533,943,4053,280,0.0690846286701209,0.296924708377519,"MIRNA:hsa-mir-3942-5p","MIRNA","hsa-mir-3942-5p",16638,1936,"MIRNA:000000"
"query_1",TRUE,0.00175158123011625,1568,4053,445,0.109795213422156,0.283801020408163,"MIRNA:hsa-mir-4739","MIRNA","hsa-mir-4739",16638,1987,"MIRNA:000000"
"query_1",TRUE,0.00179942923780586,1946,4053,543,0.133974833456699,0.279033915724563,"MIRNA:hsa-mir-4505","MIRNA","hsa-mir-4505",16638,2125,"MIRNA:000000"
"query_1",TRUE,0.00179942923780586,1351,4053,388,0.0957315568714532,0.28719467061436,"MIRNA:hsa-mir-4713-5p","MIRNA","hsa-mir-4713-5p",16638,2853,"MIRNA:000000"
"query_1",TRUE,0.00182053439983705,1143,4053,333,0.0821613619541081,0.291338582677165,"MIRNA:hsa-mir-519a","MIRNA","hsa-mir-519a",16638,378,"MIRNA:000000"
"query_1",TRUE,0.00182053439983705,2296,4053,633,0.156180606957809,0.275696864111498,"MIRNA:hsa-mir-3662","MIRNA","hsa-mir-3662",16638,1626,"MIRNA:000000"
"query_1",TRUE,0.00182053439983705,1344,4053,386,0.0952380952380952,0.287202380952381,"MIRNA:hsa-mir-3121-3p","MIRNA","hsa-mir-3121-3p",16638,1620,"MIRNA:000000"
"query_1",TRUE,0.00183827609747106,1493,4053,425,0.104860597088576,0.284661754855995,"MIRNA:hsa-mir-4306","MIRNA","hsa-mir-4306",16638,1322,"MIRNA:000000"
"query_1",TRUE,0.00185949955360001,1106,4053,323,0.079694053787318,0.292043399638336,"MIRNA:hsa-mir-206","MIRNA","hsa-mir-206",16638,614,"MIRNA:000000"
"query_1",TRUE,0.00185949955360001,1547,4053,439,0.108314828522082,0.283775048480931,"MIRNA:hsa-mir-4307","MIRNA","hsa-mir-4307",16638,665,"MIRNA:000000"
"query_1",TRUE,0.00192519750401147,1563,4053,443,0.109301751788798,0.283429302623161,"MIRNA:hsa-mir-1321","MIRNA","hsa-mir-1321",16638,2809,"MIRNA:000000"
"query_1",TRUE,0.0019512347140672,957,4053,283,0.0698248211201579,0.295715778474399,"MIRNA:hsa-mir-4745-5p","MIRNA","hsa-mir-4745-5p",16638,1879,"MIRNA:000000"
"query_1",TRUE,0.0019512347140672,942,4053,279,0.0688378978534419,0.296178343949045,"MIRNA:hsa-mir-574-5p","MIRNA","hsa-mir-574-5p",16638,87,"MIRNA:000000"
"query_1",TRUE,0.0019512347140672,1533,4053,435,0.107327905255366,0.283757338551859,"MIRNA:hsa-mir-4672","MIRNA","hsa-mir-4672",16638,36,"MIRNA:000000"
"query_1",TRUE,0.0019512347140672,957,4053,283,0.0698248211201579,0.295715778474399,"MIRNA:hsa-mir-4481","MIRNA","hsa-mir-4481",16638,1233,"MIRNA:000000"
"query_1",TRUE,0.00197212797656537,1564,4053,443,0.109301751788798,0.283248081841432,"MIRNA:hsa-mir-4756-5p","MIRNA","hsa-mir-4756-5p",16638,1715,"MIRNA:000000"
"query_1",TRUE,0.00228131077555672,978,4053,288,0.0710584752035529,0.294478527607362,"MIRNA:hsa-mir-136","MIRNA","hsa-mir-136",16638,2606,"MIRNA:000000"
"query_1",TRUE,0.00228131077555672,1867,4053,521,0.128546755489761,0.27905731119443,"MIRNA:hsa-mir-5096","MIRNA","hsa-mir-5096",16638,884,"MIRNA:000000"
"query_1",TRUE,0.00229945679429267,1663,4053,468,0.115470022205774,0.281419122068551,"MIRNA:hsa-mir-3180-5p","MIRNA","hsa-mir-3180-5p",16638,2668,"MIRNA:000000"
"query_1",TRUE,0.00229945679429267,751,4053,227,0.0560078953861337,0.302263648468708,"MIRNA:hsa-mir-4417","MIRNA","hsa-mir-4417",16638,796,"MIRNA:000000"
"query_1",TRUE,0.00244348136226028,1179,4053,341,0.0841352084875401,0.289228159457167,"MIRNA:hsa-mir-578","MIRNA","hsa-mir-578",16638,717,"MIRNA:000000"
"query_1",TRUE,0.00261423760048441,701,4053,213,0.0525536639526277,0.303851640513552,"MIRNA:hsa-mir-604","MIRNA","hsa-mir-604",16638,2664,"MIRNA:000000"
"query_1",TRUE,0.00278718993116735,2553,4053,696,0.171724648408586,0.27262044653349,"MIRNA:hsa-mir-3163","MIRNA","hsa-mir-3163",16638,2578,"MIRNA:000000"
"query_1",TRUE,0.00279897952014115,1280,4053,367,0.0905502097211942,0.28671875,"MIRNA:hsa-mir-3065-3p","MIRNA","hsa-mir-3065-3p",16638,2435,"MIRNA:000000"
"query_1",TRUE,0.00282201234459083,1227,4053,353,0.0870959782876881,0.287693561532192,"MIRNA:hsa-mir-1266","MIRNA","hsa-mir-1266",16638,844,"MIRNA:000000"
"query_1",TRUE,0.00286421931017909,1787,4053,499,0.123118677522823,0.279238947957471,"MIRNA:hsa-mir-4768-5p","MIRNA","hsa-mir-4768-5p",16638,2649,"MIRNA:000000"
"query_1",TRUE,0.00287483729566017,1942,4053,539,0.132987910189983,0.277548918640577,"MIRNA:hsa-mir-1915","MIRNA","hsa-mir-1915",16638,589,"MIRNA:000000"
"query_1",TRUE,0.00294818959598894,915,4053,270,0.0666173205033309,0.295081967213115,"MIRNA:hsa-mir-33b","MIRNA","hsa-mir-33b",16638,362,"MIRNA:000000"
"query_1",TRUE,0.00294818959598894,915,4053,270,0.0666173205033309,0.295081967213115,"MIRNA:hsa-mir-33a","MIRNA","hsa-mir-33a",16638,1254,"MIRNA:000000"
"query_1",TRUE,0.00294818959598894,960,4053,282,0.0695780903034789,0.29375,"MIRNA:hsa-mir-3591-3p","MIRNA","hsa-mir-3591-3p",16638,1312,"MIRNA:000000"
"query_1",TRUE,0.00294818959598894,803,4053,240,0.0592153960029608,0.298879202988792,"MIRNA:hsa-mir-617","MIRNA","hsa-mir-617",16638,2447,"MIRNA:000000"
"query_1",TRUE,0.00295582631981606,1465,4053,415,0.102393288921786,0.283276450511945,"MIRNA:hsa-mir-588","MIRNA","hsa-mir-588",16638,1061,"MIRNA:000000"
"query_1",TRUE,0.00302591298231333,1550,4053,437,0.107821366888724,0.281935483870968,"MIRNA:hsa-mir-1909","MIRNA","hsa-mir-1909",16638,1434,"MIRNA:000000"
"query_1",TRUE,0.00302591298231333,811,4053,242,0.0597088576363188,0.298397040690506,"MIRNA:hsa-mir-526b","MIRNA","hsa-mir-526b",16638,2783,"MIRNA:000000"
"query_1",TRUE,0.00323398131111499,1632,4053,458,0.113002714038983,0.280637254901961,"MIRNA:hsa-mir-3150a-3p","MIRNA","hsa-mir-3150a-3p",16638,1563,"MIRNA:000000"
"query_1",TRUE,0.00324964317216777,1105,4053,320,0.078953861337281,0.289592760180996,"MIRNA:hsa-mir-4664-5p","MIRNA","hsa-mir-4664-5p",16638,91,"MIRNA:000000"
"query_1",TRUE,0.00334940909270883,668,4053,203,0.0500863557858377,0.303892215568862,"MIRNA:hsa-mir-609","MIRNA","hsa-mir-609",16638,782,"MIRNA:000000"
"query_1",TRUE,0.00335023794557766,1483,4053,419,0.103380212188502,0.282535401213756,"MIRNA:hsa-mir-4701-5p","MIRNA","hsa-mir-4701-5p",16638,2361,"MIRNA:000000"
"query_1",TRUE,0.00349461570150739,94,4053,39,0.00962250185048113,0.414893617021277,"MIRNA:hsa-mir-3181","MIRNA","hsa-mir-3181",16638,1408,"MIRNA:000000"
"query_1",TRUE,0.00349461570150739,1415,4053,401,0.0989390574882803,0.28339222614841,"MIRNA:hsa-mir-3074-5p","MIRNA","hsa-mir-3074-5p",16638,2107,"MIRNA:000000"
"query_1",TRUE,0.00349461570150739,2208,4053,606,0.149518874907476,0.27445652173913,"MIRNA:hsa-mir-3148","MIRNA","hsa-mir-3148",16638,925,"MIRNA:000000"
"query_1",TRUE,0.00351092477041893,728,4053,219,0.0540340488527017,0.300824175824176,"MIRNA:hsa-mir-490-5p","MIRNA","hsa-mir-490-5p",16638,1126,"MIRNA:000000"
"query_1",TRUE,0.00360870934778445,840,4053,249,0.0614359733530718,0.296428571428571,"MIRNA:hsa-mir-4725-5p","MIRNA","hsa-mir-4725-5p",16638,1241,"MIRNA:000000"
"query_1",TRUE,0.00361146306796351,1412,4053,400,0.0986923266716013,0.28328611898017,"MIRNA:hsa-mir-4796-3p","MIRNA","hsa-mir-4796-3p",16638,855,"MIRNA:000000"
"query_1",TRUE,0.00361303568421587,1774,4053,494,0.121885023439428,0.278466741826381,"MIRNA:hsa-mir-548n","MIRNA","hsa-mir-548n",16638,2746,"MIRNA:000000"
"query_1",TRUE,0.00386677360114085,250,4053,86,0.0212188502343943,0.344,"MIRNA:hsa-mir-223-5p","MIRNA","hsa-mir-223-5p",16638,1804,"MIRNA:000000"
"query_1",TRUE,0.0040355268713581,1166,4053,335,0.0826548235874661,0.287307032590051,"MIRNA:hsa-mir-499a-3p","MIRNA","hsa-mir-499a-3p",16638,1161,"MIRNA:000000"
"query_1",TRUE,0.00404148327616999,101,4053,41,0.0101159634838391,0.405940594059406,"MIRNA:hsa-mir-605-5p","MIRNA","hsa-mir-605-5p",16638,948,"MIRNA:000000"
"query_1",TRUE,0.00409037814330745,1064,4053,308,0.075993091537133,0.289473684210526,"MIRNA:hsa-mir-1","MIRNA","hsa-mir-1",16638,2764,"MIRNA:000000"
"query_1",TRUE,0.00410363425225864,1068,4053,309,0.076239822353812,0.289325842696629,"MIRNA:hsa-mir-4534","MIRNA","hsa-mir-4534",16638,2774,"MIRNA:000000"
"query_1",TRUE,0.00410363425225864,1140,4053,328,0.0809277078707131,0.287719298245614,"MIRNA:hsa-mir-499-3p","MIRNA","hsa-mir-499-3p",16638,749,"MIRNA:000000"
"query_1",TRUE,0.00413138189330048,1144,4053,329,0.0811744386873921,0.287587412587413,"MIRNA:hsa-mir-4277","MIRNA","hsa-mir-4277",16638,1163,"MIRNA:000000"
"query_1",TRUE,0.00413973811973871,835,4053,247,0.0609425117197138,0.295808383233533,"MIRNA:hsa-mir-644","MIRNA","hsa-mir-644",16638,1112,"MIRNA:000000"
"query_1",TRUE,0.00416921398417731,1183,4053,339,0.0836417468541821,0.286559594251902,"MIRNA:hsa-mir-3915","MIRNA","hsa-mir-3915",16638,2339,"MIRNA:000000"
"query_1",TRUE,0.00416921398417731,817,4053,242,0.0597088576363188,0.296205630354957,"MIRNA:hsa-mir-504","MIRNA","hsa-mir-504",16638,475,"MIRNA:000000"
"query_1",TRUE,0.00416921398417731,1485,4053,418,0.103133481371823,0.281481481481481,"MIRNA:hsa-mir-525-5p","MIRNA","hsa-mir-525-5p",16638,1425,"MIRNA:000000"
"query_1",TRUE,0.00416921398417731,1069,4053,309,0.076239822353812,0.289055191768007,"MIRNA:hsa-mir-449c","MIRNA","hsa-mir-449c",16638,1991,"MIRNA:000000"
"query_1",TRUE,0.00416921398417731,1650,4053,461,0.11374290648902,0.279393939393939,"MIRNA:hsa-mir-4789-3p","MIRNA","hsa-mir-4789-3p",16638,1510,"MIRNA:000000"
"query_1",TRUE,0.00416921398417731,1050,4053,304,0.075006168270417,0.28952380952381,"MIRNA:hsa-mir-1290","MIRNA","hsa-mir-1290",16638,1513,"MIRNA:000000"
"query_1",TRUE,0.00416921398417731,772,4053,230,0.0567480878361707,0.297927461139896,"MIRNA:hsa-mir-3164","MIRNA","hsa-mir-3164",16638,1046,"MIRNA:000000"
"query_1",TRUE,0.00416921398417731,948,4053,277,0.0683444362200839,0.292194092827004,"MIRNA:hsa-mir-1291","MIRNA","hsa-mir-1291",16638,1732,"MIRNA:000000"
"query_1",TRUE,0.00416921398417731,1069,4053,309,0.076239822353812,0.289055191768007,"MIRNA:hsa-mir-2682","MIRNA","hsa-mir-2682",16638,2276,"MIRNA:000000"
"query_1",TRUE,0.00420546118023085,1709,4053,476,0.117443868739206,0.278525453481568,"MIRNA:hsa-mir-3153","MIRNA","hsa-mir-3153",16638,1716,"MIRNA:000000"
"query_1",TRUE,0.00430251105459928,2254,4053,616,0.151986183074266,0.273291925465839,"MIRNA:hsa-mir-4282","MIRNA","hsa-mir-4282",16638,1311,"MIRNA:000000"
"query_1",TRUE,0.00431159808270745,1486,4053,418,0.103133481371823,0.281292059219381,"MIRNA:hsa-mir-520a-5p","MIRNA","hsa-mir-520a-5p",16638,2880,"MIRNA:000000"
"query_1",TRUE,0.00433518412558888,844,4053,249,0.0614359733530718,0.295023696682464,"MIRNA:hsa-mir-3169","MIRNA","hsa-mir-3169",16638,1083,"MIRNA:000000"
"query_1",TRUE,0.00435674055124099,1865,4053,516,0.127313101406366,0.276675603217158,"MIRNA:hsa-mir-4692","MIRNA","hsa-mir-4692",16638,698,"MIRNA:000000"
"query_1",TRUE,0.00445473802726844,1364,4053,386,0.0952380952380952,0.282991202346041,"MIRNA:hsa-mir-3622b-5p","MIRNA","hsa-mir-3622b-5p",16638,1963,"MIRNA:000000"
"query_1",TRUE,0.00445575897335198,629,4053,191,0.0471255859856896,0.303656597774245,"MIRNA:hsa-mir-190a-3p","MIRNA","hsa-mir-190a-3p",16638,1177,"MIRNA:000000"
"query_1",TRUE,0.00445668122547353,1618,4053,452,0.111522329138909,0.279357231149567,"MIRNA:hsa-mir-486-3p","MIRNA","hsa-mir-486-3p",16638,586,"MIRNA:000000"
"query_1",TRUE,0.00447455813365974,1315,4053,373,0.0920305946212682,0.283650190114068,"MIRNA:hsa-mir-124","MIRNA","hsa-mir-124",16638,1880,"MIRNA:000000"
"query_1",TRUE,0.00447455813365974,804,4053,238,0.0587219343696028,0.296019900497512,"MIRNA:hsa-mir-629","MIRNA","hsa-mir-629",16638,1610,"MIRNA:000000"
"query_1",TRUE,0.00447455813365974,988,4053,287,0.0708117443868739,0.290485829959514,"MIRNA:hsa-mir-3173-5p","MIRNA","hsa-mir-3173-5p",16638,2052,"MIRNA:000000"
"query_1",TRUE,0.00447455813365974,1315,4053,373,0.0920305946212682,0.283650190114068,"MIRNA:hsa-mir-506","MIRNA","hsa-mir-506",16638,2451,"MIRNA:000000"
"query_1",TRUE,0.00447455813365974,905,4053,265,0.0653836664199358,0.292817679558011,"MIRNA:hsa-mir-3605-5p","MIRNA","hsa-mir-3605-5p",16638,310,"MIRNA:000000"
"query_1",TRUE,0.00447455813365974,744,4053,222,0.0547742413027387,0.298387096774194,"MIRNA:hsa-mir-3130-5p","MIRNA","hsa-mir-3130-5p",16638,1121,"MIRNA:000000"
"query_1",TRUE,0.00447455813365974,1265,4053,360,0.0888230940044412,0.284584980237154,"MIRNA:hsa-mir-4518","MIRNA","hsa-mir-4518",16638,69,"MIRNA:000000"
"query_1",TRUE,0.00465658850833688,704,4053,211,0.0520602023192697,0.299715909090909,"MIRNA:hsa-mir-3161","MIRNA","hsa-mir-3161",16638,2159,"MIRNA:000000"
"query_1",TRUE,0.00465848300911279,1091,4053,314,0.077473476437207,0.287809349220898,"MIRNA:hsa-mir-4689","MIRNA","hsa-mir-4689",16638,1768,"MIRNA:000000"
"query_1",TRUE,0.00474216487232811,1864,4053,515,0.127066370589687,0.276287553648069,"MIRNA:hsa-mir-4514","MIRNA","hsa-mir-4514",16638,1090,"MIRNA:000000"
"query_1",TRUE,0.00491595423466082,2025,4053,556,0.137182334073526,0.274567901234568,"MIRNA:hsa-mir-497","MIRNA","hsa-mir-497",16638,2108,"MIRNA:000000"
"query_1",TRUE,0.00491595423466082,2025,4053,556,0.137182334073526,0.274567901234568,"MIRNA:hsa-mir-15a","MIRNA","hsa-mir-15a",16638,2474,"MIRNA:000000"
"query_1",TRUE,0.00491595423466082,646,4053,195,0.0481125092524056,0.301857585139319,"MIRNA:hsa-mir-133b","MIRNA","hsa-mir-133b",16638,927,"MIRNA:000000"
"query_1",TRUE,0.00491595423466082,2025,4053,556,0.137182334073526,0.274567901234568,"MIRNA:hsa-mir-16","MIRNA","hsa-mir-16",16638,2501,"MIRNA:000000"
"query_1",TRUE,0.00491595423466082,2025,4053,556,0.137182334073526,0.274567901234568,"MIRNA:hsa-mir-424","MIRNA","hsa-mir-424",16638,2207,"MIRNA:000000"
"query_1",TRUE,0.00491595423466082,1594,4053,445,0.109795213422156,0.279171894604768,"MIRNA:hsa-mir-4652-3p","MIRNA","hsa-mir-4652-3p",16638,715,"MIRNA:000000"
"query_1",TRUE,0.00491595423466082,2025,4053,556,0.137182334073526,0.274567901234568,"MIRNA:hsa-mir-15b","MIRNA","hsa-mir-15b",16638,1325,"MIRNA:000000"
"query_1",TRUE,0.00491595423466082,1629,4053,454,0.112015790772267,0.278698588090853,"MIRNA:hsa-mir-4498","MIRNA","hsa-mir-4498",16638,1474,"MIRNA:000000"
"query_1",TRUE,0.00491595423466082,2025,4053,556,0.137182334073526,0.274567901234568,"MIRNA:hsa-mir-195","MIRNA","hsa-mir-195",16638,1584,"MIRNA:000000"
"query_1",TRUE,0.00495193418509134,624,4053,189,0.0466321243523316,0.302884615384615,"MIRNA:hsa-mir-5011-5p","MIRNA","hsa-mir-5011-5p",16638,217,"MIRNA:000000"
"query_1",TRUE,0.00495193418509134,1587,4053,443,0.109301751788798,0.279143037177064,"MIRNA:hsa-mir-608","MIRNA","hsa-mir-608",16638,2502,"MIRNA:000000"
"query_1",TRUE,0.00499685159381948,1680,4053,467,0.115223291389094,0.27797619047619,"MIRNA:hsa-mir-545","MIRNA","hsa-mir-545",16638,1773,"MIRNA:000000"
"query_1",TRUE,0.00499885831221272,1441,4053,405,0.0999259807549963,0.281054823039556,"MIRNA:hsa-mir-1253","MIRNA","hsa-mir-1253",16638,1190,"MIRNA:000000"
"query_1",TRUE,0.00499885831221272,1280,4053,363,0.0895632864544782,0.28359375,"MIRNA:hsa-mir-548l","MIRNA","hsa-mir-548l",16638,2705,"MIRNA:000000"
"query_1",TRUE,0.00499885831221272,938,4053,273,0.0673575129533679,0.291044776119403,"MIRNA:hsa-mir-3167","MIRNA","hsa-mir-3167",16638,1602,"MIRNA:000000"
"query_1",TRUE,0.00534706609313774,939,4053,273,0.0673575129533679,0.29073482428115,"MIRNA:hsa-mir-876-5p","MIRNA","hsa-mir-876-5p",16638,1897,"MIRNA:000000"
"query_1",TRUE,0.00536539037617173,1064,4053,306,0.075499629903775,0.287593984962406,"MIRNA:hsa-mir-4724-5p","MIRNA","hsa-mir-4724-5p",16638,2264,"MIRNA:000000"
"query_1",TRUE,0.00547949178844974,1129,4053,323,0.079694053787318,0.286093888396811,"MIRNA:hsa-mir-342-5p","MIRNA","hsa-mir-342-5p",16638,1443,"MIRNA:000000"
"query_1",TRUE,0.00550951519980702,1114,4053,319,0.078707130520602,0.286355475763016,"MIRNA:hsa-mir-4709-3p","MIRNA","hsa-mir-4709-3p",16638,1172,"MIRNA:000000"
"query_1",TRUE,0.00550951519980702,1351,4053,381,0.0940044411547002,0.282013323464101,"MIRNA:hsa-mir-4756-3p","MIRNA","hsa-mir-4756-3p",16638,956,"MIRNA:000000"
"query_1",TRUE,0.00550951519980702,1582,4053,441,0.10880829015544,0.278761061946903,"MIRNA:hsa-mir-4651","MIRNA","hsa-mir-4651",16638,1334,"MIRNA:000000"
"query_1",TRUE,0.00556645194601701,906,4053,264,0.0651369356032568,0.291390728476821,"MIRNA:hsa-mir-146b-3p","MIRNA","hsa-mir-146b-3p",16638,3035,"MIRNA:000000"
"query_1",TRUE,0.00561815649699202,1340,4053,378,0.0932642487046632,0.282089552238806,"MIRNA:hsa-mir-330-5p","MIRNA","hsa-mir-330-5p",16638,1983,"MIRNA:000000"
"query_1",TRUE,0.00561815649699202,704,4053,210,0.0518134715025907,0.298295454545455,"MIRNA:hsa-mir-3614-3p","MIRNA","hsa-mir-3614-3p",16638,582,"MIRNA:000000"
"query_1",TRUE,0.00563153360327001,1287,4053,364,0.0898100172711572,0.282828282828283,"MIRNA:hsa-mir-3194-3p","MIRNA","hsa-mir-3194-3p",16638,1938,"MIRNA:000000"
"query_1",TRUE,0.00563153360327001,719,4053,214,0.0528003947693067,0.297635605006954,"MIRNA:hsa-mir-4482","MIRNA","hsa-mir-4482",16638,2028,"MIRNA:000000"
"query_1",TRUE,0.00563153360327001,1356,4053,382,0.0942511719713792,0.281710914454277,"MIRNA:hsa-mir-4472","MIRNA","hsa-mir-4472",16638,2031,"MIRNA:000000"
"query_1",TRUE,0.00563153360327001,1035,4053,298,0.073525783370343,0.28792270531401,"MIRNA:hsa-mir-384","MIRNA","hsa-mir-384",16638,2405,"MIRNA:000000"
"query_1",TRUE,0.00563153360327001,1214,4053,345,0.0851221317542561,0.284184514003295,"MIRNA:hsa-mir-4717-3p","MIRNA","hsa-mir-4717-3p",16638,2187,"MIRNA:000000"
"query_1",TRUE,0.00563153360327001,210,4053,73,0.0180113496175672,0.347619047619048,"MIRNA:hsa-mir-191","MIRNA","hsa-mir-191",16638,707,"MIRNA:000000"
"query_1",TRUE,0.00563153360327001,343,4053,111,0.0273871206513694,0.323615160349854,"MIRNA:hsa-mir-4462","MIRNA","hsa-mir-4462",16638,2802,"MIRNA:000000"
"query_1",TRUE,0.00563153360327001,1356,4053,382,0.0942511719713792,0.281710914454277,"MIRNA:hsa-mir-4447","MIRNA","hsa-mir-4447",16638,1981,"MIRNA:000000"
"query_1",TRUE,0.00563153360327001,1062,4053,305,0.075252899087096,0.287193973634652,"MIRNA:hsa-mir-577","MIRNA","hsa-mir-577",16638,1426,"MIRNA:000000"
"query_1",TRUE,0.00563153360327001,1630,4053,453,0.111769059955588,0.277914110429448,"MIRNA:hsa-mir-4492","MIRNA","hsa-mir-4492",16638,1533,"MIRNA:000000"
"query_1",TRUE,0.00563153360327001,1634,4053,454,0.112015790772267,0.277845777233782,"MIRNA:hsa-mir-762","MIRNA","hsa-mir-762",16638,1683,"MIRNA:000000"
"query_1",TRUE,0.00563153360327001,601,4053,182,0.0449050086355786,0.302828618968386,"MIRNA:hsa-mir-1277-5p","MIRNA","hsa-mir-1277-5p",16638,737,"MIRNA:000000"
"query_1",TRUE,0.00563153360327001,612,4053,185,0.0456452010856156,0.302287581699346,"MIRNA:hsa-mir-943","MIRNA","hsa-mir-943",16638,696,"MIRNA:000000"
"query_1",TRUE,0.00563153360327001,828,4053,243,0.0599555884529978,0.293478260869565,"MIRNA:hsa-mir-936","MIRNA","hsa-mir-936",16638,1753,"MIRNA:000000"
"query_1",TRUE,0.00563378881357788,1108,4053,317,0.078213668887244,0.286101083032491,"MIRNA:hsa-mir-4675","MIRNA","hsa-mir-4675",16638,1652,"MIRNA:000000"
"query_1",TRUE,0.00563876665722752,1526,4053,426,0.105107327905255,0.27916120576671,"MIRNA:hsa-mir-103a","MIRNA","hsa-mir-103a",16638,1329,"MIRNA:000000"
"query_1",TRUE,0.00570465848365481,1403,4053,394,0.0972119417715273,0.280826799714897,"MIRNA:hsa-mir-4773","MIRNA","hsa-mir-4773",16638,2271,"MIRNA:000000"
"query_1",TRUE,0.00585671316928488,1010,4053,291,0.0717986676535899,0.288118811881188,"MIRNA:hsa-mir-4264","MIRNA","hsa-mir-4264",16638,1859,"MIRNA:000000"
"query_1",TRUE,0.00598940670041033,1354,4053,381,0.0940044411547002,0.281388478581979,"MIRNA:hsa-mir-326","MIRNA","hsa-mir-326",16638,1319,"MIRNA:000000"
"query_1",TRUE,0.00599255046270201,1566,4053,436,0.107574636072045,0.278416347381865,"MIRNA:hsa-mir-377","MIRNA","hsa-mir-377",16638,1890,"MIRNA:000000"
"query_1",TRUE,0.00607742089337769,1083,4053,310,0.076486553170491,0.286241920590951,"MIRNA:hsa-mir-613","MIRNA","hsa-mir-613",16638,2804,"MIRNA:000000"
"query_1",TRUE,0.00607742089337769,1943,4053,533,0.131507525289909,0.274318064848173,"MIRNA:hsa-mir-579","MIRNA","hsa-mir-579",16638,2239,"MIRNA:000000"
"query_1",TRUE,0.00607742089337769,1045,4053,300,0.074019245003701,0.287081339712919,"MIRNA:hsa-mir-3690","MIRNA","hsa-mir-3690",16638,996,"MIRNA:000000"
"query_1",TRUE,0.00623410639675304,1217,4053,345,0.0851221317542561,0.283483976992605,"MIRNA:hsa-mir-4436a","MIRNA","hsa-mir-4436a",16638,560,"MIRNA:000000"
"query_1",TRUE,0.00625198751302219,1076,4053,308,0.075993091537133,0.286245353159851,"MIRNA:hsa-mir-4700-3p","MIRNA","hsa-mir-4700-3p",16638,571,"MIRNA:000000"
"query_1",TRUE,0.00625198751302219,1336,4053,376,0.0927707870713052,0.281437125748503,"MIRNA:hsa-mir-101","MIRNA","hsa-mir-101",16638,2562,"MIRNA:000000"
"query_1",TRUE,0.00627935872601802,1521,4053,424,0.104613866271897,0.278763971071663,"MIRNA:hsa-mir-939","MIRNA","hsa-mir-939",16638,276,"MIRNA:000000"
"query_1",TRUE,0.00633209489674996,1773,4053,489,0.120651369356033,0.27580372250423,"MIRNA:hsa-mir-3192","MIRNA","hsa-mir-3192",16638,2085,"MIRNA:000000"
"query_1",TRUE,0.00639285481696815,1107,4053,316,0.077966938070565,0.285456187895212,"MIRNA:hsa-mir-4741","MIRNA","hsa-mir-4741",16638,1422,"MIRNA:000000"
"query_1",TRUE,0.00655975541925316,1268,4053,358,0.0883296323710831,0.282334384858044,"MIRNA:hsa-mir-583","MIRNA","hsa-mir-583",16638,928,"MIRNA:000000"
"query_1",TRUE,0.00689720289617951,1841,4053,506,0.124845793239576,0.274850624660511,"MIRNA:hsa-mir-23c","MIRNA","hsa-mir-23c",16638,1151,"MIRNA:000000"
"query_1",TRUE,0.0071438846730485,806,4053,236,0.0582284727362448,0.292803970223325,"MIRNA:hsa-mir-616","MIRNA","hsa-mir-616",16638,1371,"MIRNA:000000"
"query_1",TRUE,0.0071438846730485,731,4053,216,0.0532938564026647,0.295485636114911,"MIRNA:hsa-mir-450b-3p","MIRNA","hsa-mir-450b-3p",16638,780,"MIRNA:000000"
"query_1",TRUE,0.0071443099174434,1239,4053,350,0.0863557858376511,0.282485875706215,"MIRNA:hsa-mir-4314","MIRNA","hsa-mir-4314",16638,282,"MIRNA:000000"
"query_1",TRUE,0.00724663449218073,1201,4053,340,0.0838884776708611,0.283097418817652,"MIRNA:hsa-mir-3910","MIRNA","hsa-mir-3910",16638,2895,"MIRNA:000000"
"query_1",TRUE,0.00740483822956679,988,4053,284,0.0700715519368369,0.287449392712551,"MIRNA:hsa-mir-4455","MIRNA","hsa-mir-4455",16638,1072,"MIRNA:000000"
"query_1",TRUE,0.00740483822956679,833,4053,243,0.0599555884529978,0.29171668667467,"MIRNA:hsa-mir-503","MIRNA","hsa-mir-503",16638,2263,"MIRNA:000000"
"query_1",TRUE,0.00755365037826277,996,4053,286,0.0705650135701949,0.28714859437751,"MIRNA:hsa-mir-647","MIRNA","hsa-mir-647",16638,1848,"MIRNA:000000"
"query_1",TRUE,0.00755365037826277,2015,4053,550,0.135701949173452,0.272952853598015,"MIRNA:hsa-mir-4747-5p","MIRNA","hsa-mir-4747-5p",16638,1152,"MIRNA:000000"
"query_1",TRUE,0.00759191222293946,576,4053,174,0.0429311621021466,0.302083333333333,"MIRNA:hsa-mir-21-5p","MIRNA","hsa-mir-21-5p",16638,1776,"MIRNA:000000"
"query_1",TRUE,0.00759191222293946,1801,4053,495,0.122131754256107,0.274847307051638,"MIRNA:hsa-mir-23b","MIRNA","hsa-mir-23b",16638,1670,"MIRNA:000000"
"query_1",TRUE,0.00759191222293946,1510,4053,420,0.103626943005181,0.278145695364238,"MIRNA:hsa-mir-539","MIRNA","hsa-mir-539",16638,1878,"MIRNA:000000"
"query_1",TRUE,0.00759191222293946,1801,4053,495,0.122131754256107,0.274847307051638,"MIRNA:hsa-mir-23a","MIRNA","hsa-mir-23a",16638,1232,"MIRNA:000000"
"query_1",TRUE,0.00767372211959158,1464,4053,408,0.100666173205033,0.278688524590164,"MIRNA:hsa-mir-1200","MIRNA","hsa-mir-1200",16638,978,"MIRNA:000000"
"query_1",TRUE,0.00778041217784565,921,4053,266,0.0656303972366149,0.288816503800217,"MIRNA:hsa-mir-888","MIRNA","hsa-mir-888",16638,2929,"MIRNA:000000"
"query_1",TRUE,0.00778041217784565,1942,4053,531,0.131014063656551,0.273429454170958,"MIRNA:hsa-mir-3646","MIRNA","hsa-mir-3646",16638,769,"MIRNA:000000"
"query_1",TRUE,0.00784332783148384,703,4053,208,0.0513200098692327,0.295874822190612,"MIRNA:hsa-mir-4758-5p","MIRNA","hsa-mir-4758-5p",16638,2629,"MIRNA:000000"
"query_1",TRUE,0.00788796294870806,241,4053,81,0.0199851961509993,0.336099585062241,"MIRNA:hsa-mir-151-5p","MIRNA","hsa-mir-151-5p",16638,2379,"MIRNA:000000"
"query_1",TRUE,0.00807609052458706,1173,4053,332,0.0819146311374291,0.283034953111679,"MIRNA:hsa-mir-145","MIRNA","hsa-mir-145",16638,1618,"MIRNA:000000"
"query_1",TRUE,0.0081307613766899,1566,4053,434,0.107081174438687,0.277139208173691,"MIRNA:hsa-mir-466","MIRNA","hsa-mir-466",16638,407,"MIRNA:000000"
"query_1",TRUE,0.00813494846580678,869,4053,252,0.0621761658031088,0.289988492520138,"MIRNA:hsa-mir-432","MIRNA","hsa-mir-432",16638,1344,"MIRNA:000000"
"query_1",TRUE,0.00813494846580678,533,4053,162,0.0399703923019985,0.303939962476548,"MIRNA:hsa-mir-4474-5p","MIRNA","hsa-mir-4474-5p",16638,1812,"MIRNA:000000"
"query_1",TRUE,0.0083554055751942,877,4053,254,0.0626696274364668,0.289623717217788,"MIRNA:hsa-mir-548v","MIRNA","hsa-mir-548v",16638,2455,"MIRNA:000000"
"query_1",TRUE,0.00843262530213718,1174,4053,332,0.0819146311374291,0.282793867120954,"MIRNA:hsa-mir-224","MIRNA","hsa-mir-224",16638,865,"MIRNA:000000"
"query_1",TRUE,0.00847963716012484,1571,4053,435,0.107327905255366,0.276893698281349,"MIRNA:hsa-mir-4779","MIRNA","hsa-mir-4779",16638,1154,"MIRNA:000000"
"query_1",TRUE,0.00851477593710246,1417,4053,395,0.0974586725882063,0.278757939308398,"MIRNA:hsa-mir-548b-5p","MIRNA","hsa-mir-548b-5p",16638,207,"MIRNA:000000"
"query_1",TRUE,0.00851477593710246,1171,4053,331,0.0816679003207501,0.28266438941076,"MIRNA:hsa-mir-623","MIRNA","hsa-mir-623",16638,2961,"MIRNA:000000"
"query_1",TRUE,0.00851477593710246,1692,4053,466,0.114976560572415,0.275413711583924,"MIRNA:hsa-mir-548aa","MIRNA","hsa-mir-548aa",16638,2417,"MIRNA:000000"
"query_1",TRUE,0.00851477593710246,1417,4053,395,0.0974586725882063,0.278757939308398,"MIRNA:hsa-mir-548ak","MIRNA","hsa-mir-548ak",16638,1946,"MIRNA:000000"
"query_1",TRUE,0.00851477593710246,1417,4053,395,0.0974586725882063,0.278757939308398,"MIRNA:hsa-mir-548a-5p","MIRNA","hsa-mir-548a-5p",16638,1552,"MIRNA:000000"
"query_1",TRUE,0.00851477593710246,1417,4053,395,0.0974586725882063,0.278757939308398,"MIRNA:hsa-mir-548w","MIRNA","hsa-mir-548w",16638,1043,"MIRNA:000000"
"query_1",TRUE,0.00851477593710246,1417,4053,395,0.0974586725882063,0.278757939308398,"MIRNA:hsa-mir-548y","MIRNA","hsa-mir-548y",16638,594,"MIRNA:000000"
"query_1",TRUE,0.00851477593710246,1159,4053,328,0.0809277078707131,0.283002588438309,"MIRNA:hsa-mir-2052","MIRNA","hsa-mir-2052",16638,808,"MIRNA:000000"
"query_1",TRUE,0.00851477593710246,656,4053,195,0.0481125092524056,0.297256097560976,"MIRNA:hsa-mir-3679-5p","MIRNA","hsa-mir-3679-5p",16638,1168,"MIRNA:000000"
"query_1",TRUE,0.00851477593710246,1417,4053,395,0.0974586725882063,0.278757939308398,"MIRNA:hsa-mir-548ab","MIRNA","hsa-mir-548ab",16638,84,"MIRNA:000000"
"query_1",TRUE,0.00851477593710246,810,4053,236,0.0582284727362448,0.291358024691358,"MIRNA:hsa-mir-4299","MIRNA","hsa-mir-4299",16638,836,"MIRNA:000000"
"query_1",TRUE,0.00885337680651877,1418,4053,395,0.0974586725882063,0.278561354019746,"MIRNA:hsa-mir-548i","MIRNA","hsa-mir-548i",16638,1851,"MIRNA:000000"
"query_1",TRUE,0.00885337680651877,616,4053,184,0.0453984702689366,0.298701298701299,"MIRNA:hsa-mir-3691-5p","MIRNA","hsa-mir-3691-5p",16638,2675,"MIRNA:000000"
"query_1",TRUE,0.00885337680651877,1418,4053,395,0.0974586725882063,0.278561354019746,"MIRNA:hsa-mir-548c-5p","MIRNA","hsa-mir-548c-5p",16638,1259,"MIRNA:000000"
"query_1",TRUE,0.00889128772211925,1422,4053,396,0.0977054034048853,0.278481012658228,"MIRNA:hsa-mir-559","MIRNA","hsa-mir-559",16638,2430,"MIRNA:000000"
"query_1",TRUE,0.00923642062755592,1016,4053,290,0.0715519368369109,0.285433070866142,"MIRNA:hsa-mir-375","MIRNA","hsa-mir-375",16638,1772,"MIRNA:000000"
"query_1",TRUE,0.00923721563048689,978,4053,280,0.0690846286701209,0.286298568507157,"MIRNA:hsa-mir-4645-3p","MIRNA","hsa-mir-4645-3p",16638,2221,"MIRNA:000000"
"query_1",TRUE,0.00946250710487919,1154,4053,326,0.080434246237355,0.282495667244367,"MIRNA:hsa-mir-93-5p","MIRNA","hsa-mir-93-5p",16638,355,"MIRNA:000000"
"query_1",TRUE,0.00948530864414233,895,4053,258,0.0636565507031828,0.288268156424581,"MIRNA:hsa-mir-138","MIRNA","hsa-mir-138",16638,313,"MIRNA:000000"
"query_1",TRUE,0.00951825547735531,952,4053,273,0.0673575129533679,0.286764705882353,"MIRNA:hsa-mir-586","MIRNA","hsa-mir-586",16638,198,"MIRNA:000000"
"query_1",TRUE,0.00965593486555422,1420,4053,395,0.0974586725882063,0.278169014084507,"MIRNA:hsa-mir-548d-5p","MIRNA","hsa-mir-548d-5p",16638,1466,"MIRNA:000000"
"query_1",TRUE,0.00989890574677223,1494,4053,414,0.102146558105107,0.27710843373494,"MIRNA:hsa-mir-3658","MIRNA","hsa-mir-3658",16638,1343,"MIRNA:000000"
"query_1",TRUE,0.010005811460699,1533,4053,424,0.104613866271897,0.276581865622961,"MIRNA:hsa-mir-1273f","MIRNA","hsa-mir-1273f",16638,2406,"MIRNA:000000"
"query_1",TRUE,0.0100990248479474,881,4053,254,0.0626696274364668,0.288308740068104,"MIRNA:hsa-mir-1224-5p","MIRNA","hsa-mir-1224-5p",16638,1236,"MIRNA:000000"
"query_1",TRUE,0.0102059124447528,195,4053,67,0.0165309647174932,0.343589743589744,"MIRNA:hsa-mir-6758-5p","MIRNA","hsa-mir-6758-5p",16638,1858,"MIRNA:000000"
"query_1",TRUE,0.0104945629801318,1569,4053,433,0.106834443622008,0.275971956660293,"MIRNA:hsa-mir-543","MIRNA","hsa-mir-543",16638,283,"MIRNA:000000"
"query_1",TRUE,0.0105372936078186,1095,4053,310,0.076486553170491,0.28310502283105,"MIRNA:hsa-mir-3160-5p","MIRNA","hsa-mir-3160-5p",16638,2393,"MIRNA:000000"
"query_1",TRUE,0.0105557320305677,237,4053,79,0.0194917345176413,0.333333333333333,"MIRNA:hsa-mir-145-5p","MIRNA","hsa-mir-145-5p",16638,1267,"MIRNA:000000"
"query_1",TRUE,0.0106506190404758,1585,4053,437,0.107821366888724,0.275709779179811,"MIRNA:hsa-mir-646","MIRNA","hsa-mir-646",16638,1354,"MIRNA:000000"
"query_1",TRUE,0.0108923062350784,608,4053,181,0.0446582778188996,0.297697368421053,"MIRNA:hsa-mir-4490","MIRNA","hsa-mir-4490",16638,1794,"MIRNA:000000"
"query_1",TRUE,0.0109940979955462,1960,4053,533,0.131507525289909,0.271938775510204,"MIRNA:hsa-mir-4755-3p","MIRNA","hsa-mir-4755-3p",16638,1709,"MIRNA:000000"
"query_1",TRUE,0.011151719342528,1462,4053,405,0.0999259807549963,0.277017783857729,"MIRNA:hsa-mir-875-3p","MIRNA","hsa-mir-875-3p",16638,1071,"MIRNA:000000"
"query_1",TRUE,0.0112342906916911,747,4053,218,0.0537873180360227,0.291834002677376,"MIRNA:hsa-mir-4720-3p","MIRNA","hsa-mir-4720-3p",16638,863,"MIRNA:000000"
"query_1",TRUE,0.0113056090444153,330,4053,105,0.0259067357512953,0.318181818181818,"MIRNA:hsa-mir-7110-3p","MIRNA","hsa-mir-7110-3p",16638,916,"MIRNA:000000"
"query_1",TRUE,0.0113142757486094,189,4053,65,0.0160375030841352,0.343915343915344,"MIRNA:hsa-mir-6856-5p","MIRNA","hsa-mir-6856-5p",16638,1892,"MIRNA:000000"
"query_1",TRUE,0.0117029164233457,1124,4053,317,0.078213668887244,0.28202846975089,"MIRNA:hsa-mir-3616-3p","MIRNA","hsa-mir-3616-3p",16638,2663,"MIRNA:000000"
"query_1",TRUE,0.0117673786631871,1537,4053,424,0.104613866271897,0.275862068965517,"MIRNA:hsa-mir-4436b-3p","MIRNA","hsa-mir-4436b-3p",16638,1192,"MIRNA:000000"
"query_1",TRUE,0.0117673786631871,1506,4053,416,0.102640019738465,0.276228419654714,"MIRNA:hsa-mir-4422","MIRNA","hsa-mir-4422",16638,2482,"MIRNA:000000"
"query_1",TRUE,0.0118683289485651,1275,4053,356,0.0878361707377251,0.27921568627451,"MIRNA:hsa-mir-363","MIRNA","hsa-mir-363",16638,2208,"MIRNA:000000"
"query_1",TRUE,0.0118683289485651,1025,4053,291,0.0717986676535899,0.28390243902439,"MIRNA:hsa-mir-3127-3p","MIRNA","hsa-mir-3127-3p",16638,1707,"MIRNA:000000"
"query_1",TRUE,0.0118683289485651,968,4053,276,0.0680977054034049,0.285123966942149,"MIRNA:hsa-mir-202","MIRNA","hsa-mir-202",16638,1289,"MIRNA:000000"
"query_1",TRUE,0.0118683289485651,1701,4053,466,0.114976560572415,0.273956496178718,"MIRNA:hsa-mir-4533","MIRNA","hsa-mir-4533",16638,2899,"MIRNA:000000"
"query_1",TRUE,0.0118683289485651,302,4053,97,0.0239328892178633,0.321192052980132,"MIRNA:hsa-mir-6817-3p","MIRNA","hsa-mir-6817-3p",16638,1396,"MIRNA:000000"
"query_1",TRUE,0.0118683289485651,1275,4053,356,0.0878361707377251,0.27921568627451,"MIRNA:hsa-mir-32","MIRNA","hsa-mir-32",16638,2261,"MIRNA:000000"
"query_1",TRUE,0.0118683289485651,1275,4053,356,0.0878361707377251,0.27921568627451,"MIRNA:hsa-mir-92b","MIRNA","hsa-mir-92b",16638,2999,"MIRNA:000000"
"query_1",TRUE,0.0118683289485651,1275,4053,356,0.0878361707377251,0.27921568627451,"MIRNA:hsa-mir-92a","MIRNA","hsa-mir-92a",16638,858,"MIRNA:000000"
"query_1",TRUE,0.0118683289485651,1275,4053,356,0.0878361707377251,0.27921568627451,"MIRNA:hsa-mir-367","MIRNA","hsa-mir-367",16638,301,"MIRNA:000000"
"query_1",TRUE,0.0118683289485651,632,4053,187,0.0461386627189736,0.295886075949367,"MIRNA:hsa-mir-1185","MIRNA","hsa-mir-1185",16638,721,"MIRNA:000000"
"query_1",TRUE,0.0118683289485651,1236,4053,346,0.0853688625709351,0.279935275080906,"MIRNA:hsa-mir-4757-5p","MIRNA","hsa-mir-4757-5p",16638,938,"MIRNA:000000"
"query_1",TRUE,0.0118683289485651,1275,4053,356,0.0878361707377251,0.27921568627451,"MIRNA:hsa-mir-25","MIRNA","hsa-mir-25",16638,762,"MIRNA:000000"
"query_1",TRUE,0.0118683289485651,1298,4053,362,0.0893165556377992,0.278890600924499,"MIRNA:hsa-mir-3607-3p","MIRNA","hsa-mir-3607-3p",16638,838,"MIRNA:000000"
"query_1",TRUE,0.0118683289485651,1102,4053,311,0.07673328398717,0.282214156079855,"MIRNA:hsa-mir-1286","MIRNA","hsa-mir-1286",16638,2364,"MIRNA:000000"
"query_1",TRUE,0.0119163571082063,242,4053,80,0.0197384653343203,0.330578512396694,"MIRNA:hsa-mir-151b","MIRNA","hsa-mir-151b",16638,1490,"MIRNA:000000"
"query_1",TRUE,0.0119388700114727,828,4053,239,0.0589686651862818,0.288647342995169,"MIRNA:hsa-mir-8485","MIRNA","hsa-mir-8485",16638,1916,"MIRNA:000000"
"query_1",TRUE,0.0119980150849669,573,4053,171,0.0421909696521095,0.298429319371728,"MIRNA:hsa-mir-3142","MIRNA","hsa-mir-3142",16638,2807,"MIRNA:000000"
"query_1",TRUE,0.0119980150849669,1558,4053,429,0.105847520355292,0.275353016688062,"MIRNA:hsa-mir-1207-3p","MIRNA","hsa-mir-1207-3p",16638,77,"MIRNA:000000"
"query_1",TRUE,0.0119980150849669,1287,4053,359,0.0885763631877622,0.278943278943279,"MIRNA:hsa-mir-4694-3p","MIRNA","hsa-mir-4694-3p",16638,1204,"MIRNA:000000"
"query_1",TRUE,0.0119980150849669,1819,4053,496,0.122378485072786,0.272677295217152,"MIRNA:hsa-mir-4729","MIRNA","hsa-mir-4729",16638,1465,"MIRNA:000000"
"query_1",TRUE,0.0121516087355737,1145,4053,322,0.079447322970639,0.281222707423581,"MIRNA:hsa-mir-3928","MIRNA","hsa-mir-3928",16638,140,"MIRNA:000000"
"query_1",TRUE,0.0122919076843765,1419,4053,393,0.0969652109548483,0.276955602536998,"MIRNA:hsa-mir-1324","MIRNA","hsa-mir-1324",16638,2287,"MIRNA:000000"
"query_1",TRUE,0.0123641831155568,1396,4053,387,0.0954848260547742,0.277220630372493,"MIRNA:hsa-mir-3973","MIRNA","hsa-mir-3973",16638,307,"MIRNA:000000"
"query_1",TRUE,0.0123641831155568,791,4053,229,0.0565013570194917,0.289506953223767,"MIRNA:hsa-mir-4769-5p","MIRNA","hsa-mir-4769-5p",16638,2421,"MIRNA:000000"
"query_1",TRUE,0.0123766529125843,1369,4053,380,0.0937577103380212,0.277574872169467,"MIRNA:hsa-mir-541","MIRNA","hsa-mir-541",16638,1664,"MIRNA:000000"
"query_1",TRUE,0.0125508910034489,1408,4053,390,0.0962250185048113,0.276988636363636,"MIRNA:hsa-mir-4738-3p","MIRNA","hsa-mir-4738-3p",16638,1585,"MIRNA:000000"
"query_1",TRUE,0.0125728048086379,1008,4053,286,0.0705650135701949,0.283730158730159,"MIRNA:hsa-mir-139-5p","MIRNA","hsa-mir-139-5p",16638,596,"MIRNA:000000"
"query_1",TRUE,0.0125889255617548,1219,4053,341,0.0841352084875401,0.279737489745693,"MIRNA:hsa-mir-4803","MIRNA","hsa-mir-4803",16638,292,"MIRNA:000000"
"query_1",TRUE,0.0125940455992175,970,4053,276,0.0680977054034049,0.284536082474227,"MIRNA:hsa-mir-920","MIRNA","hsa-mir-920",16638,2374,"MIRNA:000000"
"query_1",TRUE,0.0125940455992175,970,4053,276,0.0680977054034049,0.284536082474227,"MIRNA:hsa-mir-4300","MIRNA","hsa-mir-4300",16638,267,"MIRNA:000000"
"query_1",TRUE,0.0127173129508756,709,4053,207,0.0510732790525537,0.291960507757405,"MIRNA:hsa-mir-501-3p","MIRNA","hsa-mir-501-3p",16638,1337,"MIRNA:000000"
"query_1",TRUE,0.0127173129508756,1599,4053,439,0.108314828522082,0.274546591619762,"MIRNA:hsa-mir-4269","MIRNA","hsa-mir-4269",16638,2537,"MIRNA:000000"
"query_1",TRUE,0.0127173129508756,1347,4053,374,0.0922773254379472,0.277654046028211,"MIRNA:hsa-mir-548j","MIRNA","hsa-mir-548j",16638,33,"MIRNA:000000"
"query_1",TRUE,0.0127173129508756,1825,4053,497,0.122625215889465,0.272328767123288,"MIRNA:hsa-mir-1343","MIRNA","hsa-mir-1343",16638,1781,"MIRNA:000000"
"query_1",TRUE,0.0127173129508756,1347,4053,374,0.0922773254379472,0.277654046028211,"MIRNA:hsa-mir-548h","MIRNA","hsa-mir-548h",16638,44,"MIRNA:000000"
"query_1",TRUE,0.0127173129508756,3219,4053,850,0.209721194177153,0.264057160608885,"MIRNA:hsa-mir-548c-3p","MIRNA","hsa-mir-548c-3p",16638,1005,"MIRNA:000000"
"query_1",TRUE,0.0127173129508756,754,4053,219,0.0540340488527017,0.290450928381963,"MIRNA:hsa-mir-1256","MIRNA","hsa-mir-1256",16638,392,"MIRNA:000000"
"query_1",TRUE,0.0127173129508756,1533,4053,422,0.104120404638539,0.275277234181344,"MIRNA:hsa-mir-4643","MIRNA","hsa-mir-4643",16638,2220,"MIRNA:000000"
"query_1",TRUE,0.0127790724986544,1143,4053,321,0.07920059215396,0.280839895013123,"MIRNA:hsa-mir-211","MIRNA","hsa-mir-211",16638,888,"MIRNA:000000"
"query_1",TRUE,0.0127790724986544,1845,4053,502,0.12385886997286,0.272086720867209,"MIRNA:hsa-mir-4438","MIRNA","hsa-mir-4438",16638,2659,"MIRNA:000000"
"query_1",TRUE,0.0127790724986544,1143,4053,321,0.07920059215396,0.280839895013123,"MIRNA:hsa-mir-204","MIRNA","hsa-mir-204",16638,1686,"MIRNA:000000"
"query_1",TRUE,0.01306691423667,933,4053,266,0.0656303972366149,0.285101822079314,"MIRNA:hsa-mir-4688","MIRNA","hsa-mir-4688",16638,651,"MIRNA:000000"
"query_1",TRUE,0.01306691423667,497,4053,150,0.0370096225018505,0.301810865191147,"MIRNA:hsa-mir-3619-3p","MIRNA","hsa-mir-3619-3p",16638,1035,"MIRNA:000000"
"query_1",TRUE,0.01306691423667,1464,4053,404,0.0996792499383173,0.275956284153005,"MIRNA:hsa-mir-4789-5p","MIRNA","hsa-mir-4789-5p",16638,2152,"MIRNA:000000"
"query_1",TRUE,0.01306691423667,1713,4053,468,0.115470022205774,0.273204903677758,"MIRNA:hsa-mir-4262","MIRNA","hsa-mir-4262",16638,2245,"MIRNA:000000"
"query_1",TRUE,0.0130945879893887,755,4053,219,0.0540340488527017,0.290066225165563,"MIRNA:hsa-mir-431","MIRNA","hsa-mir-431",16638,2426,"MIRNA:000000"
"query_1",TRUE,0.0130945879893887,842,4053,242,0.0597088576363188,0.287410926365796,"MIRNA:hsa-mir-3200-5p","MIRNA","hsa-mir-3200-5p",16638,1920,"MIRNA:000000"
"query_1",TRUE,0.0133017702410983,2907,4053,771,0.190229459659511,0.265221878224974,"MIRNA:hsa-mir-3613-3p","MIRNA","hsa-mir-3613-3p",16638,860,"MIRNA:000000"
"query_1",TRUE,0.0138122971380324,572,4053,170,0.0419442388354305,0.297202797202797,"MIRNA:hsa-mir-1245b-5p","MIRNA","hsa-mir-1245b-5p",16638,470,"MIRNA:000000"
"query_1",TRUE,0.013854947460641,2240,4053,602,0.14853195164076,0.26875,"MIRNA:hsa-mir-3652","MIRNA","hsa-mir-3652",16638,2403,"MIRNA:000000"
"query_1",TRUE,0.013854947460641,790,4053,228,0.0562546262028127,0.288607594936709,"MIRNA:hsa-mir-4654","MIRNA","hsa-mir-4654",16638,2828,"MIRNA:000000"
"query_1",TRUE,0.013854947460641,2240,4053,602,0.14853195164076,0.26875,"MIRNA:hsa-mir-4430","MIRNA","hsa-mir-4430",16638,2250,"MIRNA:000000"
"query_1",TRUE,0.0141469542661382,889,4053,254,0.0626696274364668,0.285714285714286,"MIRNA:hsa-mir-4297","MIRNA","hsa-mir-4297",16638,778,"MIRNA:000000"
"query_1",TRUE,0.0142409942856697,764,4053,221,0.0545275104860597,0.289267015706806,"MIRNA:hsa-mir-4648","MIRNA","hsa-mir-4648",16638,1494,"MIRNA:000000"
"query_1",TRUE,0.0144213988732995,640,4053,188,0.0463853935356526,0.29375,"MIRNA:hsa-mir-4521","MIRNA","hsa-mir-4521",16638,936,"MIRNA:000000"
"query_1",TRUE,0.0148695398697956,1035,4053,292,0.0720453984702689,0.282125603864734,"MIRNA:hsa-mir-1276","MIRNA","hsa-mir-1276",16638,664,"MIRNA:000000"
"query_1",TRUE,0.0150425089628507,913,4053,260,0.0641500123365408,0.284775465498357,"MIRNA:hsa-mir-4488","MIRNA","hsa-mir-4488",16638,1316,"MIRNA:000000"
"query_1",TRUE,0.0150425089628507,1662,4053,454,0.112015790772267,0.273164861612515,"MIRNA:hsa-mir-494","MIRNA","hsa-mir-494",16638,21,"MIRNA:000000"
"query_1",TRUE,0.0150471378831588,894,4053,255,0.0629163582531458,0.285234899328859,"MIRNA:hsa-mir-4432","MIRNA","hsa-mir-4432",16638,2391,"MIRNA:000000"
"query_1",TRUE,0.0150666242997707,1301,4053,361,0.0890698248211202,0.277478862413528,"MIRNA:hsa-mir-664","MIRNA","hsa-mir-664",16638,879,"MIRNA:000000"
"query_1",TRUE,0.0158665255629206,998,4053,282,0.0695780903034789,0.282565130260521,"MIRNA:hsa-mir-1304","MIRNA","hsa-mir-1304",16638,1573,"MIRNA:000000"
"query_1",TRUE,0.0158673850760291,1275,4053,354,0.0873427091043671,0.277647058823529,"MIRNA:hsa-mir-4799-5p","MIRNA","hsa-mir-4799-5p",16638,630,"MIRNA:000000"
"query_1",TRUE,0.0161479964722302,1376,4053,380,0.0937577103380212,0.276162790697674,"MIRNA:hsa-mir-944","MIRNA","hsa-mir-944",16638,759,"MIRNA:000000"
"query_1",TRUE,0.0163229980768508,1083,4053,304,0.075006168270417,0.280701754385965,"MIRNA:hsa-mir-96","MIRNA","hsa-mir-96",16638,620,"MIRNA:000000"
"query_1",TRUE,0.0163229980768508,1083,4053,304,0.075006168270417,0.280701754385965,"MIRNA:hsa-mir-1271","MIRNA","hsa-mir-1271",16638,1932,"MIRNA:000000"
"query_1",TRUE,0.0164841905304934,1641,4053,448,0.110535405872193,0.273004265691651,"MIRNA:hsa-mir-107","MIRNA","hsa-mir-107",16638,2945,"MIRNA:000000"
"query_1",TRUE,0.0165474924598977,661,4053,193,0.0476190476190476,0.291981845688351,"MIRNA:hsa-mir-3907","MIRNA","hsa-mir-3907",16638,435,"MIRNA:000000"
"query_1",TRUE,0.0167550331463155,508,4053,152,0.0375030841352085,0.299212598425197,"MIRNA:hsa-mir-329-3p","MIRNA","hsa-mir-329-3p",16638,424,"MIRNA:000000"
"query_1",TRUE,0.0168942507680224,1517,4053,416,0.102640019738465,0.274225444957152,"MIRNA:hsa-mir-3065-5p","MIRNA","hsa-mir-3065-5p",16638,1904,"MIRNA:000000"
"query_1",TRUE,0.0172026253246673,1467,4053,403,0.0994325191216383,0.274710293115201,"MIRNA:hsa-mir-548an","MIRNA","hsa-mir-548an",16638,1736,"MIRNA:000000"
"query_1",TRUE,0.0172026253246673,931,4053,264,0.0651369356032568,0.283566058002148,"MIRNA:hsa-mir-4753-5p","MIRNA","hsa-mir-4753-5p",16638,2733,"MIRNA:000000"
"query_1",TRUE,0.0172026253246673,1611,4053,440,0.108561559338761,0.273122284295469,"MIRNA:hsa-mir-4736","MIRNA","hsa-mir-4736",16638,2909,"MIRNA:000000"
"query_1",TRUE,0.0172026253246673,1611,4053,440,0.108561559338761,0.273122284295469,"MIRNA:hsa-mir-4435","MIRNA","hsa-mir-4435",16638,522,"MIRNA:000000"
"query_1",TRUE,0.0172671559469756,1069,4053,300,0.074019245003701,0.280636108512629,"MIRNA:hsa-mir-2113","MIRNA","hsa-mir-2113",16638,517,"MIRNA:000000"
"query_1",TRUE,0.0172831720149977,692,4053,201,0.0495928941524796,0.290462427745665,"MIRNA:hsa-mir-4662a-3p","MIRNA","hsa-mir-4662a-3p",16638,2149,"MIRNA:000000"
"query_1",TRUE,0.0172831720149977,1285,4053,356,0.0878361707377251,0.27704280155642,"MIRNA:hsa-mir-641","MIRNA","hsa-mir-641",16638,1905,"MIRNA:000000"
"query_1",TRUE,0.0173018652076749,1231,4053,342,0.0843819393042191,0.277822908204712,"MIRNA:hsa-mir-374c","MIRNA","hsa-mir-374c",16638,2459,"MIRNA:000000"
"query_1",TRUE,0.0173018652076749,1231,4053,342,0.0843819393042191,0.277822908204712,"MIRNA:hsa-mir-655","MIRNA","hsa-mir-655",16638,811,"MIRNA:000000"
"query_1",TRUE,0.0174822626070512,1526,4053,418,0.103133481371823,0.27391874180865,"MIRNA:hsa-mir-4699-3p","MIRNA","hsa-mir-4699-3p",16638,2457,"MIRNA:000000"
"query_1",TRUE,0.0175229116525551,715,4053,207,0.0510732790525537,0.28951048951049,"MIRNA:hsa-mir-630","MIRNA","hsa-mir-630",16638,361,"MIRNA:000000"
"query_1",TRUE,0.0175660460571746,1733,4053,471,0.116210214655811,0.271783035199077,"MIRNA:hsa-mir-4725-3p","MIRNA","hsa-mir-4725-3p",16638,1949,"MIRNA:000000"
"query_1",TRUE,0.0178248787584821,1143,4053,319,0.078707130520602,0.279090113735783,"MIRNA:hsa-mir-1248","MIRNA","hsa-mir-1248",16638,1056,"MIRNA:000000"
"query_1",TRUE,0.0179130492238771,1348,4053,372,0.0917838638045892,0.275964391691395,"MIRNA:hsa-mir-197","MIRNA","hsa-mir-197",16638,2513,"MIRNA:000000"
"query_1",TRUE,0.0179130492238771,913,4053,259,0.0639032815198618,0.28368017524644,"MIRNA:hsa-mir-4697-5p","MIRNA","hsa-mir-4697-5p",16638,663,"MIRNA:000000"
"query_1",TRUE,0.017947224369423,1232,4053,342,0.0843819393042191,0.277597402597403,"MIRNA:hsa-mir-4709-5p","MIRNA","hsa-mir-4709-5p",16638,319,"MIRNA:000000"
"query_1",TRUE,0.0182443691462258,187,4053,63,0.0155440414507772,0.336898395721925,"MIRNA:hsa-mir-539-5p","MIRNA","hsa-mir-539-5p",16638,1810,"MIRNA:000000"
"query_1",TRUE,0.0183221887101844,2316,4053,619,0.152726375524303,0.26727115716753,"MIRNA:hsa-mir-665","MIRNA","hsa-mir-665",16638,685,"MIRNA:000000"
"query_1",TRUE,0.0185560976569149,1256,4053,348,0.0858623242042931,0.277070063694268,"MIRNA:hsa-mir-370","MIRNA","hsa-mir-370",16638,1385,"MIRNA:000000"
"query_1",TRUE,0.0185560976569149,1256,4053,348,0.0858623242042931,0.277070063694268,"MIRNA:hsa-mir-3653","MIRNA","hsa-mir-3653",16638,444,"MIRNA:000000"
"query_1",TRUE,0.018646740107769,1322,4053,365,0.0900567480878362,0.276096822995461,"MIRNA:hsa-mir-105","MIRNA","hsa-mir-105",16638,2316,"MIRNA:000000"
"query_1",TRUE,0.018646740107769,1489,4053,408,0.100666173205033,0.274009402283412,"MIRNA:hsa-mir-532-3p","MIRNA","hsa-mir-532-3p",16638,53,"MIRNA:000000"
"query_1",TRUE,0.0187382145700322,1735,4053,471,0.116210214655811,0.271469740634006,"MIRNA:hsa-mir-4271","MIRNA","hsa-mir-4271",16638,1068,"MIRNA:000000"
"query_1",TRUE,0.0189767873858555,1470,4053,403,0.0994325191216383,0.274149659863946,"MIRNA:hsa-mir-4469","MIRNA","hsa-mir-4469",16638,911,"MIRNA:000000"
"query_1",TRUE,0.0190350441010022,1342,4053,370,0.0912904021712312,0.275707898658718,"MIRNA:hsa-mir-4295","MIRNA","hsa-mir-4295",16638,713,"MIRNA:000000"
"query_1",TRUE,0.0190350441010022,991,4053,279,0.0688378978534419,0.281533804238143,"MIRNA:hsa-mir-4522","MIRNA","hsa-mir-4522",16638,1935,"MIRNA:000000"
"query_1",TRUE,0.0190350441010022,451,4053,136,0.0335553910683444,0.301552106430155,"MIRNA:hsa-mir-4640-3p","MIRNA","hsa-mir-4640-3p",16638,111,"MIRNA:000000"
"query_1",TRUE,0.0191742646831149,1771,4053,480,0.118430792005922,0.271033314511575,"MIRNA:hsa-mir-3175","MIRNA","hsa-mir-3175",16638,1274,"MIRNA:000000"
"query_1",TRUE,0.019249613745103,930,4053,263,0.0648902047865778,0.282795698924731,"MIRNA:hsa-mir-1912","MIRNA","hsa-mir-1912",16638,2968,"MIRNA:000000"
"query_1",TRUE,0.019873483238879,1343,4053,370,0.0912904021712312,0.275502606105733,"MIRNA:hsa-mir-3666","MIRNA","hsa-mir-3666",16638,998,"MIRNA:000000"
"query_1",TRUE,0.0199274767099543,1038,4053,291,0.0717986676535899,0.280346820809249,"MIRNA:hsa-mir-3673","MIRNA","hsa-mir-3673",16638,1842,"MIRNA:000000"
"query_1",TRUE,0.0201156587486914,824,4053,235,0.0579817419195658,0.285194174757282,"MIRNA:hsa-mir-605","MIRNA","hsa-mir-605",16638,822,"MIRNA:000000"
"query_1",TRUE,0.0201156587486914,973,4053,274,0.0676042437700469,0.281603288797533,"MIRNA:hsa-mir-4493","MIRNA","hsa-mir-4493",16638,1120,"MIRNA:000000"
"query_1",TRUE,0.0203163571307031,699,4053,202,0.0498396249691586,0.28898426323319,"MIRNA:hsa-mir-4678","MIRNA","hsa-mir-4678",16638,670,"MIRNA:000000"
"query_1",TRUE,0.0206418526132231,1058,4053,296,0.0730323217369849,0.279773156899811,"MIRNA:hsa-mir-4427","MIRNA","hsa-mir-4427",16638,1740,"MIRNA:000000"
"query_1",TRUE,0.0207491712989701,639,4053,186,0.0458919319022946,0.291079812206573,"MIRNA:hsa-mir-1246","MIRNA","hsa-mir-1246",16638,754,"MIRNA:000000"
"query_1",TRUE,0.0208339163502479,609,4053,178,0.0439180853688626,0.292282430213465,"MIRNA:hsa-mir-4259","MIRNA","hsa-mir-4259",16638,1642,"MIRNA:000000"
"query_1",TRUE,0.0208822033829362,947,4053,267,0.0658771280532939,0.28194297782471,"MIRNA:hsa-mir-4720-5p","MIRNA","hsa-mir-4720-5p",16638,2195,"MIRNA:000000"
"query_1",TRUE,0.0209729341429171,1236,4053,342,0.0843819393042191,0.276699029126214,"MIRNA:hsa-mir-3617","MIRNA","hsa-mir-3617",16638,2627,"MIRNA:000000"
"query_1",TRUE,0.0209729341429171,1664,4053,452,0.111522329138909,0.271634615384615,"MIRNA:hsa-mir-181a","MIRNA","hsa-mir-181a",16638,2312,"MIRNA:000000"
"query_1",TRUE,0.0209991198948521,553,4053,163,0.0402171231186775,0.294755877034358,"MIRNA:hsa-mir-1292","MIRNA","hsa-mir-1292",16638,1544,"MIRNA:000000"
"query_1",TRUE,0.0210234431333016,2108,4053,565,0.139402911423637,0.268026565464896,"MIRNA:hsa-mir-1207-5p","MIRNA","hsa-mir-1207-5p",16638,1137,"MIRNA:000000"
"query_1",TRUE,0.0210234431333016,1225,4053,339,0.0836417468541821,0.276734693877551,"MIRNA:hsa-mir-301a","MIRNA","hsa-mir-301a",16638,661,"MIRNA:000000"
"query_1",TRUE,0.0210234431333016,1001,4053,281,0.0693313594867999,0.280719280719281,"MIRNA:hsa-mir-3165","MIRNA","hsa-mir-3165",16638,360,"MIRNA:000000"
"query_1",TRUE,0.0210234431333016,1225,4053,339,0.0836417468541821,0.276734693877551,"MIRNA:hsa-mir-301b","MIRNA","hsa-mir-301b",16638,2260,"MIRNA:000000"
"query_1",TRUE,0.0210234431333016,1225,4053,339,0.0836417468541821,0.276734693877551,"MIRNA:hsa-mir-130a","MIRNA","hsa-mir-130a",16638,980,"MIRNA:000000"
"query_1",TRUE,0.0210234431333016,1349,4053,371,0.0915371329879102,0.275018532246108,"MIRNA:hsa-mir-338-5p","MIRNA","hsa-mir-338-5p",16638,862,"MIRNA:000000"
"query_1",TRUE,0.0210234431333016,685,4053,198,0.0488527017024426,0.289051094890511,"MIRNA:hsa-mir-4453","MIRNA","hsa-mir-4453",16638,1445,"MIRNA:000000"
"query_1",TRUE,0.0210234431333016,1225,4053,339,0.0836417468541821,0.276734693877551,"MIRNA:hsa-mir-130b","MIRNA","hsa-mir-130b",16638,1968,"MIRNA:000000"
"query_1",TRUE,0.0210234431333016,1225,4053,339,0.0836417468541821,0.276734693877551,"MIRNA:hsa-mir-454","MIRNA","hsa-mir-454",16638,741,"MIRNA:000000"
"query_1",TRUE,0.0210234431333016,1167,4053,324,0.079940784603997,0.277634961439589,"MIRNA:hsa-mir-548k","MIRNA","hsa-mir-548k",16638,2495,"MIRNA:000000"
"query_1",TRUE,0.0210234431333016,685,4053,198,0.0488527017024426,0.289051094890511,"MIRNA:hsa-mir-4538","MIRNA","hsa-mir-4538",16638,417,"MIRNA:000000"
"query_1",TRUE,0.0210234431333016,2108,4053,565,0.139402911423637,0.268026565464896,"MIRNA:hsa-mir-4763-3p","MIRNA","hsa-mir-4763-3p",16638,270,"MIRNA:000000"
"query_1",TRUE,0.0211121030227725,704,4053,203,0.0500863557858377,0.288352272727273,"MIRNA:hsa-mir-4686","MIRNA","hsa-mir-4686",16638,825,"MIRNA:000000"
"query_1",TRUE,0.0211991234608573,818,4053,233,0.0574882802862077,0.284841075794621,"MIRNA:hsa-mir-34c-3p","MIRNA","hsa-mir-34c-3p",16638,2497,"MIRNA:000000"
"query_1",TRUE,0.0213238516885877,535,4053,158,0.0389834690352825,0.295327102803738,"MIRNA:hsa-mir-1251","MIRNA","hsa-mir-1251",16638,930,"MIRNA:000000"
"query_1",TRUE,0.0213238516885877,1098,4053,306,0.075499629903775,0.278688524590164,"MIRNA:hsa-mir-4325","MIRNA","hsa-mir-4325",16638,2297,"MIRNA:000000"
"query_1",TRUE,0.0213238516885877,708,4053,204,0.0503330866025167,0.288135593220339,"MIRNA:hsa-mir-502-3p","MIRNA","hsa-mir-502-3p",16638,2958,"MIRNA:000000"
"query_1",TRUE,0.0217842032320485,1385,4053,380,0.0937577103380212,0.274368231046931,"MIRNA:hsa-mir-654-5p","MIRNA","hsa-mir-654-5p",16638,2928,"MIRNA:000000"
"query_1",TRUE,0.0221389824434275,1176,4053,326,0.080434246237355,0.277210884353741,"MIRNA:hsa-mir-1972","MIRNA","hsa-mir-1972",16638,439,"MIRNA:000000"
"query_1",TRUE,0.0221701859365377,1663,4053,451,0.11127559832223,0.271196632591702,"MIRNA:hsa-mir-181d","MIRNA","hsa-mir-181d",16638,2916,"MIRNA:000000"
"query_1",TRUE,0.0221701859365377,1169,4053,324,0.079940784603997,0.27715996578272,"MIRNA:hsa-let-7b","MIRNA","hsa-let-7b",16638,1942,"MIRNA:000000"
"query_1",TRUE,0.0221701859365377,1169,4053,324,0.079940784603997,0.27715996578272,"MIRNA:hsa-let-7f","MIRNA","hsa-let-7f",16638,2720,"MIRNA:000000"
"query_1",TRUE,0.0221701859365377,1153,4053,320,0.078953861337281,0.277536860364267,"MIRNA:hsa-mir-4660","MIRNA","hsa-mir-4660",16638,31,"MIRNA:000000"
"query_1",TRUE,0.0221701859365377,37,4053,17,0.00419442388354305,0.459459459459459,"MIRNA:hsa-mir-6069","MIRNA","hsa-mir-6069",16638,2086,"MIRNA:000000"
"query_1",TRUE,0.0221701859365377,926,4053,261,0.0643967431532198,0.281857451403888,"MIRNA:hsa-mir-659","MIRNA","hsa-mir-659",16638,211,"MIRNA:000000"
"query_1",TRUE,0.0221701859365377,40,4053,18,0.00444115470022206,0.45,"MIRNA:hsa-mir-451a","MIRNA","hsa-mir-451a",16638,9,"MIRNA:000000"
"query_1",TRUE,0.0221701859365377,1169,4053,324,0.079940784603997,0.27715996578272,"MIRNA:hsa-let-7e","MIRNA","hsa-let-7e",16638,830,"MIRNA:000000"
"query_1",TRUE,0.0221701859365377,1169,4053,324,0.079940784603997,0.27715996578272,"MIRNA:hsa-mir-98","MIRNA","hsa-mir-98",16638,1807,"MIRNA:000000"
"query_1",TRUE,0.0221701859365377,1169,4053,324,0.079940784603997,0.27715996578272,"MIRNA:hsa-let-7i","MIRNA","hsa-let-7i",16638,454,"MIRNA:000000"
"query_1",TRUE,0.0221701859365377,37,4053,17,0.00419442388354305,0.459459459459459,"MIRNA:hsa-mir-1287-3p","MIRNA","hsa-mir-1287-3p",16638,551,"MIRNA:000000"
"query_1",TRUE,0.0221701859365377,1169,4053,324,0.079940784603997,0.27715996578272,"MIRNA:hsa-let-7d","MIRNA","hsa-let-7d",16638,2046,"MIRNA:000000"
"query_1",TRUE,0.0221701859365377,1663,4053,451,0.11127559832223,0.271196632591702,"MIRNA:hsa-mir-181c","MIRNA","hsa-mir-181c",16638,2368,"MIRNA:000000"
"query_1",TRUE,0.0221701859365377,1169,4053,324,0.079940784603997,0.27715996578272,"MIRNA:hsa-let-7c","MIRNA","hsa-let-7c",16638,410,"MIRNA:000000"
"query_1",TRUE,0.0221701859365377,1169,4053,324,0.079940784603997,0.27715996578272,"MIRNA:hsa-let-7g","MIRNA","hsa-let-7g",16638,1229,"MIRNA:000000"
"query_1",TRUE,0.0221701859365377,1425,4053,390,0.0962250185048113,0.273684210526316,"MIRNA:hsa-mir-300","MIRNA","hsa-mir-300",16638,1953,"MIRNA:000000"
"query_1",TRUE,0.0221701859365377,1663,4053,451,0.11127559832223,0.271196632591702,"MIRNA:hsa-mir-181b","MIRNA","hsa-mir-181b",16638,1501,"MIRNA:000000"
"query_1",TRUE,0.0221701859365377,1169,4053,324,0.079940784603997,0.27715996578272,"MIRNA:hsa-let-7a","MIRNA","hsa-let-7a",16638,1391,"MIRNA:000000"
"query_1",TRUE,0.0222470787853039,510,4053,151,0.0372563533185295,0.296078431372549,"MIRNA:hsa-mir-208b","MIRNA","hsa-mir-208b",16638,794,"MIRNA:000000"
"query_1",TRUE,0.0222470787853039,510,4053,151,0.0372563533185295,0.296078431372549,"MIRNA:hsa-mir-208a","MIRNA","hsa-mir-208a",16638,412,"MIRNA:000000"
"query_1",TRUE,0.0224391384258956,946,4053,266,0.0656303972366149,0.281183932346723,"MIRNA:hsa-mir-4799-3p","MIRNA","hsa-mir-4799-3p",16638,248,"MIRNA:000000"
"query_1",TRUE,0.0224391384258956,2230,4053,595,0.146804835924007,0.266816143497758,"MIRNA:hsa-mir-607","MIRNA","hsa-mir-607",16638,985,"MIRNA:000000"
"query_1",TRUE,0.0224850117912943,668,4053,193,0.0476190476190476,0.288922155688623,"MIRNA:hsa-mir-4529-5p","MIRNA","hsa-mir-4529-5p",16638,2625,"MIRNA:000000"
"query_1",TRUE,0.0225004169580848,1344,4053,369,0.0910436713545522,0.274553571428571,"MIRNA:hsa-mir-491-5p","MIRNA","hsa-mir-491-5p",16638,2563,"MIRNA:000000"
"query_1",TRUE,0.0225296213804888,687,4053,198,0.0488527017024426,0.2882096069869,"MIRNA:hsa-mir-626","MIRNA","hsa-mir-626",16638,240,"MIRNA:000000"
"query_1",TRUE,0.0228547470092291,958,4053,269,0.0663705896866519,0.280793319415449,"MIRNA:hsa-mir-668","MIRNA","hsa-mir-668",16638,1765,"MIRNA:000000"
"query_1",TRUE,0.0231869042358919,1743,4053,471,0.116210214655811,0.270223752151463,"MIRNA:hsa-mir-3919","MIRNA","hsa-mir-3919",16638,223,"MIRNA:000000"
"query_1",TRUE,0.0232174604041182,612,4053,178,0.0439180853688626,0.290849673202614,"MIRNA:hsa-mir-382","MIRNA","hsa-mir-382",16638,2591,"MIRNA:000000"
"query_1",TRUE,0.0234800513221225,2576,4053,682,0.16827041697508,0.264751552795031,"MIRNA:hsa-mir-4459","MIRNA","hsa-mir-4459",16638,1714,"MIRNA:000000"
"query_1",TRUE,0.0235394241962776,1105,4053,307,0.075746360720454,0.277828054298643,"MIRNA:hsa-mir-3151","MIRNA","hsa-mir-3151",16638,874,"MIRNA:000000"
"query_1",TRUE,0.0235394241962776,840,4053,238,0.0587219343696028,0.283333333333333,"MIRNA:hsa-mir-3620","MIRNA","hsa-mir-3620",16638,68,"MIRNA:000000"
"query_1",TRUE,0.0235394241962776,1051,4053,293,0.0722921292869479,0.278782112274025,"MIRNA:hsa-mir-3188","MIRNA","hsa-mir-3188",16638,2942,"MIRNA:000000"
"query_1",TRUE,0.0236596031896373,1260,4053,347,0.0856155933876141,0.275396825396825,"MIRNA:hsa-mir-4263","MIRNA","hsa-mir-4263",16638,1330,"MIRNA:000000"
"query_1",TRUE,0.0236596031896373,1732,4053,468,0.115470022205774,0.270207852193995,"MIRNA:hsa-mir-495","MIRNA","hsa-mir-495",16638,3018,"MIRNA:000000"
"query_1",TRUE,0.0238788458084869,545,4053,160,0.0394769306686405,0.293577981651376,"MIRNA:hsa-mir-196b","MIRNA","hsa-mir-196b",16638,2871,"MIRNA:000000"
"query_1",TRUE,0.0238788458084869,91,4053,34,0.00838884776708611,0.373626373626374,"MIRNA:hsa-mir-215-3p","MIRNA","hsa-mir-215-3p",16638,1724,"MIRNA:000000"
"query_1",TRUE,0.0238788458084869,545,4053,160,0.0394769306686405,0.293577981651376,"MIRNA:hsa-mir-196a","MIRNA","hsa-mir-196a",16638,1818,"MIRNA:000000"
"query_1",TRUE,0.02443839135251,776,4053,221,0.0545275104860597,0.28479381443299,"MIRNA:hsa-mir-297","MIRNA","hsa-mir-297",16638,934,"MIRNA:000000"
"query_1",TRUE,0.02443839135251,1257,4053,346,0.0853688625709351,0.275258552108194,"MIRNA:hsa-mir-3154","MIRNA","hsa-mir-3154",16638,529,"MIRNA:000000"
"query_1",TRUE,0.02443839135251,700,4053,201,0.0495928941524796,0.287142857142857,"MIRNA:hsa-mir-4752","MIRNA","hsa-mir-4752",16638,431,"MIRNA:000000"
"query_1",TRUE,0.0244955776496453,1029,4053,287,0.0708117443868739,0.27891156462585,"MIRNA:hsa-mir-4677-3p","MIRNA","hsa-mir-4677-3p",16638,2771,"MIRNA:000000"
"query_1",TRUE,0.0244955776496453,1518,4053,413,0.101899827288428,0.272068511198946,"MIRNA:hsa-mir-4646-5p","MIRNA","hsa-mir-4646-5p",16638,1023,"MIRNA:000000"
"query_1",TRUE,0.0244955776496453,841,4053,238,0.0587219343696028,0.282996432818074,"MIRNA:hsa-mir-4699-5p","MIRNA","hsa-mir-4699-5p",16638,242,"MIRNA:000000"
"query_1",TRUE,0.0245147428751991,1405,4053,384,0.0947446336047372,0.273309608540925,"MIRNA:hsa-mir-873","MIRNA","hsa-mir-873",16638,2076,"MIRNA:000000"
"query_1",TRUE,0.0245147428751991,1265,4053,348,0.0858623242042931,0.275098814229249,"MIRNA:hsa-mir-3184","MIRNA","hsa-mir-3184",16638,1373,"MIRNA:000000"
"query_1",TRUE,0.0245515915003373,1612,4053,437,0.107821366888724,0.271091811414392,"MIRNA:hsa-mir-4735-5p","MIRNA","hsa-mir-4735-5p",16638,2608,"MIRNA:000000"
"query_1",TRUE,0.025345910098293,1328,4053,364,0.0898100172711572,0.274096385542169,"MIRNA:hsa-mir-4531","MIRNA","hsa-mir-4531",16638,2067,"MIRNA:000000"
"query_1",TRUE,0.025345910098293,1053,4053,293,0.0722921292869479,0.278252611585945,"MIRNA:hsa-mir-889","MIRNA","hsa-mir-889",16638,2847,"MIRNA:000000"
"query_1",TRUE,0.025345910098293,697,4053,200,0.0493461633358006,0.286944045911047,"MIRNA:hsa-mir-891b","MIRNA","hsa-mir-891b",16638,2020,"MIRNA:000000"
"query_1",TRUE,0.0253935807806454,838,4053,237,0.0584752035529238,0.282816229116945,"MIRNA:hsa-mir-28-5p","MIRNA","hsa-mir-28-5p",16638,453,"MIRNA:000000"
"query_1",TRUE,0.0255005201339697,980,4053,274,0.0676042437700469,0.279591836734694,"MIRNA:hsa-mir-4680-5p","MIRNA","hsa-mir-4680-5p",16638,2904,"MIRNA:000000"
"query_1",TRUE,0.0257485336466736,1278,4053,351,0.0866025166543301,0.274647887323944,"MIRNA:hsa-mir-576-5p","MIRNA","hsa-mir-576-5p",16638,2445,"MIRNA:000000"
"query_1",TRUE,0.0257485336466736,743,4053,212,0.0523069331359487,0.285329744279946,"MIRNA:hsa-mir-4760-5p","MIRNA","hsa-mir-4760-5p",16638,680,"MIRNA:000000"
"query_1",TRUE,0.0257485336466736,1011,4053,282,0.0695780903034789,0.27893175074184,"MIRNA:hsa-mir-4511","MIRNA","hsa-mir-4511",16638,2791,"MIRNA:000000"
"query_1",TRUE,0.0261768068185409,1606,4053,435,0.107327905255366,0.270859277708593,"MIRNA:hsa-mir-4291","MIRNA","hsa-mir-4291",16638,1609,"MIRNA:000000"
"query_1",TRUE,0.0263944588151738,1139,4053,315,0.077720207253886,0.276558384547849,"MIRNA:hsa-mir-4525","MIRNA","hsa-mir-4525",16638,45,"MIRNA:000000"
"query_1",TRUE,0.0265877369382231,1454,4053,396,0.0977054034048853,0.272352132049519,"MIRNA:hsa-mir-4723-5p","MIRNA","hsa-mir-4723-5p",16638,2512,"MIRNA:000000"
"query_1",TRUE,0.0266395628812008,547,4053,160,0.0394769306686405,0.292504570383912,"MIRNA:hsa-mir-515-3p","MIRNA","hsa-mir-515-3p",16638,1676,"MIRNA:000000"
"query_1",TRUE,0.0266395628812008,1732,4053,467,0.115223291389094,0.269630484988453,"MIRNA:hsa-mir-498","MIRNA","hsa-mir-498",16638,2739,"MIRNA:000000"
"query_1",TRUE,0.0267962347500569,683,4053,196,0.0483592400690846,0.28696925329429,"MIRNA:hsa-mir-4772-5p","MIRNA","hsa-mir-4772-5p",16638,155,"MIRNA:000000"
"query_1",TRUE,0.0268156681429376,962,4053,269,0.0663705896866519,0.27962577962578,"MIRNA:hsa-mir-4273","MIRNA","hsa-mir-4273",16638,2428,"MIRNA:000000"
"query_1",TRUE,0.0269630294585787,1517,4053,412,0.101653096471749,0.271588661832564,"MIRNA:hsa-mir-3124-3p","MIRNA","hsa-mir-3124-3p",16638,2561,"MIRNA:000000"
"query_1",TRUE,0.0271455297318729,1615,4053,437,0.107821366888724,0.270588235294118,"MIRNA:hsa-mir-4446-5p","MIRNA","hsa-mir-4446-5p",16638,1180,"MIRNA:000000"
"query_1",TRUE,0.0271485051816658,129,4053,45,0.0111028867505551,0.348837209302326,"MIRNA:hsa-mir-525-3p","MIRNA","hsa-mir-525-3p",16638,62,"MIRNA:000000"
"query_1",TRUE,0.0273771666230281,1001,4053,279,0.0688378978534419,0.278721278721279,"MIRNA:hsa-mir-3189-3p","MIRNA","hsa-mir-3189-3p",16638,2277,"MIRNA:000000"
"query_1",TRUE,0.0274630807056917,92,4053,34,0.00838884776708611,0.369565217391304,"MIRNA:hsa-mir-1306","MIRNA","hsa-mir-1306",16638,347,"MIRNA:000000"
"query_1",TRUE,0.0274975148085347,1914,4053,513,0.126572908956329,0.268025078369906,"MIRNA:hsa-mir-570","MIRNA","hsa-mir-570",16638,2017,"MIRNA:000000"
"query_1",TRUE,0.0274975148085347,676,4053,194,0.0478657784357266,0.28698224852071,"MIRNA:hsa-mir-383","MIRNA","hsa-mir-383",16638,2181,"MIRNA:000000"
"query_1",TRUE,0.0281217978740731,1102,4053,305,0.075252899087096,0.276769509981851,"MIRNA:hsa-mir-4710","MIRNA","hsa-mir-4710",16638,2468,"MIRNA:000000"
"query_1",TRUE,0.028142878147398,1261,4053,346,0.0853688625709351,0.274385408406027,"MIRNA:hsa-mir-3064-5p","MIRNA","hsa-mir-3064-5p",16638,552,"MIRNA:000000"
"query_1",TRUE,0.0284487048429595,707,4053,202,0.0498396249691586,0.285714285714286,"MIRNA:hsa-mir-4751","MIRNA","hsa-mir-4751",16638,2369,"MIRNA:000000"
"query_1",TRUE,0.028979828540582,983,4053,274,0.0676042437700469,0.278738555442523,"MIRNA:hsa-mir-4769-3p","MIRNA","hsa-mir-4769-3p",16638,2350,"MIRNA:000000"
"query_1",TRUE,0.0290597515587952,799,4053,226,0.0557611645694547,0.282853566958698,"MIRNA:hsa-mir-769-3p","MIRNA","hsa-mir-769-3p",16638,580,"MIRNA:000000"
"query_1",TRUE,0.0290597515587952,1223,4053,336,0.0829015544041451,0.274734260016353,"MIRNA:hsa-mir-593","MIRNA","hsa-mir-593",16638,2573,"MIRNA:000000"
"query_1",TRUE,0.0290597515587952,776,4053,220,0.0542807796693807,0.283505154639175,"MIRNA:hsa-mir-4289","MIRNA","hsa-mir-4289",16638,1850,"MIRNA:000000"
"query_1",TRUE,0.0290597515587952,1254,4053,344,0.0848754009375771,0.274322169059011,"MIRNA:hsa-mir-4468","MIRNA","hsa-mir-4468",16638,25,"MIRNA:000000"
"query_1",TRUE,0.0290597515587952,133,4053,46,0.0113496175672341,0.345864661654135,"MIRNA:hsa-mir-6818-5p","MIRNA","hsa-mir-6818-5p",16638,821,"MIRNA:000000"
"query_1",TRUE,0.0291619204616511,868,4053,244,0.0602023192696768,0.28110599078341,"MIRNA:hsa-mir-20b-5p","MIRNA","hsa-mir-20b-5p",16638,633,"MIRNA:000000"
"query_1",TRUE,0.0291928060013571,485,4053,143,0.0352825067850975,0.294845360824742,"MIRNA:hsa-mir-3117-3p","MIRNA","hsa-mir-3117-3p",16638,1472,"MIRNA:000000"
"query_1",TRUE,0.0294296293985519,1508,4053,409,0.100912904021712,0.271220159151194,"MIRNA:hsa-mir-3942-3p","MIRNA","hsa-mir-3942-3p",16638,789,"MIRNA:000000"
"query_1",TRUE,0.0294296293985519,1598,4053,432,0.106587712805329,0.270337922403004,"MIRNA:hsa-mir-548t","MIRNA","hsa-mir-548t",16638,867,"MIRNA:000000"
"query_1",TRUE,0.0294772752575068,1057,4053,293,0.0722921292869479,0.277199621570483,"MIRNA:hsa-mir-767-3p","MIRNA","hsa-mir-767-3p",16638,2352,"MIRNA:000000"
"query_1",TRUE,0.0294772752575068,189,4053,62,0.0152973106340982,0.328042328042328,"MIRNA:hsa-mir-6892-3p","MIRNA","hsa-mir-6892-3p",16638,272,"MIRNA:000000"
"query_1",TRUE,0.0298143772314122,106,4053,38,0.00937577103380212,0.358490566037736,"MIRNA:hsa-mir-138-5p","MIRNA","hsa-mir-138-5p",16638,738,"MIRNA:000000"
"query_1",TRUE,0.0298778195058748,838,4053,236,0.0582284727362448,0.281622911694511,"MIRNA:hsa-mir-548ai","MIRNA","hsa-mir-548ai",16638,203,"MIRNA:000000"
"query_1",TRUE,0.0298778195058748,1189,4053,327,0.080680977054034,0.27502102607233,"MIRNA:hsa-mir-3664-5p","MIRNA","hsa-mir-3664-5p",16638,1111,"MIRNA:000000"
"query_1",TRUE,0.0301988296539118,1046,4053,290,0.0715519368369109,0.277246653919694,"MIRNA:hsa-mir-217","MIRNA","hsa-mir-217",16638,2030,"MIRNA:000000"
"query_1",TRUE,0.0302057447858789,1548,4053,419,0.103380212188502,0.270671834625323,"MIRNA:hsa-mir-3664-3p","MIRNA","hsa-mir-3664-3p",16638,2003,"MIRNA:000000"
"query_1",TRUE,0.0304493814455633,1513,4053,410,0.101159634838391,0.270984798413748,"MIRNA:hsa-mir-4668-3p","MIRNA","hsa-mir-4668-3p",16638,2703,"MIRNA:000000"
"query_1",TRUE,0.0308044204877204,808,4053,228,0.0562546262028127,0.282178217821782,"MIRNA:hsa-mir-892b","MIRNA","hsa-mir-892b",16638,2824,"MIRNA:000000"
"query_1",TRUE,0.0308077458617574,1217,4053,334,0.0824080927707871,0.274445357436319,"MIRNA:hsa-mir-4302","MIRNA","hsa-mir-4302",16638,2581,"MIRNA:000000"
"query_1",TRUE,0.0309934878902934,334,4053,102,0.0251665433012583,0.305389221556886,"MIRNA:hsa-mir-130b-5p","MIRNA","hsa-mir-130b-5p",16638,1280,"MIRNA:000000"
"query_1",TRUE,0.0314136177197055,434,4053,129,0.0318282753515914,0.297235023041475,"MIRNA:hsa-mir-4649-5p","MIRNA","hsa-mir-4649-5p",16638,2163,"MIRNA:000000"
"query_1",TRUE,0.0314893846275133,120,4053,42,0.0103626943005181,0.35,"MIRNA:hsa-mir-1277","MIRNA","hsa-mir-1277",16638,2759,"MIRNA:000000"
"query_1",TRUE,0.0321587854246225,1121,4053,309,0.076239822353812,0.275646743978591,"MIRNA:hsa-mir-2467-5p","MIRNA","hsa-mir-2467-5p",16638,3016,"MIRNA:000000"
"query_1",TRUE,0.0321587854246225,127,4053,44,0.0108561559338761,0.346456692913386,"MIRNA:hsa-mir-524-3p","MIRNA","hsa-mir-524-3p",16638,3010,"MIRNA:000000"
"query_1",TRUE,0.0324012116708958,2537,4053,669,0.165062916358253,0.263697280252266,"MIRNA:hsa-mir-940","MIRNA","hsa-mir-940",16638,1455,"MIRNA:000000"
"query_1",TRUE,0.0324012116708958,1129,4053,311,0.07673328398717,0.275465013286094,"MIRNA:hsa-mir-488","MIRNA","hsa-mir-488",16638,2351,"MIRNA:000000"
"query_1",TRUE,0.0324103328062086,687,4053,196,0.0483592400690846,0.285298398835517,"MIRNA:hsa-mir-1273g","MIRNA","hsa-mir-1273g",16638,2900,"MIRNA:000000"
"query_1",TRUE,0.0324103328062086,1230,4053,337,0.0831482852208241,0.273983739837398,"MIRNA:hsa-mir-3925-3p","MIRNA","hsa-mir-3925-3p",16638,1008,"MIRNA:000000"
"query_1",TRUE,0.0324760987839707,909,4053,254,0.0626696274364668,0.279427942794279,"MIRNA:hsa-mir-4721","MIRNA","hsa-mir-4721",16638,1461,"MIRNA:000000"
"query_1",TRUE,0.0328298042284405,1316,4053,359,0.0885763631877622,0.272796352583587,"MIRNA:hsa-mir-942","MIRNA","hsa-mir-942",16638,1145,"MIRNA:000000"
"query_1",TRUE,0.0328377402574927,1176,4053,323,0.079694053787318,0.274659863945578,"MIRNA:hsa-mir-3183","MIRNA","hsa-mir-3183",16638,1687,"MIRNA:000000"
"query_1",TRUE,0.0329740503869103,1932,4053,516,0.127313101406366,0.267080745341615,"MIRNA:hsa-mir-4279","MIRNA","hsa-mir-4279",16638,1910,"MIRNA:000000"
"query_1",TRUE,0.0336995235902486,983,4053,273,0.0673575129533679,0.277721261444557,"MIRNA:hsa-mir-31","MIRNA","hsa-mir-31",16638,484,"MIRNA:000000"
"query_1",TRUE,0.0337889221106721,684,4053,195,0.0481125092524056,0.285087719298246,"MIRNA:hsa-mir-877","MIRNA","hsa-mir-877",16638,615,"MIRNA:000000"
"query_1",TRUE,0.0338467103588026,1076,4053,297,0.073279052553664,0.276022304832714,"MIRNA:hsa-mir-212","MIRNA","hsa-mir-212",16638,1091,"MIRNA:000000"
"query_1",TRUE,0.0338467103588026,1076,4053,297,0.073279052553664,0.276022304832714,"MIRNA:hsa-mir-132","MIRNA","hsa-mir-132",16638,2401,"MIRNA:000000"
"query_1",TRUE,0.0338467103588026,814,4053,229,0.0565013570194917,0.281326781326781,"MIRNA:hsa-mir-3139","MIRNA","hsa-mir-3139",16638,536,"MIRNA:000000"
"query_1",TRUE,0.0338467103588026,1313,4053,358,0.0883296323710831,0.272658035034273,"MIRNA:hsa-mir-4635","MIRNA","hsa-mir-4635",16638,2162,"MIRNA:000000"
"query_1",TRUE,0.0338977515492376,650,4053,186,0.0458919319022946,0.286153846153846,"MIRNA:hsa-mir-3976","MIRNA","hsa-mir-3976",16638,2212,"MIRNA:000000"
"query_1",TRUE,0.0338977515492376,650,4053,186,0.0458919319022946,0.286153846153846,"MIRNA:hsa-mir-328","MIRNA","hsa-mir-328",16638,2029,"MIRNA:000000"
"query_1",TRUE,0.0339010489323658,1177,4053,323,0.079694053787318,0.274426508071368,"MIRNA:hsa-mir-4723-3p","MIRNA","hsa-mir-4723-3p",16638,456,"MIRNA:000000"
"query_1",TRUE,0.0345729841681552,354,4053,107,0.0264001973846533,0.30225988700565,"MIRNA:hsa-mir-1911","MIRNA","hsa-mir-1911",16638,1792,"MIRNA:000000"
"query_1",TRUE,0.0345790947758921,1302,4053,355,0.0875894399210461,0.272657450076805,"MIRNA:hsa-mir-320d","MIRNA","hsa-mir-320d",16638,1826,"MIRNA:000000"
"query_1",TRUE,0.0347666767729096,39,4053,17,0.00419442388354305,0.435897435897436,"MIRNA:hsa-mir-6767-3p","MIRNA","hsa-mir-6767-3p",16638,1783,"MIRNA:000000"
"query_1",TRUE,0.0347666767729096,380,4053,114,0.0281273131014064,0.3,"MIRNA:hsa-mir-204-5p","MIRNA","hsa-mir-204-5p",16638,483,"MIRNA:000000"
"query_1",TRUE,0.0350750069638926,241,4053,76,0.0187515420676042,0.315352697095436,"MIRNA:hsa-mir-5006-3p","MIRNA","hsa-mir-5006-3p",16638,2241,"MIRNA:000000"
"query_1",TRUE,0.0351502952133067,395,4053,118,0.0291142363681224,0.29873417721519,"MIRNA:hsa-mir-509-3p","MIRNA","hsa-mir-509-3p",16638,1069,"MIRNA:000000"
"query_1",TRUE,0.0352433554974609,838,4053,235,0.0579817419195658,0.280429594272076,"MIRNA:hsa-mir-548ag","MIRNA","hsa-mir-548ag",16638,1650,"MIRNA:000000"
"query_1",TRUE,0.0358662323438495,1303,4053,355,0.0875894399210461,0.272448196469685,"MIRNA:hsa-mir-4429","MIRNA","hsa-mir-4429",16638,462,"MIRNA:000000"
"query_1",TRUE,0.0360001565449181,515,4053,150,0.0370096225018505,0.29126213592233,"MIRNA:hsa-mir-4796-5p","MIRNA","hsa-mir-4796-5p",16638,2072,"MIRNA:000000"
"query_1",TRUE,0.0365184715154995,1362,4053,370,0.0912904021712312,0.271659324522761,"MIRNA:hsa-mir-1913","MIRNA","hsa-mir-1913",16638,805,"MIRNA:000000"
"query_1",TRUE,0.0367279543635208,1082,4053,298,0.073525783370343,0.275415896487985,"MIRNA:hsa-mir-522","MIRNA","hsa-mir-522",16638,1994,"MIRNA:000000"
"query_1",TRUE,0.0367279543635208,1503,4053,406,0.100172711571675,0.270126413838989,"MIRNA:hsa-mir-4666-3p","MIRNA","hsa-mir-4666-3p",16638,390,"MIRNA:000000"
"query_1",TRUE,0.0369614224028975,1731,4053,464,0.114483098939057,0.268053148469093,"MIRNA:hsa-mir-4726-3p","MIRNA","hsa-mir-4726-3p",16638,2223,"MIRNA:000000"
"query_1",TRUE,0.0369614224028975,839,4053,235,0.0579817419195658,0.280095351609058,"MIRNA:hsa-mir-567","MIRNA","hsa-mir-567",16638,334,"MIRNA:000000"
"query_1",TRUE,0.036979874156405,1382,4053,375,0.0925240562546262,0.271345875542692,"MIRNA:hsa-mir-381","MIRNA","hsa-mir-381",16638,2518,"MIRNA:000000"
"query_1",TRUE,0.0371977968973663,820,4053,230,0.0567480878361707,0.280487804878049,"MIRNA:hsa-mir-1229","MIRNA","hsa-mir-1229",16638,2347,"MIRNA:000000"
"query_1",TRUE,0.0372954325401044,690,4053,196,0.0483592400690846,0.284057971014493,"MIRNA:hsa-mir-4650-3p","MIRNA","hsa-mir-4650-3p",16638,1559,"MIRNA:000000"
"query_1",TRUE,0.0373209717080373,2706,4053,710,0.175178879842092,0.262379896526238,"MIRNA:hsa-mir-4775","MIRNA","hsa-mir-4775",16638,2863,"MIRNA:000000"
"query_1",TRUE,0.037392645138751,1539,4053,415,0.102393288921786,0.269655620532814,"MIRNA:hsa-mir-324-3p","MIRNA","hsa-mir-324-3p",16638,1775,"MIRNA:000000"
"query_1",TRUE,0.0375471209358251,736,4053,208,0.0513200098692327,0.282608695652174,"MIRNA:hsa-mir-770-5p","MIRNA","hsa-mir-770-5p",16638,2346,"MIRNA:000000"
"query_1",TRUE,0.0377646041964209,531,4053,154,0.0379965457685665,0.290018832391714,"MIRNA:hsa-mir-550b","MIRNA","hsa-mir-550b",16638,2883,"MIRNA:000000"
"query_1",TRUE,0.0380000435278808,859,4053,240,0.0592153960029608,0.279394644935972,"MIRNA:hsa-mir-519d-3p","MIRNA","hsa-mir-519d-3p",16638,2838,"MIRNA:000000"
"query_1",TRUE,0.0380000435278808,1184,4053,324,0.079940784603997,0.273648648648649,"MIRNA:hsa-mir-1293","MIRNA","hsa-mir-1293",16638,2523,"MIRNA:000000"
"query_1",TRUE,0.0380102266892147,790,4053,222,0.0547742413027387,0.281012658227848,"MIRNA:hsa-mir-4792","MIRNA","hsa-mir-4792",16638,1181,"MIRNA:000000"
"query_1",TRUE,0.0380102266892147,1744,4053,467,0.115223291389094,0.267775229357798,"MIRNA:hsa-mir-26b-5p","MIRNA","hsa-mir-26b-5p",16638,681,"MIRNA:000000"
"query_1",TRUE,0.0380102266892147,1223,4053,334,0.0824080927707871,0.273098937040065,"MIRNA:hsa-mir-4261","MIRNA","hsa-mir-4261",16638,2890,"MIRNA:000000"
"query_1",TRUE,0.0380102266892147,813,4053,228,0.0562546262028127,0.280442804428044,"MIRNA:hsa-mir-520f","MIRNA","hsa-mir-520f",16638,2292,"MIRNA:000000"
"query_1",TRUE,0.0383718219192613,1130,4053,310,0.076486553170491,0.274336283185841,"MIRNA:hsa-mir-4272","MIRNA","hsa-mir-4272",16638,2894,"MIRNA:000000"
"query_1",TRUE,0.0383718219192613,1540,4053,415,0.102393288921786,0.269480519480519,"MIRNA:hsa-mir-587","MIRNA","hsa-mir-587",16638,2204,"MIRNA:000000"
"query_1",TRUE,0.0384064952106723,729,4053,206,0.0508265482358747,0.282578875171468,"MIRNA:hsa-mir-4471","MIRNA","hsa-mir-4471",16638,714,"MIRNA:000000"
"query_1",TRUE,0.0384954292298582,1103,4053,303,0.074759437453738,0.274705349048051,"MIRNA:hsa-mir-580","MIRNA","hsa-mir-580",16638,742,"MIRNA:000000"
"query_1",TRUE,0.0384954292298582,1321,4053,359,0.0885763631877622,0.271763815291446,"MIRNA:hsa-mir-320c","MIRNA","hsa-mir-320c",16638,2172,"MIRNA:000000"
"query_1",TRUE,0.0387804767601708,434,4053,128,0.0315815445349124,0.294930875576037,"MIRNA:hsa-mir-4776-5p","MIRNA","hsa-mir-4776-5p",16638,955,"MIRNA:000000"
"query_1",TRUE,0.0391333587843804,856,4053,239,0.0589686651862818,0.279205607476636,"MIRNA:hsa-mir-657","MIRNA","hsa-mir-657",16638,2815,"MIRNA:000000"
"query_1",TRUE,0.0393394588521629,860,4053,240,0.0592153960029608,0.27906976744186,"MIRNA:hsa-mir-3074-3p","MIRNA","hsa-mir-3074-3p",16638,358,"MIRNA:000000"
"query_1",TRUE,0.0393394588521629,860,4053,240,0.0592153960029608,0.27906976744186,"MIRNA:hsa-mir-4638-3p","MIRNA","hsa-mir-4638-3p",16638,902,"MIRNA:000000"
"query_1",TRUE,0.0395091097386161,1443,4053,390,0.0962250185048113,0.27027027027027,"MIRNA:hsa-mir-450b-5p","MIRNA","hsa-mir-450b-5p",16638,659,"MIRNA:000000"
"query_1",TRUE,0.0396326986503936,891,4053,248,0.0611892425363928,0.278338945005612,"MIRNA:hsa-mir-3922-5p","MIRNA","hsa-mir-3922-5p",16638,1622,"MIRNA:000000"
"query_1",TRUE,0.03979417419091,726,4053,205,0.0505798174191957,0.28236914600551,"MIRNA:hsa-mir-4712-5p","MIRNA","hsa-mir-4712-5p",16638,1340,"MIRNA:000000"
"query_1",TRUE,0.0400653544611889,1213,4053,331,0.0816679003207501,0.272877164056059,"MIRNA:hsa-mir-19b","MIRNA","hsa-mir-19b",16638,1387,"MIRNA:000000"
"query_1",TRUE,0.0400653544611889,1213,4053,331,0.0816679003207501,0.272877164056059,"MIRNA:hsa-mir-19a","MIRNA","hsa-mir-19a",16638,771,"MIRNA:000000"
"query_1",TRUE,0.0402861688851819,1182,4053,323,0.079694053787318,0.27326565143824,"MIRNA:hsa-mir-4483","MIRNA","hsa-mir-4483",16638,2836,"MIRNA:000000"
"query_1",TRUE,0.0407878529689125,1233,4053,336,0.0829015544041451,0.272506082725061,"MIRNA:hsa-mir-3688-3p","MIRNA","hsa-mir-3688-3p",16638,1944,"MIRNA:000000"
"query_1",TRUE,0.0407878529689125,1124,4053,308,0.075993091537133,0.274021352313167,"MIRNA:hsa-mir-4443","MIRNA","hsa-mir-4443",16638,2898,"MIRNA:000000"
"query_1",TRUE,0.0407878529689125,1027,4053,283,0.0698248211201579,0.27555988315482,"MIRNA:hsa-mir-1470","MIRNA","hsa-mir-1470",16638,1240,"MIRNA:000000"
"query_1",TRUE,0.0411120126477517,1035,4053,285,0.0703182827535159,0.27536231884058,"MIRNA:hsa-mir-642a","MIRNA","hsa-mir-642a",16638,1679,"MIRNA:000000"
"query_1",TRUE,0.0411120126477517,582,4053,167,0.0412040463853935,0.286941580756014,"MIRNA:hsa-mir-190b","MIRNA","hsa-mir-190b",16638,1119,"MIRNA:000000"
"query_1",TRUE,0.0411120126477517,946,4053,262,0.0646434739698988,0.276955602536998,"MIRNA:hsa-mir-3121-5p","MIRNA","hsa-mir-3121-5p",16638,1003,"MIRNA:000000"
"query_1",TRUE,0.0412939276954785,1468,4053,396,0.0977054034048853,0.269754768392371,"MIRNA:hsa-mir-4310","MIRNA","hsa-mir-4310",16638,3014,"MIRNA:000000"
"query_1",TRUE,0.0412939276954785,175,4053,57,0.0140636565507032,0.325714285714286,"MIRNA:hsa-mir-2276-5p","MIRNA","hsa-mir-2276-5p",16638,123,"MIRNA:000000"
"query_1",TRUE,0.0413938773048218,309,4053,94,0.0231926967678263,0.3042071197411,"MIRNA:hsa-mir-9-5p","MIRNA","hsa-mir-9-5p",16638,2595,"MIRNA:000000"
"query_1",TRUE,0.0413938773048218,773,4053,217,0.0535405872193437,0.280724450194049,"MIRNA:hsa-mir-4790-3p","MIRNA","hsa-mir-4790-3p",16638,49,"MIRNA:000000"
"query_1",TRUE,0.0413938773048218,624,4053,178,0.0439180853688626,0.28525641025641,"MIRNA:hsa-mir-4687-5p","MIRNA","hsa-mir-4687-5p",16638,1227,"MIRNA:000000"
"query_1",TRUE,0.0415898272361859,666,4053,189,0.0466321243523316,0.283783783783784,"MIRNA:hsa-mir-491-3p","MIRNA","hsa-mir-491-3p",16638,1923,"MIRNA:000000"
"query_1",TRUE,0.0416834504650342,1020,4053,281,0.0693313594867999,0.275490196078431,"MIRNA:hsa-mir-1587","MIRNA","hsa-mir-1587",16638,2022,"MIRNA:000000"
"query_1",TRUE,0.0417865958722633,1230,4053,335,0.0826548235874661,0.272357723577236,"MIRNA:hsa-mir-4428","MIRNA","hsa-mir-4428",16638,1194,"MIRNA:000000"
"query_1",TRUE,0.0420869385631892,229,4053,72,0.0177646188008882,0.314410480349345,"MIRNA:hsa-mir-132-3p","MIRNA","hsa-mir-132-3p",16638,1084,"MIRNA:000000"
"query_1",TRUE,0.0421348211499008,808,4053,226,0.0557611645694547,0.27970297029703,"MIRNA:hsa-mir-199a-3p","MIRNA","hsa-mir-199a-3p",16638,1208,"MIRNA:000000"
"query_1",TRUE,0.0422450069891441,1469,4053,396,0.0977054034048853,0.269571136827774,"MIRNA:hsa-mir-2110","MIRNA","hsa-mir-2110",16638,588,"MIRNA:000000"
"query_1",TRUE,0.0422450069891441,1371,4053,371,0.0915371329879102,0.270605397520058,"MIRNA:hsa-mir-4691-5p","MIRNA","hsa-mir-4691-5p",16638,1127,"MIRNA:000000"
"query_1",TRUE,0.0422450069891441,280,4053,86,0.0212188502343943,0.307142857142857,"MIRNA:hsa-mir-372-5p","MIRNA","hsa-mir-372-5p",16638,2642,"MIRNA:000000"
"query_1",TRUE,0.0422450069891441,1137,4053,311,0.07673328398717,0.273526824978012,"MIRNA:hsa-mir-4470","MIRNA","hsa-mir-4470",16638,2112,"MIRNA:000000"
"query_1",TRUE,0.0422450069891441,1375,4053,372,0.0917838638045892,0.270545454545455,"MIRNA:hsa-mir-1260b","MIRNA","hsa-mir-1260b",16638,351,"MIRNA:000000"
"query_1",TRUE,0.0422961244836135,617,4053,176,0.0434246237355046,0.285251215559157,"MIRNA:hsa-mir-3943","MIRNA","hsa-mir-3943",16638,2434,"MIRNA:000000"
"query_1",TRUE,0.0424502390960984,1532,4053,412,0.101653096471749,0.268929503916449,"MIRNA:hsa-mir-4700-5p","MIRNA","hsa-mir-4700-5p",16638,1514,"MIRNA:000000"
"query_1",TRUE,0.0428501168941243,1266,4053,344,0.0848754009375771,0.27172195892575,"MIRNA:hsa-mir-4458","MIRNA","hsa-mir-4458",16638,2873,"MIRNA:000000"
"query_1",TRUE,0.0431497001723751,851,4053,237,0.0584752035529238,0.278495887191539,"MIRNA:hsa-mir-3144-5p","MIRNA","hsa-mir-3144-5p",16638,2265,"MIRNA:000000"
"query_1",TRUE,0.0437576288708232,1208,4053,329,0.0811744386873921,0.272350993377483,"MIRNA:hsa-mir-544","MIRNA","hsa-mir-544",16638,2256,"MIRNA:000000"
"query_1",TRUE,0.0437805783246889,2363,4053,622,0.15346656797434,0.26322471434617,"MIRNA:hsa-mir-4731-5p","MIRNA","hsa-mir-4731-5p",16638,1998,"MIRNA:000000"
"query_1",TRUE,0.0442640663815498,208,4053,66,0.0162842339008142,0.317307692307692,"MIRNA:hsa-mir-6881-3p","MIRNA","hsa-mir-6881-3p",16638,777,"MIRNA:000000"
"query_1",TRUE,0.0445094854960918,1267,4053,344,0.0848754009375771,0.271507498026835,"MIRNA:hsa-mir-4500","MIRNA","hsa-mir-4500",16638,1615,"MIRNA:000000"
"query_1",TRUE,0.0448449690051561,1326,4053,359,0.0885763631877622,0.270739064856712,"MIRNA:hsa-mir-30b","MIRNA","hsa-mir-30b",16638,1643,"MIRNA:000000"
"query_1",TRUE,0.0448449690051561,798,4053,223,0.0550209721194177,0.279448621553885,"MIRNA:hsa-mir-708","MIRNA","hsa-mir-708",16638,1230,"MIRNA:000000"
"query_1",TRUE,0.0448449690051561,1326,4053,359,0.0885763631877622,0.270739064856712,"MIRNA:hsa-mir-30a","MIRNA","hsa-mir-30a",16638,2556,"MIRNA:000000"
"query_1",TRUE,0.0448449690051561,1326,4053,359,0.0885763631877622,0.270739064856712,"MIRNA:hsa-mir-30c","MIRNA","hsa-mir-30c",16638,427,"MIRNA:000000"
"query_1",TRUE,0.0448449690051561,1326,4053,359,0.0885763631877622,0.270739064856712,"MIRNA:hsa-mir-30e","MIRNA","hsa-mir-30e",16638,667,"MIRNA:000000"
"query_1",TRUE,0.0448449690051561,1326,4053,359,0.0885763631877622,0.270739064856712,"MIRNA:hsa-mir-30d","MIRNA","hsa-mir-30d",16638,1335,"MIRNA:000000"
"query_1",TRUE,0.0448685555722085,1845,4053,491,0.121144830989391,0.266124661246612,"MIRNA:hsa-mir-548s","MIRNA","hsa-mir-548s",16638,662,"MIRNA:000000"
"query_1",TRUE,0.0448874908765207,802,4053,224,0.0552677029360967,0.27930174563591,"MIRNA:hsa-mir-4463","MIRNA","hsa-mir-4463",16638,2915,"MIRNA:000000"
"query_1",TRUE,0.045058103930099,2651,4053,694,0.171231186775228,0.261788004526594,"MIRNA:hsa-mir-1827","MIRNA","hsa-mir-1827",16638,2432,"MIRNA:000000"
"query_1",TRUE,0.0450763432122644,941,4053,260,0.0641500123365408,0.276301806588735,"MIRNA:hsa-mir-4716-3p","MIRNA","hsa-mir-4716-3p",16638,2902,"MIRNA:000000"
"query_1",TRUE,0.0453565003832623,1007,4053,277,0.0683444362200839,0.275074478649454,"MIRNA:hsa-mir-3685","MIRNA","hsa-mir-3685",16638,2000,"MIRNA:000000"
"query_1",TRUE,0.0453565003832623,1303,4053,353,0.0870959782876881,0.270913277052955,"MIRNA:hsa-mir-4733-3p","MIRNA","hsa-mir-4733-3p",16638,343,"MIRNA:000000"
"query_1",TRUE,0.0460078021240241,53,4053,21,0.00518134715025907,0.39622641509434,"MIRNA:hsa-mir-651-5p","MIRNA","hsa-mir-651-5p",16638,542,"MIRNA:000000"
"query_1",TRUE,0.0460224533058601,1842,4053,490,0.120898100172712,0.266015200868621,"MIRNA:hsa-mir-3202","MIRNA","hsa-mir-3202",16638,1225,"MIRNA:000000"
"query_1",TRUE,0.0461702131467288,285,4053,87,0.0214655810510733,0.305263157894737,"MIRNA:hsa-mir-203a-3p","MIRNA","hsa-mir-203a-3p",16638,550,"MIRNA:000000"
"query_1",TRUE,0.0462506322815531,1378,4053,372,0.0917838638045892,0.269956458635704,"MIRNA:hsa-mir-1275","MIRNA","hsa-mir-1275",16638,578,"MIRNA:000000"
"query_1",TRUE,0.0462506322815531,1531,4053,411,0.10140636565507,0.268451992161986,"MIRNA:hsa-mir-4667-5p","MIRNA","hsa-mir-4667-5p",16638,1623,"MIRNA:000000"
"query_1",TRUE,0.0462506322815531,1167,4053,318,0.078460399703923,0.272493573264781,"MIRNA:hsa-mir-514b-5p","MIRNA","hsa-mir-514b-5p",16638,447,"MIRNA:000000"
"query_1",TRUE,0.0468176364541257,103,4053,36,0.00888230940044412,0.349514563106796,"MIRNA:hsa-mir-6819-3p","MIRNA","hsa-mir-6819-3p",16638,1059,"MIRNA:000000"
"query_1",TRUE,0.0468945815243613,1039,4053,285,0.0703182827535159,0.274302213666987,"MIRNA:hsa-mir-106b-5p","MIRNA","hsa-mir-106b-5p",16638,320,"MIRNA:000000"
"query_1",TRUE,0.0468945815243613,566,4053,162,0.0399703923019985,0.286219081272085,"MIRNA:hsa-mir-1281","MIRNA","hsa-mir-1281",16638,2825,"MIRNA:000000"
"query_1",TRUE,0.0470289245627477,1148,4053,313,0.077226745620528,0.272648083623693,"MIRNA:hsa-mir-4639-3p","MIRNA","hsa-mir-4639-3p",16638,1899,"MIRNA:000000"
"query_1",TRUE,0.0476633707163206,631,4053,179,0.0441648161855416,0.283676703645008,"MIRNA:hsa-mir-1261","MIRNA","hsa-mir-1261",16638,566,"MIRNA:000000"
"query_1",TRUE,0.0476771624886588,1375,4053,371,0.0915371329879102,0.269818181818182,"MIRNA:hsa-mir-4665-5p","MIRNA","hsa-mir-4665-5p",16638,241,"MIRNA:000000"
"query_1",TRUE,0.0478420224270378,574,4053,164,0.0404638539353565,0.285714285714286,"MIRNA:hsa-mir-711","MIRNA","hsa-mir-711",16638,946,"MIRNA:000000"
"query_1",TRUE,0.047868306761282,1383,4053,373,0.0920305946212682,0.269703543022415,"MIRNA:hsa-mir-625","MIRNA","hsa-mir-625",16638,1889,"MIRNA:000000"
"query_1",TRUE,0.0479980794127388,367,4053,109,0.0268936590180113,0.29700272479564,"MIRNA:hsa-mir-6873-3p","MIRNA","hsa-mir-6873-3p",16638,1906,"MIRNA:000000"
"query_1",TRUE,0.0484267755368193,1262,4053,342,0.0843819393042191,0.270998415213946,"MIRNA:hsa-mir-4287","MIRNA","hsa-mir-4287",16638,2921,"MIRNA:000000"
"query_1",TRUE,0.048464395395133,202,4053,64,0.0157907722674562,0.316831683168317,"MIRNA:hsa-mir-6131","MIRNA","hsa-mir-6131",16638,1955,"MIRNA:000000"
"query_1",TRUE,0.0487441151530925,1044,4053,286,0.0705650135701949,0.273946360153257,"MIRNA:hsa-mir-1301","MIRNA","hsa-mir-1301",16638,1246,"MIRNA:000000"
"query_1",TRUE,0.0487441151530925,978,4053,269,0.0663705896866519,0.275051124744376,"MIRNA:hsa-mir-3975","MIRNA","hsa-mir-3975",16638,2721,"MIRNA:000000"
"query_1",TRUE,0.0487441151530925,1415,4053,381,0.0940044411547002,0.269257950530035,"MIRNA:hsa-mir-518a-5p","MIRNA","hsa-mir-518a-5p",16638,1746,"MIRNA:000000"
"query_1",TRUE,0.0489491808410351,1083,4053,296,0.0730323217369849,0.27331486611265,"MIRNA:hsa-mir-2392","MIRNA","hsa-mir-2392",16638,2106,"MIRNA:000000"
"query_1",TRUE,0.0489721652517334,785,4053,219,0.0540340488527017,0.278980891719745,"MIRNA:hsa-mir-199b-3p","MIRNA","hsa-mir-199b-3p",16638,723,"MIRNA:000000"
"query_1",TRUE,0.0490337709391505,924,4053,255,0.0629163582531458,0.275974025974026,"MIRNA:hsa-mir-3908","MIRNA","hsa-mir-3908",16638,2321,"MIRNA:000000"
"query_1",TRUE,0.0490337709391505,762,4053,213,0.0525536639526277,0.279527559055118,"MIRNA:hsa-mir-376c","MIRNA","hsa-mir-376c",16638,1400,"MIRNA:000000"
"query_1",TRUE,0.0495600435539709,499,4053,144,0.0355292376017765,0.288577154308617,"MIRNA:hsa-mir-4707-3p","MIRNA","hsa-mir-4707-3p",16638,2564,"MIRNA:000000"
"query_1",TRUE,0.0495600435539709,793,4053,221,0.0545275104860597,0.278688524590164,"MIRNA:hsa-mir-4697-3p","MIRNA","hsa-mir-4697-3p",16638,317,"MIRNA:000000"
"query_1",TRUE,9.70793203983338e-23,399,2480,183,0.0737903225806452,0.458646616541353,"REAC:R-HSA-112316","REAC","Neuronal System",11056,1654,"REAC:0000000"
"query_1",TRUE,1.63629399020768e-16,258,2480,123,0.0495967741935484,0.476744186046512,"REAC:R-HSA-112315","REAC","Transmission across Chemical Synapses",11056,2678,"REAC:R-HSA-112316"
"query_1",TRUE,8.8933572050625e-10,195,2480,88,0.0354838709677419,0.451282051282051,"REAC:R-HSA-112314","REAC","Neurotransmitter receptors and postsynaptic signal transmission",11056,1658,"REAC:R-HSA-112315"
"query_1",TRUE,1.97591556905735e-09,2570,2480,706,0.284677419354839,0.274708171206226,"REAC:R-HSA-162582","REAC","Signal Transduction",11056,2309,"REAC:0000000"
"query_1",TRUE,7.54667669180481e-09,86,2480,48,0.0193548387096774,0.558139534883721,"REAC:R-HSA-6794362","REAC","Protein-protein interactions at synapses",11056,1892,"REAC:R-HSA-112316"
"query_1",TRUE,2.88976521816082e-07,14,2480,14,0.00564516129032258,1,"REAC:R-HSA-5682910","REAC","LGI-ADAM interactions",11056,1349,"REAC:R-HSA-1266738"
"query_1",TRUE,1.20954782005825e-06,56,2480,33,0.0133064516129032,0.589285714285714,"REAC:R-HSA-6794361","REAC","Neurexins and neuroligins",11056,1651,"REAC:R-HSA-6794362"
"query_1",TRUE,3.00663048270397e-06,50,2480,30,0.0120967741935484,0.6,"REAC:R-HSA-112310","REAC","Neurotransmitter release cycle",11056,1659,"REAC:R-HSA-112315"
"query_1",TRUE,3.26269501385408e-06,184,2480,75,0.030241935483871,0.407608695652174,"REAC:R-HSA-9013149","REAC","RAC1 GTPase cycle",11056,1909,"REAC:R-HSA-9012999"
"query_1",TRUE,3.26269501385408e-06,27,2480,20,0.00806451612903226,0.740740740740741,"REAC:R-HSA-399719","REAC","Trafficking of AMPA receptors",11056,2630,"REAC:R-HSA-399721"
"query_1",TRUE,3.26269501385408e-06,27,2480,20,0.00806451612903226,0.740740740740741,"REAC:R-HSA-399721","REAC","Glutamate binding, activation of AMPA receptors and synaptic plasticity",11056,1105,"REAC:R-HSA-112314"
"query_1",TRUE,7.46723315949011e-06,60,2480,33,0.0133064516129032,0.55,"REAC:R-HSA-977443","REAC","GABA receptor activation",11056,1057,"REAC:R-HSA-112314"
"query_1",TRUE,1.15058716418169e-05,701,2480,216,0.0870967741935484,0.308131241084165,"REAC:R-HSA-194315","REAC","Signaling by Rho GTPases",11056,2401,"REAC:R-HSA-9716542"
"query_1",TRUE,1.1665495259474e-05,20,2480,16,0.00645161290322581,0.8,"REAC:R-HSA-438066","REAC","Unblocking of NMDA receptors, glutamate binding and activation",11056,2716,"REAC:R-HSA-442755"
"query_1",TRUE,1.53525252970878e-05,716,2480,219,0.0883064516129032,0.305865921787709,"REAC:R-HSA-9716542","REAC","Signaling by Rho GTPases, Miro GTPases and RHOBTB3",11056,2402,"REAC:R-HSA-162582"
"query_1",TRUE,1.5877311743839e-05,298,2480,106,0.042741935483871,0.355704697986577,"REAC:R-HSA-1474244","REAC","Extracellular matrix organization",11056,930,"REAC:0000000"
"query_1",TRUE,1.78697794101991e-05,88,2480,42,0.0169354838709677,0.477272727272727,"REAC:R-HSA-111885","REAC","Opioid Signalling",11056,1710,"REAC:R-HSA-418594"
"query_1",TRUE,2.16700904989796e-05,119,2480,52,0.0209677419354839,0.436974789915966,"REAC:R-HSA-373760","REAC","L1CAM interactions",11056,1346,"REAC:R-HSA-422475"
"query_1",TRUE,2.48597554350457e-05,23,2480,17,0.00685483870967742,0.739130434782609,"REAC:R-HSA-210500","REAC","Glutamate Neurotransmitter Release Cycle",11056,1103,"REAC:R-HSA-112310"
"query_1",TRUE,2.5826180060065e-05,21,2480,16,0.00645161290322581,0.761904761904762,"REAC:R-HSA-9620244","REAC","Long-term potentiation",11056,1374,"REAC:R-HSA-438064"
"query_1",TRUE,2.5826180060065e-05,155,2480,63,0.0254032258064516,0.406451612903226,"REAC:R-HSA-9013148","REAC","CDC42 GTPase cycle",11056,284,"REAC:R-HSA-9012999"
"query_1",TRUE,2.98681958766311e-05,10,2480,10,0.00403225806451613,1,"REAC:R-HSA-168799","REAC","Neurotoxicity of clostridium toxins",11056,1656,"REAC:R-HSA-5339562"
"query_1",TRUE,2.98681958766311e-05,40,2480,24,0.00967741935483871,0.6,"REAC:R-HSA-1489509","REAC","DAG and IP3 signaling",11056,447,"REAC:R-HSA-9006925"
"query_1",TRUE,2.98681958766311e-05,53,2480,29,0.0116935483870968,0.547169811320755,"REAC:R-HSA-112040","REAC","G-protein mediated events",11056,1044,"REAC:R-HSA-111885"
"query_1",TRUE,3.87302122374527e-05,88,2480,41,0.0165322580645161,0.465909090909091,"REAC:R-HSA-442755","REAC","Activation of NMDA receptors and postsynaptic events",11056,95,"REAC:R-HSA-112314"
"query_1",TRUE,5.0943736577804e-05,31,2480,20,0.00806451612903226,0.645161290322581,"REAC:R-HSA-445095","REAC","Interaction between L1 and Ankyrins",11056,1270,"REAC:R-HSA-373760"
"query_1",TRUE,5.22077891784435e-05,89,2480,41,0.0165322580645161,0.460674157303371,"REAC:R-HSA-1474290","REAC","Collagen formation",11056,403,"REAC:R-HSA-1474244"
"query_1",TRUE,5.61694825419431e-05,22,2480,16,0.00645161290322581,0.727272727272727,"REAC:R-HSA-212676","REAC","Dopamine Neurotransmitter Release Cycle",11056,820,"REAC:R-HSA-112310"
"query_1",TRUE,5.93483034243361e-05,20,2480,15,0.00604838709677419,0.75,"REAC:R-HSA-9617324","REAC","Negative regulation of NMDA receptor-mediated neuronal transmission",11056,1639,"REAC:R-HSA-442755"
"query_1",TRUE,5.93483034243361e-05,78,2480,37,0.0149193548387097,0.474358974358974,"REAC:R-HSA-422356","REAC","Regulation of insulin secretion",11056,2124,"REAC:R-HSA-163685"
"query_1",TRUE,5.93483034243361e-05,124,2480,52,0.0209677419354839,0.419354838709677,"REAC:R-HSA-2500257","REAC","Resolution of Sister Chromatid Cohesion",11056,2163,"REAC:R-HSA-68877"
"query_1",TRUE,5.93483034243361e-05,34,2480,21,0.00846774193548387,0.617647058823529,"REAC:R-HSA-111997","REAC","CaM pathway",11056,314,"REAC:R-HSA-111996;REAC:R-HSA-1489509"
"query_1",TRUE,5.93483034243361e-05,200,2480,75,0.030241935483871,0.375,"REAC:R-HSA-68877","REAC","Mitotic Prometaphase",11056,1549,"REAC:R-HSA-68886"
"query_1",TRUE,5.93483034243361e-05,34,2480,21,0.00846774193548387,0.617647058823529,"REAC:R-HSA-111933","REAC","Calmodulin induced events",11056,318,"REAC:R-HSA-111997"
"query_1",TRUE,5.96164669954724e-05,18,2480,14,0.00564516129032258,0.777777777777778,"REAC:R-HSA-888590","REAC","GABA synthesis, release, reuptake and degradation",11056,1059,"REAC:R-HSA-112310"
"query_1",TRUE,7.45291502171464e-05,67,2480,33,0.0133064516129032,0.492537313432836,"REAC:R-HSA-1650814","REAC","Collagen biosynthesis and modifying enzymes",11056,400,"REAC:R-HSA-1474290"
"query_1",TRUE,7.53305945155886e-05,32,2480,20,0.00806451612903226,0.625,"REAC:R-HSA-69190","REAC","DNA strand elongation",11056,469,"REAC:R-HSA-69239"
"query_1",TRUE,9.31961709743965e-05,48,2480,26,0.0104838709677419,0.541666666666667,"REAC:R-HSA-112043","REAC","PLC beta mediated events",11056,1762,"REAC:R-HSA-112040"
"query_1",TRUE,9.31961709743965e-05,136,2480,55,0.0221774193548387,0.404411764705882,"REAC:R-HSA-5663220","REAC","RHO GTPases Activate Formins",11056,1921,"REAC:R-HSA-195258"
"query_1",TRUE,0.000100389765921298,92,2480,41,0.0165322580645161,0.445652173913043,"REAC:R-HSA-141424","REAC","Amplification of signal from the kinetochores",11056,150,"REAC:R-HSA-69618"
"query_1",TRUE,0.000100389765921298,92,2480,41,0.0165322580645161,0.445652173913043,"REAC:R-HSA-141444","REAC","Amplification  of signal from unattached  kinetochores via a MAD2  inhibitory signal",11056,149,"REAC:R-HSA-141424"
"query_1",TRUE,0.000165888723938665,103,2480,44,0.017741935483871,0.427184466019417,"REAC:R-HSA-1296071","REAC","Potassium Channels",11056,1853,"REAC:R-HSA-112316"
"query_1",TRUE,0.000165888723938665,17,2480,13,0.00524193548387097,0.764705882352941,"REAC:R-HSA-181429","REAC","Serotonin Neurotransmitter Release Cycle",11056,2303,"REAC:R-HSA-112310"
"query_1",TRUE,0.000165888723938665,203,2480,74,0.0298387096774194,0.364532019704433,"REAC:R-HSA-397014","REAC","Muscle contraction",11056,1560,"REAC:0000000"
"query_1",TRUE,0.000165888723938665,36,2480,21,0.00846774193548387,0.583333333333333,"REAC:R-HSA-111996","REAC","Ca-dependent events",11056,311,"REAC:R-HSA-112043"
"query_1",TRUE,0.000221709232405168,449,2480,141,0.0568548387096774,0.314031180400891,"REAC:R-HSA-9012999","REAC","RHO GTPase cycle",11056,1920,"REAC:R-HSA-194315"
"query_1",TRUE,0.000227134660064019,680,2480,201,0.0810483870967742,0.295588235294118,"REAC:R-HSA-1640170","REAC","Cell Cycle",11056,337,"REAC:0000000"
"query_1",TRUE,0.000240759077806199,549,2480,167,0.0673387096774194,0.304189435336976,"REAC:R-HSA-69278","REAC","Cell Cycle, Mitotic",11056,339,"REAC:R-HSA-1640170"
"query_1",TRUE,0.00031258145784049,32,2480,19,0.00766129032258064,0.59375,"REAC:R-HSA-5576892","REAC","Phase 0 - rapid depolarisation",11056,1801,"REAC:R-HSA-5576891"
"query_1",TRUE,0.000387302180232759,75,2480,34,0.0137096774193548,0.453333333333333,"REAC:R-HSA-438064","REAC","Post NMDA receptor activation events",11056,1845,"REAC:R-HSA-442755"
"query_1",TRUE,0.000547376184115548,14,2480,11,0.00443548387096774,0.785714285714286,"REAC:R-HSA-69091","REAC","Polymerase switching",11056,1841,"REAC:R-HSA-69109;REAC:R-HSA-69186"
"query_1",TRUE,0.000547376184115548,14,2480,11,0.00443548387096774,0.785714285714286,"REAC:R-HSA-69109","REAC","Leading Strand Synthesis",11056,1361,"REAC:R-HSA-69190"
"query_1",TRUE,0.000662687083456478,115,2480,46,0.0185483870967742,0.4,"REAC:R-HSA-9648025","REAC","EML4 and NUDC in mitotic spindle formation",11056,856,"REAC:R-HSA-68877"
"query_1",TRUE,0.00100484812091695,130,2480,50,0.0201612903225806,0.384615384615385,"REAC:R-HSA-5576891","REAC","Cardiac conduction",11056,323,"REAC:R-HSA-397014"
"query_1",TRUE,0.00104313219032234,107,2480,43,0.0173387096774194,0.401869158878505,"REAC:R-HSA-163685","REAC","Integration of energy metabolism",11056,1264,"REAC:R-HSA-1430728"
"query_1",TRUE,0.00121372603129819,17,2480,12,0.00483870967741936,0.705882352941177,"REAC:R-HSA-181430","REAC","Norepinephrine Neurotransmitter Release Cycle",11056,1673,"REAC:R-HSA-112310"
"query_1",TRUE,0.00129519898086724,43,2480,22,0.00887096774193548,0.511627906976744,"REAC:R-HSA-977444","REAC","GABA B receptor activation",11056,1056,"REAC:R-HSA-977443"
"query_1",TRUE,0.00129519898086724,43,2480,22,0.00887096774193548,0.511627906976744,"REAC:R-HSA-991365","REAC","Activation of GABAB receptors",11056,89,"REAC:R-HSA-977444"
"query_1",TRUE,0.00138445196445085,318,2480,102,0.0411290322580645,0.320754716981132,"REAC:R-HSA-195258","REAC","RHO GTPase Effectors",11056,1919,"REAC:R-HSA-194315"
"query_1",TRUE,0.001493097885763,58,2480,27,0.0108870967741935,0.46551724137931,"REAC:R-HSA-8986944","REAC","Transcriptional Regulation by MECP2",11056,2642,"REAC:R-HSA-212436"
"query_1",TRUE,0.00159310145465523,109,2480,43,0.0173387096774194,0.394495412844037,"REAC:R-HSA-69618","REAC","Mitotic Spindle Checkpoint",11056,1551,"REAC:R-HSA-69620"
"query_1",TRUE,0.00164823758207993,675,2480,194,0.0782258064516129,0.287407407407407,"REAC:R-HSA-109582","REAC","Hemostasis",11056,1168,"REAC:0000000"
"query_1",TRUE,0.00173094390652555,11,2480,9,0.00362903225806452,0.818181818181818,"REAC:R-HSA-112308","REAC","Presynaptic depolarization and calcium channel opening",11056,1863,"REAC:R-HSA-112315"
"query_1",TRUE,0.00185317735493469,44,2480,22,0.00887096774193548,0.5,"REAC:R-HSA-1566948","REAC","Elastic fibre formation",11056,875,"REAC:R-HSA-1474244"
"query_1",TRUE,0.00201102532803163,84,2480,35,0.0141129032258065,0.416666666666667,"REAC:R-HSA-216083","REAC","Integrin cell surface interactions",11056,1267,"REAC:R-HSA-1474244"
"query_1",TRUE,0.00245717582358845,18,2480,12,0.00483870967741936,0.666666666666667,"REAC:R-HSA-2243919","REAC","Crosslinking of collagen fibrils",11056,433,"REAC:R-HSA-2022090"
"query_1",TRUE,0.00281552873767035,48,2480,23,0.0092741935483871,0.479166666666667,"REAC:R-HSA-418597","REAC","G alpha (z) signalling events",11056,1036,"REAC:R-HSA-388396"
"query_1",TRUE,0.00318566799428225,16,2480,11,0.00443548387096774,0.6875,"REAC:R-HSA-264642","REAC","Acetylcholine Neurotransmitter Release Cycle",11056,57,"REAC:R-HSA-112310"
"query_1",TRUE,0.00395935817216254,55,2480,25,0.0100806451612903,0.454545454545455,"REAC:R-HSA-9013409","REAC","RHOJ GTPase cycle",11056,1943,"REAC:R-HSA-9012999"
"query_1",TRUE,0.00395935817216254,6,2480,6,0.00241935483870968,1,"REAC:R-HSA-9022702","REAC","MECP2 regulates transcription of neuronal ligands",11056,1414,"REAC:R-HSA-8986944"
"query_1",TRUE,0.00567810706493491,311,2480,97,0.0391129032258065,0.311897106109325,"REAC:R-HSA-418594","REAC","G alpha (i) signalling events",11056,1033,"REAC:R-HSA-388396"
"query_1",TRUE,0.0074009432347518,60,2480,26,0.0104838709677419,0.433333333333333,"REAC:R-HSA-983189","REAC","Kinesins",11056,1344,"REAC:R-HSA-983231"
"query_1",TRUE,0.00759337320518842,622,2480,176,0.0709677419354839,0.282958199356913,"REAC:R-HSA-388396","REAC","GPCR downstream signalling",11056,1065,"REAC:R-HSA-372790"
"query_1",TRUE,0.00812322476645881,25,2480,14,0.00564516129032258,0.56,"REAC:R-HSA-5339562","REAC","Uptake and actions of bacterial toxins",11056,2721,"REAC:R-HSA-9824439"
"query_1",TRUE,0.00929404864524956,20,2480,12,0.00483870967741936,0.6,"REAC:R-HSA-69186","REAC","Lagging Strand Synthesis",11056,1354,"REAC:R-HSA-69190"
"query_1",TRUE,0.00959336825104982,259,2480,82,0.0330645161290323,0.316602316602317,"REAC:R-HSA-76002","REAC","Platelet activation, signaling and aggregation",11056,1834,"REAC:R-HSA-109582"
"query_1",TRUE,0.00974818460735059,104,2480,39,0.0157258064516129,0.375,"REAC:R-HSA-194138","REAC","Signaling by VEGF",11056,2410,"REAC:R-HSA-9006934"
"query_1",TRUE,0.010013222048339,94,2480,36,0.0145161290322581,0.382978723404255,"REAC:R-HSA-9013423","REAC","RAC3 GTPase cycle",11056,1911,"REAC:R-HSA-9012999"
"query_1",TRUE,0.0108353405109584,37,2480,18,0.00725806451612903,0.486486486486487,"REAC:R-HSA-176187","REAC","Activation of ATR in response to replication stress",11056,81,"REAC:R-HSA-69481"
"query_1",TRUE,0.0108353405109584,37,2480,18,0.00725806451612903,0.486486486486487,"REAC:R-HSA-5685938","REAC","HDR through Single Strand Annealing (SSA)",11056,1149,"REAC:R-HSA-5693567"
"query_1",TRUE,0.0109303031312081,43,2480,20,0.00806451612903226,0.465116279069767,"REAC:R-HSA-9609736","REAC","Assembly and cell surface presentation of NMDA receptors",11056,182,"REAC:R-HSA-442755"
"query_1",TRUE,0.0109303031312081,13,2480,9,0.00362903225806452,0.692307692307692,"REAC:R-HSA-75035","REAC","Chk1/Chk2(Cds1) mediated inactivation of Cyclin B:Cdk1 complex",11056,364,"REAC:R-HSA-69473"
"query_1",TRUE,0.0109303031312081,13,2480,9,0.00362903225806452,0.692307692307692,"REAC:R-HSA-416993","REAC","Trafficking of GluR2-containing AMPA receptors",11056,2631,"REAC:R-HSA-399719"
"query_1",TRUE,0.0119405123306234,18,2480,11,0.00443548387096774,0.611111111111111,"REAC:R-HSA-442982","REAC","Ras activation upon Ca2+ influx through NMDA receptor",11056,2014,"REAC:R-HSA-442742"
"query_1",TRUE,0.0124122383288335,59,2480,25,0.0100806451612903,0.423728813559322,"REAC:R-HSA-9013406","REAC","RHOQ GTPase cycle",11056,1944,"REAC:R-HSA-9012999"
"query_1",TRUE,0.0126070061853704,92,2480,35,0.0141129032258065,0.380434782608696,"REAC:R-HSA-6804756","REAC","Regulation of TP53 Activity through Phosphorylation",11056,2100,"REAC:R-HSA-5633007"
"query_1",TRUE,0.012950544365477,148,2480,51,0.0205645161290323,0.344594594594595,"REAC:R-HSA-453279","REAC","Mitotic G1 phase and G1/S transition",11056,1545,"REAC:R-HSA-69278"
"query_1",TRUE,0.0133973345503057,543,2480,154,0.0620967741935484,0.283609576427256,"REAC:R-HSA-422475","REAC","Axon guidance",11056,204,"REAC:R-HSA-9675108"
"query_1",TRUE,0.0133973345503057,11,2480,8,0.0032258064516129,0.727272727272727,"REAC:R-HSA-2514853","REAC","Condensation of Prometaphase Chromosomes",11056,410,"REAC:R-HSA-68877"
"query_1",TRUE,0.0135931128396661,5,2480,5,0.00201612903225806,1,"REAC:R-HSA-5250955","REAC","Toxicity of botulinum toxin type D (botD)",11056,2624,"REAC:R-HSA-168799"
"query_1",TRUE,0.0135931128396661,5,2480,5,0.00201612903225806,1,"REAC:R-HSA-5250981","REAC","Toxicity of botulinum toxin type F (botF)",11056,2626,"REAC:R-HSA-168799"
"query_1",TRUE,0.0137806154481324,44,2480,20,0.00806451612903226,0.454545454545455,"REAC:R-HSA-9634597","REAC","GPER1 signaling",11056,1067,"REAC:R-HSA-418555"
"query_1",TRUE,0.0137806154481324,35,2480,17,0.00685483870967742,0.485714285714286,"REAC:R-HSA-9709570","REAC","Impaired BRCA2 binding to RAD51",11056,1222,"REAC:R-HSA-9701190"
"query_1",TRUE,0.0137806154481324,21,2480,12,0.00483870967741936,0.571428571428571,"REAC:R-HSA-8849932","REAC","Synaptic adhesion-like molecules",11056,2463,"REAC:R-HSA-6794362"
"query_1",TRUE,0.0150317947833076,60,2480,25,0.0100806451612903,0.416666666666667,"REAC:R-HSA-2022090","REAC","Assembly of collagen fibrils and other multimeric structures",11056,186,"REAC:R-HSA-1474290"
"query_1",TRUE,0.0150551202372078,9,2480,7,0.00282258064516129,0.777777777777778,"REAC:R-HSA-9856872","REAC","Malate-aspartate shuttle",11056,1450,"REAC:R-HSA-611105"
"query_1",TRUE,0.0160934524881204,7,2480,6,0.00241935483870968,0.857142857142857,"REAC:R-HSA-447038","REAC","NrCAM interactions",11056,1675,"REAC:R-HSA-373760"
"query_1",TRUE,0.0160934524881204,695,2480,191,0.0770161290322581,0.274820143884892,"REAC:R-HSA-372790","REAC","Signaling by GPCR",11056,2353,"REAC:R-HSA-162582"
"query_1",TRUE,0.0161546285033671,125,2480,44,0.017741935483871,0.352,"REAC:R-HSA-1630316","REAC","Glycosaminoglycan metabolism",11056,1124,"REAC:R-HSA-71387"
"query_1",TRUE,0.0170077696357686,94,2480,35,0.0141129032258065,0.372340425531915,"REAC:R-HSA-4420097","REAC","VEGFA-VEGFR2 Pathway",11056,2729,"REAC:R-HSA-194138"
"query_1",TRUE,0.0170077696357686,27,2480,14,0.00564516129032258,0.518518518518518,"REAC:R-HSA-69205","REAC","G1/S-Specific Transcription",11056,1049,"REAC:R-HSA-69206"
"query_1",TRUE,0.0175406369701224,30,2480,15,0.00604838709677419,0.5,"REAC:R-HSA-3000157","REAC","Laminin interactions",11056,1355,"REAC:R-HSA-1474244"
"query_1",TRUE,0.0175406369701224,516,2480,146,0.0588709677419355,0.282945736434109,"REAC:R-HSA-9006934","REAC","Signaling by Receptor Tyrosine Kinases",11056,2399,"REAC:R-HSA-162582"
"query_1",TRUE,0.0175406369701224,568,2480,159,0.0641129032258065,0.279929577464789,"REAC:R-HSA-9675108","REAC","Nervous system development",11056,1648,"REAC:R-HSA-1266738"
"query_1",TRUE,0.0175406369701224,74,2480,29,0.0116935483870968,0.391891891891892,"REAC:R-HSA-9659379","REAC","Sensory processing of sound",11056,2298,"REAC:R-HSA-9709957"
"query_1",TRUE,0.0195863216881574,88,2480,33,0.0133064516129032,0.375,"REAC:R-HSA-9013404","REAC","RAC2 GTPase cycle",11056,1910,"REAC:R-HSA-9012999"
"query_1",TRUE,0.0233041464815476,25,2480,13,0.00524193548387097,0.52,"REAC:R-HSA-442742","REAC","CREB1 phosphorylation through NMDA receptor-mediated activation of RAS signaling",11056,299,"REAC:R-HSA-438064"
"query_1",TRUE,0.0233041464815476,131,2480,45,0.0181451612903226,0.343511450381679,"REAC:R-HSA-76005","REAC","Response to elevated platelet cytosolic Ca2+",11056,2174,"REAC:R-HSA-76002"
"query_1",TRUE,0.0233041464815476,25,2480,13,0.00524193548387097,0.52,"REAC:R-HSA-264876","REAC","Insulin processing",11056,1260,"REAC:R-HSA-2980736"
"query_1",TRUE,0.0243524064731395,43,2480,19,0.00766129032258064,0.441860465116279,"REAC:R-HSA-5693579","REAC","Homologous DNA Pairing and Strand Exchange",11056,1179,"REAC:R-HSA-5685942"
"query_1",TRUE,0.0249241531107492,40,2480,18,0.00725806451612903,0.45,"REAC:R-HSA-5693616","REAC","Presynaptic phase of homologous DNA pairing and strand exchange",11056,1866,"REAC:R-HSA-5693579"
"query_1",TRUE,0.0249556819202203,37,2480,17,0.00685483870967742,0.459459459459459,"REAC:R-HSA-2129379","REAC","Molecules associated with elastic fibres",11056,1555,"REAC:R-HSA-1566948"
"query_1",TRUE,0.0249556819202203,12,2480,8,0.0032258064516129,0.666666666666667,"REAC:R-HSA-176974","REAC","Unwinding of DNA",11056,2720,"REAC:R-HSA-69190"
"query_1",TRUE,0.0249556819202203,34,2480,16,0.00645161290322581,0.470588235294118,"REAC:R-HSA-174417","REAC","Telomere C-strand (Lagging Strand) Synthesis",11056,2583,"REAC:R-HSA-180786"
"query_1",TRUE,0.0251391020218601,289,2480,87,0.0350806451612903,0.301038062283737,"REAC:R-HSA-69620","REAC","Cell Cycle Checkpoints",11056,338,"REAC:R-HSA-1640170"
"query_1",TRUE,0.025944031629962,76,2480,29,0.0116935483870968,0.381578947368421,"REAC:R-HSA-3000178","REAC","ECM proteoglycans",11056,851,"REAC:R-HSA-1474244"
"query_1",TRUE,0.0260739169293879,66,2480,26,0.0104838709677419,0.393939393939394,"REAC:R-HSA-9662360","REAC","Sensory processing of sound by inner hair cells of the cochlea",11056,2299,"REAC:R-HSA-9659379"
"query_1",TRUE,0.027698814608196,169,2480,55,0.0221774193548387,0.325443786982249,"REAC:R-HSA-983231","REAC","Factors involved in megakaryocyte development and platelet production",11056,972,"REAC:R-HSA-109582"
"query_1",TRUE,0.0302888948114324,70,2480,27,0.0108870967741935,0.385714285714286,"REAC:R-HSA-9013026","REAC","RHOB GTPase cycle",11056,1933,"REAC:R-HSA-9012999"
"query_1",TRUE,0.031129478278491,44,2480,19,0.00766129032258064,0.431818181818182,"REAC:R-HSA-8948216","REAC","Collagen chain trimerization",11056,401,"REAC:R-HSA-1650814"
"query_1",TRUE,0.031789887811816,41,2480,18,0.00725806451612903,0.439024390243902,"REAC:R-HSA-9701190","REAC","Defective homologous recombination repair (HRR) due to BRCA2 loss of function",11056,718,"REAC:R-HSA-9675136"
"query_1",TRUE,0.031789887811816,41,2480,18,0.00725806451612903,0.439024390243902,"REAC:R-HSA-9675136","REAC","Diseases of DNA Double-Strand Break Repair",11056,795,"REAC:R-HSA-9675135"
"query_1",TRUE,0.031789887811816,10,2480,7,0.00282258064516129,0.7,"REAC:R-HSA-111367","REAC","SLBP independent Processing of Histone Pre-mRNAs",11056,2230,"REAC:R-HSA-75067"
"query_1",TRUE,0.0318915038175077,35,2480,16,0.00645161290322581,0.457142857142857,"REAC:R-HSA-1296065","REAC","Inwardly rectifying K+ channels",11056,1322,"REAC:R-HSA-1296071"
"query_1",TRUE,0.0318915038175077,91,2480,33,0.0133064516129032,0.362637362637363,"REAC:R-HSA-877300","REAC","Interferon gamma signaling",11056,1280,"REAC:R-HSA-913531"
"query_1",TRUE,0.0318915038175077,15,2480,9,0.00362903225806452,0.6,"REAC:R-HSA-156711","REAC","Polo-like kinase mediated events",11056,1840,"REAC:R-HSA-69275"
"query_1",TRUE,0.0318915038175077,26,2480,13,0.00524193548387097,0.5,"REAC:R-HSA-174411","REAC","Polymerase switching on the C-strand of the telomere",11056,1842,"REAC:R-HSA-174417"
"query_1",TRUE,0.0318915038175077,15,2480,9,0.00362903225806452,0.6,"REAC:R-HSA-9022699","REAC","MECP2 regulates neuronal receptors and channels",11056,1411,"REAC:R-HSA-8986944"
"query_1",TRUE,0.0318915038175077,29,2480,14,0.00564516129032258,0.482758620689655,"REAC:R-HSA-1296059","REAC","G protein gated Potassium channels",11056,1041,"REAC:R-HSA-1296065"
"query_1",TRUE,0.0318915038175077,29,2480,14,0.00564516129032258,0.482758620689655,"REAC:R-HSA-1296041","REAC","Activation of G protein gated Potassium channels",11056,88,"REAC:R-HSA-1296059"
"query_1",TRUE,0.0318915038175077,29,2480,14,0.00564516129032258,0.482758620689655,"REAC:R-HSA-997272","REAC","Inhibition  of voltage gated Ca2+ channels via Gbeta/gamma subunits",11056,1238,"REAC:R-HSA-991365"
"query_1",TRUE,0.0325435582516824,64,2480,25,0.0100806451612903,0.390625,"REAC:R-HSA-373755","REAC","Semaphorin interactions",11056,2290,"REAC:R-HSA-422475"
"query_1",TRUE,0.0337968236374726,51,2480,21,0.00846774193548387,0.411764705882353,"REAC:R-HSA-180786","REAC","Extension of Telomeres",11056,928,"REAC:R-HSA-157579"
"query_1",TRUE,0.0359004056369538,48,2480,20,0.00806451612903226,0.416666666666667,"REAC:R-HSA-1483249","REAC","Inositol phosphate metabolism",11056,1256,"REAC:R-HSA-1430728"
"query_1",TRUE,0.0394644565315317,279,2480,83,0.0334677419354839,0.297491039426523,"REAC:R-HSA-71387","REAC","Metabolism of carbohydrates and carbohydrate derivatives",11056,1484,"REAC:R-HSA-1430728"
"query_1",TRUE,0.0397224246651687,4,2480,4,0.00161290322580645,1,"REAC:R-HSA-399710","REAC","Activation of AMPA receptors",11056,78,"REAC:R-HSA-399721"
"query_1",TRUE,0.0397224246651687,4,2480,4,0.00161290322580645,1,"REAC:R-HSA-8849175","REAC","Threonine catabolism",11056,2603,"REAC:R-HSA-71291"
"query_1",TRUE,0.0397224246651687,42,2480,18,0.00725806451612903,0.428571428571429,"REAC:R-HSA-9660821","REAC","ADORA2B mediated anti-inflammatory cytokines production",11056,10,"REAC:R-HSA-9662851"
"query_1",TRUE,0.0397224246651687,4,2480,4,0.00161290322580645,1,"REAC:R-HSA-5250968","REAC","Toxicity of botulinum toxin type A (botA)",11056,2621,"REAC:R-HSA-168799"
"query_1",TRUE,0.0403939106895609,21,2480,11,0.00443548387096774,0.523809523809524,"REAC:R-HSA-5651801","REAC","PCNA-Dependent Long Patch Base Excision Repair",11056,1725,"REAC:R-HSA-110373"
"query_1",TRUE,0.0411675027359653,72,2480,27,0.0108870967741935,0.375,"REAC:R-HSA-3108214","REAC","SUMOylation of DNA damage response and repair proteins",11056,2263,"REAC:R-HSA-3108232"
"query_1",TRUE,0.0419372226102686,24,2480,12,0.00483870967741936,0.5,"REAC:R-HSA-2024096","REAC","HS-GAG degradation",11056,1157,"REAC:R-HSA-1638091"
"query_1",TRUE,0.0419372226102686,6,2480,5,0.00201612903225806,0.833333333333333,"REAC:R-HSA-5660668","REAC","CLEC7A/inflammasome pathway",11056,291,"REAC:R-HSA-5607764"
"query_1",TRUE,0.0419372226102686,24,2480,12,0.00483870967741936,0.5,"REAC:R-HSA-9709603","REAC","Impaired BRCA2 binding to PALB2",11056,1221,"REAC:R-HSA-9701190"
"query_1",TRUE,0.0423059821994711,33,2480,15,0.00604838709677419,0.454545454545455,"REAC:R-HSA-68962","REAC","Activation of the pre-replicative complex",11056,113,"REAC:R-HSA-69002;REAC:R-HSA-69206"
"query_1",TRUE,0.0424087589081008,27,2480,13,0.00524193548387097,0.481481481481481,"REAC:R-HSA-3000170","REAC","Syndecan interactions",11056,2464,"REAC:R-HSA-3000171"
"query_1",TRUE,0.0424087589081008,30,2480,14,0.00564516129032258,0.466666666666667,"REAC:R-HSA-8874081","REAC","MET activates PTK2 signaling",11056,1417,"REAC:R-HSA-8875878"
"query_1",TRUE,0.0445634674796791,59,2480,23,0.0092741935483871,0.389830508474576,"REAC:R-HSA-3000171","REAC","Non-integrin membrane-ECM interactions",11056,1667,"REAC:R-HSA-1474244"
"query_1",TRUE,0.0459336322240063,126,2480,42,0.0169354838709677,0.333333333333333,"REAC:R-HSA-114608","REAC","Platelet degranulation ",11056,1836,"REAC:R-HSA-76005"
"query_1",TRUE,0.0493727491498041,43,2480,18,0.00725806451612903,0.418604651162791,"REAC:R-HSA-1296072","REAC","Voltage gated Potassium channels",11056,2758,"REAC:R-HSA-1296071"
"query_1",TRUE,0.0494715170165468,16,2480,9,0.00362903225806452,0.5625,"REAC:R-HSA-399954","REAC","Sema3A PAK dependent Axon repulsion",11056,2286,"REAC:R-HSA-373755"
"query_1",TRUE,3.35020230735665e-64,14745,4225,3529,0.835266272189349,0.239335367921329,"TF:M11529_1","TF","Factor: E2F-2; motif: GCGCGCGCNCS; match class: 1",20093,1507,"TF:M11529"
"query_1",TRUE,2.84525629579316e-59,14317,4225,3434,0.812781065088757,0.239854718167214,"TF:M00716_1","TF","Factor: ZF5; motif: GSGCGCGR; match class: 1",20093,9479,"TF:M00716"
"query_1",TRUE,8.1058770589763e-56,14163,4225,3393,0.803076923076923,0.239567888159288,"TF:M09894_1","TF","Factor: E2F-4; motif: SNGGGCGGGAANN; match class: 1",20093,1551,"TF:M09894"
"query_1",TRUE,6.85628498901057e-54,12455,4225,3058,0.723786982248521,0.245523885989562,"TF:M11531_1","TF","Factor: E2F-2; motif: GCGCGCGCGYW; match class: 1",20093,1511,"TF:M11531"
"query_1",TRUE,5.42683826274576e-53,13350,4225,3228,0.764023668639053,0.241797752808989,"TF:M00803","TF","Factor: E2F; motif: GGCGSG",20093,1590,"TF:M00000"
"query_1",TRUE,2.87591017252731e-50,8444,4225,2216,0.524497041420118,0.262434864992894,"TF:M13127_1","TF","Factor: HA95; motif: CCSNSSCCNSCNCCWSCCNS; match class: 1",20093,3431,"TF:M13127"
"query_1",TRUE,2.96659420306891e-50,13423,4225,3231,0.764733727810651,0.240706250465619,"TF:M11531","TF","Factor: E2F-2; motif: GCGCGCGCGYW",20093,1510,"TF:M00000"
"query_1",TRUE,1.95246024831899e-49,10979,4225,2743,0.649230769230769,0.249840604790965,"TF:M13147","TF","Factor: ZNF253; motif: SNGNSCGNGGNGCKGNN",20093,10038,"TF:M00000"
"query_1",TRUE,6.94294262917549e-49,15122,4225,3544,0.838816568047337,0.234360534320857,"TF:M10438_1","TF","Factor: ZF5; motif: GGSGCGCGS; match class: 1",20093,9483,"TF:M10438"
"query_1",TRUE,1.1518889451957e-48,15969,4225,3695,0.874556213017751,0.231385810006888,"TF:M12599_1","TF","Factor: E2F4; motif: YCCCGCCNCNNSSNNSNN; match class: 1",20093,1555,"TF:M12599"
"query_1",TRUE,1.35064022587905e-48,10260,4225,2591,0.613254437869822,0.252534113060429,"TF:M00803_1","TF","Factor: E2F; motif: GGCGSG; match class: 1",20093,1591,"TF:M00803"
"query_1",TRUE,3.11696023383759e-48,14348,4225,3398,0.804260355029586,0.236827432394759,"TF:M09636_1","TF","Factor: MAZ; motif: GGGMGGGGSSGGGGGGGGGGGG; match class: 1",20093,5147,"TF:M09636"
"query_1",TRUE,3.22260330820058e-47,10523,4225,2639,0.624615384615385,0.250783996959042,"TF:M00695","TF","Factor: ETF; motif: GVGGMGG",20093,2218,"TF:M00000"
"query_1",TRUE,3.66648910670754e-47,12553,4225,3048,0.721420118343195,0.242810483549749,"TF:M00333_1","TF","Factor: ZF5; motif: NRNGNGCGCGCWN; match class: 1",20093,9491,"TF:M00333"
"query_1",TRUE,4.10478266736471e-47,16529,4225,3787,0.896331360946746,0.22911246899389,"TF:M10438","TF","Factor: ZF5; motif: GGSGCGCGS",20093,9482,"TF:M00000"
"query_1",TRUE,1.78212414450311e-45,9668,4225,2453,0.580591715976331,0.253723624327679,"TF:M13144","TF","Factor: ZNF138; motif: GCAGCRSCNSGSNCMGSGCS",20093,9758,"TF:M00000"
"query_1",TRUE,4.92185031763425e-45,16394,4225,3757,0.889230769230769,0.22916920824692,"TF:M00716","TF","Factor: ZF5; motif: GSGCGCGR",20093,9478,"TF:M00000"
"query_1",TRUE,6.3719125534277e-45,10295,4225,2581,0.610887573964497,0.250704225352113,"TF:M04869_1","TF","Factor: Egr-1; motif: GCGCATGCG; match class: 1",20093,1651,"TF:M04869"
"query_1",TRUE,1.46555298767766e-43,10913,4225,2702,0.639526627218935,0.247594611930725,"TF:M07206_1","TF","Factor: E2F-1; motif: NGGGCGGGARV; match class: 1",20093,1477,"TF:M07206"
"query_1",TRUE,7.36050356890523e-42,11344,4225,2782,0.658461538461538,0.245239774330042,"TF:M04869","TF","Factor: Egr-1; motif: GCGCATGCG",20093,1650,"TF:M00000"
"query_1",TRUE,8.29165730163061e-42,7033,4225,1868,0.442130177514793,0.265605004976539,"TF:M00695_1","TF","Factor: ETF; motif: GVGGMGG; match class: 1",20093,2219,"TF:M00695"
"query_1",TRUE,1.06918632010235e-41,10669,4225,2643,0.625562130177515,0.247727059705689,"TF:M12722","TF","Factor: ZXDL; motif: GSGSCNNGGGMRGCNCCGGGS",20093,11982,"TF:M00000"
"query_1",TRUE,4.32148520207905e-41,6348,4225,1712,0.405207100591716,0.269691241335854,"TF:M13147_1","TF","Factor: ZNF253; motif: SNGNSCGNGGNGCKGNN; match class: 1",20093,10039,"TF:M13147"
"query_1",TRUE,1.02425924860932e-40,15315,4225,3548,0.839763313609467,0.231668299053216,"TF:M00333","TF","Factor: ZF5; motif: NRNGNGCGCGCWN",20093,9490,"TF:M00000"
"query_1",TRUE,2.64438780636573e-40,9478,4225,2388,0.565207100591716,0.251951888584089,"TF:M02089_1","TF","Factor: E2F-3; motif: GGCGGGN; match class: 1",20093,1537,"TF:M02089"
"query_1",TRUE,9.50768254094861e-40,12566,4225,3017,0.714082840236686,0.240092312589527,"TF:M12351","TF","Factor: TIEG1; motif: NCCCNSNCCCCGCCCCC",20093,9020,"TF:M00000"
"query_1",TRUE,9.50768254094861e-40,13411,4225,3183,0.753372781065089,0.237342480053687,"TF:M02089","TF","Factor: E2F-3; motif: GGCGGGN",20093,1536,"TF:M00000"
"query_1",TRUE,4.04026144264178e-39,11717,4225,2844,0.673136094674556,0.242724246820859,"TF:M09826","TF","Factor: BTEB3; motif: CCNNSCCNSCCCCKCCCCC",20093,644,"TF:M00000"
"query_1",TRUE,4.04026144264178e-39,10190,4225,2531,0.59905325443787,0.24838076545633,"TF:M09723","TF","Factor: BTEB1; motif: GGGGGCGGGGCNGSGGGNGS",20093,630,"TF:M00000"
"query_1",TRUE,5.28476313914766e-39,10681,4225,2632,0.622958579881657,0.246418874637206,"TF:M10072","TF","Factor: sp4; motif: NNGNARGRGGCGGRGCNNRR",20093,8116,"TF:M00000"
"query_1",TRUE,8.65121462375191e-39,9949,4225,2479,0.586745562130177,0.249170770931752,"TF:M12597_1","TF","Factor: E2F1; motif: GSGCGGGAAN; match class: 1",20093,1483,"TF:M12597"
"query_1",TRUE,9.34541068842227e-39,15272,4225,3532,0.835976331360947,0.231272917757988,"TF:M08526_1","TF","Factor: E2F-3:HES-7; motif: NNNSGCGCSNNNNNCRCGYGNN; match class: 1",20093,1521,"TF:M08526"
"query_1",TRUE,3.20108573021084e-38,14817,4225,3445,0.815384615384615,0.232503205777148,"TF:M07206","TF","Factor: E2F-1; motif: NGGGCGGGARV",20093,1476,"TF:M00000"
"query_1",TRUE,3.54058965305177e-38,16598,4225,3769,0.89207100591716,0.227075551271237,"TF:M11529","TF","Factor: E2F-2; motif: GCGCGCGCNCS",20093,1506,"TF:M00000"
"query_1",TRUE,1.52215952206769e-37,12969,4225,3086,0.730414201183432,0.237952039478757,"TF:M13124","TF","Factor: ZNF670; motif: SNGGGCRGRG",20093,11242,"TF:M00000"
"query_1",TRUE,2.2902301697284e-37,13366,4225,3163,0.748639053254438,0.236645219212928,"TF:M01240_1","TF","Factor: BEN; motif: CAGCGRNV; match class: 1",20093,515,"TF:M01240"
"query_1",TRUE,5.92340260275114e-37,10403,4225,2564,0.606863905325444,0.24646736518312,"TF:M01104","TF","Factor: MOVO-B; motif: GNGGGGG",20093,5404,"TF:M00000"
"query_1",TRUE,8.27142038376457e-37,16569,4225,3759,0.889704142011834,0.226869455006337,"TF:M09636","TF","Factor: MAZ; motif: GGGMGGGGSSGGGGGGGGGGGG",20093,5146,"TF:M00000"
"query_1",TRUE,8.41911901705001e-37,10814,4225,2648,0.626745562130178,0.244867764009617,"TF:M07395","TF","Factor: Sp1; motif: NGGGGCGGGGN",20093,8070,"TF:M00000"
"query_1",TRUE,1.10528914820799e-36,15557,4225,3576,0.846390532544379,0.229864369737096,"TF:M08525_1","TF","Factor: E2F-1:HES-7; motif: GGCRCGTGSYNNWNGGCGCSM; match class: 1",20093,1471,"TF:M08525"
"query_1",TRUE,1.46243253611622e-36,10486,4225,2579,0.610414201183432,0.24594697692161,"TF:M00986_1","TF","Factor: Churchill; motif: CGGGNN; match class: 1",20093,857,"TF:M00986"
"query_1",TRUE,1.72185801116667e-36,10459,4225,2573,0.608994082840237,0.246008222583421,"TF:M00931","TF","Factor: Sp1; motif: GGGGCGGGGC",20093,8078,"TF:M00000"
"query_1",TRUE,1.89552153179704e-36,10412,4225,2563,0.606627218934911,0.246158278908951,"TF:M00196","TF","Factor: Sp1; motif: NGGGGGCGGGGYN",20093,8076,"TF:M00000"
"query_1",TRUE,2.1658319820776e-36,12464,4225,2980,0.705325443786982,0.239088575096277,"TF:M13127","TF","Factor: HA95; motif: CCSNSSCCNSCNCCWSCCNS",20093,3430,"TF:M00000"
"query_1",TRUE,2.50824632157016e-36,9208,4225,2310,0.546745562130178,0.250868809730669,"TF:M09892_1","TF","Factor: E2F-1; motif: NNNNGGCGGGAARN; match class: 1",20093,1479,"TF:M09892"
"query_1",TRUE,2.71599343864612e-36,10610,4225,2603,0.616094674556213,0.245334590009425,"TF:M00932","TF","Factor: Sp1; motif: NNGGGGCGGGGNN",20093,8074,"TF:M00000"
"query_1",TRUE,2.71599343864612e-36,5335,4225,1459,0.345325443786982,0.273477038425492,"TF:M02036_1","TF","Factor: WT1; motif: CGCCCCCNCN; match class: 1",20093,9231,"TF:M02036"
"query_1",TRUE,5.8387389012625e-36,14839,4225,3439,0.81396449704142,0.231754161331626,"TF:M11530","TF","Factor: E2F-2; motif: NWTTTGGCGCCAWWNN",20093,1508,"TF:M00000"
"query_1",TRUE,8.23360862255557e-36,7629,4225,1968,0.465798816568047,0.257963035784506,"TF:M09826_1","TF","Factor: BTEB3; motif: CCNNSCCNSCCCCKCCCCC; match class: 1",20093,645,"TF:M09826"
"query_1",TRUE,2.51277385265124e-35,13870,4225,3251,0.769467455621302,0.234390771449171,"TF:M07039_1","TF","Factor: ETF; motif: CCCCGCCCCYN; match class: 1",20093,2221,"TF:M07039"
"query_1",TRUE,3.13913600359988e-35,9882,4225,2446,0.578934911242604,0.247520744788504,"TF:M02036","TF","Factor: WT1; motif: CGCCCCCNCN",20093,9230,"TF:M00000"
"query_1",TRUE,4.146143971948e-35,8010,4225,2047,0.484497041420118,0.255555555555556,"TF:M07354","TF","Factor: Egr-1; motif: GCGGGGGCGG",20093,1672,"TF:M00000"
"query_1",TRUE,5.67483857027662e-35,5667,4225,1528,0.361656804733728,0.269631198164814,"TF:M01104_1","TF","Factor: MOVO-B; motif: GNGGGGG; match class: 1",20093,5405,"TF:M01104"
"query_1",TRUE,8.16797367937611e-35,9869,4225,2441,0.577751479289941,0.247340156044179,"TF:M00933","TF","Factor: Sp1; motif: CCCCGCCCCN",20093,8068,"TF:M00000"
"query_1",TRUE,9.68217456123546e-35,5518,4225,1493,0.353372781065089,0.270569046756071,"TF:M13144_1","TF","Factor: ZNF138; motif: GCAGCRSCNSGSNCMGSGCS; match class: 1",20093,9759,"TF:M13144"
"query_1",TRUE,9.8274065140075e-35,10859,4225,2646,0.626272189349112,0.243668846118427,"TF:M07250","TF","Factor: E2F-1; motif: NNNSSCGCSAANN",20093,1490,"TF:M00000"
"query_1",TRUE,1.20280906521745e-34,13548,4225,3185,0.753846153846154,0.23509005019191,"TF:M04515","TF","Factor: E2F-1; motif: WWTGGCGCCAAA",20093,1472,"TF:M00000"
"query_1",TRUE,3.47344213258772e-34,13360,4225,3146,0.744615384615385,0.235479041916168,"TF:M11603_1","TF","Factor: TCF-1; motif: ACATCGRGRCGCTGW; match class: 1",20093,8641,"TF:M11603"
"query_1",TRUE,3.51006823934623e-34,16688,4225,3770,0.892307692307692,0.225910834132311,"TF:M07039","TF","Factor: ETF; motif: CCCCGCCCCYN",20093,2220,"TF:M00000"
"query_1",TRUE,8.2016401267215e-34,8428,4225,2130,0.50414201183432,0.252728998576175,"TF:M03893","TF","Factor: WT1; motif: GNGGGGGCGGGG",20093,9232,"TF:M00000"
"query_1",TRUE,1.61830110992378e-33,5660,4225,1519,0.359526627218935,0.268374558303887,"TF:M09984_1","TF","Factor: MAZ; motif: GGGGGAGGGGGNGRGRRRGNRG; match class: 1",20093,5149,"TF:M09984"
"query_1",TRUE,2.1726908937646e-33,7698,4225,1970,0.466272189349112,0.255910626136659,"TF:M13366","TF","Factor: ZBED4; motif: CCCGCYCCGC",20093,9316,"TF:M00000"
"query_1",TRUE,4.05480577013649e-33,8609,4225,2165,0.512426035502959,0.251481008247183,"TF:M10071","TF","Factor: Sp1; motif: NGGGGGCGGGGCCNGGGGGGGG",20093,8058,"TF:M00000"
"query_1",TRUE,4.17883245113718e-33,6630,4225,1734,0.410414201183432,0.261538461538462,"TF:M12722_1","TF","Factor: ZXDL; motif: GSGSCNNGGGMRGCNCCGGGS; match class: 1",20093,11983,"TF:M12722"
"query_1",TRUE,8.41342822780498e-33,8277,4225,2092,0.495147928994083,0.252748580403528,"TF:M13124_1","TF","Factor: ZNF670; motif: SNGGGCRGRG; match class: 1",20093,11243,"TF:M13124"
"query_1",TRUE,8.56792417787757e-33,6968,4225,1807,0.427692307692308,0.259328358208955,"TF:M12598_1","TF","Factor: E2F3; motif: NNRGMKGGAR; match class: 1",20093,1535,"TF:M12598"
"query_1",TRUE,1.12878793364995e-32,10357,4225,2531,0.59905325443787,0.244375784493579,"TF:M13129","TF","Factor: RERE; motif: CNGCNSCNNGSRCRGSGSS",20093,7348,"TF:M00000"
"query_1",TRUE,1.59927207610695e-32,8564,4225,2152,0.509349112426036,0.251284446520318,"TF:M01199","TF","Factor: RNF96; motif: BCCCGCRGCC",20093,7494,"TF:M00000"
"query_1",TRUE,3.14997627025411e-32,11193,4225,2701,0.639289940828402,0.241311533994461,"TF:M11601_1","TF","Factor: TCF-1; motif: ACATCGRGRCGCTGW; match class: 1",20093,8637,"TF:M11601"
"query_1",TRUE,3.15395219125472e-32,9168,4225,2279,0.539408284023669,0.24858202443281,"TF:M03876_1","TF","Factor: Kaiso; motif: GCMGGGRGCRGS; match class: 1",20093,4679,"TF:M03876"
"query_1",TRUE,4.3525360289413e-32,17539,4225,3910,0.925443786982248,0.22293175209533,"TF:M12599","TF","Factor: E2F4; motif: YCCCGCCNCNNSSNNSNN",20093,1554,"TF:M00000"
"query_1",TRUE,6.00171209279012e-32,12360,4225,2936,0.69491124260355,0.237540453074434,"TF:M04515_1","TF","Factor: E2F-1; motif: WWTGGCGCCAAA; match class: 1",20093,1473,"TF:M04515"
"query_1",TRUE,7.80152400147542e-32,13753,4225,3211,0.76,0.233476332436559,"TF:M09892","TF","Factor: E2F-1; motif: NNNNGGCGGGAARN",20093,1478,"TF:M00000"
"query_1",TRUE,1.25974865032432e-31,9715,4225,2391,0.565917159763314,0.246114256304683,"TF:M09984","TF","Factor: MAZ; motif: GGGGGAGGGGGNGRGRRRGNRG",20093,5148,"TF:M00000"
"query_1",TRUE,1.74291290122027e-31,16522,4225,3730,0.882840236686391,0.22575959326958,"TF:M09894","TF","Factor: E2F-4; motif: SNGGGCGGGAANN",20093,1550,"TF:M00000"
"query_1",TRUE,1.77552411202454e-31,8545,4225,2142,0.50698224852071,0.250672908133411,"TF:M10026","TF","Factor: PATZ; motif: GGGGNGGGGGMKGGRRNGGNRN",20093,6498,"TF:M00000"
"query_1",TRUE,2.79661675941082e-31,8639,4225,2161,0.511479289940828,0.250144692672763,"TF:M07277","TF","Factor: BTEB2; motif: RGGGNGKGGN",20093,642,"TF:M00000"
"query_1",TRUE,2.8874137915085e-31,16124,4225,3657,0.865562130177515,0.226804763086083,"TF:M11018_1","TF","Factor: IRX-1; motif: NACRYNNNNNNNNRYGNN; match class: 1",20093,4529,"TF:M11018"
"query_1",TRUE,3.1711103293519e-31,17184,4225,3846,0.910295857988166,0.223812849162011,"TF:M08526","TF","Factor: E2F-3:HES-7; motif: NNNSGCGCSNNNNNCRCGYGNN",20093,1520,"TF:M00000"
"query_1",TRUE,3.78208999788454e-31,9467,4225,2336,0.552899408284024,0.246751874933981,"TF:M10432","TF","Factor: MAZ; motif: GGGMGGGGS",20093,5150,"TF:M00000"
"query_1",TRUE,6.09493258714433e-31,12124,4225,2883,0.682366863905325,0.23779280765424,"TF:M02090","TF","Factor: E2F-4; motif: GCGGGAAANA",20093,1558,"TF:M00000"
"query_1",TRUE,6.3146990841116e-31,8420,4225,2112,0.499881656804734,0.25083135391924,"TF:M07226","TF","Factor: SP1; motif: NCCCCKCCCCC",20093,8054,"TF:M00000"
"query_1",TRUE,1.000793978798e-30,10526,4225,2555,0.604733727810651,0.242732281968459,"TF:M08205_1","TF","Factor: E2F-1:Elk-1; motif: SGCGCSNNAMCGGAAGT; match class: 1",20093,1465,"TF:M08205"
"query_1",TRUE,1.19567091298012e-30,9244,4225,2286,0.541065088757396,0.247295543054955,"TF:M01857","TF","Factor: AP-2alpha; motif: NGCCYSNNGSN",20093,138,"TF:M00000"
"query_1",TRUE,1.30332143814104e-30,14249,4225,3301,0.781301775147929,0.231665380026669,"TF:M12597","TF","Factor: E2F1; motif: GSGCGGGAAN",20093,1482,"TF:M00000"
"query_1",TRUE,1.33770824523009e-30,6833,4225,1765,0.417751479289941,0.258305283184546,"TF:M01873","TF","Factor: Egr-1; motif: GCGGGGGCGG",20093,1674,"TF:M00000"
"query_1",TRUE,1.56299110429088e-30,11055,4225,2663,0.630295857988166,0.240886476707372,"TF:M09973","TF","Factor: CPBP; motif: GNNRGGGHGGGGNNGGGRN",20093,968,"TF:M00000"
"query_1",TRUE,1.91807167586828e-30,14675,4225,3382,0.800473372781065,0.23045996592845,"TF:M08205","TF","Factor: E2F-1:Elk-1; motif: SGCGCSNNAMCGGAAGT",20093,1464,"TF:M00000"
"query_1",TRUE,3.16367953458359e-30,16763,4225,3768,0.891834319526627,0.224780767165782,"TF:M01240","TF","Factor: BEN; motif: CAGCGRNV",20093,514,"TF:M00000"
"query_1",TRUE,3.21236621390065e-30,6301,4225,1645,0.389349112426035,0.261069671480717,"TF:M10072_1","TF","Factor: sp4; motif: NNGNARGRGGCGGRGCNNRR; match class: 1",20093,8117,"TF:M10072"
"query_1",TRUE,3.21951504258895e-30,8323,4225,2087,0.49396449704142,0.250750931154632,"TF:M12351_1","TF","Factor: TIEG1; motif: NCCCNSNCCCCGCCCCC; match class: 1",20093,9021,"TF:M12351"
"query_1",TRUE,3.3503456092458e-30,7487,4225,1906,0.45112426035503,0.254574595966342,"TF:M01858","TF","Factor: AP-2beta; motif: GCNNNGGSCNGVGGGN",20093,140,"TF:M00000"
"query_1",TRUE,3.46070665379216e-30,17455,4225,3889,0.920473372781065,0.222801489544543,"TF:M08525","TF","Factor: E2F-1:HES-7; motif: GGCRCGTGSYNNWNGGCGCSM",20093,1470,"TF:M00000"
"query_1",TRUE,4.94350977252464e-30,8082,4225,2034,0.481420118343195,0.251670378619154,"TF:M01303","TF","Factor: SP1; motif: GGGGYGGGGNS",20093,8046,"TF:M00000"
"query_1",TRUE,6.16420132276826e-30,5959,4225,1567,0.370887573964497,0.262963584494043,"TF:M13129_1","TF","Factor: RERE; motif: CNGCNSCNNGSRCRGSGSS; match class: 1",20093,7349,"TF:M13129"
"query_1",TRUE,7.02391816974207e-30,7938,4225,2002,0.473846153846154,0.252204585537919,"TF:M00982","TF","Factor: KROX; motif: CCCGCCCCCRCCCC",20093,4766,"TF:M00000"
"query_1",TRUE,1.03697364409524e-29,17188,4225,3841,0.909112426035503,0.223469862694903,"TF:M11018","TF","Factor: IRX-1; motif: NACRYNNNNNNNNRYGNN",20093,4528,"TF:M00000"
"query_1",TRUE,2.03755585283327e-29,7867,4225,1984,0.469585798816568,0.252192703698996,"TF:M04823_1","TF","Factor: E2F-4; motif: NNTTCCCGCCNN; match class: 1",20093,1547,"TF:M04823"
"query_1",TRUE,2.19310967358798e-29,4322,4225,1191,0.28189349112426,0.275566867191115,"TF:M01199_1","TF","Factor: RNF96; motif: BCCCGCRGCC; match class: 1",20093,7495,"TF:M01199"
"query_1",TRUE,2.19310967358798e-29,14432,4225,3330,0.788165680473373,0.230737250554324,"TF:M00986","TF","Factor: Churchill; motif: CGGGNN",20093,856,"TF:M00000"
"query_1",TRUE,4.50031574834272e-29,4346,4225,1195,0.282840236686391,0.274965485503912,"TF:M12703_1","TF","Factor: ZNF383; motif: SSNGGGMGGNGSNGGS; match class: 1",20093,10405,"TF:M12703"
"query_1",TRUE,4.86855568151967e-29,15063,4225,3449,0.816331360946746,0.228971652393282,"TF:M11601","TF","Factor: TCF-1; motif: ACATCGRGRCGCTGW",20093,8636,"TF:M00000"
"query_1",TRUE,5.47886795789385e-29,8548,4225,2128,0.503668639053254,0.248947122133832,"TF:M03807","TF","Factor: SP2; motif: GNNGGGGGCGGGGSN",20093,8102,"TF:M00000"
"query_1",TRUE,5.80941882814651e-29,11119,4225,2667,0.631242603550296,0.239859699613275,"TF:M00189","TF","Factor: AP-2; motif: MKCCCSCNGGCG",20093,158,"TF:M00000"
"query_1",TRUE,7.09761162510235e-29,7596,4225,1922,0.45491124260355,0.253027909426014,"TF:M08878","TF","Factor: EGR; motif: CGCCCCCGCNN",20093,1712,"TF:M00000"
"query_1",TRUE,8.76607302476055e-29,6708,4225,1727,0.408757396449704,0.257453786523554,"TF:M09973_1","TF","Factor: CPBP; motif: GNNRGGGHGGGGNNGGGRN; match class: 1",20093,969,"TF:M09973"
"query_1",TRUE,9.55741582091281e-29,7807,4225,1967,0.465562130177515,0.251953375176124,"TF:M10435","TF","Factor: Sp2; motif: GGGGCGGGG",20093,8092,"TF:M00000"
"query_1",TRUE,9.84559343350311e-29,11536,4225,2751,0.65112426035503,0.238470873786408,"TF:M13149","TF","Factor: ZNF219; motif: SNNCAGCACCNNGGNCAGCGSC",20093,9922,"TF:M00000"
"query_1",TRUE,1.00143894859829e-28,12920,4225,3030,0.717159763313609,0.234520123839009,"TF:M04823","TF","Factor: E2F-4; motif: NNTTCCCGCCNN",20093,1546,"TF:M00000"
"query_1",TRUE,1.5647568906343e-28,13628,4225,3169,0.750059171597633,0.23253595538597,"TF:M11530_1","TF","Factor: E2F-2; motif: NWTTTGGCGCCAWWNN; match class: 1",20093,1509,"TF:M11530"
"query_1",TRUE,2.27176330994511e-28,12970,4225,3038,0.71905325443787,0.234232845026985,"TF:M12160","TF","Factor: KLF15; motif: RCCMCRCCCMCN",20093,4704,"TF:M00000"
"query_1",TRUE,2.54986394333741e-28,13183,4225,3080,0.728994082840237,0.233634225896989,"TF:M07380","TF","Factor: E2F-4; motif: NTTTCSCGCC",20093,1556,"TF:M00000"
"query_1",TRUE,2.54986394333741e-28,7805,4225,1964,0.464852071005917,0.251633568225496,"TF:M09970","TF","Factor: KLF3; motif: NNNNNNGGGCGGGGCNNGN",20093,4724,"TF:M00000"
"query_1",TRUE,4.05425759800972e-28,7277,4225,1848,0.437396449704142,0.253950803902707,"TF:M07397","TF","Factor: ZBP89; motif: CCCCKCCCCCNN",20093,9320,"TF:M00000"
"query_1",TRUE,1.06322574030678e-27,6900,4225,1763,0.417278106508876,0.255507246376812,"TF:M01219","TF","Factor: SP1:SP3; motif: CCSCCCCCYCC",20093,8042,"TF:M00000"
"query_1",TRUE,1.11699381231691e-27,4974,4225,1332,0.315266272189349,0.267792521109771,"TF:M10026_1","TF","Factor: PATZ; motif: GGGGNGGGGGMKGGRRNGGNRN; match class: 1",20093,6499,"TF:M10026"
"query_1",TRUE,1.33925211033117e-27,11280,4225,2692,0.637159763313609,0.238652482269504,"TF:M12158","TF","Factor: KLF15; motif: NCCMCGCCCMCN",20093,4700,"TF:M00000"
"query_1",TRUE,2.02232246583912e-27,6626,4225,1701,0.402603550295858,0.256715967401147,"TF:M10108","TF","Factor: WT1; motif: RGGNGGGGGAGGRGGNGGRG",20093,9224,"TF:M00000"
"query_1",TRUE,2.89600386721671e-27,9231,4225,2263,0.535621301775148,0.24515220452822,"TF:M12703","TF","Factor: ZNF383; motif: SSNGGGMGGNGSNGGS",20093,10404,"TF:M00000"
"query_1",TRUE,4.20822833919071e-27,6476,4225,1666,0.394319526627219,0.257257566399012,"TF:M00189_1","TF","Factor: AP-2; motif: MKCCCSCNGGCG; match class: 1",20093,159,"TF:M00189"
"query_1",TRUE,4.52273787822272e-27,3662,4225,1025,0.242603550295858,0.2799016930639,"TF:M07354_1","TF","Factor: Egr-1; motif: GCGGGGGCGG; match class: 1",20093,1673,"TF:M07354"
"query_1",TRUE,6.57470063341229e-27,12961,4225,3028,0.716686390532544,0.233623948769385,"TF:M07040","TF","Factor: GKLF; motif: NNRRGRRNGNSNNN",20093,3286,"TF:M00000"
"query_1",TRUE,9.43201522367213e-27,8836,4225,2176,0.515029585798817,0.246265278406519,"TF:M04953","TF","Factor: Sp1; motif: GGNDGGRGGCGGGG",20093,8052,"TF:M00000"
"query_1",TRUE,1.16239430780307e-26,10807,4225,2589,0.612781065088757,0.23956694734894,"TF:M07289_1","TF","Factor: GKLF; motif: NNNRGGNGNGGSN; match class: 1",20093,3289,"TF:M07289"
"query_1",TRUE,1.39384898365723e-26,11549,4225,2741,0.648757396449704,0.237336565936445,"TF:M04516","TF","Factor: E2F-1; motif: TTTGGCGCCAAA",20093,1474,"TF:M00000"
"query_1",TRUE,1.76610753486131e-26,6312,4225,1626,0.384852071005917,0.257604562737643,"TF:M07208","TF","Factor: EGR1; motif: NCNCCGCCCCCGCN",20093,1656,"TF:M00000"
"query_1",TRUE,1.95476898507006e-26,8653,4225,2135,0.505325443786982,0.246735236334219,"TF:M10112","TF","Factor: Miz-1; motif: NNRGGWGGGGGAGGGGMRR",20093,5362,"TF:M00000"
"query_1",TRUE,2.1366768941097e-26,13835,4225,3198,0.756923076923077,0.231152873147814,"TF:M03876","TF","Factor: Kaiso; motif: GCMGGGRGCRGS",20093,4678,"TF:M00000"
"query_1",TRUE,2.57422170673698e-26,10953,4225,2617,0.619408284023669,0.238929973523236,"TF:M07084","TF","Factor: E2F-4; motif: NGGCGGGAARN",20093,1548,"TF:M00000"
"query_1",TRUE,3.32108232217666e-26,14949,4225,3413,0.807810650887574,0.22830958592548,"TF:M07289","TF","Factor: GKLF; motif: NNNRGGNGNGGSN",20093,3288,"TF:M00000"
"query_1",TRUE,4.10090484313595e-26,10375,4225,2496,0.590769230769231,0.240578313253012,"TF:M04516_1","TF","Factor: E2F-1; motif: TTTGGCGCCAAA; match class: 1",20093,1475,"TF:M04516"
"query_1",TRUE,4.19662496364839e-26,8780,4225,2160,0.511242603550296,0.246013667425968,"TF:M12666","TF","Factor: SP1; motif: GGCCCCGCCCCCN",20093,8066,"TF:M00000"
"query_1",TRUE,5.75033865375402e-26,3554,4225,994,0.235266272189349,0.279684862127181,"TF:M00982_1","TF","Factor: KROX; motif: CCCGCCCCCRCCCC; match class: 1",20093,4767,"TF:M00982"
"query_1",TRUE,7.06218890551845e-26,6968,4225,1767,0.418224852071006,0.253587830080367,"TF:M12464","TF","Factor: ZNF148; motif: NNCCCCTCCCCC",20093,9776,"TF:M00000"
"query_1",TRUE,7.18258051559682e-26,7087,4225,1793,0.424378698224852,0.252998447862283,"TF:M09834","TF","Factor: ZNF148; motif: NNNNNNCCNNCCCCTCCCCCACCCN",20093,9774,"TF:M00000"
"query_1",TRUE,7.24498586512242e-26,3227,4225,916,0.216804733727811,0.283854973659746,"TF:M08878_1","TF","Factor: EGR; motif: CGCCCCCGCNN; match class: 1",20093,1713,"TF:M08878"
"query_1",TRUE,1.0577087110194e-25,7592,4225,1902,0.450177514792899,0.250526870389884,"TF:M09765","TF","Factor: SP1; motif: NRGKGGGCGGGGCN",20093,8056,"TF:M00000"
"query_1",TRUE,1.42774239130864e-25,16600,4225,3719,0.880236686390533,0.224036144578313,"TF:M11603","TF","Factor: TCF-1; motif: ACATCGRGRCGCTGW",20093,8640,"TF:M00000"
"query_1",TRUE,1.47412892187165e-25,6663,4225,1698,0.40189349112426,0.254840162089149,"TF:M07436","TF","Factor: WT1; motif: NNGGGNGGGSGN",20093,9226,"TF:M00000"
"query_1",TRUE,4.3388962059362e-25,5618,4225,1463,0.346272189349112,0.260412958348167,"TF:M05327","TF","Factor: WT1; motif: NGCGGGGGGGTSMMCYN",20093,9222,"TF:M00000"
"query_1",TRUE,4.52807798211454e-25,5405,4225,1415,0.33491124260355,0.261794634597595,"TF:M07084_1","TF","Factor: E2F-4; motif: NGGCGGGAARN; match class: 1",20093,1549,"TF:M07084"
"query_1",TRUE,8.73632661482835e-25,7812,4225,1944,0.460118343195266,0.248847926267281,"TF:M03567","TF","Factor: Sp2; motif: NYSGCCCCGCCCCCY",20093,8100,"TF:M00000"
"query_1",TRUE,9.92667641398787e-25,8905,4225,2178,0.515502958579882,0.244581695676586,"TF:M08487_1","TF","Factor: GCMa:Erg; motif: ATGCGGGCGGAARKG; match class: 1",20093,3157,"TF:M08487"
"query_1",TRUE,1.0207856049249e-24,6414,4225,1638,0.387692307692308,0.255378858746492,"TF:M07395_1","TF","Factor: Sp1; motif: NGGGGCGGGGN; match class: 1",20093,8071,"TF:M07395"
"query_1",TRUE,1.19790903541432e-24,5898,4225,1523,0.360473372781065,0.258223126483554,"TF:M10107","TF","Factor: DB1; motif: GGRRRRGRRGGAGGGGGNGRRR",20093,1226,"TF:M00000"
"query_1",TRUE,1.23338451479179e-24,6584,4225,1675,0.396449704142012,0.254404617253949,"TF:M02281","TF","Factor: SP1; motif: CCCCKCCCCC",20093,8048,"TF:M00000"
"query_1",TRUE,1.59240897823172e-24,6901,4225,1744,0.412781065088757,0.252716997536589,"TF:M07615","TF","Factor: Sp3; motif: GGGGCGGGGSNN",20093,8112,"TF:M00000"
"query_1",TRUE,2.13502721089595e-24,6107,4225,1568,0.37112426035503,0.256754543965941,"TF:M00932_1","TF","Factor: Sp1; motif: NNGGGGCGGGGNN; match class: 1",20093,8075,"TF:M00932"
"query_1",TRUE,2.15839996577687e-24,6609,4225,1679,0.397396449704142,0.25404751096989,"TF:M13149_1","TF","Factor: ZNF219; motif: SNNCAGCACCNNGGNCAGCGSC; match class: 1",20093,9923,"TF:M13149"
"query_1",TRUE,2.26094697224344e-24,4394,4225,1181,0.279526627218935,0.26877560309513,"TF:M10432_1","TF","Factor: MAZ; motif: GGGMGGGGS; match class: 1",20093,5151,"TF:M10432"
"query_1",TRUE,2.42003300562109e-24,14185,4225,3255,0.770414201183432,0.229467747620726,"TF:M08487","TF","Factor: GCMa:Erg; motif: ATGCGGGCGGAARKG",20093,3156,"TF:M00000"
"query_1",TRUE,5.69673086225325e-24,10181,4225,2442,0.577988165680473,0.239858560062862,"TF:M08867","TF","Factor: AP2; motif: GCCYGSGGSN",20093,156,"TF:M00000"
"query_1",TRUE,5.71749304940626e-24,15778,4225,3559,0.842366863905325,0.225567245531753,"TF:M08207_1","TF","Factor: E2F-3:TBR2; motif: ANGTGYKANGGCGCSTTNNCRNNT; match class: 1",20093,1515,"TF:M08207"
"query_1",TRUE,6.27076802963496e-24,12934,4225,3005,0.711242603550296,0.232333384877068,"TF:M08441_1","TF","Factor: AP-2gamma:Elk-1; motif: NGCCKNRGGSGRCGGAAGTG; match class: 1",20093,8823,"TF:M08441"
"query_1",TRUE,8.70335658018887e-24,6196,4225,1584,0.37491124260355,0.255648805681085,"TF:M06948_1","TF","Factor: Sp2; motif: TGGGCGCGCCCA; match class: 1",20093,8087,"TF:M06948"
"query_1",TRUE,8.74153523766275e-24,5980,4225,1536,0.363550295857988,0.25685618729097,"TF:M00196_1","TF","Factor: Sp1; motif: NGGGGGCGGGGYN; match class: 1",20093,8077,"TF:M00196"
"query_1",TRUE,9.04646854125405e-24,8620,4225,2111,0.499644970414201,0.244895591647332,"TF:M13142","TF","Factor: ZBTB33; motif: GGYGCTG",20093,9380,"TF:M00000"
"query_1",TRUE,9.75098462857002e-24,8294,4225,2041,0.483076923076923,0.246081504702194,"TF:M07040_1","TF","Factor: GKLF; motif: NNRRGRRNGNSNNN; match class: 1",20093,3287,"TF:M07040"
"query_1",TRUE,1.10115543408979e-23,8956,4225,2182,0.516449704142012,0.243635551585529,"TF:M06948","TF","Factor: Sp2; motif: TGGGCGCGCCCA",20093,8086,"TF:M00000"
"query_1",TRUE,1.10653248310047e-23,6055,4225,1552,0.367337278106509,0.256317093311313,"TF:M09723_1","TF","Factor: BTEB1; motif: GGGGGCGGGGCNGSGGGNGS; match class: 1",20093,631,"TF:M09723"
"query_1",TRUE,1.29790947457864e-23,5958,4225,1530,0.362130177514793,0.256797583081571,"TF:M00931_1","TF","Factor: Sp1; motif: GGGGCGGGGC; match class: 1",20093,8079,"TF:M00931"
"query_1",TRUE,1.64658837512672e-23,8329,4225,2047,0.484497041420118,0.245767799255613,"TF:M10530","TF","Factor: sp4; motif: NNNGCYCCGCCCCCY",20093,8118,"TF:M00000"
"query_1",TRUE,2.03001400030408e-23,4001,4225,1085,0.256804733727811,0.271182204448888,"TF:M03893_1","TF","Factor: WT1; motif: GNGGGGGCGGGG; match class: 1",20093,9233,"TF:M03893"
"query_1",TRUE,2.34207406463844e-23,11068,4225,2622,0.620591715976331,0.236899168774846,"TF:M04950","TF","Factor: Egr-1; motif: NGCGTGCGY",20093,1654,"TF:M00000"
"query_1",TRUE,4.02078905706409e-23,3784,4225,1033,0.244497041420118,0.272991543340381,"TF:M13366_1","TF","Factor: ZBED4; motif: CCCGCYCCGC; match class: 1",20093,9317,"TF:M13366"
"query_1",TRUE,7.90641445366477e-23,11065,4225,2618,0.619644970414201,0.236601897876186,"TF:M12354","TF","Factor: ZNF37A; motif: CCYYGGCTCCNTSCCMN",20093,10390,"TF:M00000"
"query_1",TRUE,8.44801237179545e-23,7258,4225,1811,0.428639053254438,0.24951777349132,"TF:M02023","TF","Factor: MAZ; motif: NKGGGAGGGGRGGR",20093,5158,"TF:M00000"
"query_1",TRUE,8.45848493234604e-23,15741,4225,3546,0.839289940828402,0.22527158376215,"TF:M11882","TF","Factor: pax-6; motif: NYACGCNYSANYGMNCN",20093,6594,"TF:M00000"
"query_1",TRUE,1.2691843219777e-22,10214,4225,2440,0.577514792899408,0.238887801057372,"TF:M00008","TF","Factor: Sp1; motif: GGGGCGGGGT",20093,8044,"TF:M00000"
"query_1",TRUE,1.69902038131235e-22,5630,4225,1450,0.343195266272189,0.257548845470693,"TF:M12354_1","TF","Factor: ZNF37A; motif: CCYYGGCTCCNTSCCMN; match class: 1",20093,10391,"TF:M12354"
"query_1",TRUE,2.16169615468449e-22,9180,4225,2221,0.525680473372781,0.241938997821351,"TF:M00800","TF","Factor: AP-2; motif: GSCCSCRGGCNRNRNN",20093,154,"TF:M00000"
"query_1",TRUE,2.51941755173073e-22,7309,4225,1819,0.430532544378698,0.248871254617595,"TF:M08874","TF","Factor: E2F1; motif: NNNNNGCGSSAAAN",20093,1492,"TF:M00000"
"query_1",TRUE,2.83883871148107e-22,12627,4225,2933,0.694201183431953,0.232280034845965,"TF:M12598","TF","Factor: E2F3; motif: NNRGMKGGAR",20093,1534,"TF:M00000"
"query_1",TRUE,2.88228896265489e-22,3981,4225,1074,0.254201183431953,0.269781461944235,"TF:M10112_1","TF","Factor: Miz-1; motif: NNRGGWGGGGGAGGGGMRR; match class: 1",20093,5363,"TF:M10112"
"query_1",TRUE,3.26053963289278e-22,6354,4225,1609,0.380828402366864,0.25322631413283,"TF:M07129","TF","Factor: Sp2; motif: GYCCCGCCYCYNNNN",20093,8088,"TF:M00000"
"query_1",TRUE,4.05273379326584e-22,7939,4225,1954,0.462485207100592,0.24612671621111,"TF:M13128_1","TF","Factor: MED8; motif: CYYNSCYYCCTSCNCC; match class: 1",20093,5171,"TF:M13128"
"query_1",TRUE,4.31773729967171e-22,13001,4225,3007,0.711715976331361,0.231289900776863,"TF:M13128","TF","Factor: MED8; motif: CYYNSCYYCCTSCNCC",20093,5170,"TF:M00000"
"query_1",TRUE,5.44083485480701e-22,10067,4225,2405,0.569230769230769,0.238899374192908,"TF:M09896","TF","Factor: E2F-7; motif: GRGGCGGGAANNN",20093,1570,"TF:M00000"
"query_1",TRUE,5.85653136452137e-22,11229,4225,2646,0.626272189349112,0.235639861074005,"TF:M13132","TF","Factor: ZNF609; motif: GNSNGGGNGCTGN",20093,11086,"TF:M00000"
"query_1",TRUE,6.25750227600958e-22,9195,4225,2221,0.525680473372781,0.241544317563893,"TF:M08911","TF","Factor: CTCF; motif: NCCRSTAGGGGGCGC",20093,1164,"TF:M00000"
"query_1",TRUE,6.35410178336697e-22,4150,4225,1111,0.262958579881657,0.267710843373494,"TF:M01072","TF","Factor: HIC1; motif: NSNNNNTGCCCSSNN",20093,3530,"TF:M00000"
"query_1",TRUE,8.63744641559825e-22,2863,4225,809,0.191479289940828,0.282570730003493,"TF:M10108_1","TF","Factor: WT1; motif: RGGNGGGGGAGGRGGNGGRG; match class: 1",20093,9225,"TF:M10108"
"query_1",TRUE,1.11620822869644e-21,11535,4225,2707,0.640710059171598,0.234677069787603,"TF:M11882_1","TF","Factor: pax-6; motif: NYACGCNYSANYGMNCN; match class: 1",20093,6595,"TF:M11882"
"query_1",TRUE,1.79060416310772e-21,6344,4225,1602,0.379171597633136,0.252522068095839,"TF:M07063","TF","Factor: Sp1; motif: GGGGCGGGGC",20093,8072,"TF:M00000"
"query_1",TRUE,3.40814527852733e-21,15523,4225,3496,0.827455621301775,0.225214198286414,"TF:M04826_1","TF","Factor: p300; motif: ACNTCCG; match class: 1",20093,1993,"TF:M04826"
"query_1",TRUE,3.40989436979623e-21,6153,4225,1558,0.368757396449704,0.253209816349748,"TF:M03896","TF","Factor: EGR1; motif: NACGCCCACGCANW",20093,1646,"TF:M00000"
"query_1",TRUE,1.05839505989629e-20,16658,4225,3707,0.877396449704142,0.222535718573658,"TF:M08441","TF","Factor: AP-2gamma:Elk-1; motif: NGCCKNRGGSGRCGGAAGTG",20093,8822,"TF:M00000"
"query_1",TRUE,1.0741547200979e-20,6249,4225,1576,0.37301775147929,0.252200352056329,"TF:M13146","TF","Factor: ZNF232; motif: NCAGCASCNNGGNCAGCGCC",20093,9986,"TF:M00000"
"query_1",TRUE,1.61768978712872e-20,5270,4225,1357,0.321183431952663,0.257495256166983,"TF:M09761","TF","Factor: EGR1; motif: NGNGKGGGYGGNGS",20093,1662,"TF:M00000"
"query_1",TRUE,1.82210516843368e-20,5325,4225,1369,0.324023668639053,0.257089201877934,"TF:M09658","TF","Factor: Sp2; motif: GGSNNGGGGGCGGGGCCNGNGS",20093,8090,"TF:M00000"
"query_1",TRUE,1.97818218260496e-20,6085,4225,1538,0.364023668639053,0.252752670501233,"TF:M12158_1","TF","Factor: KLF15; motif: NCCMCGCCCMCN; match class: 1",20093,4701,"TF:M12158"
"query_1",TRUE,2.2241575751186e-20,5225,4225,1346,0.318579881656805,0.257607655502392,"TF:M00933_1","TF","Factor: Sp1; motif: CCCCGCCCCN; match class: 1",20093,8069,"TF:M00933"
"query_1",TRUE,2.44039943314949e-20,7375,4225,1820,0.430769230769231,0.246779661016949,"TF:M13148","TF","Factor: ZSCAN21; motif: NSNGNSCNNGGTGCTG",20093,9668,"TF:M00000"
"query_1",TRUE,2.72402754616663e-20,5491,4225,1405,0.332544378698225,0.25587324713167,"TF:M07250_1","TF","Factor: E2F-1; motif: NNNSSCGCSAANN; match class: 1",20093,1491,"TF:M07250"
"query_1",TRUE,3.29620933459968e-20,4535,4225,1189,0.281420118343195,0.262183020948181,"TF:M01857_1","TF","Factor: AP-2alpha; motif: NGCCYSNNGSN; match class: 1",20093,139,"TF:M01857"
"query_1",TRUE,4.49712779440187e-20,6404,4225,1606,0.380118343195266,0.250780762023735,"TF:M02090_1","TF","Factor: E2F-4; motif: GCGGGAAANA; match class: 1",20093,1559,"TF:M02090"
"query_1",TRUE,4.79215013728782e-20,5907,4225,1496,0.354082840236686,0.253258845437616,"TF:M12227_1","TF","Factor: ZIC4; motif: NNCCNCCCRYNGYGN; match class: 1",20093,9639,"TF:M12227"
"query_1",TRUE,5.81781865123069e-20,6923,4225,1719,0.406863905325444,0.248302758919544,"TF:M01118","TF","Factor: WT1; motif: SMCNCCNSC",20093,9228,"TF:M00000"
"query_1",TRUE,5.95211521957678e-20,5331,4225,1367,0.323550295857988,0.256424685800038,"TF:M13132_1","TF","Factor: ZNF609; motif: GNSNGGGNGCTGN; match class: 1",20093,11087,"TF:M13132"
"query_1",TRUE,7.27763214842088e-20,4233,4225,1118,0.264615384615385,0.264115284668084,"TF:M00800_1","TF","Factor: AP-2; motif: GSCCSCRGGCNRNRNN; match class: 1",20093,155,"TF:M00800"
"query_1",TRUE,8.61517508054635e-20,2696,4225,759,0.179644970414201,0.281528189910979,"TF:M10107_1","TF","Factor: DB1; motif: GGRRRRGRRGGAGGGGGNGRRR; match class: 1",20093,1227,"TF:M10107"
"query_1",TRUE,8.66537999672365e-20,11165,4225,2618,0.619644970414201,0.23448275862069,"TF:M04787_1","TF","Factor: RXR-alpha; motif: NSNRGCGCCCYCTGGYGGCN; match class: 1",20093,7591,"TF:M04787"
"query_1",TRUE,8.75462954965523e-20,9992,4225,2374,0.56189349112426,0.237590072057646,"TF:M01865","TF","Factor: BTEB3; motif: BNRNGGGAGGNGT",20093,654,"TF:M00000"
"query_1",TRUE,8.78643275519934e-20,10514,4225,2483,0.587692307692308,0.236161308731216,"TF:M00736","TF","Factor: E2F-1:DP-1; motif: TTTCSCGC",20093,1460,"TF:M00000"
"query_1",TRUE,9.31540950257907e-20,4640,4225,1210,0.286390532544379,0.260775862068966,"TF:M10071_1","TF","Factor: Sp1; motif: NGGGGGCGGGGCCNGGGGGGGG; match class: 1",20093,8059,"TF:M10071"
"query_1",TRUE,9.34830672238954e-20,11210,4225,2627,0.621775147928994,0.234344335414808,"TF:M12227","TF","Factor: ZIC4; motif: NNCCNCCCRYNGYGN",20093,9638,"TF:M00000"
"query_1",TRUE,1.05687283251587e-19,6927,4225,1718,0.406627218934911,0.248015013714451,"TF:M07329","TF","Factor: Osx; motif: CCNCCCCCNNN",20093,6398,"TF:M00000"
"query_1",TRUE,1.09141989491907e-19,8003,4225,1951,0.461775147928994,0.243783581157066,"TF:M07380_1","TF","Factor: E2F-4; motif: NTTTCSCGCC; match class: 1",20093,1557,"TF:M07380"
"query_1",TRUE,1.09141989491907e-19,8446,4225,2046,0.484260355029586,0.242244849632962,"TF:M04106_1","TF","Factor: RUNX2; motif: NRACCGCAAACCGCAN; match class: 1",20093,7561,"TF:M04106"
"query_1",TRUE,1.4122625586801e-19,13337,4225,3058,0.723786982248521,0.229286946089825,"TF:M11533","TF","Factor: E2F-1; motif: NTTTTGGCGCCAWWWN",20093,1480,"TF:M00000"
"query_1",TRUE,1.65966633124123e-19,3942,4225,1049,0.248284023668639,0.266108574327752,"TF:M08911_1","TF","Factor: CTCF; motif: NCCRSTAGGGGGCGC; match class: 1",20093,1165,"TF:M08911"
"query_1",TRUE,2.52570117871499e-19,6962,4225,1723,0.407810650887574,0.247486354495835,"TF:M12183","TF","Factor: KLF14; motif: NRCCACRCCCMCN",20093,4692,"TF:M00000"
"query_1",TRUE,3.48445283804282e-19,9064,4225,2174,0.514556213017751,0.239849955869373,"TF:M00915","TF","Factor: AP-2; motif: SNNNCCNCAGGCN",20093,160,"TF:M00000"
"query_1",TRUE,4.09988693802472e-19,11140,4225,2608,0.617278106508876,0.23411131059246,"TF:M11058_1","TF","Factor: Hey1; motif: NGCRCGYGYN; match class: 1",20093,3507,"TF:M11058"
"query_1",TRUE,4.6762197136624e-19,2217,4225,640,0.151479289940828,0.288678394226432,"TF:M07208_1","TF","Factor: EGR1; motif: NCNCCGCCCCCGCN; match class: 1",20093,1657,"TF:M07208"
"query_1",TRUE,4.79991384994009e-19,8164,4225,1981,0.46887573964497,0.24265066144047,"TF:M12160_1","TF","Factor: KLF15; motif: RCCMCRCCCMCN; match class: 1",20093,4705,"TF:M12160"
"query_1",TRUE,5.65311373545575e-19,13397,4225,3066,0.725680473372781,0.228857206837352,"TF:M11058","TF","Factor: Hey1; motif: NGCRCGYGYN",20093,3506,"TF:M00000"
"query_1",TRUE,2.59330136951538e-18,9401,4225,2239,0.529940828402367,0.238166152536964,"TF:M10426","TF","Factor: ctcf; motif: CCRSCAGGGGGCGCN",20093,1174,"TF:M00000"
"query_1",TRUE,2.59330136951538e-18,4354,4225,1136,0.26887573964497,0.260909508497933,"TF:M10426_1","TF","Factor: ctcf; motif: CCRSCAGGGGGCGCN; match class: 1",20093,1175,"TF:M10426"
"query_1",TRUE,3.23785051843346e-18,11647,4225,2706,0.640473372781065,0.232334506739933,"TF:M04710_1","TF","Factor: CHD2; motif: TCTCGCGAG; match class: 1",20093,859,"TF:M04710"
"query_1",TRUE,3.80600758415976e-18,5582,4225,1411,0.33396449704142,0.252776782515228,"TF:M04950_1","TF","Factor: Egr-1; motif: NGCGTGCGY; match class: 1",20093,1655,"TF:M04950"
"query_1",TRUE,5.16821752300876e-18,7009,4225,1724,0.408047337278106,0.245969467827079,"TF:M10529","TF","Factor: Sp1; motif: RGGGMGGRGSNGGGG",20093,8060,"TF:M00000"
"query_1",TRUE,5.90011863597145e-18,9589,4225,2276,0.538698224852071,0.237355302951298,"TF:M11022","TF","Factor: IRX2a; motif: ACRYGNNNNACRYGT",20093,4538,"TF:M00000"
"query_1",TRUE,7.05507718626861e-18,5915,4225,1483,0.351005917159763,0.250718512256974,"TF:M12313","TF","Factor: ZNF460; motif: NNACNCCCCCCNN",20093,10638,"TF:M00000"
"query_1",TRUE,7.22783362522669e-18,4261,4225,1112,0.263195266272189,0.260971602910115,"TF:M12648","TF","Factor: PATZ1; motif: SCNCCNCNSCCCCCASCCN",20093,6500,"TF:M00000"
"query_1",TRUE,8.24623072476764e-18,10410,4225,2447,0.579171597633136,0.235062439961575,"TF:M12725","TF","Factor: PHB; motif: NCCCAGCCCCY",20093,6724,"TF:M00000"
"query_1",TRUE,1.28549108003828e-17,5141,4225,1309,0.309822485207101,0.254619723789146,"TF:M08867_1","TF","Factor: AP2; motif: GCCYGSGGSN; match class: 1",20093,157,"TF:M08867"
"query_1",TRUE,1.3088085857974e-17,6496,4225,1609,0.380828402366864,0.247690886699507,"TF:M12508","TF","Factor: EGR1; motif: NNMCGCCCACGCNN",20093,1670,"TF:M00000"
"query_1",TRUE,1.60985278534727e-17,4240,4225,1105,0.261538461538462,0.26061320754717,"TF:M03807_1","TF","Factor: SP2; motif: GNNGGGGGCGGGGSN; match class: 1",20093,8103,"TF:M03807"
"query_1",TRUE,1.62517518179325e-17,14018,4225,3180,0.752662721893491,0.226851191325439,"TF:M04106","TF","Factor: RUNX2; motif: NRACCGCAAACCGCAN",20093,7560,"TF:M00000"
"query_1",TRUE,1.8684951157824e-17,6748,4225,1663,0.393609467455621,0.246443390634262,"TF:M12590_1","TF","Factor: CP2; motif: NRRRCCGGCYNRARCCGGNN; match class: 1",20093,8897,"TF:M12590"
"query_1",TRUE,2.38940566961975e-17,3547,4225,945,0.223668639053254,0.266422328728503,"TF:M01303_1","TF","Factor: SP1; motif: GGGGYGGGGNS; match class: 1",20093,8047,"TF:M01303"
"query_1",TRUE,2.68934500317307e-17,4220,4225,1099,0.260118343195266,0.26042654028436,"TF:M01865_1","TF","Factor: BTEB3; motif: BNRNGGGAGGNGT; match class: 1",20093,655,"TF:M01865"
"query_1",TRUE,3.32314778948059e-17,9256,4225,2200,0.520710059171598,0.237683664649957,"TF:M01783","TF","Factor: SP2; motif: GGGCGGGAC",20093,8080,"TF:M00000"
"query_1",TRUE,3.35333044782564e-17,14357,4225,3245,0.768047337278106,0.226022149474124,"TF:M04710","TF","Factor: CHD2; motif: TCTCGCGAG",20093,858,"TF:M00000"
"query_1",TRUE,3.58418375376862e-17,2679,4225,741,0.175384615384615,0.276595744680851,"TF:M01873_1","TF","Factor: Egr-1; motif: GCGGGGGCGG; match class: 1",20093,1675,"TF:M01873"
"query_1",TRUE,5.36987982836307e-17,9971,4225,2349,0.555976331360947,0.235583191254638,"TF:M12704","TF","Factor: ZNF432; motif: NCAGNRCCNSRGRCAGC",20093,10524,"TF:M00000"
"query_1",TRUE,5.42216553659984e-17,9510,4225,2252,0.53301775147929,0.236803364879075,"TF:M00649","TF","Factor: MAZ; motif: GGGGAGGG",20093,5156,"TF:M00000"
"query_1",TRUE,5.87981084948873e-17,4738,4225,1214,0.287337278106509,0.256226255804137,"TF:M09603","TF","Factor: Egr-1; motif: NNNNNGYGKGGGNGGGNN",20093,1660,"TF:M00000"
"query_1",TRUE,6.77551218989324e-17,3034,4225,823,0.194792899408284,0.271259063941991,"TF:M03806","TF","Factor: ZBTB7C; motif: GKCCCGGGCKG",20093,9458,"TF:M00000"
"query_1",TRUE,6.78639117004049e-17,8843,4225,2110,0.499408284023669,0.238606807644465,"TF:M11533_1","TF","Factor: E2F-1; motif: NTTTTGGCGCCAWWWN; match class: 1",20093,1481,"TF:M11533"
"query_1",TRUE,1.38739838929598e-16,8624,4225,2061,0.487810650887574,0.238984230055659,"TF:M05332","TF","Factor: Sp2; motif: WGGGCGG",20093,8084,"TF:M00000"
"query_1",TRUE,1.38739838929598e-16,8624,4225,2061,0.487810650887574,0.238984230055659,"TF:M05361","TF","Factor: Sp6; motif: WGGGCGG",20093,8130,"TF:M00000"
"query_1",TRUE,1.38739838929598e-16,8624,4225,2061,0.487810650887574,0.238984230055659,"TF:M05444","TF","Factor: CPBP; motif: NGGGCGG",20093,966,"TF:M00000"
"query_1",TRUE,1.6108983934544e-16,7865,4225,1898,0.449230769230769,0.241322314049587,"TF:M09895","TF","Factor: E2F-6; motif: NGGGCGGGARRNN",20093,1564,"TF:M00000"
"query_1",TRUE,2.19214066425542e-16,6268,4225,1550,0.366863905325444,0.24728781110402,"TF:M08875","TF","Factor: E2F; motif: NNTTTCGCGCN",20093,1602,"TF:M00000"
"query_1",TRUE,2.20726984450726e-16,7397,4225,1796,0.42508875739645,0.242801135595512,"TF:M01175","TF","Factor: CKROX; motif: SCCCTCCCC",20093,874,"TF:M00000"
"query_1",TRUE,2.25377785377901e-16,9386,4225,2221,0.525680473372781,0.236629021947582,"TF:M10086","TF","Factor: TAFII250; motif: RARRWGGCGGMGGNGR",20093,8398,"TF:M00000"
"query_1",TRUE,3.62858166580471e-16,11130,4225,2584,0.611597633136095,0.232165318957772,"TF:M12590","TF","Factor: CP2; motif: NRRRCCGGCYNRARCCGGNN",20093,8896,"TF:M00000"
"query_1",TRUE,3.62858166580471e-16,12161,4225,2796,0.661775147928994,0.229915303017844,"TF:M00426","TF","Factor: E2F; motif: TTTSGCGS",20093,1596,"TF:M00000"
"query_1",TRUE,3.89022328641908e-16,5277,4225,1329,0.314556213017751,0.251847640704946,"TF:M12057","TF","Factor: ZBP99; motif: GCCCMTCCCCCR",20093,9532,"TF:M00000"
"query_1",TRUE,5.01171164854669e-16,8668,4225,2066,0.488994082840237,0.238347946469774,"TF:M05439","TF","Factor: RREB-1; motif: GGGWCSA",20093,7548,"TF:M00000"
"query_1",TRUE,5.6822292774547e-16,9491,4225,2240,0.530177514792899,0.236013065008956,"TF:M09862","TF","Factor: ZNF614; motif: NCYCWGCCYYNNN",20093,11106,"TF:M00000"
"query_1",TRUE,6.45811262636188e-16,8705,4225,2073,0.490650887573965,0.238139000574383,"TF:M09727","TF","Factor: GEMIN3; motif: NCWGGRARRGRGNGNG",20093,3256,"TF:M00000"
"query_1",TRUE,7.05161015992145e-16,4182,4225,1081,0.25585798816568,0.258488761358202,"TF:M00649_1","TF","Factor: MAZ; motif: GGGGAGGG; match class: 1",20093,5157,"TF:M00649"
"query_1",TRUE,7.79993019419048e-16,9501,4225,2241,0.530414201183432,0.235869908430691,"TF:M00470","TF","Factor: AP-2gamma; motif: GCCYNNGGS",20093,142,"TF:M00000"
"query_1",TRUE,8.22596479540425e-16,5144,4225,1297,0.30698224852071,0.252138413685848,"TF:M04797","TF","Factor: Egr-1; motif: CCGCCCMCG",20093,1648,"TF:M00000"
"query_1",TRUE,8.73692129298621e-16,3646,4225,958,0.226745562130178,0.262753702687877,"TF:M03567_1","TF","Factor: Sp2; motif: NYSGCCCCGCCCCCY; match class: 1",20093,8101,"TF:M03567"
"query_1",TRUE,8.82672224199468e-16,5753,4225,1432,0.338934911242604,0.248913610290283,"TF:M12660","TF","Factor: SATB2; motif: GSCGCTGTCCNNGGTGCTGN",20093,7660,"TF:M00000"
"query_1",TRUE,1.06740183393161e-15,3086,4225,828,0.195976331360947,0.268308489954634,"TF:M01858_1","TF","Factor: AP-2beta; motif: GCNNNGGSCNGVGGGN; match class: 1",20093,141,"TF:M01858"
"query_1",TRUE,1.08247416281066e-15,17375,4225,3814,0.902721893491124,0.219510791366906,"TF:M08207","TF","Factor: E2F-3:TBR2; motif: ANGTGYKANGGCGCSTTNNCRNNT",20093,1514,"TF:M00000"
"query_1",TRUE,1.09282903826679e-15,7099,4225,1726,0.408520710059172,0.243132835610649,"TF:M10098","TF","Factor: DP-1; motif: NRNNGGCGGGAANN",20093,8900,"TF:M00000"
"query_1",TRUE,1.09843323509506e-15,4210,4225,1086,0.257041420118343,0.257957244655582,"TF:M07277_1","TF","Factor: BTEB2; motif: RGGGNGKGGN; match class: 1",20093,643,"TF:M07277"
"query_1",TRUE,1.14210925317746e-15,4876,4225,1236,0.292544378698225,0.253486464315012,"TF:M12725_1","TF","Factor: PHB; motif: NCCCAGCCCCY; match class: 1",20093,6725,"TF:M12725"
"query_1",TRUE,1.21032948294315e-15,7313,4225,1772,0.419408284023669,0.242308218241488,"TF:M00938","TF","Factor: E2F-1; motif: TTGGCGCGRAANNGNM",20093,1486,"TF:M00000"
"query_1",TRUE,1.42139928185414e-15,2995,4225,806,0.190769230769231,0.269115191986644,"TF:M12697","TF","Factor: ZNF142; motif: SNSCGCCCGCCCGCSCSS",20093,9770,"TF:M00000"
"query_1",TRUE,1.5649929646019e-15,9040,4225,2141,0.506745562130178,0.236836283185841,"TF:M00428","TF","Factor: E2F-1; motif: NKTSSCGC",20093,1484,"TF:M00000"
"query_1",TRUE,1.90310498045534e-15,3317,4225,880,0.208284023668639,0.265299969852276,"TF:M09968","TF","Factor: KLF15; motif: RGGGMGGRGNNGGGGGNGG",20093,4696,"TF:M00000"
"query_1",TRUE,2.83970260316632e-15,5621,4225,1399,0.33112426035503,0.248888098203167,"TF:M11595_1","TF","Factor: GCMa; motif: RTGCGGGTN; match class: 1",20093,3199,"TF:M11595"
"query_1",TRUE,3.75369789816179e-15,3953,4225,1024,0.242366863905325,0.259043764229699,"TF:M00915_1","TF","Factor: AP-2; motif: SNNNCCNCAGGCN; match class: 1",20093,161,"TF:M00915"
"query_1",TRUE,3.75369789816179e-15,12932,4225,2945,0.697041420118343,0.22772966285184,"TF:M08309","TF","Factor: GCMa:Elk-1; motif: RTGNGGGCGGAAGNN",20093,3150,"TF:M00000"
"query_1",TRUE,4.05455444505447e-15,2542,4225,697,0.164970414201183,0.274193548387097,"TF:M12464_1","TF","Factor: ZNF148; motif: NNCCCCTCCCCC; match class: 1",20093,9777,"TF:M12464"
"query_1",TRUE,4.59914350662949e-15,6616,4225,1616,0.382485207100592,0.244256348246675,"TF:M09898","TF","Factor: Egr-2; motif: GNGRRNGWGKGGGNGGRG",20093,1682,"TF:M00000"
"query_1",TRUE,6.65729929331159e-15,4424,4225,1129,0.267218934911243,0.255198915009042,"TF:M12666_1","TF","Factor: SP1; motif: GGCCCCGCCCCCN; match class: 1",20093,8067,"TF:M12666"
"query_1",TRUE,7.71288557380927e-15,4537,4225,1154,0.273136094674556,0.254353096759974,"TF:M09896_1","TF","Factor: E2F-7; motif: GRGGCGGGAANNN; match class: 1",20093,1571,"TF:M09896"
"query_1",TRUE,7.71288557380927e-15,3660,4225,955,0.22603550295858,0.260928961748634,"TF:M07617","TF","Factor: Sp4; motif: SCCCCKCCCCCSN",20093,8122,"TF:M00000"
"query_1",TRUE,8.19420941931569e-15,3543,4225,928,0.219644970414201,0.261924922382162,"TF:M10435_1","TF","Factor: Sp2; motif: GGGGCGGGG; match class: 1",20093,8093,"TF:M10435"
"query_1",TRUE,8.64984574402899e-15,5079,4225,1275,0.301775147928994,0.251033668044891,"TF:M12694_1","TF","Factor: ZFP14; motif: SCNNYCCNGNNSCTSCNC; match class: 1",20093,9503,"TF:M12694"
"query_1",TRUE,9.49067608657016e-15,4159,4225,1068,0.252781065088757,0.256792498196682,"TF:M10086_1","TF","Factor: TAFII250; motif: RARRWGGCGGMGGNGR; match class: 1",20093,8399,"TF:M10086"
"query_1",TRUE,1.11775039974063e-14,13779,4225,3112,0.736568047337278,0.225850932578562,"TF:M04863","TF","Factor: TF3C-beta; motif: CCNGGAGGGCTTCCTGGAGGAG",20093,3424,"TF:M00000"
"query_1",TRUE,1.22621578415238e-14,10028,4225,2342,0.554319526627219,0.233546071001197,"TF:M00738","TF","Factor: E2F-4:DP-1; motif: TTTSGCGC",20093,1538,"TF:M00000"
"query_1",TRUE,1.75122216971179e-14,7913,4225,1892,0.447810650887574,0.239100214836345,"TF:M00940","TF","Factor: E2F-1; motif: NTTTCGCGCS",20093,1496,"TF:M00000"
"query_1",TRUE,1.75504976796626e-14,3960,4225,1021,0.241656804733728,0.257828282828283,"TF:M07226_1","TF","Factor: SP1; motif: NCCCCKCCCCC; match class: 1",20093,8055,"TF:M07226"
"query_1",TRUE,1.79274858893687e-14,4973,4225,1249,0.295621301775148,0.251156243716067,"TF:M00008_1","TF","Factor: Sp1; motif: GGGGCGGGGT; match class: 1",20093,8045,"TF:M00008"
"query_1",TRUE,1.95788563468399e-14,4129,4225,1059,0.250650887573964,0.256478566238799,"TF:M04953_1","TF","Factor: Sp1; motif: GGNDGGRGGCGGGG; match class: 1",20093,8053,"TF:M04953"
"query_1",TRUE,2.09256341130603e-14,15684,4225,3486,0.82508875739645,0.222264728385616,"TF:M04787","TF","Factor: RXR-alpha; motif: NSNRGCGCCCYCTGGYGGCN",20093,7590,"TF:M00000"
"query_1",TRUE,2.2064484878008e-14,4113,4225,1055,0.249704142011834,0.256503768538779,"TF:M01073","TF","Factor: HIC1; motif: NNNGGKTGCCCSNNNNNN",20093,3532,"TF:M00000"
"query_1",TRUE,2.27156178138408e-14,2139,4225,597,0.141301775147929,0.279102384291725,"TF:M08874_1","TF","Factor: E2F1; motif: NNNNNGCGSSAAAN; match class: 1",20093,1493,"TF:M08874"
"query_1",TRUE,2.27970828671012e-14,9568,4225,2243,0.530887573964497,0.234427257525084,"TF:M12636","TF","Factor: MLLT10; motif: CYNNCCNNGGNGCTG",20093,5374,"TF:M00000"
"query_1",TRUE,2.53370559782984e-14,4283,4225,1093,0.258698224852071,0.255194956805977,"TF:M09897","TF","Factor: Egr-1; motif: NNNNGCGKGGGYGGNRN",20093,1664,"TF:M00000"
"query_1",TRUE,2.82215752708243e-14,10291,4225,2394,0.566627218934911,0.232630453794578,"TF:M10008","TF","Factor: CSX; motif: NKRAGWGS",20093,5988,"TF:M00000"
"query_1",TRUE,3.87963076540771e-14,8727,4225,2063,0.488284023668639,0.23639280394179,"TF:M12593","TF","Factor: CTCF; motif: NNRSYGCCMCCTGSTGGCCN",20093,1176,"TF:M00000"
"query_1",TRUE,3.90900768400096e-14,2111,4225,589,0.139408284023669,0.27901468498342,"TF:M03896_1","TF","Factor: EGR1; motif: NACGCCCACGCANW; match class: 1",20093,1647,"TF:M03896"
"query_1",TRUE,4.33339847672651e-14,5626,4225,1391,0.329230769230769,0.247244934233914,"TF:M13135","TF","Factor: SP4; motif: GGCCCCGCCCCCN",20093,8120,"TF:M00000"
"query_1",TRUE,4.70977964092739e-14,2971,4225,791,0.187218934911243,0.266240323123527,"TF:M01219_1","TF","Factor: SP1:SP3; motif: CCSCCCCCYCC; match class: 1",20093,8043,"TF:M01219"
"query_1",TRUE,4.76107437462609e-14,13918,4225,3135,0.742011834319527,0.225247880442592,"TF:M08209","TF","Factor: E2F-3:FOXO6; motif: NAATGACACGCGCCCMC",20093,1518,"TF:M00000"
"query_1",TRUE,5.71765740390525e-14,10658,4225,2468,0.58414201183432,0.231563145055357,"TF:M00740","TF","Factor: Rb:E2F-1:DP-1; motif: TTTSGCGC",20093,1458,"TF:M00000"
"query_1",TRUE,6.09043534615864e-14,7363,4225,1769,0.418698224852071,0.240255330707592,"TF:M00431","TF","Factor: E2F-1; motif: TTTSGCGS",20093,1494,"TF:M00000"
"query_1",TRUE,6.15190231108783e-14,6768,4225,1640,0.388165680473373,0.242316784869976,"TF:M07249","TF","Factor: ctcf; motif: CCNCNAGRKGGCRSTN",20093,1182,"TF:M00000"
"query_1",TRUE,7.05384810062835e-14,7435,4225,1784,0.422248520710059,0.239946200403497,"TF:M08523_1","TF","Factor: E2F-1:TBR2; motif: NGGTGNNANGGCGCNNTNNCRNNN; match class: 1",20093,1467,"TF:M08523"
"query_1",TRUE,9.02144080386063e-14,12986,4225,2945,0.697041420118343,0.226782689049746,"TF:M07486","TF","Factor: ZNF300; motif: SWGGGGGSN",20093,10188,"TF:M00000"
"query_1",TRUE,9.52495830658197e-14,8372,4225,1984,0.469585798816568,0.236980410893454,"TF:M09739","TF","Factor: ZGPAT; motif: GRGGCWGNGGNG",20093,9610,"TF:M00000"
"query_1",TRUE,1.02828445423002e-13,10515,4225,2436,0.576568047337278,0.231669044222539,"TF:M04148","TF","Factor: TFAP2A; motif: NGCCCYNNGGGCN",20093,8790,"TF:M00000"
"query_1",TRUE,1.06130998810688e-13,9947,4225,2317,0.548402366863905,0.232934553131597,"TF:M04148_1","TF","Factor: TFAP2A; motif: NGCCCYNNGGGCN; match class: 1",20093,8791,"TF:M04148"
"query_1",TRUE,1.22719549793435e-13,5231,4225,1300,0.307692307692308,0.248518447715542,"TF:M03814","TF","Factor: BTEB2; motif: GNAGGGGGNGGGSSNN",20093,640,"TF:M00000"
"query_1",TRUE,1.27787344129673e-13,2927,4225,778,0.18414201183432,0.265801161598907,"TF:M09834_1","TF","Factor: ZNF148; motif: NNNNNNCCNNCCCCTCCCCCACCCN; match class: 1",20093,9775,"TF:M09834"
"query_1",TRUE,1.310085408491e-13,3640,4225,942,0.222958579881657,0.258791208791209,"TF:M13125","TF","Factor: ARID4B; motif: NNYCAGCACCNNGGNCAGCGSC",20093,200,"TF:M00000"
"query_1",TRUE,1.34606353301817e-13,3794,4225,977,0.231242603550296,0.257511860832894,"TF:M09970_1","TF","Factor: KLF3; motif: NNNNNNGGGCGGGGCNNGN; match class: 1",20093,4725,"TF:M09970"
"query_1",TRUE,1.50681270450292e-13,2710,4225,727,0.17207100591716,0.268265682656827,"TF:M07436_1","TF","Factor: WT1; motif: NNGGGNGGGSGN; match class: 1",20093,9227,"TF:M07436"
"query_1",TRUE,1.50767600869596e-13,5750,4225,1414,0.334674556213018,0.245913043478261,"TF:M00706","TF","Factor: TFII-I; motif: RGAGGKAGG",20093,8940,"TF:M00000"
"query_1",TRUE,1.99158013870384e-13,7671,4225,1831,0.433372781065089,0.238691174553513,"TF:M01100","TF","Factor: LRF; motif: GGGGKYNNB",20093,4952,"TF:M00000"
"query_1",TRUE,2.15946521395168e-13,7431,4225,1779,0.421065088757396,0.239402503027856,"TF:M00245","TF","Factor: Egr-3; motif: NTGCGTGGGCGK",20093,1692,"TF:M00000"
"query_1",TRUE,2.4355539856965e-13,11291,4225,2594,0.61396449704142,0.229740501284209,"TF:M00425","TF","Factor: E2F; motif: TTTCGCGC",20093,1592,"TF:M00000"
"query_1",TRUE,2.63047286692963e-13,12352,4225,2812,0.665562130177515,0.227655440414508,"TF:M08523","TF","Factor: E2F-1:TBR2; motif: NGGTGNNANGGCGCNNTNNCRNNN",20093,1466,"TF:M00000"
"query_1",TRUE,2.65548694628093e-13,5759,4225,1414,0.334674556213018,0.24552873762806,"TF:M08819","TF","Factor: LKLF; motif: CNCCACCCS",20093,4926,"TF:M00000"
"query_1",TRUE,2.93417325690286e-13,13313,4225,3007,0.711715976331361,0.225869450912642,"TF:M04595","TF","Factor: SALL2; motif: GGGTGGG",20093,7638,"TF:M00000"
"query_1",TRUE,3.68977849987178e-13,18452,4225,3996,0.945798816568047,0.216561890309994,"TF:M04934","TF","Factor: TR4; motif: ACCCCGS",20093,6122,"TF:M00000"
"query_1",TRUE,5.84749287415453e-13,1627,4225,466,0.110295857988166,0.286416717885679,"TF:M12737","TF","Factor: ZNF610; motif: NSCGCCGCTCCSNN",20093,11090,"TF:M00000"
"query_1",TRUE,5.93065880380209e-13,19010,4225,4091,0.968284023668639,0.215202524986849,"TF:M01822_1","TF","Factor: CPBP; motif: SNCCCNN; match class: 1",20093,975,"TF:M01822"
"query_1",TRUE,7.61559985513945e-13,10078,4225,2337,0.553136094674556,0.231891248263544,"TF:M11478","TF","Factor: AP-2beta; motif: NSCCNNNGGSN",20093,8812,"TF:M00000"
"query_1",TRUE,8.87518059237791e-13,12746,4225,2888,0.683550295857988,0.226580888121764,"TF:M08208","TF","Factor: E2F-3:FOXI1; motif: NGACACCGCGCCCAC",20093,1516,"TF:M00000"
"query_1",TRUE,9.53916984009714e-13,1574,4225,452,0.10698224852071,0.287166454891995,"TF:M09761_1","TF","Factor: EGR1; motif: NGNGKGGGYGGNGS; match class: 1",20093,1663,"TF:M09761"
"query_1",TRUE,1.14911246991697e-12,12149,4225,2765,0.654437869822485,0.227590748209729,"TF:M11401","TF","Factor: Fli-1; motif: NACCGGATATCCGGTN",20093,2538,"TF:M00000"
"query_1",TRUE,1.21069658095173e-12,14589,4225,3258,0.77112426035503,0.223318938926589,"TF:M08266","TF","Factor: ER71:Pax-5; motif: ACCGGAACYACGCWTSANTG",20093,2304,"TF:M00000"
"query_1",TRUE,1.21312978344309e-12,2516,4225,676,0.16,0.268680445151033,"TF:M07329_1","TF","Factor: Osx; motif: CCNCCCCCNNN; match class: 1",20093,6399,"TF:M07329"
"query_1",TRUE,1.22770716148269e-12,2851,4225,754,0.178461538461538,0.264468607506138,"TF:M10529_1","TF","Factor: Sp1; motif: RGGGMGGRGSNGGGG; match class: 1",20093,8061,"TF:M10529"
"query_1",TRUE,1.24152397049282e-12,5584,4225,1370,0.324260355029586,0.245343839541547,"TF:M00470_1","TF","Factor: AP-2gamma; motif: GCCYNNGGS; match class: 1",20093,143,"TF:M00470"
"query_1",TRUE,1.39736160198545e-12,8890,4225,2084,0.493254437869822,0.234420697412823,"TF:M03811","TF","Factor: AP-2gamma; motif: GCCYNCRGSN",20093,148,"TF:M00000"
"query_1",TRUE,1.42081808127429e-12,10755,4225,2476,0.58603550295858,0.23021850302185,"TF:M12694","TF","Factor: ZFP14; motif: SCNNYCCNGNNSCTSCNC",20093,9502,"TF:M00000"
"query_1",TRUE,1.47369341719606e-12,2996,4225,787,0.186272189349112,0.262683578104139,"TF:M07397_1","TF","Factor: ZBP89; motif: CCCCKCCCCCNN; match class: 1",20093,9321,"TF:M07397"
"query_1",TRUE,1.62952715497541e-12,9702,4225,2255,0.533727810650888,0.232426303854875,"TF:M00427","TF","Factor: E2F; motif: TTTSGCGS",20093,1604,"TF:M00000"
"query_1",TRUE,2.16444487601755e-12,8884,4225,2081,0.492544378698225,0.234241332733003,"TF:M00737","TF","Factor: E2F-1:DP-2; motif: TTTSSCGC",20093,1462,"TF:M00000"
"query_1",TRUE,2.16444487601755e-12,6245,4225,1513,0.35810650887574,0.242273819055244,"TF:M00244","TF","Factor: NGFI-C; motif: WTGCGTGGGYGG",20093,5940,"TF:M00000"
"query_1",TRUE,2.35786525495941e-12,7538,4225,1793,0.424378698224852,0.237861501724595,"TF:M04595_1","TF","Factor: SALL2; motif: GGGTGGG; match class: 1",20093,7639,"TF:M04595"
"query_1",TRUE,2.58104752773542e-12,14567,4225,3251,0.769467455621302,0.223175671037276,"TF:M11417","TF","Factor: c-Ets-2; motif: NACCGGAAGYRCTTCCGGTN",20093,2236,"TF:M00000"
"query_1",TRUE,2.69025684654231e-12,7787,4225,1846,0.436923076923077,0.237061769616027,"TF:M11883_1","TF","Factor: pax-6; motif: NYACGCNTSRNYGCNYN; match class: 1",20093,6597,"TF:M11883"
"query_1",TRUE,2.96532682062218e-12,2548,4225,681,0.161183431952663,0.267268445839874,"TF:M12742","TF","Factor: ZNF93; motif: GGYAGCRGCAGCGGYG",20093,11906,"TF:M00000"
"query_1",TRUE,3.06897200433073e-12,9221,4225,2151,0.509112426035503,0.233271879405704,"TF:M01721","TF","Factor: PUR1; motif: GGGNCAGNN",20093,7232,"TF:M00000"
"query_1",TRUE,3.58725311133552e-12,8133,4225,1919,0.454201183431953,0.235952293126767,"TF:M11478_1","TF","Factor: AP-2beta; motif: NSCCNNNGGSN; match class: 1",20093,8813,"TF:M11478"
"query_1",TRUE,3.81272329358857e-12,4204,4225,1059,0.250650887573964,0.251902949571836,"TF:M09862_1","TF","Factor: ZNF614; motif: NCYCWGCCYYNNN; match class: 1",20093,11107,"TF:M09862"
"query_1",TRUE,4.2369882574939e-12,3153,4225,820,0.194082840236686,0.260069774817634,"TF:M02023_1","TF","Factor: MAZ; motif: NKGGGAGGGGRGGR; match class: 1",20093,5159,"TF:M02023"
"query_1",TRUE,5.2535457267789e-12,2091,4225,572,0.135384615384615,0.273553323768532,"TF:M07249_1","TF","Factor: ctcf; motif: CCNCNAGRKGGCRSTN; match class: 1",20093,1183,"TF:M07249"
"query_1",TRUE,5.36009201880036e-12,11993,4225,2727,0.645443786982248,0.227382639873259,"TF:M11401_1","TF","Factor: Fli-1; motif: NACCGGATATCCGGTN; match class: 1",20093,2539,"TF:M11401"
"query_1",TRUE,5.8024954554493e-12,10188,4225,2352,0.556686390532544,0.230859835100118,"TF:M12173","TF","Factor: GKLF; motif: NNCCMCRCCCN",20093,4738,"TF:M00000"
"query_1",TRUE,6.48183639745026e-12,9966,4225,2305,0.545562130177515,0.23128637367048,"TF:M07261","TF","Factor: LKLF; motif: GGGGTGGKSN",20093,4924,"TF:M00000"
"query_1",TRUE,6.89884433803073e-12,6288,4225,1518,0.359289940828402,0.241412213740458,"TF:M11022_1","TF","Factor: IRX2a; motif: ACRYGNNNNACRYGT; match class: 1",20093,4539,"TF:M11022"
"query_1",TRUE,7.05362506093587e-12,10493,4225,2415,0.571597633136095,0.230153435623749,"TF:M00444","TF","Factor: VDR; motif: GGGKNARNRRGGWSA",20093,9178,"TF:M00000"
"query_1",TRUE,7.16904787781522e-12,2141,4225,583,0.137988165680473,0.272302662307333,"TF:M10151","TF","Factor: EZI; motif: GGGGAGGGGRRGGRGRRGGRRR",20093,2448,"TF:M00000"
"query_1",TRUE,7.36236685331477e-12,14260,4225,3186,0.754082840236686,0.223422159887798,"TF:M11417_1","TF","Factor: c-Ets-2; motif: NACCGGAAGYRCTTCCGGTN; match class: 1",20093,2237,"TF:M11417"
"query_1",TRUE,7.82866242505334e-12,11028,4225,2526,0.597869822485207,0.22905331882481,"TF:M11535","TF","Factor: E2F-4; motif: TTTTGGCGCCAWWN",20093,1552,"TF:M00000"
"query_1",TRUE,9.12461526406802e-12,6293,4225,1518,0.359289940828402,0.241220403623073,"TF:M12153","TF","Factor: Sp3; motif: NGCCACGCCCMCN",20093,8106,"TF:M00000"
"query_1",TRUE,9.56679946950683e-12,12756,4225,2881,0.68189349112426,0.225854499843211,"TF:M11052","TF","Factor: Hey2; motif: NNCACGYGNN",20093,3514,"TF:M00000"
"query_1",TRUE,1.16811242369063e-11,9887,4225,2286,0.541065088757396,0.231212703550116,"TF:M04109","TF","Factor: RUNX3; motif: NRACCGCAAACCGCAN",20093,7574,"TF:M00000"
"query_1",TRUE,1.39560418279558e-11,5720,4225,1391,0.329230769230769,0.243181818181818,"TF:M12345","TF","Factor: Zbtb37; motif: NYACCGCRNTCACCGCR",20093,9386,"TF:M00000"
"query_1",TRUE,1.56502361516541e-11,13647,4225,3060,0.724260355029586,0.224225104418554,"TF:M11883","TF","Factor: pax-6; motif: NYACGCNTSRNYGCNYN",20093,6596,"TF:M00000"
"query_1",TRUE,1.68366846922835e-11,15713,4225,3471,0.821538461538462,0.22089989180933,"TF:M04934_1","TF","Factor: TR4; motif: ACCCCGS; match class: 1",20093,6123,"TF:M04934"
"query_1",TRUE,1.94868829931471e-11,2960,4225,771,0.182485207100592,0.260472972972973,"TF:M07297","TF","Factor: MAZ; motif: CCCTCCCYCYN",20093,5154,"TF:M00000"
"query_1",TRUE,1.97026213012728e-11,8573,4225,2006,0.474792899408284,0.233990435086901,"TF:M04863_1","TF","Factor: TF3C-beta; motif: CCNGGAGGGCTTCCTGGAGGAG; match class: 1",20093,3425,"TF:M04863"
"query_1",TRUE,1.98088391431386e-11,6371,4225,1532,0.362603550295858,0.240464605242505,"TF:M09734_1","TF","Factor: ZNF692; motif: SYNGGSCCCASCCNC; match class: 1",20093,11331,"TF:M09734"
"query_1",TRUE,1.98088391431386e-11,2263,4225,609,0.14414201183432,0.26911179849757,"TF:M13148_1","TF","Factor: ZSCAN21; motif: NSNGNSCNNGGTGCTG; match class: 1",20093,9669,"TF:M13148"
"query_1",TRUE,2.10539045736616e-11,8565,4225,2004,0.474319526627219,0.233975481611208,"TF:M09890","TF","Factor: ctcf; motif: YGGCCACCAGRKGGCRSYN",20093,1172,"TF:M00000"
"query_1",TRUE,2.33344321562028e-11,5447,4225,1329,0.314556213017751,0.243987516063888,"TF:M01972","TF","Factor: EGR-1; motif: TGCGTGGGCGK",20093,1644,"TF:M00000"
"query_1",TRUE,2.49189749807418e-11,3908,4225,986,0.233372781065089,0.252302968270215,"TF:M00976","TF","Factor: AhR,; motif: NRCGTGNGN",20093,16,"TF:M00000"
"query_1",TRUE,2.49882749194934e-11,4157,4225,1042,0.246627218934911,0.250661534760645,"TF:M07261_1","TF","Factor: LKLF; motif: GGGGTGGKSN; match class: 1",20093,4925,"TF:M07261"
"query_1",TRUE,2.76399438774263e-11,5509,4225,1342,0.317633136094675,0.243601379560719,"TF:M01837","TF","Factor: FKLF; motif: BGGGNGGVMD",20093,2494,"TF:M00000"
"query_1",TRUE,2.85975673912003e-11,4539,4225,1127,0.266745562130178,0.248292575457149,"TF:M12704_1","TF","Factor: ZNF432; motif: NCAGNRCCNSRGRCAGC; match class: 1",20093,10525,"TF:M12704"
"query_1",TRUE,2.87764621091983e-11,3306,4225,849,0.20094674556213,0.256805807622505,"TF:M01587","TF","Factor: FPM315; motif: SRGGGAGGAGGN",20093,2924,"TF:M00000"
"query_1",TRUE,3.1071621539342e-11,2689,4225,707,0.167337278106509,0.262923019709929,"TF:M01175_1","TF","Factor: CKROX; motif: SCCCTCCCC; match class: 1",20093,875,"TF:M01175"
"query_1",TRUE,3.53511735641026e-11,5668,4225,1376,0.325680473372781,0.242766407904023,"TF:M04918","TF","Factor: Egr-1; motif: ACCGCCC",20093,1652,"TF:M00000"
"query_1",TRUE,4.13882766176455e-11,5466,4225,1331,0.315029585798817,0.243505305525064,"TF:M12140","TF","Factor: Egr-1; motif: NNCRCCCMCGCNN",20093,1668,"TF:M00000"
"query_1",TRUE,4.30573334725484e-11,10567,4225,2423,0.573491124260355,0.229298760291473,"TF:M03989","TF","Factor: FLI1; motif: ACCGGAAATCCGGT",20093,2522,"TF:M00000"
"query_1",TRUE,4.94829450466579e-11,11750,4225,2668,0.631479289940828,0.227063829787234,"TF:M11066","TF","Factor: HES-7; motif: GNCACGYGNN",20093,3490,"TF:M00000"
"query_1",TRUE,5.32932728881081e-11,1464,4225,416,0.0984615384615385,0.284153005464481,"TF:M12691","TF","Factor: ZBTB44; motif: NTCAGCACCNNGGACAGCGSCN",20093,9422,"TF:M00000"
"query_1",TRUE,5.35253271478651e-11,8960,4225,2084,0.493254437869822,0.232589285714286,"TF:M07461","TF","Factor: KLF; motif: GGGNGGGG",20093,4758,"TF:M00000"
"query_1",TRUE,5.93977196299075e-11,9047,4225,2102,0.497514792899408,0.23234221288825,"TF:M08266_1","TF","Factor: ER71:Pax-5; motif: ACCGGAACYACGCWTSANTG; match class: 1",20093,2305,"TF:M08266"
"query_1",TRUE,7.05802854247871e-11,1720,4225,477,0.112899408284024,0.277325581395349,"TF:M08875_1","TF","Factor: E2F; motif: NNTTTCGCGCN; match class: 1",20093,1603,"TF:M08875"
"query_1",TRUE,7.28143476771753e-11,6754,4225,1610,0.381065088757396,0.238377257921232,"TF:M11482","TF","Factor: AP-2gamma; motif: NSCCYNNRGSN",20093,8846,"TF:M00000"
"query_1",TRUE,7.2966694699616e-11,7036,4225,1671,0.395502958579882,0.237492893689596,"TF:M00516","TF","Factor: E2F-1; motif: TTTSGCGCGMNR",20093,1588,"TF:M00000"
"query_1",TRUE,7.48577618525197e-11,10698,4225,2448,0.579408284023669,0.228827818283791,"TF:M00257","TF","Factor: RREB-1; motif: CCCCAAACMMCCCC",20093,7540,"TF:M00000"
"query_1",TRUE,7.54419166544679e-11,13895,4225,3104,0.734674556213018,0.223389708528248,"TF:M11393_1","TF","Factor: Erg; motif: NACCGGATATCCGGTN; match class: 1",20093,2087,"TF:M11393"
"query_1",TRUE,9.46167422698896e-11,8604,4225,2006,0.474792899408284,0.233147373314737,"TF:M07348","TF","Factor: AP-2alpha; motif: NSCCNCRGGSN",20093,136,"TF:M00000"
"query_1",TRUE,1.14914619417953e-10,11438,4225,2600,0.615384615384615,0.227312467214548,"TF:M03971","TF","Factor: ELK1; motif: NACTTCCGSCGGAAGYN",20093,1892,"TF:M00000"
"query_1",TRUE,1.31824961330902e-10,2851,4225,740,0.175147928994083,0.259558049807085,"TF:M12461","TF","Factor: ZBTB14; motif: SSCCGCGCACNS",20093,9346,"TF:M00000"
"query_1",TRUE,1.37649789078049e-10,5133,4225,1253,0.296568047337278,0.244106760179232,"TF:M00469","TF","Factor: AP-2alpha; motif: GCCNNNRGS",20093,130,"TF:M00000"
"query_1",TRUE,1.66329603263888e-10,2122,4225,570,0.13491124260355,0.26861451460886,"TF:M13146_1","TF","Factor: ZNF232; motif: NCAGCASCNNGGNCAGCGCC; match class: 1",20093,9987,"TF:M13146"
"query_1",TRUE,1.67897335047298e-10,1725,4225,476,0.112662721893491,0.275942028985507,"TF:M00084_1","TF","Factor: MZF-1; motif: KNGNKAGGGGNAA; match class: 1",20093,5639,"TF:M00084"
"query_1",TRUE,1.76719041772478e-10,18158,4225,3930,0.930177514792899,0.216433527921577,"TF:M04826","TF","Factor: p300; motif: ACNTCCG",20093,1992,"TF:M00000"
"query_1",TRUE,1.82068684227333e-10,4050,4225,1011,0.239289940828402,0.24962962962963,"TF:M00738_1","TF","Factor: E2F-4:DP-1; motif: TTTSGCGC; match class: 1",20093,1539,"TF:M00738"
"query_1",TRUE,2.00890945447457e-10,3958,4225,990,0.234319526627219,0.250126326427489,"TF:M10008_1","TF","Factor: CSX; motif: NKRAGWGS; match class: 1",20093,5989,"TF:M10008"
"query_1",TRUE,2.14048319726378e-10,2593,4225,679,0.160710059171598,0.261858850752025,"TF:M09898_1","TF","Factor: Egr-2; motif: GNGRRNGWGKGGGNGGRG; match class: 1",20093,1683,"TF:M09898"
"query_1",TRUE,2.19575636245666e-10,5865,4225,1412,0.334201183431953,0.24075021312873,"TF:M00426_1","TF","Factor: E2F; motif: TTTSGCGS; match class: 1",20093,1597,"TF:M00426"
"query_1",TRUE,2.33669542522522e-10,4677,4225,1150,0.272189349112426,0.245884113748129,"TF:M00736_1","TF","Factor: E2F-1:DP-1; motif: TTTCSCGC; match class: 1",20093,1461,"TF:M00736"
"query_1",TRUE,2.75481528294618e-10,6222,4225,1489,0.352426035502959,0.239312118289939,"TF:M12489","TF","Factor: KLF4; motif: NNCCCCACCCNN",20093,4742,"TF:M00000"
"query_1",TRUE,2.76150804363082e-10,3972,4225,992,0.234792899408284,0.249748237663646,"TF:M09972_1","TF","Factor: BTEB2; motif: WGGGTGKGGCNGGN; match class: 1",20093,635,"TF:M09972"
"query_1",TRUE,3.02092867962966e-10,5524,4225,1336,0.316213017751479,0.241853729181752,"TF:M11541_1","TF","Factor: Foxn2; motif: NNGCGTCNNNNNGACGCNN; match class: 1",20093,2799,"TF:M11541"
"query_1",TRUE,3.02092867962966e-10,14339,4225,3188,0.754556213017751,0.222330706464886,"TF:M11393","TF","Factor: Erg; motif: NACCGGATATCCGGTN",20093,2086,"TF:M00000"
"query_1",TRUE,3.36594720944444e-10,2625,4225,685,0.162130177514793,0.260952380952381,"TF:M00940_1","TF","Factor: E2F-1; motif: NTTTCGCGCS; match class: 1",20093,1497,"TF:M00940"
"query_1",TRUE,3.49826868425251e-10,7554,4225,1776,0.420355029585799,0.235107227958697,"TF:M01241","TF","Factor: BEN; motif: CWGCGAYA",20093,516,"TF:M00000"
"query_1",TRUE,3.55335094232342e-10,2509,4225,658,0.155739644970414,0.26225587883619,"TF:M10134","TF","Factor: FPM315; motif: GGGAGGAGGRRGRGGRGGRR",20093,2926,"TF:M00000"
"query_1",TRUE,4.05845231792095e-10,9332,4225,2154,0.509822485207101,0.230818688384055,"TF:M03895","TF","Factor: CTCF; motif: WGCGCCMYCTAGYGGYN",20093,1156,"TF:M00000"
"query_1",TRUE,4.08578772801478e-10,7074,4225,1672,0.395739644970414,0.236358495900481,"TF:M11880_1","TF","Factor: pax-6; motif: NYACGCWTSANYGMNCN; match class: 1",20093,6591,"TF:M11880"
"query_1",TRUE,4.14068976323273e-10,2928,4225,754,0.178461538461538,0.257513661202186,"TF:M07615_1","TF","Factor: Sp3; motif: GGGGCGGGGSNN; match class: 1",20093,8113,"TF:M07615"
"query_1",TRUE,4.48890294222183e-10,2694,4225,700,0.165680473372781,0.259836674090572,"TF:M09895_1","TF","Factor: E2F-6; motif: NGGGCGGGARRNN; match class: 1",20093,1565,"TF:M09895"
"query_1",TRUE,5.10569504643312e-10,3317,4225,842,0.199289940828402,0.253843834790473,"TF:M13142_1","TF","Factor: ZBTB33; motif: GGYGCTG; match class: 1",20093,9381,"TF:M13142"
"query_1",TRUE,5.16626399953197e-10,5270,4225,1278,0.302485207100592,0.242504743833017,"TF:M07409","TF","Factor: BTEB2; motif: GCCCCRCCCH",20093,4744,"TF:M00000"
"query_1",TRUE,5.21351301421752e-10,3335,4225,846,0.200236686390533,0.253673163418291,"TF:M09765_1","TF","Factor: SP1; motif: NRGKGGGCGGGGCN; match class: 1",20093,8057,"TF:M09765"
"query_1",TRUE,5.26034435311615e-10,4619,4225,1134,0.268402366863905,0.245507685646244,"TF:M00444_1","TF","Factor: VDR; motif: GGGKNARNRRGGWSA; match class: 1",20093,9179,"TF:M00444"
"query_1",TRUE,5.45083391168035e-10,13356,4225,2987,0.70698224852071,0.223644803833483,"TF:M00144","TF","Factor: Pax-5; motif: RRMSWGANWYCTNRAGCGKRACSRYNSM",20093,6568,"TF:M00000"
"query_1",TRUE,5.59311967602219e-10,2580,4225,673,0.159289940828402,0.260852713178295,"TF:M02281_1","TF","Factor: SP1; motif: CCCCKCCCCC; match class: 1",20093,8049,"TF:M02281"
"query_1",TRUE,7.45835207680346e-10,3850,4225,961,0.227455621301775,0.24961038961039,"TF:M00427_1","TF","Factor: E2F; motif: TTTSGCGS; match class: 1",20093,1605,"TF:M00427"
"query_1",TRUE,7.58202569901992e-10,3788,4225,947,0.22414201183432,0.25,"TF:M03811_1","TF","Factor: AP-2gamma; motif: GCCYNCRGSN; match class: 1",20093,149,"TF:M03811"
"query_1",TRUE,7.76874236330352e-10,12185,4225,2746,0.649940828402367,0.225359048009848,"TF:M03978","TF","Factor: ETS1; motif: GCCGGAWGTACTTCCGGN",20093,2224,"TF:M00000"
"query_1",TRUE,8.6440294982694e-10,7205,4225,1697,0.401656804733728,0.235530881332408,"TF:M03971_1","TF","Factor: ELK1; motif: NACTTCCGSCGGAAGYN; match class: 1",20093,1893,"TF:M03971"
"query_1",TRUE,9.5838501902846e-10,2182,4225,579,0.137041420118343,0.265352887259395,"TF:M12692","TF","Factor: ZBTB49; motif: NGSCGCTGTCCNNGGTGCTGAN",20093,9430,"TF:M00000"
"query_1",TRUE,9.99085215220206e-10,3473,4225,875,0.207100591715976,0.25194356464152,"TF:M07461_1","TF","Factor: KLF; motif: GGGNGGGG; match class: 1",20093,4759,"TF:M07461"
"query_1",TRUE,1.00890274313356e-09,8568,4225,1988,0.470532544378698,0.23202614379085,"TF:M12085","TF","Factor: ZNF501; motif: NNNCSACGCGAACAC",20093,10724,"TF:M00000"
"query_1",TRUE,1.25463473058568e-09,1297,4225,368,0.0871005917159763,0.283731688511951,"TF:M12742_1","TF","Factor: ZNF93; motif: GGYAGCRGCAGCGGYG; match class: 1",20093,11907,"TF:M12742"
"query_1",TRUE,1.25669745343432e-09,4553,4225,1116,0.26414201183432,0.245113112233692,"TF:M00257_1","TF","Factor: RREB-1; motif: CCCCAAACMMCCCC; match class: 1",20093,7541,"TF:M00257"
"query_1",TRUE,1.47066467597918e-09,2567,4225,667,0.157869822485207,0.25983638488508,"TF:M07063_1","TF","Factor: Sp1; motif: GGGGCGGGGC; match class: 1",20093,8073,"TF:M07063"
"query_1",TRUE,1.53684629601681e-09,3626,4225,908,0.21491124260355,0.250413678985108,"TF:M01253","TF","Factor: CNOT3; motif: GGCCGCGSSS",20093,936,"TF:M00000"
"query_1",TRUE,1.65570024188237e-09,4657,4225,1138,0.269349112426035,0.244363324028344,"TF:M00740_1","TF","Factor: Rb:E2F-1:DP-1; motif: TTTSGCGC; match class: 1",20093,1459,"TF:M00740"
"query_1",TRUE,1.71253086965664e-09,3309,4225,836,0.197869822485207,0.252644303414929,"TF:M01273","TF","Factor: SP4; motif: SCCCCGCCCCS",20093,8124,"TF:M00000"
"query_1",TRUE,1.74405578032514e-09,7210,4225,1695,0.401183431952663,0.235090152565881,"TF:M11881_1","TF","Factor: pax-6; motif: NYACGCNTSANYGCNYN; match class: 1",20093,6593,"TF:M11881"
"query_1",TRUE,1.77617284052844e-09,1558,4225,430,0.101775147928994,0.27599486521181,"TF:M04797_1","TF","Factor: Egr-1; motif: CCGCCCMCG; match class: 1",20093,1649,"TF:M04797"
"query_1",TRUE,1.84384750483368e-09,2814,4225,723,0.17112426035503,0.256929637526652,"TF:M01118_1","TF","Factor: WT1; motif: SMCNCCNSC; match class: 1",20093,9229,"TF:M01118"
"query_1",TRUE,2.60697072878463e-09,3236,4225,818,0.193609467455621,0.252781211372064,"TF:M09727_1","TF","Factor: GEMIN3; motif: NCWGGRARRGRGNGNG; match class: 1",20093,3257,"TF:M09727"
"query_1",TRUE,2.71047488625088e-09,6811,4225,1607,0.380355029585799,0.235941858757892,"TF:M11490","TF","Factor: LBP-1; motif: NRCCGGTNNNNACCGGYN",20093,4770,"TF:M00000"
"query_1",TRUE,2.71047488625088e-09,3294,4225,831,0.196686390532544,0.252276867030965,"TF:M00469_1","TF","Factor: AP-2alpha; motif: GCCNNNRGS; match class: 1",20093,131,"TF:M00469"
"query_1",TRUE,2.89943958128217e-09,10330,4225,2355,0.557396449704142,0.227976766698935,"TF:M01835_1","TF","Factor: GKLF; motif: CCTCCYN; match class: 1",20093,3291,"TF:M01835"
"query_1",TRUE,3.27767626254685e-09,6192,4225,1472,0.348402366863905,0.237726098191214,"TF:M01973","TF","Factor: PLAG1; motif: CCCCCKWNNNGGSCCC",20093,6824,"TF:M00000"
"query_1",TRUE,4.38647048467118e-09,6046,4225,1439,0.340591715976331,0.238008600727754,"TF:M11490_1","TF","Factor: LBP-1; motif: NRCCGGTNNNNACCGGYN; match class: 1",20093,4771,"TF:M11490"
"query_1",TRUE,4.72143239458028e-09,8300,4225,1924,0.455384615384615,0.231807228915663,"TF:M09760","TF","Factor: DPF2; motif: NYCACYTCCYCNYYCY",20093,1390,"TF:M00000"
"query_1",TRUE,5.38117656628542e-09,1570,4225,430,0.101775147928994,0.273885350318471,"TF:M00706_1","TF","Factor: TFII-I; motif: RGAGGKAGG; match class: 1",20093,8941,"TF:M00706"
"query_1",TRUE,5.59601424450019e-09,12198,4225,2740,0.648520710059172,0.224626988030825,"TF:M11397","TF","Factor: Erg; motif: NACCGGATATCCGGTN",20093,2094,"TF:M00000"
"query_1",TRUE,5.59601424450019e-09,1773,4225,478,0.113136094674556,0.269599548787366,"TF:M05327_1","TF","Factor: WT1; motif: NGCGGGGGGGTSMMCYN; match class: 1",20093,9223,"TF:M05327"
"query_1",TRUE,5.6613300246359e-09,651,4225,204,0.0482840236686391,0.313364055299539,"TF:M13125_1","TF","Factor: ARID4B; motif: NNYCAGCACCNNGGNCAGCGSC; match class: 1",20093,201,"TF:M13125"
"query_1",TRUE,6.47817274217935e-09,15672,4225,3442,0.814674556213018,0.219627360898418,"TF:M08313","TF","Factor: GCMa:PEA3; motif: ATRCGGGCGGAAGTR",20093,3160,"TF:M00000"
"query_1",TRUE,6.66692648020103e-09,2194,4225,576,0.136331360946746,0.26253418413856,"TF:M07141","TF","Factor: FPM315; motif: GGAGGAGGRRGRGGRGGRRGR",20093,10072,"TF:M00000"
"query_1",TRUE,6.83931259655522e-09,7499,4225,1751,0.414437869822485,0.233497799706628,"TF:M07486_1","TF","Factor: ZNF300; motif: SWGGGGGSN; match class: 1",20093,10189,"TF:M07486"
"query_1",TRUE,7.03360935339116e-09,8831,4225,2035,0.481656804733728,0.230438228966142,"TF:M00446","TF","Factor: Spz1; motif: DNNGGRGGGWWNNNN",20093,8204,"TF:M00000"
"query_1",TRUE,7.04011444001155e-09,11922,4225,2682,0.634792899408284,0.224962254655259,"TF:M11397_1","TF","Factor: Erg; motif: NACCGGATATCCGGTN; match class: 1",20093,2095,"TF:M11397"
"query_1",TRUE,7.59989434020534e-09,3532,4225,881,0.208520710059172,0.249433748584371,"TF:M12636_1","TF","Factor: MLLT10; motif: CYNNCCNNGGNGCTG; match class: 1",20093,5375,"TF:M12636"
"query_1",TRUE,8.31218859709703e-09,7210,4225,1688,0.399526627218935,0.234119278779473,"TF:M00050","TF","Factor: E2F; motif: TTTSGCGC",20093,1586,"TF:M00000"
"query_1",TRUE,8.97798179864245e-09,7435,4225,1736,0.410887573964497,0.233490248823134,"TF:M12152","TF","Factor: Sp1; motif: NWRGCCACGCCCMCN",20093,8064,"TF:M00000"
"query_1",TRUE,9.26304716667153e-09,3442,4225,860,0.203550295857988,0.249854735618826,"TF:M12604","TF","Factor: EZF2; motif: NNCCNSNSCNMCTCCMYCTT",20093,2444,"TF:M00000"
"query_1",TRUE,9.62767009667321e-09,5782,4225,1378,0.326153846153846,0.2383258388101,"TF:M11541","TF","Factor: Foxn2; motif: NNGCGTCNNNNNGACGCNN",20093,2798,"TF:M00000"
"query_1",TRUE,1.05438022971665e-08,9431,4225,2160,0.511242603550296,0.229031916021631,"TF:M04110","TF","Factor: RUNX3; motif: NRACCGCANWAACCRCAN",20093,7576,"TF:M00000"
"query_1",TRUE,1.07649666982652e-08,1599,4225,435,0.102958579881657,0.272045028142589,"TF:M00325","TF","Factor: NRSE; motif: TTYAGCWCCDCGGASAGYRCC",20093,6258,"TF:M00000"
"query_1",TRUE,1.26471817941575e-08,5016,4225,1209,0.286153846153846,0.241028708133971,"TF:M12173_1","TF","Factor: GKLF; motif: NNCCMCRCCCN; match class: 1",20093,4739,"TF:M12173"
"query_1",TRUE,1.47394764157232e-08,6089,4225,1443,0.341538461538462,0.236984726556085,"TF:M03922","TF","Factor: SP4; motif: NWRGCCACGCCCMCTYN",20093,8114,"TF:M00000"
"query_1",TRUE,1.50364721032176e-08,7367,4225,1719,0.406863905325444,0.233337858015474,"TF:M03920","TF","Factor: SP1; motif: RCCMCRCCCMC",20093,8050,"TF:M00000"
"query_1",TRUE,1.50364721032176e-08,3878,4225,956,0.226272189349112,0.246518824136153,"TF:M04109_1","TF","Factor: RUNX3; motif: NRACCGCAAACCGCAN; match class: 1",20093,7575,"TF:M04109"
"query_1",TRUE,1.70735781065429e-08,4046,4225,993,0.235029585798817,0.245427582797825,"TF:M09967","TF","Factor: AP-2rep; motif: NGGGGCGGGGC",20093,152,"TF:M00000"
"query_1",TRUE,1.94133389603683e-08,3197,4225,802,0.189822485207101,0.250860181420081,"TF:M05439_1","TF","Factor: RREB-1; motif: GGGWCSA; match class: 1",20093,7549,"TF:M05439"
"query_1",TRUE,1.97473299651734e-08,5380,4225,1287,0.304615384615385,0.239219330855019,"TF:M00425_1","TF","Factor: E2F; motif: TTTCGCGC; match class: 1",20093,1593,"TF:M00425"
"query_1",TRUE,1.98968933171341e-08,13030,4225,2905,0.687573964497041,0.222947045280123,"TF:M03976","TF","Factor: ERG; motif: ACCGGAWATCCGGT",20093,2074,"TF:M00000"
"query_1",TRUE,2.50808602327197e-08,1340,4225,371,0.087810650887574,0.276865671641791,"TF:M09603_1","TF","Factor: Egr-1; motif: NNNNNGYGKGGGNGGGNN; match class: 1",20093,1661,"TF:M09603"
"query_1",TRUE,3.04116568831542e-08,286,4225,104,0.0246153846153846,0.363636363636364,"TF:M00256","TF","Factor: NRSF; motif: TTCAGCACCACGGACAGMGCC",20093,6260,"TF:M00000"
"query_1",TRUE,3.24676746230267e-08,9765,4225,2225,0.526627218934911,0.227854582693292,"TF:M11052_1","TF","Factor: Hey2; motif: NNCACGYGNN; match class: 1",20093,3515,"TF:M11052"
"query_1",TRUE,3.31875076543127e-08,6521,4225,1533,0.362840236686391,0.235086643152891,"TF:M03978_1","TF","Factor: ETS1; motif: GCCGGAWGTACTTCCGGN; match class: 1",20093,2225,"TF:M03978"
"query_1",TRUE,3.35766217192001e-08,2164,4225,564,0.133491124260355,0.260628465804067,"TF:M10098_1","TF","Factor: DP-1; motif: NRNNGGCGGGAANN; match class: 1",20093,8901,"TF:M10098"
"query_1",TRUE,3.45396988225766e-08,11042,4225,2492,0.589822485207101,0.225683752943307,"TF:M09738","TF","Factor: ZNF511; motif: GGRRGRGGCWGNG",20093,10744,"TF:M00000"
"query_1",TRUE,3.710693444234e-08,7849,4225,1818,0.430295857988166,0.231621862657663,"TF:M08209_1","TF","Factor: E2F-3:FOXO6; motif: NAATGACACGCGCCCMC; match class: 1",20093,1519,"TF:M08209"
"query_1",TRUE,4.15408617433965e-08,15026,4225,3306,0.782485207100592,0.220018634367097,"TF:M00378_1","TF","Factor: Pax-4; motif: NNNNNYCACCCB; match class: 1",20093,6541,"TF:M00378"
"query_1",TRUE,4.21234660372529e-08,2637,4225,672,0.15905325443787,0.254835039817975,"TF:M10111","TF","Factor: ZF5; motif: NGAGCGCGC",20093,9480,"TF:M00000"
"query_1",TRUE,4.87783053619022e-08,6645,4225,1558,0.368757396449704,0.234462001504891,"TF:M00084","TF","Factor: MZF-1; motif: KNGNKAGGGGNAA",20093,5638,"TF:M00000"
"query_1",TRUE,5.15215757051043e-08,2697,4225,685,0.162130177514793,0.253985910270671,"TF:M02105","TF","Factor: NF-E4; motif: CHCCCTCKCCWG",20093,5850,"TF:M00000"
"query_1",TRUE,5.22590013216714e-08,6554,4225,1538,0.364023668639053,0.234665852914251,"TF:M00939","TF","Factor: E2F; motif: TTTSGCGSG",20093,1600,"TF:M00000"
"query_1",TRUE,5.27475067836093e-08,6911,4225,1615,0.382248520710059,0.23368542902619,"TF:M12151","TF","Factor: Sp1; motif: NWRGCCMCGCCCMCN",20093,8062,"TF:M00000"
"query_1",TRUE,5.32098922568981e-08,5661,4225,1344,0.31810650887574,0.237413884472708,"TF:M00739","TF","Factor: E2F-4:DP-2; motif: TTTCSCGC",20093,1540,"TF:M00000"
"query_1",TRUE,5.3378031364492e-08,5423,4225,1292,0.305798816568047,0.238244514106583,"TF:M00243","TF","Factor: Egr-1; motif: WTGCGTGGGCGK",20093,1642,"TF:M00000"
"query_1",TRUE,5.63343486939518e-08,11921,4225,2672,0.632426035502959,0.224142269943797,"TF:M09734","TF","Factor: ZNF692; motif: SYNGGSCCCASCCNC",20093,11330,"TF:M00000"
"query_1",TRUE,5.85946761179919e-08,1602,4225,431,0.102011834319527,0.269038701622971,"TF:M08819_1","TF","Factor: LKLF; motif: CNCCACCCS; match class: 1",20093,4927,"TF:M08819"
"query_1",TRUE,6.1969910189852e-08,4888,4225,1174,0.277869822485207,0.240180032733224,"TF:M10056","TF","Factor: DRRS; motif: GNNGGGWGGG",20093,1426,"TF:M00000"
"query_1",TRUE,6.45048067163942e-08,12613,4225,2814,0.66603550295858,0.223103147546183,"TF:M04107","TF","Factor: RUNX2; motif: WRACCGCANWAACCGCAN",20093,7562,"TF:M00000"
"query_1",TRUE,6.7916266841783e-08,2040,4225,533,0.126153846153846,0.261274509803922,"TF:M11482_1","TF","Factor: AP-2gamma; motif: NSCCYNNRGSN; match class: 1",20093,8847,"TF:M11482"
"query_1",TRUE,6.80689836823982e-08,3023,4225,758,0.179408284023669,0.250744293747933,"TF:M09760_1","TF","Factor: DPF2; motif: NYCACYTCCYCNYYCY; match class: 1",20093,1391,"TF:M09760"
"query_1",TRUE,7.62770500389265e-08,866,4225,253,0.0598816568047337,0.292147806004619,"TF:M01028","TF","Factor: NRSF; motif: GYRCTGTCCRYGGTGCTGA",20093,6262,"TF:M00000"
"query_1",TRUE,7.64076038662175e-08,15344,4225,3367,0.796923076923077,0.219434306569343,"TF:M08568_1","TF","Factor: ER71:E2A; motif: CASSTGNACCGGAWRYN; match class: 1",20093,2319,"TF:M08568"
"query_1",TRUE,8.60527253315774e-08,1362,4225,373,0.0882840236686391,0.273861967694567,"TF:M12057_1","TF","Factor: ZBP99; motif: GCCCMTCCCCCR; match class: 1",20093,9533,"TF:M12057"
"query_1",TRUE,8.71946593201552e-08,9390,4225,2141,0.506745562130178,0.22800851970181,"TF:M09972","TF","Factor: BTEB2; motif: WGGGTGKGGCNGGN",20093,634,"TF:M00000"
"query_1",TRUE,8.94588065568732e-08,8423,4225,1936,0.458224852071006,0.229846847916419,"TF:M11066_1","TF","Factor: HES-7; motif: GNCACGYGNN; match class: 1",20093,3491,"TF:M11066"
"query_1",TRUE,1.03528628467621e-07,10226,4225,2316,0.548165680473373,0.22648151769998,"TF:M11391","TF","Factor: Erg; motif: NACCGGATATCCGGTN",20093,2082,"TF:M00000"
"query_1",TRUE,1.12311879064803e-07,4641,4225,1117,0.264378698224852,0.240680887739711,"TF:M09969","TF","Factor: EKLF; motif: NGGGYGKGGCNNGG",20093,1728,"TF:M00000"
"query_1",TRUE,1.17924680713157e-07,8007,4225,1846,0.436923076923077,0.230548270263519,"TF:M05386","TF","Factor: KLF17; motif: NGGGCGG",20093,4716,"TF:M00000"
"query_1",TRUE,1.17924680713157e-07,8007,4225,1846,0.436923076923077,0.230548270263519,"TF:M05499","TF","Factor: LKLF; motif: NGGGCGG",20093,4918,"TF:M00000"
"query_1",TRUE,1.17924680713157e-07,13276,4225,2947,0.697514792899408,0.221979511901175,"TF:M11880","TF","Factor: pax-6; motif: NYACGCWTSANYGMNCN",20093,6590,"TF:M00000"
"query_1",TRUE,1.18257439396647e-07,2763,4225,697,0.164970414201183,0.252262034020992,"TF:M09739_1","TF","Factor: ZGPAT; motif: GRGGCWGNGGNG; match class: 1",20093,9611,"TF:M09739"
"query_1",TRUE,1.22532917918626e-07,6513,4225,1525,0.36094674556213,0.234147090434516,"TF:M04107_1","TF","Factor: RUNX2; motif: WRACCGCANWAACCGCAN; match class: 1",20093,7563,"TF:M04107"
"query_1",TRUE,1.24078413597892e-07,2239,4225,577,0.136568047337278,0.257704332291201,"TF:M12508_1","TF","Factor: EGR1; motif: NNMCGCCCACGCNN; match class: 1",20093,1671,"TF:M12508"
"query_1",TRUE,1.27887028072265e-07,13371,4225,2966,0.702011834319527,0.221823349038965,"TF:M11881","TF","Factor: pax-6; motif: NYACGCNTSANYGCNYN",20093,6592,"TF:M00000"
"query_1",TRUE,1.35978913091654e-07,3332,4225,825,0.195266272189349,0.247599039615846,"TF:M12593_1","TF","Factor: CTCF; motif: NNRSYGCCMCCTGSTGGCCN; match class: 1",20093,1177,"TF:M12593"
"query_1",TRUE,1.37778859384828e-07,3797,4225,929,0.219881656804734,0.244666842243877,"TF:M10530_1","TF","Factor: sp4; motif: NNNGCYCCGCCCCCY; match class: 1",20093,8119,"TF:M10530"
"query_1",TRUE,1.52256674035948e-07,2242,4225,577,0.136568047337278,0.25735950044603,"TF:M12313_1","TF","Factor: ZNF460; motif: NNACNCCCCCCNN; match class: 1",20093,10639,"TF:M12313"
"query_1",TRUE,1.56892804691426e-07,1487,4225,401,0.0949112426035503,0.269670477471419,"TF:M12660_1","TF","Factor: SATB2; motif: GSCGCTGTCCNNGGTGCTGN; match class: 1",20093,7661,"TF:M12660"
"query_1",TRUE,1.65825544344773e-07,4350,4225,1051,0.248757396449704,0.241609195402299,"TF:M01783_1","TF","Factor: SP2; motif: GGGCGGGAC; match class: 1",20093,8081,"TF:M01783"
"query_1",TRUE,1.73372550736962e-07,10597,4225,2391,0.565917159763314,0.225629895253374,"TF:M11528","TF","Factor: E2F-2; motif: NTTTTGGCGCCAWWWN",20093,1504,"TF:M00000"
"query_1",TRUE,1.84843122015943e-07,14230,4225,3139,0.742958579881657,0.220590302178496,"TF:M08225","TF","Factor: Elk-1:Pax-5; motif: ACCGGAACYACGCWTSANYG",20093,1866,"TF:M00000"
"query_1",TRUE,1.8794555579036e-07,7527,4225,1741,0.41207100591716,0.23130065098977,"TF:M09602","TF","Factor: ctcf; motif: NNNCCASYAGRKGGCRSYNN",20093,1166,"TF:M00000"
"query_1",TRUE,1.92315765021892e-07,2503,4225,636,0.150532544378698,0.254095085896924,"TF:M12183_1","TF","Factor: KLF14; motif: NRCCACRCCCMCN; match class: 1",20093,4693,"TF:M12183"
"query_1",TRUE,1.93624884458766e-07,6320,4225,1481,0.350532544378698,0.234335443037975,"TF:M00246","TF","Factor: Egr-2; motif: NTGCGTRGGCGK",20093,1676,"TF:M00000"
"query_1",TRUE,1.99780301716678e-07,9363,4225,2131,0.504378698224852,0.22759799209655,"TF:M12732","TF","Factor: ZNF532; motif: NGGRGCTGGG",20093,10806,"TF:M00000"
"query_1",TRUE,2.01633154884036e-07,7086,4225,1646,0.389585798816568,0.232289020604008,"TF:M08309_1","TF","Factor: GCMa:Elk-1; motif: RTGNGGGCGGAAGNN; match class: 1",20093,3151,"TF:M08309"
"query_1",TRUE,2.58609884519083e-07,1753,4225,462,0.109349112426035,0.263548203080434,"TF:M12345_1","TF","Factor: Zbtb37; motif: NYACCGCRNTCACCGCR; match class: 1",20093,9387,"TF:M12345"
"query_1",TRUE,2.74800278807894e-07,9205,4225,2096,0.496094674556213,0.227702335687127,"TF:M11391_1","TF","Factor: Erg; motif: NACCGGATATCCGGTN; match class: 1",20093,2083,"TF:M11391"
"query_1",TRUE,3.01925157215288e-07,15880,4225,3468,0.820828402366864,0.218387909319899,"TF:M01835","TF","Factor: GKLF; motif: CCTCCYN",20093,3290,"TF:M00000"
"query_1",TRUE,3.15006576184558e-07,11514,4225,2579,0.610414201183432,0.223988188292513,"TF:M00143","TF","Factor: Pax-5; motif: BCNNNRNGCANBGNTGNRTAGCSGCHNB",20093,6566,"TF:M00000"
"query_1",TRUE,3.20797771133536e-07,3602,4225,882,0.208757396449704,0.244863964464187,"TF:M00428_1","TF","Factor: E2F-1; motif: NKTSSCGC; match class: 1",20093,1485,"TF:M00428"
"query_1",TRUE,3.29874663051423e-07,4332,4225,1044,0.247100591715976,0.240997229916898,"TF:M10144","TF","Factor: ZNF341; motif: GRGGRRNRGNRGNRGGAASAGC",20093,10324,"TF:M00000"
"query_1",TRUE,3.32525699868956e-07,9101,4225,2073,0.490650887573965,0.227777167344248,"TF:M01588","TF","Factor: GKLF; motif: GCCMCRCCCNNN",20093,3282,"TF:M00000"
"query_1",TRUE,3.47831576928445e-07,11719,4225,2621,0.620355029585799,0.223653895383565,"TF:M11399_1","TF","Factor: Fli-1; motif: NACCGGAWWTCCGGTY; match class: 1",20093,2535,"TF:M11399"
"query_1",TRUE,3.88612777037775e-07,2734,4225,686,0.162366863905325,0.250914411119239,"TF:M01100_1","TF","Factor: LRF; motif: GGGGKYNNB; match class: 1",20093,4953,"TF:M01100"
"query_1",TRUE,3.99904913179227e-07,5783,4225,1361,0.322130177514793,0.235344976655715,"TF:M00920","TF","Factor: E2F; motif: NKCGCGCSAAAN",20093,1606,"TF:M00000"
"query_1",TRUE,4.01409170504616e-07,7158,4225,1658,0.392426035502959,0.231628946633138,"TF:M08208_1","TF","Factor: E2F-3:FOXI1; motif: NGACACCGCGCCCAC; match class: 1",20093,1517,"TF:M08208"
"query_1",TRUE,4.7033099771585e-07,8139,4225,1867,0.44189349112426,0.22938935987222,"TF:M00430","TF","Factor: E2F-1; motif: NTTSGCGG",20093,1488,"TF:M00000"
"query_1",TRUE,4.92629344479342e-07,4123,4225,996,0.235739644970414,0.241571671113267,"TF:M05432","TF","Factor: ZSCAN18; motif: TRRCGRCGNMCC",20093,11942,"TF:M00000"
"query_1",TRUE,5.2137052721043e-07,2431,4225,616,0.145798816568047,0.253393665158371,"TF:M07129_1","TF","Factor: Sp2; motif: GYCCCGCCYCYNNNN; match class: 1",20093,8089,"TF:M07129"
"query_1",TRUE,5.21592291446058e-07,5674,4225,1336,0.316213017751479,0.2354599929503,"TF:M03989_1","TF","Factor: FLI1; motif: ACCGGAAATCCGGT; match class: 1",20093,2523,"TF:M03989"
"query_1",TRUE,5.88049777829215e-07,1116,4225,309,0.0731360946745562,0.276881720430108,"TF:M12404","TF","Factor: KLF15; motif: NCCCCGCCCCN",20093,4706,"TF:M00000"
"query_1",TRUE,6.00673314101287e-07,9637,4225,2183,0.516686390532544,0.226522776797759,"TF:M09910","TF","Factor: ER-beta; motif: RGGTCASCNTGMCCY",20093,2164,"TF:M00000"
"query_1",TRUE,6.55464468161798e-07,1059,4225,295,0.0698224852071006,0.278564683663834,"TF:M03907","TF","Factor: HINFP; motif: CNRCGTCCGCNN",20093,3564,"TF:M00000"
"query_1",TRUE,7.05140756951475e-07,3801,4225,923,0.218461538461538,0.242830833991055,"TF:M12516","TF","Factor: E2F6; motif: NNNGGCGGGAANN",20093,1566,"TF:M00000"
"query_1",TRUE,7.37690834119091e-07,9837,4225,2224,0.526390532544379,0.226085188573752,"TF:M08313_1","TF","Factor: GCMa:PEA3; motif: ATRCGGGCGGAAGTR; match class: 1",20093,3161,"TF:M08313"
"query_1",TRUE,7.68923407065736e-07,6273,4225,1464,0.346508875739645,0.233381157340985,"TF:M00919","TF","Factor: E2F; motif: NCSCGCSAAAN",20093,1598,"TF:M00000"
"query_1",TRUE,7.89117247421178e-07,1781,4225,465,0.110059171597633,0.261089275687816,"TF:M00244_1","TF","Factor: NGFI-C; motif: WTGCGTGGGYGG; match class: 1",20093,5941,"TF:M00244"
"query_1",TRUE,8.7499016485748e-07,1568,4225,415,0.0982248520710059,0.264668367346939,"TF:M12140_1","TF","Factor: Egr-1; motif: NNCRCCCMCGCNN; match class: 1",20093,1669,"TF:M12140"
"query_1",TRUE,1.08611750504531e-06,2390,4225,604,0.142958579881657,0.252719665271967,"TF:M03574","TF","Factor: GCMa; motif: CCCGCAT",20093,3240,"TF:M00000"
"query_1",TRUE,1.14423870594987e-06,10678,4225,2398,0.567573964497041,0.224573890241618,"TF:M04691_1","TF","Factor: Kaiso; motif: TCTCGCGAG; match class: 1",20093,9371,"TF:M04691"
"query_1",TRUE,1.18361721279012e-06,2629,4225,658,0.155739644970414,0.250285279573982,"TF:M04932","TF","Factor: Sp2; motif: AAGGGGCGG",20093,8082,"TF:M00000"
"query_1",TRUE,1.19003267631482e-06,8826,4225,2008,0.475266272189349,0.227509630636755,"TF:M11395","TF","Factor: Erg; motif: NACCGGAWWTCCGGTN",20093,2090,"TF:M00000"
"query_1",TRUE,1.27066309591283e-06,2248,4225,571,0.135147928994083,0.254003558718861,"TF:M00431_1","TF","Factor: E2F-1; motif: TTTSGCGS; match class: 1",20093,1495,"TF:M00431"
"query_1",TRUE,1.32063586609166e-06,2706,4225,675,0.159763313609467,0.249445676274945,"TF:M01256","TF","Factor: REST; motif: NNNNGGNGCTGTCCATGGTGCT",20093,7350,"TF:M00000"
"query_1",TRUE,1.32063586609166e-06,12110,4225,2695,0.637869822485207,0.222543352601156,"TF:M11595","TF","Factor: GCMa; motif: RTGCGGGTN",20093,3198,"TF:M00000"
"query_1",TRUE,1.3417996450571e-06,7940,4225,1819,0.430532544378698,0.229093198992443,"TF:M03976_1","TF","Factor: ERG; motif: ACCGGAWATCCGGT; match class: 1",20093,2075,"TF:M03976"
"query_1",TRUE,1.73251945445094e-06,2039,4225,522,0.123550295857988,0.256007846983816,"TF:M09658_1","TF","Factor: Sp2; motif: GGSNNGGGGGCGGGGCCNGNGS; match class: 1",20093,8091,"TF:M09658"
"query_1",TRUE,1.83001156207787e-06,1263,4225,341,0.0807100591715976,0.269992082343626,"TF:M12648_1","TF","Factor: PATZ1; motif: SCNCCNCNSCCCCCASCCN; match class: 1",20093,6501,"TF:M12648"
"query_1",TRUE,1.83962544487978e-06,1016,4225,282,0.0667455621301775,0.27755905511811,"TF:M09968_1","TF","Factor: KLF15; motif: RGGGMGGRGNNGGGGGNGG; match class: 1",20093,4697,"TF:M09968"
"query_1",TRUE,1.97511702650218e-06,996,4225,277,0.0655621301775148,0.278112449799197,"TF:M09897_1","TF","Factor: Egr-1; motif: NNNNGCGKGGGYGGNRN; match class: 1",20093,1665,"TF:M09897"
"query_1",TRUE,2.03199610522441e-06,18207,4225,3914,0.926390532544379,0.21497226341517,"TF:M00378","TF","Factor: Pax-4; motif: NNNNNYCACCCB",20093,6540,"TF:M00000"
"query_1",TRUE,2.15483594468395e-06,1683,4225,439,0.103905325443787,0.260843731431967,"TF:M00939_1","TF","Factor: E2F; motif: TTTSGCGSG; match class: 1",20093,1601,"TF:M00939"
"query_1",TRUE,2.15483594468395e-06,3742,4225,905,0.214201183431953,0.241849278460716,"TF:M04110_1","TF","Factor: RUNX3; motif: NRACCGCANWAACCRCAN; match class: 1",20093,7577,"TF:M04110"
"query_1",TRUE,2.77304948246988e-06,12192,4225,2708,0.64094674556213,0.222112860892388,"TF:M08226","TF","Factor: Elk-1:Pax-9; motif: ACCGGAACYACGCWYSANTG",20093,1868,"TF:M00000"
"query_1",TRUE,2.78974665136374e-06,6619,4225,1532,0.362603550295858,0.231454902553256,"TF:M11535_1","TF","Factor: E2F-4; motif: TTTTGGCGCCAWWN; match class: 1",20093,1553,"TF:M11535"
"query_1",TRUE,2.89322492588461e-06,1700,4225,442,0.104615384615385,0.26,"TF:M12489_1","TF","Factor: KLF4; motif: NNCCCCACCCNN; match class: 1",20093,4743,"TF:M12489"
"query_1",TRUE,2.92431416366806e-06,7188,4225,1654,0.391479289940828,0.230105731775181,"TF:M00144_1","TF","Factor: Pax-5; motif: RRMSWGANWYCTNRAGCGKRACSRYNSM; match class: 1",20093,6569,"TF:M00144"
"query_1",TRUE,3.337130820258e-06,3288,4225,802,0.189822485207101,0.243917274939173,"TF:M05361_1","TF","Factor: Sp6; motif: WGGGCGG; match class: 1",20093,8131,"TF:M05361"
"query_1",TRUE,3.337130820258e-06,3288,4225,802,0.189822485207101,0.243917274939173,"TF:M05332_1","TF","Factor: Sp2; motif: WGGGCGG; match class: 1",20093,8085,"TF:M05332"
"query_1",TRUE,3.337130820258e-06,3288,4225,802,0.189822485207101,0.243917274939173,"TF:M05444_1","TF","Factor: CPBP; motif: NGGGCGG; match class: 1",20093,967,"TF:M05444"
"query_1",TRUE,3.90137474373102e-06,683,4225,199,0.0471005917159763,0.291361639824305,"TF:M07297_1","TF","Factor: MAZ; motif: CCCTCCCYCYN; match class: 1",20093,5155,"TF:M07297"
"query_1",TRUE,3.97842339540417e-06,1417,4225,375,0.0887573964497041,0.264643613267466,"TF:M10047","TF","Factor: REST; motif: TTCAGCACCAYGGACAGCKCCN",20093,7364,"TF:M00000"
"query_1",TRUE,4.093577974343e-06,1311,4225,350,0.0828402366863905,0.26697177726926,"TF:M03814_1","TF","Factor: BTEB2; motif: GNAGGGGGNGGGSSNN; match class: 1",20093,641,"TF:M03814"
"query_1",TRUE,4.85826853125656e-06,2960,4225,727,0.17207100591716,0.245608108108108,"TF:M00737_1","TF","Factor: E2F-1:DP-2; motif: TTTSSCGC; match class: 1",20093,1463,"TF:M00737"
"query_1",TRUE,4.91277877176622e-06,9180,4225,2075,0.49112426035503,0.2260348583878,"TF:M08307","TF","Factor: GCMa:Elf-1; motif: NRCCCGCACGGAAGTN",20093,3148,"TF:M00000"
"query_1",TRUE,4.99047937958608e-06,1305,4225,348,0.0823668639053254,0.266666666666667,"TF:M00920_1","TF","Factor: E2F; motif: NKCGCGCSAAAN; match class: 1",20093,1607,"TF:M00920"
"query_1",TRUE,4.9970918085442e-06,2561,4225,637,0.150769230769231,0.248730964467005,"TF:M00938_1","TF","Factor: E2F-1; motif: TTGGCGCGRAANNGNM; match class: 1",20093,1487,"TF:M00938"
"query_1",TRUE,5.25949437493271e-06,13878,4225,3051,0.722130177514793,0.219844357976654,"TF:M09918","TF","Factor: Pet-1; motif: GCNGGAAGYG",20093,6722,"TF:M00000"
"query_1",TRUE,5.45108077300206e-06,1434,4225,378,0.0894674556213018,0.263598326359833,"TF:M01837_1","TF","Factor: FKLF; motif: BGGGNGGVMD; match class: 1",20093,2495,"TF:M01837"
"query_1",TRUE,5.98662655110812e-06,3506,4225,848,0.200710059171598,0.24187107815174,"TF:M03895_1","TF","Factor: CTCF; motif: WGCGCCMYCTAGYGGYN; match class: 1",20093,1157,"TF:M03895"
"query_1",TRUE,6.15534682274165e-06,7942,4225,1811,0.428639053254438,0.228028204482498,"TF:M08952","TF","Factor: NF-KAPPAB1; motif: NGGKRNTTYCCCN",20093,5884,"TF:M00000"
"query_1",TRUE,6.54089712464123e-06,8654,4225,1962,0.464378698224852,0.226715969493876,"TF:M01855","TF","Factor: AHR; motif: CACGCN",20093,22,"TF:M00000"
"query_1",TRUE,6.85451341399953e-06,1583,4225,412,0.0975147928994083,0.260265319014529,"TF:M12717","TF","Factor: ZNF740; motif: CNGCCCCCCCMCCCCC",20093,11516,"TF:M00000"
"query_1",TRUE,6.86833139242834e-06,6419,4225,1484,0.351242603550296,0.231188658669575,"TF:M11061","TF","Factor: HES-1; motif: GGCRCGTGNC",20093,3466,"TF:M00000"
"query_1",TRUE,8.34560119240234e-06,3987,4225,953,0.225562130177515,0.239026837220968,"TF:M01588_1","TF","Factor: GKLF; motif: GCCMCRCCCNNN; match class: 1",20093,3283,"TF:M01588"
"query_1",TRUE,9.5025570347647e-06,5199,4225,1218,0.288284023668639,0.234275822273514,"TF:M08905","TF","Factor: TIEG1; motif: GGSGGKGNNN",20093,9022,"TF:M00000"
"query_1",TRUE,1.00457556732692e-05,8049,4225,1831,0.433372781065089,0.227481674742204,"TF:M11395_1","TF","Factor: Erg; motif: NACCGGAWWTCCGGTN; match class: 1",20093,2091,"TF:M11395"
"query_1",TRUE,1.07775252407562e-05,2690,4225,663,0.156923076923077,0.246468401486989,"TF:M03932","TF","Factor: ZIC4; motif: GRCCCCCCGCNGNGN",20093,9632,"TF:M00000"
"query_1",TRUE,1.13191416583682e-05,7691,4225,1754,0.415147928994083,0.228058769990898,"TF:M10115","TF","Factor: LRF; motif: NRGGGKCKY",20093,9444,"TF:M00000"
"query_1",TRUE,1.15024135269883e-05,2798,4225,687,0.162603550295858,0.245532523230879,"TF:M01855_1","TF","Factor: AHR; motif: CACGCN; match class: 1",20093,23,"TF:M01855"
"query_1",TRUE,1.21905420636515e-05,3435,4225,829,0.196213017751479,0.241339155749636,"TF:M12686","TF","Factor: ZBTB10; motif: TGGGGTGCNS",20093,9326,"TF:M00000"
"query_1",TRUE,1.27956040691897e-05,493,4225,149,0.0352662721893491,0.302231237322515,"TF:M10111_1","TF","Factor: ZF5; motif: NGAGCGCGC; match class: 1",20093,9481,"TF:M10111"
"query_1",TRUE,1.45797046284051e-05,11274,4225,2508,0.593609467455621,0.222458754656732,"TF:M01770","TF","Factor: XBP-1; motif: WNNGMCACGTC",20093,9234,"TF:M00000"
"query_1",TRUE,1.64795429693155e-05,2961,4225,722,0.170887573964497,0.243836541708882,"TF:M12085_1","TF","Factor: ZNF501; motif: NNNCSACGCGAACAC; match class: 1",20093,10725,"TF:M12085"
"query_1",TRUE,1.69774335466546e-05,15456,4225,3365,0.796449704142012,0.217714803312629,"TF:M04691","TF","Factor: Kaiso; motif: TCTCGCGAG",20093,9370,"TF:M00000"
"query_1",TRUE,1.96157934679603e-05,867,4225,240,0.0568047337278106,0.27681660899654,"TF:M01072_1","TF","Factor: HIC1; motif: NSNNNNTGCCCSSNN; match class: 1",20093,3531,"TF:M01072"
"query_1",TRUE,2.04182628551537e-05,11615,4225,2577,0.609940828402367,0.2218682737839,"TF:M08529","TF","Factor: E2F-3:T-bet; motif: AGGTGTNANGGCGCST",20093,1524,"TF:M00000"
"query_1",TRUE,2.04754173365269e-05,6410,4225,1476,0.349349112426036,0.230265210608424,"TF:M13121","TF","Factor: ZFP90; motif: SAGGMNCANKSAYAGC",20093,9586,"TF:M00000"
"query_1",TRUE,2.27800541423964e-05,8128,4225,1843,0.436213017751479,0.226747047244095,"TF:M08225_1","TF","Factor: Elk-1:Pax-5; motif: ACCGGAACYACGCWTSANYG; match class: 1",20093,1867,"TF:M08225"
"query_1",TRUE,2.53213399689479e-05,924,4225,253,0.0598816568047337,0.273809523809524,"TF:M12697_1","TF","Factor: ZNF142; motif: SNSCGCCCGCCCGCSCSS; match class: 1",20093,9771,"TF:M12697"
"query_1",TRUE,2.60575223587946e-05,2078,4225,521,0.123313609467456,0.250721847930703,"TF:M00516_1","TF","Factor: E2F-1; motif: TTTSGCGCGMNR; match class: 1",20093,1589,"TF:M00516"
"query_1",TRUE,2.60575223587946e-05,1824,4225,463,0.109585798816568,0.253837719298246,"TF:M09650","TF","Factor: REST; motif: TTCAGCACCAYGGACAGCKCCN",20093,7362,"TF:M00000"
"query_1",TRUE,2.72217732993366e-05,2962,4225,720,0.170414201183432,0.243079000675219,"TF:M03923","TF","Factor: SP8; motif: RCCACGCCCMCY",20093,8132,"TF:M00000"
"query_1",TRUE,2.96959016263243e-05,6160,4225,1420,0.336094674556213,0.230519480519481,"TF:M09893","TF","Factor: E2F-3; motif: NNGGCGGGAAA",20093,1528,"TF:M00000"
"query_1",TRUE,3.0026700737837e-05,13,4225,11,0.00260355029585799,0.846153846153846,"TF:M00256_1","TF","Factor: NRSF; motif: TTCAGCACCACGGACAGMGCC; match class: 1",20093,6261,"TF:M00256"
"query_1",TRUE,3.07240858418295e-05,1501,4225,388,0.0918343195266272,0.258494337108594,"TF:M09969_1","TF","Factor: EKLF; motif: NGGGYGKGGCNNGG; match class: 1",20093,1729,"TF:M09969"
"query_1",TRUE,3.27057113200194e-05,11024,4225,2451,0.580118343195266,0.222333091436865,"TF:M02070","TF","Factor: TEL1; motif: CNCGGAANNN",20093,8782,"TF:M00000"
"query_1",TRUE,3.35169028582541e-05,1815,4225,460,0.10887573964497,0.253443526170799,"TF:M12729","TF","Factor: ZNF850; motif: CNSYGGGAGCCCCTCTCNGGGCTGNCC",20093,11824,"TF:M00000"
"query_1",TRUE,3.37847976338774e-05,1537,4225,396,0.0937278106508876,0.257644762524398,"TF:M00919_1","TF","Factor: E2F; motif: NCSCGCSAAAN; match class: 1",20093,1599,"TF:M00919"
"query_1",TRUE,3.66358284155603e-05,5897,4225,1362,0.322366863905325,0.23096489740546,"TF:M07597","TF","Factor: Egr-1; motif: GCGTGGGCGT",20093,1658,"TF:M00000"
"query_1",TRUE,3.76941171389414e-05,13204,4225,2902,0.686863905325444,0.219781884277492,"TF:M11399","TF","Factor: Fli-1; motif: NACCGGAWWTCCGGTY",20093,2534,"TF:M00000"
"query_1",TRUE,3.90239465301257e-05,4816,4225,1127,0.266745562130178,0.234011627906977,"TF:M08529_1","TF","Factor: E2F-3:T-bet; motif: AGGTGTNANGGCGCST; match class: 1",20093,1525,"TF:M08529"
"query_1",TRUE,3.9357854760378e-05,1281,4225,336,0.0795266272189349,0.262295081967213,"TF:M04918_1","TF","Factor: Egr-1; motif: ACCGCCC; match class: 1",20093,1653,"TF:M04918"
"query_1",TRUE,4.26018865915712e-05,4484,4225,1054,0.249467455621302,0.235057983942908,"TF:M00807","TF","Factor: Egr; motif: GTGGGSGCRRS",20093,1714,"TF:M00000"
"query_1",TRUE,4.27041884763144e-05,5080,4225,1184,0.280236686390533,0.233070866141732,"TF:M00143_1","TF","Factor: Pax-5; motif: BCNNNRNGCANBGNTGNRTAGCSGCHNB; match class: 1",20093,6567,"TF:M00143"
"query_1",TRUE,4.32137137912761e-05,855,4225,235,0.0556213017751479,0.274853801169591,"TF:M01253_1","TF","Factor: CNOT3; motif: GGCCGCGSSS; match class: 1",20093,937,"TF:M01253"
"query_1",TRUE,4.60901009409953e-05,4422,4225,1040,0.246153846153846,0.235187697874265,"TF:M13141","TF","Factor: MAD5; motif: SSNSSSNSSSSGCCACGTGC",20093,5336,"TF:M00000"
"query_1",TRUE,5.00886056487899e-05,2328,4225,575,0.136094674556213,0.246993127147766,"TF:M09966","TF","Factor: Kaiso; motif: SARNYCTCGCGAGAN",20093,9376,"TF:M00000"
"query_1",TRUE,5.1739459011758e-05,2404,4225,592,0.140118343195266,0.246256239600666,"TF:M01973_1","TF","Factor: PLAG1; motif: CCCCCKWNNNGGSCCC; match class: 1",20093,6825,"TF:M01973"
"query_1",TRUE,5.26984093392424e-05,4407,4225,1036,0.245207100591716,0.235080553664624,"TF:M12156","TF","Factor: Sp2; motif: NTAAGYCCCGCCCMCTN",20093,8096,"TF:M00000"
"query_1",TRUE,5.39094663608785e-05,1234,4225,324,0.0766863905325444,0.262560777957861,"TF:M08440","TF","Factor: AP-2gamma:E2F-8; motif: NTTCCCGCNNSCCCSMGGC",20093,8820,"TF:M00000"
"query_1",TRUE,5.39905273493157e-05,614,4225,176,0.0416568047337278,0.286644951140065,"TF:M10137","TF","Factor: ZBP99; motif: NGGNGGGGGAGGGGN",20093,9530,"TF:M00000"
"query_1",TRUE,5.40492115723027e-05,2806,4225,682,0.161420118343195,0.243050605844619,"TF:M00051_1","TF","Factor: NF-kappaB; motif: GGGGATYCCC; match class: 1",20093,5875,"TF:M00051"
"query_1",TRUE,5.53621580498794e-05,11342,4225,2514,0.595029585798817,0.221654029271733,"TF:M11081","TF","Factor: SREBP-1; motif: RTCRCGTGAY",20093,8212,"TF:M00000"
"query_1",TRUE,6.95661073781144e-05,4849,4225,1131,0.267692307692308,0.233243967828418,"TF:M11528_1","TF","Factor: E2F-2; motif: NTTTTGGCGCCAWWWN; match class: 1",20093,1505,"TF:M11528"
"query_1",TRUE,9.34452718023757e-05,2808,4225,680,0.16094674556213,0.242165242165242,"TF:M12535","TF","Factor: ZNF263; motif: NNGGGGAGGANN",20093,10078,"TF:M00000"
"query_1",TRUE,9.49790426719851e-05,9488,4225,2122,0.502248520710059,0.223650927487352,"TF:M09920","TF","Factor: Fli-1; motif: NNRGGMAGGAAGGRRRGR",20093,2530,"TF:M00000"
"query_1",TRUE,9.73761795194253e-05,5692,4225,1312,0.310532544378698,0.230498945888967,"TF:M00918","TF","Factor: E2F; motif: TTTSGCGSG",20093,1594,"TF:M00000"
"query_1",TRUE,0.000100022305885319,3680,4225,873,0.206627218934911,0.237228260869565,"TF:M12157","TF","Factor: KLF15; motif: RCCACGCCCCCC",20093,4698,"TF:M00000"
"query_1",TRUE,0.00010491795029987,1226,4225,320,0.0757396449704142,0.261011419249592,"TF:M12658","TF","Factor: REST; motif: NGGCGCTGTCCRTGGTGCTGAA",20093,7366,"TF:M00000"
"query_1",TRUE,0.000110413136438628,3415,4225,814,0.192662721893491,0.238360175695461,"TF:M01721_1","TF","Factor: PUR1; motif: GGGNCAGNN; match class: 1",20093,7233,"TF:M01721"
"query_1",TRUE,0.000115218013420118,9096,4225,2038,0.482366863905325,0.2240545294635,"TF:M00024","TF","Factor: E2F-1; motif: TWSGCGCGAAAAYKR",20093,1584,"TF:M00000"
"query_1",TRUE,0.000123231910541309,3413,4225,813,0.192426035502959,0.238206856138295,"TF:M03914","TF","Factor: KLF16; motif: GMCACGCCCCC",20093,4710,"TF:M00000"
"query_1",TRUE,0.000123231910541309,7811,4225,1765,0.417751479289941,0.225963384969914,"TF:M04152","TF","Factor: TFAP2C; motif: NGCCCNNRGGCA",20093,8834,"TF:M00000"
"query_1",TRUE,0.000138567890966073,2978,4225,716,0.169467455621302,0.240429818670248,"TF:M09632","TF","Factor: Kaiso; motif: GNTCTCGCGAGRNNNNGGN",20093,9374,"TF:M00000"
"query_1",TRUE,0.000155554225136457,2559,4225,622,0.147218934911243,0.243063696756546,"TF:M12684","TF","Factor: ZASC1; motif: NYCAGCACCNNGGRMRGC",20093,9310,"TF:M00000"
"query_1",TRUE,0.000170114445913545,83,4225,35,0.00828402366863905,0.421686746987952,"TF:M12691_1","TF","Factor: ZBTB44; motif: NTCAGCACCNNGGACAGCGSCN; match class: 1",20093,9423,"TF:M12691"
"query_1",TRUE,0.000175520416548755,6442,4225,1470,0.34792899408284,0.228190003104626,"TF:M12657","TF","Factor: RELA; motif: GGGRMTKYCCC",20093,7338,"TF:M00000"
"query_1",TRUE,0.000175520416548755,3480,4225,826,0.195502958579882,0.23735632183908,"TF:M12732_1","TF","Factor: ZNF532; motif: NGGRGCTGGG; match class: 1",20093,10807,"TF:M12732"
"query_1",TRUE,0.000175946420573061,2781,4225,671,0.158816568047337,0.241280115066523,"TF:M01778","TF","Factor: PLAG1; motif: GRGGCNNHNNNRRGGG",20093,6822,"TF:M00000"
"query_1",TRUE,0.000190135021978405,7984,4225,1799,0.425798816568047,0.225325651302605,"TF:M00322","TF","Factor: c-Myc:Max; motif: GCCAYGYGSN",20093,5554,"TF:M00000"
"query_1",TRUE,0.00019893958653506,5624,4225,1293,0.30603550295858,0.229907539118065,"TF:M12728","TF","Factor: THAP7; motif: GNCGCCATSTTGRGNGKGGC",20093,8988,"TF:M00000"
"query_1",TRUE,0.000199397704912567,2905,4225,698,0.165207100591716,0.240275387263339,"TF:M09890_1","TF","Factor: ctcf; motif: YGGCCACCAGRKGGCRSYN; match class: 1",20093,1173,"TF:M09890"
"query_1",TRUE,0.000209480649341877,2704,4225,653,0.154556213017751,0.241494082840237,"TF:M00024_1","TF","Factor: E2F-1; motif: TWSGCGCGAAAAYKR; match class: 1",20093,1585,"TF:M00024"
"query_1",TRUE,0.000219553424044262,12699,4225,2787,0.659644970414201,0.219466099692889,"TF:M07041","TF","Factor: HDAC1; motif: KGCARGGTC",20093,3444,"TF:M00000"
"query_1",TRUE,0.000226938484329019,6473,4225,1475,0.349112426035503,0.22786961223544,"TF:M00051","TF","Factor: NF-kappaB; motif: GGGGATYCCC",20093,5874,"TF:M00000"
"query_1",TRUE,0.000229174790720626,883,4225,237,0.056094674556213,0.268403171007928,"TF:M07141_1","TF","Factor: FPM315; motif: GGAGGAGGRRGRGGRGGRRGR; match class: 1",20093,10073,"TF:M07141"
"query_1",TRUE,0.000237251597851097,2078,4225,512,0.121183431952663,0.246390760346487,"TF:M08700","TF","Factor: Erm:HES-7; motif: NCGGANGNNNNNCRCGYG",20093,2366,"TF:M00000"
"query_1",TRUE,0.000246385919776335,5658,4225,1299,0.307455621301775,0.229586426299046,"TF:M08226_1","TF","Factor: Elk-1:Pax-9; motif: ACCGGAACYACGCWYSANTG; match class: 1",20093,1869,"TF:M08226"
"query_1",TRUE,0.000261338961119383,3867,4225,909,0.215147928994083,0.235065942591156,"TF:M12139","TF","Factor: Egr-1; motif: NMCRCCCMCNCNN",20093,1666,"TF:M00000"
"query_1",TRUE,0.000268652549851953,4664,4225,1083,0.256331360946746,0.232204116638079,"TF:M09729_1","TF","Factor: LUMAN; motif: CYCAGCYYCY; match class: 1",20093,4983,"TF:M09729"
"query_1",TRUE,0.000279537842028315,10899,4225,2411,0.570650887573965,0.221212955317002,"TF:M09729","TF","Factor: LUMAN; motif: CYCAGCYYCY",20093,4982,"TF:M00000"
"query_1",TRUE,0.000280339547052916,18549,4225,3963,0.937988165680473,0.213650331554262,"TF:M08568","TF","Factor: ER71:E2A; motif: CASSTGNACCGGAWRYN",20093,2318,"TF:M00000"
"query_1",TRUE,0.000280372034987773,2210,4225,541,0.128047337278107,0.244796380090498,"TF:M13135_1","TF","Factor: SP4; motif: GGCCCCGCCCCCN; match class: 1",20093,8121,"TF:M13135"
"query_1",TRUE,0.000294866178678223,598,4225,168,0.0397633136094675,0.280936454849498,"TF:M12516_1","TF","Factor: E2F6; motif: NNNGGCGGGAANN; match class: 1",20093,1567,"TF:M12516"
"query_1",TRUE,0.000301087728212,9283,4225,2071,0.490177514792899,0.223095981902402,"TF:M12186","TF","Factor: BTEB4; motif: NCCACGCCCM",20093,4714,"TF:M00000"
"query_1",TRUE,0.000345386818580742,11716,4225,2580,0.610650887573964,0.220211676340048,"TF:M11877","TF","Factor: pax-2; motif: NCGTCACGCNYSRNYGCNYN",20093,6514,"TF:M00000"
"query_1",TRUE,0.0003573960491121,4819,4225,1115,0.263905325443787,0.231375804108736,"TF:M09738_1","TF","Factor: ZNF511; motif: GGRRGRGGCWGNG; match class: 1",20093,10745,"TF:M09738"
"query_1",TRUE,0.000378493773021795,1901,4225,470,0.111242603550296,0.247238295633877,"TF:M03553","TF","Factor: KLF3; motif: CCMCACCCNG",20093,4732,"TF:M00000"
"query_1",TRUE,0.000426420006018837,536,4225,152,0.0359763313609467,0.283582089552239,"TF:M03806_1","TF","Factor: ZBTB7C; motif: GKCCCGGGCKG; match class: 1",20093,9459,"TF:M03806"
"query_1",TRUE,0.000482460963920506,4308,4225,1002,0.237159763313609,0.232590529247911,"TF:M02011","TF","Factor: HES-1; motif: GSCACGMGMC",20093,3474,"TF:M00000"
"query_1",TRUE,0.000499653594791418,7949,4225,1785,0.422485207100592,0.224556547993458,"TF:M08767_1","TF","Factor: HES-1; motif: GNCACGTGNC; match class: 1",20093,3465,"TF:M08767"
"query_1",TRUE,0.000501692569126471,3342,4225,790,0.18698224852071,0.23638539796529,"TF:M07348_1","TF","Factor: AP-2alpha; motif: NSCCNCRGGSN; match class: 1",20093,137,"TF:M07348"
"query_1",TRUE,0.000503873010690626,5577,4225,1277,0.302248520710059,0.228976152053075,"TF:M04152_1","TF","Factor: TFAP2C; motif: NGCCCNNRGGCA; match class: 1",20093,8835,"TF:M04152"
"query_1",TRUE,0.000517320215734198,2374,4225,575,0.136094674556213,0.242207245155855,"TF:M00245_1","TF","Factor: Egr-3; motif: NTGCGTGGGCGK; match class: 1",20093,1693,"TF:M00245"
"query_1",TRUE,0.000523205233199333,8568,4225,1916,0.453491124260355,0.223622782446312,"TF:M09724","TF","Factor: DATF1; motif: SNGGRRGCWGNGGG",20093,1222,"TF:M00000"
"query_1",TRUE,0.000542789898037508,3503,4225,825,0.195266272189349,0.235512417927491,"TF:M08952_1","TF","Factor: NF-KAPPAB1; motif: NGGKRNTTYCCCN; match class: 1",20093,5885,"TF:M08952"
"query_1",TRUE,0.000547210333550452,9445,4225,2101,0.497278106508876,0.222445738485971,"TF:M10550_1","TF","Factor: ZNF684; motif: MAAGGGGTGGACTGT; match class: 1",20093,11307,"TF:M10550"
"query_1",TRUE,0.000566070002279977,10383,4225,2298,0.543905325443787,0.221323316960416,"TF:M02071","TF","Factor: ETV7; motif: NCCGGAANNN",20093,2388,"TF:M00000"
"query_1",TRUE,0.000597790057698862,2319,4225,562,0.13301775147929,0.242345838723588,"TF:M01001","TF","Factor: DEAF1; motif: NCGNNYTCGGGNRTTTCCGDARNNN",20093,1242,"TF:M00000"
"query_1",TRUE,0.000598151458611304,8054,4225,1806,0.427455621301775,0.22423640427117,"TF:M08767","TF","Factor: HES-1; motif: GNCACGTGNC",20093,3464,"TF:M00000"
"query_1",TRUE,0.000613773406091272,849,4225,226,0.053491124260355,0.266195524146054,"TF:M00976_1","TF","Factor: AhR,; motif: NRCGTGNGN; match class: 1",20093,17,"TF:M00976"
"query_1",TRUE,0.000617676931477073,450,4225,130,0.0307692307692308,0.288888888888889,"TF:M01778_1","TF","Factor: PLAG1; motif: GRGGCNNHNNNRRGGG; match class: 1",20093,6823,"TF:M01778"
"query_1",TRUE,0.000660535087390267,7808,4225,1753,0.41491124260355,0.224513319672131,"TF:M00665","TF","Factor: Sp3; motif: ASMCTTGGGSRGGG",20093,8110,"TF:M00000"
"query_1",TRUE,0.000677072279327186,3878,4225,906,0.214437869822485,0.233625580195977,"TF:M04146_1","TF","Factor: TFAP2A; motif: YGCCCNNRGGCN; match class: 1",20093,8787,"TF:M04146"
"query_1",TRUE,0.000735260573179268,1495,4225,375,0.0887573964497041,0.250836120401338,"TF:M01972_1","TF","Factor: EGR-1; motif: TGCGTGGGCGK; match class: 1",20093,1645,"TF:M01972"
"query_1",TRUE,0.000836055505051649,1832,4225,451,0.106745562130178,0.24617903930131,"TF:M07409_1","TF","Factor: BTEB2; motif: GCCCCRCCCH; match class: 1",20093,4745,"TF:M07409"
"query_1",TRUE,0.000838130406407881,12762,4225,2791,0.660591715976331,0.218696129133365,"TF:M09817","TF","Factor: PAX5; motif: RNGCGTGACCNN",20093,6580,"TF:M00000"
"query_1",TRUE,0.000878385286069418,106,4225,40,0.00946745562130178,0.377358490566038,"TF:M00325_1","TF","Factor: NRSE; motif: TTYAGCWCCDCGGASAGYRCC; match class: 1",20093,6259,"TF:M00325"
"query_1",TRUE,0.000913748791543569,8007,4225,1793,0.424378698224852,0.223929062070688,"TF:M00450_1","TF","Factor: Zic3; motif: NGGGKGGTC; match class: 1",20093,9625,"TF:M00450"
"query_1",TRUE,0.000918765176208156,5336,4225,1221,0.288994082840237,0.228823088455772,"TF:M11877_1","TF","Factor: pax-2; motif: NCGTCACGCNYSRNYGCNYN; match class: 1",20093,6515,"TF:M11877"
"query_1",TRUE,0.000918765176208156,4083,4225,949,0.224615384615385,0.232427136909135,"TF:M09910_1","TF","Factor: ER-beta; motif: RGGTCASCNTGMCCY; match class: 1",20093,2165,"TF:M09910"
"query_1",TRUE,0.000918765176208156,1021,4225,265,0.0627218934911243,0.259549461312439,"TF:M08905_1","TF","Factor: TIEG1; motif: GGSGGKGNNN; match class: 1",20093,9023,"TF:M08905"
"query_1",TRUE,0.000918765176208156,16859,4225,3626,0.858224852071006,0.215077999881369,"TF:M07322","TF","Factor: HSF4; motif: CTGCMRN",20093,4330,"TF:M00000"
"query_1",TRUE,0.00103325583681342,2934,4225,696,0.164733727810651,0.23721881390593,"TF:M00446_1","TF","Factor: Spz1; motif: DNNGGRGGGWWNNNN; match class: 1",20093,8205,"TF:M00446"
"query_1",TRUE,0.00103425562749971,1655,4225,410,0.0970414201183432,0.24773413897281,"TF:M12569","TF","Factor: CTCFL; motif: NSCAGGGGGCGS",20093,1148,"TF:M00000"
"query_1",TRUE,0.0010430903485072,6297,4225,1427,0.337751479289941,0.226615848816897,"TF:M09817_1","TF","Factor: PAX5; motif: RNGCGTGACCNN; match class: 1",20093,6581,"TF:M09817"
"query_1",TRUE,0.00104662277573388,767,4225,205,0.0485207100591716,0.267275097783572,"TF:M10144_1","TF","Factor: ZNF341; motif: GRGGRRNRGNRGNRGGAASAGC; match class: 1",20093,10325,"TF:M10144"
"query_1",TRUE,0.00104842778901037,41,4225,20,0.00473372781065089,0.48780487804878,"TF:M01028_1","TF","Factor: NRSF; motif: GYRCTGTCCRYGGTGCTGA; match class: 1",20093,6263,"TF:M01028"
"query_1",TRUE,0.00111027807860415,8594,4225,1916,0.453491124260355,0.222946241563882,"TF:M01047_1","TF","Factor: AP-2alphaA; motif: ANMGCCTNAGGCKNT; match class: 1",20093,135,"TF:M01047"
"query_1",TRUE,0.00111027807860415,8594,4225,1916,0.453491124260355,0.222946241563882,"TF:M01047","TF","Factor: AP-2alphaA; motif: ANMGCCTNAGGCKNT",20093,134,"TF:M00000"
"query_1",TRUE,0.00118525383894703,526,4225,147,0.034792899408284,0.279467680608365,"TF:M11537","TF","Factor: E2F-8; motif: NNTTCCCGCCAAAW",20093,1580,"TF:M00000"
"query_1",TRUE,0.00119116517211686,555,4225,154,0.0364497041420118,0.277477477477477,"TF:M10151_1","TF","Factor: EZI; motif: GGGGAGGGGRRGGRGRRGGRRR; match class: 1",20093,2449,"TF:M10151"
"query_1",TRUE,0.00121879271073366,14279,4225,3101,0.73396449704142,0.21717207087331,"TF:M00450","TF","Factor: Zic3; motif: NGGGKGGTC",20093,9624,"TF:M00000"
"query_1",TRUE,0.0012293893960292,1557,4225,387,0.0915976331360947,0.248554913294798,"TF:M08488","TF","Factor: GCMb:E2F-8; motif: ATRNGGGTWANSGCGGGAAA",20093,3206,"TF:M00000"
"query_1",TRUE,0.00125652304309678,7816,4225,1750,0.414201183431953,0.223899692937564,"TF:M12726","TF","Factor: PURBETA; motif: NCWGRGGCTGGGG",20093,7234,"TF:M00000"
"query_1",TRUE,0.00133920372480453,548,4225,152,0.0359763313609467,0.277372262773723,"TF:M01587_1","TF","Factor: FPM315; motif: SRGGGAGGAGGN; match class: 1",20093,2925,"TF:M01587"
"query_1",TRUE,0.00136989738145336,12842,4225,2804,0.663668639053254,0.21834605201682,"TF:M02065","TF","Factor: ER81; motif: RCCGGAARYN",20093,2002,"TF:M00000"
"query_1",TRUE,0.00140678957498439,737,4225,197,0.0466272189349112,0.26729986431479,"TF:M12964_1","TF","Factor: CTCF; motif: CTGCAGTNCNNNNNNNNNNCCASYAGRKGGCRSYN; match class: 1",20093,1181,"TF:M12964"
"query_1",TRUE,0.00141499415524466,4155,4225,962,0.227692307692308,0.231528279181709,"TF:M01593","TF","Factor: Zfx; motif: SNSCAGGCCKCGSCSS",20093,9602,"TF:M00000"
"query_1",TRUE,0.001432421984793,19704,4225,4172,0.987455621301775,0.211733658140479,"TF:M01822","TF","Factor: CPBP; motif: SNCCCNN",20093,974,"TF:M00000"
"query_1",TRUE,0.00146204914563242,349,4225,103,0.0243786982248521,0.29512893982808,"TF:M06477","TF","Factor: HZF12; motif: NCMGGNTGCCCC",20093,4362,"TF:M00000"
"query_1",TRUE,0.00151340753773977,8676,4225,1931,0.457041420118343,0.222568003688336,"TF:M03846","TF","Factor: SMAD5; motif: GSGGCAGM",20093,7826,"TF:M00000"
"query_1",TRUE,0.00151751331411594,5162,4225,1180,0.279289940828402,0.228593568384347,"TF:M08206_1","TF","Factor: E2F-3:Prrxl1; motif: SGCGCTAATTNN; match class: 1",20093,1513,"TF:M08206"
"query_1",TRUE,0.00165249475454858,1908,4225,465,0.110059171597633,0.243710691823899,"TF:M00050_1","TF","Factor: E2F; motif: TTTSGCGC; match class: 1",20093,1587,"TF:M00050"
"query_1",TRUE,0.00172621176594965,3991,4225,925,0.218934911242604,0.231771485843147,"TF:M01200","TF","Factor: CTCF; motif: NNNGCCASCAGRKGGCRSNN",20093,1150,"TF:M00000"
"query_1",TRUE,0.00176002866179884,1005,4225,259,0.061301775147929,0.25771144278607,"TF:M01273_1","TF","Factor: SP4; motif: SCCCCGCCCCS; match class: 1",20093,8125,"TF:M01273"
"query_1",TRUE,0.0018622878271913,3984,4225,923,0.218461538461538,0.231676706827309,"TF:M08993_1","TF","Factor: ZNF777; motif: GTCCGYCCCGTCSAACAAT; match class: 1",20093,11629,"TF:M08993"
"query_1",TRUE,0.00187053853319222,502,4225,140,0.0331360946745562,0.278884462151394,"TF:M12686_1","TF","Factor: ZBTB10; motif: TGGGGTGCNS; match class: 1",20093,9327,"TF:M12686"
"query_1",TRUE,0.00197442499207673,3032,4225,714,0.168994082840237,0.235488126649077,"TF:M12727","TF","Factor: SCMH1; motif: NGCTGTCCNYGGTGCTGN",20093,7664,"TF:M00000"
"query_1",TRUE,0.00207004567235534,10582,4225,2330,0.551479289940828,0.22018522018522,"TF:M08993","TF","Factor: ZNF777; motif: GTCCGYCCCGTCSAACAAT",20093,11628,"TF:M00000"
"query_1",TRUE,0.00207419650483079,1382,4225,345,0.0816568047337278,0.249638205499276,"TF:M09967_1","TF","Factor: AP-2rep; motif: NGGGGCGGGGC; match class: 1",20093,153,"TF:M09967"
"query_1",TRUE,0.00208765511232241,4876,4225,1116,0.26414201183432,0.228876127973749,"TF:M12964","TF","Factor: CTCF; motif: CTGCAGTNCNNNNNNNNNNCCASYAGRKGGCRSYN",20093,1180,"TF:M00000"
"query_1",TRUE,0.00241794797055224,6816,4225,1532,0.362603550295858,0.224765258215962,"TF:M02012","TF","Factor: HIF-1alpha; motif: NCACGT",20093,3550,"TF:M00000"
"query_1",TRUE,0.00248696649265735,1280,4225,321,0.0759763313609467,0.25078125,"TF:M00243_1","TF","Factor: Egr-1; motif: WTGCGTGGGCGK; match class: 1",20093,1643,"TF:M00243"
"query_1",TRUE,0.00251408579698808,4034,4225,932,0.220591715976331,0.231036192364898,"TF:M07042","TF","Factor: HES-1; motif: NNCKYGTGNNN",20093,3470,"TF:M00000"
"query_1",TRUE,0.00254268609138369,2500,4225,595,0.140828402366864,0.238,"TF:M00430_1","TF","Factor: E2F-1; motif: NTTSGCGG; match class: 1",20093,1489,"TF:M00430"
"query_1",TRUE,0.00263281225273355,707,4225,188,0.0444970414201183,0.265912305516266,"TF:M12139_1","TF","Factor: Egr-1; motif: NMCRCCCMCNCNN; match class: 1",20093,1667,"TF:M12139"
"query_1",TRUE,0.00265162218669001,6810,4225,1530,0.362130177514793,0.224669603524229,"TF:M04146","TF","Factor: TFAP2A; motif: YGCCCNNRGGCN",20093,8786,"TF:M00000"
"query_1",TRUE,0.00276158280247369,5687,4225,1289,0.30508875739645,0.22665728855284,"TF:M07612","TF","Factor: PSF; motif: KWATCCGN",20093,7218,"TF:M00000"
"query_1",TRUE,0.00277115304690539,1025,4225,262,0.0620118343195266,0.255609756097561,"TF:M01597","TF","Factor: Zfp281; motif: TGGGGGAGGGG",20093,9528,"TF:M00000"
"query_1",TRUE,0.00278724175367613,16274,4225,3502,0.82887573964497,0.215189873417722,"TF:M04748","TF","Factor: GABP-alpha; motif: AACCGGAAR",20093,2978,"TF:M00000"
"query_1",TRUE,0.00280366937353062,53,4225,23,0.00544378698224852,0.433962264150943,"TF:M10047_1","TF","Factor: REST; motif: TTCAGCACCAYGGACAGCKCCN; match class: 1",20093,7365,"TF:M10047"
"query_1",TRUE,0.00308897147344957,8636,4225,1917,0.453727810650888,0.221977767484947,"TF:M12230","TF","Factor: LRF; motif: RCGACCACCNN",20093,9446,"TF:M00000"
"query_1",TRUE,0.00313711010755503,1438,4225,356,0.0842603550295858,0.247566063977747,"TF:M01592","TF","Factor: LBP9; motif: CCRGNNNNARCCRGYYN",20093,4774,"TF:M00000"
"query_1",TRUE,0.00325617933372927,2191,4225,525,0.124260355029586,0.23961661341853,"TF:M00634","TF","Factor: GCM; motif: CNNRCCCGCATD",20093,3244,"TF:M00000"
"query_1",TRUE,0.0032719313675061,280,4225,84,0.0198816568047337,0.3,"TF:M04932_1","TF","Factor: Sp2; motif: AAGGGGCGG; match class: 1",20093,8083,"TF:M04932"
"query_1",TRUE,0.00342302212615161,588,4225,159,0.0376331360946746,0.270408163265306,"TF:M10134_1","TF","Factor: FPM315; motif: GGGAGGAGGRRGRGGRGGRR; match class: 1",20093,2927,"TF:M10134"
"query_1",TRUE,0.00355894363203678,8174,4225,1818,0.430295857988166,0.222412527526303,"TF:M11081_1","TF","Factor: SREBP-1; motif: RTCRCGTGAY; match class: 1",20093,8213,"TF:M11081"
"query_1",TRUE,0.00373901463679216,3656,4225,847,0.200473372781065,0.231673960612691,"TF:M09668","TF","Factor: RelA-p65; motif: GGGRNTTTCCM",20093,7334,"TF:M00000"
"query_1",TRUE,0.00386747453705799,1000,4225,255,0.0603550295857988,0.255,"TF:M10056_1","TF","Factor: DRRS; motif: GNNGGGWGGG; match class: 1",20093,1427,"TF:M10056"
"query_1",TRUE,0.00386747453705799,2195,4225,525,0.124260355029586,0.239179954441913,"TF:M01714","TF","Factor: KLF15; motif: GAGNNGGGGNGTDG",20093,4708,"TF:M00000"
"query_1",TRUE,0.00391077525581575,2882,4225,677,0.160236686390533,0.234906315058987,"TF:M12152_1","TF","Factor: Sp1; motif: NWRGCCACGCCCMCN; match class: 1",20093,8065,"TF:M12152"
"query_1",TRUE,0.00397196359760259,1976,4225,476,0.112662721893491,0.240890688259109,"TF:M08662","TF","Factor: AP-2gamma:HES-7; motif: NNCACGYGNNNNNNSCCNNNGGS",20093,8826,"TF:M00000"
"query_1",TRUE,0.00397196359760259,1624,4225,397,0.0939644970414201,0.244458128078818,"TF:M00246_1","TF","Factor: Egr-2; motif: NTGCGTRGGCGK; match class: 1",20093,1677,"TF:M00246"
"query_1",TRUE,0.00411486439774839,3453,4225,802,0.189822485207101,0.232261801332175,"TF:M09920_1","TF","Factor: Fli-1; motif: NNRGGMAGGAAGGRRRGR; match class: 1",20093,2531,"TF:M09920"
"query_1",TRUE,0.00427416265946979,9027,4225,1997,0.472662721893491,0.221225213249141,"TF:M03577","TF","Factor: Pax-5; motif: RRNGRNGCAN",20093,6584,"TF:M00000"
"query_1",TRUE,0.0042835312953692,1933,4225,466,0.110295857988166,0.241076047594413,"TF:M12153_1","TF","Factor: Sp3; motif: NGCCACGCCCMCN; match class: 1",20093,8107,"TF:M12153"
"query_1",TRUE,0.00431900931339018,812,4225,211,0.0499408284023669,0.259852216748768,"TF:M05432_1","TF","Factor: ZSCAN18; motif: TRRCGRCGNMCC; match class: 1",20093,11943,"TF:M05432"
"query_1",TRUE,0.00435878104061462,61,4225,25,0.00591715976331361,0.409836065573771,"TF:M12316","TF","Factor: ZF5; motif: RTGCGCGTGCACGNGN",20093,9486,"TF:M00000"
"query_1",TRUE,0.00454209795238759,955,4225,244,0.0577514792899408,0.255497382198953,"TF:M12667","TF","Factor: SP192; motif: YNNNCNTCASYAMCANNSNCAGCNYMN",20093,8040,"TF:M00000"
"query_1",TRUE,0.00455072547636853,2235,4225,533,0.126153846153846,0.238478747203579,"TF:M01816","TF","Factor: ZBP89; motif: YCCYCCCCCM",20093,9318,"TF:M00000"
"query_1",TRUE,0.00469487440481966,749,4225,196,0.0463905325443787,0.261682242990654,"TF:M01073_1","TF","Factor: HIC1; motif: NNNGGKTGCCCSNNNNNN; match class: 1",20093,3533,"TF:M01073"
"query_1",TRUE,0.00476085843809345,1060,4225,268,0.0634319526627219,0.252830188679245,"TF:M00184","TF","Factor: MyoD; motif: NNCACCTGNY",20093,5604,"TF:M00000"
"query_1",TRUE,0.00488642382281095,10787,4225,2366,0.56,0.219338092147956,"TF:M03977","TF","Factor: ETS1; motif: ACCGGAARYN",20093,2222,"TF:M00000"
"query_1",TRUE,0.00545281824054131,2982,4225,697,0.164970414201183,0.233735747820255,"TF:M11486_1","TF","Factor: CP2; motif: AACCGGTTNNAACCGGTT; match class: 1",20093,8891,"TF:M11486"
"query_1",TRUE,0.00547181564124555,1533,4225,375,0.0887573964497041,0.244618395303327,"TF:M07062","TF","Factor: RREB-1; motif: GRSDSGGGKTGGGKGG",20093,7550,"TF:M00000"
"query_1",TRUE,0.00550893918846183,2905,4225,680,0.16094674556213,0.23407917383821,"TF:M00322_1","TF","Factor: c-Myc:Max; motif: GCCAYGYGSN; match class: 1",20093,5555,"TF:M00322"
"query_1",TRUE,0.00570103099273996,6230,4225,1400,0.331360946745562,0.224719101123595,"TF:M04617","TF","Factor: LRF; motif: NGNAGNGGGTYN",20093,4956,"TF:M00000"
"query_1",TRUE,0.00587822539376948,301,4225,88,0.0208284023668639,0.292358803986711,"TF:M02105_1","TF","Factor: NF-E4; motif: CHCCCTCKCCWG; match class: 1",20093,5851,"TF:M02105"
"query_1",TRUE,0.00594821533161743,4010,4225,921,0.217988165680473,0.229675810473815,"TF:M12186_1","TF","Factor: BTEB4; motif: NCCACGCCCM; match class: 1",20093,4715,"TF:M12186"
"query_1",TRUE,0.0061898791969655,1047,4225,264,0.0624852071005917,0.25214899713467,"TF:M07387_1","TF","Factor: LRF; motif: NGKGGGTSNCN; match class: 1",20093,4955,"TF:M07387"
"query_1",TRUE,0.00644634392570045,1214,4225,302,0.0714792899408284,0.248764415156507,"TF:M00739_1","TF","Factor: E2F-4:DP-2; motif: TTTCSCGC; match class: 1",20093,1541,"TF:M00739"
"query_1",TRUE,0.0065944703060688,1232,4225,306,0.0724260355029586,0.248376623376623,"TF:M09889","TF","Factor: CTCFL; motif: NCCNSCAGGGGGCGCYN",20093,1146,"TF:M00000"
"query_1",TRUE,0.00697930176137626,1667,4225,404,0.0956213017751479,0.242351529694061,"TF:M01279","TF","Factor: IRF-3; motif: NBNBTTTCSCTTT",20093,4450,"TF:M00000"
"query_1",TRUE,0.0070180497815299,8059,4225,1788,0.423195266272189,0.221863754808289,"TF:M08214","TF","Factor: Elk-1:ETV7; motif: ANSCGGACGGATDTCCGGNT",20093,1846,"TF:M00000"
"query_1",TRUE,0.00706050781522563,1058,4225,266,0.0629585798816568,0.251417769376181,"TF:M12635","TF","Factor: MIZF; motif: GNYCYCNNCNNSGTCCGCNNNNN",20093,5372,"TF:M00000"
"query_1",TRUE,0.00707347310552743,8385,4225,1857,0.439526627218935,0.221466905187835,"TF:M11477","TF","Factor: AP-2beta; motif: NSCCYNRGGSN",20093,8810,"TF:M00000"
"query_1",TRUE,0.00707791418544253,7081,4225,1580,0.37396449704142,0.223132325942663,"TF:M11527","TF","Factor: E2F-3; motif: NTTTTGGCGCCAAAAN",20093,1532,"TF:M00000"
"query_1",TRUE,0.00756419118263233,40,4225,18,0.0042603550295858,0.45,"TF:M08740","TF","Factor: rfx3:HES-7; motif: TRGCAACSNRCACGYGCS",20093,7420,"TF:M00000"
"query_1",TRUE,0.00757737393034339,855,4225,219,0.0518343195266272,0.256140350877193,"TF:M08647","TF","Factor: TEF-3:Max; motif: RCATWCCNNNNNNCACGTG",20093,8718,"TF:M00000"
"query_1",TRUE,0.00761452758155289,200,4225,62,0.0146745562130178,0.31,"TF:M08700_1","TF","Factor: Erm:HES-7; motif: NCGGANGNNNNNCRCGYG; match class: 1",20093,2367,"TF:M08700"
"query_1",TRUE,0.00777918580032478,1266,4225,313,0.0740828402366864,0.247235387045814,"TF:M00918_1","TF","Factor: E2F; motif: TTTSGCGSG; match class: 1",20093,1595,"TF:M00918"
"query_1",TRUE,0.0081321014593833,2299,4225,544,0.128757396449704,0.236624619399739,"TF:M00665_1","TF","Factor: Sp3; motif: ASMCTTGGGSRGGG; match class: 1",20093,8111,"TF:M00665"
"query_1",TRUE,0.00835928363422776,1061,4225,266,0.0629585798816568,0.250706880301602,"TF:M00772","TF","Factor: IRF; motif: RRAANTGAAASYGNV",20093,4524,"TF:M00000"
"query_1",TRUE,0.00856120832314052,166,4225,53,0.0125443786982249,0.319277108433735,"TF:M04097","TF","Factor: RFX3; motif: NGTTRCCATGGYAACN",20093,7426,"TF:M00000"
"query_1",TRUE,0.00898393625545983,3051,4225,709,0.167810650887574,0.232382825303179,"TF:M03920_1","TF","Factor: SP1; motif: RCCMCRCCCMC; match class: 1",20093,8051,"TF:M03920"
"query_1",TRUE,0.0090117917804675,1023,4225,257,0.0608284023668639,0.251221896383187,"TF:M00281_1","TF","Factor: RFX1; motif: NNGTNRCNATRGYAACNN; match class: 1",20093,7393,"TF:M00281"
"query_1",TRUE,0.00913341126072188,5241,4225,1184,0.280236686390533,0.225911085670674,"TF:M07387","TF","Factor: LRF; motif: NGKGGGTSNCN",20093,4954,"TF:M00000"
"query_1",TRUE,0.00929756383600867,57,4225,23,0.00544378698224852,0.403508771929825,"TF:M08315_1","TF","Factor: GCMa:FIGLA; motif: CASSTGNACCCGCAY; match class: 1",20093,3165,"TF:M08315"
"query_1",TRUE,0.00956122352134779,1323,4225,325,0.0769230769230769,0.245653817082389,"TF:M03557_1","TF","Factor: P50; motif: GGRRANTCCCNN; match class: 1",20093,6459,"TF:M03557"
"query_1",TRUE,0.00971873226757988,644,4225,169,0.04,0.262422360248447,"TF:M11679","TF","Factor: IRF-7; motif: NCGAAANCGAAANYN",20093,4496,"TF:M00000"
"query_1",TRUE,0.00971873226757988,1737,4225,418,0.0989349112426035,0.240644789867588,"TF:M11664","TF","Factor: IRF-2; motif: NGAAASYGAAAS",20093,4432,"TF:M00000"
"query_1",TRUE,0.0097193739565938,576,4225,153,0.0362130177514793,0.265625,"TF:M02268","TF","Factor: INSM1; motif: TGYCAGGGGGCR",20093,4384,"TF:M00000"
"query_1",TRUE,0.00979783451945973,85,4225,31,0.00733727810650888,0.364705882352941,"TF:M08887_1","TF","Factor: IRF; motif: NNGAAANTGAAANN; match class: 1",20093,4523,"TF:M08887"
"query_1",TRUE,0.0099884256476284,11500,4225,2509,0.593846153846154,0.218173913043478,"TF:M08377","TF","Factor: meis1:Elf-1; motif: NTGCCGGAAGTN",20093,5248,"TF:M00000"
"query_1",TRUE,0.0102346517079899,6847,4225,1527,0.361420118343195,0.223017379874398,"TF:M11527_1","TF","Factor: E2F-3; motif: NTTTTGGCGCCAAAAN; match class: 1",20093,1533,"TF:M11527"
"query_1",TRUE,0.0110323156071581,4654,4225,1056,0.249940828402367,0.226901590030082,"TF:M12155","TF","Factor: Sp2; motif: NTWAGTCCCGCCCMCTT",20093,8094,"TF:M00000"
"query_1",TRUE,0.0112836034061066,3369,4225,777,0.183905325443787,0.230632235084595,"TF:M11183","TF","Factor: MyoD; motif: CGNCAGSTGTTN",20093,5590,"TF:M00000"
"query_1",TRUE,0.011333568730097,775,4225,199,0.0471005917159763,0.256774193548387,"TF:M13122","TF","Factor: ZNF498; motif: NCCCNNCCCNCCYCACCCCTGCNN",20093,10712,"TF:M00000"
"query_1",TRUE,0.0114924586024382,2512,4225,589,0.139408284023669,0.234474522292994,"TF:M11665","TF","Factor: IRF-2; motif: NGAAASYGAAAS",20093,4434,"TF:M00000"
"query_1",TRUE,0.0119214783606665,35,4225,16,0.00378698224852071,0.457142857142857,"TF:M11670_1","TF","Factor: IRF-5; motif: NYGAAACCGAAACY; match class: 1",20093,4477,"TF:M11670"
"query_1",TRUE,0.0121599771296952,1510,4225,366,0.0866272189349112,0.242384105960265,"TF:M00237_1","TF","Factor: AhR:Arnt; motif: GRGKATYGCGTGMCWNSCC; match class: 1",20093,15,"TF:M00237"
"query_1",TRUE,0.0122099714397963,10572,4225,2313,0.547455621301775,0.218785471055619,"TF:M08221","TF","Factor: Elk-1:HOXA3; motif: NCCGGAAATKR",20093,1858,"TF:M00000"
"query_1",TRUE,0.0130468804582855,333,4225,94,0.0222485207100592,0.282282282282282,"TF:M04099","TF","Factor: RFX4; motif: NGTWRCCATGGYWACN",20093,7442,"TF:M00000"
"query_1",TRUE,0.0130923264695854,6421,4225,1434,0.339408284023669,0.223329699423766,"TF:M00237","TF","Factor: AhR:Arnt; motif: GRGKATYGCGTGMCWNSCC",20093,14,"TF:M00000"
"query_1",TRUE,0.0131888226094423,825,4225,210,0.0497041420118343,0.254545454545455,"TF:M00807_1","TF","Factor: Egr; motif: GTGGGSGCRRS; match class: 1",20093,1715,"TF:M00807"
"query_1",TRUE,0.0135800970861317,2037,4225,483,0.114319526627219,0.237113402061856,"TF:M03899","TF","Factor: EGR4; motif: NNMCGCCCACGCANNN",20093,1706,"TF:M00000"
"query_1",TRUE,0.0135800970861317,1709,4225,410,0.0970414201183432,0.23990637799883,"TF:M07367","TF","Factor: Slug; motif: SSSNNNKCACCTGN",20093,7788,"TF:M00000"
"query_1",TRUE,0.0136129843945225,3936,4225,899,0.212781065088757,0.228404471544715,"TF:M03921","TF","Factor: SP3; motif: NCCACGCCCMC",20093,8104,"TF:M00000"
"query_1",TRUE,0.0140110964187538,14795,4225,3189,0.754792899408284,0.215545792497465,"TF:M10477","TF","Factor: ZNF436; motif: TCCTCCAGGAAGCCY",20093,10540,"TF:M00000"
"query_1",TRUE,0.0141856934355992,12287,4225,2670,0.631952662721894,0.217302840400423,"TF:M08457","TF","Factor: ER71:SREBP-2; motif: NTSACGTGACGGAARY",20093,2314,"TF:M00000"
"query_1",TRUE,0.0146939514665611,2938,4225,681,0.161183431952663,0.231790333560245,"TF:M08283","TF","Factor: Fli-1:ETV7; motif: NSMGGAMGGATNTCCGNN",20093,2504,"TF:M00000"
"query_1",TRUE,0.0148658352922511,11977,4225,2605,0.616568047337278,0.217500208733406,"TF:M07322_1","TF","Factor: HSF4; motif: CTGCMRN; match class: 1",20093,4331,"TF:M07322"
"query_1",TRUE,0.0150128253716504,1873,4225,446,0.105562130177515,0.238120662039509,"TF:M12711","TF","Factor: ZNF576; motif: NCCASCAGGKGGCGMCAGNG",20093,10976,"TF:M00000"
"query_1",TRUE,0.0153561751645985,3581,4225,821,0.194319526627219,0.229265568277018,"TF:M08835","TF","Factor: ZNF515; motif: WNSCCCCCWGCNG",20093,10754,"TF:M00000"
"query_1",TRUE,0.0156121930099826,638,4225,166,0.0392899408284024,0.260188087774295,"TF:M04018","TF","Factor: IRF7; motif: NCGAAARYGAAANT",20093,4490,"TF:M00000"
"query_1",TRUE,0.0156813314763157,6963,4225,1548,0.366390532544379,0.222317966393796,"TF:M12963","TF","Factor: CTCF; motif: CTGCANTNCCNNNNNNNNCCASNAGRKGGCRSNN",20093,1178,"TF:M00000"
"query_1",TRUE,0.0164664407142745,1321,4225,322,0.0762130177514793,0.243754731264194,"TF:M06444","TF","Factor: ZNF557; motif: NCCGCKTCCTGC",20093,10894,"TF:M00000"
"query_1",TRUE,0.0164691365055836,49,4225,20,0.00473372781065089,0.408163265306122,"TF:M12658_1","TF","Factor: REST; motif: NGGCGCTGTCCRTGGTGCTGAA; match class: 1",20093,7367,"TF:M12658"
"query_1",TRUE,0.0166705726797158,214,4225,64,0.0151479289940828,0.299065420560748,"TF:M12692_1","TF","Factor: ZBTB49; motif: NGSCGCTGTCCNNGGTGCTGAN; match class: 1",20093,9431,"TF:M12692"
"query_1",TRUE,0.0168636841849144,36,4225,16,0.00378698224852071,0.444444444444444,"TF:M12242_1","TF","Factor: Blimp-1; motif: NAGKGAAAGTGN; match class: 1",20093,7135,"TF:M12242"
"query_1",TRUE,0.0175937263011255,175,4225,54,0.0127810650887574,0.308571428571429,"TF:M07062_1","TF","Factor: RREB-1; motif: GRSDSGGGKTGGGKGG; match class: 1",20093,7551,"TF:M07062"
"query_1",TRUE,0.0175937263011255,1447,4225,350,0.0828402366863905,0.241879751209399,"TF:M04617_1","TF","Factor: LRF; motif: NGNAGNGGGTYN; match class: 1",20093,4957,"TF:M04617"
"query_1",TRUE,0.0175937263011255,144,4225,46,0.010887573964497,0.319444444444444,"TF:M00634_1","TF","Factor: GCM; motif: CNNRCCCGCATD; match class: 1",20093,3245,"TF:M00634"
"query_1",TRUE,0.0179501866163101,3022,4225,698,0.165207100591716,0.230972865651886,"TF:M08307_1","TF","Factor: GCMa:Elf-1; motif: NRCCCGCACGGAAGTN; match class: 1",20093,3149,"TF:M08307"
"query_1",TRUE,0.0185485210558952,7332,4225,1625,0.384615384615385,0.221631205673759,"TF:M09918_1","TF","Factor: Pet-1; motif: GCNGGAAGYG; match class: 1",20093,6723,"TF:M09918"
"query_1",TRUE,0.018933336335551,12487,4225,2709,0.641183431952663,0.216945623448386,"TF:M00360","TF","Factor: Pax-3; motif: TCGTCACRCTTHM",20093,6520,"TF:M00000"
"query_1",TRUE,0.019881038186025,2514,4225,586,0.138698224852071,0.233094669848846,"TF:M00054","TF","Factor: NF-kappaB; motif: GGGAMTTYCC",20093,5878,"TF:M00000"
"query_1",TRUE,0.0202092852857308,1876,4225,445,0.105325443786982,0.237206823027719,"TF:M00774","TF","Factor: NF-kappaB; motif: NGGGANTTYCCMNNNN",20093,5902,"TF:M00000"
"query_1",TRUE,0.0207430358345836,4043,4225,919,0.217514792899408,0.227306455602276,"TF:M08443_1","TF","Factor: AP-4:ER81; motif: RSCGGAAGCAGSTGNN; match class: 1",20093,8859,"TF:M08443"
"query_1",TRUE,0.0211120050487514,9061,4225,1990,0.471005917159763,0.219622558216532,"TF:M08224","TF","Factor: Elk-1:Pax-1; motif: ACCGGAACTACGCWTSANTG",20093,1864,"TF:M00000"
"query_1",TRUE,0.0213413880258802,703,4225,180,0.042603550295858,0.256045519203414,"TF:M12604_1","TF","Factor: EZF2; motif: NNCCNSNSCNMCTCCMYCTT; match class: 1",20093,2445,"TF:M12604"
"query_1",TRUE,0.0215551675380621,157,4225,49,0.0115976331360947,0.312101910828025,"TF:M06151","TF","Factor: ZNF84; motif: NCCTMCGGMAGA",20093,11818,"TF:M00000"
"query_1",TRUE,0.0215551675380621,78,4225,28,0.00662721893491124,0.358974358974359,"TF:M07410_1","TF","Factor: RFX2; motif: GTYNCCATGGCAACNGNNN; match class: 1",20093,7405,"TF:M07410"
"query_1",TRUE,0.0215551675380621,3069,4225,707,0.167337278106509,0.230368198110134,"TF:M13363","TF","Factor: EPAS1; motif: CGCACGTAS",20093,3560,"TF:M00000"
"query_1",TRUE,0.0217175096824252,899,4225,225,0.0532544378698225,0.25027808676307,"TF:M07617_1","TF","Factor: Sp4; motif: SCCCCKCCCCCSN; match class: 1",20093,8123,"TF:M07617"
"query_1",TRUE,0.0218304980543332,9333,4225,2047,0.484497041420118,0.219329261759349,"TF:M12721","TF","Factor: ZNFPT1; motif: YCNNCNCWGCCNY",20093,11936,"TF:M00000"
"query_1",TRUE,0.0220945285752696,498,4225,132,0.0312426035502959,0.265060240963855,"TF:M12461_1","TF","Factor: ZBTB14; motif: SSCCGCGCACNS; match class: 1",20093,9347,"TF:M12461"
"query_1",TRUE,0.0228558235418954,257,4225,74,0.0175147928994083,0.287937743190661,"TF:M06379","TF","Factor: ZNF770; motif: NWGGGGCGAG",20093,11584,"TF:M00000"
"query_1",TRUE,0.0232169585216896,1076,4225,265,0.0627218934911243,0.246282527881041,"TF:M04695","TF","Factor: REST; motif: TTCAGCACCAYGGA",20093,7354,"TF:M00000"
"query_1",TRUE,0.0232169585216896,245,4225,71,0.0168047337278107,0.289795918367347,"TF:M07310","TF","Factor: Sp5; motif: ACCSCGCCKCCSS",20093,8128,"TF:M00000"
"query_1",TRUE,0.0233717279763107,1916,4225,453,0.107218934911243,0.23643006263048,"TF:M13044","TF","Factor: E2F8; motif: TTCCCGCCANNA",20093,1582,"TF:M00000"
"query_1",TRUE,0.0235455764054486,2360,4225,551,0.130414201183432,0.233474576271186,"TF:M08664","TF","Factor: AP-2gamma:Max; motif: NNSCCYNRGGSNNNNCACGTGN",20093,8830,"TF:M00000"
"query_1",TRUE,0.0239595434263984,2497,4225,581,0.137514792899408,0.23267921505807,"TF:M05386_1","TF","Factor: KLF17; motif: NGGGCGG; match class: 1",20093,4717,"TF:M05386"
"query_1",TRUE,0.0239595434263984,2497,4225,581,0.137514792899408,0.23267921505807,"TF:M05499_1","TF","Factor: LKLF; motif: NGGGCGG; match class: 1",20093,4919,"TF:M05499"
"query_1",TRUE,0.0240754263925202,818,4225,206,0.0487573964497041,0.251833740831296,"TF:M05319","TF","Factor: KLF7; motif: NGGGCGGGGG",20093,4746,"TF:M00000"
"query_1",TRUE,0.0240754263925202,818,4225,206,0.0487573964497041,0.251833740831296,"TF:M05318","TF","Factor: KLF8; motif: NGGGCGGGGG",20093,4748,"TF:M00000"
"query_1",TRUE,0.0243680273229127,19811,4225,4185,0.990532544378698,0.21124627732068,"TF:M01160_1","TF","Factor: Kid3; motif: CCACN; match class: 1",20093,4681,"TF:M01160"
"query_1",TRUE,0.0249049883979508,2562,4225,595,0.140828402366864,0.23224043715847,"TF:M11061_1","TF","Factor: HES-1; motif: GGCRCGTGNC; match class: 1",20093,3467,"TF:M11061"
"query_1",TRUE,0.0251513781302232,166,4225,51,0.0120710059171598,0.307228915662651,"TF:M06125","TF","Factor: ZNF823; motif: NGRGGGAGGAGG",20093,11756,"TF:M00000"
"query_1",TRUE,0.0258419016031666,242,4225,70,0.0165680473372781,0.289256198347107,"TF:M06534","TF","Factor: ZNF563; motif: KGGKGCCGGMGG",20093,10922,"TF:M00000"
"query_1",TRUE,0.0260643199060497,3687,4225,840,0.198816568047337,0.227827502034174,"TF:M11486","TF","Factor: CP2; motif: AACCGGTTNNAACCGGTT",20093,8890,"TF:M00000"
"query_1",TRUE,0.0263875361243854,1564,4225,374,0.0885207100591716,0.239130434782609,"TF:M03824","TF","Factor: GCMb; motif: RCCCKCAT",20093,3242,"TF:M00000"
"query_1",TRUE,0.0263875361243854,10903,4225,2375,0.562130177514793,0.217829955058241,"TF:M08443","TF","Factor: AP-4:ER81; motif: RSCGGAAGCAGSTGNN",20093,8858,"TF:M00000"
"query_1",TRUE,0.0263875361243854,206,4225,61,0.0144378698224852,0.296116504854369,"TF:M11987_1","TF","Factor: NFATc3; motif: NAYGGAAANW; match class: 1",20093,5803,"TF:M11987"
"query_1",TRUE,0.0263875361243854,8887,4225,1951,0.461775147928994,0.219534151007089,"TF:M00733","TF","Factor: SMAD4; motif: GKSRKKCAGMCANCY",20093,7816,"TF:M00000"
"query_1",TRUE,0.0265934974274761,1314,4225,318,0.0752662721893491,0.242009132420091,"TF:M10172","TF","Factor: HKR2; motif: NGNCNGAGGGMGGAGG",20093,3574,"TF:M00000"
"query_1",TRUE,0.0274166097523604,267,4225,76,0.0179881656804734,0.284644194756554,"TF:M01882","TF","Factor: IRF-2; motif: NNRAAAGTGAAASNNA",20093,4436,"TF:M00000"
"query_1",TRUE,0.0280773686260976,255,4225,73,0.0172781065088757,0.286274509803922,"TF:M12596_1","TF","Factor: DP2; motif: NNGGCGGGARN; match class: 1",20093,1389,"TF:M12596"
"query_1",TRUE,0.0287325454070101,350,4225,96,0.0227218934911243,0.274285714285714,"TF:M12535_1","TF","Factor: ZNF263; motif: NNGGGGAGGANN; match class: 1",20093,10079,"TF:M12535"
"query_1",TRUE,0.0288945837483563,3594,4225,819,0.193846153846154,0.22787979966611,"TF:M00261","TF","Factor: Olf-1; motif: NNCDABTCCCYAGRGARBNKGN",20093,6330,"TF:M00000"
"query_1",TRUE,0.0289426772255931,966,4225,239,0.0565680473372781,0.247412008281574,"TF:M12100","TF","Factor: ZNF524; motif: NCTCGNACCCNN",20093,10776,"TF:M00000"
"query_1",TRUE,0.0291264790576345,179,4225,54,0.0127810650887574,0.301675977653631,"TF:M12737_1","TF","Factor: ZNF610; motif: NSCGCCGCTCCSNN; match class: 1",20093,11091,"TF:M12737"
"query_1",TRUE,0.0292045541002394,8485,4225,1865,0.441420118343195,0.219799646434885,"TF:M00947","TF","Factor: CP2/LBP-1c/LSF; motif: GCTGGNTNGNNCYNG",20093,960,"TF:M00000"
"query_1",TRUE,0.0309556886187986,3334,4225,762,0.180355029585799,0.228554289142172,"TF:M08910_1","TF","Factor: C/EBPBETA; motif: KRTTGCGYAAY; match class: 1",20093,757,"TF:M08910"
"query_1",TRUE,0.032037572999171,5449,4225,1218,0.288284023668639,0.223527252706919,"TF:M00279_1","TF","Factor: MIF-1; motif: NNGTTGCWWGGYAACNGS; match class: 1",20093,5341,"TF:M00279"
"query_1",TRUE,0.0334467418058969,568,4225,147,0.034792899408284,0.258802816901408,"TF:M01122","TF","Factor: ZNF219; motif: CRCCCCCCNCCC",20093,9920,"TF:M00000"
"query_1",TRUE,0.0339115786968931,4962,4225,1113,0.263431952662722,0.224304715840387,"TF:M11423","TF","Factor: Erm; motif: RSAGGAAGGAAGTN",20093,2106,"TF:M00000"
"query_1",TRUE,0.0340232676380393,453,4225,120,0.0284023668639053,0.264900662251656,"TF:M07216","TF","Factor: IRF1; motif: NNNYASTTTCACTTTCNNTTT",20093,4414,"TF:M00000"
"query_1",TRUE,0.0344530888377452,987,4225,243,0.0575147928994083,0.246200607902736,"TF:M11993","TF","Factor: NFATc4; motif: NAYGGAAANW",20093,5810,"TF:M00000"
"query_1",TRUE,0.0346553079076651,10501,4225,2288,0.541538461538462,0.217884011046567,"TF:M04748_1","TF","Factor: GABP-alpha; motif: AACCGGAAR; match class: 1",20093,2979,"TF:M04748"
"query_1",TRUE,0.034861380297689,11069,4225,2407,0.569704142011834,0.217454151233174,"TF:M11396","TF","Factor: Erg; motif: NACCGGAARTN",20093,2092,"TF:M00000"
"query_1",TRUE,0.0352584948662042,462,4225,122,0.0288757396449704,0.264069264069264,"TF:M09651","TF","Factor: rfx2; motif: SNSSCSGTTGCCATGGNRACNG",20093,7406,"TF:M00000"
"query_1",TRUE,0.0355634838763561,1905,4225,448,0.10603550295858,0.235170603674541,"TF:M11059","TF","Factor: Hey1; motif: NGCACGTGYN",20093,3508,"TF:M00000"
"query_1",TRUE,0.0355634838763561,2523,4225,584,0.138224852071006,0.231470471660721,"TF:M12147","TF","Factor: SP8; motif: RNCACGCCCMCN",20093,8136,"TF:M00000"
"query_1",TRUE,0.0358029834489769,2350,4225,546,0.129230769230769,0.232340425531915,"TF:M04149","TF","Factor: TFAP2B; motif: NGCCCNNRGGCA",20093,8804,"TF:M00000"
"query_1",TRUE,0.036210803822422,6587,4225,1460,0.345562130177515,0.221648701988766,"TF:M00280","TF","Factor: RFX1; motif: NNGTNRCNWRGYAACNN",20093,7390,"TF:M00000"
"query_1",TRUE,0.0366494697273689,2287,4225,532,0.125917159763314,0.232619151727153,"TF:M10115_1","TF","Factor: LRF; motif: NRGGGKCKY; match class: 1",20093,9445,"TF:M10115"
"query_1",TRUE,0.0367033884533444,169,4225,51,0.0120710059171598,0.301775147928994,"TF:M11964_1","TF","Factor: rfx2; motif: NGTTRCCATGGYAACN; match class: 1",20093,7413,"TF:M11964"
"query_1",TRUE,0.0368314771943219,10428,4225,2272,0.537751479289941,0.217874952052167,"TF:M04065","TF","Factor: Pax-6; motif: TTTCACGCWTGANTGMNYN",20093,6588,"TF:M00000"
"query_1",TRUE,0.0369219316414807,11464,4225,2489,0.589112426035503,0.217114445219819,"TF:M00279","TF","Factor: MIF-1; motif: NNGTTGCWWGGYAACNGS",20093,5340,"TF:M00000"
"query_1",TRUE,0.0369219316414807,2570,4225,594,0.140591715976331,0.231128404669261,"TF:M12151_1","TF","Factor: Sp1; motif: NWRGCCMCGCCCMCN; match class: 1",20093,8063,"TF:M12151"
"query_1",TRUE,0.0375087270254449,15532,4225,3332,0.788639053254438,0.21452485191862,"TF:M10550","TF","Factor: ZNF684; motif: MAAGGGGTGGACTGT",20093,11306,"TF:M00000"
"query_1",TRUE,0.0375514494102291,14095,4225,3036,0.718579881656805,0.215395530329904,"TF:M10491","TF","Factor: ZNF586; motif: CAGGCCYRGAGG",20093,11024,"TF:M00000"
"query_1",TRUE,0.03763772173745,6317,4225,1402,0.331834319526627,0.221940794681019,"TF:M08877","TF","Factor: EGR3; motif: NCMCRCCCACTNMN",20093,1704,"TF:M00000"
"query_1",TRUE,0.039492436717376,871,4225,216,0.0511242603550296,0.247990815154994,"TF:M11683_1","TF","Factor: IRF-8; motif: NCGAAACCGAAACYN; match class: 1",20093,4509,"TF:M11683"
"query_1",TRUE,0.0399315345581325,1579,4225,375,0.0887573964497041,0.237492083597213,"TF:M06069","TF","Factor: ZNF253; motif: KKGCARMMGM",20093,10036,"TF:M00000"
"query_1",TRUE,0.040587380654336,511,4225,133,0.0314792899408284,0.26027397260274,"TF:M06850","TF","Factor: ZNF96; motif: NGGWRCGGAGGA",20093,11912,"TF:M00000"
"query_1",TRUE,0.0405948130867674,6311,4225,1400,0.331360946745562,0.221834891459357,"TF:M11485_1","TF","Factor: CP2; motif: AACCGGTTNNAACCGGTT; match class: 1",20093,8889,"TF:M11485"
"query_1",TRUE,0.0413097498522189,2059,4225,481,0.113846153846154,0.233608547838757,"TF:M13205","TF","Factor: FOXP4; motif: GTAAACA",20093,2908,"TF:M00000"
"query_1",TRUE,0.0413097498522189,2059,4225,481,0.113846153846154,0.233608547838757,"TF:M04241","TF","Factor: FOXD3; motif: GTAAAYA",20093,2674,"TF:M00000"
"query_1",TRUE,0.0413097498522189,2059,4225,481,0.113846153846154,0.233608547838757,"TF:M04262","TF","Factor: FOXO4; motif: GTAAACA",20093,2860,"TF:M00000"
"query_1",TRUE,0.0420196830789229,1102,4225,268,0.0634319526627219,0.243194192377495,"TF:M04203","TF","Factor: CEBPE; motif: NTTRCGCAAY",20093,792,"TF:M00000"
"query_1",TRUE,0.0420609198201612,127,4225,40,0.00946745562130178,0.31496062992126,"TF:M12685","TF","Factor: ZFP281; motif: GGNTGGGGGAGGGG",20093,9536,"TF:M00000"
"query_1",TRUE,0.0423191765975882,2863,4225,657,0.155502958579882,0.22947956688788,"TF:M01243","TF","Factor: MTF-1; motif: TGCGCAC",20093,5480,"TF:M00000"
"query_1",TRUE,0.0423191765975882,516,4225,134,0.0317159763313609,0.25968992248062,"TF:M11047","TF","Factor: CLOCK; motif: NMCACGTGYN",20093,896,"TF:M00000"
"query_1",TRUE,0.0423191765975882,338,4225,92,0.0217751479289941,0.272189349112426,"TF:M05509","TF","Factor: ZAC; motif: KGGGGAAGAA",20093,9304,"TF:M00000"
"query_1",TRUE,0.0427844052759328,5691,4225,1267,0.299881656804734,0.222632226322263,"TF:M10014","TF","Factor: FXR; motif: NRGGKCANTGRCCNNNNGG",20093,2966,"TF:M00000"
"query_1",TRUE,0.0441306136792802,5697,4225,1268,0.300118343195266,0.222573284184659,"TF:M09944","TF","Factor: HIF-1alpha; motif: GNACGTGM",20093,3544,"TF:M00000"
"query_1",TRUE,0.0441573937710019,720,4225,181,0.0428402366863905,0.251388888888889,"TF:M04631","TF","Factor: RREB-1; motif: GCACCCMRACY",20093,7552,"TF:M00000"
"query_1",TRUE,0.0445583065941514,6846,4225,1513,0.35810650887574,0.221004966403739,"TF:M04147","TF","Factor: TFAP2A; motif: NGCCYSAGGCN",20093,8788,"TF:M00000"
"query_1",TRUE,0.0448690835422598,2604,4225,600,0.142011834319527,0.230414746543779,"TF:M10020","TF","Factor: OSR2; motif: NNNNCWGCTNCTGNNG",20093,6388,"TF:M00000"
"query_1",TRUE,0.0448690835422598,9910,4225,2161,0.511479289940828,0.218062563067608,"TF:M11221","TF","Factor: CREB1; motif: RTGACGYGTCAN",20093,1002,"TF:M00000"
"query_1",TRUE,0.0451355421377718,2458,4225,568,0.134437869822485,0.231082180634662,"TF:M12596","TF","Factor: DP2; motif: NNGGCGGGARN",20093,1388,"TF:M00000"
"query_1",TRUE,0.0472066613420143,11979,4225,2594,0.61396449704142,0.216545621504299,"TF:M09907","TF","Factor: Erg; motif: NRRSAGGAAGNGG",20093,2078,"TF:M00000"
"query_1",TRUE,0.0488964354347879,2946,4225,674,0.159526627218935,0.228784792939579,"TF:M04054","TF","Factor: NF-kappaB; motif: AGGGGAWTCCCCT",20093,5880,"TF:M00000"
"query_1",TRUE,9.08029735370211e-08,89,2162,50,0.0231267345050879,0.561797752808989,"WP:WP2446","WP","Retinoblastoma gene in cancer",8899,125,"WP:000000"
"query_1",TRUE,5.19698420756186e-06,150,2162,68,0.0314523589269195,0.453333333333333,"WP:WP536","WP","Calcium regulation in cardiac cells",8899,801,"WP:000000"
"query_1",TRUE,1.21285691144156e-05,122,2162,57,0.0263644773358002,0.467213114754098,"WP:WP5600","WP","GABA and glutamate signalling in epileptogenesis",8899,941,"WP:000000"
"query_1",TRUE,1.21285691144156e-05,31,2162,22,0.0101757631822387,0.709677419354839,"WP:WP5599","WP","KCNQ2 and KCNQ3 related epilepsy",8899,939,"WP:000000"
"query_1",TRUE,1.69626672175064e-05,121,2162,56,0.0259019426456984,0.462809917355372,"WP:WP4549","WP","Fragile X syndrome",8899,473,"WP:000000"
"query_1",TRUE,0.000100649626862937,34,2162,22,0.0101757631822387,0.647058823529412,"WP:WP5566","WP","SHANK3 pathway involved in Phelan McDermid syndrome",8899,923,"WP:000000"
"query_1",TRUE,0.000301238597975046,31,2162,20,0.00925069380203515,0.645161290322581,"WP:WP4159","WP","GABA receptor signaling",8899,363,"WP:000000"
"query_1",TRUE,0.00049766802277661,115,2162,50,0.0231267345050879,0.434782608695652,"WP:WP2431","WP","Spinal cord injury",8899,121,"WP:000000"
"query_1",TRUE,0.000501385182398754,435,2162,146,0.0675300647548566,0.335632183908046,"WP:WP5087","WP","Pleural mesothelioma",8899,645,"WP:000000"
"query_1",TRUE,0.000505781651139044,89,2162,41,0.0189639222941721,0.460674157303371,"WP:WP35","WP","G protein signaling",8899,227,"WP:000000"
"query_1",TRUE,0.000716212454316852,33,2162,20,0.00925069380203515,0.606060606060606,"WP:WP4875","WP","Disruption of postsynaptic signaling by CNV",8899,570,"WP:000000"
"query_1",TRUE,0.000716212454316852,51,2162,27,0.0124884366327475,0.529411764705882,"WP:WP2267","WP","Synaptic vesicle pathway",8899,94,"WP:000000"
"query_1",TRUE,0.00103757680248272,29,2162,18,0.00832562442183164,0.620689655172414,"WP:WP5200","WP","Dravet syndrome",8899,722,"WP:000000"
"query_1",TRUE,0.00103757680248272,154,2162,61,0.0282146160962072,0.396103896103896,"WP:WP289","WP","Myometrial relaxation and contraction pathways",8899,197,"WP:000000"
"query_1",TRUE,0.00103757680248272,69,2162,33,0.015263644773358,0.478260869565217,"WP:WP707","WP","DNA damage response",8899,974,"WP:000000"
"query_1",TRUE,0.00104162784016302,120,2162,50,0.0231267345050879,0.416666666666667,"WP:WP179","WP","Cell cycle",8899,48,"WP:000000"
"query_1",TRUE,0.00138705719785401,73,2162,34,0.0157261794634598,0.465753424657534,"WP:WP1530","WP","miRNA regulation of DNA damage response",8899,27,"WP:000000"
"query_1",TRUE,0.00147783548156174,14,2162,11,0.00508788159111933,0.785714285714286,"WP:WP4240","WP","Regulation of sister chromatid separation at the metaphase anaphase transition",8899,390,"WP:000000"
"query_1",TRUE,0.00189753329535239,33,2162,19,0.0087881591119334,0.575757575757576,"WP:WP4786","WP","Type I collagen synthesis in the context of osteogenesis imperfecta",8899,536,"WP:000000"
"query_1",TRUE,0.00189753329535239,245,2162,87,0.0402405180388529,0.355102040816327,"WP:WP382","WP","MAPK signaling",8899,274,"WP:000000"
"query_1",TRUE,0.00189753329535239,28,2162,17,0.00786308973172988,0.607142857142857,"WP:WP2361","WP","Gastric cancer network 1",8899,111,"WP:000000"
"query_1",TRUE,0.0019903368578499,41,2162,22,0.0101757631822387,0.536585365853659,"WP:WP2636","WP","Common pathways underlying drug addiction",8899,150,"WP:000000"
"query_1",TRUE,0.00283972625186003,24,2162,15,0.00693802035152636,0.625,"WP:WP5557","WP","ANK2 pathway in epilepsy development",8899,914,"WP:000000"
"query_1",TRUE,0.00283972625186003,132,2162,52,0.0240518038852914,0.393939393939394,"WP:WP5417","WP","Cell lineage map for neuronal differentiation",8899,834,"WP:000000"
"query_1",TRUE,0.00283972625186003,42,2162,22,0.0101757631822387,0.523809523809524,"WP:WP466","WP","DNA replication",8899,500,"WP:000000"
"query_1",TRUE,0.00323512471870451,37,2162,20,0.00925069380203515,0.540540540540541,"WP:WP5598","WP","Sodium channel in epilepsy",8899,938,"WP:000000"
"query_1",TRUE,0.00424118369212237,60,2162,28,0.0129509713228492,0.466666666666667,"WP:WP3945","WP","TYROBP causal network in microglia",8899,322,"WP:000000"
"query_1",TRUE,0.00444730694378263,46,2162,23,0.0106382978723404,0.5,"WP:WP4534","WP","Mechanoregulation and pathology of YAP TAZ via Hippo and non Hippo mechanisms",8899,463,"WP:000000"
"query_1",TRUE,0.00533438711841588,113,2162,45,0.0208140610545791,0.398230088495575,"WP:WP428","WP","Wnt signaling",8899,400,"WP:000000"
"query_1",TRUE,0.00822893936145373,141,2162,53,0.0245143385753932,0.375886524822695,"WP:WP2858","WP","Ectoderm differentiation",8899,178,"WP:000000"
"query_1",TRUE,0.0101856748035781,159,2162,58,0.0268270120259019,0.364779874213836,"WP:WP706","WP","Sudden infant death syndrome SIDS susceptibility pathways",8899,973,"WP:000000"
"query_1",TRUE,0.0101856748035781,19,2162,12,0.00555041628122109,0.631578947368421,"WP:WP5360","WP","KCNQ2 related epilepsies",8899,802,"WP:000000"
"query_1",TRUE,0.0118898592622269,140,2162,52,0.0240518038852914,0.371428571428571,"WP:WP5083","WP","Neuroinflammation and glutamatergic signaling",8899,643,"WP:000000"
"query_1",TRUE,0.0122601189100485,73,2162,31,0.0143385753931545,0.424657534246575,"WP:WP3584","WP","MECP2 and associated Rett syndrome",8899,232,"WP:000000"
"query_1",TRUE,0.0122601189100485,17,2162,11,0.00508788159111933,0.647058823529412,"WP:WP3874","WP","Canonical and non canonical TGF B signaling",8899,291,"WP:000000"
"query_1",TRUE,0.0125496465464896,108,2162,42,0.0194264569842738,0.388888888888889,"WP:WP5353","WP","Macrophage stimulating protein MSP signaling",8899,797,"WP:000000"
"query_1",TRUE,0.0125496465464896,22,2162,13,0.00601295097132285,0.590909090909091,"WP:WP4760","WP","PKC gamma calcium signaling in ataxia",8899,531,"WP:000000"
"query_1",TRUE,0.014221333480753,44,2162,21,0.00971322849213691,0.477272727272727,"WP:WP1971","WP","Integrated cancer pathway",8899,56,"WP:000000"
"query_1",TRUE,0.0153669574274714,25,2162,14,0.00647548566142461,0.56,"WP:WP5501","WP","GNAQ p R183Q drives capillary malformation",8899,877,"WP:000000"
"query_1",TRUE,0.0186583740502547,5,2162,5,0.00231267345050879,1,"WP:WP5507","WP","Mitochondrial carrier deficiency associated with shuttle disturbances",8899,883,"WP:000000"
"query_1",TRUE,0.0186583740502547,42,2162,20,0.00925069380203515,0.476190476190476,"WP:WP4148","WP","Splicing factor NOVA regulated synaptic proteins",8899,356,"WP:000000"
"query_1",TRUE,0.0191811117804789,48,2162,22,0.0101757631822387,0.458333333333333,"WP:WP4312","WP","Rett syndrome",8899,413,"WP:000000"
"query_1",TRUE,0.0214049584765282,34,2162,17,0.00786308973172988,0.5,"WP:WP1601","WP","Fluoropyrimidine activity",8899,39,"WP:000000"
"query_1",TRUE,0.0232877789888368,89,2162,35,0.0161887141535615,0.393258426966292,"WP:WP673","WP","ErbB signaling",8899,959,"WP:000000"
"query_1",TRUE,0.0239312771128991,64,2162,27,0.0124884366327475,0.421875,"WP:WP45","WP","G1 to S cell cycle control",8899,450,"WP:000000"
"query_1",TRUE,0.030113810785711,120,2162,44,0.0203515263644773,0.366666666666667,"WP:WP4541","WP","Hippo Merlin signaling dysregulation",8899,470,"WP:000000"
"query_1",TRUE,0.030113810785711,120,2162,44,0.0203515263644773,0.366666666666667,"WP:WP5470","WP","Effect of omega 3 PUFA on Huntington 39 s disease pathways",8899,857,"WP:000000"
"query_1",TRUE,0.031811187945,14,2162,9,0.00416281221091582,0.642857142857143,"WP:WP3969","WP","H19 Rb E2F1 and CDK beta catenin in colorectal cancer",8899,331,"WP:000000"
"query_1",TRUE,0.031811187945,56,2162,24,0.0111008325624422,0.428571428571429,"WP:WP5348","WP","11p11 2 copy number variation syndrome ",8899,794,"WP:000000"
"query_1",TRUE,0.0357747258910857,98,2162,37,0.017113783533765,0.377551020408163,"WP:WP4540","WP","Hippo signaling regulation",8899,469,"WP:000000"
"query_1",TRUE,0.0395565256347976,12,2162,8,0.00370027752081406,0.666666666666667,"WP:WP5382","WP","TGFB Smad signaling",8899,813,"WP:000000"
"query_1",TRUE,0.0395565256347976,57,2162,24,0.0111008325624422,0.421052631578947,"WP:WP5265","WP","Neurogenesis regulation in the olfactory epithelium",8899,749,"WP:000000"
"query_1",TRUE,0.0407050327056512,45,2162,20,0.00925069380203515,0.444444444444444,"WP:WP5408","WP","15q25 copy number variation",8899,829,"WP:000000"
"query_1",TRUE,0.0410095871474095,17,2162,10,0.00462534690101758,0.588235294117647,"WP:WP3678","WP","Amplification and expansion of oncogenic pathways as metastatic traits",8899,270,"WP:000000"
"query_1",TRUE,0.0417400883176136,25,2162,13,0.00601295097132285,0.52,"WP:WP3668","WP","Hypothesized pathways in pathogenesis of cardiovascular disease",8899,265,"WP:000000"
"query_1",TRUE,0.0482631044447862,87,2162,33,0.015263644773358,0.379310344827586,"WP:WP4263","WP","Pancreatic adenocarcinoma pathway",8899,397,"WP:000000"
"query_1",TRUE,0.0482631044447862,31,2162,15,0.00693802035152636,0.483870967741935,"WP:WP2363","WP","Gastric cancer network 2",8899,112,"WP:000000"
"query_1",TRUE,0.0482631044447862,74,2162,29,0.013413506012951,0.391891891891892,"WP:WP4341","WP","Non genomic actions of 1 25 dihydroxyvitamin D3",8899,426,"WP:000000"
