"logFC","AveExpr","t","P.Value","adj.P.Val","B","GeneSymbol","EntrezID","GeneTitle","Status"
-5.65388765095549,2.90601472295663,-28.1432990159448,6.74369521721427e-57,1.34921110210806e-52,118.142419098174,"ANKRD34C","390616","ankyrin repeat domain 34C","Down"
-5.50193731906101,3.30456646354568,-21.9195267698315,2.57061931238981e-45,2.57151902914915e-41,92.2715788179557,"GLS2","27165","glutaminase 2","Down"
-3.20595105415391,4.08972475950231,-21.4084519253263,2.80902047058178e-44,1.87333575183099e-40,89.9355225504127,"CARMIL2","146206","capping protein regulator and myosin 1 linker 2","Down"
-4.82352494569711,3.38407574516846,-20.8814369692738,3.42163899197531e-43,1.71141828281125e-39,87.4910361931244,"CNNM1","26507","cyclin and CBS domain divalent metal cation transport mediator 1","Down"
-4.66858115750217,2.9303284861084,-20.2958438139221,5.73222967511965e-42,2.29369438220238e-38,84.7321751934095,"PRSS3","5646","protease, serine 3","Down"
-4.1485630911666,3.26296452331101,-20.1024901080782,1.46763956504168e-41,4.89384412963148e-38,83.8113368069458,"DCTN1-AS1","100189589","DCTN1 antisense RNA 1","Down"
-4.00997903277331,3.38418863337799,-19.2496832649361,9.81634468304831e-40,2.80565154391068e-36,79.6910459406712,"SDR16C5","195814","short chain dehydrogenase/reductase family 16C, member 5","Down"
-9.29804683670895,3.81027122701817,-18.9081122973359,5.4231557967313e-39,1.35626347531504e-35,78.0138620124848,"GJB6","10804","gap junction protein beta 6","Down"
-4.11747115450651,4.26909628696722,-18.8181399917663,8.52796960714893e-39,1.89576764366921e-35,77.5695240844144,"GPR26","2849","G protein-coupled receptor 26","Down"
-2.12729785715431,2.76799753529367,-18.5868560391049,2.74313646057243e-38,5.48819311666727e-35,76.422423594143,"VWA5B2","90113","von Willebrand factor A domain containing 5B2","Down"
-5.87105477311749,2.84085460508302,-18.4594387574413,5.23638829907549e-38,9.52403824541849e-35,75.7874751883541,"SLC32A1","140679","solute carrier family 32 member 1","Down"
-6.97362303416122,3.5109282986768,-18.3226927068574,1.05041235209438e-37,1.75129999402935e-34,75.1036771952836,"EGR4","1961","early growth response 4","Down"
-4.92237891763531,3.9305641331874,-18.09346349409,3.39187914651249e-37,5.22010200648272e-34,73.9519473462572,"SPTB","6710","spectrin beta, erythrocytic","Down"
-4.30634511010763,2.73274551526349,-17.6146353869686,4.00883527977794e-36,5.72891196017981e-33,71.5241719725867,"SLC6A17","388662","solute carrier family 6 member 17","Down"
-5.73578287565497,4.60747061364485,-17.4184479652275,1.11182792686431e-35,1.48295608885162e-32,70.5209412373753,"PHF24","23349","PHD finger protein 24","Down"
-3.41108680584846,3.6945971769855,-16.9202126742305,1.51461915400017e-34,1.89393658838008e-31,67.9512054853635,"HAR1A","768096","highly accelerated region 1A (non-protein coding)","Down"
-4.62423528900763,3.48280681958544,-16.3417834965171,3.26105317578946e-33,3.83787593458939e-30,64.9291093900101,"OTUD7A","161725","OTU deubiquitinase 7A","Down"
5.40032028548922,10.4695949133864,16.2799944768437,4.53698671060382e-33,5.04286072883615e-30,64.6038723145358,"WEE1","7465","WEE1 G2 checkpoint kinase","Up"
-2.635472179681,4.38056031483917,-15.9851039924041,2.20712785816363e-32,2.3241056346463e-29,63.0453882970513,"MTUS2","23281","microtubule associated tumor suppressor candidate 2","Down"
-7.16057833718883,3.26846432535373,-15.9703335574012,2.3897599856498e-32,2.39059640164478e-29,62.9670567087718,"CAMK2A","815","calcium/calmodulin dependent protein kinase II alpha","Down"
-5.47242752440039,3.1288848510503,-15.9200253544652,3.13352539846061e-32,2.98535441176197e-29,62.7000670278609,"LGI3","203190","leucine rich repeat LGI family member 3","Down"
-2.86331016406318,2.25987745066207,-15.8808815087613,3.86974836561577e-32,3.51918434322157e-29,62.4921230039939,"TMEM191A","84222","transmembrane protein 191A (pseudogene)","Down"
-6.22992094577923,2.69132992267148,-15.8686510217246,4.13365234207974e-32,3.59573836556475e-29,62.4271143448728,"GABRA4","2557","gamma-aminobutyric acid type A receptor alpha4 subunit","Down"
-1.88406209183485,2.40737401466521,-15.8385427583522,4.86291686686882e-32,4.05384907314352e-29,62.2670059549692,"PRSS2","5645","protease, serine 2","Down"
-2.08534326555267,3.67915817820438,-15.5491055910747,2.33058987107906e-31,1.86512446202715e-28,60.7225299356021,"LINC00950","92973","long intergenic non-protein coding RNA 950","Down"
-6.00413240273708,4.09324003078219,-15.488373991185,3.24171411251972e-31,2.49449900958392e-28,60.3972492840278,"RGS7BP","401190","regulator of G-protein signaling 7 binding protein","Down"
-5.74513047988087,2.93285157948473,-15.4643518414349,3.69409420815851e-31,2.73732380824545e-28,60.2684715089053,"ANKRD34A","284615","ankyrin repeat domain 34A","Down"
-4.09668889477476,3.67026871192757,-15.1008634637628,2.68675607991355e-30,1.91978317467251e-27,58.3121080850015,"STYK1","55359","serine/threonine/tyrosine kinase 1","Down"
-3.75877872831111,4.99553742261645,-15.0807683326385,2.99946468520889e-30,2.06932034334394e-27,58.2035333424569,"NPM2","10361","nucleophosmin/nucleoplasmin 2","Down"
-5.51073701142748,3.75474870475373,-14.8767671649598,9.19338154898455e-30,6.1310661550178e-27,57.0988833438014,"ARHGDIG","398","Rho GDP dissociation inhibitor gamma","Down"
-4.35129923401756,5.57765232329367,-14.8124010858584,1.31018780107198e-29,8.4557830116281e-27,56.7494421736637,"IQSEC3","440073","IQ motif and Sec7 domain 3","Down"
3.30248540519506,8.93333302657734,14.6054012555928,4.1053220857984e-29,2.56672434283027e-26,55.6227746473733,"NEDD1","121441","neural precursor cell expressed, developmentally down-regulated 1","Up"
-5.18313549187627,3.56569058284213,-14.545554556971,5.71597191162731e-29,3.4654378798766e-26,55.2962356805934,"RYR2","6262","ryanodine receptor 2","Down"
-7.0877786066455,3.4905994781374,-14.4780557836623,8.30597783446188e-29,4.88757936864938e-26,54.9275207716451,"PVALB","5816","parvalbumin","Down"
-2.66490885626522,7.10988470903467,-14.4253970032753,1.11208740123773e-28,6.35700932473237e-26,54.6395608700057,"CAMTA2","23125","calmodulin binding transcription activator 2","Down"
-6.67130611443682,5.4653178830684,-14.3724426209941,1.49180657532552e-28,8.29071504237158e-26,54.3497140910207,"SCN2B","6327","sodium voltage-gated channel beta subunit 2","Down"
-4.71821638039041,5.29889541683917,-14.2977651086752,2.25845730372615e-28,1.22121500744998e-25,53.9405095921069,"ABLIM2","84448","actin binding LIM protein family member 2","Down"
-3.91488082399967,3.08130427685059,-14.2396109883305,3.12043954694849e-28,1.61559361855715e-25,53.6214819569381,"CCKBR","887","cholecystokinin B receptor","Down"
-5.24597316749106,4.40038326606988,-14.2379554498572,3.14930529933169e-28,1.61559361855715e-25,53.6123952011006,"CYP4X1","260293","cytochrome P450 family 4 subfamily X member 1","Down"
-4.32117405294688,2.96961242912769,-14.2190117008987,3.49930250344721e-28,1.75026362966171e-25,53.5084004387739,"CPNE9","151835","copine family member 9","Down"
-5.72201265650132,4.99952789986834,-14.2032608073414,3.81984040200449e-28,1.86398894933912e-25,53.4219079642852,"LOC285147","285147","uncharacterized LOC285147","Down"
5.82854747315332,9.31307102752024,14.1247594865491,5.91420105086667e-28,2.81727191487356e-25,52.9904943437616,"UHRF1","29128","ubiquitin like with PHD and ring finger domains 1","Up"
-3.97646810351776,8.3040370956003,-14.1061338234474,6.56109153051579e-28,3.05273856397743e-25,52.8880519222793,"KIAA0513","9764","KIAA0513","Down"
-4.84460735846009,3.53376962194805,-13.956603035733,1.51135055731102e-27,6.87217968184582e-25,52.0644915870097,"CABP1","9478","calcium binding protein 1","Down"
-6.71853812981065,3.59162949049408,-13.8903970899515,2.18817624505564e-27,9.7286315855174e-25,51.6992225799614,"IPCEF1","26034","interaction protein for cytohesin exchange factors 1","Down"
3.45065919100486,7.87385146673515,13.7424434338996,5.00978619015039e-27,2.1789302675291e-24,50.8815778566536,"CHST14","113189","carbohydrate sulfotransferase 14","Up"
-2.8533328400242,5.07186158340071,-13.7056264469408,6.15825175162999e-27,2.62144984669918e-24,50.6778281024169,"BTBD9","114781","BTB domain containing 9","Down"
-1.11606742046529,2.77985935829544,-13.6992062620092,6.3840091637901e-27,2.66093481958226e-24,50.642286531345,"SNAI3-AS1","197187","SNAI3 antisense RNA 1","Down"
2.68349394791821,8.48616030270331,13.6858545924945,6.88042814631528e-27,2.80932093721081e-24,50.5683620231448,"TMEM218","219854","transmembrane protein 218","Up"
-4.32996785846318,3.42050220115769,-13.6596481277901,7.97016026366131e-27,3.18917992790144e-24,50.4232216059946,"CTXN3","613212","cortexin 3","Down"
-2.27632589327482,2.34645811567929,-13.6173441221144,1.01062453788908e-26,3.96462061363663e-24,50.1888096639202,"RFPL2","10739","ret finger protein like 2","Down"
-5.0158851204405,3.19816240973491,-13.5144188011611,1.80193727878176e-26,6.93295368011281e-24,49.6178894115417,"CREG2","200407","cellular repressor of E1A stimulated genes 2","Down"
3.13217067887127,6.61899505861314,13.4515706274929,2.56607498334437e-26,9.68669097957938e-24,49.2688663314284,"WDR5B","54554","WD repeat domain 5B","Up"
-4.75501561851499,5.61568823296728,-13.3525376356366,4.48180055650327e-26,1.66050710618446e-23,48.7182820663002,"KCNAB2","8514","potassium voltage-gated channel subfamily A regulatory beta subunit 2","Down"
-3.93296066339981,3.99047266657272,-13.3427636815083,4.73556057866287e-26,1.71049553299612e-23,48.6639029430647,"LINC01123","440894","long intergenic non-protein coding RNA 1123","Down"
-2.99747473717463,9.62448148507361,-13.3408201395374,4.78771179326149e-26,1.71049553299612e-23,48.6530888614545,"DGKZ","8525","diacylglycerol kinase zeta","Down"
-5.60192254743465,3.31662673139462,-13.2826844094277,6.64451099316195e-26,2.33222335859985e-23,48.3294871458569,"CLEC2L","154790","C-type lectin domain family 2 member L","Down"
-6.00240600894458,5.09552624738006,-13.2382205915731,8.5387614672631e-26,2.94543104612988e-23,48.0818222706694,"GAD2","2572","glutamate decarboxylase 2","Down"
-8.56083676759764,5.01076684625089,-13.2196743523383,9.48088753970746e-26,3.21498503401571e-23,47.9784773868262,"PACSIN1","29993","protein kinase C and casein kinase substrate in neurons 1","Down"
-2.90057048960276,3.15599214273266,-13.2091072636332,1.00635683458476e-25,3.35569686492288e-23,47.9195836918768,"SYT5","6861","synaptotagmin 5","Down"
-3.15120221662183,3.70292671343976,-13.1753335282925,1.21776520449026e-25,3.97438192971484e-23,47.7312994767042,"OR2L13","284521","olfactory receptor family 2 subfamily L member 13","Down"
-5.55387373542341,4.33648970692485,-13.1733291275333,1.23162732864658e-25,3.97438192971484e-23,47.7201226963408,"LOC101930363","101930363","uncharacterized LOC101930363","Down"
-5.37546771379132,4.07454100337065,-13.125261761492,1.61584223644776e-25,5.13145327374766e-23,47.4520100873156,"SEC14L5","9717","SEC14 like lipid binding 5","Down"
-3.05992881254925,3.69916700071811,-13.1039343300223,1.82280944188219e-25,5.69827320370891e-23,47.3329981704413,"CARTPT","9607","CART prepropeptide","Down"
4.2280248975806,8.49927889325746,13.0945507915697,1.92209447514699e-25,5.91620679450244e-23,47.2806261254422,"CDK2","1017","cyclin dependent kinase 2","Up"
2.45732602733339,11.1398571873273,13.0812029159705,2.07273442178291e-25,6.28321175403192e-23,47.206117828213,"VEZF1","7716","vascular endothelial zinc finger 1","Up"
-2.29833081407022,2.37964219699598,-13.0011152953146,3.26034653419367e-25,9.73578404621086e-23,46.7588173527592,"INPP5J","27124","inositol polyphosphate-5-phosphatase J","Down"
3.02568179187206,8.94304095258959,12.9648058474376,4.00414385771424e-25,1.17810156119542e-22,46.5558861307931,"NUP37","79023","nucleoporin 37","Up"
-5.61333096140474,3.3734357506103,-12.9503508967992,4.34559104002699e-25,1.26003246286696e-22,46.4750748193402,"BSN","8927","bassoon presynaptic cytomatrix protein","Down"
-2.73918422587574,9.19023312853018,-12.9468480418485,4.43263406678195e-25,1.26691013963009e-22,46.4554898896459,"GOT1","2805","glutamic-oxaloacetic transaminase 1","Down"
1.82136350491683,10.2864015420287,12.9248423273691,5.02086302994013e-25,1.41482262873256e-22,46.3324352727518,"RBM12","10137","RNA binding motif protein 12","Up"
-5.30089024847581,5.70628585097828,-12.8000168325561,1.01856847943595e-24,2.83034716223265e-22,45.6338529538243,"ARHGAP44","9912","Rho GTPase activating protein 44","Down"
-6.34279428273235,4.37075227997994,-12.7531469964388,1.32875713498499e-24,3.64170465748557e-22,45.3713063987498,"SNCB","6620","synuclein beta","Down"
-4.33506160299336,3.6413510446687,-12.7392042373968,1.43814132591992e-24,3.88822885238918e-22,45.2931798930161,"LINC00507","100862680","long intergenic non-protein coding RNA 507","Down"
-5.98277176052202,3.25452816713609,-12.6931731590677,1.86749296201298e-24,4.93382805270523e-22,45.0351718736584,"CACNG3","10368","calcium voltage-gated channel auxiliary subunit gamma 3","Down"
-2.52266366578048,3.52636501261414,-12.6925417479653,1.87419869048632e-24,4.93382805270523e-22,45.0316319317638,"TRPM2","7226","transient receptor potential cation channel subfamily M member 2","Down"
-3.15232705573044,2.79976435783136,-12.6827849182314,1.98093827902465e-24,5.14709508421379e-22,44.9769284348114,"RAB40B","10966","RAB40B, member RAS oncogene family","Down"
-1.70378090714004,9.52751261211243,-12.6798529922367,2.01418800159198e-24,5.16639222408342e-22,44.9604890063865,"PIN1","5300","peptidylprolyl cis/trans isomerase, NIMA-interacting 1","Down"
-1.04347723365352,1.86545330843787,-12.6490682781631,2.39892191625042e-24,6.0753456681547e-22,44.7878492119589,"PRSS3P2","154754","protease, serine 3 pseudogene 2","Down"
-4.22919342962196,2.80120488457751,-12.6153200183319,2.90580030971057e-24,7.26704334954742e-22,44.5985305797811,"KCNH3","23416","potassium voltage-gated channel subfamily H member 3","Down"
-8.60194804339238,5.26785681167467,-12.59899370843,3.18822242095679e-24,7.87490937976327e-22,44.5069224459225,"SLC12A5","57468","solute carrier family 12 member 5","Down"
-5.30988945193492,5.60534689894793,-12.5376004258215,4.51940588767855e-24,1.10267992188762e-21,44.162314916287,"NKAIN2","154215","Na+/K+ transporting ATPase interacting 2","Down"
-2.89319524281052,2.56528998149775,-12.5137260271992,5.17644072158469e-24,1.24777168092464e-21,44.0282528245907,"ABCG4","64137","ATP binding cassette subfamily G member 4","Down"
-4.33037517499421,2.84537164994485,-12.4507540989366,7.40590045035617e-24,1.76392678940805e-21,43.6745097516012,"STX1B","112755","syntaxin 1B","Down"
-4.32884069454885,3.25279874891195,-12.4276798273727,8.44489402823483e-24,1.98772935085758e-21,43.544842353513,"MARCH11","441061","membrane associated ring-CH-type finger 11","Down"
-5.78200800749895,6.29104463672787,-12.4133689244715,9.16139867935409e-24,2.13130352764927e-21,43.46440856044,"DLG2","1740","discs large MAGUK scaffold protein 2","Down"
-4.38527009731046,2.78321728303598,-12.4085119547962,9.41816092728668e-24,2.16585224910603e-21,43.4371079856533,"TMEM151A","256472","transmembrane protein 151A","Down"
-3.78785339142071,3.28541871768231,-12.3815357498923,1.09811589459966e-23,2.49659144355176e-21,43.2854572393275,"RELL2","285613","RELT like 2","Down"
-4.71704153366286,3.3687081861697,-12.379326529037,1.1120127240948e-23,2.49977961471512e-21,43.273036285774,"LINC00889","158696","long intergenic non-protein coding RNA 889","Down"
-2.39185662051585,2.75498474974047,-12.3361487098826,1.42190950031892e-23,3.16090481920896e-21,43.0302321348164,"KRTAP5-AS1","338651","KRTAP5-1/KRTAP5-2 antisense RNA 1","Down"
-6.82736620754556,4.16648670239598,-12.3107702682625,1.6430084322765e-23,3.61227139610506e-21,42.8874813648699,"KCNJ9","3765","potassium voltage-gated channel subfamily J member 9","Down"
-2.88553673753662,3.36028110806497,-12.3049207118107,1.69867019409287e-23,3.69405375795826e-21,42.8545742944928,"LRTM2","654429","leucine rich repeats and transmembrane domains 2","Down"
-3.51258232143787,3.84646682557278,-12.3005345162134,1.74164259295633e-23,3.74677885562121e-21,42.8298984846321,"PPFIA3","8541","PTPRF interacting protein alpha 3","Down"
-4.45842642091072,3.4818714505129,-12.266064189634,2.11952901267842e-23,4.51121456985714e-21,42.635947002754,"KCNV1","27012","potassium voltage-gated channel modifier subfamily V member 1","Down"
-3.84698907561269,8.0616857038397,-12.2448784855227,2.3914645998425e-23,5.0364244472683e-21,42.5167181985755,"NCDN","23154","neurochondrin","Down"
-7.09132788980474,6.84057351951006,-12.1981498380876,3.12121203082974e-23,6.5048009480011e-21,42.253673893303,"SYN2","6854","synapsin II","Down"
-5.49777075926792,7.05190501538846,-12.1958892427465,3.16169149608076e-23,6.52123317134926e-21,42.2409463542187,"MFSD4A","148808","major facilitator superfamily domain containing 4A","Down"
-1.51403772107101,12.3308690666515,-12.1401433649549,4.34458637154275e-23,8.86960607504651e-21,41.9270245422816,"MDH1","4190","malate dehydrogenase 1","Down"
-5.8880038960238,3.88747802375609,-12.0806674801812,6.09914064301592e-23,1.2325808772204e-20,41.5919692737666,"FRMPD4","9758","FERM and PDZ domain containing 4","Down"
-3.46957984816233,3.27586856053556,-11.9933184647133,1.00398558405977e-22,2.00867395802837e-20,41.099666588725,"LY86-AS1","285780","LY86 antisense RNA 1","Down"
-2.40526012295549,3.72137341237083,-11.9864900016407,1.04388744499302e-22,2.06782733781934e-20,41.061170402367,"LOC102725213","102725213","uncharacterized LOC102725213","Down"
4.52537741407843,9.46856147852089,11.9733926253891,1.12491804916516e-22,2.20649366761249e-20,40.9873283889961,"F2R","2149","coagulation factor II thrombin receptor","Up"
-4.51749945321447,4.01972317488272,-11.9536976315237,1.2587729777225e-22,2.44507485099943e-20,40.8762793665353,"ENTPD3","956","ectonucleoside triphosphate diphosphohydrolase 3","Down"
-2.12245594108514,2.75329967792811,-11.9348355950743,1.40188956181245e-22,2.6968850445367e-20,40.7699157390442,"STAR","6770","steroidogenic acute regulatory protein","Down"
2.77911116442124,6.88592564535189,11.8880045045521,1.83166648306597e-22,3.47002495480381e-20,40.5057880649423,"DPH6","89978","diphthamine biosynthesis 6","Up"
-1.85924383093761,2.41155919902657,-11.8873553044803,1.83846976162945e-22,3.47002495480381e-20,40.5021261276056,"SHANK1","50944","SH3 and multiple ankyrin repeat domains 1","Down"
1.99718176964398,11.9312231221695,11.884771427862,1.86579902243188e-22,3.48869542446678e-20,40.4875511589045,"MIR4745","100616459","microRNA 4745","Up"
-2.49178861545076,6.03458469773278,-11.8587934547225,2.16420470985225e-22,4.00918922500129e-20,40.341005919694,"IQSEC2","23096","IQ motif and Sec7 domain 2","Down"
-5.26182480471559,5.33849871818201,-11.8400867846596,2.40825075838016e-22,4.42035531402861e-20,40.2354677040679,"ADAM11","4185","ADAM metallopeptidase domain 11","Down"
-3.87906995510908,3.55233287543024,-11.7998657416876,3.03030805145435e-22,5.5115793804952e-20,40.0085199872091,"GPR22","2845","G protein-coupled receptor 22","Down"
-5.35344481831289,2.22380285609592,-11.7481393885939,4.0723158722025e-22,7.31439334088506e-20,39.7165947549477,"OPALIN","93377","oligodendrocytic myelin paranodal and inner loop protein","Down"
-5.63567432128836,3.96621391691503,-11.7471832239891,4.09462715139264e-22,7.31439334088506e-20,39.7111979097639,"KRT222","125113","keratin 222","Down"
-3.97140880203491,8.06817915376266,-11.7170285603044,4.86467202374839e-22,8.61305249372868e-20,39.5409865542808,"CASKIN1","57524","CASK interacting protein 1","Down"
1.64886637629033,10.9425366127134,11.6887053263935,5.71946470136365e-22,1.00376605508932e-19,39.3810950618191,"PPP4R1","9989","protein phosphatase 4 regulatory subunit 1","Up"
-4.04555946737127,3.85556455951142,-11.662470624998,6.64476651631122e-22,1.15601603210294e-19,39.2329792336676,"YJEFN3","374887","YjeF N-terminal domain containing 3","Down"
-3.78976407646463,6.01414490169604,-11.6509795589506,7.09588786888177e-22,1.22385714304067e-19,39.1680987646845,"SCN1B","6324","sodium voltage-gated channel beta subunit 1","Down"
-1.50016103036654,3.01227568553402,-11.6135773099808,8.78753133406166e-22,1.50266785812454e-19,38.9569025445935,"LOC101930630","101930630","putative stereocilin-like protein-like","Down"
-4.39096633307725,3.0310530271287,-11.601707235796,9.40458316766639e-22,1.59455504606357e-19,38.8898716048081,"NECAB1","64168","N-terminal EF-hand calcium binding protein 1","Down"
-3.53665138542827,3.24368857982047,-11.5633284354498,1.17122127666047e-21,1.96912807412992e-19,38.6731286243789,"FNDC9","408263","fibronectin type III domain containing 9","Down"
2.13322872281078,12.7390686949333,11.5556143391921,1.22403911156522e-21,2.04077920875711e-19,38.6295607460164,"DYNLT1","6993","dynein light chain Tctex-type 1","Up"
-2.92578836607916,2.97759234382402,-11.5235104071601,1.47069613312762e-21,2.43175351532929e-19,38.448234008473,"LOC401220","401220","uncharacterized LOC401220","Down"
2.74355770350512,11.362346642002,11.5050652529916,1.63430470551997e-21,2.6594662968934e-19,38.3440472380322,"RBM3","5935","RNA binding motif (RNP1, RRM) protein 3","Up"
-4.05289879034293,5.35293326036533,-11.5049909269476,1.63499952275648e-21,2.6594662968934e-19,38.343627401173,"LOC283713","283713","uncharacterized LOC283713","Down"
-3.1374481193165,4.12238704401219,-11.5026509486718,1.65702594779197e-21,2.67355791431242e-19,38.3304098028062,"PABPC1L2B","645974","poly(A) binding protein cytoplasmic 1 like 2B","Down"
-2.89678134000901,10.4367059791576,-11.4965361226851,1.71599701185468e-21,2.74655617729413e-19,38.2958692789609,"LOC101930324","101930324","uncharacterized LOC101930324","Down"
-3.5680566057384,4.36368208696621,-11.4765494012498,1.92379353181815e-21,3.05470930087983e-19,38.1829680676327,"PANX2","56666","pannexin 2","Down"
-3.47520778943005,2.63671066265852,-11.4611518668749,2.10089092067228e-21,3.30964761022758e-19,38.0959871490735,"CES4A","283848","carboxylesterase 4A","Down"
-5.00858659639356,3.30314506463692,-11.4548913561501,2.17747900806283e-21,3.40350175893071e-19,38.0606206782892,"ITPKA","3706","inositol-trisphosphate 3-kinase A","Down"
4.33504854387771,7.13665559146331,11.4463063004112,2.28706602947833e-21,3.52419661867099e-19,38.0121218658476,"GPX7","2882","glutathione peroxidase 7","Up"
3.18515446033563,9.98915642576183,11.4200261499612,2.65802519976251e-21,4.05947405890447e-19,37.8636551207961,"TP53INP1","94241","tumor protein p53 inducible nuclear protein 1","Up"
-7.24913474764011,4.56102650584462,-11.4050352398998,2.89599749697199e-21,4.3894107516605e-19,37.778962806427,"GABRA1","2554","gamma-aminobutyric acid type A receptor alpha1 subunit","Down"
-1.46896420316844,2.31096592310639,-11.3959465261194,3.05053501600438e-21,4.58887624550373e-19,37.7276144785393,"MCHR2","84539","melanin concentrating hormone receptor 2","Down"
-5.83229603634385,4.14597790290177,-11.394548144185,3.07503349266732e-21,4.59120858864142e-19,37.7197140078905,"CPLX2","10814","complexin 2","Down"
-3.79193407451703,4.12840864997787,-11.3836660046688,3.2725276938217e-21,4.84988604224375e-19,37.6582324105036,"SYT3","84258","synaptotagmin 3","Down"
-7.43808476087475,4.09014722633994,-11.369739606344,3.54388826965545e-21,5.21342445669092e-19,37.5795501621577,"SST","6750","somatostatin","Down"
-1.40949327288356,3.56770894534148,-11.3388886603433,4.22789215524954e-21,6.17426557299836e-19,37.4052419570719,"B3GNT4","79369","UDP-GlcNAc:betaGal beta-1,3-N-acetylglucosaminyltransferase 4","Down"
-2.28204880729422,1.9419640881429,-11.3190545571116,4.73587060034051e-21,6.86598283340671e-19,37.2931761940564,"ICAM5","7087","intercellular adhesion molecule 5","Down"
-1.8676881265597,3.34793889509035,-11.2918946332441,5.53194243519695e-21,7.96241527345218e-19,37.1397155301721,"LOC100287576","100287576","uncharacterized LOC100287576","Down"
-3.54512007117443,9.03354791752822,-11.2821322856578,5.84968164444681e-21,8.35961290431766e-19,37.0845550571524,"PAK1","5058","p21 (RAC1) activated kinase 1","Down"
-4.01854568760855,2.71103496716296,-11.2793264250996,5.94433714021637e-21,8.43463497619212e-19,37.06870096866,"RTN4RL1","146760","reticulon 4 receptor like 1","Down"
1.49090258057198,13.4241374650533,11.2181441077983,8.43557361990794e-21,1.18852479868661e-18,36.7229957787624,"YBX1","4904","Y-box binding protein 1","Up"
2.38264225318106,8.7229325661245,11.2106640702879,8.80439426272793e-21,1.22948506463412e-18,36.6807302780812,"MVB12A","93343","multivesicular body subunit 12A","Up"
-3.85880483747028,3.21803703219213,-11.2097768860799,8.84919524702923e-21,1.22948506463412e-18,36.6757172979972,"SLC26A4-AS1","286002","SLC26A4 antisense RNA 1","Down"
-3.77431215096148,7.5990192818832,-11.2036566933256,9.16452584145686e-21,1.26451495524157e-18,36.6411355324632,"LYNX1","66004","Ly6/neurotoxin 1","Down"
2.68439861763543,9.42400650361982,11.1920726303119,9.79245945767024e-21,1.33869606374543e-18,36.5756805836254,"GTF2H2B","653238","general transcription factor IIH subunit 2B (pseudogene)","Up"
2.03458691838304,9.41829572191337,11.1912976305058,9.8359734778117e-21,1.33869606374543e-18,36.5713015054683,"MGME1","92667","mitochondrial genome maintenance exonuclease 1","Up"
-2.59956466502413,6.21905951515166,-11.1886420766868,9.98654691413988e-21,1.35000570345403e-18,36.5562965037993,"SPTBN4","57731","spectrin beta, non-erythrocytic 4","Down"
-4.18779448309448,6.36989656311024,-11.1679392433301,1.12422610282191e-20,1.50955648584953e-18,36.439317130975,"TLN2","83660","talin 2","Down"
-1.64768515449553,3.30538880702799,-11.1660870797195,1.1362020057106e-20,1.5154662352168e-18,36.4288516998872,"LMO7","4008","LIM domain 7","Down"
1.99099516536468,10.9201306404282,11.1323442990408,1.37813749874305e-20,1.82598655214252e-18,36.2381938368665,"SMC1A","8243","structural maintenance of chromosomes 1A","Up"
-2.2555591975578,8.84929893740331,-11.1208705817581,1.4716340126029e-20,1.93703826908856e-18,36.1733644766654,"MADD","8567","MAP kinase activating death domain","Down"
-3.09297735479941,5.65774816537817,-11.1176658513763,1.49886379591968e-20,1.95998483431144e-18,36.1552570544435,"AKAP5","9495","A-kinase anchoring protein 5","Down"
-6.85126862050638,4.39710476361823,-11.1010753162715,1.64809470285526e-20,2.14113186493671e-18,36.0615177271778,"SVOP","55530","SV2 related protein","Down"
-5.36336765321368,3.2812543297503,-11.0966867147832,1.68999642934424e-20,2.18140377818646e-18,36.0367216280339,"HS3ST4","9951","heparan sulfate-glucosamine 3-sulfotransferase 4","Down"
-3.53001416035996,4.35341834510976,-11.0491360764408,2.21832123761331e-20,2.84499698723907e-18,35.7680629004759,"RGS8","85397","regulator of G-protein signaling 8","Down"
-1.96413456394971,9.90040502191627,-11.0030145767977,2.88806330488518e-20,3.68034920642279e-18,35.5074957678932,"MAP2K4","6416","mitogen-activated protein kinase kinase 4","Down"
-3.11274906032492,6.59870893396793,-10.9951315800437,3.02127446231729e-20,3.82573659288493e-18,35.462962167579,"GARNL3","84253","GTPase activating Rap/RanGAP domain like 3","Down"
-1.21926147157397,2.99474806947929,-10.9674045551406,3.5405408553182e-20,4.45506923851266e-18,35.3063285808612,"HTR5A","3361","5-hydroxytryptamine receptor 5A","Down"
-2.62957870117259,7.07699325093639,-10.9648948404274,3.59173331295475e-20,4.49123802451785e-18,35.2921513093991,"PELI3","246330","pellino E3 ubiquitin protein ligase family member 3","Down"
-6.06534831875885,6.70662013403598,-10.9367603809678,4.21882929701175e-20,5.24261600902572e-18,35.1332262994268,"NEFL","4747","neurofilament, light polypeptide","Down"
-4.6594090672831,3.23691534837834,-10.9313803835317,4.35066651035954e-20,5.37307314029403e-18,35.1028371194692,"DGCR5","26220","DiGeorge syndrome critical region gene 5 (non-protein coding)","Down"
-4.09001239431637,3.45840719106083,-10.9078322056421,4.97791405821616e-20,6.1100077645847e-18,34.9698288303081,"ANXA3","306","annexin A3","Down"
1.57654569052328,11.8648305766354,10.8985414672086,5.24957255410556e-20,6.40415842012133e-18,34.9173537365559,"DDOST","1650","dolichyl-diphosphooligosaccharide--protein glycosyltransferase non-catalytic subunit","Up"
-3.75297569764372,4.08877604506207,-10.8897578481624,5.52001734346323e-20,6.69327193882841e-18,34.8677441202153,"ATP2B3","492","ATPase plasma membrane Ca2+ transporting 3","Down"
-3.44322844557542,6.14669414012059,-10.8842061087921,5.6980920211137e-20,6.86757391966396e-18,34.8363886865556,"DLG4","1742","discs large MAGUK scaffold protein 4","Down"
-3.69308765106253,3.6582095149029,-10.8828411497453,5.7427461423999e-20,6.87994742940088e-18,34.8286796673547,"VIP","7432","vasoactive intestinal peptide","Down"
-1.25738369962295,1.87736453589379,-10.8687050756733,6.22628264779694e-20,7.41483553181389e-18,34.7488436957053,"CLEC4GP1","440508","C-type lectin domain family 4 member G pseudogene 1","Down"
-2.88213420502893,9.23912573143373,-10.8352051580216,7.54095065818032e-20,8.92732543303039e-18,34.5596606478546,"FBXW7","55294","F-box and WD repeat domain containing 7","Down"
1.19178053714385,10.7204612208916,10.8053777083512,8.94326585157609e-20,1.05251717583813e-17,34.391234399942,"CCDC90B","60492","coiled-coil domain containing 90B","Up"
-4.2165256085121,5.87086215607698,-10.8023898951582,9.09735964882663e-20,1.06439107891272e-17,34.3743641139487,"PRKCE","5581","protein kinase C epsilon","Down"
-6.15828441183307,3.54248472110172,-10.8001126222549,9.21658758577341e-20,1.0720713245847e-17,34.3615059189606,"CALY","50632","calcyon neuron specific vesicular protein","Down"
-3.27050698790013,6.3006304941674,-10.7921060130827,9.64831278758618e-20,1.1096852563254e-17,34.3162989376454,"PRRT3","285368","proline rich transmembrane protein 3","Down"
-4.31752277639922,5.03976404163243,-10.7920594104129,9.65088392065873e-20,1.1096852563254e-17,34.3160358131279,"PNMAL2","57469","paraneoplastic Ma antigen family-like 2","Down"
-4.25487246921414,6.36576624265284,-10.790095137851,9.75988052053083e-20,1.11580531185292e-17,34.304945324813,"DMTN","2039","dematin actin binding protein","Down"
1.1232462935063,11.6726631286651,10.7870769626212,9.92976006975419e-20,1.12877675974757e-17,34.2879045481205,"SMIM15","643155","small integral membrane protein 15","Up"
-3.88937525736233,3.85791348406621,-10.7725545840018,1.07894022196726e-19,1.21956819327112e-17,34.2059131219714,"FABP3","2170","fatty acid binding protein 3","Down"
-6.45858739550072,4.90909298893692,-10.7267361144519,1.4020108634672e-19,1.57584445760608e-17,33.9472588162433,"MOBP","4336","myelin-associated oligodendrocyte basic protein","Down"
-2.64925526510329,4.74606660173012,-10.7236186436461,1.42721849750665e-19,1.59521566925226e-17,33.9296618559527,"DTNB","1838","dystrobrevin beta","Down"
-2.67153101846562,6.53418337284544,-10.7083429415897,1.55743844633921e-19,1.73065399415415e-17,33.8434396444901,"MAPK8IP2","23542","mitogen-activated protein kinase 8 interacting protein 2","Down"
1.75183907109586,8.12314861494367,10.7074180175723,1.56569387185436e-19,1.73065399415415e-17,33.8382191865083,"FAM114A2","10827","family with sequence similarity 114 member A2","Up"
-4.79688568553169,3.66460748828243,-10.7011539464329,1.62276667430314e-19,1.78388422268038e-17,33.8028640699834,"HTR2A","3356","5-hydroxytryptamine receptor 2A","Down"
-3.10690453523761,3.35101642635302,-10.6943038429043,1.68756132750826e-19,1.84497483494305e-17,33.7642024619289,"RXFP1","59350","relaxin/insulin like family peptide receptor 1","Down"
-2.34606838710191,2.77162433316391,-10.6628086555885,2.02037252816664e-19,2.19682571581685e-17,33.5864611616961,"CDH9","1007","cadherin 9","Down"
1.97546378255429,6.9304966912545,10.6579858871009,2.0768291413842e-19,2.24600652063101e-17,33.5592465007273,"CYP20A1","57404","cytochrome P450 family 20 subfamily A member 1","Up"
-4.91957822945201,4.26308805508077,-10.6559698960835,2.10089356520749e-19,2.25981599780141e-17,33.5478705463948,"OGDHL","55753","oxoglutarate dehydrogenase-like","Down"
2.20331172421973,11.7265040863599,10.6076440692942,2.76901490943421e-19,2.96254980176739e-17,33.2752094664592,"PRDX4","10549","peroxiredoxin 4","Up"
-1.12101021728008,2.44045977623491,-10.5910937084846,3.04360964381195e-19,3.23901585870987e-17,33.1818460023629,"SLC25A41","284427","solute carrier family 25 member 41","Down"
-2.3312946369718,3.14851265447095,-10.587848045115,3.10056958606103e-19,3.28217437610174e-17,33.1635376466293,"RASAL1","8437","RAS protein activator like 1","Down"
1.64638290612235,8.34199120800893,10.5793879684578,3.25409644942306e-19,3.42656356124248e-17,33.1158170386255,"UMPS","7372","uridine monophosphate synthetase","Up"
-2.96587222623695,4.31587180667077,-10.5761640001278,3.31458113790919e-19,3.47198035739001e-17,33.0976322547449,"RBM11","54033","RNA binding motif protein 11","Down"
-6.32428610274649,6.70835872384237,-10.56118133741,3.61074561175798e-19,3.75135097381551e-17,33.013126989386,"GABRB2","2561","gamma-aminobutyric acid type A receptor beta2 subunit","Down"
2.66193147106805,9.59880357154941,10.5607918657454,3.61878711424199e-19,3.75135097381551e-17,33.0109303875426,"CKLF-CMTM1","100529251","CKLF-CMTM1 readthrough","Up"
1.47528632034096,11.8348831239838,10.558793588404,3.66032823500561e-19,3.77485499988439e-17,32.9996602759694,"GNAI3","2773","G protein subunit alpha i3","Up"
1.71487528611703,13.0779500015822,10.5465992019106,3.9243588733459e-19,4.02639220405289e-17,32.9308878601509,"HMGN1","3150","high mobility group nucleosome binding domain 1","Up"
-2.64494023291513,4.99972892367935,-10.5430690272646,4.00428603298142e-19,4.08743625825813e-17,32.9109797407264,"PSD","5662","pleckstrin and Sec7 domain containing","Down"
-4.97735775055654,7.02173782035118,-10.5282688562757,4.3574674734328e-19,4.42537318482082e-17,32.8275200547414,"PPP1R16B","26051","protein phosphatase 1 regulatory subunit 16B","Down"
5.22345691439355,8.68022869296781,10.526541579502,4.40066335157683e-19,4.44667028661604e-17,32.8177802546229,"CDK1","983","cyclin dependent kinase 1","Up"
-3.68993829176003,2.78961306883136,-10.52032292326,4.55975300638095e-19,4.58427027128963e-17,32.7827152416372,"STAT4","6775","signal transducer and activator of transcription 4","Down"
-8.14239158278416,5.19147043137,-10.5142768852296,4.71993322845506e-19,4.72158520508502e-17,32.7486248683177,"SYNPR","132204","synaptoporin","Down"
1.43581792638066,12.9949220730444,10.5119701792453,4.78251662546022e-19,4.76038856346182e-17,32.7356189281096,"SNRPG","6637","small nuclear ribonucleoprotein polypeptide G","Up"
-2.8867990367054,4.74835499970361,-10.5007695827797,5.0983882727038e-19,5.04967594910817e-17,32.6724691127402,"SYT12","91683","synaptotagmin 12","Down"
1.01981246194904,12.0485879836624,10.498613565924,5.16154143191112e-19,5.08418057270274e-17,32.6603138439067,"SEC61B","10952","Sec61 translocon beta subunit","Up"
-3.08825458958739,6.47106449906367,-10.4978515072724,5.18404976673844e-19,5.08418057270274e-17,32.6560175227349,"UNC13A","23025","unc-13 homolog A","Down"
1.7215754389879,10.8928644214897,10.4925826346005,5.34237810529021e-19,5.19654124640986e-17,32.6263133413462,"HSD17B10","3028","hydroxysteroid 17-beta dehydrogenase 10","Up"
-2.42257963370112,6.73293199481633,-10.4923144554178,5.35056478612701e-19,5.19654124640986e-17,32.6248014619155,"MYPOP","339344","Myb related transcription factor, partner of profilin","Down"
-2.659935614905,7.47187469651095,-10.4663178514591,6.20666745275372e-19,5.99887902063979e-17,32.4782564044158,"RUSC2","9853","RUN and SH3 domain containing 2","Down"
2.36663274106528,7.23672479096882,10.4622762841058,6.35153467910572e-19,6.10938241946482e-17,32.4554760332624,"ZNF70","7621","zinc finger protein 70","Up"
-4.66917272732137,5.05009267124686,-10.4340270468399,7.46293270767522e-19,7.14406194652909e-17,32.296266341833,"CNTNAP4","85445","contactin associated protein like 4","Down"
-4.99432660293846,3.37369952986308,-10.4275870611898,7.74234848974061e-19,7.37624601115431e-17,32.2599756770546,"MIR7-3HG","284424","MIR7-3 host gene","Down"
-5.06241246104392,4.36477721542793,-10.4258010379643,7.82167422409378e-19,7.41650408537651e-17,32.2499113578945,"KIAA1644","85352","KIAA1644","Down"
1.09738340744523,11.8703059859208,10.4204128311985,8.06594276681023e-19,7.61204325167794e-17,32.219549357454,"METAP2","10988","methionyl aminopeptidase 2","Up"
-1.71473666539613,8.8584636013068,-10.3974614401288,9.19470902447015e-19,8.63655133580161e-17,32.0902339114038,"RAB40C","57799","RAB40C, member RAS oncogene family","Down"
-1.12808110230927,2.51099434430331,-10.3857574787787,9.82973399085557e-19,9.18279657495155e-17,32.0242985265303,"LOC100132207","100132207","uncharacterized LOC100132207","Down"
1.31816235325036,12.1458300533028,10.3850756068588,9.86805249969802e-19,9.18279657495155e-17,32.0204573148754,"SEC11A","23478","SEC11 homolog A, signal peptidase complex subunit","Up"
2.47116373649717,5.96522882810899,10.3771063442951,1.032710946711e-18,9.56548514391067e-17,31.9755652785913,"BCDIN3D","144233","BCDIN3 domain containing RNA methyltransferase","Up"
1.36746496832813,12.1824391466734,10.3744556777786,1.04844758161381e-18,9.66649344025231e-17,31.9606342865021,"RPN2","6185","ribophorin II","Up"
-2.98361576743662,4.0942431468455,-10.3700083590953,1.07539055162456e-18,9.86942145245527e-17,31.935583579629,"LOC100506563","100506563","uncharacterized LOC100506563","Down"
3.26668061243938,8.68712025685225,10.3449152285487,1.24089503225618e-18,1.1336341054954e-16,31.7942561017464,"E2F5","1875","E2F transcription factor 5","Up"
-2.22573395178081,10.567948774344,-10.3353408903903,1.31054737546057e-18,1.19182369731089e-16,31.7403397028084,"YWHAH","7533","tyrosine 3-monooxygenase/tryptophan 5-monooxygenase activation protein eta","Down"
-2.97164111663038,8.30741362958178,-10.3105452330925,1.50962482281506e-18,1.36665447194845e-16,31.6007263064574,"GFOD1","54438","glucose-fructose oxidoreductase domain containing 1","Down"
-4.5639940482622,5.97931472309006,-10.3040431351154,1.56665062278804e-18,1.41189094640181e-16,31.5641205998015,"CABLES1","91768","Cdk5 and Abl enzyme substrate 1","Down"
-1.10178697546548,2.00111386412722,-10.3003104236922,1.60035467999193e-18,1.4357980306098e-16,31.5431069707251,"RFPL3","10738","ret finger protein like 3","Down"
-6.26513229866273,4.75255237209763,-10.288836862794,1.70855488543706e-18,1.52602935682764e-16,31.4785197003222,"SULT4A1","25830","sulfotransferase family 4A member 1","Down"
-1.83071435646622,11.9870740490798,-10.2860818826254,1.73560496759663e-18,1.54329993718692e-16,31.4630122340043,"MOAP1","64112","modulator of apoptosis 1","Down"
1.58418846378244,11.6610248776788,10.2700749255043,1.90144939516724e-18,1.68328752429694e-16,31.3729182072539,"ATRAID","51374","all-trans retinoic acid induced differentiation factor","Up"
-5.20756926950796,6.80942951211858,-10.2683146853362,1.92062638513207e-18,1.68716528314016e-16,31.363011585552,"SOWAHA","134548","sosondowah ankyrin repeat domain family member A","Down"
-1.7989421021476,9.79078645445,-10.2681258148559,1.92269547936201e-18,1.68716528314016e-16,31.3619486326346,"NDEL1","81565","nudE neurodevelopment protein 1 like 1","Down"
1.16334284305193,12.4682560693799,10.2651056485083,1.95608569976081e-18,1.70896972031067e-16,31.3449515381024,"HNRNPM","4670","heterogeneous nuclear ribonucleoprotein M","Up"
-3.71816550560086,5.11735737374089,-10.2496772411467,2.13590978975106e-18,1.85796292015432e-16,31.2581295967533,"AGAP2","116986","ArfGAP with GTPase domain, ankyrin repeat and PH domain 2","Down"
-1.44931037733603,9.47746776409284,-10.2429973372404,2.21880114586485e-18,1.92171231711333e-16,31.220542764154,"NUDCD3","23386","NudC domain containing 3","Down"
-3.23934827075444,4.70899854889379,-10.2386421497224,2.27456707155801e-18,1.96151997416643e-16,31.1960379874922,"KCNC4","3749","potassium voltage-gated channel subfamily C member 4","Down"
-1.24495071197692,8.90771816078763,-10.2155900376712,2.5938982248611e-18,2.22730136415434e-16,31.0663498681803,"NKRF","55922","NFKB repressing factor","Down"
-1.60351860465753,9.77475809367331,-10.200603477823,2.82513230437123e-18,2.4154881202374e-16,30.9820523749701,"MAPK9","5601","mitogen-activated protein kinase 9","Down"
-3.44225700645464,6.6471400907642,-10.1789921443412,3.19528672123376e-18,2.72034474177548e-16,30.8605125118365,"CEND1","51286","cell cycle exit and neuronal differentiation 1","Down"
-2.09000895921585,9.68369970623533,-10.1762558738484,3.24548212298188e-18,2.75137122180078e-16,30.8451258213298,"TTC7B","145567","tetratricopeptide repeat domain 7B","Down"
-3.7065667628881,2.8776032550013,-10.1662726336726,3.4353881589438e-18,2.88860877443449e-16,30.7889912077479,"PRKCG","5582","protein kinase C gamma","Down"
-1.98685405691927,7.73885298704189,-10.1662290160455,3.43624175696211e-18,2.88860877443449e-16,30.7887459629009,"PHLPP2","23035","PH domain and leucine rich repeat protein phosphatase 2","Down"
2.42326723404273,9.93925669878698,10.1399269133366,3.99152844301924e-18,3.34136023261448e-16,30.6408788979905,"PRKD3","23683","protein kinase D3","Up"
-7.53074319372354,5.28056448100621,-10.1211113393949,4.44291339340995e-18,3.70372367758137e-16,30.5351242492598,"UNC13C","440279","unc-13 homolog C","Down"
-3.07823673272413,4.06090984626367,-10.1179949288972,4.52244768840747e-18,3.75438219510242e-16,30.5176101539153,"C3orf80","401097","chromosome 3 open reading frame 80","Down"
3.68891452382918,9.46300130901787,10.1022293886104,4.94711773052057e-18,4.08995803448451e-16,30.4290171938094,"VANGL2","57216","VANGL planar cell polarity protein 2","Up"
-3.61159117115779,4.44641885365858,-10.096955189149,5.09789448083198e-18,4.19726645588499e-16,30.3993826035638,"ANKRD29","147463","ankyrin repeat domain 29","Down"
-2.28279711200126,9.22889602174325,-10.0940601577992,5.18259772573211e-18,4.2495177335542e-16,30.3831167497469,"HECTD4","283450","HECT domain E3 ubiquitin protein ligase 4","Down"
-4.85931918075681,6.54123637452361,-10.084106120713,5.48469919018723e-18,4.47887251828881e-16,30.3271934071213,"HBG2","3048","hemoglobin subunit gamma 2","Down"
-1.4463861675338,9.5749108781468,-10.0673291687097,6.03417847386194e-18,4.9075532002665e-16,30.2329514146443,"PIK3CB","5291","phosphatidylinositol-4,5-bisphosphate 3-kinase catalytic subunit beta","Down"
2.52438629898218,8.77043256188041,10.0654095447444,6.10045438415922e-18,4.94136805116897e-16,30.2221693125325,"KDELC2","143888","KDEL motif containing 2","Up"
1.4640949867756,10.3348118347915,10.050748065943,6.63120664153213e-18,5.34961900311022e-16,30.1398265398847,"ZNF22","7570","zinc finger protein 22","Up"
-1.7817592091027,7.3134490439987,-10.0372970311702,7.15858195195354e-18,5.75187747440701e-16,30.0642937293969,"TPMT","7172","thiopurine S-methyltransferase","Down"
-6.36765889209396,5.48771271182491,-10.0321473383649,7.37139178230455e-18,5.89917741554269e-16,30.0353792123832,"RIMS1","22999","regulating synaptic membrane exocytosis 1","Down"
-2.3871980928457,8.64424828856254,-10.0121446144758,8.25962634777965e-18,6.55755334682648e-16,29.9230838853054,"LARP6","55323","La ribonucleoprotein domain family member 6","Down"
-1.6065329053503,8.61305152630663,-9.98584595240885,9.59196459781457e-18,7.58523461298325e-16,29.7754826455833,"ATXN7L3","56970","ataxin 7 like 3","Down"
-4.44565960179455,3.02399822610562,-9.97132573146355,1.04173857295843e-17,8.20553686188161e-16,29.6940075036245,"DDN","23109","dendrin","Down"
-1.25793943817495,2.63120767278574,-9.9581600546861,1.12269168708932e-17,8.80850689552786e-16,29.6201451693202,"LOC100506851","100506851","uncharacterized LOC100506851","Down"
-2.13056870757173,9.35912710291562,-9.95311828882798,1.1553291097761e-17,9.02916777316035e-16,29.591862875173,"WDR7","23335","WD repeat domain 7","Down"
-5.15909839984714,4.67617557760858,-9.93868150806144,1.25411647632314e-17,9.76307717579649e-16,29.510887945048,"CDK5R2","8941","cyclin dependent kinase 5 regulatory subunit 2","Down"
-1.59989246019495,8.95304159375237,-9.9364892876854,1.26983733963962e-17,9.842105756031e-16,29.4985931877162,"BTBD10","84280","BTB domain containing 10","Down"
1.12412198873017,11.2302756530234,9.93589860794481,1.2741067580407e-17,9.842105756031e-16,29.4952805011598,"SPG21","51324","spastic paraplegia 21 (autosomal recessive, Mast syndrome)","Up"
-3.93508903752098,3.79063511147787,-9.93146522049376,1.30661177124832e-17,1.00543775797558e-15,29.4704176791375,"CORO6","84940","coronin 6","Down"
-4.18114989893189,5.12623627426959,-9.92555140533476,1.35126291009591e-17,1.03581291349766e-15,29.4372546259194,"BICDL1","92558","BICD family like cargo adaptor 1","Down"
-4.09051707802124,7.59953998770337,-9.92310246506602,1.37019607308321e-17,1.04631728374717e-15,29.4235223583022,"RAB3A","5864","RAB3A, member RAS oncogene family","Down"
-3.76123516528988,3.50704931929828,-9.91748551596778,1.41462759866715e-17,1.07613894929785e-15,29.3920272888058,"SNCG","6623","synuclein gamma","Down"
2.43348025062833,9.78813774007497,9.9146826479033,1.43733386645174e-17,1.08927040401894e-15,29.3763120236032,"HAUS1","115106","HAUS augmin like complex subunit 1","Up"
3.07027772663844,12.3878012757001,9.91059757890093,1.47108025552462e-17,1.11063783668985e-15,29.3534086451357,"CSRP2","1466","cysteine and glycine rich protein 2","Up"
-4.20793469733386,8.1571601981226,-9.90906690646592,1.48392764986455e-17,1.11612558236241e-15,29.3448270709593,"LOC101927826","101927826","uncharacterized LOC101927826","Down"
3.6427055962134,9.8862327110974,9.89596052388462,1.59861921072493e-17,1.19469278706973e-15,29.2713541958203,"B3GNT5","84002","UDP-GlcNAc:betaGal beta-1,3-N-acetylglucosaminyltransferase 5","Up"
-2.49539716752052,9.4131948441842,-9.89577240517409,1.60032821979651e-17,1.19469278706973e-15,29.2702997136716,"BCL2L2","599","BCL2 like 2","Down"
-3.50035639699652,8.57437950111497,-9.89155460511555,1.63912818135636e-17,1.21910920165044e-15,29.2466578931522,"NCS1","23413","neuronal calcium sensor 1","Down"
1.75649986533281,10.484370803251,9.87905571832189,1.75970661639383e-17,1.30394260274783e-15,29.1766060904932,"RYK","6259","receptor-like tyrosine kinase","Up"
-2.0836019198265,3.90332616639757,-9.87371555469367,1.81388551962684e-17,1.33912943140864e-15,29.1466798530546,"TESPA1","9840","thymocyte expressed, positive selection associated 1","Down"
1.24298417278172,12.8528985370893,9.87151351977892,1.83670817409217e-17,1.35099339849493e-15,29.1343402750821,"TMEM258","746","transmembrane protein 258","Up"
-2.74789612305366,10.2025481199204,-9.8700076680256,1.85248010016863e-17,1.35760327340929e-15,29.1259021151408,"LZTS3","9762","leucine zipper tumor suppressor family member 3","Down"
-3.89950190460283,8.49822038844621,-9.85445385278279,2.02350776410004e-17,1.47752992103465e-15,29.0387548917483,"SMIM10L2B","644596","small integral membrane protein 10 like 2B","Down"
-5.59570932451223,4.40997742945734,-9.85150928802107,2.05761689403337e-17,1.49697240723366e-15,29.0222586741778,"MAP7D2","256714","MAP7 domain containing 2","Down"
2.07495593248954,8.73016825298852,9.83887262309131,2.21063185027624e-17,1.60246780537959e-15,28.9514721825226,"GART","2618","phosphoribosylglycinamide formyltransferase, phosphoribosylglycinamide synthetase, phosphoribosylaminoimidazole synthetase","Up"
1.69249192796713,9.5841771590355,9.83520991240624,2.25706891687688e-17,1.63022302599118e-15,28.930957120687,"PPP4C","5531","protein phosphatase 4 catalytic subunit","Up"
-5.05499455733281,2.66966137541586,-9.82675426111852,2.36802339085882e-17,1.70421021514074e-15,28.8836004067525,"DLGAP2","9228","DLG associated protein 2","Down"
-2.01705793851203,7.16620161838947,-9.81797506479169,2.48898490006058e-17,1.78484304284989e-15,28.8344374324823,"C2CD2L","9854","C2CD2 like","Down"
-2.32575112045852,8.25112494435065,-9.81358058370841,2.55182874900684e-17,1.82337277790642e-15,28.8098308284524,"CRY2","1408","cryptochrome circadian clock 2","Down"
-4.47184386264582,2.56715259141462,-9.811321195446,2.58475313779569e-17,1.84032583729105e-15,28.7971801152859,"NPAS4","266743","neuronal PAS domain protein 4","Down"
2.2711393762142,8.40440262352828,9.80248473546155,2.71764154421537e-17,1.92807994238003e-15,28.7477070229295,"CEP135","9662","centrosomal protein 135","Up"
-4.60778658018719,5.44015774775166,-9.79461453842548,2.84172669178939e-17,2.00899031528729e-15,28.7036489204007,"JAKMIP1","152789","janus kinase and microtubule interacting protein 1","Down"
-3.23232018659218,4.68879709810728,-9.79338109762175,2.86167959573082e-17,2.00911277706022e-15,28.6967444431065,"RIMS4","140730","regulating synaptic membrane exocytosis 4","Down"
-2.1134334090077,4.72235663047888,-9.79336234580617,2.8619840129063e-17,2.00911277706022e-15,28.6966394762965,"MAP3K10","4294","mitogen-activated protein kinase kinase kinase 10","Down"
2.04367972274622,7.26360751594024,9.79189088062168,2.88597281079032e-17,2.01886916173014e-15,28.688402759776,"NME6","10201","NME/NM23 nucleoside diphosphate kinase 6","Up"
1.71843672272465,11.3670495900729,9.79047124401063,2.90930677796298e-17,2.02810106992005e-15,28.6804563219596,"KDELR2","11014","KDEL endoplasmic reticulum protein retention receptor 2","Up"
1.86743381277955,7.95342934201462,9.77407627864444,3.1928161232898e-17,2.21800945064788e-15,28.5886968091281,"METTL18","92342","methyltransferase like 18","Up"
-3.72604342142702,2.64846613961568,-9.75840314353323,3.48957142174024e-17,2.40936144001694e-15,28.5009973171705,"LOC101929748","101929748","uncharacterized LOC101929748","Down"
-2.78269985303715,2.95872903826006,-9.75826267712783,3.49235176490685e-17,2.40936144001694e-15,28.5002114227335,"LOC284578","284578","uncharacterized LOC284578","Down"
-4.04864140218823,6.25077491539864,-9.7432970659062,3.80159736737295e-17,2.61369616938249e-15,28.4164896215431,"SCN8A","6334","sodium voltage-gated channel alpha subunit 8","Down"
-3.04400806090723,2.78608710979888,-9.71977542985298,4.34375817937001e-17,2.97621814707725e-15,28.2849401951341,"FPGT-TNNI3K","100526835","FPGT-TNNI3K readthrough","Down"
2.05630139337343,11.6656331485207,9.70842795053424,4.63224197317767e-17,3.16304659240156e-15,28.221493620757,"TCF12","6938","transcription factor 12","Up"
-3.17957963704918,9.03182186605751,-9.70643645136274,4.68480766338506e-17,3.18805941909336e-15,28.2103597702886,"CAMKK2","10645","calcium/calmodulin dependent protein kinase kinase 2","Down"
-1.8544449244052,2.66481885963178,-9.69982937967848,4.86350045570693e-17,3.29844249550266e-15,28.1734240930427,"LYPD8","646627","LY6/PLAUR domain containing 8","Down"
2.27518756445259,10.9297243031204,9.69275089244219,5.06249298210832e-17,3.42180057746761e-15,28.1338571571707,"TGFBR1","7046","transforming growth factor beta receptor 1","Up"
2.78196270001124,9.58843012489947,9.67716751985852,5.52966277874393e-17,3.72498192640841e-15,28.0467651726411,"ACTL6A","86","actin like 6A","Up"
-2.3205427722077,8.67322391772136,-9.67096103160011,5.72748395130527e-17,3.84529434274378e-15,28.0120843192155,"TPRG1L","127262","tumor protein p63 regulated 1-like","Down"
-1.66039056404787,5.1002938232161,-9.66597450530458,5.89152272569301e-17,3.94219716297458e-15,27.9842228353427,"GRIN1","2902","glutamate ionotropic receptor NMDA type subunit 1","Down"
-7.80856208596917,7.08155005904195,-9.66315370387323,5.98638356414092e-17,3.99231919892558e-15,27.9684629793348,"VSNL1","7447","visinin like 1","Down"
-4.95731087118108,7.14363882467254,-9.65951149441664,6.1111244730247e-17,4.06196901434569e-15,27.9481149325137,"KIAA1107","23285","KIAA1107","Down"
-2.09400768665641,7.96180327320982,-9.65421078518987,6.29731335504792e-17,4.17186583756436e-15,27.9185033669591,"CNST","163882","consortin, connexin sorting protein","Down"
-2.16450908339718,11.745275868907,-9.65049605859564,6.43115576216111e-17,4.24647304731212e-15,27.8977531103705,"PPP3CA","5530","protein phosphatase 3 catalytic subunit alpha","Down"
-3.81887824388429,7.27985714771183,-9.64208105940589,6.74493683857447e-17,4.43901155688682e-15,27.8507518930193,"MAST3","23031","microtubule associated serine/threonine kinase 3","Down"
-3.918479553605,7.91001605919101,-9.63928184767055,6.85266302274759e-17,4.49512226544627e-15,27.8351185384045,"SHANK3","85358","SH3 and multiple ankyrin repeat domains 3","Down"
-5.43017300094208,5.75972531856988,-9.63205629419282,7.13873270464198e-17,4.66747141247621e-15,27.7947676705944,"HS6ST3","266722","heparan sulfate 6-O-sulfotransferase 3","Down"
-1.96641323831644,10.8531169215152,-9.61102342058952,8.04105313393527e-17,5.2403045619102e-15,27.6773369136257,"NDRG3","57446","NDRG family member 3","Down"
-2.87084974277061,3.65528960633781,-9.60917133970728,8.12575922038026e-17,5.27831378968012e-15,27.6669982882792,"LOC283484","283484","uncharacterized LOC283484","Down"
1.26401578684858,11.620465753404,9.60478845679692,8.32977482105458e-17,5.39332701763233e-15,27.642533545134,"MAPRE1","22919","microtubule associated protein RP/EB family member 1","Up"
1.33848623596311,9.4435625253674,9.57979010773884,9.59497177935257e-17,6.19247098030667e-15,27.5030293214242,"UBE2J1","51465","ubiquitin conjugating enzyme E2 J1","Up"
-4.44191007123748,6.63402644654722,-9.57110900905505,1.00777594848239e-16,6.48314257276113e-15,27.4545976487145,"ADAP1","11033","ArfGAP with dual PH domains 1","Down"
3.36938921858527,8.01364094823858,9.55000077834348,1.13551419158191e-16,7.25822122395504e-15,27.336864737244,"MCM5","4174","minichromosome maintenance complex component 5","Up"
2.93246484275832,8.14435694462154,9.54764682041093,1.15072445975605e-16,7.33202046698702e-15,27.3237379505774,"CC2D2A","57545","coiled-coil and C2 domain containing 2A","Up"
1.38800440254983,11.7636622182008,9.54655858564213,1.15782467543875e-16,7.35384072428671e-15,27.3176696150433,"PRPF40A","55660","pre-mRNA processing factor 40 homolog A","Up"
-6.24850415658817,5.39476358821562,-9.53987719734052,1.20238518507042e-16,7.61269632838732e-15,27.2804145891022,"SYN1","6853","synapsin I","Down"
2.3610622576382,10.1872293068371,9.53898588585709,1.20845752033366e-16,7.62700618590395e-15,27.2754450112437,"IFT81","28981","intraflagellar transport 81","Up"
1.48496635786141,11.4867970767498,9.53478416616961,1.2374974644524e-16,7.78572697210669e-15,27.2520190144946,"SUCO","51430","SUN domain containing ossification factor","Up"
-2.68988697902637,2.76265505019402,-9.53239488164026,1.25432014927471e-16,7.86682859766114e-15,27.2386987070763,"UPP2","151531","uridine phosphorylase 2","Down"
-1.48056669942821,2.87450493736195,-9.51699909532994,1.36832501647616e-16,8.55502456394957e-15,27.152880103554,"MSANTD1","345222","Myb/SANT DNA binding domain containing 1","Down"
1.21942271846284,13.1869867807527,9.51393856877631,1.39219029667875e-16,8.67711877434634e-15,27.1358229706082,"HNRNPD","3184","heterogeneous nuclear ribonucleoprotein D","Up"
-2.87080288453228,5.83331552726059,-9.50689586167436,1.44869590891785e-16,9.00126057444705e-15,27.0965755494251,"PPP1R3F","89801","protein phosphatase 1 regulatory subunit 3F","Down"
-2.12831894324294,7.33058569024822,-9.50480121245534,1.46593893389647e-16,9.08019821995871e-15,27.0849034766745,"ST6GALNAC6","30815","ST6 N-acetylgalactosaminide alpha-2,6-sialyltransferase 6","Down"
-3.23878747184103,6.56525294340106,-9.50319795690723,1.47927496415372e-16,9.13452290364924e-15,27.0759699013024,"SLC45A4","57210","solute carrier family 45 member 4","Down"
1.54673092976173,10.7785549945051,9.49458057489843,1.55305513824017e-16,9.56060743100648e-15,27.0279569129248,"SREK1","140890","splicing regulatory glutamic acid and lysine rich protein 1","Up"
-1.90618025999311,12.3585221987281,-9.49353310142372,1.56226990232443e-16,9.58783249564567e-15,27.0221212621837,"IDS","3423","iduronate 2-sulfatase","Down"
-6.15257566858462,5.14743594317148,-9.48584460374151,1.63159615866194e-16,9.98267411203349e-15,26.9792906738234,"TMEM130","222865","transmembrane protein 130","Down"
-4.45199029991894,6.03986003645521,-9.48213599894117,1.66612447179202e-16,1.01628513131533e-14,26.9586331147254,"MAP3K9","4293","mitogen-activated protein kinase kinase kinase 9","Down"
-6.13712722065674,5.41309042769473,-9.48092023484593,1.67760144425845e-16,1.0201754436255e-14,26.9518614001109,"CALN1","83698","calneuron 1","Down"
-4.21323210518606,3.9603277773284,-9.46926118297974,1.79174640887106e-16,1.08628698188737e-14,26.8869288594427,"NXPH2","11249","neurexophilin 2","Down"
-2.82023947253176,5.59666584466343,-9.46385391098683,1.84728186301048e-16,1.11657305840636e-14,26.8568188716428,"KCNN1","3780","potassium calcium-activated channel subfamily N member 1","Down"
-6.2925012001745,3.46519600987077,-9.46263843097863,1.85999983659465e-16,1.12087399791413e-14,26.8500509682721,"CCK","885","cholecystokinin","Down"
-3.85738017783669,8.42180328217598,-9.45897190983726,1.8988951456344e-16,1.14087673209332e-14,26.8296363490154,"LOC100507547","100507547","uncharacterized LOC100507547","Down"
-2.95809029926536,5.26177059643751,-9.45640220967719,1.92663742955593e-16,1.15407889380615e-14,26.8153294693547,"CLSTN3","9746","calsyntenin 3","Down"
-3.71739291369882,2.76192675672491,-9.45212336248208,1.97373099716082e-16,1.178759285379e-14,26.7915083509912,"VIPR1","7433","vasoactive intestinal peptide receptor 1","Down"
-5.32512575758817,4.90162963055645,-9.4507630374696,1.9889420158726e-16,1.184308419987e-14,26.7839355648406,"STX1A","6804","syntaxin 1A","Down"
-2.23336816416424,9.60203740158533,-9.44994793844922,1.99811230955854e-16,1.18504757398088e-14,26.7793980846568,"PI4KA","5297","phosphatidylinositol 4-kinase alpha","Down"
-4.99802893182262,5.6139621476703,-9.44960087950165,2.00202968963631e-16,1.18504757398088e-14,26.7774661030042,"REPS2","9185","RALBP1 associated Eps domain containing 2","Down"
-1.84114995170145,12.0446642145101,-9.44828310690535,2.01697372513968e-16,1.19037148433244e-14,26.7701305374082,"OIP5-AS1","729082","OIP5 antisense RNA 1","Down"
1.82445599347061,10.1567526574685,9.43996720381156,2.11387840603004e-16,1.24389309616009e-14,26.7238429910171,"DCAF13","25879","DDB1 and CUL4 associated factor 13","Up"
-4.72518321385779,3.66194240478834,-9.43409612471599,2.18507573064692e-16,1.28201789275815e-14,26.6911679662301,"TMEM155","132332","transmembrane protein 155","Down"
2.99857240443977,6.35361909610941,9.4321541938519,2.20914733362641e-16,1.29235119017145e-14,26.6803610847378,"ZDHHC15","158866","zinc finger DHHC-type containing 15","Up"
2.17726786255574,10.4807396004191,9.42625310395073,2.28392986105103e-16,1.32959713968736e-14,26.647523798043,"PDIA4","9601","protein disulfide isomerase family A member 4","Up"
3.3038179813637,8.24772329932024,9.42557823761453,2.29264144136033e-16,1.32959713968736e-14,26.643768656962,"TP53","7157","tumor protein p53","Up"
-2.58137720115786,8.01603943370112,-9.42556964273845,2.29275260254981e-16,1.32959713968736e-14,26.6437208330223,"TUBG2","27175","tubulin gamma 2","Down"
-2.14022596371815,8.77665331454065,-9.42176040769093,2.34255174485625e-16,1.35455007974968e-14,26.6225260949791,"CEP170B","283638","centrosomal protein 170B","Down"
1.35490520675785,11.8230044384235,9.40862875383953,2.52263746815383e-16,1.45447861168166e-14,26.5494726186241,"LSM14A","26065","LSM14A, mRNA processing body assembly factor","Up"
-2.73441571159238,3.10227312438284,-9.40739346293034,2.54027231888419e-16,1.4604375943654e-14,26.5426014264848,"RGR","5995","retinal G protein coupled receptor","Down"
2.34612933394911,7.40892634578793,9.39901699276518,2.66313952477133e-16,1.52668860951576e-14,26.4960123100753,"C19orf54","284325","chromosome 19 open reading frame 54","Up"
1.89586773898152,8.41468993460941,9.3896562527743,2.80746543465133e-16,1.60482745574483e-14,26.4439575383959,"IL10RB","3588","interleukin 10 receptor subunit beta","Up"
-6.64951801109343,5.67538520956562,-9.38848762554928,2.82602256693146e-16,1.61083286315093e-14,26.4374594921156,"HPCAL4","51440","hippocalcin like 4","Down"
-1.30369575777653,2.97392323571947,-9.38018212376724,2.9614791620367e-16,1.68324754530876e-14,26.3912816845412,"LOC728073","728073","uncharacterized LOC728073","Down"
-2.62803427661118,8.42097676320911,-9.377440277138,3.00760260448765e-16,1.70136211681375e-14,26.3760388913043,"TEF","7008","TEF, PAR bZIP transcription factor","Down"
1.65256883150413,10.2106568976372,9.3772778497093,3.01035732169775e-16,1.70136211681375e-14,26.3751359310444,"SEC61A1","29927","Sec61 translocon alpha 1 subunit","Up"
-4.62133824235049,7.46631743522006,-9.37572319210766,3.03685138991784e-16,1.71150100727004e-14,26.3664934817166,"PRKCZ","5590","protein kinase C zeta","Down"
1.78655242990795,12.3703317521834,9.37328105335871,3.07893977753576e-16,1.73034685756061e-14,26.3529179861629,"RDX","5962","radixin","Up"
-2.78952146721532,7.40599348612515,-9.37152998041419,3.10947562622893e-16,1.74261285305216e-14,26.3431844192213,"FAM234B","57613","family with sequence similarity 234 member B","Down"
-5.59344117499396,6.52549350990308,-9.36078302999313,3.3036091198502e-16,1.84623764415763e-14,26.2834533256398,"PHYHIP","9796","phytanoyl-CoA 2-hydroxylase interacting protein","Down"
-2.49122706827404,9.01503313788355,-9.35509106634393,3.41127543620964e-16,1.90109714908764e-14,26.2518226903285,"KIFC2","90990","kinesin family member C2","Down"
-3.32461846344366,4.95560244405515,-9.34170958819871,3.67836933900146e-16,2.04425376015006e-14,26.1774747757251,"AATK","9625","apoptosis associated tyrosine kinase","Down"
1.71415234405081,9.77107035571024,9.3402769057427,3.70817309113045e-16,2.05510856050546e-14,26.1695159065719,"CCDC50","152137","coiled-coil domain containing 50","Up"
3.77547119172649,8.9858968278568,9.33785788673578,3.75904266069776e-16,2.07754603625912e-14,26.1560782299322,"ANTXR2","118429","anthrax toxin receptor 2","Up"
-3.00421965507916,4.01836524404473,-9.33705464463256,3.77608740203702e-16,2.08121709786652e-14,26.1516163535077,"CDH8","1006","cadherin 8","Down"
-6.34530837203084,6.24215916756929,-9.33529191735957,3.81376285200225e-16,2.09620751043981e-14,26.1418249450001,"GRM3","2913","glutamate metabotropic receptor 3","Down"
3.00583567960454,7.74453409363284,9.32171653839155,4.11674982082802e-16,2.25654284014537e-14,26.0664293704657,"FAM111A","63901","family with sequence similarity 111 member A","Up"
2.1875372371255,9.08028872852065,9.31389347589886,4.30212715826272e-16,2.33953725066791e-14,26.0229905606183,"CARD8","22900","caspase recruitment domain family member 8","Up"
-1.84290584062124,8.16174615241899,-9.31384743561629,4.30324240638672e-16,2.33953725066791e-14,26.0227349347399,"C6orf106","64771","chromosome 6 open reading frame 106","Down"
-2.62184906576667,8.31897875706562,-9.31277599236775,4.32927784641331e-16,2.3438180813432e-14,26.0167861105795,"HIVEP2","3097","human immunodeficiency virus type I enhancer binding protein 2","Down"
1.24699894650756,14.1831090088746,9.31255995730999,4.33454635925918e-16,2.3438180813432e-14,26.0155866649366,"SNORD96A","619571","small nucleolar RNA, C/D box 96A","Up"
-4.1041522894622,5.55490551889527,-9.29760730572804,4.7151641034312e-16,2.54275709480722e-14,25.9325809333704,"RAB15","376267","RAB15, member RAS oncogene family","Down"
-4.97538002868626,5.80995504801609,-9.29344177276202,4.82700794405296e-16,2.59607386926526e-14,25.9094615470152,"NRIP3","56675","nuclear receptor interacting protein 3","Down"
-1.46623447657534,12.187495382384,-9.26753087532822,5.584574487077e-16,2.99545795611125e-14,25.7656961078174,"SNURF","8926","SNRPN upstream reading frame","Down"
2.52409900016686,9.18449653987917,9.26281137344199,5.73480404308172e-16,3.06781348903572e-14,25.7395184371783,"NUP107","57122","nucleoporin 107","Up"
-1.53621032711368,2.55631101998467,-9.25987809802355,5.83019752468088e-16,3.11052698336774e-14,25.7232497260886,"IL12RB2","3595","interleukin 12 receptor subunit beta 2","Down"
-1.29344028636515,1.83915266757846,-9.2577792908495,5.89942209462347e-16,3.1390887725301e-14,25.711609803565,"SLC26A8","116369","solute carrier family 26 member 8","Down"
1.64089740412373,9.43952965722142,9.25312917356077,6.05572770539697e-16,3.21371204779515e-14,25.6858222065571,"UTP23","84294","UTP23, small subunit processome component","Up"
-2.04978187816108,2.47884831842663,-9.25193229437687,6.09662217981171e-16,3.22685502517177e-14,25.6791852230231,"CCDC68","80323","coiled-coil domain containing 68","Down"
-4.20700054370217,6.27742484077515,-9.24800565095447,6.23272841798812e-16,3.2901899065617e-14,25.6574122073674,"DGKE","8526","diacylglycerol kinase epsilon","Down"
-4.92411430008922,5.93362089769604,-9.2468009264286,6.27509075807654e-16,3.3038352841273e-14,25.650732437546,"PIP5K1B","8395","phosphatidylinositol-4-phosphate 5-kinase type 1 beta","Down"
-1.91049716958902,10.2506951746835,-9.24241047337445,6.43191712382783e-16,3.37751616526045e-14,25.6263903654954,"OXCT1","5019","3-oxoacid CoA-transferase 1","Down"
-3.41723899243985,9.31477450272722,-9.23936761886177,6.54289297106239e-16,3.42679737361375e-14,25.6095211300416,"GUCY1B3","2983","guanylate cyclase 1 soluble subunit beta","Down"
-5.13532996097653,4.62770043363473,-9.23447066351996,6.72550960928819e-16,3.51324466718091e-14,25.5823752485827,"PENK","5179","proenkephalin","Down"
-2.5593683379242,10.3133410951345,-9.23232989833653,6.80692992418205e-16,3.54651684877892e-14,25.5705089711912,"ATL1","51062","atlastin GTPase 1","Down"
1.5328150746497,11.5458372758883,9.22626422985467,7.04300052045237e-16,3.65998211461534e-14,25.5368898532151,"HAT1","8520","histone acetyltransferase 1","Up"
-1.52362854757976,10.4615397479386,-9.22376931409318,7.14245237310825e-16,3.70204778831028e-14,25.5230629797261,"DNAJC5","80331","DnaJ heat shock protein family (Hsp40) member C5","Down"
-4.76355873038817,5.2974318081832,-9.21937716312497,7.3209435277648e-16,3.77939069307651e-14,25.4987233783491,"RASGRF2","5924","Ras protein specific guanine nucleotide releasing factor 2","Down"
1.32095436012307,11.7653638690143,9.21917045222619,7.32945263614578e-16,3.77939069307651e-14,25.4975779227943,"TMCO1","54499","transmembrane and coiled-coil domains 1","Up"
-4.05675347930434,6.73137387900775,-9.21695795335977,7.42114814659053e-16,3.81683575755364e-14,25.4853180296493,"LPCAT4","254531","lysophosphatidylcholine acyltransferase 4","Down"
2.67717956390163,14.0217164363955,9.2155632586443,7.47953679964422e-16,3.83700237821748e-14,25.4775900492618,"VIM","7431","vimentin","Up"
-2.62991426950033,3.58644418664083,-9.21496464023218,7.50473804777686e-16,3.84008424864122e-14,25.4742731853749,"HID1","283987","HID1 domain containing","Down"
-3.28253055870046,4.54382828531692,-9.20692758715522,7.85139840866619e-16,3.99702106774006e-14,25.4297450878126,"JAKMIP3","282973","Janus kinase and microtubule interacting protein 3","Down"
-1.62413654260723,2.49470888373574,-9.20515910556263,7.92979430223751e-16,4.02668514225548e-14,25.4199481125023,"SNX32","254122","sorting nexin 32","Down"
-5.81092297526772,4.0837120827768,-9.20346420266389,8.00566034231832e-16,4.05486421445983e-14,25.4105590968394,"SLC8A2","6543","solute carrier family 8 member A2","Down"
-4.32798409225668,4.49830039979266,-9.20301646562784,8.02582210689305e-16,4.05486421445983e-14,25.4080788882186,"KIRREL3","84623","kin of IRRE like 3 (Drosophila)","Down"
-5.38452061648653,4.85980442933195,-9.19780398366968,8.26429836787695e-16,4.16483167370565e-14,25.3792064692434,"OLFM3","118427","olfactomedin 3","Down"
-3.55898433188318,7.54914947822822,-9.1923563680766,8.52108021586965e-16,4.28344853967095e-14,25.349035110357,"CAMK2B","816","calcium/calmodulin dependent protein kinase II beta","Down"
2.59287114246482,10.4010749257107,9.19168505607593,8.55326879295444e-16,4.28885335189573e-14,25.3453173281184,"LGALS3BP","3959","galectin 3 binding protein","Up"
-7.8005731714215,6.4630457602532,-9.18595492011353,8.83299898916454e-16,4.41804526940537e-14,25.3135855670083,"NEFM","4741","neurofilament, medium polypeptide","Down"
-1.99155695018837,11.0585054923985,-9.18142364686736,9.06064277469086e-16,4.52060548611571e-14,25.2884955568968,"MYCBP2","23077","MYC binding protein 2, E3 ubiquitin protein ligase","Down"
-2.88088121301677,2.79616387275533,-9.16157725524247,1.01285700754882e-15,5.04085327115154e-14,25.1786339887566,"DOC2A","8448","double C2 domain alpha","Down"
-2.83890913763879,11.0814524710422,-9.14506101426888,1.11122663572849e-15,5.51670255608436e-14,25.0872436284873,"STXBP1","6812","syntaxin binding protein 1","Down"
1.89454562556923,6.20648988369278,9.12309597842494,1.2569436388793e-15,6.22467113442032e-14,24.9657555785715,"C8orf58","541565","chromosome 8 open reading frame 58","Up"
-1.24250845469665,3.43249825220852,-9.1225456644344,1.26082906019132e-15,6.22849555734512e-14,24.9627125812432,"CA1","759","carbonic anhydrase 1","Down"
-2.41973723485523,8.4881194799587,-9.11508386238749,1.31470845966156e-15,6.47866309173615e-14,24.9214558201569,"LINC00294","283267","long intergenic non-protein coding RNA 294","Down"
5.13424070540946,7.11329701407858,9.11354791758531,1.32608053246638e-15,6.51864698109455e-14,24.9129643586976,"KIF4A","24137","kinesin family member 4A","Up"
-4.36500992285996,9.87656543997633,-9.11254604749195,1.33355109035269e-15,6.53930310408979e-14,24.9074256866667,"NAPB","63908","NSF attachment protein beta","Down"
-3.94588872239974,5.50940214367515,-9.11179327665001,1.33919178363607e-15,6.5509070941826e-14,24.9032642018977,"COX7A1","1346","cytochrome c oxidase subunit 7A1","Down"
1.27042097939257,9.91878413882609,9.10784792493485,1.36914629904297e-15,6.68110000120795e-14,24.8814545927987,"PHACTR4","65979","phosphatase and actin regulator 4","Up"
-1.66030850578088,9.31721289243982,-9.10619158546486,1.38191988103465e-15,6.71601965131233e-14,24.8722990602123,"SPHAR","10638","S-phase response (cyclin related)","Down"
-2.06552982963045,8.73453753521308,-9.10605016488204,1.38301599257294e-15,6.71601965131233e-14,24.8715173641551,"TOM1L2","146691","target of myb1 like 2 membrane trafficking protein","Down"
1.6342546985568,9.02138581948219,9.10397703295339,1.39918402598191e-15,6.77808106726878e-14,24.8600585100653,"PLGRKT","55848","plasminogen receptor with a C-terminal lysine","Up"
-3.02918687847081,3.34463846771296,-9.10200203573367,1.41476181290799e-15,6.83699023933578e-14,24.8491425856009,"PPEF1","5475","protein phosphatase with EF-hand domain 1","Down"
-6.65127379998488,4.50559765206035,-9.09687343801201,1.45602517117885e-15,7.01944472283741e-14,24.8207988474691,"SPHKAP","80309","SPHK1 interactor, AKAP domain containing","Down"
-1.76993331921618,3.26986962847527,-9.09585641445877,1.46434921893953e-15,7.04259448631527e-14,24.8151785577636,"SEMA4A","64218","semaphorin 4A","Down"
2.16506189675641,6.98388215228373,9.09542832172629,1.46786719687783e-15,7.04259448631527e-14,24.8128128652561,"TMEM39A","55254","transmembrane protein 39A","Up"
-3.23962054488034,8.55902633954734,-9.0878187165265,1.53182519104728e-15,7.33187239169449e-14,24.7707651741408,"SYNGR1","9145","synaptogyrin 1","Down"
3.35099045945989,8.41148193962515,9.08600315028287,1.54749054342764e-15,7.38917501249564e-14,24.7607341646143,"SLC43A3","29015","solute carrier family 43 member 3","Up"
2.76407553862801,6.53765777686698,9.08296442017931,1.57406765827362e-15,7.49818372359054e-14,24.7439461185036,"C1orf56","54964","chromosome 1 open reading frame 56","Up"
-5.02010601499665,3.65270742644917,-9.08067472882944,1.59439352339866e-15,7.57696703625583e-14,24.7312970653948,"ANO3","63982","anoctamin 3","Down"
1.11403278202965,11.7843494082989,9.07801517118711,1.61833115567874e-15,7.67250033925699e-14,24.7166055902523,"CFAP97","57587","cilia and flagella associated protein 97","Up"
1.29238577632958,11.8419725433931,9.07112549042567,1.68202046483515e-15,7.9555989219756e-14,24.678551039613,"XRCC5","7520","X-ray repair cross complementing 5","Up"
-6.23487043858797,4.38809442174598,-9.06723436743695,1.71908752981771e-15,8.11174155874126e-14,24.657061478147,"FAM19A1","407738","family with sequence similarity 19 member A1, C-C motif chemokine like","Down"
1.54563290214392,11.5970911393455,9.04377492463272,1.96044793322428e-15,9.20720230047374e-14,24.5275435076288,"GNS","2799","glucosamine (N-acetyl)-6-sulfatase","Up"
4.42592657678054,8.46101143071965,9.03910681680016,2.01235873710308e-15,9.4288668040331e-14,24.5017798199344,"NID2","22795","nidogen 2","Up"
1.62486725751886,11.289601581806,9.03646206485836,2.04237440927003e-15,9.54714598277231e-14,24.487184483544,"LIX1L","128077","limb and CNS expressed 1 like","Up"
-6.11657527590789,5.7695830530474,-9.03544893236372,2.05399036002642e-15,9.56179288200347e-14,24.481593652362,"CAMK4","814","calcium/calmodulin dependent protein kinase IV","Down"
4.29515302895627,10.4051296428577,9.03535538782294,2.05506619646198e-15,9.56179288200347e-14,24.4810774466341,"TYMS","7298","thymidylate synthetase","Up"
-2.45078780142637,2.82943332524053,-9.02348456824572,2.19624563908368e-15,1.01949620652314e-13,24.4155802635362,"HECW1","23072","HECT, C2 and WW domain containing E3 ubiquitin protein ligase 1","Down"
1.44343211399361,10.6142119549002,9.0211835625825,2.2247089986069e-15,1.03031835497982e-13,24.4028866458656,"PRRC1","133619","proline rich coiled-coil 1","Up"
1.70701866174996,6.61364781054893,9.0117611866172,2.34514694248563e-15,1.08358787247829e-13,24.350914997433,"XRCC4","7518","X-ray repair cross complementing 4","Up"
-3.12250409995951,6.50603971607373,-9.00619341548552,2.41934458301732e-15,1.11529555466423e-13,24.3202100528959,"LOC157562","157562","uncharacterized LOC157562","Down"
6.20472513921104,8.0146001021716,8.98751740891105,2.68572244360557e-15,1.23524710182107e-13,24.2172468271187,"KIAA0101","9768","KIAA0101","Up"
1.55748088259769,9.28941634363911,8.98486852321107,2.72579764338814e-15,1.25080351952446e-13,24.2026470099769,"AP3M1","26985","adaptor related protein complex 3 mu 1 subunit","Up"
1.34912418122839,10.3784977723541,8.98264289487263,2.75992934950474e-15,1.26356765436021e-13,24.1903807920049,"PGLS","25796","6-phosphogluconolactonase","Up"
-4.49005645581026,3.54213805297669,-8.98180811391169,2.77284082355778e-15,1.26658051043198e-13,24.1857801956964,"KCNK12","56660","potassium two pore domain channel subfamily K member 12","Down"
-1.54559873036674,10.6022679760368,-8.97825499624941,2.82847282138049e-15,1.28904910563461e-13,24.166199524582,"ATP6V1E1","529","ATPase H+ transporting V1 subunit E1","Down"
-2.30466603654379,10.3755368018917,-8.95129308634451,3.28846405305733e-15,1.49306269040745e-13,24.0176731955416,"HPCAL1","3241","hippocalcin like 1","Down"
1.77299718383122,7.99673322537296,8.95115231742458,3.2910513643709e-15,1.49306269040745e-13,24.0168979987745,"GON4L","54856","gon-4 like","Up"
1.40586003867488,9.3299073448926,8.95017056312275,3.30915231387752e-15,1.49787806207574e-13,24.0114916776305,"C1GALT1C1","29071","C1GALT1 specific chaperone 1","Up"
-1.1977962603386,12.6967593073402,-8.9488298650189,3.33403147147935e-15,1.50573290406066e-13,24.0041089423353,"PREPL","9581","prolyl endopeptidase-like","Down"
-3.79529469963794,3.24112979972763,-8.93861132114039,3.52987710493614e-15,1.5905912441094e-13,23.9478473748294,"CHRM1","1128","cholinergic receptor muscarinic 1","Down"
4.63607655067488,9.11672847816065,8.93603701971711,3.58099588384125e-15,1.6099996550115e-13,23.9336760076725,"FAM60A","58516","family with sequence similarity 60 member A","Up"
-3.33204454243563,3.21064770577538,-8.9266274082263,3.77419703758348e-15,1.69305740203885e-13,23.8818845950938,"TLL2","7093","tolloid like 2","Down"
2.49285233560552,9.33477648295799,8.92590684923479,3.78941265538598e-15,1.69608006703149e-13,23.8779190816193,"NUP160","23279","nucleoporin 160","Up"
1.84801106216416,9.14154147204006,8.92434924296208,3.82251274735925e-15,1.70707617268787e-13,23.8693472246909,"MAN2B1","4125","mannosidase alpha class 2B member 1","Up"
-4.37460926637035,6.02101451277142,-8.9145931060774,4.03648562968808e-15,1.79861844082783e-13,23.8156648048115,"ZNF540","163255","zinc finger protein 540","Down"
-4.02277034704116,3.67048132620083,-8.91165426301733,4.10324800253816e-15,1.82430406192846e-13,23.799496679194,"BDNF","627","brain derived neurotrophic factor","Down"
1.62118918796377,12.081716988497,8.90572067595699,4.24141198321086e-15,1.88155054430376e-13,23.7668566261205,"ENAH","55740","enabled homolog (Drosophila)","Up"
-4.41159639592183,4.92212728443426,-8.90348389846796,4.29468931797971e-15,1.90097011470841e-13,23.7545536433785,"JPH1","56704","junctophilin 1","Down"
-2.62754627619389,8.73917743408231,-8.89507201638767,4.50108342998135e-15,1.98792883407587e-13,23.7082920287338,"GNB5","10681","G protein subunit beta 5","Down"
5.27768799504227,9.3558082912487,8.88505910464296,4.75967032323361e-15,2.09750493737742e-13,23.6532386810093,"NUSAP1","51203","nucleolar and spindle associated protein 1","Up"
1.17472064971222,11.4807853563144,8.87605192181879,5.00489398834964e-15,2.20072338516288e-13,23.6037274050442,"C5orf15","56951","chromosome 5 open reading frame 15","Up"
-2.39571824248685,6.69700826253817,-8.87416466609205,5.057847764848e-15,2.21774870311468e-13,23.5933548997443,"AVPI1","60370","arginine vasopressin induced 1","Down"
-4.78294643450999,4.16086625745225,-8.87388356125944,5.06578276265012e-15,2.21774870311468e-13,23.5918099697189,"NELL1","4745","neural EGFL like 1","Down"
-7.1667983507361,5.33526144726178,-8.86741284659962,5.25190302618732e-15,2.29105044619668e-13,23.5562506011651,"RAB3C","115827","RAB3C, member RAS oncogene family","Down"
-5.38649736057062,7.41871488749296,-8.86726885884563,5.2561211316253e-15,2.29105044619668e-13,23.5554593955273,"RIMS3","9783","regulating synaptic membrane exocytosis 3","Down"
-1.94764233130836,8.97631121958462,-8.85874205290013,5.51202077657594e-15,2.39736955819467e-13,23.5086104011377,"MAPK8IP3","23162","mitogen-activated protein kinase 8 interacting protein 3","Down"
-2.09930574716476,9.74381355990852,-8.8564519060747,5.58283905979348e-15,2.42290371083054e-13,23.4960294113491,"ENTPD4","9583","ectonucleoside triphosphate diphosphohydrolase 4","Down"
1.12937266629026,9.97163316573876,8.85460215926875,5.64069954547042e-15,2.4427159265417e-13,23.4858683323937,"NSRP1","84081","nuclear speckle splicing regulatory protein 1","Up"
1.68469616518836,10.9490226620494,8.85158282596044,5.73643020925081e-15,2.47880689409246e-13,23.4692835262649,"SMAD5","4090","SMAD family member 5","Up"
1.86545694861558,7.22481989272266,8.84356547295192,5.99854947387242e-15,2.58648662335702e-13,23.4252517431246,"CHRAC1","54108","chromatin accessibility complex 1","Up"
-3.10870592587719,5.73076317807858,-8.83710076319722,6.21856324776059e-15,2.67341449258751e-13,23.3897540654868,"CACNB4","785","calcium voltage-gated channel auxiliary subunit beta 4","Down"
4.59921949124767,8.43728288300515,8.83686098438454,6.22687636100256e-15,2.67341449258751e-13,23.3884375603659,"MCM2","4171","minichromosome maintenance complex component 2","Up"
-3.59453532284971,5.19309629506367,-8.83596799113434,6.25793380866274e-15,2.68099532569412e-13,23.3835346574084,"RASD2","23551","RASD family member 2","Down"
-1.51416261052939,2.68729963522178,-8.83184996728292,6.40316178621342e-15,2.73735166360624e-13,23.3609265276193,"LOC100129973","100129973","uncharacterized LOC100129973","Down"
-1.51596285516404,8.2410811992358,-8.82827602431656,6.53191839931851e-15,2.78644118156003e-13,23.3413074635606,"SENP5","205564","SUMO1/sentrin specific peptidase 5","Down"
-2.9641232245624,9.20099518377846,-8.8272017206936,6.57112322796633e-15,2.79720132812601e-13,23.335410473426,"PDXP","57026","pyridoxal phosphatase","Down"
-2.22519608845792,11.394879351737,-8.81773486718107,6.92688440892686e-15,2.94238166389384e-13,23.2834531309972,"CALM3","808","calmodulin 3","Down"
-2.56877591529744,2.97973739758438,-8.81472337627736,7.04402603002304e-15,2.98580145725998e-13,23.2669278391281,"SLC25A48","153328","solute carrier family 25 member 48","Down"
-6.65379453785904,5.1580658786026,-8.80892320236279,7.27522724852682e-15,3.07728269685573e-13,23.2351037204917,"AK5","26289","adenylate kinase 5","Down"
-2.50338308695714,2.1170611296232,-8.80740611420559,7.33693628191344e-15,3.09683721924562e-13,23.2267806658959,"HSPB3","8988","heat shock protein family B (small) member 3","Down"
2.79427529315319,10.3487624026669,8.79921068359417,7.67941449126589e-15,3.23456938372119e-13,23.1818248512723,"PPP1R14B","26472","protein phosphatase 1 regulatory inhibitor subunit 14B","Up"
2.16104596312971,8.06962754969959,8.79810497780534,7.7268228750669e-15,3.24770053070301e-13,23.1757603068471,"SFT2D3","84826","SFT2 domain containing 3","Up"
-1.13267943407712,2.71213359348503,-8.79342602599962,7.9306841533148e-15,3.32639827789034e-13,23.150099366538,"STK31","56164","serine/threonine kinase 31","Down"
-3.66427969315142,6.53168877871225,-8.79143085570002,8.0192333816399e-15,3.35650213946589e-13,23.1391581910852,"SYP","6855","synaptophysin","Down"
-5.96066095553077,7.25791193153118,-8.78870161831044,8.14195772920631e-15,3.4007546615497e-13,23.1241924932934,"SYNGR3","9143","synaptogyrin 3","Down"
3.6106787546424,9.54632397679118,8.77678553668954,8.70005599249408e-15,3.62629208837144e-13,23.0588642520752,"TGIF1","7050","TGFB induced factor homeobox 1","Up"
1.68786373917587,11.1174895588808,8.77170612137357,8.94937887542091e-15,3.72245786196562e-13,23.0310236558638,"DHX40","79665","DEAH-box helicase 40","Up"
3.04325491398053,7.23306764884343,8.76369127389681,9.35732799302587e-15,3.88406765884789e-13,22.9871018098024,"ERI1","90459","exoribonuclease 1","Up"
-2.06029946015924,11.4110651825845,-8.75445354816845,9.85052775937786e-15,4.07255257412799e-13,22.9364907738401,"PPP3CB","5532","protein phosphatase 3 catalytic subunit beta","Down"
-4.81907892513248,5.21727936493935,-8.75442431297477,9.85212898424525e-15,4.07255257412799e-13,22.9363306229078,"PAK6","56924","p21 (RAC1) activated kinase 6","Down"
-5.21102826899777,4.01747713603574,-8.75193473538448,9.98943889727077e-15,4.12079802098343e-13,22.9226931554735,"PTPRR","5801","protein tyrosine phosphatase, receptor type R","Down"
-1.84233833940388,7.77995327369213,-8.74886045152098,1.01616284526846e-14,4.18320371302182e-13,22.9058540935218,"RAB11FIP5","26056","RAB11 family interacting protein 5","Down"
-2.35464892336359,10.3855890784331,-8.73859754293987,1.07581253020002e-14,4.41966761636794e-13,22.8496507263142,"SGTB","54557","small glutamine rich tetratricopeptide repeat containing beta","Down"
1.50065592913116,12.8285230809015,8.73598387067293,1.09155237064147e-14,4.47514104086556e-13,22.8353399382932,"ITGB1","3688","integrin subunit beta 1","Up"
-4.35000206245142,6.33204265412095,-8.73415371678476,1.10270999107514e-14,4.51163983465036e-13,22.8253198272788,"NEFH","4744","neurofilament heavy polypeptide","Down"
1.13474336724563,11.9618415751873,8.73260073001665,1.11226682136013e-14,4.54145352958208e-13,22.8168176192945,"KRTCAP2","200185","keratinocyte associated protein 2","Up"
2.69911079070934,5.91091755985556,8.73179091592845,1.11728293931087e-14,4.55264353702495e-13,22.8123842424297,"CNTLN","54875","centlein","Up"
-1.61960586778777,7.81067812237148,-8.72866662824833,1.1368471488537e-14,4.62294733884471e-13,22.7952810993805,"FLYWCH1","84256","FLYWCH-type zinc finger 1","Down"
1.56438248389112,11.090981590847,8.72263287644857,1.17560046126326e-14,4.77083943782842e-13,22.7622551413885,"OSTC","58505","oligosaccharyltransferase complex non-catalytic subunit","Up"
-1.97827433540118,8.50307829747621,-8.71839707713513,1.20358864993814e-14,4.87453403224946e-13,22.7390737573201,"STOML1","9399","stomatin like 1","Down"
-5.43882578146345,5.97042841446692,-8.71789762682807,1.20693218452864e-14,4.8782004476494e-13,22.7363405869457,"TMEM151B","441151","transmembrane protein 151B","Down"
-3.98336084538534,5.51592790816266,-8.70345435880737,1.30772441699787e-14,5.26417321799895e-13,22.6573189056377,"KLHL3","26249","kelch like family member 3","Down"
-1.15466185902091,8.93181448742793,-8.70312778103689,1.31009773406638e-14,5.26417321799895e-13,22.6555325225063,"HMOX2","3163","heme oxygenase 2","Down"
1.56002761164819,11.362004096726,8.70309715517132,1.31032051910005e-14,5.26417321799895e-13,22.655364999634,"DNAJC10","54431","DnaJ heat shock protein family (Hsp40) member C10","Up"
-1.59084335158699,9.81861636179006,-8.69252460355495,1.38952668353871e-14,5.57119446043265e-13,22.5975422660248,"CBX6","23466","chromobox 6","Down"
1.38908496763649,10.385757155858,8.68836328224089,1.42199282869477e-14,5.6886848200919e-13,22.5747883163301,"MED1","5469","mediator complex subunit 1","Up"
-2.02808070300277,9.29589972709278,-8.68804372451021,1.42451696649475e-14,5.6886848200919e-13,22.5730411010037,"KLC2","64837","kinesin light chain 2","Down"
-2.36605746733629,2.61475519722515,-8.68717651892854,1.43138938062478e-14,5.70474249764141e-13,22.5682996460704,"SYT2","127833","synaptotagmin 2","Down"
-2.9447119438814,11.5036614723529,-8.68673118031245,1.4349314028717e-14,5.70748957798294e-13,22.5658647996306,"CHN1","1123","chimerin 1","Down"
-5.42594616169468,7.95962540326769,-8.68453728077228,1.45250841387032e-14,5.76593965006023e-13,22.5538703265167,"MEG3","55384","maternally expressed 3 (non-protein coding)","Down"
1.35063291562952,12.2621632670932,8.68243037875752,1.46959004852116e-14,5.81722044764435e-13,22.5423522116866,"CAPRIN1","4076","cell cycle associated protein 1","Up"
1.80223103978211,11.1544153580045,8.6812517994311,1.47923236912862e-14,5.83727850279217e-13,22.5359094071933,"ARL6IP6","151188","ADP ribosylation factor like GTPase 6 interacting protein 6","Up"
-1.70228235139179,11.480570295274,-8.67316205484017,1.54713779425891e-14,6.09322556097204e-13,22.4916921523629,"INPP4A","3631","inositol polyphosphate-4-phosphatase type I A","Down"
2.04275436423629,9.29147679791266,8.6675522682528,1.59603891939333e-14,6.27346771322248e-13,22.4610361435441,"TTC28","23331","tetratricopeptide repeat domain 28","Up"
-5.74587907368429,5.37806099500426,-8.66552641303284,1.61407396306449e-14,6.33191721157476e-13,22.4499666268122,"MAL","4118","mal, T-cell differentiation protein","Down"
-2.72781871994898,3.38243087545065,-8.66357232326123,1.63166221486509e-14,6.38838863655692e-13,22.4392898743239,"LOC284939","284939","uncharacterized LOC284939","Down"
-2.17609300020467,9.68438083149627,-8.65709810057446,1.69130887351001e-14,6.60898762349897e-13,22.4039204495078,"SYNJ1","8867","synaptojanin 1","Down"
-5.58432627230191,5.46309422868331,-8.65282787244074,1.73183261404805e-14,6.75414719478739e-13,22.3805954275637,"SRCIN1","80725","SRC kinase signaling inhibitor 1","Down"
-2.57778593302486,7.35821952539834,-8.64966517314319,1.76246748119035e-14,6.8602503689057e-13,22.3633219106804,"PCNX2","80003","pecanex homolog 2 (Drosophila)","Down"
-1.81918063832999,8.37824242475391,-8.6492616006742,1.76641519846989e-14,6.86226580112371e-13,22.3611178615063,"FBXO33","254170","F-box protein 33","Down"
-4.88248064110776,4.93100318728882,-8.64761084243486,1.78265460026434e-14,6.8985629763034e-13,22.3521027751373,"PCSK2","5126","proprotein convertase subtilisin/kexin type 2","Down"
-3.41206033240769,6.55715093846325,-8.64669042278592,1.79177367988359e-14,6.92046641185928e-13,22.3470763917977,"MAP6D1","79929","MAP6 domain containing 1","Down"
-1.19300739066963,2.39566061355,-8.64398029603806,1.8188947315557e-14,7.01168148251155e-13,22.3322772770913,"JAZF1-AS1","100128081","JAZF1 antisense RNA 1","Down"
1.54420379384805,9.78526747742006,8.64333614314873,1.82540080908884e-14,7.02322961296933e-13,22.3287599457709,"TMEM43","79188","transmembrane protein 43","Up"
6.19513521435825,8.59379136143189,8.64277879059242,1.83104886658955e-14,7.03143851705511e-13,22.3257166336315,"RRM2","6241","ribonucleotide reductase regulatory subunit M2","Up"
-4.63930560425023,4.08196654206,-8.64175002989952,1.84151975023388e-14,7.05810069787917e-13,22.3200994252252,"WSCD2","9671","WSC domain containing 2","Down"
-2.61486618918679,8.01760220794669,-8.63723460488742,1.88818754269981e-14,7.22312966860327e-13,22.2954464876894,"AMN1","196394","antagonist of mitotic exit network 1 homolog","Down"
2.17755021612662,7.40269619768024,8.63509941270926,1.91066308558798e-14,7.29515960941961e-13,22.2837901101414,"SRBD1","55133","S1 RNA binding domain 1","Up"
-2.37609219206063,7.19828644120639,-8.63356748668823,1.92695230812019e-14,7.3433399673449e-13,22.2754275267673,"MPP2","4355","membrane palmitoylated protein 2","Down"
-2.79433590002959,5.10569892516095,-8.62437859975008,2.02760020369189e-14,7.71220480518322e-13,22.2252747082658,"CYP2E1","1571","cytochrome P450 family 2 subfamily E member 1","Down"
-2.3415453686503,7.24366622537923,-8.62315959397919,2.04133935433879e-14,7.74972987898598e-13,22.2186224382436,"VPS53","55275","VPS53, GARP complex subunit","Down"
-5.69155720078344,6.99979651681858,-8.60816647180747,2.21809334267201e-14,8.40480937629526e-13,22.1368231967791,"NRGN","4900","neurogranin","Down"
1.21649849675883,9.95516815338533,8.5967939619094,2.36224593627924e-14,8.93411237185988e-13,22.0748021932082,"TSEN34","79042","tRNA splicing endonuclease subunit 34","Up"
-1.41069297314609,2.80230779855018,-8.58420104726811,2.53276258145517e-14,9.5609398051271e-13,22.0061508872107,"KCNQ3","3786","potassium voltage-gated channel subfamily Q member 3","Down"
2.10307698831683,7.66176020502598,8.57914689990186,2.60459355149576e-14,9.81357875419505e-13,21.9786052973013,"TRMT13","54482","tRNA methyltransferase 13 homolog","Up"
-5.91840991741006,6.95223233304101,-8.57257927454493,2.70097015061134e-14,1.01575770306919e-12,21.9428175581135,"CPLX1","10815","complexin 1","Down"
-1.7529944589887,10.8203378716143,-8.56511801544217,2.81477097862816e-14,1.05459031777928e-12,21.9021691822158,"RAP1GDS1","5910","Rap1 GTPase-GDP dissociation stimulator 1","Down"
1.12384092725161,11.4239690067714,8.56437985277784,2.82628564034169e-14,1.05692517394983e-12,21.8981482422456,"FAM96A","84191","family with sequence similarity 96 member A","Up"
-4.89824934115977,9.30626762411006,-8.55624465254846,2.95633332260451e-14,1.10349553704008e-12,21.8538401081291,"SERPINI1","5274","serpin family I member 1","Down"
1.77295636047285,7.84952659466817,8.54617886659043,3.12550907535407e-14,1.16447039237633e-12,21.7990327576203,"ATP7A","538","ATPase copper transporting alpha","Up"
1.57178745251762,7.8952275062345,8.54138936707055,3.20935355321465e-14,1.19348580927817e-12,21.7729604450305,"TMEM256-PLSCR3","100529211","TMEM256-PLSCR3 readthrough (NMD candidate)","Up"
-3.65574851752584,3.75157452966106,-8.53045398350931,3.40926654270963e-14,1.26547672949892e-12,21.7134469700865,"DGCR9","25787","DiGeorge syndrome critical region gene 9 (non-protein coding)","Down"
6.32371637370453,8.65675736132462,8.5261940328099,3.49045418503896e-14,1.29321327555694e-12,21.6902687008535,"TOP2A","7153","topoisomerase (DNA) II alpha","Up"
-5.01602855537101,5.40570918444065,-8.5177533706907,3.65704215323905e-14,1.35242961848158e-12,21.6443526059734,"ZNF385B","151126","zinc finger protein 385B","Down"
-3.07236893913222,4.49834847752598,-8.51485266037375,3.71609841359856e-14,1.37173396606765e-12,21.628575985066,"MATK","4145","megakaryocyte-associated tyrosine kinase","Down"
1.79241592295615,8.7343728115345,8.50407044263366,3.94405204984829e-14,1.45319796245515e-12,21.5699456603607,"GTF2IRD2","84163","GTF2I repeat domain containing 2","Up"
-1.70790703347476,10.4546378404763,-8.50274174553788,3.97308845152253e-14,1.46120552664727e-12,21.5627220302711,"PKP4","8502","plakophilin 4","Down"
-1.58994074716792,10.8053310486347,-8.49940727578074,4.04689723251738e-14,1.48057281213528e-12,21.544595127686,"EFR3A","23167","EFR3 homolog A","Down"
-5.92560007857048,5.47892872293627,-8.49936015985321,4.04794985873943e-14,1.48057281213528e-12,21.544339009254,"CKMT1A","548596","creatine kinase, mitochondrial 1A","Down"
-3.17497023859316,3.66837855545669,-8.49836890446855,4.07015892684225e-14,1.48597937316301e-12,21.5389507143478,"PART1","25859","prostate androgen-regulated transcript 1 (non-protein coding)","Down"
-4.98261698732584,7.19208980105053,-8.48819128908054,4.30531655243031e-14,1.56666294134149e-12,21.4836369453807,"CYP46A1","10858","cytochrome P450 family 46 subfamily A member 1","Down"
-3.46997582572058,5.0950092645426,-8.48812819563822,4.30681570319299e-14,1.56666294134149e-12,21.4832940992557,"LOC100130705","100130705","uncharacterized LOC100130705","Down"
-4.38215191180171,4.83868607112402,-8.48338029840559,4.42113177512112e-14,1.60532819282846e-12,21.4574963195264,"KCNJ6","3763","potassium voltage-gated channel subfamily J member 6","Down"
-6.47428357158173,4.68083279550485,-8.48220879380684,4.44979937521715e-14,1.61281043659365e-12,21.451131543324,"ERMN","57471","ermin","Down"
4.74053232855904,7.73581327079663,8.47190771059874,4.70996758969133e-14,1.70402028150008e-12,21.3951763189106,"EZH2","2146","enhancer of zeste 2 polycomb repressive complex 2 subunit","Up"
-3.17255348161802,9.09131497459704,-8.47013028724378,4.75636490104213e-14,1.71770022698827e-12,21.3855233093184,"CBX7","23492","chromobox 7","Down"
1.46992440587791,7.88835502836467,8.4670372437016,4.83819096424968e-14,1.74410246165303e-12,21.3687266402556,"POFUT1","23509","protein O-fucosyltransferase 1","Up"
-3.11943175455141,3.40982051252917,-8.46617176775735,4.86133663092518e-14,1.74929428012446e-12,21.3640270079221,"OPRK1","4986","opioid receptor kappa 1","Down"
1.28678123736752,9.92674732177988,8.46493555693008,4.89458805399911e-14,1.75809736438708e-12,21.357314475244,"IFT52","51098","intraflagellar transport 52","Up"
-5.53676121658482,5.09212181750325,-8.45833574714276,5.07597322418376e-14,1.8199820124775e-12,21.3214826249302,"GABRA2","2555","gamma-aminobutyric acid type A receptor alpha2 subunit","Down"
-1.54728947794826,9.08330338203888,-8.45422558710126,5.19229592554728e-14,1.85835893707378e-12,21.2991715867885,"HAGH","3029","hydroxyacylglutathione hydrolase","Down"
-2.93032117910322,5.65043671188994,-8.44711797652624,5.39973920765521e-14,1.92571447999212e-12,21.2605967571674,"NOS1AP","9722","nitric oxide synthase 1 adaptor protein","Down"
-1.69131457611625,9.11409336907112,-8.44163816290078,5.56528170170112e-14,1.98122048053264e-12,21.2308626146656,"AMPD2","271","adenosine monophosphate deaminase 2","Down"
-5.094493277019,5.3918978658403,-8.43385137537458,5.80923253965157e-14,2.06397550915731e-12,21.1886198858382,"WBSCR17","64409","Williams-Beuren syndrome chromosome region 17","Down"
-6.94592893693912,4.24372924947491,-8.43356592793073,5.81837450474694e-14,2.06397550915731e-12,21.1870715639385,"RBFOX3","146713","RNA binding protein, fox-1 homolog 3","Down"
2.09181386615082,6.54029234976178,8.43105494947606,5.89941196863648e-14,2.08901832312407e-12,21.1734521704393,"UTP15","84135","UTP15, small subunit processome component","Up"
-2.10410624119415,6.85925033012112,-8.43012114518952,5.92983432341095e-14,2.09608118919581e-12,21.1683875651792,"FBXL15","79176","F-box and leucine rich repeat protein 15","Down"
-3.77540589747357,3.63284541156728,-8.42854602928711,5.98150381283026e-14,2.11061634538439e-12,21.1598450846082,"RAB3B","5865","RAB3B, member RAS oncogene family","Down"
-4.71358384822519,6.12152180476538,-8.4267832126164,6.03986158394426e-14,2.12745617447135e-12,21.1502851630688,"RIMBP2","23504","RIMS binding protein 2","Down"
-4.78813431018455,5.17261932715225,-8.4174792146569,6.3573774675858e-14,2.23536117739876e-12,21.0998380830766,"KSR2","283455","kinase suppressor of ras 2","Down"
-6.71926292473485,5.36879790912385,-8.41434807995876,6.46792258737023e-14,2.27024082816695e-12,21.0828643558352,"CELF4","56853","CUGBP, Elav-like family member 4","Down"
-1.6621792318169,4.69486463294467,-8.41209116802307,6.54878643953451e-14,2.29459842899767e-12,21.0706308601753,"HCN2","610","hyperpolarization activated cyclic nucleotide gated potassium channel 2","Down"
-7.37759219403196,6.45265635166059,-8.40914416816428,6.65589075011877e-14,2.32804906009836e-12,21.0546581775878,"ETNPPL","64850","ethanolamine-phosphate phospho-lyase","Down"
2.99878448341216,9.18258465209402,8.40481253484705,6.81648648259244e-14,2.38006012316278e-12,21.0311837020401,"LIMD1","8994","LIM domains containing 1","Up"
2.50089019096055,10.5657266901651,8.4037911879317,6.85491086819272e-14,2.38930665052146e-12,21.0256492061643,"SMC4","10051","structural maintenance of chromosomes 4","Up"
-2.4430512519601,5.63202635374775,-8.40184380693159,6.92877158272626e-14,2.41085100966268e-12,21.0150972294839,"MROH1","727957","maestro heat like repeat family member 1","Down"
2.15725420995332,8.67954772268521,8.40126352141532,6.95093341581613e-14,2.41436327864988e-12,21.0119530598126,"SLC25A13","10165","solute carrier family 25 member 13","Up"
-5.88033546526023,6.08763559888,-8.39949643799318,7.01885556131393e-14,2.42994329747223e-12,21.0023788274632,"PCLO","27445","piccolo presynaptic cytomatrix protein","Down"
1.49815531855555,13.116344891771,8.39946476210964,7.02007910200904e-14,2.42994329747223e-12,21.0022072096513,"RPLP0","6175","ribosomal protein lateral stalk subunit P0","Up"
-2.49579146736016,8.45352649943621,-8.39605319972548,7.15310610814236e-14,2.47171319353375e-12,20.9837246769805,"LMTK2","22853","lemur tyrosine kinase 2","Down"
-5.26290604707699,3.40668987000408,-8.39323426723184,7.26491346257632e-14,2.50601937320284e-12,20.9684544065926,"CRH","1392","corticotropin releasing hormone","Down"
-1.27930289475017,12.5930089653817,-8.38010568854785,7.80895508646142e-14,2.68517941950482e-12,20.8973557576021,"NPTN","27020","neuroplastin","Down"
-7.65281778039494,5.43536125582562,-8.38005485993029,7.81113821238468e-14,2.68517941950482e-12,20.8970805541962,"GABRG2","2566","gamma-aminobutyric acid type A receptor gamma2 subunit","Down"
-4.65564698514464,3.12585676574793,-8.37973768829116,7.82477467687916e-14,2.68525329262987e-12,20.8953632900328,"NTSR2","23620","neurotensin receptor 2","Down"
1.52094148198461,10.2433995147329,8.37875194898049,7.86730677484695e-14,2.6952261411706e-12,20.8900263157299,"SNRPF","6636","small nuclear ribonucleoprotein polypeptide F","Up"
-4.26952694360618,4.12571271735976,-8.37692211839549,7.94686945872522e-14,2.71782935488402e-12,20.8801197553405,"CCDC184","387856","coiled-coil domain containing 184","Down"
1.24671248009993,9.21499130498225,8.37127672783775,8.19741192391857e-14,2.79873072289827e-12,20.8495599841613,"RFC1","5981","replication factor C subunit 1","Up"
-2.87986034436792,8.59199872911444,-8.34773020567662,9.32990519468096e-14,3.17995593236766e-12,20.722161741768,"SEPT5-GP1BB","100526833","SEPT5-GP1BB readthrough","Down"
-2.85909588912906,4.79493513748799,-8.34642020708353,9.39729053803997e-14,3.19747605092799e-12,20.7150770710631,"SLC45A1","50651","solute carrier family 45 member 1","Down"
1.10682816060585,8.34129715837367,8.33620234897423,9.93976370385335e-14,3.3763132839218e-12,20.6598284941871,"AAR2","25980","AAR2 splicing factor homolog","Up"
-2.26020961254399,6.06848962756781,-8.32903252365135,1.03388897186105e-13,3.50593502712273e-12,20.6210726464662,"TRIM3","10612","tripartite motif containing 3","Down"
1.15888097362788,13.5030899221053,8.32854736845449,1.03664654455939e-13,3.50933797241957e-12,20.6184505370003,"PPIB","5479","peptidylprolyl isomerase B","Up"
-1.52532661297318,9.85824526369752,-8.32629796276949,1.04952777022661e-13,3.54694292211552e-12,20.6062938012994,"CDS2","8760","CDP-diacylglycerol synthase 2","Down"
-4.82182768250671,3.54017032970905,-8.32529349241014,1.05533113791942e-13,3.56054132822157e-12,20.6008655321274,"SERTM1","400120","serine rich and transmembrane domain containing 1","Down"
-2.57300591062814,7.8364370239903,-8.32472591427258,1.05862443564789e-13,3.56563957643222e-12,20.5977983620961,"RNF41","10193","ring finger protein 41","Down"
1.48332922964523,9.34636281141148,8.3232722041986,1.06710606068517e-13,3.58816654724845e-12,20.5899428502982,"KCTD5","54442","potassium channel tetramerization domain containing 5","Up"
2.10634115625811,7.65665677552994,8.32171846443345,1.07624599345723e-13,3.61282778374141e-12,20.5815472476168,"BTN2A2","10385","butyrophilin subfamily 2 member A2","Up"
-2.71359705366937,6.82018925508101,-8.32074995674259,1.08198260268887e-13,3.6260009936342e-12,20.5763141685786,"LINC00936","338758","long intergenic non-protein coding RNA 936","Down"
-6.31324082576562,4.45880742901982,-8.31508342234303,1.11616060640462e-13,3.73374047271799e-12,20.5457001240056,"FXYD7","53822","FXYD domain containing ion transport regulator 7","Down"
-3.44749898464181,9.16345567074248,-8.31480553642888,1.11786401917233e-13,3.73374047271799e-12,20.5441989745505,"CA11","770","carbonic anhydrase 11","Down"
1.28600518415087,11.0843906069979,8.31412553286319,1.12204327866414e-13,3.74145331270558e-12,20.5405256339028,"MIR7703","102465801","microRNA 7703","Up"
-3.76961298297002,6.70696155122402,-8.31376563199873,1.12426148814172e-13,3.74261224513334e-12,20.5385815057686,"SMIM17","147670","small integral membrane protein 17","Down"
2.12025990133577,7.54877089535722,8.3121923940392,1.13400925087162e-13,3.76879120966588e-12,20.530083412403,"C7orf49","78996","chromosome 7 open reading frame 49","Up"
4.18043906799901,7.37252899421746,8.31118872873125,1.14027179245961e-13,3.78331969348914e-12,20.5246622039803,"MIR7110","102465667","microRNA 7110","Up"
-3.43163406922544,3.54804304953142,-8.3103623445856,1.14545395284612e-13,3.79422139645567e-12,20.5201987091634,"GPR83","10888","G protein-coupled receptor 83","Down"
-4.37948621504938,8.80228621092302,-8.3070786004703,1.16627827929435e-13,3.85681479898217e-12,20.5024637334943,"ATP2B2","491","ATPase plasma membrane Ca2+ transporting 2","Down"
1.32677045971617,10.3694453557386,8.30484240619431,1.18067436623255e-13,3.89797888534894e-12,20.490387594304,"ROMO1","140823","reactive oxygen species modulator 1","Up"
-1.21286222165306,9.29640684100396,-8.30293887493241,1.19306791780983e-13,3.93240689153564e-12,20.4801086971268,"PPP2R5B","5526","protein phosphatase 2 regulatory subunit B'beta","Down"
1.82791728363819,9.0667585043803,8.29957690301851,1.21527379547546e-13,3.99244381380582e-12,20.4619560591398,"XRN2","22803","5'-3' exoribonuclease 2","Up"
-1.86712284060776,2.85923907547728,-8.29827846515209,1.22395953900317e-13,4.01438663882566e-12,20.4549458552462,"CFC1B","653275","cripto, FRL-1, cryptic family 1B","Down"
1.99182844594266,8.66476115422828,8.29023942700023,1.27912611622465e-13,4.1884576444037e-12,20.4115507335022,"RRP15","51018","ribosomal RNA processing 15 homolog","Up"
-5.75711374133715,5.70926085368828,-8.28852330987977,1.29121902632692e-13,4.22114690518345e-12,20.4022886711973,"ATP8A2","51761","ATPase phospholipid transporting 8A2","Down"
1.71284776395555,9.06467593579373,8.28134554573242,1.34304205591187e-13,4.37282483542425e-12,20.3635557337857,"COMMD4","54939","COMM domain containing 4","Up"
-1.6881475576718,7.47035700211905,-8.28133589914823,1.343113076296e-13,4.37282483542425e-12,20.3635036852471,"MEF2D","4209","myocyte enhancer factor 2D","Down"
-5.52993936425023,4.20210262661266,-8.28119196770652,1.34417317628126e-13,4.37282483542425e-12,20.3627270994323,"CHD5","26038","chromodomain helicase DNA binding protein 5","Down"
-1.54324297626037,8.69592295496686,-8.27984571104283,1.35412912958592e-13,4.39806193110803e-12,20.3554635322002,"AP3M2","10947","adaptor related protein complex 3 mu 2 subunit","Down"
-1.64053881623018,11.1543962240674,-8.27897781183225,1.36058631037996e-13,4.4118720116324e-12,20.3507810727786,"PI4KAP1","728233","phosphatidylinositol 4-kinase alpha pseudogene 1","Down"
-2.97682312866582,6.12629212214515,-8.26930711838076,1.43463985897038e-13,4.6444724366376e-12,20.2986160342298,"RND1","27289","Rho family GTPase 1","Down"
-2.39217667509501,3.96957899026479,-8.26801439353819,1.4448377516222e-13,4.66993035487969e-12,20.2916442861271,"ZFYVE28","57732","zinc finger FYVE-type containing 28","Down"
2.30509115563563,8.19762704103183,8.2641103058601,1.47607521989831e-13,4.7631995039525e-12,20.270591278974,"PARD6G","84552","par-6 family cell polarity regulator gamma","Up"
1.82718438597159,8.62011280093834,8.2635767777592,1.4803959003427e-13,4.76944940066931e-12,20.2677144316386,"B4GALT4","8702","beta-1,4-galactosyltransferase 4","Up"
-2.28860514460908,5.69603313145834,-8.26050532933745,1.50551503999165e-13,4.83480568300368e-12,20.251153901729,"FAAH","2166","fatty acid amide hydrolase","Down"
1.97066564584878,9.78888388392544,8.25631014343514,1.54051010895424e-13,4.93926053683453e-12,20.2285374399929,"ZNF559","84527","zinc finger protein 559","Up"
1.15092090297712,12.7819203069469,8.2498018613351,1.59640671632261e-13,5.11028946775462e-12,20.1934578216793,"HNRNPDL","9987","heterogeneous nuclear ribonucleoprotein D like","Up"
-4.95217253014958,8.8517142436997,-8.24928501111261,1.60093113621998e-13,5.11658614095098e-12,20.1906723590855,"DNM1","1759","dynamin 1","Down"
-3.89831325126621,7.58385479357047,-8.24541855900734,1.635184071004e-13,5.21476869712142e-12,20.1698365514654,"APBA1","320","amyloid beta precursor protein binding family A member 1","Down"
1.22723185296081,10.6852714835594,8.24523095374276,1.63686446833221e-13,5.21476869712142e-12,20.1688256463259,"FAM35A","54537","family with sequence similarity 35 member A","Up"
1.83139171402156,9.52532881554959,8.2444350116325,1.64401289945803e-13,5.22921559291842e-12,20.1645368144909,"MRPL42","28977","mitochondrial ribosomal protein L42","Up"
-2.18014347517088,2.44010901152314,-8.24094953053489,1.67568347752186e-13,5.32149195790157e-12,20.145757225513,"SLC7A10","56301","solute carrier family 7 member 10","Down"
-3.09460565169652,3.01674000236781,-8.23803602386351,1.7026215206131e-13,5.39847048540513e-12,20.1300612535185,"SH2D5","400745","SH2 domain containing 5","Down"
1.48956633801525,7.71615356961314,8.23193019443905,1.76047938714487e-13,5.57308719914676e-12,20.0971727115662,"NUBP1","4682","nucleotide binding protein 1","Up"
2.62569640181104,11.0383428615578,8.22689877926329,1.80962138888325e-13,5.71960428552721e-12,20.0700769917288,"CDK4","1019","cyclin dependent kinase 4","Up"
-2.64018726386648,10.9817364045853,-8.22587338463658,1.81980242073019e-13,5.73733662022654e-12,20.064555545442,"GABARAPL3","23766","GABA type A receptor associated protein like 3 pseudogene","Down"
-7.1257617680551,5.26348024301077,-8.22575645230888,1.82096703845847e-13,5.73733662022654e-12,20.063925912835,"JPH3","57338","junctophilin 3","Down"
-4.13015028744319,4.13367838794728,-8.21959258627192,1.88341762859873e-13,5.92476988920987e-12,20.0307398926574,"ASIC2","40","acid sensing ion channel subunit 2","Down"
-2.09124680910106,6.42241524981142,-8.21893730326297,1.89018065709615e-13,5.93671026789994e-12,20.027212320952,"NECTIN1","5818","nectin cell adhesion molecule 1","Down"
-1.57617167921236,2.33533627664497,-8.21383400160845,1.94368307494768e-13,6.09518295932262e-12,19.9997427664091,"RNF144A-AS1","386597","RNF144A antisense RNA 1","Down"
-4.27203528701545,6.40149201622101,-8.20779315772605,2.00896237490075e-13,6.29003290056953e-12,19.9672334603873,"C1QTNF4","114900","C1q and tumor necrosis factor related protein 4","Down"
3.85738522167284,7.47179931671444,8.20625546529816,2.02592411395974e-13,6.33322871062382e-12,19.95895941243,"DYX1C1","161582","dyslexia susceptibility 1 candidate 1","Up"
1.49214526321439,9.63941023711604,8.20422829430923,2.0485027433356e-13,6.39382127705387e-12,19.9480522958899,"ATF1","466","activating transcription factor 1","Up"
-4.35324119581289,7.28758250423231,-8.20167118200746,2.07734078767647e-13,6.47208256014730e-12,19.9342950322589,"RAPGEF5","9771","Rap guanine nucleotide exchange factor 5","Down"
-1.46027180796891,8.43958846521024,-8.20143307268281,2.08004652680298e-13,6.47208256014730e-12,19.9330140713034,"PPP1R12C","54776","protein phosphatase 1 regulatory subunit 12C","Down"
-2.13857458644504,6.79186388427343,-8.20042546542805,2.09153521843599e-13,6.49541252547106e-12,19.9275935554184,"SPRYD7","57213","SPRY domain containing 7","Down"
-3.00122326818718,7.08396444397237,-8.20020672304581,2.09403762629521e-13,6.49541252547106e-12,19.9264168377476,"AMIGO1","57463","adhesion molecule with Ig like domain 1","Down"
-2.53497901874346,7.85604091427704,-8.19839285901604,2.11490312794078e-13,6.54997939329894e-12,19.9166595865206,"SCAMP5","192683","secretory carrier membrane protein 5","Down"
3.06199280636883,11.2401157856107,8.17586801804895,2.39188422676491e-13,7.39635668081694e-12,19.7955481385159,"TSPAN6","7105","tetraspanin 6","Up"
1.22761320540959,13.0711896626142,8.17535855099871,2.39854896440407e-13,7.40551992759758e-12,19.7928100330712,"GNA13","10672","G protein subunit alpha 13","Up"
2.55402252001223,8.59886793046485,8.1725106828761,2.43614540681186e-13,7.51000942281739e-12,19.7775052836302,"NECAP2","55707","NECAP endocytosis associated 2","Up"
-2.25852921870849,8.98282566697657,-8.16423518424064,2.54875028047429e-13,7.84505336329985e-12,19.7330412849381,"NIPA1","123606","non imprinted in Prader-Willi/Angelman syndrome 1","Down"
1.17710926289144,12.2750317810396,8.15954366447936,2.61486902571635e-13,8.03620347119924e-12,19.7078401345366,"SSR4","6748","signal sequence receptor subunit 4","Up"
-2.08051793279941,9.52850354615686,-8.15880247082807,2.62546958867046e-13,8.05640645100151e-12,19.7038591237236,"ZBTB7A","51341","zinc finger and BTB domain containing 7A","Down"
2.06035872040526,9.09827583931266,8.15830339113599,2.63263147494894e-13,8.06601193251202e-12,19.7011785901711,"SPPL2A","84888","signal peptide peptidase like 2A","Up"
-1.78347542547331,11.2197608181864,-8.15793141016714,2.63798209178716e-13,8.0700470505177e-12,19.6991807312249,"SMIM13","221710","small integral membrane protein 13","Down"
-3.62498112815799,5.48962601829213,-8.15596078767525,2.66650848433076e-13,8.14486034290162e-12,19.6885972623713,"TMEM38A","79041","transmembrane protein 38A","Down"
-3.71732151539001,4.45427215986615,-8.15018220849016,2.75193712629454e-13,8.39298873258764e-12,19.6575673121553,"MAG","4099","myelin associated glycoprotein","Down"
1.89157952679093,11.0100680231035,8.14159998860392,2.88385606989668e-13,8.78193430600043e-12,19.6114950395871,"LBR","3930","lamin B receptor","Up"
1.47548200505523,9.33704243076746,8.1381268053667,2.93901162350028e-13,8.93629263698633e-12,19.5928541489881,"NUDT5","11164","nudix hydrolase 5","Up"
-2.21603740455694,4.70264331181177,-8.13652133141561,2.96486011796474e-13,9.00120734144468e-12,19.5842382704395,"RHOF","54509","ras homolog family member F, filopodia associated","Down"
-1.5903691894645,9.38484656306598,-8.130240507396,3.06817091563277e-13,9.30074174379771e-12,19.5505369766779,"SPRYD3","84926","SPRY domain containing 3","Down"
4.13246598309881,8.77527932060669,8.12654524025457,3.13061559084111e-13,9.47567717488019e-12,19.530712958334,"FZD6","8323","frizzled class receptor 6","Up"
4.91611006301104,8.55866438940106,8.12519101156463,3.1538148324119e-13,9.53147633716992e-12,19.523448634145,"CDCA7","83879","cell division cycle associated 7","Up"
-1.76939096193006,8.41984507181562,-8.12450712115258,3.16559534869117e-13,9.55264949340335e-12,19.5197802695388,"NCKIPSD","51517","NCK interacting protein with SH3 domain","Down"
-2.68552707665628,2.68196988869041,-8.1220912916709,3.20756079840148e-13,9.66470917072565e-12,19.5068226257492,"SLC5A11","115584","solute carrier family 5 member 11","Down"
1.90411472524785,12.5259791744065,8.11722399648675,3.29379629140093e-13,9.90962141384338e-12,19.4807199059131,"ANXA5","308","annexin A5","Up"
-4.93565526633085,8.57368637995314,-8.11160389370336,3.39623768435978e-13,1.02024815842321e-11,19.4505861455107,"NRXN3","9369","neurexin 3","Down"
-2.69367153979389,6.57403524557012,-8.10466743023778,3.52704612599224e-13,1.05628517768311e-11,19.4134034973938,"LIN7B","64130","lin-7 homolog B, crumbs cell polarity complex component","Down"
1.19306309190834,10.9346577211477,8.10440782719902,3.53203770615285e-13,1.05628517768311e-11,19.4120121018149,"ERGIC3","51614","ERGIC and golgi 3","Up"
1.28410686056121,8.41407250599444,8.09671539567078,3.68317295702899e-13,1.09983942315342e-11,19.3707893939192,"CCDC97","90324","coiled-coil domain containing 97","Up"
1.12451758611781,7.93064010574923,8.09203077427789,3.77834201748841e-13,1.12657658336648e-11,19.3456912637342,"GIN1","54826","gypsy retrotransposon integrase 1","Up"
-3.06997112672065,3.28755783295675,-8.08399168853535,3.94738319214699e-13,1.17477793415656e-11,19.3026322374114,"KCTD16","57528","potassium channel tetramerization domain containing 16","Down"
-5.15293715231552,7.51025553649237,-8.0837888261073,3.9517446378136e-13,1.17477793415656e-11,19.3015458413085,"MICAL2","9645","microtubule associated monooxygenase, calponin and LIM domain containing 2","Down"
1.49759521857817,8.46327051333397,8.08000996606225,4.03386890664555e-13,1.19741268865367e-11,19.281310383219,"ETAA1","54465","Ewing tumor associated antigen 1","Up"
1.65457267069467,9.55966217870923,8.07817859806682,4.07427679382499e-13,1.20761564168973e-11,19.2715046649072,"LSM8","51691","LSM8 homolog, U6 small nuclear RNA associated","Up"
-3.46820375523617,10.1737370723525,-8.0746450778181,4.15338103241066e-13,1.22924104016923e-11,19.2525871105986,"MAP1A","4130","microtubule associated protein 1A","Down"
2.4201602076401,10.930755680843,8.07338632166857,4.18192749169861e-13,1.2358614966974e-11,19.245848699083,"LDLRAD3","143458","low density lipoprotein receptor class A domain containing 3","Up"
-3.81798860547733,6.6079005258645,-8.07277495051833,4.19586257514163e-13,1.23815077493892e-11,19.2425760106251,"EPHB6","2051","EPH receptor B6","Down"
1.32224511840894,12.4229318462107,8.06849293122086,4.2947645007453e-13,1.26546912174391e-11,19.219656469834,"SSR1","6745","signal sequence receptor subunit 1","Up"
-7.50082583524583,4.63469652689473,-8.06799588865871,4.30639364043188e-13,1.2670296700606e-11,19.2169962998151,"SV2B","9899","synaptic vesicle glycoprotein 2B","Down"
-2.1592837317695,7.41297408552521,-8.06387557831024,4.40400712520713e-13,1.2938468510135e-11,19.1949464510069,"ABCC5","10057","ATP binding cassette subfamily C member 5","Down"
-4.70118986049803,3.5344161224003,-8.06203576698215,4.44830039620486e-13,1.30494349013007e-11,19.1851018725614,"CDH12","1010","cadherin 12","Down"
4.56054529117311,8.6715174699197,8.0598147444513,4.50236106780842e-13,1.31886878306945e-11,19.1732184531225,"IQGAP2","10788","IQ motif containing GTPase activating protein 2","Up"
3.38083475340145,7.56851782822284,8.05914340001691,4.51882994181619e-13,1.32175775798123e-11,19.16962668211,"TTC30B","150737","tetratricopeptide repeat domain 30B","Up"
2.77683278546811,8.2790475843355,8.04341673960616,4.92220895463663e-13,1.43764430007905e-11,19.0855149841893,"N4BP2","55728","NEDD4 binding protein 2","Up"
-2.08916793026746,10.3010052020232,-8.04298177590234,4.93385949162088e-13,1.43894645552273e-11,19.0831894044735,"OSBPL1A","114876","oxysterol binding protein like 1A","Down"
-2.84183247056575,8.46185169421982,-8.03085393710804,5.26996494885531e-13,1.53473346043302e-11,19.0183631364683,"TUBA4A","7277","tubulin alpha 4a","Down"
-1.70465830551098,3.47825960545669,-8.02342327917921,5.48702727595425e-13,1.59562434171536e-11,18.9786602460606,"FCHO1","23149","FCH domain only 1","Down"
2.23741757212859,8.36818157547077,8.00931096127414,5.92400349504798e-13,1.72019648658091e-11,18.9032896522613,"C2orf68","388969","chromosome 2 open reading frame 68","Up"
-1.46333109668134,10.1227593245933,-8.00834952638491,5.95500057124308e-13,1.72669125259218e-11,18.8981564408354,"ATP6V1H","51606","ATPase H+ transporting V1 subunit H","Down"
-1.2990508955716,3.63950129972876,-8.00796620567493,5.96740385242848e-13,1.72778363061558e-11,18.896109904086,"C1orf64","149563","chromosome 1 open reading frame 64","Down"
-2.14493944269895,4.92469010564136,-8.00412380919654,6.09316006713763e-13,1.76164528126044e-11,18.8755972588881,"LOC100288893","100288893","uncharacterized LOC100288893","Down"
-2.23088196262932,8.42680324252118,-8.00359451750169,6.11068799306036e-13,1.76220762293819e-11,18.8727718879971,"LSM11","134353","LSM11, U7 small nuclear RNA associated","Down"
-6.23334083126332,6.19863975249852,-8.00353322429659,6.11272099924579e-13,1.76220762293819e-11,18.8724447074816,"SYT13","57586","synaptotagmin 13","Down"
1.52134900765937,11.1768521596183,8.00175579589397,6.1719687165107e-13,1.77417497286249e-11,18.8629572301472,"ILF2","3608","interleukin enhancer binding factor 2","Up"
1.21965776606499,12.5212725476414,7.99980886264233,6.23752110629489e-13,1.79044597953575e-11,18.8525657759294,"SSBP1","6742","single stranded DNA binding protein 1","Up"
-1.32784386898356,12.5286752268556,-7.99687461007364,6.33762434055457e-13,1.81657378483489e-11,18.8369062366694,"REEP5","7905","receptor accessory protein 5","Down"
-3.20177532779231,3.33520357342006,-7.99575473477469,6.37624850007083e-13,1.82503009643658e-11,18.8309301793246,"FAM71E1","112703","family with sequence similarity 71 member E1","Down"
2.92159299332787,7.63198101087911,7.99511660106175,6.39836197788683e-13,1.82874325845117e-11,18.8275249921732,"MOV10","4343","Mov10 RISC complex RNA helicase","Up"
1.61360919753667,10.0606063682718,7.99433263320289,6.42563336133262e-13,1.83391792667877e-11,18.8233417329861,"TMEM248","55069","transmembrane protein 248","Up"
1.83134109987842,10.928963656206,7.99101896493381,6.54218438637329e-13,1.86452255011639e-11,18.8056614712237,"DHFR","1719","dihydrofolate reductase","Up"
-3.85692537083945,9.06450757768237,-7.9889788460965,6.61498253909293e-13,1.88258827396347e-11,18.7947775114248,"RAB6B","51560","RAB6B, member RAS oncogene family","Down"
2.01799367539033,9.00158798525663,7.98618352106333,6.71603657457513e-13,1.90863272368643e-11,18.7798660506537,"CD276","80381","CD276 molecule","Up"
-1.4073148046764,2.22889825338118,-7.9782347000696,7.01184802140301e-13,1.98987295552071e-11,18.7374731087805,"LOC100130331","100130331","POTE ankyrin domain family, member F pseudogene","Down"
-2.6995391340428,3.01308014746917,-7.97794307253381,7.02294336564413e-13,1.99019869570031e-11,18.7359180571554,"S1PR5","53637","sphingosine-1-phosphate receptor 5","Down"
-2.61674682299356,6.85235168791112,-7.97376338311055,7.18389353258012e-13,2.03293009768501e-11,18.7136326914562,"PPP1R13B","23368","protein phosphatase 1 regulatory subunit 13B","Down"
-1.53429727720869,11.2663669835654,-7.97006213573181,7.3294741929337e-13,2.07119760138453e-11,18.6939015442056,"LANCL1","10314","LanC like 1","Down"
-1.39699225123051,9.7211098760103,-7.96535961224089,7.51866949266598e-13,2.12166460563848e-11,18.668837059684,"MEF2A","4205","myocyte enhancer factor 2A","Down"
-1.18461108916673,4.31996495981917,-7.96309961041391,7.61131265750649e-13,2.14478214561595e-11,18.6567929923757,"SPTSSB","165679","serine palmitoyltransferase small subunit B","Down"
3.97357052783064,7.76403756957953,7.962462943409,7.63761522889381e-13,2.14916691820645e-11,18.6534002544696,"TNFAIP3","7128","TNF alpha induced protein 3","Up"
-4.17295738720605,4.59092017674947,-7.9600355275939,7.73872938035521e-13,2.17456121787594e-11,18.640465619416,"HPCA","3208","hippocalcin","Down"
-1.61865339683932,11.003418296892,-7.9587311714769,7.79361017667402e-13,2.18691106317976e-11,18.633515822731,"STMN3","50861","stathmin 3","Down"
-1.19162694373064,9.52280278131106,-7.95736571598763,7.85147570623346e-13,2.20006266743155e-11,18.6262408885978,"CDC42BPA","8476","CDC42 binding protein kinase alpha","Down"
-4.70617045155036,4.19460942269107,-7.95436546794531,7.98012327210339e-13,2.23298358468493e-11,18.6102575043129,"TTC9B","148014","tetratricopeptide repeat domain 9B","Down"
2.37339149916567,9.90327470093077,7.95317402736028,8.03178959129719e-13,2.24430187643971e-11,18.6039108390853,"RUVBL1","8607","RuvB like AAA ATPase 1","Up"
1.40670587188731,9.5549182675755,7.94774449374577,8.27147559120166e-13,2.3080531681056e-11,18.5749923887009,"BLOC1S4","55330","biogenesis of lysosomal organelles complex 1 subunit 4","Up"
1.43064079788967,11.2943161328333,7.94623361692288,8.33942682055015e-13,2.32249377710674e-11,18.5669464294325,"ARFGAP3","26286","ADP ribosylation factor GTPase activating protein 3","Up"
1.57682683427488,8.77030331520243,7.9460782914397,8.34644387334308e-13,2.32249377710674e-11,18.5661192948676,"TMEM189-UBE2V1","387522","TMEM189-UBE2V1 readthrough","Up"
-2.90500524321788,4.29091308434,-7.94558218401601,8.36889552340153e-13,2.3255068435652e-11,18.5634774750541,"SEMA3G","56920","semaphorin 3G","Down"
-2.10531487641184,10.4384973705015,-7.93096242007418,9.05812640885174e-13,2.51353585384045e-11,18.4856507899565,"NCOA7","135112","nuclear receptor coactivator 7","Down"
-1.8450332574459,10.8602778881093,-7.93006677079243,9.10213662088684e-13,2.52224996362996e-11,18.4808844741746,"KLHL2","11275","kelch like family member 2","Down"
-1.2306849406069,9.77594314615911,-7.92734750809007,9.23705981619819e-13,2.5560975898019e-11,18.4664146748692,"R3HDM2","22864","R3H domain containing 2","Down"
2.15218421408231,7.99507739538178,7.92283224864265,9.46549473465523e-13,2.61569272315259e-11,18.4423916911243,"ZNF678","339500","zinc finger protein 678","Up"
1.34313215329099,9.51556531468911,7.92235687546931,9.48986856589807e-13,2.61881103997135e-11,18.4398627858594,"MED14","9282","mediator complex subunit 14","Up"
4.10639691406699,8.58860881771,7.92032424003074,9.59479262912588e-13,2.64411867948928e-11,18.4290500879791,"NT5DC2","64943","5'-nucleotidase domain containing 2","Up"
2.91806810947034,7.3821124895245,7.91219581504176,1.00260144067735e-12,2.7591536483675e-11,18.3858199757167,"IKBIP","121457","IKBKB interacting protein","Up"
1.55632276918191,11.5935804148549,7.90323584919061,1.0523665699738e-12,2.88816158648365e-11,18.3381849143161,"TMX1","81542","thioredoxin related transmembrane protein 1","Up"
-6.40806235524405,5.43218536925195,-7.90137591031818,1.06300028229369e-12,2.91334885586984e-11,18.32829898035,"RPH3A","22895","rabphilin 3A","Down"
1.353140698504,9.94614649488024,7.88725550424969,1.14728504911802e-12,3.14004541418664e-11,18.2532722558395,"TMEM251","26175","transmembrane protein 251","Up"
-1.25751736792723,11.3206045354691,-7.88696766152013,1.14907043439413e-12,3.14063554384198e-11,18.2517433235159,"TRIM37","4591","tripartite motif containing 37","Down"
5.36181103428388,9.0182241942413,7.88548086654762,1.15833649146292e-12,3.16164231714852e-11,18.2438462293659,"LOC728613","728613","programmed cell death 6 pseudogene","Up"
-4.22208846311493,4.19869921321669,-7.88252637632782,1.17697023750642e-12,3.20812582313227e-11,18.2281550062081,"IL1RAPL1","11141","interleukin 1 receptor accessory protein like 1","Down"
-1.46651438837831,7.19175363934828,-7.87752604352442,1.20918718060125e-12,3.2914568601754e-11,18.2016029696832,"FBXL18","80028","F-box and leucine rich repeat protein 18","Down"
1.6268750551,9.75163281325568,7.87616245950871,1.21812356439012e-12,3.31127692292842e-11,18.1943632710443,"LSM2","57819","LSM2 homolog, U6 small nuclear RNA and mRNA degradation associated","Up"
1.60221702728441,9.90878336018675,7.87518782960958,1.22455103585967e-12,3.32423237102367e-11,18.1891889172167,"MIS12","79003","MIS12, kinetochore complex component","Up"
-2.59794079949474,9.09270587660562,-7.86188845476806,1.31569541215623e-12,3.56199162530579e-11,18.1186040152893,"LOC285812","285812","uncharacterized LOC285812","Down"
2.14631747088579,8.63822405886231,7.85962629668119,1.33185509262686e-12,3.60086822137643e-11,18.1066019743669,"DBR1","51163","debranching RNA lariats 1","Up"
-3.85424633803794,7.78288005490136,-7.85576272641784,1.35991115932317e-12,3.67176013017257e-11,18.0861062927718,"PPM1H","57460","protein phosphatase, Mg2+/Mn2+ dependent 1H","Down"
-1.33166814514261,9.34714188216396,-7.85290617427699,1.38103095909454e-12,3.72375827474454e-11,18.0709549427415,"C12orf76","400073","chromosome 12 open reading frame 76","Down"
1.50348661249507,10.2445058617012,7.85196503169681,1.38806029330323e-12,3.73767460136173e-11,18.0659634760605,"RBM7","10179","RNA binding motif protein 7","Up"
-1.76790053860625,8.5214423679461,-7.8515259195648,1.39135213028815e-12,3.74109889208609e-11,18.0636346613051,"EPT1","85465","ethanolaminephosphotransferase 1","Down"
-1.07084794313373,10.645201768298,-7.85129694034132,1.3930717621853e-12,3.74109889208609e-11,18.0624202964965,"PITHD1","57095","PITH domain containing 1","Down"
1.4126376528234,9.79015335878899,7.8426071886631,1.45991411756615e-12,3.90893724712795e-11,18.0163443004789,"TMEM209","84928","transmembrane protein 209","Up"
1.13960819161472,12.7999076404059,7.8424145989962,1.46143102956551e-12,3.90893724712795e-11,18.0153233260944,"LOC101929240","101929240","U5 small nuclear ribonucleoprotein 200 kDa helicase pseudogene","Up"
-5.07628683018153,3.75481537810349,-7.83998863378376,1.48067335262722e-12,3.95511772576939e-11,18.0024633196979,"GABRD","2563","gamma-aminobutyric acid type A receptor delta subunit","Down"
3.25668818007816,9.02856470158337,7.83486729764849,1.52212434512068e-12,4.06041890304392e-11,17.9753197450952,"ZNF217","7764","zinc finger protein 217","Up"
-1.42926963276537,8.3247685630739,-7.83258774191947,1.5409429659114e-12,4.10514592796129e-11,17.9632398705945,"LOC101060443","101060443","uncharacterized LOC101060443","Down"
-1.07349201905576,9.6218071252297,-7.82145915684788,1.63618076277383e-12,4.35306762244894e-11,17.9042846628148,"COL4A3BP","10087","collagen type IV alpha 3 binding protein","Down"
-3.24177320370323,8.11354342479254,-7.82066979204707,1.64315377353601e-12,4.36581375127954e-11,17.9001040091795,"ELOVL4","6785","ELOVL fatty acid elongase 4","Down"
-1.61418105198429,4.06898680797805,-7.81852331968406,1.66226452520656e-12,4.41073293843601e-11,17.8887365566472,"HRH3","11255","histamine receptor H3","Down"
-1.29907786712387,8.27783730139326,-7.81465393501635,1.69727371257009e-12,4.49766293607811e-11,17.8682475395497,"PLEKHM2","23207","pleckstrin homology and RUN domain containing M2","Down"
-1.70950199394222,9.10308291606562,-7.81299457230481,1.71251042669662e-12,4.53203652207927e-11,17.8594620371943,"UROS","7390","uroporphyrinogen III synthase","Down"
1.47948661148757,8.94361645608379,7.80540202214996,1.78397665091623e-12,4.71493009972009e-11,17.8192716218979,"DDX20","11218","DEAD-box helicase 20","Up"
-1.79567599450704,8.71169498589101,-7.80059372120272,1.83075795807526e-12,4.82582008790668e-11,17.7938264743546,"MTMR9","66036","myotubularin related protein 9","Down"
-4.27083465682196,3.25313391606911,-7.79933600075473,1.84319419597216e-12,4.85220872089672e-11,17.7871716300123,"LOC101930006","101930006","putative protein FRMPD2-like","Down"
1.0104795048472,11.8210279659205,7.79831427707807,1.85335858941932e-12,4.87255522976509e-11,17.7817657694898,"DAD1","1603","defender against cell death 1","Up"
1.55916287531479,6.79430536099752,7.79512814446748,1.88541359412653e-12,4.95032411780703e-11,17.7649097959789,"IRAK4","51135","interleukin 1 receptor associated kinase 4","Up"
-2.35135013010092,9.20764453047663,-7.79434642821083,1.89336194169101e-12,4.96467789874339e-11,17.7607745620679,"CAMK2G","818","calcium/calmodulin dependent protein kinase II gamma","Down"
-2.24348173873774,9.26486651300527,-7.79221106612307,1.91524375153694e-12,5.01445084980978e-11,17.7494793672462,"FAM126B","285172","family with sequence similarity 126 member B","Down"
1.84110311285884,8.18481716808243,7.79200618605488,1.91735637532088e-12,5.01445084980978e-11,17.7483956927773,"MIR4707","100616424","microRNA 4707","Up"
-4.4193844859808,3.76843708887882,-7.79127813983404,1.92488235707117e-12,5.02756152975493e-11,17.7445449112137,"PTPRT","11122","protein tyrosine phosphatase, receptor type T","Down"
-2.56980304889908,6.66733623550266,-7.78645928092855,1.97544035234717e-12,5.15288593603778e-11,17.7190602186839,"LINC00957","255031","long intergenic non-protein coding RNA 957","Down"
-4.95689225515082,5.58037133120982,-7.7832852780338,2.00945844014928e-12,5.22798894825315e-11,17.7022774535283,"STUM","375057","stum, mechanosensory transduction mediator homolog","Down"
-3.5968975251478,3.34087059226047,-7.76934785044719,2.16584717604647e-12,5.62754603261841e-11,17.6286110997874,"LHX6","26468","LIM homeobox 6","Down"
-3.29910570930211,7.97084388995059,-7.76869102688792,2.17350801098745e-12,5.64012643006821e-11,17.6251406147015,"RAP1GAP2","23108","RAP1 GTPase activating protein 2","Down"
-1.08470991365688,11.4725819923952,-7.76687701277687,2.1948056140696e-12,5.68538761205926e-11,17.6155563787074,"SERINC3","10955","serine incorporator 3","Down"
-1.45577812878765,13.3090432089669,-7.76672213876739,2.19663349033928e-12,5.68538761205926e-11,17.6147381480433,"YWHAG","7532","tyrosine 3-monooxygenase/tryptophan 5-monooxygenase activation protein gamma","Down"
-3.42453733786668,8.84913631747858,-7.76524298329693,2.21416725634783e-12,5.72336489635026e-11,17.6069237642905,"ITPR1","3708","inositol 1,4,5-trisphosphate receptor type 1","Down"
-1.24124751700337,10.0272488570212,-7.75976572484779,2.28031160554037e-12,5.87914874897503e-11,17.5779920154348,"BRMS1L","84312","breast cancer metastasis-suppressor 1-like","Down"
-4.77274811631551,6.23906465564325,-7.75728407785448,2.31092210148266e-12,5.95040134933893e-11,17.5648859637828,"PITPNM3","83394","PITPNM family member 3","Down"
-1.56592292648968,2.38854962205692,-7.75539700626642,2.33447117298523e-12,6.00331166554184e-11,17.5549209822128,"SMPX","23676","small muscle protein, X-linked","Down"
-5.65809449895162,7.61951849253527,-7.75481693343654,2.34175771626861e-12,6.01431920788011e-11,17.5518579897753,"RBFOX1","54715","RNA binding protein, fox-1 homolog 1","Down"
-5.85494326286279,6.11891459466491,-7.75161472821321,2.38238990271922e-12,6.11083010047481e-11,17.534950675383,"SPOCK3","50859","sparc/osteonectin, cwcv and kazal-like domains proteoglycan (testican) 3","Down"
-3.93026093404182,3.73961156678544,-7.75060222612272,2.39538229647821e-12,6.13628855385910e-11,17.5296052891125,"HS3ST2","9956","heparan sulfate-glucosamine 3-sulfotransferase 2","Down"
-4.187329542043,7.59105418234888,-7.74708927769449,2.4410077007103e-12,6.24517149208581e-11,17.5110610308179,"ERC2","26059","ELKS/RAB6-interacting/CAST family member 2","Down"
-1.55233222409073,5.06048941488994,-7.74310867563329,2.49374942265397e-12,6.3719597316779e-11,17.4900517557957,"MIR1909","100302210","microRNA 1909","Down"
-2.22625597855096,7.73320981978639,-7.74162852306888,2.51364796699698e-12,6.41431397383823e-11,17.4822406274929,"DUSP7","1849","dual specificity phosphatase 7","Down"
-2.02766823280494,7.91411532598562,-7.74139976032556,2.51673737664968e-12,6.41431397383823e-11,17.4810334382553,"TTBK2","146057","tau tubulin kinase 2","Down"
1.95733647172379,8.66969147723544,7.74035593321717,2.53088198996224e-12,6.44215724849548e-11,17.4755252878063,"GTF2H2C","728340","GTF2H2 family member C","Up"
-5.45082963896667,6.32252117429864,-7.73759477645074,2.56867897650823e-12,6.53005848576876e-11,17.4609562830688,"NRSN1","140767","neurensin 1","Down"
-6.45764619470546,8.28074029077101,-7.73692215842741,2.57797081428858e-12,6.54536320830858e-11,17.4574075556632,"SYT1","6857","synaptotagmin 1","Down"
4.52001503459264,7.01549215088485,7.7335986169274,2.62437532261226e-12,6.64631355436753e-11,17.4398742079042,"NDC80","10403","NDC80, kinetochore complex component","Up"
1.96196044548553,8.76909834853876,7.7330605099478,2.63196611033148e-12,6.65711074202301e-11,17.4370356791411,"DIDO1","11083","death inducer-obliterator 1","Up"
-1.81027829988915,3.58569984001219,-7.72674463371573,2.72270535095001e-12,6.87792499450213e-11,17.4037245891148,"SYCE1","93426","synaptonemal complex central element protein 1","Down"
1.36489109332064,10.4733738837442,7.72438364550559,2.75741630016591e-12,6.95682571468088e-11,17.3912748279749,"ABL1","25","ABL proto-oncogene 1, non-receptor tyrosine kinase","Up"
-2.10375467693761,6.67981446862834,-7.72119404944655,2.80500730621324e-12,7.06798251579449e-11,17.3744579073377,"NAGPA","51172","N-acetylglucosamine-1-phosphodiester alpha-N-acetylglucosaminidase","Down"
1.01287078376193,12.4928196237579,7.72016905926231,2.82047316484103e-12,7.0980134099339e-11,17.3690542522705,"GTF3C6","112495","general transcription factor IIIC subunit 6","Up"
2.02077751550394,10.1956101033524,7.71383981716337,2.91786490956446e-12,7.33388482985629e-11,17.3356928198535,"PGM2","55276","phosphoglucomutase 2","Up"
1.39636759972445,8.81579971450882,7.69849269024245,3.16808981153764e-12,7.92299660742919e-11,17.2548393857244,"TMEM267","64417","transmembrane protein 267","Up"
1.58923433476594,9.74720444003373,7.69484011630465,3.23071106880344e-12,8.06951764713488e-11,17.2356051281524,"TRIM4","89122","tripartite motif containing 4","Up"
-2.01120556860211,3.89931282781373,-7.693885654344,3.24727607633685e-12,8.10077960838794e-11,17.2305795315953,"KCNC3","3748","potassium voltage-gated channel subfamily C member 3","Down"
1.29144436535338,9.53400326787544,7.68961006964785,3.32252011621691e-12,8.27816437922187e-11,17.208069784518,"MITD1","129531","microtubule interacting and trafficking domain containing 1","Up"
2.37924347881104,5.8499007498613,7.68895677292759,3.33416847163973e-12,8.29685430498706e-11,17.2046307641992,"C14orf93","60686","chromosome 14 open reading frame 93","Up"
-1.91202796927502,6.79878686730988,-7.68823939670033,3.34700602976511e-12,8.31845337111933e-11,17.200854545872,"SYNGAP1","8831","synaptic Ras GTPase activating protein 1","Down"
-1.74044859886068,9.34898183236444,-7.68700148048877,3.36927411213961e-12,8.36340783642397e-11,17.1943385443969,"EFR3B","22979","EFR3 homolog B","Down"
1.88367598885615,10.2326117543776,7.6846817984285,3.41139773602116e-12,8.457476394619e-11,17.1821295013044,"PCGF2","7703","polycomb group ring finger 2","Up"
2.05934348217626,10.186147840648,7.68211965510873,3.45853148337198e-12,8.56371774601772e-11,17.168645894092,"SS18","6760","SS18, nBAF chromatin remodeling complex subunit","Up"
1.13332472413208,10.3693425861337,7.6781026445137,3.53373249784347e-12,8.7391082922564e-11,17.1475091778067,"DENND4C","55667","DENN domain containing 4C","Up"
-4.13089627963918,4.60535185953598,-7.67409331266488,3.61040636001611e-12,8.91770370923979e-11,17.1264169090917,"AKAP6","9472","A-kinase anchoring protein 6","Down"
-5.43017015066608,4.84346260308515,-7.66863864423902,3.71737601595807e-12,9.17059703468226e-11,17.0977275204516,"PDE1A","5136","phosphodiesterase 1A","Down"
4.50196496044497,6.99332779176734,7.66678044826851,3.75452944841275e-12,9.25084614216674e-11,17.0879558609545,"KIF11","3832","kinesin family member 11","Up"
-1.9111184406576,11.2609163897188,-7.6604768827174,3.88332982024255e-12,9.55643046907658e-11,17.0548139188407,"PDP1","54704","pyruvate dehyrogenase phosphatase catalytic subunit 1","Down"
-1.1552722047096,2.2390375880584,-7.65914681969689,3.91106166206945e-12,9.61285143403236e-11,17.0478221966336,"HTR1E","3354","5-hydroxytryptamine receptor 1E","Down"
-1.55444655871703,9.79981097800497,-7.65751066372191,3.94544504774069e-12,9.68546246259484e-11,17.0392220545953,"C15orf61","145853","chromosome 15 open reading frame 61","Down"
1.11112047629683,9.22525088546361,7.65654885047808,3.96579701394101e-12,9.7234927521958e-11,17.0341667830854,"PIGC","5279","phosphatidylinositol glycan anchor biosynthesis class C","Up"
1.27268457115279,11.3705248456073,7.65511573385747,3.99631502616827e-12,9.774361213759e-11,17.0266347852347,"PSMF1","9491","proteasome inhibitor subunit 1","Up"
-5.00653154209908,4.87511775557592,-7.65162346643021,4.07166098248726e-12,9.94648611436175e-11,17.008282737585,"SLC17A7","57030","solute carrier family 17 member 7","Down"
1.23865636197121,12.7292569794439,7.64907749097804,4.12747678560357e-12,1.00705400060452e-10,16.9949054552228,"SEP15","9403","15 kDa selenoprotein","Up"
-1.1416750754142,11.3015693352574,-7.64667348860783,4.18087625293746e-12,1.01884033121218e-10,16.9822756522675,"ATP6V1D","51382","ATPase H+ transporting V1 subunit D","Down"
-1.61900827587988,2.17271233544538,-7.64537768630052,4.20994312047475e-12,1.02467557191409e-10,16.9754685616687,"SYNE4","163183","spectrin repeat containing nuclear envelope family member 4","Down"
-1.78536233461092,7.54094761547621,-7.64437878061365,4.23248682504022e-12,1.02891086158663e-10,16.9702214159707,"ABHD8","79575","abhydrolase domain containing 8","Down"
1.30743055158843,10.7499678495053,7.64232582462581,4.27919523884536e-12,1.03900314494635e-10,16.9594382535717,"RPN1","6184","ribophorin I","Up"
2.86923191709539,8.20231893150775,7.6387199186046,4.36247656715554e-12,1.0579402264131e-10,16.9405008133477,"GLYR1","84656","glyoxylate reductase 1 homolog","Up"
-2.75622926049375,6.78100349308935,-7.63591039530634,4.42847693340566e-12,1.07264573857926e-10,16.9257481029855,"MIR600","693185","microRNA 600","Down"
2.43650610438671,9.89211883549006,7.63437257122366,4.46502125948839e-12,1.08018960506148e-10,16.9176738953934,"DDAH2","23564","dimethylarginine dimethylaminohydrolase 2","Up"
-1.19005916652505,2.84539621538485,-7.63156676682026,4.53246956183065e-12,1.09518259086408e-10,16.9029438287086,"LINC01260","79015","long intergenic non-protein coding RNA 1260","Down"
-2.24862537741243,5.7378145763874,-7.63089301057815,4.54881572082236e-12,1.09780646714708e-10,16.8994070059271,"MFSD2B","388931","major facilitator superfamily domain containing 2B","Down"
-1.58280749623782,12.4756661619185,-7.6301866630787,4.56601534590611e-12,1.10062974729571e-10,16.8956992230405,"PRKACB","5567","protein kinase cAMP-activated catalytic subunit beta","Down"
-2.03989978457528,10.4490761002396,-7.62944422984972,4.58416317037449e-12,1.10367451925009e-10,16.8918021554435,"R3HDM1","23518","R3H domain containing 1","Down"
1.22379428016054,9.70673261282793,7.62410302009742,4.71684712528086e-12,1.13425433215738e-10,16.8637700531894,"SGPL1","8879","sphingosine-1-phosphate lyase 1","Up"
-2.32334898660737,11.0193613178936,-7.6205122528089,4.80818060579267e-12,1.15482916422682e-10,16.8449288576104,"CYFIP2","26999","cytoplasmic FMR1 interacting protein 2","Down"
-2.21384055416384,2.78688687516911,-7.61707936364595,4.89713709312143e-12,1.17478443431751e-10,16.8269191662661,"RHEBL1","121268","Ras homolog enriched in brain like 1","Down"
-1.18570268454051,11.648114549026,-7.61590457219286,4.92795268002047e-12,1.17966783207116e-10,16.8207566483286,"AKAP11","11215","A-kinase anchoring protein 11","Down"
-2.58764412856457,4.9317002660629,-7.61585389524468,4.92928628785669e-12,1.17966783207116e-10,16.8204908239472,"NECAB2","54550","N-terminal EF-hand calcium binding protein 2","Down"
2.480139077276,5.90133234626438,7.60395859624425,5.25242878460215e-12,1.25549991270651e-10,16.7581127185438,"GBAT2","101927886","glioblastoma multiforme-associated transcript 2","Up"
1.45867419815765,10.9519016529537,7.59735757084861,5.44072059680647e-12,1.29895581122085e-10,16.7235131886964,"SYNCRIP","10492","synaptotagmin binding cytoplasmic RNA interacting protein","Up"
2.05394038881498,7.66254706377136,7.59710917384947,5.447935182285e-12,1.29912799990436e-10,16.7222114266406,"TIPIN","54962","TIMELESS interacting protein","Up"
2.28387938249559,7.49578924792177,7.59632042996923,5.47090684340305e-12,1.30305277638053e-10,16.7180780010855,"ZMYM6","9204","zinc finger MYM-type containing 6","Up"
-2.69080666074707,6.33297729844538,-7.59479350893843,5.51565066638018e-12,1.31214771560367e-10,16.7100766044535,"RAPGEFL1","51195","Rap guanine nucleotide exchange factor like 1","Down"
1.63618910096798,9.17122825958775,7.59181595224829,5.60394894143731e-12,1.33157014811563e-10,16.6944753041245,"DAP","1611","death associated protein","Up"
-1.3634993886215,6.21163936309154,-7.58917248406673,5.68351338065444e-12,1.34887369165781e-10,16.680626435169,"MIGA2","84895","mitoguardin 2","Down"
-1.07208636806186,10.2133566894573,-7.5888864748766,5.69218868086729e-12,1.34933197793971e-10,16.6791281701903,"ACVR1B","91","activin A receptor type 1B","Down"
-4.18594342006752,3.57477078172325,-7.5867750762987,5.75663958309255e-12,1.36299512590453e-10,16.6680682242745,"MARCH4","57574","membrane associated ring-CH-type finger 4","Down"
1.2250671995238,11.8716045606998,7.58552960004404,5.79499669997553e-12,1.37045507064315e-10,16.6615447042535,"PDIA6","10130","protein disulfide isomerase family A member 6","Up"
-2.09119665812105,6.68721968221592,-7.58363023769229,5.85397997196711e-12,1.38276950766406e-10,16.6515970563522,"PARD6A","50855","par-6 family cell polarity regulator alpha","Down"
1.01484680685555,8.11283645847888,7.57767420018119,6.04282659498909e-12,1.42401450749054e-10,16.6204092344467,"SLC30A6","55676","solute carrier family 30 member 6","Up"
1.37464043059099,9.59943578888456,7.57509477762614,6.12647411820778e-12,1.44202785509392e-10,16.6069053827773,"TP73-AS1","57212","TP73 antisense RNA 1","Up"
-6.49187810239066,4.00893551945373,-7.57107116896813,6.2592519815837e-12,1.4698222346895e-10,16.5858443701851,"CDH18","1016","cadherin 18","Down"
-3.51936080759967,5.03481976952183,-7.57082337908969,6.26752158424007e-12,1.47003873781819e-10,16.5845474875388,"PALM2","114299","paralemmin 2","Down"
1.02276905024082,12.3587245411901,7.56873766794046,6.33755956852741e-12,1.48298893903541e-10,16.5736319303574,"NBPF26","101060684","neuroblastoma breakpoint family member 26","Up"
-3.87372467856726,3.21473166691195,-7.55962294204654,6.65284637320356e-12,1.55494739940051e-10,16.525943460429,"GALNT9","50614","polypeptide N-acetylgalactosaminyltransferase 9","Down"
1.91608171495115,7.07235960299923,7.55574236844456,6.79175238702881e-12,1.58556114360893e-10,16.5056468334983,"CENPQ","55166","centromere protein Q","Up"
1.42202656717081,11.8219207083443,7.5552504060508,6.80956636452676e-12,1.5878670659101e-10,16.5030739979039,"LSM5","23658","LSM5 homolog, U6 small nuclear RNA and mRNA degradation associated","Up"
-1.09045169366858,9.30436009621722,-7.55087686370034,6.96998223899855e-12,1.62338107864545e-10,16.4802043122628,"FAM65A","79567","family with sequence similarity 65 member A","Down"
-3.1465807498528,8.36072658809462,-7.54826982967847,7.06738083097979e-12,1.64415218936526e-10,16.4665742749289,"MAGEE1","57692","MAGE family member E1","Down"
-1.56218799810224,9.59125709191272,-7.54694240755811,7.11749030755457e-12,1.65265490480885e-10,16.4596349660141,"HERC1","8925","HECT and RLD domain containing E3 ubiquitin protein ligase family member 1","Down"
-2.07449437746819,7.4976727792674,-7.54674472172646,7.12498290768117e-12,1.65265490480885e-10,16.4586015719355,"HTT","3064","huntingtin","Down"
1.63354755239138,9.48662900583154,7.54664643950706,7.12871086544727e-12,1.65265490480885e-10,16.4580878097577,"PAPD4","167153","poly(A) RNA polymerase D4, non-canonical","Up"
-2.14526082022499,12.465366613833,-7.54520610198091,7.18356682094477e-12,1.66244814687111e-10,16.4505588574286,"KIF5C","3800","kinesin family member 5C","Down"
1.42974020609605,8.59012542993438,7.54510135124665,7.18757258481287e-12,1.66244814687111e-10,16.4500113243401,"NXT1","29107","nuclear transport factor 2 like export factor 1","Up"
1.48246270928007,11.7444624577698,7.54466959635993,7.20410666848944e-12,1.66434829233797e-10,16.4477545680657,"HMGN4","10473","high mobility group nucleosomal binding domain 4","Up"
-4.60068298382992,4.0040278086016,-7.54319146118285,7.26099792628375e-12,1.67555692631095e-10,16.4400288198313,"HOOK1","51361","hook microtubule tethering protein 1","Down"
1.14553002493188,12.5139296650209,7.54192941417376,7.30992451483787e-12,1.6840338131418e-10,16.4334329543475,"ANP32B","10541","acidic nuclear phosphoprotein 32 family member B","Up"
-2.36244074082348,3.87229715534882,-7.54181010246563,7.31456681971421e-12,1.6840338131418e-10,16.4328094146313,"EGFL7","51162","EGF like domain multiple 7","Down"
-1.22221329271552,11.3098708090886,-7.53862771197161,7.43947477439446e-12,1.71082266449782e-10,16.4161791878813,"FBXO9","26268","F-box protein 9","Down"
-1.65404072482801,4.36937296964651,-7.53528347880896,7.57301337395137e-12,1.73622557053078e-10,16.3987061138592,"LOC728730","728730","uncharacterized LOC728730","Down"
1.40855239580716,9.66120913433237,7.53521002353872,7.57597302480815e-12,1.73622557053078e-10,16.3983223553457,"MDC1","9656","mediator of DNA damage checkpoint 1","Up"
-5.67637067252486,3.90618243192763,-7.53441179086531,7.60820932956523e-12,1.74158062771655e-10,16.3941521740077,"CRYM","1428","crystallin mu","Down"
-1.87258397635326,2.40874337725308,-7.53420088437939,7.61674938397551e-12,1.74158062771655e-10,16.3930503702882,"PCDHAC2","56134","protocadherin alpha subfamily C, 2","Down"
-1.03782927635056,10.6789448582786,-7.52871365384629,7.842309047913e-12,1.79110818631958e-10,16.3643884992988,"PITPNB","23760","phosphatidylinositol transfer protein beta","Down"
-4.12116011474135,4.84782574513811,-7.52718591398994,7.90627846815613e-12,1.80365921678905e-10,16.3564099646416,"DPP10-AS1","389023","DPP10 antisense RNA 1","Down"
3.46189387985437,7.65866943893817,7.52086257245708,8.17659473029557e-12,1.86320194497749e-10,16.3233932884539,"TMEM67","91147","transmembrane protein 67","Up"
-1.16546051109474,9.78491459601237,-7.52010039472437,8.20978940423996e-12,1.868637731634e-10,16.3194143764355,"CHM","1121","CHM, Rab escort protein 1","Down"
-1.7526116273904,1.58412693665041,-7.51871576645603,8.27043535053889e-12,1.88030227338899e-10,16.3121863884669,"SOHLH1","402381","spermatogenesis and oogenesis specific basic helix-loop-helix 1","Down"
1.12970611896503,10.2760815292691,7.51646157239188,8.37011893738855e-12,1.90080555709799e-10,16.3004202196891,"DNAJB11","51726","DnaJ heat shock protein family (Hsp40) member B11","Up"
3.21876602795555,6.8764872686529,7.51395156662804,8.48251640450811e-12,1.92414632318587e-10,16.2873203951979,"CENPH","64946","centromere protein H","Up"
-1.01654305886128,11.5223746310722,-7.50628087064891,8.8353615454631e-12,2.00191481812095e-10,16.2472971736008,"ATP6V1A","523","ATPase H+ transporting V1 subunit A","Down"
-2.87597852018527,8.87936664919894,-7.50598606327764,8.84920883590784e-12,2.00278417624444e-10,16.2457592786131,"MICU3","286097","mitochondrial calcium uptake family member 3","Down"
-1.74633481807121,2.71319516390811,-7.50540877727733,8.87638664762e-12,2.00666517128738e-10,16.2427478704674,"BRE-AS1","100302650","BRE antisense RNA 1","Down"
-1.89664779002611,8.62410912150195,-7.50372850575857,8.95596311031642e-12,2.02168816086994e-10,16.2339832559902,"SLC30A4","7782","solute carrier family 30 member 4","Down"
-2.16986154478166,5.44266618286396,-7.50357958451901,8.96304992598407e-12,2.02168816086994e-10,16.2332064911961,"LOC101929964","101929964","uncharacterized LOC101929964","Down"
-5.69931255524675,3.30584232988976,-7.4985187302131,9.20721588709547e-12,2.0744230659135e-10,16.2068129055024,"CNDP1","84735","carnosine dipeptidase 1","Down"
1.28216946458632,7.70938079887562,7.49746437508988,9.25890795304908e-12,2.08372296306696e-10,16.2013150548171,"CNOT10","25904","CCR4-NOT transcription complex subunit 10","Up"
-6.23566340847679,5.31412056883006,-7.49646333485063,9.30825224336044e-12,2.09247418688665e-10,16.1960954874656,"PEX5L","51555","peroxisomal biogenesis factor 5 like","Down"
-1.45637115383537,7.36588728112095,-7.49148681730569,9.55745440174048e-12,2.14608294293627e-10,16.1701512215274,"MAPRE3","22924","microtubule associated protein RP/EB family member 3","Down"
1.99776444506304,6.29658373469107,7.49033273450809,9.61618365065461e-12,2.15684962218214e-10,16.1641355529476,"ZNF599","148103","zinc finger protein 599","Up"
-3.58971855990559,7.57898236708675,-7.48853438154029,9.70841221581348e-12,2.1750974602663e-10,16.1547623365198,"SNPH","9751","syntaphilin","Down"
-1.21673386969231,10.0514576554201,-7.48316093143699,9.98924418767136e-12,2.23551239891209e-10,16.1267605250575,"OPA1","4976","OPA1, mitochondrial dynamin like GTPase","Down"
-2.52412083765635,7.54383458006195,-7.482135315974,1.00437534690368e-11,2.24519972798904e-10,16.1214167854959,"CTIF","9811","cap binding complex dependent translation initiation factor","Down"
-1.60211243985858,10.9896772941687,-7.48031866133258,1.01410291423329e-11,2.26441484431534e-10,16.111952213086,"SLC9A6","10479","solute carrier family 9 member A6","Down"
-2.82700915475509,7.26186983013462,-7.47881846833075,1.02220626880783e-11,2.27996441694965e-10,16.1041370457853,"PNMA6A","84968","paraneoplastic Ma antigen family member 6A","Down"
-2.85242982695398,8.1313382050858,-7.47423823134215,1.04734568520218e-11,2.3334348690245e-10,16.0802803491909,"GRAMD1B","57476","GRAM domain containing 1B","Down"
-2.34190993319724,4.21530952295325,-7.47271319836684,1.05585128104676e-11,2.34976825137959e-10,16.0723383022837,"ADCY5","111","adenylate cyclase 5","Down"
-4.39383749400296,7.19234662350444,-7.47217761729874,1.05885459746786e-11,2.35383377017106e-10,16.0695492601742,"HLF","3131","HLF, PAR bZIP transcription factor","Down"
-4.38422262191671,7.86261789870101,-7.46919925900824,1.07571106361576e-11,2.38600346449673e-10,16.0540408623228,"CAMK2N2","94032","calcium/calmodulin dependent protein kinase II inhibitor 2","Down"
2.278245353657,7.11761752696586,7.46882099028464,1.07787087256810e-11,2.38675382263135e-10,16.0520713789106,"ANKHD1-EIF4EBP3","404734","ANKHD1-EIF4EBP3 readthrough","Up"
-2.15549488159935,5.80482385599077,-7.46872226458315,1.07843527548295e-11,2.38675382263135e-10,16.0515573628311,"STK32C","282974","serine/threonine kinase 32C","Down"
-4.79405983451157,4.71689269688041,-7.46572960315516,1.09568363095082e-11,2.42224777949537e-10,16.0359773094838,"PNMA3","29944","paraneoplastic Ma antigen 3","Down"
3.3636519151944,6.77859331628444,7.46237302030516,1.11535483541519e-11,2.4602981468745e-10,16.0185055548266,"RNASEH2A","10535","ribonuclease H2 subunit A","Up"
-1.3121466143835,12.8209569752383,-7.4596449520748,1.13160008148457e-11,2.49338357161472e-10,16.0043076226995,"RTN3","10313","reticulon 3","Down"
-4.85199244785017,6.82925178151,-7.45442163141212,1.16336108351845e-11,2.56054622639754e-10,15.9771290984151,"ZNF365","22891","zinc finger protein 365","Down"
-4.17539062717509,7.50335702821402,-7.4496997504012,1.19283226069429e-11,2.62252692744072e-10,15.9525661444568,"EPB41L1","2036","erythrocyte membrane protein band 4.1 like 1","Down"
3.3813299448685,7.02949018857219,7.44801081326368,1.20355221640093e-11,2.64319091037688e-10,15.9437818745344,"RBM43","375287","RNA binding motif protein 43","Up"
1.82269888448376,7.38464809619456,7.44566003410623,1.21863203903035e-11,2.67337403562284e-10,15.9315566250888,"DCPS","28960","decapping enzyme, scavenger","Up"
-3.36794627037449,2.68274181622154,-7.44058455094925,1.25183167223587e-11,2.74319783860054e-10,15.9051667043678,"SLC30A3","7781","solute carrier family 30 member 3","Down"
-1.57705649561453,2.11883288126053,-7.43704911399777,1.2754855127605e-11,2.79197359450758e-10,15.8867884253377,"FUT1","2523","fucosyltransferase 1 (H blood group)","Down"
2.81961676276647,6.77864366273834,7.43089482065415,1.31772169891198e-11,2.88127410165376e-10,15.8548047506955,"DHRSX","207063","dehydrogenase/reductase X-linked","Up"
4.73310705746516,10.273889458453,7.42832708412375,1.33575073213325e-11,2.91750708491157e-10,15.8414633934572,"CRNDE","643911","colorectal neoplasia differentially expressed (non-protein coding)","Up"
-4.07729828669152,5.66258204851018,-7.4275167281295,1.34149111114825e-11,2.92684979942671e-10,15.8372533519017,"PPFIA4","8497","PTPRF interacting protein alpha 4","Down"
1.96061968465969,12.300335746631,7.42709100323018,1.34451663526357e-11,2.93025537273619e-10,15.8350416565782,"DPYSL3","1809","dihydropyrimidinase like 3","Up"
-1.78551750763853,3.76391352887917,-7.42405373834619,1.36629877309555e-11,2.97448743779354e-10,15.8192641317729,"MGAT5B","146664","mannosyl (alpha-1,6-)-glycoprotein beta-1,6-N-acetyl-glucosaminyltransferase, isozyme B","Down"
-2.56077575045536,3.77390654521089,-7.4211924515673,1.38713849894088e-11,3.01657390742502e-10,15.8044030878119,"ACVR1C","130399","activin A receptor type 1C","Down"
2.34826860543721,6.92077391756686,7.41389555547834,1.44172053119089e-11,3.13186782492248e-10,15.7665145102373,"PINLYP","390940","phospholipase A2 inhibitor and LY6/PLAUR domain containing","Up"
-4.4980698969361,8.69189586070426,-7.41249978716183,1.45240095113919e-11,3.1516470530848e-10,15.7592687742049,"RCAN2","10231","regulator of calcineurin 2","Down"
-1.64136740528003,10.0650408165687,-7.41191085026092,1.45693097431052e-11,3.15805178797731e-10,15.7562116375176,"DUSP3","1845","dual specificity phosphatase 3","Down"
-2.65751100468522,6.53922435303361,-7.40718991256882,1.49375316978222e-11,3.23086699111707e-10,15.7317090162616,"PTK2B","2185","protein tyrosine kinase 2 beta","Down"
1.66362014163458,11.5368173596327,7.4063782687657,1.50017601715558e-11,3.24125502972264e-10,15.7274970460257,"TEAD1","7003","TEA domain transcription factor 1","Up"
-2.08831651935438,8.4700926310858,-7.40001441054453,1.55149290810385e-11,3.34490502289155e-10,15.6944786044927,"THRIL","102659353","TNF and HNRNPL related immunoregulatory long non-coding RNA","Down"
-4.376287224605,4.46353391792178,-7.39942294232884,1.55634979354207e-11,3.35176429702866e-10,15.6914103864319,"RBP4","5950","retinol binding protein 4","Down"
-5.21037130292578,5.06886273301592,-7.39864496135018,1.56276118163653e-11,3.36195300655936e-10,15.6873747896042,"PCP4L1","654790","Purkinje cell protein 4 like 1","Down"
1.36078636632628,12.0930974980694,7.39435830718767,1.59855979474377e-11,3.43158646066939e-10,15.6651417952959,"RBBP4","5928","RB binding protein 4, chromatin remodeling factor","Up"
1.3439370594017,13.4406496701598,7.3914790177914,1.62306006362106e-11,3.48044616215075e-10,15.6502110718307,"CD63","967","CD63 molecule","Up"
1.44463110479552,9.34738281680769,7.3894697521134,1.64037714929955e-11,3.51381430685611e-10,15.6397932832814,"C17orf62","79415","chromosome 17 open reading frame 62","Up"
3.16529301159651,8.07594797055284,7.38812568040106,1.65206321049959e-11,3.5350618879642e-10,15.6328250732655,"EIF4EBP1","1978","eukaryotic translation initiation factor 4E binding protein 1","Up"
3.77965569381177,6.39419127605722,7.38735231107729,1.65882462068248e-11,3.5457376267088e-10,15.6288158443852,"METTL21B","25895","methyltransferase like 21B","Up"
2.65721385915089,6.5088062146855,7.38161316242055,1.70986458959904e-11,3.65093498869883e-10,15.5990687349012,"TTC26","79989","tetratricopeptide repeat domain 26","Up"
1.00206512180685,12.4698302259528,7.38066777940734,1.7184200969235e-11,3.66529113850196e-10,15.5941695213299,"SF3B6","51639","splicing factor 3b subunit 6","Up"
-1.68297338239271,7.88051058383178,-7.37088197372162,1.80950870190971e-11,3.85546758243958e-10,15.543471792436,"APBB1","322","amyloid beta precursor protein binding family B member 1","Down"
-1.36372643909777,8.37034691240018,-7.36412416834918,1.87518723538816e-11,3.99115649132032e-10,15.508477127378,"GBA2","57704","glucosylceramidase beta 2","Down"
-6.27204278970953,4.67089458382888,-7.36262633006635,1.89006122015253e-11,4.01853930197573e-10,15.5007224603839,"SCN3B","55800","sodium voltage-gated channel beta subunit 3","Down"
1.87295059940151,7.00602492476787,7.3620079524542,1.89623591806124e-11,4.02738768711796e-10,15.4975211568845,"HMBS","3145","hydroxymethylbilane synthase","Up"
-1.2117382904388,3.14783905804947,-7.35820459185611,1.9346554029849e-11,4.10462891278036e-10,15.4778337719245,"DEGS2","123099","delta 4-desaturase, sphingolipid 2","Down"
1.38478231939316,11.701384608429,7.35395894442784,1.97845371963256e-11,4.19310631024243e-10,15.455861818946,"BTG3","10950","BTG anti-proliferation factor 3","Up"
2.1226420673136,6.73896809870473,7.35299376746946,1.98854671737736e-11,4.21003747879035e-10,15.4508675769304,"CNTRL","11064","centriolin","Up"
-1.49487925120362,7.40799933515935,-7.34677227253684,2.05484057961803e-11,4.34579233365941e-10,15.4186812354652,"POU6F1","5463","POU class 6 homeobox 1","Down"
-2.18776720230218,10.5378556413044,-7.34511167146022,2.07290232549837e-11,4.379361861272e-10,15.4100921290977,"NUAK1","9891","NUAK family kinase 1","Down"
-1.6542695480123,4.38927894137059,-7.34101809265064,2.11810090660439e-11,4.4701313120711e-10,15.3889223199808,"FLJ23867","200058","uncharacterized protein FLJ23867","Down"
2.29894992462583,9.60867994230882,7.33980532571786,2.13167789836479e-11,4.49404422682659e-10,15.3826514535429,"SOWAHC","65124","sosondowah ankyrin repeat domain family member C","Up"
1.00407321746593,11.2389974831625,7.33926443601283,2.13776094323893e-11,4.50212454646118e-10,15.3798548050142,"ROCK1","6093","Rho associated coiled-coil containing protein kinase 1","Up"
1.06527577849395,10.2282389297753,7.33767014747947,2.1557910824014e-11,4.53055800268958e-10,15.371612086298,"EXOSC8","11340","exosome component 8","Up"
-3.41809689365418,2.63107163616686,-7.33636089319482,2.17071025345277e-11,4.55712487311959e-10,15.3648435820038,"ANKRD33B","651746","ankyrin repeat domain 33B","Down"
-3.96568742052815,6.94190073702172,-7.335876710692,2.17625345168395e-11,4.56397304065417e-10,15.3623406084642,"C1orf115","79762","chromosome 1 open reading frame 115","Down"
1.00247069638659,10.6933101517373,7.33192118889241,2.22206667313242e-11,4.65517151092779e-10,15.3418951152696,"PDCD6IP","10015","programmed cell death 6 interacting protein","Up"
1.25464304687192,10.5053738195557,7.32990168291494,2.2458237302066e-11,4.70002043621793e-10,15.3314583221582,"MED17","9440","mediator complex subunit 17","Up"
-4.56459949521197,5.08056776252994,-7.32873341047096,2.25968170175908e-11,4.72408064859916e-10,15.3254212317613,"MIR124-2HG","100130155","MIR124-2 host gene","Down"
2.16570675966856,7.92487112992065,7.3275035283037,2.27436197709034e-11,4.74980794109045e-10,15.3190661937141,"POLA1","5422","DNA polymerase alpha 1, catalytic subunit","Up"
-1.75259591024695,2.71947532823692,-7.3264348234987,2.28719504440308e-11,4.77104548831836e-10,15.31354434246,"FAM131C","348487","family with sequence similarity 131 member C","Down"
-1.13246055474767,10.3542467926721,-7.32626004717648,2.2893005791901e-11,4.77104548831836e-10,15.3126413283367,"CCDC92","80212","coiled-coil domain containing 92","Down"
1.08728045628159,11.9036289586398,7.32430649817722,2.31296605192657e-11,4.81534982319405e-10,15.3025485536374,"NBPF10","100132406","neuroblastoma breakpoint family member 10","Up"
1.58371536355496,6.21457225615686,7.3237008236807,2.32035232344961e-11,4.8257057105256e-10,15.2994196321221,"FPGS","2356","folylpolyglutamate synthase","Up"
-4.79221000694063,4.64580850848657,-7.32070171775418,2.35727233912906e-11,4.89739851391018e-10,15.2839277690885,"TRHDE","29953","thyrotropin releasing hormone degrading enzyme","Down"
1.12338393390533,9.0328557597858,7.31996884631821,2.36638231391403e-11,4.91122520274669e-10,15.2801425193751,"KIAA1429","25962","KIAA1429","Up"
-2.25162533591664,9.3331960067129,-7.319676869045,2.37002144697922e-11,4.91368073468531e-10,15.278634512243,"IQSEC1","9922","IQ motif and Sec7 domain 1","Down"
-1.25568929026227,9.03971428082905,-7.31770390726323,2.39475760894397e-11,4.95982561926936e-10,15.2684451824247,"CCM2","83605","CCM2 scaffolding protein","Down"
1.27724142594076,12.3344944282757,7.31665482367402,2.40801450154576e-11,4.98212472930983e-10,15.2630276631519,"DEK","7913","DEK proto-oncogene","Up"
4.7509852278994,7.76456730618521,7.31630947473815,2.41239442935217e-11,4.98603051116208e-10,15.2612443335897,"MELK","9833","maternal embryonic leucine zipper kinase","Up"
-1.31279514746345,8.23363478179,-7.3159173178147,2.41737756974929e-11,4.99117368812942e-10,15.2592193363239,"MAPKBP1","23005","mitogen-activated protein kinase binding protein 1","Down"
1.99968312847344,12.5000405752527,7.30850722051474,2.51347679504268e-11,5.18424023076484e-10,15.2209638381114,"HMGB2","3148","high mobility group box 2","Up"
-2.2502710649647,3.55657477696136,-7.30709715213585,2.53218731005636e-11,5.21745329683807e-10,15.21368598918,"KIAA1804","84451","mixed lineage kinase 4","Down"
-3.78764342670704,4.12276655109148,-7.30641635668368,2.54127023658438e-11,5.23078123696951e-10,15.2101723748466,"LINC00622","644242","long intergenic non-protein coding RNA 622","Down"
-1.21093073323492,10.6098242662483,-7.30558469057265,2.5524098074231e-11,5.24831069035088e-10,15.2058802924104,"PPTC7","160760","PTC7 protein phosphatase homolog","Down"
1.26100194422359,9.73854700401604,7.30286571300957,2.58916704517241e-11,5.31842557215239e-10,15.1918495237052,"MIR4647","100616124","microRNA 4647","Up"
-2.95255347455727,6.10223015196828,-7.29715612713936,2.66806799204192e-11,5.47487551967003e-10,15.162393253757,"HDAC11","79885","histone deacetylase 11","Down"
-1.44325187843965,4.25764744157414,-7.2963182081663,2.67984579456172e-11,5.49340930448734e-10,15.1580711490736,"RTEL1-TNFRSF6B","100533107","RTEL1-TNFRSF6B readthrough (NMD candidate)","Down"
1.38720757719053,11.9599550188697,7.29311025293273,2.72541455548447e-11,5.58110225297624e-10,15.1415259450086,"SMARCE1","6605","SWI/SNF related, matrix associated, actin dependent regulator of chromatin, subfamily e, member 1","Up"
-3.20465277049185,6.4495454395029,-7.29222787595982,2.73808261834184e-11,5.60131073058948e-10,15.1369755616334,"FGF7P3","654466","fibroblast growth factor 7 pseudogene 3","Down"
-6.26584235592722,6.02805434102112,-7.28444523399509,2.85237071908062e-11,5.82915025297712e-10,15.096850587243,"TUBB4A","10382","tubulin beta 4A class IVa","Down"
-1.01179758548672,7.84621833049509,-7.27249204376249,3.03716320376464e-11,6.19414110272367e-10,15.035257895791,"MOB2","81532","MOB kinase activator 2","Down"
-3.11391259507923,6.23842361240385,-7.27129954957356,3.05623651609269e-11,6.22669286939577e-10,15.0291154729997,"RAB11FIP4","84440","RAB11 family interacting protein 4","Down"
-5.87170265016036,5.19425621766692,-7.27022244970602,3.07356604926266e-11,6.25051418317674e-10,15.0235677930426,"CACNA1B","774","calcium voltage-gated channel subunit alpha1 B","Down"
3.03033340770664,6.13418676533479,7.27018458546882,3.0741770161673e-11,6.25051418317674e-10,15.0233727767596,"RNA45S5","100861532","RNA, 45S pre-ribosomal 5","Up"
-1.62956457817968,8.76124029533473,-7.26958572567357,3.08385605593967e-11,6.26382823463807e-10,15.0202884601118,"USP12","219333","ubiquitin specific peptidase 12","Down"
-6.19800942023669,7.35724455602189,-7.26931278720177,3.08827741147527e-11,6.26644687336569e-10,15.0188827758252,"SCN2A","6326","sodium voltage-gated channel alpha subunit 2","Down"
-3.60939546325155,3.04294662971799,-7.26721374341264,3.12249036795201e-11,6.32944932032582e-10,15.0080730362921,"CAMKK1","84254","calcium/calmodulin dependent protein kinase kinase 1","Down"
1.23653213775083,13.0993844404195,7.26562008089044,3.14871628692837e-11,6.37615048102995e-10,14.9998667919369,"SNRPE","6635","small nuclear ribonucleoprotein polypeptide E","Up"
-3.31522567865326,5.64268899616533,-7.2624026037505,3.20233062049597e-11,6.47424014352855e-10,14.9833013117984,"HSD17B6","8630","hydroxysteroid 17-beta dehydrogenase 6","Down"
-3.44912121263347,8.95235814898609,-7.26232543224676,3.20362760138614e-11,6.47424014352855e-10,14.9829040244559,"TAGLN3","29114","transgelin 3","Down"
-3.63006888506405,7.41176636301101,-7.26145545095738,3.21828494117707e-11,6.49074867118241e-10,14.9784253866212,"VAMP1","6843","vesicle associated membrane protein 1","Down"
-1.66519505907719,11.1695435825998,-7.25997110819014,3.24344637529425e-11,6.53490751566082e-10,14.9707845474767,"WDR47","22911","WD repeat domain 47","Down"
-5.52442270008291,3.95512015655556,-7.2594293304811,3.25267859967095e-11,6.5423786454806e-10,14.9679958405855,"KCNA1","3736","potassium voltage-gated channel subfamily A member 1","Down"
3.4688725820572,9.18258815780237,7.25936980218964,3.25369458302254e-11,6.5423786454806e-10,14.9676894342798,"MDK","4192","midkine (neurite growth-promoting factor 2)","Up"
1.14446018918717,10.5383490369288,7.25756114225133,3.2847136233026e-11,6.59811902223044e-10,14.9583803272256,"APH1A","51107","aph-1 homolog A, gamma-secretase subunit","Up"
-4.10106309252209,6.55917881872479,-7.25683709212849,3.29721317986491e-11,6.61658416144004e-10,14.9546539372147,"FAM19A2","338811","family with sequence similarity 19 member A2, C-C motif chemokine like","Down"
-2.43755393798435,3.25729023101172,-7.25294675301282,3.3651840907171e-11,6.74621624278326e-10,14.93463459413,"KCNK9","51305","potassium two pore domain channel subfamily K member 9","Down"
1.6697026992735,11.4917896416154,7.25147822689834,3.39120078762111e-11,6.79156698277633e-10,14.927078846926,"UNC119B","84747","unc-119 lipid binding chaperone B","Up"
4.3912294384572,8.37036242277894,7.2490810957354,3.4340972256287e-11,6.87059831931534e-10,14.9147466787869,"TNFRSF19","55504","TNF receptor superfamily member 19","Up"
-1.99067473495924,8.77069931320414,-7.2472454798752,3.46730811585003e-11,6.93011323414702e-10,14.9053044020386,"CDK5","1020","cyclin dependent kinase 5","Down"
-5.5784217394787,8.06268727942183,-7.2459937830014,3.49013655062301e-11,6.96877863955234e-10,14.8988663332602,"DIRAS2","54769","DIRAS family GTPase 2","Down"
-2.80796514178955,3.58910528751604,-7.24534759888872,3.50197981092018e-11,6.98545464377667e-10,14.8955428839925,"PRKCQ","5588","protein kinase C theta","Down"
1.63949668562458,9.53259470221479,7.24037574707239,3.59444425113765e-11,7.16275359885568e-10,14.8699758215948,"OGFOD3","79701","2-oxoglutarate and iron dependent oxygenase domain containing 3","Up"
1.05558418767856,9.61723213436101,7.23964022868527,3.60832675864295e-11,7.18326303086263e-10,14.8661941406408,"SLC30A5","64924","solute carrier family 30 member 5","Up"
-3.45613719199192,7.33551841163805,-7.23846606263258,3.63059856093285e-11,7.21474499529946e-10,14.8601574768023,"SPINT2","10653","serine peptidase inhibitor, Kunitz type 2","Down"
4.76801874194141,8.62613859295911,7.2384264067588,3.63135313153724e-11,7.21474499529946e-10,14.8599536037557,"UBE2C","11065","ubiquitin conjugating enzyme E2 C","Up"
-5.22720525442703,6.50808739163935,-7.23810443733692,3.63748530371525e-11,7.21975877692769e-10,14.8582983583426,"RGS7","6000","regulator of G-protein signaling 7","Down"
-1.285326971819,8.71057078236586,-7.23091127111028,3.77718906639413e-11,7.48289237054545e-10,14.8213262900258,"TUSC2","11334","tumor suppressor candidate 2","Down"
2.43959758204924,7.82696926944136,7.23089361100408,3.77753850864743e-11,7.48289237054545e-10,14.8212355379521,"H6PD","9563","hexose-6-phosphate dehydrogenase/glucose 1-dehydrogenase","Up"
1.52724574781137,7.56987745272964,7.22824453794418,3.83031999038536e-11,7.57994184447476e-10,14.8076234826402,"NAGA","4668","alpha-N-acetylgalactosaminidase","Up"
1.11917925705082,8.84151659997473,7.22266057786119,3.94398026047741e-11,7.78945834860528e-10,14.7789375746038,"ZCCHC9","84240","zinc finger CCHC-type containing 9","Up"
-2.93792611569252,9.52514032562823,-7.22203591101777,3.95690098909077e-11,7.80727002847525e-10,14.7757291146467,"CLCN4","1183","chloride voltage-gated channel 4","Down"
-2.49888077044306,6.64279978625805,-7.21612431537282,4.08127056935336e-11,8.04472712128598e-10,14.7453712999877,"CACNG8","59283","calcium voltage-gated channel auxiliary subunit gamma 8","Down"
1.37825686517054,12.5104628099529,7.21568059688137,4.09076020726771e-11,8.04775986420891e-10,14.743093093271,"PDIA3","2923","protein disulfide isomerase family A member 3","Up"
-2.10654817375917,4.83498416355284,-7.21567621208937,4.09085409201802e-11,8.04775986420891e-10,14.7430705805008,"ABTB1","80325","ankyrin repeat and BTB domain containing 1","Down"
-3.26561741026075,4.40589899949373,-7.21537315953307,4.09734805584443e-11,8.05261714668758e-10,14.7415146363271,"LINC00632","286411","long intergenic non-protein coding RNA 632","Down"
-1.13353576962479,9.3108820369945,-7.21443458948011,4.1175250073563e-11,8.08433001198993e-10,14.7366959676168,"TMEM184B","25829","transmembrane protein 184B","Down"
-1.54245413477462,2.98499796764722,-7.21334778811761,4.14101144689392e-11,8.1224721586281e-10,14.7311166002321,"FAM228A","653140","family with sequence similarity 228 member A","Down"
-1.12190715458968,3.09835612893201,-7.20833298341832,4.25111324412962e-11,8.33026666751236e-10,14.7053764165686,"MYH7B","57644","myosin heavy chain 7B","Down"
-2.27161047062262,6.16425462342426,-7.20782220106273,4.26248892369724e-11,8.34438511706562e-10,14.7027550753619,"PPIP5K1","9677","diphosphoinositol pentakisphosphate kinase 1","Down"
-3.91679653729534,6.72659778042533,-7.19538434140756,4.54898370554334e-11,8.89653147573856e-10,14.6389479750109,"YPEL4","219539","yippee like 4","Down"
2.11292362263623,11.3817752391111,7.19109349733201,4.65217545949924e-11,9.08946039240247e-10,14.6169464244789,"SEPT10","151011","septin 10","Up"
-1.35238968204689,7.4025393198797,-7.18973968047029,4.68521199728099e-11,9.1450767248391e-10,14.610005800868,"ST3GAL3","6487","ST3 beta-galactoside alpha-2,3-sialyltransferase 3","Down"
-2.46956005680296,2.4903456010655,-7.18667888037449,4.76076140992111e-11,9.28348474934617e-10,14.5943160091114,"RHBDL1","9028","rhomboid like 1","Down"
-1.65516135338915,2.74857216646574,-7.18201341647709,4.87824370814502e-11,9.50331274282935e-10,14.5704060803341,"GPR6","2830","G protein-coupled receptor 6","Down"
-1.11342022664524,10.1011268644832,-7.17638369526604,5.02383192294167e-11,9.77741296520369e-10,14.5415632088654,"GSKIP","51527","GSK3B interacting protein","Down"
1.52140444580723,9.47418832792059,7.17421182022507,5.08114011289668e-11,9.87933627198483e-10,14.5304385588267,"NUP205","23165","nucleoporin 205","Up"
1.7306019982213,8.86509493519266,7.17274510597873,5.12020700703404e-11,9.93990304636606e-10,14.5229266501856,"CEP44","80817","centrosomal protein 44","Up"
-2.1126173530286,5.82576715376775,-7.17266956042593,5.1222272408674e-11,9.93990304636606e-10,14.5225397545143,"TMEM25","84866","transmembrane protein 25","Down"
-3.56982651742722,3.14329497202852,-7.17176371853702,5.14651271472581e-11,9.9773527018914e-10,14.51790075047,"CARNS1","57571","carnosine synthase 1","Down"
-4.96351070359593,5.25127662790272,-7.17074440941319,5.17397647531524e-11,1.00208855122587e-09,14.5126809547433,"PCDH11Y","83259","protocadherin 11 Y-linked","Down"
-4.53701848750651,5.96634914476071,-7.16862425151586,5.23156630793665e-11,1.01135052797011e-09,14.501824815386,"MYBPC1","4604","myosin binding protein C, slow type","Down"
-2.43827959876293,8.26208896894651,-7.16861174802265,5.23190781451024e-11,1.01135052797011e-09,14.5017607960574,"TSPYL2","64061","TSPY like 2","Down"
1.1083836322067,11.1173552399612,7.1641188254027,5.35606148934881e-11,1.03435060055407e-09,14.4787595878892,"MIR6890","102465536","microRNA 6890","Up"
-2.09004475649487,7.67333754378124,-7.15749842363863,5.54433450433854e-11,1.06967695687851e-09,14.4448780852264,"PGP","283871","phosphoglycolate phosphatase","Down"
-3.90078787390086,3.33604262364663,-7.15480318064763,5.62284487484279e-11,1.08377897313083e-09,14.4310883535638,"PRMT8","56341","protein arginine methyltransferase 8","Down"
1.16699161775391,10.0383877638152,7.14744141918605,5.84293662425206e-11,1.12295516850539e-09,14.3934345087251,"ARFIP1","27236","ADP ribosylation factor interacting protein 1","Up"
-4.52361684083452,5.18095696660929,-7.14692182520067,5.85878885764141e-11,1.12492119649551e-09,14.3907775216886,"PPP4R4","57718","protein phosphatase 4 regulatory subunit 4","Down"
-1.61854184606608,10.1680289932997,-7.14190110597391,6.01417420336811e-11,1.15364892892412e-09,14.36510791334,"NECAP1","25977","NECAP endocytosis associated 1","Down"
-3.52082823501387,2.3995316982313,-7.13867759376382,6.11608005931179e-11,1.17207292860777e-09,14.3486310197369,"TMEM125","128218","transmembrane protein 125","Down"
-2.64853663013538,8.42305122133142,-7.13728423851193,6.16065564963747e-11,1.17948552710332e-09,14.3415099094131,"SCAI","286205","suppressor of cancer cell invasion","Down"
-1.24954668350119,8.56587296230337,-7.13689425674936,6.17318923360333e-11,1.18075522941397e-09,14.3395169112494,"FDX1L","112812","ferredoxin 1 like","Down"
-4.49350700805201,9.79073849569994,-7.13583119277314,6.20748318753831e-11,1.18618066984794e-09,14.3340843698122,"FBXL16","146330","F-box and leucine rich repeat protein 16","Down"
-1.88550063111105,7.94203857067521,-7.13481657340236,6.24039010088937e-11,1.19133096134059e-09,14.3288997169529,"DNAJC27","51277","DnaJ heat shock protein family (Hsp40) member C27","Down"
-5.56210017202933,6.39035022985941,-7.13244655930895,6.31793009436323e-11,1.20498405527097e-09,14.3167902989982,"STXBP6","29091","syntaxin binding protein 6","Down"
-3.81171333746463,5.67100250699367,-7.1309951436182,6.36588600016498e-11,1.21297410671715e-09,14.3093752466021,"CALB2","794","calbindin 2","Down"
-1.76677953529961,9.08895766044692,-7.12971476131508,6.40848966656593e-11,1.21993009285428e-09,14.3028345145909,"ENTPD6","955","ectonucleoside triphosphate diphosphohydrolase 6 (putative)","Down"
-1.71119849936588,10.9700350001488,-7.12534009370574,6.55619243454938e-11,1.24686066576074e-09,14.2804906781359,"BTBD3","22903","BTB domain containing 3","Down"
-5.50857941087548,6.11621511480142,-7.11514712592204,6.91353146314384e-11,1.31357097799733e-09,14.2284524770372,"RFPL1S","10740","RFPL1 antisense RNA 1","Down"
2.7952591281355,7.45651776653379,7.1106157884023,7.07851118991467e-11,1.3436411136302e-09,14.2053289324395,"MORC4","79710","MORC family CW-type zinc finger 4","Up"
1.71455357423964,9.70300221153639,7.10999271491743,7.10149888974271e-11,1.34672690319509e-09,14.2021498679126,"DNAAF5","54919","dynein axonemal assembly factor 5","Up"
-1.12979982790789,9.77225959356692,-7.10506120834203,7.28606633973707e-11,1.38041978465075e-09,14.1769924307603,"DEF8","54849","differentially expressed in FDCP 8 homolog","Down"
-1.34701147113722,7.5203217436126,-7.10370407499977,7.33768591279813e-11,1.38888440924647e-09,14.1700705161092,"CLUH","23277","clustered mitochondria homolog","Down"
-2.54589096596338,5.8143094130442,-7.10153749535615,7.42084405150932e-11,1.40329704100706e-09,14.1590212919491,"PIGZ","80235","phosphatidylinositol glycan anchor biosynthesis class Z","Down"
1.13509064373787,8.31121114877947,7.10014403329597,7.474820084977e-11,1.41216926761223e-09,14.1519156197448,"GCC1","79571","GRIP and coiled-coil domain containing 1","Up"
1.23551068712268,10.9337907508453,7.0989154416506,7.52273183771071e-11,1.41988014978376e-09,14.1456511709879,"NIFK","84365","nucleolar protein interacting with the FHA domain of MKI67","Up"
1.27322308565687,8.82953638664917,7.09504307746232,7.67573988308053e-11,1.44739423035619e-09,14.1259095003777,"TRIP4","9325","thyroid hormone receptor interactor 4","Up"
1.87755805116588,12.1807488687298,7.09355730695812,7.7352604726687e-11,1.45724440938496e-09,14.118336144444,"ODC1","4953","ornithine decarboxylase 1","Up"
1.36320124884259,9.50910350872639,7.09228803481,7.78646945564452e-11,1.46551170648241e-09,14.111866881389,"BACH1","571","BTB domain and CNC homolog 1","Up"
-4.30799814791834,5.47454693974627,-7.09014285732587,7.87378029078514e-11,1.48055190110656e-09,14.1009344205306,"CACNA2D3","55799","calcium voltage-gated channel auxiliary subunit alpha2delta 3","Down"
4.25308064951828,6.96755285815402,7.08950993010838,7.89972555194583e-11,1.48403576636413e-09,14.0977091099114,"FBN2","2201","fibrillin 2","Up"
-1.30560482802512,8.21424975399219,-7.08870659935023,7.9327778799095e-11,1.48884697038789e-09,14.0936156261636,"C3orf18","51161","chromosome 3 open reading frame 18","Down"
1.34135140328843,9.30470836278325,7.08774240192195,7.97262956785485e-11,1.49492408401192e-09,14.0887026898912,"ICE2","79664","interactor of little elongation complex ELL subunit 2","Up"
2.03211367137962,6.37160465468189,7.08433721776122,8.1149617622043e-11,1.52018764022867e-09,14.0713543627904,"ELAC1","55520","elaC ribonuclease Z 1","Up"
-4.64757171545043,5.91926988462775,-7.07962350895041,8.3161442626732e-11,1.55641813155568e-09,14.0473455029064,"CNTN4","152330","contactin 4","Down"
2.41635150427823,7.75532873918592,7.07762275744855,8.40302089288838e-11,1.57024883738941e-09,14.0371569543077,"TAF1A","9015","TATA-box binding protein associated factor, RNA polymerase I subunit A","Up"
-1.22098243332098,9.26370656606438,-7.07273218502835,8.61917602613095e-11,1.60861804808584e-09,14.012257676838,"PQLC1","80148","PQ loop repeat containing 1","Down"
-1.88815236221841,2.2789723453768,-7.07225899041546,8.64037994516382e-11,1.61058535651266e-09,14.0098489083097,"GOLT1A","127845","golgi transport 1A","Down"
-1.66177969779257,10.7261429677737,-7.07213783273812,8.64581732840804e-11,1.61058535651266e-09,14.0092321737909,"QDPR","5860","quinoid dihydropteridine reductase","Down"
1.55516223294445,10.2641778730092,7.07066495508533,8.71218921040795e-11,1.62143971658262e-09,14.0017350852626,"SMARCC1","6599","SWI/SNF related, matrix associated, actin dependent regulator of chromatin subfamily c member 1","Up"
1.75243606982459,7.0393539956084,7.06811701301585,8.82819831952885e-11,1.64150338084399e-09,13.988767424862,"LRRCC1","85444","leucine rich repeat and coiled-coil centrosomal protein 1","Up"
-5.14529357768778,5.36427202426148,-7.06738549504229,8.86178605938285e-11,1.64621869721516e-09,13.985044767201,"FGF12","2257","fibroblast growth factor 12","Down"
1.24188039013642,11.565971954647,7.06523782044483,8.96112869670074e-11,1.66312895950734e-09,13.9741163330737,"CPNE3","8895","copine 3","Up"
-1.01160970269625,9.76454272942071,-7.0549468627199,9.45263941001363e-11,1.75272434361578e-09,13.9217709926483,"MARK4","57787","microtubule affinity regulating kinase 4","Down"
3.14439466017843,8.31484114933278,7.05403157687013,9.49762451593682e-11,1.75943494157729e-09,13.9171169748351,"HSPG2","3339","heparan sulfate proteoglycan 2","Up"
2.56751464903313,7.82394118979432,7.05258410848504,9.56919819303875e-11,1.77105410035269e-09,13.9097574715732,"TTC30A","92104","tetratricopeptide repeat domain 30A","Up"
-1.12464651077337,2.08030360477734,-7.05215387108371,9.59057499673746e-11,1.77336999962779e-09,13.9075701016624,"LINC01018","255167","long intergenic non-protein coding RNA 1018","Down"
1.06732633442616,8.13963836585633,7.04658376619233,9.87163200989437e-11,1.82247781179841e-09,13.8792564176815,"SDHAF2","54949","succinate dehydrogenase complex assembly factor 2","Up"
1.63289882599599,9.70247985959698,7.0465302060157,9.87437370914919e-11,1.82247781179841e-09,13.8789842108846,"MCM3","4172","minichromosome maintenance complex component 3","Up"
1.55703752271978,8.25276771331112,7.04415832350557,9.99654629107047e-11,1.84332628244651e-09,13.8669305961352,"PRIMPOL","201973","primase and DNA directed polymerase","Up"
-4.91819536777903,3.98824540609296,-7.04288715398079,1.00626365432444e-10,1.85380450571539e-09,13.8604714030215,"PTPN5","84867","protein tyrosine phosphatase, non-receptor type 5","Down"
1.02117923674292,12.593149965613,7.03898586791162,1.02681806389776e-10,1.88993091116859e-09,13.8406510003372,"HSBP1","3281","heat shock factor binding protein 1","Up"
-3.5770780152745,5.80290615974941,-7.03768269393334,1.03377607021769e-10,1.90098877176887e-09,13.8340313285219,"GLT1D1","144423","glycosyltransferase 1 domain containing 1","Down"
2.15834672419487,8.86827838573929,7.03553850424322,1.04532608947288e-10,1.92046272470926e-09,13.8231407627672,"STK36","27148","serine/threonine kinase 36","Up"
4.03493237812057,9.08555207864107,7.03189833559138,1.06522732874436e-10,1.9534375037753e-09,13.8046553093896,"PLP2","5355","proteolipid protein 2","Up"
1.36267245022537,9.78061100387207,7.03134889721729,1.06826353800399e-10,1.95721141070016e-09,13.8018655253643,"MIR6748","102465448","microRNA 6748","Up"
1.45920702097994,7.67002728370976,7.02887097736168,1.08206323975812e-10,1.980680625603e-09,13.7892850334659,"DIEXF","27042","digestive organ expansion factor homolog (zebrafish)","Up"
-3.20570375259822,7.32829044300183,-7.02591081939184,1.09877976163803e-10,2.00760609051068e-09,13.7742587652769,"GUCY1A3","2982","guanylate cyclase 1 soluble subunit alpha","Down"
1.7633128717566,7.82701850616793,7.02485141415349,1.10482423980782e-10,2.01680826330611e-09,13.7688817220193,"SGSH","6448","N-sulfoglucosamine sulfohydrolase","Up"
-3.77966269870973,4.30219709211213,-7.02433335137958,1.10779202506064e-10,2.02038241070083e-09,13.7662524091409,"PTPN20","26095","protein tyrosine phosphatase, non-receptor type 20","Down"
1.824296654642,8.22884129039675,7.01941784474716,1.13634621151579e-10,2.07057182639311e-09,13.7413091075527,"DCLRE1B","64858","DNA cross-link repair 1B","Up"
-1.10216978634161,12.522329612044,-7.01857374343241,1.14132228324295e-10,2.07774658060434e-09,13.7370265671067,"TSPYL1","7259","TSPY like 1","Down"
-1.73334344353551,7.16657315144053,-7.00838794241457,1.20309424193395e-10,2.18423833923526e-09,13.685366977393,"DGKQ","1609","diacylglycerol kinase theta","Down"
1.63733907008777,8.87758046164053,7.0057785303696,1.21944378299032e-10,2.21191403139505e-09,13.6721381067376,"IPP","3652","intracisternal A particle-promoted polypeptide","Up"
1.76845606095615,8.32093323607651,7.00476362756214,1.2258619238653e-10,2.22154162235264e-09,13.6669934700006,"ORMDL2","29095","ORMDL sphingolipid biosynthesis regulator 2","Up"
1.33782927021433,10.7027634989544,7.00191627881447,1.24404708068041e-10,2.25042042885832e-09,13.6525617611097,"GAR1","54433","GAR1 ribonucleoprotein","Up"
-1.58660882634332,10.0402428970224,-7.00158125091821,1.24620426196016e-10,2.25228623929872e-09,13.6508638527942,"KIF3A","11127","kinesin family member 3A","Down"
-3.09860622729224,8.45743127667899,-6.99580391572025,1.28399049482093e-10,2.31639295129687e-09,13.6215902250131,"CNTNAP1","8506","contactin associated protein 1","Down"
-1.51555091740822,7.9784852467397,-6.99145512203389,1.31317856123063e-10,2.36478519122783e-09,13.5995620786677,"SLC25A26","115286","solute carrier family 25 member 26","Down"
-3.9423975581052,5.28024649715917,-6.98323698778812,1.37013898229063e-10,2.46514124268782e-09,13.5579510530465,"XK","7504","X-linked Kx blood group","Down"
3.00595932554188,6.06568108923207,6.98141435242315,1.38309895889298e-10,2.48622289942244e-09,13.5487254297978,"SMO","6608","smoothened, frizzled class receptor","Up"
-3.75799881652426,6.7274339687613,-6.97873184792449,1.40239380625092e-10,2.51864388524795e-09,13.5351493684925,"LOC101927562","101927562","uncharacterized LOC101927562","Down"
-2.04628607596299,2.94816980573746,-6.97563900634483,1.42497055944765e-10,2.55689560384477e-09,13.5194995002056,"LOC375196","375196","uncharacterized LOC375196","Down"
-4.77881211964511,8.83167953987562,-6.97457297031341,1.43283523907409e-10,2.56870381972717e-09,13.5141060459154,"PRKCB","5579","protein kinase C beta","Down"
1.34815491790315,8.6009731656087,6.97392297307426,1.43765163325495e-10,2.57503099610848e-09,13.5108176603917,"NOC3L","64318","NOC3 like DNA replication regulator","Up"
-1.01103688138331,12.4050033133763,-6.9730725535004,1.44397730365137e-10,2.58404775618542e-09,13.5065155301232,"WSB2","55884","WD repeat and SOCS box containing 2","Down"
1.90133292445936,10.7475567569223,6.97132603842424,1.45705479039968e-10,2.60279421352915e-09,13.4976809391557,"ELAVL1","1994","ELAV like RNA binding protein 1","Up"
1.47568126959243,9.18485134135272,6.97086679919961,1.46051285831833e-10,2.60664413526984e-09,13.4953580829707,"ARL13B","200894","ADP ribosylation factor like GTPase 13B","Up"
1.58476926746226,8.30776744160065,6.96999606274819,1.46709178453373e-10,2.61486861808535e-09,13.4909540403046,"PIGO","84720","phosphatidylinositol glycan anchor biosynthesis class O","Up"
-3.3815937397315,5.30810165941976,-6.96768728771601,1.48467808074733e-10,2.6427005659708e-09,13.4792778267518,"SGSM1","129049","small G protein signaling modulator 1","Down"
-3.80522499002709,4.28527752891231,-6.96686712018306,1.49097544984237e-10,2.65155073999967e-09,13.4751303946243,"PDE2A","5138","phosphodiesterase 2A","Down"
-1.81695569625872,6.09679121688964,-6.96627882874807,1.4955086928849e-10,2.65725065884087e-09,13.4721556508807,"ZFYVE27","118813","zinc finger FYVE-type containing 27","Down"
-1.67422426496647,8.35843495869467,-6.9593829004612,1.54967381307578e-10,2.74861028175594e-09,13.4372942299915,"ZER1","10444","zyg-11 related cell cycle regulator","Down"
-1.47323920623992,9.87026136965213,-6.95666505827484,1.5715502489807e-10,2.78001819905897e-09,13.4235588107996,"RAB11FIP2","22841","RAB11 family interacting protein 2","Down"
-1.55181814613768,10.1757274257672,-6.95565230896249,1.57977988854002e-10,2.7921074408145e-09,13.4184411993437,"LYSMD2","256586","LysM domain containing 2","Down"
4.55908519462169,8.50234589957846,6.95361074165861,1.5964994366913e-10,2.81893431393946e-09,13.4081257968387,"CENPU","79682","centromere protein U","Up"
1.49484123685528,10.4944440220366,6.95345566939779,1.5977765342167e-10,2.81893431393946e-09,13.4073423207514,"VKORC1","79001","vitamin K epoxide reductase complex subunit 1","Up"
1.56115092019605,10.0847267376877,6.95007075745715,1.62590590230141e-10,2.86603518831227e-09,13.3902425908464,"ARHGEF40","55701","Rho guanine nucleotide exchange factor 40","Up"
-1.71766611988738,11.1305548015256,-6.94524515259606,1.66685589845973e-10,2.93563256694401e-09,13.3658713236405,"CCSAP","126731","centriole, cilia and spindle associated protein","Down"
-2.18915118727186,4.83945834777663,-6.94247393381451,1.69083144694919e-10,2.97523876509344e-09,13.3518789909771,"LOC101060405","101060405","putative RRN3-like protein RRN3P1","Down"
1.70664247410427,7.47568814972698,6.94148110942711,1.69950365552717e-10,2.98524755365514e-09,13.346866672645,"DISP1","84976","dispatched RND transporter family member 1","Up"
-1.72424895846641,3.41537524088734,-6.9395559522135,1.71644513644276e-10,3.01236121445704e-09,13.3371483521996,"PICK1","9463","protein interacting with PRKCA 1","Down"
-4.32252306540645,4.76416470319929,-6.93866374280361,1.72435311898915e-10,3.02293738065814e-09,13.3326448329993,"CAMKV","79012","CaM kinase like vesicle associated","Down"
2.28738761281091,9.29956845320911,6.93853543435943,1.72549332169321e-10,3.02293738065814e-09,13.3319972043716,"STT3A","3703","STT3A, catalytic subunit of the oligosaccharyltransferase complex","Up"
1.06699036547107,8.44918083670858,6.93538511535882,1.75372330007579e-10,3.06970621737675e-09,13.3160978686889,"EFL1","79631","elongation factor like GTPase 1","Up"
1.13791836833084,11.322285956777,6.93465061479773,1.7603704894603e-10,3.07864793554478e-09,13.3123913890069,"PRKDC","5591","protein kinase, DNA-activated, catalytic polypeptide","Up"
-1.57644971607561,2.99983616254083,-6.93365025930299,1.76946371611075e-10,3.09184808456139e-09,13.3073436220412,"LOC101926887","101926887","uncharacterized LOC101926887","Down"
1.55406201904694,8.24278106543278,6.93318741589534,1.77368665257655e-10,3.09652258796676e-09,13.3050082380439,"RBM28","55131","RNA binding motif protein 28","Up"
1.59808949521985,8.15863714814225,6.92298107121488,1.86938145142403e-10,3.26074234512996e-09,13.253527690687,"CNPY4","245812","canopy FGF signaling regulator 4","Up"
-1.58222580634011,9.34643765866018,-6.92231604861917,1.87579082022521e-10,3.26907203312245e-09,13.2501745257363,"AUH","549","AU RNA binding methylglutaconyl-CoA hydratase","Down"
-1.29129243259363,11.8918875500504,-6.9195788967219,1.90240041334911e-10,3.31256092862277e-09,13.23637484595,"TSPYL4","23270","TSPY like 4","Down"
1.41598929356022,8.43176718074325,6.91868020898494,1.91121820561911e-10,3.32502109911491e-09,13.2318445438489,"TOR3A","64222","torsin family 3 member A","Up"
-1.22583811832229,10.6137022029117,-6.91748135782923,1.92304406059327e-10,3.3426883162719e-09,13.2258015279913,"C12orf29","91298","chromosome 12 open reading frame 29","Down"
-2.94519734926555,3.6081233091184,-6.91721036854099,1.92572718968322e-10,3.34444651770765e-09,13.2244356256593,"MPPED1","758","metallophosphoesterase domain containing 1","Down"
-2.70736029468318,9.65440254074905,-6.91546416123618,1.94310574191168e-10,3.37170135112116e-09,13.2156345740904,"CAP2","10486","CAP, adenylate cyclase-associated protein, 2 (yeast)","Down"
1.3947656670382,7.76441198478231,6.91284429034025,1.96947021296303e-10,3.41448791600964e-09,13.2024320680777,"INTS9","55756","integrator complex subunit 9","Up"
1.77663262688869,7.80164903293828,6.91129474590407,1.98522973432466e-10,3.43883041511979e-09,13.1946244062398,"ZNF677","342926","zinc finger protein 677","Up"
1.80244152971058,10.6539118501727,6.90653352975401,2.03443712597387e-10,3.52101934077503e-09,13.1706391336,"UCP2","7351","uncoupling protein 2","Up"
-3.3236087363741,6.11219779616982,-6.90555927260608,2.04465367045543e-10,3.53564269531562e-09,13.165732108229,"TMEM56","148534","transmembrane protein 56","Down"
-2.42864326327502,3.89272283518503,-6.90435660861435,2.05733534100368e-10,3.55449984174962e-09,13.1596751045553,"KCTD4","386618","potassium channel tetramerization domain containing 4","Down"
-1.36500411870552,10.9433472102254,-6.90361070939625,2.06523960316724e-10,3.56200420177301e-09,13.1559187570196,"LMBRD2","92255","LMBR1 domain containing 2","Down"
-3.1717794209693,4.19552541400278,-6.90255969663759,2.07642809251711e-10,3.57821678268646e-09,13.1506261719147,"TRHDE-AS1","283392","TRHDE antisense RNA 1","Down"
2.1648492177572,7.28223653588148,6.90136105208529,2.08926130191124e-10,3.59723329323049e-09,13.1445906056217,"MAPK7","5598","mitogen-activated protein kinase 7","Up"
2.8803444810908,6.89038360129296,6.89837086554084,2.12161814592283e-10,3.64980346048823e-09,13.1295361243913,"MSH5-SAPCD1","100532732","MSH5-SAPCD1 readthrough (NMD candidate)","Up"
1.24268294063905,12.1425914206012,6.8960888029075,2.14664505219766e-10,3.68968449822324e-09,13.118048787315,"TRAM1","23471","translocation associated membrane protein 1","Up"
-1.04710883046673,1.98325388134444,-6.89558493577772,2.15221004813208e-10,3.69607437192948e-09,13.1155126790035,"PDE1B","5153","phosphodiesterase 1B","Down"
-2.84844078007957,10.0192722226976,-6.89139758553929,2.1990123807701e-10,3.77321103791315e-09,13.0944398141666,"APLP1","333","amyloid beta precursor like protein 1","Down"
1.20311028890328,10.091650061294,6.88354943205438,2.28945638015667e-10,3.92167412652349e-09,13.0549597016453,"AIMP2","7965","aminoacyl tRNA synthetase complex interacting multifunctional protein 2","Up"
-1.1608290960818,11.321875658769,-6.8804896241181,2.3257056272721e-10,3.97835340215521e-09,13.0395729273464,"PLEKHB2","55041","pleckstrin homology domain containing B2","Down"
-4.13763153953051,3.41423844850538,-6.88028580253885,2.32814032567163e-10,3.97835340215521e-09,13.0385480865783,"MAST1","22983","microtubule associated serine/threonine kinase 1","Down"
-3.92924938262374,4.38712796340136,-6.88025479506326,2.32851093813353e-10,3.97835340215521e-09,13.0383921782752,"RTN4R","65078","reticulon 4 receptor","Down"
1.47466144984109,11.2878216723049,6.87978244125619,2.33416389247698e-10,3.98460895877021e-09,13.0360171817799,"RCN1","5954","reticulocalbin 1","Up"
1.18422718317034,10.6873949236829,6.87761699507999,2.36025318708732e-10,4.02571061500904e-09,13.0251302681773,"GSTP1","2950","glutathione S-transferase pi 1","Up"
-1.47659739466634,10.1270292375595,-6.87629782928456,2.37628748502042e-10,4.04960678984698e-09,13.0184988515497,"NKIRAS1","28512","NFKB inhibitor interacting Ras like 1","Down"
-3.33672764833998,8.15692055279935,-6.8761134496824,2.37853715132169e-10,4.04999087544622e-09,13.0175720259387,"KIF3C","3797","kinesin family member 3C","Down"
3.07525082094082,6.53146028340414,6.87580812059643,2.382267183677e-10,4.05289281835253e-09,13.0160372455718,"LRR1","122769","leucine rich repeat protein 1","Up"
1.29781034204812,10.3227823847688,6.87409024060514,2.40336152626889e-10,4.08530620697211e-09,13.0074026588289,"TPRKB","51002","TP53RK binding protein","Up"
-1.21665382357996,9.51782689391533,-6.87174377262578,2.43247292948648e-10,4.13128063669235e-09,12.995610198351,"CLTB","1212","clathrin light chain B","Down"
-3.03299651181914,7.43639215527698,-6.87083790330648,2.44380454269805e-10,4.14700572398303e-09,12.9910581365076,"ZCCHC12","170261","zinc finger CCHC-type containing 12","Down"
3.25806266442537,7.97928607559408,6.86990620248972,2.45551368598942e-10,4.16334426403307e-09,12.9863765570419,"DRAXIN","374946","dorsal inhibitory axon guidance protein","Up"
1.13307813148415,12.1704809489458,6.86854057479916,2.47277642408035e-10,4.18906332909193e-09,12.9795151233781,"TCEAL9","51186","transcription elongation factor A like 9","Up"
1.2104046400466,10.0543979203875,6.86237285517459,2.55224726775637e-10,4.32003477884955e-09,12.9485339661407,"POT1","25913","protection of telomeres 1","Up"
1.11943820254036,11.7759214289911,6.8620557548183,2.55640059705413e-10,4.32340716358935e-09,12.946941481164,"FUS","2521","FUS RNA binding protein","Up"
-1.84834187584649,6.48896514497308,-6.86181672169461,2.55953582716345e-10,4.32505348767391e-09,12.9457410739457,"GRASP","160622","general receptor for phosphoinositides 1 associated scaffold protein","Down"
1.42398951471163,9.47842807476414,6.85746868984167,2.61723343160168e-10,4.41881765958269e-09,12.923908931517,"PGGT1B","5229","protein geranylgeranyltransferase type I subunit beta","Up"
-1.10866761198239,10.277571404378,-6.8545661609656,2.65646265997944e-10,4.4812688396466e-09,12.9093384341164,"ARPC5L","81873","actin related protein 2/3 complex subunit 5 like","Down"
1.41417752726929,8.58896069281988,6.85279493200482,2.68068654950227e-10,4.51832315045426e-09,12.9004483832454,"ERI2","112479","ERI1 exoribonuclease family member 2","Up"
1.98733061264214,8.17686553047852,6.85232126799237,2.68720142314744e-10,4.52549148761876e-09,12.8980711756502,"ATAD2B","54454","ATPase family, AAA domain containing 2B","Up"
1.26496233196101,7.40591366509805,6.84950133522915,2.72631235305604e-10,4.58749632023484e-09,12.8839201705682,"COG7","91949","component of oligomeric golgi complex 7","Up"
1.03142312793234,10.4955068873782,6.84688055620123,2.7631650023639e-10,4.64560018506677e-09,12.870770972229,"MRPL53","116540","mitochondrial ribosomal protein L53","Up"
1.85979246516975,9.32336163123976,6.8448585457532,2.79193382225191e-10,4.68474240059681e-09,12.8606275566146,"RBBP8","5932","RB binding protein 8, endonuclease","Up"
-5.63607180939303,4.35736520742556,-6.84469695433631,2.79424564323744e-10,4.68474240059681e-09,12.8598169930273,"TRPM3","80036","transient receptor potential cation channel subfamily M member 3","Down"
1.78142517653287,6.99051302692811,6.84462149253697,2.79532589130697e-10,4.68474240059681e-09,12.8594384698473,"MRE11A","4361","MRE11 homolog A, double strand break repair nuclease","Up"
1.90489254982024,7.79450329220864,6.84458749693437,2.79581267871875e-10,4.68474240059681e-09,12.8592679454742,"TP53RK","112858","TP53 regulating kinase","Up"
-2.5883789073455,6.9194488363784,-6.8426351488694,2.82390953900809e-10,4.72786260643806e-09,12.8494754852565,"CACNB3","784","calcium voltage-gated channel auxiliary subunit beta 3","Down"
-1.61376023232926,7.62940397490071,-6.84235590363112,2.82795097850668e-10,4.73067016948019e-09,12.8480749708253,"HDAC5","10014","histone deacetylase 5","Down"
1.39390352293596,11.7808224193471,6.8417247726717,2.83710622318697e-10,4.7420204016125e-09,12.8449097214756,"GNG5","2787","G protein subunit gamma 5","Up"
2.1540188375434,11.4166749855778,6.83177085957628,2.985431240981e-10,4.98161157950849e-09,12.7950067233318,"LTBP3","4054","latent transforming growth factor beta binding protein 3","Up"
1.40260261083313,11.2930396984699,6.82967540079694,3.01761854433434e-10,5.03112451804143e-09,12.7845056323869,"CMTM6","54918","CKLF like MARVEL transmembrane domain containing 6","Up"
1.43429024090407,9.51827761233024,6.82938851046919,3.02205191632902e-10,5.03432079017441e-09,12.7830680390387,"PPIL4","85313","peptidylprolyl isomerase like 4","Up"
4.26643908150433,9.76318473946574,6.82893023878035,3.02914702687216e-10,5.03857553163152e-09,12.7807717202574,"STON1","11037","stonin 1","Up"
1.1914169834756,9.11504245391325,6.82889825606826,3.02964280729381e-10,5.03857553163152e-09,12.7806114631862,"TMPPE","643853","transmembrane protein with metallophosphoesterase domain","Up"
1.74030635693412,7.76025548052355,6.82440684826214,3.10006825907745e-10,5.14714237837033e-09,12.7581096460996,"SAYSD1","55776","SAYSVFN motif domain containing 1","Up"
2.49936578582452,7.90948840196456,6.82334327312804,3.11698051395823e-10,5.17093110636503e-09,12.7527821742665,"ZNF709","163051","zinc finger protein 709","Up"
-3.22237338807667,7.1196374305316,-6.8195127957886,3.17864869533807e-10,5.26886697991954e-09,12.7335984265748,"ASPHD2","57168","aspartate beta-hydroxylase domain containing 2","Down"
-1.19836002379974,9.22322436848438,-6.81374908697395,3.27371811286843e-10,5.41747545774679e-09,12.7047421430227,"FBXO34","55030","F-box protein 34","Down"
2.56014899875799,6.70282978842065,6.80628000212303,3.40110460434909e-10,5.62362808423242e-09,12.6673647334867,"SAAL1","113174","serum amyloid A like 1","Up"
1.63775262959796,10.0900518767388,6.80587472728116,3.40815493919843e-10,5.63063219393418e-09,12.665337170896,"CASP2","835","caspase 2","Up"
3.35538360609177,11.7747104534743,6.8054531833335,3.4155036122665e-10,5.63684694335128e-09,12.6632282748824,"COL3A1","1281","collagen type III alpha 1 chain","Up"
2.14914569446528,7.4119866084726,6.80533586775532,3.41755152810771e-10,5.63684694335128e-09,12.6626413804838,"LOC730101","730101","uncharacterized LOC730101","Up"
-1.76411135603939,8.54441242330065,-6.80511731022942,3.42137000538418e-10,5.63849668020768e-09,12.6615480158039,"CHIC1","53344","cysteine rich hydrophobic domain 1","Down"
-3.38753323625234,8.44047821198828,-6.8035885073295,3.44819820075176e-10,5.6780330372379e-09,12.6539004234558,"ADAM22","53616","ADAM metallopeptidase domain 22","Down"
4.46261875164931,6.73011462057787,6.80172024815141,3.48126553877764e-10,5.72776970677009e-09,12.6445558452537,"BUB1B","701","BUB1 mitotic checkpoint serine/threonine kinase B","Up"
-1.32586122784919,10.5009530722328,-6.80088276599135,3.4961900579419e-10,5.74759856115395e-09,12.6403673524395,"MAP2K1","5604","mitogen-activated protein kinase kinase 1","Down"
-2.20989835486193,8.64944231432544,-6.79887682742856,3.53219468999316e-10,5.79726162122175e-09,12.6303360484944,"SSX2IP","117178","SSX family member 2 interacting protein","Down"
1.27301168999408,8.84196811277041,6.79488413400022,3.6049528219024e-10,5.91182713998371e-09,12.6103734948453,"LINC00909","400657","long intergenic non-protein coding RNA 909","Up"
1.13148550458185,8.69340908650118,6.79279640134077,3.64358443113044e-10,5.97028613543216e-09,12.5999374949771,"ARHGAP17","55114","Rho GTPase activating protein 17","Up"
-2.70171340083439,6.79307888093663,-6.79199749246667,3.65847542306063e-10,5.98978050647906e-09,12.5959443672001,"MGAT3","4248","mannosyl (beta-1,4-)-glycoprotein beta-1,4-N-acetylglucosaminyltransferase","Down"
-1.85710361976529,8.56644825492367,-6.78942971580762,3.70674479127852e-10,6.0638465281365e-09,12.5831115275007,"PLEKHM3","389072","pleckstrin homology domain containing M3","Down"
-1.68081653297666,9.65027365545947,-6.78805134394472,3.73291442666983e-10,6.1016682135934e-09,12.5762238506596,"MAP1LC3A","84557","microtubule associated protein 1 light chain 3 alpha","Down"
1.40482617117225,9.58443237178698,6.78765986127638,3.74038028804665e-10,6.1088806875877e-09,12.5742677447952,"DRAM2","128338","DNA damage regulated autophagy modulator 2","Up"
1.67965687601176,8.27878339130172,6.78160566364004,3.85773311399289e-10,6.28515198791984e-09,12.5440237170558,"P3H4","10609","prolyl 3-hydroxylase family member 4 (non-enzymatic)","Up"
1.90313827205976,10.5109569637727,6.78127583551522,3.86422980333679e-10,6.29061396870295e-09,12.5423764091921,"TCF3","6929","transcription factor 3","Up"
-2.09613570963098,9.22819533950018,-6.78088413341498,3.87195927088959e-10,6.29807228721041e-09,12.5404201241571,"CYLD","1540","CYLD lysine 63 deubiquitinase","Down"
3.24787289549343,8.70189803088254,6.77849470665944,3.91944158293049e-10,6.37012735578313e-09,12.5284877158973,"SERPINH1","871","serpin family H member 1","Up"
-1.24923879920184,11.6527177762686,-6.77753943688063,3.9385850224729e-10,6.39604468706293e-09,12.5237178072346,"NUDT3","11165","nudix hydrolase 3","Down"
-4.34550506408396,5.31107911134988,-6.77656781907168,3.95815077622126e-10,6.42124099254955e-09,12.5188665928894,"VSTM2L","128434","V-set and transmembrane domain containing 2 like","Down"
-1.45582203125563,10.5675251185226,-6.77645051180406,3.96051951057437e-10,6.42124099254955e-09,12.5182809086895,"LRP11","84918","LDL receptor related protein 11","Down"
-1.5744217563695,10.2739211073266,-6.77337215360099,4.02318220766475e-10,6.51755517641689e-09,12.5029131842658,"PINK1","65018","PTEN induced putative kinase 1","Down"
-2.15062693745076,6.06556133074817,-6.77025257419674,4.08768253686773e-10,6.61668806756576e-09,12.4873430293312,"SLC2A6","11182","solute carrier family 2 member 6","Down"
-1.08751664292091,2.53957827945994,-6.76385388173385,4.22319340423911e-10,6.83051175736555e-09,12.4554170468306,"NGB","58157","neuroglobin","Down"
-1.21280801513537,3.04351769719296,-6.76169946041891,4.26981017571397e-10,6.90033054810254e-09,12.4446708646546,"TRIM44","54765","tripartite motif containing 44","Down"
1.07156439410105,5.72274417832645,6.75996169336514,4.30778134996027e-10,6.95607598617071e-09,12.4360041175344,"EP400NL","347918","EP400 N-terminal like","Up"
5.30768415520933,7.34872995858367,6.75943098990497,4.31944382841942e-10,6.96928328025704e-09,12.4333575554863,"ASPM","259266","abnormal spindle microtubule assembly","Up"
-2.59037849188521,8.7174763409045,-6.75403943900539,4.43970714934385e-10,7.15178912535606e-09,12.406476026657,"ANKRD9","122416","ankyrin repeat domain 9","Down"
2.18141994020578,7.68268804697751,6.75370099665721,4.44736571478447e-10,7.15836249844673e-09,12.4047889380563,"C5","727","complement component 5","Up"
-6.96624960573097,6.28473875676047,-6.75331329838362,4.45615491503562e-10,7.1667436804757e-09,12.4028563645712,"MYT1L","23040","myelin transcription factor 1 like","Down"
-1.60109233290887,9.75755672695598,-6.75071722107198,4.51545199988219e-10,7.25444957318882e-09,12.3899169573612,"FAM217B","63939","family with sequence similarity 217 member B","Down"
1.57944852909776,8.23911356826254,6.75060899639495,4.51794080481495e-10,7.25444957318882e-09,12.3893775934304,"CHCHD5","84269","coiled-coil-helix-coiled-coil-helix domain containing 5","Up"
-1.10722086223715,9.60772588767592,-6.74947702849311,4.54405357091254e-10,7.29052764981935e-09,12.3837364020933,"BAP1","8314","BRCA1 associated protein 1","Down"
1.78190054010716,8.38884009707515,6.74928238204433,4.54855875545681e-10,7.2919082548417e-09,12.3827664216029,"ZBED3","84327","zinc finger BED-type containing 3","Up"
-4.22416431435852,8.67161805623118,-6.74637587326424,4.61635816790291e-10,7.39467396839339e-09,12.3682840095536,"DYNC1I1","1780","dynein cytoplasmic 1 intermediate chain 1","Down"
-3.61994216811848,5.75709791048982,-6.74371672637001,4.6792608355145e-10,7.48345096212139e-09,12.3550367295178,"LOC153811","153811","uncharacterized LOC153811","Down"
-5.55765572521335,6.26941366864053,-6.74337422308741,4.68742408647704e-10,7.49051866598612e-09,12.3533306340971,"RGS4","5999","regulator of G-protein signaling 4","Down"
-3.50875443633814,3.5079947254442,-6.74104418492833,4.74333277310563e-10,7.57381155558854e-09,12.3417252157906,"LDB3","11155","LIM domain binding 3","Down"
1.19911897295528,10.6911841945172,6.74059742732264,4.75412757681682e-10,7.5849944521032e-09,12.3395002297231,"MIR664B","100847052","microRNA 664b","Up"
-4.5420166567338,6.75059649149757,-6.73346077911161,4.92989171292233e-10,7.85915087652885e-09,12.3039670865274,"ALDH1A1","216","aldehyde dehydrogenase 1 family member A1","Down"
1.14933510056943,10.3465112837722,6.73031898958378,5.00928806502258e-10,7.97936515261997e-09,12.2883298875219,"AIMP1","9255","aminoacyl tRNA synthetase complex interacting multifunctional protein 1","Up"
3.54912632351499,8.59000389798065,6.73001446820948,5.01705041524918e-10,7.98537212871045e-09,12.2868144194609,"TGFB1I1","7041","transforming growth factor beta 1 induced transcript 1","Up"
1.54638375682972,14.1975731528746,6.72209084471627,5.22325296390032e-10,8.30696518670537e-09,12.2473935287415,"SPARC","6678","secreted protein acidic and cysteine rich","Up"
5.24362218788981,7.88682599477065,6.71989047782885,5.28198407796216e-10,8.39369781157974e-09,12.2364503889028,"MFAP2","4237","microfibrillar associated protein 2","Up"
2.37346355695884,10.0421306735192,6.71725410017571,5.35321185519429e-10,8.50013568149779e-09,12.2233410757734,"RP2","6102","retinitis pigmentosa 2 (X-linked recessive)","Up"
-2.04528465198146,9.23420391483089,-6.71334809213544,5.46048782999692e-10,8.66359873233532e-09,12.2039230748415,"PIP5K1C","23396","phosphatidylinositol-4-phosphate 5-kinase type 1 gamma","Down"
-1.28280424141848,6.33779322029615,-6.71130873593516,5.51733773706897e-10,8.74686023023287e-09,12.1937869337407,"IGH","3492","immunoglobulin heavy locus","Down"
-2.29895205999927,8.53215054459237,-6.71082269624364,5.53097274697514e-10,8.76153378849815e-09,12.1913714047194,"DACT3","147906","dishevelled binding antagonist of beta catenin 3","Down"
-1.28186764388967,8.95890971402296,-6.708974026852,5.58313849354638e-10,8.83717182281506e-09,12.1821846173498,"GOT2","2806","glutamic-oxaloacetic transaminase 2","Down"
2.17294698580473,6.43950111942308,6.70739442656295,5.6280961651504e-10,8.8942590818455e-09,12.1743359021859,"C10orf25","220979","chromosome 10 open reading frame 25","Up"
1.15956706803715,9.88608573696184,6.7064443461006,5.65530869580857e-10,8.93021002975865e-09,12.1696155697686,"AMMECR1L","83607","AMMECR1 like","Up"
-3.13769658473886,8.48467822153325,-6.70592069545976,5.67036274791256e-10,8.94692014964405e-09,12.1670140267671,"GRK3","157","G protein-coupled receptor kinase 3","Down"
1.2796371928286,6.75766071396763,6.70275766674797,5.76213898216e-10,9.08456379953311e-09,12.1513018858273,"ZNF555","148254","zinc finger protein 555","Up"
3.07981264449454,7.55502643566107,6.70158973430467,5.7963962084266e-10,9.13137786944811e-09,12.1455011540091,"TCTN1","79600","tectonic family member 1","Up"
-1.40300639325865,10.929713328008,-6.70083759984645,5.81856377521359e-10,9.15908776165998e-09,12.1417658087179,"MBNL2","10150","muscleblind like splicing regulator 2","Down"
1.06532974466817,8.41708303877118,6.69876584685716,5.88005786979792e-10,9.24860989001941e-09,12.1314778456498,"VWA9","81556","von Willebrand factor A domain containing 9","Up"
-1.24916455776246,10.0285170222096,-6.69797343198988,5.90374765553732e-10,9.27857653922508e-09,12.1275432550952,"SLC25A3","5250","solute carrier family 25 member 3","Down"
-1.54345214547403,2.94807102213846,-6.69537012731976,5.9822402379315e-10,9.39455890426181e-09,12.1146185946851,"GRP","2922","gastrin releasing peptide","Down"
1.52552005089164,7.04905124100959,6.69164880555224,6.09623369095055e-10,9.55856954975295e-09,12.0961474861901,"CLN3","1201","CLN3, battenin","Up"
-2.98555252488889,4.28742021783905,-6.6913786347317,6.10459267640241e-10,9.56418055417251e-09,12.0948066614419,"TIAM2","26230","T-cell lymphoma invasion and metastasis 2","Down"
-2.44424566932368,9.53625042861166,-6.68867643746109,6.1888224919397e-10,9.68855802787461e-09,12.0813974172858,"HOMER1","9456","homer scaffolding protein 1","Down"
1.16073318567659,9.79336935546811,6.68750103362958,6.2258178303565e-10,9.73885358342005e-09,12.0755654661257,"ZFP62","643836","ZFP62 zinc finger protein","Up"
-4.35433324165983,6.00094662928308,-6.68418940847745,6.33122754109727e-10,9.87286589358792e-09,12.0591369662263,"CACNB2","783","calcium voltage-gated channel auxiliary subunit beta 2","Down"
1.4690755733854,8.80778071855929,6.68062400866826,6.44668419838e-10,1.00372615375088e-08,12.0414539023847,"TMEM68","137695","transmembrane protein 68","Up"
1.29675184719914,7.8439292485674,6.67813970150944,6.5283581131558e-10,1.01565210552028e-08,12.029135343002,"ARAF","369","A-Raf proto-oncogene, serine/threonine kinase","Up"
2.89999184463123,8.12162215055095,6.67523500555332,6.62514828415741e-10,1.02910979597156e-08,12.0147350641324,"RAD51AP1","10635","RAD51 associated protein 1","Up"
1.96266282474615,7.50886634076089,6.67264250331144,6.71273066268002e-10,1.0419053713595e-08,12.0018850628643,"SPATA5","166378","spermatogenesis associated 5","Up"
-2.3512048684509,6.70382006426225,-6.67235432362995,6.72253650258116e-10,1.04261851013288e-08,12.000456819598,"DBP","1628","D-box binding PAR bZIP transcription factor","Down"
1.18077044077896,10.3694235908508,6.66742692651396,6.8924039402062e-10,1.06730902191722e-08,11.976040821965,"C11orf54","28970","chromosome 11 open reading frame 54","Up"
1.87224897739605,11.4916494852334,6.66283158214912,7.0546377121903e-10,1.09158651746165e-08,11.9532780469374,"P4HB","5034","prolyl 4-hydroxylase subunit beta","Up"
-2.45369031895352,8.30800402946846,-6.66073521393661,7.12989379250112e-10,1.10237855569219e-08,11.9428963270104,"ROGDI","79641","rogdi homolog","Down"
4.92369185370144,7.14932142193544,6.65758486188567,7.2444781320831e-10,1.11836631164033e-08,11.9272979976479,"PBK","55872","PDZ binding kinase","Up"
-3.00878973254616,6.95362291327355,-6.65621280998911,7.29494850152395e-10,1.12480403818657e-08,11.9205056774411,"ARHGAP26","23092","Rho GTPase activating protein 26","Down"
-4.90937731270704,6.14312183322521,-6.65614575106496,7.29742410939255e-10,1.12480403818657e-08,11.9201737207207,"ASPHD1","253982","aspartate beta-hydroxylase domain containing 1","Down"
1.74322494810657,6.63392692737698,6.65534363142675,7.32710021828217e-10,1.12764072359363e-08,11.9162031740857,"ZKSCAN4","387032","zinc finger with KRAB and SCAN domains 4","Up"
2.33951650027297,7.26163087984095,6.65383624692454,7.38319159416222e-10,1.13539980187858e-08,11.9087421455646,"IPO4","79711","importin 4","Up"
-3.12128458502591,6.05124980685479,-6.65184652525577,7.45788041559739e-10,1.14600471178846e-08,11.8988949698583,"LARGE1","9215","LARGE xylosyl- and glucuronyltransferase 1","Down"
2.69162789086232,9.49042571824059,6.64954058589857,7.5453721692684e-10,1.15855917874561e-08,11.8874846120116,"PROS1","5627","protein S (alpha)","Up"
1.07870721107744,12.9697152529922,6.64936406497226,7.55211128765088e-10,1.1587046819941e-08,11.8866112218914,"CBX3","11335","chromobox 3","Up"
-2.17487853305503,9.20005763613272,-6.64842956790237,7.58788706058906e-10,1.16241084549162e-08,11.8819877052795,"SLC25A23","79085","solute carrier family 25 member 23","Down"
1.32395751831912,12.1474643300535,6.64516226885909,7.71428984437585e-10,1.17996786633354e-08,11.8658248989291,"PRTFDC1","56952","phosphoribosyl transferase domain containing 1","Up"
1.33097346298882,8.7637153917071,6.64449965403742,7.74017682972454e-10,1.18302305448662e-08,11.8625475196491,"FTSJ3","117246","FtsJ homolog 3","Up"
-5.5078388260192,7.50914675334604,-6.64263681386116,7.8134141883374e-10,1.19330517302341e-08,11.8533345196342,"RUNDC3A","10900","RUN domain containing 3A","Down"
1.26778651968086,10.6315879903477,6.63685679640719,8.04503424627606e-10,1.22774218280126e-08,11.8247564297926,"FAM208B","54906","family with sequence similarity 208 member B","Up"
-3.97403255357391,8.31904223685036,-6.62520813964908,8.53260022066089e-10,1.30115649858813e-08,11.7671988794572,"HSPA12A","259217","heat shock protein family A (Hsp70) member 12A","Down"
-3.10014453776266,4.1970329363929,-6.62387398107215,8.59027032748174e-10,1.30895307267271e-08,11.7606097718513,"LOC101929036","101929036","uncharacterized LOC101929036","Down"
-1.19672078128718,4.62338531048769,-6.62140990604929,8.69779468176968e-10,1.3243286012037e-08,11.7484419649832,"RPS6KA4","8986","ribosomal protein S6 kinase A4","Down"
-3.14364841189481,8.33495485649408,-6.62053378651394,8.7363448087166e-10,1.32918669648664e-08,11.7441161466784,"DOCK3","1795","dedicator of cytokinesis 3","Down"
2.41813840895739,8.4580010393658,6.61766616710415,8.86370537009326e-10,1.34753915911441e-08,11.7299593027974,"MTHFD2L","441024","methylenetetrahydrofolate dehydrogenase (NADP+ dependent) 2-like","Up"
-1.5355985389192,8.49979950298633,-6.61602152282232,8.93757414225086e-10,1.35773762994695e-08,11.7218413865168,"CLCN6","1185","chloride voltage-gated channel 6","Down"
-1.2068768532221,9.13378991786461,-6.61221394926322,9.11092872164852e-10,1.38197385090237e-08,11.7030511006934,"ATG2B","55102","autophagy related 2B","Down"
1.72990458541926,10.417260428514,6.60778991491466,9.31651892827007e-10,1.41208783483257e-08,11.68122524437,"HNRNPF","3185","heterogeneous nuclear ribonucleoprotein F","Up"
-1.58464440891611,2.57684531848024,-6.59622099570863,9.87601940626173e-10,1.49462572058304e-08,11.6241841387768,"CYP26A1","1592","cytochrome P450 family 26 subfamily A member 1","Down"
-1.39828505090355,10.207563255633,-6.59289597654068,1.00428688663079e-09,1.5175806450772e-08,11.6077990526673,"RMND5A","64795","required for meiotic nuclear division 5 homolog A","Down"
1.74603850716259,9.38052705680077,6.59268561740927,1.00535177008062e-09,1.51804323501909e-08,11.60676257791,"LOC101928615","101928615","uncharacterized LOC101928615","Up"
-3.32722227604832,4.76585931878254,-6.59160138829071,1.01085806021119e-09,1.52520642614218e-08,11.6014206568652,"PTPRN","5798","protein tyrosine phosphatase, receptor type N","Down"
1.24246010608198,10.4194329950022,6.59098253318015,1.01401425737587e-09,1.52881561773317e-08,11.5983717946687,"MOB1A","55233","MOB kinase activator 1A","Up"
3.7249845115969,9.12497758782361,6.58838944216486,1.02734519698456e-09,1.54774814428239e-08,11.5855981590544,"DNALI1","7802","dynein axonemal light intermediate chain 1","Up"
1.49548930206048,11.6739869827414,6.58819273644117,1.02836347500136e-09,1.54811648189257e-08,11.5846292823166,"YES1","7525","YES proto-oncogene 1, Src family tyrosine kinase","Up"
2.34700260125601,6.51291161376828,6.58786007617991,1.03008780867776e-09,1.54954637505384e-08,11.5829907920337,"CCDC71L","168455","coiled-coil domain containing 71-like","Up"
-5.83963436302664,6.51317492933402,-6.58746869417292,1.03212017601415e-09,1.55089385087852e-08,11.581063124837,"GABRB1","2560","gamma-aminobutyric acid type A receptor beta1 subunit","Down"
1.31020473366673,10.2167812276089,6.58738911120236,1.03253391781386e-09,1.55089385087852e-08,11.5806711630704,"MTCH2","23788","mitochondrial carrier 2","Up"
-1.12962576895524,10.5437447182208,-6.58586879651804,1.04046932629115e-09,1.56164064599453e-08,11.5731837621328,"UBE2K","3093","ubiquitin conjugating enzyme E2 K","Down"
1.56587963410855,12.984203424803,6.58457267120657,1.04728203562438e-09,1.5706875327389e-08,11.5668011438572,"CLIC4","25932","chloride intracellular channel 4","Up"
-4.94757213946687,5.18220585101,-6.5835329782415,1.05277866551237e-09,1.57706351009521e-08,11.5616817440418,"CBLN2","147381","cerebellin 2 precursor","Down"
1.14471971269611,13.0745468331472,6.5834705080717,1.05310983630089e-09,1.57706351009521e-08,11.5613741565127,"RPS27L","51065","ribosomal protein S27 like","Up"
-2.59327644271433,9.84841111087663,-6.58015693624825,1.07082399340502e-09,1.60119399372603e-08,11.5450610171043,"SV2A","9900","synaptic vesicle glycoprotein 2A","Down"
3.28486957792439,8.39986728103018,6.57890333993141,1.0776019865013e-09,1.61012568662671e-08,11.5388904571012,"GAS2L3","283431","growth arrest specific 2 like 3","Up"
2.05474177721064,9.45690120610852,6.57767047026263,1.08430917687479e-09,1.61893833595029e-08,11.5328224851104,"CMTR2","55783","cap methyltransferase 2","Up"
-1.47377644728147,8.12680293406089,-6.57541617548483,1.09667986902106e-09,1.63618748243881e-08,11.5217286857197,"SERGEF","26297","secretion regulating guanine nucleotide exchange factor","Down"
-1.17614748666503,6.52204180235947,-6.57482962041168,1.09992140875166e-09,1.63952429938203e-08,11.5188424479593,"LOC730098","730098","uncharacterized LOC730098","Down"
1.83284447568415,10.2642880115862,6.57471510427487,1.1005553726546e-09,1.63952429938203e-08,11.5182789678779,"PRELID3B","51012","PRELI domain containing 3B","Up"
1.01252006637165,10.8861041448623,6.57275009395222,1.1114900261179e-09,1.65458191611167e-08,11.5086108306883,"RNF138","51444","ring finger protein 138","Up"
-1.86158573123879,10.8782875038673,-6.56941815970989,1.13027654717746e-09,1.68129686835535e-08,11.4922204911686,"CLIP3","25999","CAP-Gly domain containing linker protein 3","Down"
1.55246351604818,7.45726678171379,6.56724091623183,1.14272135400181e-09,1.69854577485247e-08,11.481512486916,"PIGN","23556","phosphatidylinositol glycan anchor biosynthesis class N","Up"
-1.48627447926503,7.92795989921651,-6.56691487769569,1.14459653836867e-09,1.70007000320281e-08,11.4799091324357,"NRSN2","80023","neurensin 2","Down"
-1.84821936689593,7.6729089904203,-6.56313893699488,1.1665358741885e-09,1.73008771200069e-08,11.4613431184754,"NECAB3","63941","N-terminal EF-hand calcium binding protein 3","Down"
-3.87833830824406,8.94440417262355,-6.56148539184764,1.1762735387535e-09,1.74323738443269e-08,11.4532144264432,"ATP6V1G2","534","ATPase H+ transporting V1 subunit G2","Down"
-2.40916342719678,4.10385372160752,-6.5591326378669,1.19026712351253e-09,1.76136644527479e-08,11.4416502296962,"NEURL1","9148","neuralized E3 ubiquitin protein ligase 1","Down"
1.17742610879776,9.03805841225349,6.55784523619784,1.19799362025029e-09,1.77148990098651e-08,11.4353232954022,"ATM","472","ATM serine/threonine kinase","Up"
-1.82849272268061,10.0092039587555,-6.55394509413566,1.22170392692372e-09,1.80388416722973e-08,11.4161598088378,"PTPRN2","5799","protein tyrosine phosphatase, receptor type N2","Down"
1.52966441919507,8.69918540825189,6.55345577744453,1.22471113037395e-09,1.80699082488139e-08,11.4137559330694,"PIBF1","10464","progesterone immunomodulatory binding factor 1","Up"
-1.76792423452932,3.09106123139521,-6.55016772874009,1.24510872938257e-09,1.83573252385829e-08,11.397604981407,"MTMR7","9108","myotubularin related protein 7","Down"
-2.52548162733294,3.16706834114473,-6.54888134991173,1.25317969929938e-09,1.84551084988318e-08,11.3912873615916,"CASQ1","844","calsequestrin 1","Down"
2.455593657376,7.44555751574195,6.54881682952914,1.25358586744201e-09,1.84551084988318e-08,11.3909705075178,"DNMT3A","1788","DNA methyltransferase 3 alpha","Up"
-1.30583411769507,8.99034670746319,-6.54395507326229,1.28456788280505e-09,1.88973159053534e-08,11.3670993008488,"SLC25A28","81894","solute carrier family 25 member 28","Down"
-4.83076865816884,4.56254075481432,-6.54248513537409,1.29408297726786e-09,1.90233050155754e-08,11.3598836459454,"LOC100996542","100996542","uncharacterized LOC100996542","Down"
2.41623168394234,8.33087236675047,6.54174738413659,1.2988846924355e-09,1.90798722772078e-08,11.3562624645859,"TP53I3","9540","tumor protein p53 inducible protein 3","Up"
1.33876694697935,8.76888650573053,6.54085719360378,1.30470196302048e-09,1.9151263517352e-08,11.3518933199799,"THADA","63892","THADA, armadillo repeat containing","Up"
2.53341042491117,9.92574936192361,6.53804122254099,1.32327361895344e-09,1.94096299812327e-08,11.3380741995409,"NID1","4811","nidogen 1","Up"
2.17604175639744,9.27299155136006,6.53673788400786,1.33195728952748e-09,1.95226882722171e-08,11.3316791878183,"MPZL1","9019","myelin protein zero like 1","Up"
-1.77417334311828,5.02306533559,-6.53020143393867,1.37636191403446e-09,2.01587648712207e-08,11.2996167699325,"RASL10B","91608","RAS like family 10 member B","Down"
-1.37835642385392,9.76848494653681,-6.52942411587691,1.38173868489029e-09,2.02227109499635e-08,11.2958049545386,"HCFC1R1","54985","host cell factor C1 regulator 1","Down"
-4.7765319039933,5.25953038437823,-6.52629165397247,1.40361684085607e-09,2.05159435689551e-08,11.2804462702735,"ACSBG1","23205","acyl-CoA synthetase bubblegum family member 1","Down"
1.74794248358061,8.38097095977698,6.52525530021521,1.41092999482127e-09,2.06047273039337e-08,11.2753657637898,"GAL3ST4","79690","galactose-3-O-sulfotransferase 4","Up"
1.49316783252814,7.88691206461615,6.5239627127559,1.42010395588538e-09,2.07235739207868e-08,11.2690296901093,"CTPS2","56474","CTP synthase 2","Up"
-2.21385546619639,5.29713793606112,-6.52307656220672,1.42642723926187e-09,2.08006776792364e-08,11.2646862726781,"SPIRE2","84501","spire type actin nucleation factor 2","Down"
-3.54931122095806,9.18388311056556,-6.52008931775035,1.44794843962707e-09,2.10837732398972e-08,11.250046633076,"PGM2L1","283209","phosphoglucomutase 2 like 1","Down"
1.51841711992623,8.19895675462178,6.51968167565345,1.45090995460957e-09,2.11115312449991e-08,11.2480491544596,"MFSD11","79157","major facilitator superfamily domain containing 11","Up"
-1.1850789747578,10.798725401173,-6.51742930349527,1.46738138326448e-09,2.13201883333133e-08,11.2370134781395,"ANKRD46","157567","ankyrin repeat domain 46","Down"
1.05479265878415,11.3240435593992,6.5170964418,1.46983115907906e-09,2.13402844700253e-08,11.235382757589,"PAK2","5062","p21 (RAC1) activated kinase 2","Up"
1.03582709855016,10.6565363308644,6.5163767478534,1.47514171150646e-09,2.14018565787598e-08,11.231857052143,"ASUN","55726","asunder, spermatogenesis regulator","Up"
1.52795058447811,9.19630334297349,6.51594775806887,1.47831617896169e-09,2.14323708641207e-08,11.2297555686934,"TSR1","55720","TSR1, ribosome maturation factor","Up"
-2.47456501644287,4.44146024268663,-6.51519487826457,1.48390367859145e-09,2.14977993465454e-08,11.2260676192415,"EPHX4","253152","epoxide hydrolase 4","Down"
1.52089047624674,9.31517667169189,6.5146621945492,1.48786956331342e-09,2.15396572743934e-08,11.2234584197383,"TMEM237","65062","transmembrane protein 237","Up"
-1.28090464697548,9.78747640376467,-6.50710808294524,1.54524833626649e-09,2.23541456714994e-08,11.1864682592525,"DDHD2","23259","DDHD domain containing 2","Down"
-1.17198219073084,10.602210593686,-6.50478150672813,1.56335570638519e-09,2.25834351029953e-08,11.1750800650679,"DNAJB14","79982","DnaJ heat shock protein family (Hsp40) member B14","Down"
1.76031737709427,9.5375407809955,6.50233265261293,1.58264069294571e-09,2.28455211715474e-08,11.163095548829,"CD151","977","CD151 molecule (Raph blood group)","Up"
-1.1850113559622,6.14515358973817,-6.50074919097683,1.59523526348483e-09,2.30107223623223e-08,11.1553474072783,"RSG1","79363","REM2 and RAB like small GTPase 1","Down"
-1.79055354289566,3.46374203449923,-6.499980358232,1.60138600095634e-09,2.30828023927474e-08,11.1515857223561,"CORO2A","7464","coronin 2A","Down"
-4.24591503934636,7.57770736090485,-6.49135888452854,1.67197996689713e-09,2.4083011661419e-08,11.1094185642135,"COPG2IT1","53844","COPG2 imprinted transcript 1 (non-protein coding)","Down"
2.30303496607686,8.74134366563012,6.49064885570594,1.67792866923675e-09,2.41513085506616e-08,11.1059471067134,"BAZ1A","11177","bromodomain adjacent to zinc finger domain 1A","Up"
-1.34269456243466,7.97505301963248,-6.48787313516585,1.70138481865017e-09,2.44713199617066e-08,11.0923779487671,"MMP24-AS1","101410538","MMP24 antisense RNA 1","Down"
2.26225659315733,8.02174508930609,6.48003768112203,1.76935600089609e-09,2.54124231944925e-08,11.0540899796108,"TMEM185B","79134","transmembrane protein 185B","Up"
1.16300409251492,11.834093979577,6.47819723408293,1.78570571951013e-09,2.56104762223936e-08,11.045100014665,"RB1","5925","RB transcriptional corepressor 1","Up"
1.22348437240217,13.6122337595803,6.47788021415208,1.78853697884127e-09,2.56327072605138e-08,11.0435516090373,"SNORA68","26780","small nucleolar RNA, H/ACA box 68","Up"
1.32166075976213,9.65741571397645,6.47249038545465,1.83735536679026e-09,2.63135066738531e-08,11.0172321777547,"BTBD7","55727","BTB domain containing 7","Up"
-1.02731134930789,3.12941336995071,-6.47043003918468,1.85636190891723e-09,2.65666900655987e-08,11.0071740889539,"DKFZP761C1711","57796","uncharacterized protein DKFZp761C1711","Down"
-1.46750696169422,8.73821358761308,-6.46745814895816,1.88411915556596e-09,2.69446547143732e-08,10.9926689263884,"DESI1","27351","desumoylating isopeptidase 1","Down"
-2.73626726872827,3.6691241136268,-6.46597744100566,1.89810112895207e-09,2.71252209192458e-08,10.9854431651543,"B4GALNT1","2583","beta-1,4-N-acetyl-galactosaminyltransferase 1","Down"
-2.80133479925063,2.77520870123183,-6.46422167713683,1.91481294748243e-09,2.73250090158922e-08,10.976876233884,"TMEM235","283999","transmembrane protein 235","Down"
2.13938690008684,5.96813764629828,6.46399885078179,1.91694420903678e-09,2.73359250108331e-08,10.9757890773552,"RBL1","5933","RB transcriptional corepressor like 1","Up"
-1.20140535536963,6.06225993656911,-6.46038355177779,1.95185182225387e-09,2.77940921052194e-08,10.9581529016039,"CYB561D1","284613","cytochrome b561 family member D1","Down"
-2.41038241025622,6.00627163629249,-6.45966633067196,1.95885106589036e-09,2.78739212484129e-08,10.9546547431984,"PITPNM1","9600","phosphatidylinositol transfer protein membrane associated 1","Down"
-1.231917921467,8.4235475348803,-6.45896304312458,1.96573835048491e-09,2.79352630974988e-08,10.9512247352166,"USP27X","389856","ubiquitin specific peptidase 27, X-linked","Down"
-3.13256312972716,6.15390265877988,-6.45894101689164,1.96595443801061e-09,2.79352630974988e-08,10.9511173139997,"CDKN2D","1032","cyclin dependent kinase inhibitor 2D","Down"
1.27868448358665,11.4298775314227,6.45846186560348,1.97066093119548e-09,2.79822663239375e-08,10.9487805548242,"QSER1","79832","glutamine and serine rich 1","Up"
-1.31303127663361,8.94357675374633,-6.45345729384397,2.02048712821125e-09,2.86491041630918e-08,10.9243791588419,"SLC25A12","8604","solute carrier family 25 member 12","Down"
1.16727741732228,9.18279519949124,6.44940523854967,2.061737711268e-09,2.91926301410749e-08,10.9046290984707,"AQR","9716","aquarius intron-binding spliceosomal factor","Up"
1.61325981130519,9.49119422471373,6.44904934203899,2.0654001934998e-09,2.92238059910541e-08,10.9028947298207,"MAD2L2","10459","MAD2 mitotic arrest deficient-like 2 (yeast)","Up"
1.66502241371742,8.18917796969538,6.44630894649588,2.09381678791909e-09,2.96049416790793e-08,10.8895417577135,"GTF2H2C_2","730394","GTF2H2 family member C, copy 2","Up"
-1.43263916419586,4.61161545565982,-6.44602592535311,2.09677343928758e-09,2.96258094631544e-08,10.8881628608064,"RGS14","10636","regulator of G-protein signaling 14","Down"
-3.69719692729323,8.91963118229112,-6.44545574084757,2.10274251326666e-09,2.96891809900678e-08,10.8853849793273,"GPR158","57512","G protein-coupled receptor 158","Down"
1.29688342222235,11.5591298023936,6.44346069759063,2.12376005204058e-09,2.99436697400817e-08,10.8756663133447,"CETN3","1070","centrin 3","Up"
-1.65493032063971,3.72784994429112,-6.4431931176328,2.12659467194433e-09,2.99625208461903e-08,10.874362939113,"NKAPL","222698","NFKB activating protein like","Down"
-1.64774917135313,7.30438653179935,-6.44076788129206,2.15245712874165e-09,3.02915068123012e-08,10.8625509394705,"CRELD1","78987","cysteine rich with EGF like domains 1","Down"
-2.3919868302862,10.6554184245353,-6.44023841459501,2.15814438600843e-09,3.03429337532471e-08,10.859972497865,"SYS1-DBNDD2","767557","SYS1-DBNDD2 readthrough (NMD candidate)","Down"
1.01246789196706,9.10163609215911,6.43990798430803,2.16170119817939e-09,3.03715982247016e-08,10.8583633952656,"ZC3HC1","51530","zinc finger C3HC-type containing 1","Up"
-1.54905613566759,5.86082635934651,-6.43754285100458,2.18732910938991e-09,3.06885648608442e-08,10.8468470887345,"AZIN2","113451","antizyme inhibitor 2","Down"
-2.33207413121999,2.7067537215742,-6.4363433398213,2.20044085273229e-09,3.08508900775157e-08,10.8410072528883,"LOC100131170","100131170","uncharacterized LOC100131170","Down"
2.6247182704873,6.70596152285041,6.43386344114798,2.22779443534983e-09,3.12125232969495e-08,10.8289355927403,"DDX60L","91351","DEAD-box helicase 60-like","Up"
1.96701952523129,9.55359684983538,6.43115219239032,2.25808328359865e-09,3.15926379405302e-08,10.8157404806009,"WDR34","89891","WD repeat domain 34","Up"
1.10279235049053,9.43653442532609,6.43064289914324,2.263817975235e-09,3.16507381065875e-08,10.8132621675301,"ALG8","79053","ALG8, alpha-1,3-glucosyltransferase","Up"
1.71040855171696,9.76260789197604,6.42916083854317,2.28058788414748e-09,3.18629342165772e-08,10.8060507624219,"RECQL","5965","RecQ like helicase","Up"
-3.65335231945345,5.83932419360965,-6.42593552968729,2.31750727518386e-09,3.23561535621797e-08,10.7903599994655,"RORB","6096","RAR related orphan receptor B","Down"
-1.73829472759053,7.14396633998154,-6.42495525342858,2.32884451286182e-09,3.24917658081077e-08,10.7855918632145,"LUZP1","7798","leucine zipper protein 1","Down"
-1.1497244760522,10.3516235553542,-6.42452225199154,2.33386970834626e-09,3.25391855434729e-08,10.7834858305363,"SNRNP25","79622","small nuclear ribonucleoprotein U11/U12 subunit 25","Down"
-3.66428308787601,7.28191628027432,-6.42268134805403,2.35535383607934e-09,3.2815852505877e-08,10.7745328505637,"BEND6","221336","BEN domain containing 6","Down"
-1.88167190265089,3.96710856487337,-6.42252924381095,2.35713764679645e-09,3.28178517045627e-08,10.7737931714169,"TSC22D1-AS1","641467","TSC22D1 antisense RNA 1","Down"
1.08747996099993,10.2156575831141,6.42052945753824,2.38071440028764e-09,3.31230549419713e-08,10.7640690936192,"SSRP1","6749","structure specific recognition protein 1","Up"
-1.20948236130237,2.56174168905509,-6.41617284773217,2.43288459595677e-09,3.38018903550744e-08,10.7428901877519,"PRSS16","10279","protease, serine 16","Down"
1.3413075908071,7.08058230021929,6.41509769194751,2.44593184113668e-09,3.39595824744077e-08,10.7376646357794,"RRP36","88745","ribosomal RNA processing 36","Up"
1.94360505390341,6.26464843473911,6.40998454812411,2.50893046093804e-09,3.48101052232922e-08,10.712819494961,"ZNF670","93474","zinc finger protein 670","Up"
2.89176130615568,11.4439729906449,6.40853555650597,2.52707222648337e-09,3.50141490664542e-08,10.7057805850723,"RBP1","5947","retinol binding protein 1","Up"
1.9016244979758,9.33128230457763,6.40853039625201,2.52713706462537e-09,3.50141490664542e-08,10.7057555190546,"GPCPD1","56261","glycerophosphocholine phosphodiesterase 1","Up"
-1.17128572642729,8.29674108173497,-6.40351210097301,2.59097354468845e-09,3.58737769609563e-08,10.6813839702411,"MIA-RAB4B","100529262","MIA-RAB4B readthrough (NMD candidate)","Down"
1.38679822870855,11.0625224748347,6.40203126708818,2.61011255697862e-09,3.61137772665777e-08,10.6741941148961,"CNIH4","29097","cornichon family AMPA receptor auxiliary protein 4","Up"
-3.85491433462887,7.72632269575296,-6.40093375886141,2.62438707615639e-09,3.62861867537394e-08,10.6688659620013,"RAPGEF4","11069","Rap guanine nucleotide exchange factor 4","Down"
-4.96585688280178,5.63207259870444,-6.39727773014933,2.67249549253124e-09,3.69125689286634e-08,10.6511201604254,"ADRB1","153","adrenoceptor beta 1","Down"
1.31138220211676,7.85969925830864,6.39721112495118,2.67337993590409e-09,3.69125689286634e-08,10.6507969173672,"DUS4L","11062","dihydrouridine synthase 4 like","Up"
1.71389376723004,6.8922060953384,6.3963414731759,2.68495444303085e-09,3.70468162356678e-08,10.6465765512451,"ZMYM1","79830","zinc finger MYM-type containing 1","Up"
1.08006801337495,10.1466154709268,6.39317111067111,2.72756945283424e-09,3.76088780446966e-08,10.6311934779094,"DVL3","1857","dishevelled segment polarity protein 3","Up"
-2.89952490046654,5.21057897866059,-6.39191614341695,2.74462177943355e-09,3.78179393533933e-08,10.6251052732201,"SPTBN2","6712","spectrin beta, non-erythrocytic 2","Down"
-1.57176468820171,7.29954656648769,-6.3895711763174,2.77676677657762e-09,3.82345305567711e-08,10.6137308170727,"AP1G2","8906","adaptor related protein complex 1 gamma 2 subunit","Down"
2.98390905978382,7.08279287992201,6.38801886454375,2.7982496906638e-09,3.8477375643375e-08,10.6062023834154,"CDCA3","83461","cell division cycle associated 3","Up"
-1.1600915560313,3.21227335791917,-6.38745039482624,2.80615780037539e-09,3.85596147748012e-08,10.6034456430109,"TNFSF9","8744","tumor necrosis factor superfamily member 9","Down"
1.6796894496476,9.96357376430178,6.38690900972047,2.81370959357276e-09,3.8636848207694e-08,10.6008203644123,"PCNX4","64430","pecanex homolog 4 (Drosophila)","Up"
-1.03755652831394,11.4149559639672,-6.38094384754565,2.89825473290318e-09,3.97432367657258e-08,10.5719017639739,"DNM1L","10059","dynamin 1 like","Down"
1.84773655243339,7.1574674249226,6.37993302962924,2.91282704814879e-09,3.99157059947348e-08,10.5670027857225,"ZNF501","115560","zinc finger protein 501","Up"
1.13858300767698,11.9809936865472,6.37884565913659,2.92858354737736e-09,4.01041553951943e-08,10.5617332389653,"CCT6A","908","chaperonin containing TCP1 subunit 6A","Up"
-2.02215586341868,7.24858805359183,-6.37360976042321,3.00563722185398e-09,4.11311791365476e-08,10.5363658501288,"KCTD13","253980","potassium channel tetramerization domain containing 13","Down"
-1.9359336532029,10.0921644718689,-6.37292054995902,3.01592750493257e-09,4.12437878271948e-08,10.5330274983018,"DOCK9","23348","dedicator of cytokinesis 9","Down"
-3.32908811564058,9.7338111633732,-6.36320813612611,3.16468258069882e-09,4.32189791071954e-08,10.4860030188499,"GABBR1","2550","gamma-aminobutyric acid type B receptor subunit 1","Down"
1.53154510084102,7.02987005543148,6.36261679470787,3.17396933615242e-09,4.33162377274226e-08,10.4831411274981,"ERCC8","1161","ERCC excision repair 8, CSA ubiquitin ligase complex subunit","Up"
1.12657015025516,9.28049641434621,6.36151176077863,3.19139539750897e-09,4.35243679059046e-08,10.477793508523,"ELP2","55250","elongator acetyltransferase complex subunit 2","Up"
-3.14137740022748,3.36608690774438,-6.35890311196032,3.232907653412e-09,4.39840642581764e-08,10.4651713175441,"HAPLN2","60484","hyaluronan and proteoglycan link protein 2","Down"
1.16966855761945,10.1877913798072,6.35716815309092,3.26081057495966e-09,4.4317420642685e-08,10.4567780435821,"PPP4R2","151987","protein phosphatase 4 regulatory subunit 2","Up"
-4.07019975808758,3.49353154099633,-6.35704278282289,3.26283603772055e-09,4.4317420642685e-08,10.4561715812809,"CACNG2","10369","calcium voltage-gated channel auxiliary subunit gamma 2","Down"
-4.83689539982848,6.95697005835497,-6.35670656736949,3.26827400154458e-09,4.43365118861348e-08,10.4545452135613,"CELF5","60680","CUGBP, Elav-like family member 5","Down"
1.35750579046955,7.57955506683562,6.35668187579458,3.26867371580191e-09,4.43365118861348e-08,10.4544257753007,"FBXO4","26272","F-box protein 4","Up"
-5.70114325745727,5.05698797334882,-6.3556469942101,3.28547003680159e-09,4.45039939243666e-08,10.4494200552828,"TAC1","6863","tachykinin precursor 1","Down"
4.73125958122169,7.17064922067704,6.35549486178092,3.28794632955179e-09,4.45074033933307e-08,10.4486842267046,"CCNB2","9133","cyclin B2","Up"
-3.30691284590631,6.46101346473343,-6.35332828055841,3.32341236336713e-09,4.49570731263598e-08,10.438205978055,"PLEKHA6","22874","pleckstrin homology domain containing A6","Down"
-1.11180756499106,10.6136136422394,-6.35252803697615,3.3366070663844e-09,4.51050659305086e-08,10.4343362247298,"SLC25A4","291","solute carrier family 25 member 4","Down"
1.02087765705233,10.3524452683873,6.3517045128741,3.35023948609429e-09,4.52587720447592e-08,10.4303541576576,"SOCS4","122809","suppressor of cytokine signaling 4","Up"
3.56118483101722,6.28551637848533,6.35101251677882,3.36173701948369e-09,4.53834497630298e-08,10.4270082882294,"CASP8","841","caspase 8","Up"
-3.04322127012275,4.25082835558598,-6.35042858328532,3.3714693111613e-09,4.54534949517548e-08,10.4241850594795,"BRSK2","9024","BR serine/threonine kinase 2","Down"
-1.4507986380545,3.41689218448172,-6.35000913346396,3.37847730719986e-09,4.55173033570018e-08,10.4221571672589,"DCLK3","85443","doublecortin like kinase 3","Down"
-1.62162642341953,8.85351652455675,-6.34766002787162,3.41799114147809e-09,4.59877261382328e-08,10.4108013554212,"RUSC1","23623","RUN and SH3 domain containing 1","Down"
4.93260173343129,7.71797560792426,6.3465752248848,3.43639165883318e-09,4.61805408033776e-08,10.4055580463503,"CENPF","1063","centromere protein F","Up"
1.46442359971558,8.12367770922213,6.34654308317617,3.43693833439442e-09,4.61805408033776e-08,10.4054026990626,"FPGT","8790","fucose-1-phosphate guanylyltransferase","Up"
2.1342961847833,6.81783463285941,6.34507034630527,3.46207914433161e-09,4.64871257990889e-08,10.3982851069733,"GABPB1-AS1","100129387","GABPB1 antisense RNA 1","Up"
-4.65135706448725,8.23585751145201,-6.34361336536445,3.48712915712666e-09,4.67920811848646e-08,10.3912445073286,"BEX5","340542","brain expressed X-linked 5","Down"
1.45668021529224,11.2782666479743,6.34024228460105,3.54577469780921e-09,4.75471275999121e-08,10.3749575890622,"RRM1","6240","ribonucleotide reductase catalytic subunit M1","Up"
-1.26245723221651,7.60699099247852,-6.33801554022527,3.58504411419599e-09,4.80093558184198e-08,10.3642018489765,"GRIPAP1","56850","GRIP1 associated protein 1","Down"
-1.31762673771703,2.62056180211799,-6.33779009096776,3.58904378393419e-09,4.8030768551954e-08,10.3631129816097,"SATB2-AS1","150538","SATB2 antisense RNA 1","Down"
-2.99357771972577,6.46069286576633,-6.337274115501,3.59821418872007e-09,4.80891591674833e-08,10.3606210163174,"IGSF8","93185","immunoglobulin superfamily member 8","Down"
2.43462527873991,8.52982335938722,6.33220495746734,3.68954375271752e-09,4.92768370231104e-08,10.3361445347772,"REST","5978","RE1 silencing transcription factor","Up"
-2.96756509440802,2.81978688513456,-6.33042578452828,3.72213667919279e-09,4.96789783459707e-08,10.3275562021585,"PDIA2","64714","protein disulfide isomerase family A member 2","Down"
4.39781552724319,6.55569841352657,6.32810825789922,3.76501722980022e-09,5.01843435820207e-08,10.3163710452308,"CPXM1","56265","carboxypeptidase X, M14 family member 1","Up"
-1.3712098201434,7.44146002697923,-6.32708148230603,3.78417050895125e-09,5.04060581708307e-08,10.3114161671468,"NEURL4","84461","neuralized E3 ubiquitin protein ligase 4","Down"
-4.93573295940178,5.80815512516325,-6.32622730168252,3.80017730830158e-09,5.05855937506253e-08,10.3072944950583,"SLC7A14","57709","solute carrier family 7 member 14","Down"
-4.92489653578376,6.70197151398574,-6.32201341726751,3.88012362331623e-09,5.15469012826612e-08,10.2869655223797,"RIMS2","9699","regulating synaptic membrane exocytosis 2","Down"
1.77987630757028,8.42967832368071,6.32162396732967,3.88759536800539e-09,5.16118915246741e-08,10.2850870629546,"ODF2","4957","outer dense fiber of sperm tails 2","Up"
2.18663351262393,6.65608019251775,6.32135929840594,3.89268122442248e-09,5.16451414171224e-08,10.283810502513,"SLC24A1","9187","solute carrier family 24 member 1","Up"
1.1977138272687,11.0854627779472,6.32035471446358,3.91204491495521e-09,5.1867649180589e-08,10.2789654123784,"FNDC3A","22862","fibronectin type III domain containing 3A","Up"
1.74538734179802,9.99817016986793,6.31797050833396,3.95838170724645e-09,5.24472468985958e-08,10.2674680420151,"ZNF627","199692","zinc finger protein 627","Up"
1.33893257525325,10.1076150967522,6.31759854159494,3.96565940260996e-09,5.25088998464709e-08,10.26567450945,"PGD","5226","phosphogluconate dehydrogenase","Up"
1.11116663913222,10.7965693581314,6.31695011892578,3.97837759242228e-09,5.26424606425876e-08,10.2625481062082,"NUP54","53371","nucleoporin 54","Up"
-4.68207411286588,3.83836192058284,-6.31618847524246,3.99336779704975e-09,5.27593807343453e-08,10.2588760165619,"NPY","4852","neuropeptide Y","Down"
1.68523122804543,11.2564155424356,6.3161628906357,3.99387230175265e-09,5.27593807343453e-08,10.2587526702954,"PXYLP1","92370","2-phosphoxylose phosphatase 1","Up"
5.47805463170374,7.90754377500497,6.31606793724245,3.9957452432122e-09,5.27593807343453e-08,10.2582948915945,"CFI","3426","complement factor I","Up"
-4.51992668900303,6.01472162179965,-6.31596574971065,3.99776184301832e-09,5.27593807343453e-08,10.2578022404977,"RASGRP1","10125","RAS guanyl releasing protein 1","Down"
1.1108154645906,10.8277435328735,6.31505040700569,4.01587023705297e-09,5.29634250710077e-08,10.2533895145975,"CTTNBP2NL","55917","CTTNBP2 N-terminal like","Up"
-1.72333154157219,4.7838288684803,-6.31299241556282,4.05687926156637e-09,5.34690272636089e-08,10.2434694786655,"STXBP5","134957","syntaxin binding protein 5","Down"
-1.17309649666726,11.1868508296308,-6.31254127240835,4.06592401100489e-09,5.35529570034068e-08,10.2412950816398,"RAPGEF2","9693","Rap guanine nucleotide exchange factor 2","Down"
1.01829352206305,10.1645245905278,6.31237250125583,4.06931272165991e-09,5.35623286988485e-08,10.2404816678758,"ALG5","29880","ALG5, dolichyl-phosphate beta-glucosyltransferase","Up"
-1.5864729290643,6.54724766394923,-6.31005023557317,4.11622418441256e-09,5.41441796565036e-08,10.2292903741742,"PRH1-PRR4","100533464","PRH1-PRR4 readthrough","Down"
-2.73505926459047,2.63656753074669,-6.30973943290015,4.12254288405685e-09,5.41916658878616e-08,10.2277927403381,"CRHBP","1393","corticotropin releasing hormone binding protein","Down"
1.18927615758179,8.74424020072006,6.30710987692836,4.17638600489162e-09,5.48273981626422e-08,10.2151235094464,"HPS5","11234","HPS5, biogenesis of lysosomal organelles complex 2 subunit 2","Up"
-3.17316426498528,8.5493199840387,-6.304329169386,4.23407727554993e-09,5.55483174110999e-08,10.2017290426009,"NAV3","89795","neuron navigator 3","Down"
2.50078423634944,6.82437242773047,6.30348966235572,4.25164817485074e-09,5.57422837707987e-08,10.1976858072955,"ARHGAP42","143872","Rho GTPase activating protein 42","Up"
-1.05510439105602,11.8780702226117,-6.29780857647544,4.37245438823034e-09,5.72886017978549e-08,10.1703319839493,"CACYBP","27101","calcyclin binding protein","Down"
1.46063408701334,6.31279696585107,6.29569082756409,4.41834681466856e-09,5.78520057075091e-08,10.1601385652988,"RFT1","91869","RFT1 homolog","Up"
-4.7451242131885,3.89753203433213,-6.29521061406104,4.42881898981916e-09,5.79287347047463e-08,10.1578273912792,"NWD2","57495","NACHT and WD repeat domain containing 2","Down"
1.88648395847507,9.38735561170746,6.29515663270328,4.42999770571609e-09,5.79287347047463e-08,10.15756759532,"PLEKHF2","79666","pleckstrin homology and FYVE domain containing 2","Up"
-1.31433135760145,8.22459661657645,-6.2916348740194,4.50756840330504e-09,5.89045859209171e-08,10.140620967867,"RANGAP1","5905","Ran GTPase activating protein 1","Down"
2.3761218396236,6.58929045382692,6.29104413971563,4.52071028858387e-09,5.90377615820479e-08,10.1377788558278,"PPP2R3B","28227","protein phosphatase 2 regulatory subunit B''beta","Up"
-1.09157078672867,3.07229673313769,-6.28951988916691,4.55479428145741e-09,5.94440764443042e-08,10.1304461049928,"PP14571","100130449","uncharacterized LOC100130449","Down"
2.84537508272761,9.68334843232231,6.2857471220522,4.64024933973689e-09,6.05198621513141e-08,10.1123003838186,"SLC16A4","9122","solute carrier family 16 member 4","Up"
-2.27646245532591,2.67172994693982,-6.28427393603091,4.6740444605484e-09,6.0920916952568e-08,10.1052164199708,"CAMK1G","57172","calcium/calmodulin dependent protein kinase IG","Down"
1.93434724814687,8.63935536947775,6.2836089890915,4.68937769093522e-09,6.1067960423369e-08,10.1020192421563,"ZNF117","51351","zinc finger protein 117","Up"
-2.18964304337108,9.79672243959148,-6.28352011748216,4.69143075777069e-09,6.1067960423369e-08,10.1015919458793,"NIPAL3","57185","NIPA like domain containing 3","Down"
2.57826003745851,6.72025566405349,6.28143201625283,4.73992442144133e-09,6.16590818594127e-08,10.0915532352985,"IRAK1BP1","134728","interleukin 1 receptor associated kinase 1 binding protein 1","Up"
1.03465805983616,11.6925443154022,6.27840341939268,4.81113789573687e-09,6.25447926445793e-08,10.0769961465929,"ADNP","23394","activity dependent neuroprotector homeobox","Up"
2.38014996456173,7.51331105289609,6.27710484892215,4.84199367179569e-09,6.29050437607898e-08,10.0707556436166,"VANGL1","81839","VANGL planar cell polarity protein 1","Up"
-1.57296701526726,9.29445356323935,-6.2744420028195,4.90587692768118e-09,6.3652321460517e-08,10.0579610126307,"ASRGL1","80150","asparaginase like 1","Down"
2.31188164582642,9.51139299100296,6.27418087548511,4.91218601031871e-09,6.36928746004189e-08,10.0567064839849,"PPP1R18","170954","protein phosphatase 1 regulatory subunit 18","Up"
1.10168819543141,10.0136085703475,6.27098713356609,4.98999893477849e-09,6.46599149534412e-08,10.0413650885596,"PKN2","5586","protein kinase N2","Up"
4.62464923568961,7.34068918434373,6.26997523255182,5.01490521542887e-09,6.49405881197963e-08,10.036505202416,"DTL","51514","denticleless E3 ubiquitin protein ligase homolog","Up"
-2.43555772541604,6.14616434588533,-6.26929141166014,5.03180557782587e-09,6.51172924938954e-08,10.0332212309824,"LOC101928433","101928433","uncharacterized LOC101928433","Down"
3.93304981871854,7.85746916085438,6.26906880950476,5.03731918584202e-09,6.5146506109335e-08,10.0321522505262,"AJUBA","84962","ajuba LIM protein","Up"
-4.29598202977725,6.9037322501555,-6.26887462268302,5.04213383321327e-09,6.51666483211227e-08,10.0312197426315,"CADPS2","93664","calcium dependent secretion activator 2","Down"
1.00595136659277,12.0088469764844,6.2684191086667,5.05344557881243e-09,6.52691926396093e-08,10.0290323708603,"CAPN2","824","calpain 2","Up"
-3.14624053286647,3.59101062340302,-6.26816145452422,5.05985493997271e-09,6.52691926396093e-08,10.0277951565985,"GREM1","26585","gremlin 1, DAN family BMP antagonist","Down"
2.49247109526955,8.15809375587219,6.26659606540612,5.09896761072159e-09,6.57313434199142e-08,10.0202789851244,"DDX60","55601","DEXD/H-box helicase 60","Up"
-1.64714548061164,4.15822048018858,-6.26283333651789,5.19420413301526e-09,6.68728713572949e-08,10.0022164145952,"TCAP","8557","titin-cap","Down"
-1.56123642741052,10.7013463542714,-6.26111883204749,5.23817758191942e-09,6.73956391520655e-08,9.99398802812133,"SIK3","23387","SIK family kinase 3","Down"
-2.92480115950421,4.82486343728941,-6.26044583504345,5.25553849604231e-09,6.75755518575311e-08,9.99075845352926,"CACNA1I","8911","calcium voltage-gated channel subunit alpha1 I","Down"
1.99795218148402,10.0755426047794,6.25956313578109,5.27839484271652e-09,6.78258481812649e-08,9.986522839729,"XPR1","9213","xenotropic and polytropic retrovirus receptor 1","Up"
-2.07674079055878,11.9643411966095,-6.25837214892612,5.30938899682528e-09,6.8180324556793e-08,9.98080841618965,"NAP1L3","4675","nucleosome assembly protein 1 like 3","Down"
-2.70693823703505,3.24193035058148,-6.2570442714333,5.34415677172820e-09,6.85827739140257e-08,9.97443786325944,"CLIC5","53405","chloride intracellular channel 5","Down"
1.57131500344101,10.6672031230437,6.25446840421756,5.41224068112515e-09,6.941198673543e-08,9.96208206729538,"DDX39A","10212","DEAD-box helicase 39A","Up"
2.36330305445772,12.1749530571664,6.25416557805083,5.42030067559543e-09,6.947082358529e-08,9.96062966263579,"COL6A1","1291","collagen type VI alpha 1 chain","Up"
-1.10077569647429,2.52234084146485,-6.25241325117041,5.46717291375447e-09,7.00267147794403e-08,9.95222594439504,"ALPPL2","251","alkaline phosphatase, placental like 2","Down"
-1.7950019964142,3.59252944021243,-6.2499407847884,5.5339869670839e-09,7.07918652496468e-08,9.94037074530486,"PITPNM2","57605","phosphatidylinositol transfer protein membrane associated 2","Down"
1.73134409132038,8.84415538262148,6.24859678583372,5.57064260372009e-09,7.12152374265992e-08,9.93392746591963,"NOL12","79159","nucleolar protein 12","Up"
-3.47607659585181,5.6178162381239,-6.24817933221225,5.58207660386915e-09,7.13158407494317e-08,9.9319262970231,"MCF2","4168","MCF.2 cell line derived transforming sequence","Down"
-1.09782114382032,10.2860443269404,-6.24601847292039,5.64163242734409e-09,7.19847831466028e-08,9.92156881056109,"TMED8","283578","transmembrane p24 trafficking protein family member 8","Down"
-1.6426655397073,6.70430937672201,-6.24322711856096,5.7194917256287e-09,7.29317214497472e-08,9.90819203861326,"UBE2O","63893","ubiquitin conjugating enzyme E2 O","Down"
-1.35247397537976,9.76761889212272,-6.2423333384412,5.74464470766457e-09,7.32058004243599e-08,9.903909523806,"VPS36","51028","vacuolar protein sorting 36 homolog","Down"
3.03483266314102,7.03968841717899,6.24149836517964,5.76824105553573e-09,7.34597064278188e-08,9.89990907465052,"TNFSF10","8743","tumor necrosis factor superfamily member 10","Up"
-3.85332282545543,3.33371022944692,-6.2401276314728,5.8071849527557e-09,7.39086191792514e-08,9.89334235553984,"PNOC","5368","prepronociceptin","Down"
-2.14282842566404,3.03312041123195,-6.23808075294562,5.86582086800388e-09,7.46074240979998e-08,9.88353788590612,"PNCK","139728","pregnancy up-regulated nonubiquitous CaM kinase","Down"
1.57303109338054,8.63980095717444,6.23728336572163,5.88882056308936e-09,7.48523716681886e-08,9.87971889530456,"ZNF621","285268","zinc finger protein 621","Up"
3.78467910964287,9.76717378174189,6.23563303239349,5.93670472073534e-09,7.54131119668266e-08,9.87181564761827,"WNT5A","7474","Wnt family member 5A","Up"
-2.84633581452709,10.1308598452747,-6.23511428719985,5.95183501487463e-09,7.55573370194142e-08,9.86933166949622,"LONRF2","164832","LON peptidase N-terminal domain and ring finger 2","Down"
2.47002994871459,7.25868491988752,6.23432852748893,5.9748256390624e-09,7.58011011799121e-08,9.86556931921292,"FAM57A","79850","family with sequence similarity 57 member A","Up"
-2.05508026788587,5.68874438763882,-6.23370658270078,5.99308511974530e-09,7.59845716037669e-08,9.86259152164904,"FAM43B","163933","family with sequence similarity 43 member B","Down"
-1.50204073561079,9.3805845405,-6.23295050955457,6.01535638810016e-09,7.62186417078657e-08,9.85897174676324,"CCDC85B","11007","coiled-coil domain containing 85B","Down"
1.6293792515729,8.44725699431089,6.23089839078526,6.07621590315769e-09,7.69410453003012e-08,9.84914820547383,"ARSD","414","arylsulfatase D","Up"
-2.72200449832899,8.82342655479325,-6.22810101195648,6.16015433267734e-09,7.79545905970118e-08,9.83575986603918,"MRVI1","10335","murine retrovirus integration site 1 homolog","Down"
1.29852131834095,8.64440915456899,6.22509467149555,6.25163490429022e-09,7.9022565870392e-08,9.82137500750126,"POLD3","10714","DNA polymerase delta 3, accessory subunit","Up"
-1.10599202172848,14.0612638346515,-6.22463609887122,6.26570589581751e-09,7.91401375363769e-08,9.81918113678999,"TUBB2A","7280","tubulin beta 2A class IIa","Down"
1.92367098122886,6.64728881089947,6.22400351554602,6.28516743907387e-09,7.93358643240069e-08,9.8161549180648,"CEP192","55125","centrosomal protein 192","Up"
-1.29134632967088,7.81304820361633,-6.22365512485364,6.29591112724207e-09,7.94213706952913e-08,9.81448832013931,"SDHAF1","644096","succinate dehydrogenase complex assembly factor 1","Down"
-2.68899691495201,5.48807783246923,-6.2229437729813,6.31790396996325e-09,7.96485852092343e-08,9.81108557816308,"MPP7","143098","membrane palmitoylated protein 7","Down"
-5.3936276413167,4.28264707438065,-6.22047183042012,6.394918234655e-09,8.05180170678053e-08,9.79926269077463,"SLC17A6","57084","solute carrier family 17 member 6","Down"
-1.31170532875221,9.68267679212124,-6.21759526537893,6.48570193719914e-09,8.15584152467274e-08,9.78550772352311,"NAPG","8774","NSF attachment protein gamma","Down"
1.05643037729612,9.21618562876473,6.21709793908748,6.50152547781078e-09,8.17060428609047e-08,9.78312998677618,"RNPEP","6051","arginyl aminopeptidase","Up"
-4.11456322653235,5.6340458370268,-6.21324113723922,6.62553437721226e-09,8.32122198900726e-08,9.76469391936188,"SGIP1","84251","SH3 domain GRB2 like endophilin interacting protein 1","Down"
1.88666472796634,7.65055295798686,6.21217460648441,6.66023563383566e-09,8.35431563173354e-08,9.75959682999506,"NCAPD2","9918","non-SMC condensin I complex subunit D2","Up"
2.63566183018421,11.0038420143741,6.21160079658591,6.67897935398052e-09,8.37257769016844e-08,9.75685471164244,"CLIC1","1192","chloride intracellular channel 1","Up"
1.06257158335976,9.46979161320189,6.20948781999914,6.74844899218728e-09,8.45433583482056e-08,9.74675840509148,"CDYL","9425","chromodomain Y-like","Up"
1.27736546802557,9.15726952880941,6.20936070256385,6.75265090420516e-09,8.45433583482056e-08,9.74615106633064,"AP3B1","8546","adaptor related protein complex 3 beta 1 subunit","Up"
1.6056118451806,9.33351998397793,6.20676319556331,6.83907825451208e-09,8.55718815747487e-08,9.7337422164543,"PHC1","1911","polyhomeotic homolog 1","Up"
3.35653707172169,11.0748431602519,6.20636816123363,6.85231728862596e-09,8.56839449959623e-08,9.73185529629983,"COL1A1","1277","collagen type I alpha 1 chain","Up"
-1.35959641080427,9.30088149600811,-6.20600252511842,6.86459354673511e-09,8.57838370328103e-08,9.73010885698313,"TECPR1","25851","tectonin beta-propeller repeat containing 1","Down"
1.29936448499217,9.64546523040243,6.20479282928163,6.9053635719005e-09,8.62394562940158e-08,9.72433120952453,"RFXANK","8625","regulatory factor X associated ankyrin containing protein","Up"
-1.10914696599416,11.6266582856526,-6.20385088300955,6.93727457617677e-09,8.65719169689528e-08,9.71983278337456,"SUCLA2","8803","succinate-CoA ligase ADP-forming beta subunit","Down"
2.37719275678001,6.66888203855527,6.20375183493845,6.94063851742892e-09,8.65719169689528e-08,9.71935978359381,"FMNL3","91010","formin like 3","Up"
-2.57258079324156,7.09767905801515,-6.20353776208294,6.94791449527705e-09,8.66086762037433e-08,9.71833750177019,"BEGAIN","57596","brain enriched guanylate kinase associated","Down"
-1.05266392375405,2.83450405206751,-6.20225678951853,6.99160964919082e-09,8.70990873296144e-08,9.71222075102521,"GALNTL5","168391","polypeptide N-acetylgalactosaminyltransferase-like 5","Down"
-2.27084075026766,8.71229387963189,-6.2011142108906,7.03081207418116e-09,8.75329540560936e-08,9.70676541489969,"LOC101930241","101930241","rho guanine nucleotide exchange factor 4-like","Down"
1.03416431859974,10.6801542496196,6.20066036201544,7.04644377996869e-09,8.76730103892e-08,9.70459862563803,"SRSF10","10772","serine and arginine rich splicing factor 10","Up"
1.11256635078231,10.2263792662147,6.19974076179654,7.0782220312084e-09,8.80136657416945e-08,9.70020848277201,"POP5","51367","POP5 homolog, ribonuclease P/MRP subunit","Up"
1.29832562415456,8.16022787496219,6.19591249662582,7.2120357137298e-09,8.96218624376348e-08,9.68193622247483,"ABHD14A-ACY1","100526760","ABHD14A-ACY1 readthrough","Up"
3.86350198250453,6.95564031097716,6.1937129818801,7.2900401638545e-09,9.05349680684277e-08,9.67144071046927,"LOXL1","4016","lysyl oxidase like 1","Up"
1.0140586281737,8.9992792009232,6.19328285645061,7.30539102442133e-09,9.06693289240679e-08,9.66938849804654,"LLPH","84298","LLP homolog, long-term synaptic facilitation","Up"
2.21689813223878,8.16810302735751,6.1916016198548,7.36569874396791e-09,9.13611498887576e-08,9.66136772522292,"NCAPG2","54892","non-SMC condensin II complex subunit G2","Up"
-3.90023391954747,3.94036571475106,-6.19115417145784,7.38183152410408e-09,9.15045249707251e-08,9.65923325458346,"LRRC7","57554","leucine rich repeat containing 7","Down"
1.0161296946806,10.225684508122,6.18790161294057,7.50015190356499e-09,9.29136465229875e-08,9.64372001458504,"PRMT5","10419","protein arginine methyltransferase 5","Up"
1.12568243819302,10.2177454333394,6.18556671090083,7.58623835055835e-09,9.39219496779833e-08,9.63258628899055,"DERA","51071","deoxyribose-phosphate aldolase","Up"
1.93964222815595,9.30330799718178,6.18294150634083,7.68418902766897e-09,9.50064382731541e-08,9.62007099056755,"DSE","29940","dermatan sulfate epimerase","Up"
1.78836677041321,9.57657884315,6.18283789488722,7.68808035008929e-09,9.50064382731541e-08,9.61957709606256,"MYD88","4615","myeloid differentiation primary response 88","Up"
-2.723927843705,6.76623132470219,-6.18047706471966,7.77727283151097e-09,9.5990066341789e-08,9.6083247128078,"KCNIP2","30819","potassium voltage-gated channel interacting protein 2","Down"
1.22919013169079,8.47628015531817,6.17974056399683,7.8053056290129e-09,9.62766644387553e-08,9.60481481653707,"LIPT1","51601","lipoyltransferase 1","Up"
-3.7497807583002,5.79551990165408,-6.17809709552006,7.86821836050471e-09,9.69928803072198e-08,9.59698345310697,"MCTP1","79772","multiple C2 and transmembrane domain containing 1","Down"
1.02955011673779,11.7856668245788,6.1766083265071,7.9256394917707e-09,9.76405599210939e-08,9.58989022491515,"APEX1","328","apurinic/apyrimidinic endodeoxyribonuclease 1","Up"
-1.25962113157239,10.8776066597127,-6.1759142547442,7.95255018582359e-09,9.791179788786e-08,9.58658364077466,"ZYG11B","79699","zyg-11 family member B, cell cycle regulator","Down"
-1.17192456249317,8.25112873078811,-6.17276614853479,8.07574170489149e-09,9.9367382712032e-08,9.57158846209513,"MIR7109","102465666","microRNA 7109","Down"
2.43725960680979,7.28130170888207,6.16911606403456,8.22092745551484e-09,1.01091638354324e-07,9.55420741164645,"CDCA4","55038","cell division cycle associated 4","Up"
1.25045595504208,8.37411962103669,6.16797275567298,8.26692939790195e-09,1.01594874977779e-07,9.54876432418422,"FBXO22","26263","F-box protein 22","Up"
-1.32630415793406,8.6852449935203,-6.16562910117932,8.36202101590379e-09,1.02637395377415e-07,9.53760830782333,"FIG4","9896","FIG4 phosphoinositide 5-phosphatase","Down"
1.36694318152209,7.10571584842195,6.1624564323104,8.49246477031583e-09,1.04048932312706e-07,9.52250975908411,"QTRT2","79691","queuine tRNA-ribosyltransferase accessory subunit 2","Up"
-1.98030457418626,7.59826206452645,-6.16245261529156,8.49262290531561e-09,1.04048932312706e-07,9.52249159664381,"NR1D1","9572","nuclear receptor subfamily 1 group D member 1","Down"
1.68642615186541,6.95485841247355,6.16087067826952,8.55841076847309e-09,1.04716305123255e-07,9.51496482334561,"SPRTN","83932","SprT-like N-terminal domain","Up"
1.25899502514471,9.19359976415864,6.16081943583032,8.56055014148933e-09,1.04716305123255e-07,9.51472103200373,"KCTD18","130535","potassium channel tetramerization domain containing 18","Up"
2.80186926760729,9.38890465566846,6.15898232877794,8.63759778294236e-09,1.05566535640396e-07,9.50598152566295,"CDCA7L","55536","cell division cycle associated 7 like","Up"
-1.12691164581461,7.97579056349882,-6.15860318529198,8.65358361558465e-09,1.05697342733212e-07,9.50417803574764,"MED8","112950","mediator complex subunit 8","Down"
-1.64911355677312,7.43886481561367,-6.15644063892118,8.745320859798e-09,1.06752675071372e-07,9.49389249828089,"MAPK11","5600","mitogen-activated protein kinase 11","Down"
-1.71436486408646,10.5407633151624,-6.15346051488038,8.87330926887577e-09,1.08248962525852e-07,9.47972159328662,"GDAP1","54332","ganglioside induced differentiation associated protein 1","Down"
1.82848054707041,8.63559414161722,6.14942040177534,9.04976673931976e-09,1.10334359021067e-07,9.46051623543134,"TMEM133","83935","transmembrane protein 133","Up"
-1.7661894252551,10.2588956373574,-6.14866047047441,9.08334122536576e-09,1.10676253286171e-07,9.45690453892031,"HPRT1","3251","hypoxanthine phosphoribosyltransferase 1","Down"
-1.27082839528284,7.65811446630402,-6.14704906629599,9.154940326971e-09,1.11480761486128e-07,9.4492468814783,"ACOT8","10005","acyl-CoA thioesterase 8","Down"
-1.13111857399106,3.48227889540627,-6.14482446008562,9.25469833443086e-09,1.1255851038113e-07,9.43867697848281,"NPAS1","4861","neuronal PAS domain protein 1","Down"
-2.36001713531939,9.77764871027172,-6.14405578964947,9.28941567378694e-09,1.12912113842925e-07,9.43502523237458,"GPRASP1","9737","G protein-coupled receptor associated sorting protein 1","Down"
-1.11466149694675,9.21563667968994,-6.14082104848973,9.43692288498566e-09,1.14635407504498e-07,9.41966056989847,"BTBD6","90135","BTB domain containing 6","Down"
-1.88629182835181,10.0157560728307,-6.13704852126372,9.61186453337531e-09,1.16689668518956e-07,9.40174704190835,"NLK","51701","nemo like kinase","Down"
-3.83881081737857,4.64917079136935,-6.13513659433379,9.7017390098088e-09,1.17709334365825e-07,9.39267070513649,"SLC35F3","148641","solute carrier family 35 member F3","Down"
1.32125623057778,9.46508189218213,6.13421791892763,9.74521682032336e-09,1.1816518359043e-07,9.38831009897307,"AK2","204","adenylate kinase 2","Up"
-2.71677119107317,8.43052585747497,-6.12772910613005,1.00578131561615e-08,1.21807910299832e-07,9.35752027966962,"ARHGAP32","9743","Rho GTPase activating protein 32","Down"
1.05537091358369,9.48171452082178,6.12757581836004,1.00653156896219e-08,1.21825027829562e-07,9.35679313445001,"PSPC1","55269","paraspeckle component 1","Up"
1.85423540052925,7.22577374678757,6.1239904452209,1.02423764428289e-08,1.23743493654395e-07,9.33978816981386,"TMEM99","147184","transmembrane protein 99","Up"
1.42126429896844,8.09947608920828,6.12277086661646,1.03032995063757e-08,1.24404413532926e-07,9.3340051028623,"LRRC57","255252","leucine rich repeat containing 57","Up"
-3.57643973720395,3.39032076642059,-6.12209712196979,1.03371084996821e-08,1.24737352082714e-07,9.33081057190511,"HTR2C","3358","5-hydroxytryptamine receptor 2C","Down"
-2.2136098958428,5.70082671429355,-6.12156913099621,1.03636796730463e-08,1.24982603507316e-07,9.32830725978437,"SRRM3","222183","serine/arginine repetitive matrix 3","Down"
1.64228066397705,8.15591562909947,6.12124815164225,1.03798657815607e-08,1.25102394392582e-07,9.32678548928446,"GTF3C3","9330","general transcription factor IIIC subunit 3","Up"
-1.68643247192893,2.64480000744858,-6.11882323198269,1.05029535537627e-08,1.26335171709948e-07,9.31529029763162,"KCNG3","170850","potassium voltage-gated channel modifier subfamily G member 3","Down"
-6.46386604175674,6.25081316980947,-6.11752442141693,1.05694695080733e-08,1.27005030899713e-07,9.30913438437693,"INA","9118","internexin neuronal intermediate filament protein alpha","Down"
-2.51685000847942,7.00971937761645,-6.11571265317605,1.06629477831215e-08,1.28051378329479e-07,9.30054842197563,"TMEM59L","25789","transmembrane protein 59 like","Down"
1.79816303064378,8.42607977045337,6.11542859674281,1.06776772033172e-08,1.28151342415577e-07,9.29920240574428,"RHNO1","83695","RAD9-HUS1-RAD1 interacting nuclear orphan 1","Up"
-4.93506968485918,5.95770685228533,-6.11259970867522,1.08254617693088e-08,1.29847130466764e-07,9.2857994376126,"GRM5","2915","glutamate metabotropic receptor 5","Down"
-2.8687811633624,8.64442673082947,-6.11118961244518,1.08998760075779e-08,1.30583125319528e-07,9.27911981982785,"KCNA2","3737","potassium voltage-gated channel subfamily A member 2","Down"
-2.55451542191665,11.0063089773934,-6.11049542895623,1.09366942517959e-08,1.309458060417e-07,9.27583178634679,"PSD3","23362","pleckstrin and Sec7 domain containing 3","Down"
1.51695300415903,10.2996990485633,6.10870892962126,1.10320100579376e-08,1.32008029443276e-07,9.26737088638337,"SMAD4","4089","SMAD family member 4","Up"
1.67279464600466,9.83417600366041,6.1022949315579,1.13809953609394e-08,1.36102554803536e-07,9.23700521756838,"NXT2","55916","nuclear transport factor 2 like export factor 2","Up"
1.21480845394095,11.3909566642983,6.09679925049355,1.1688630364102e-08,1.39697985480638e-07,9.21100103274602,"IMPDH2","3615","inosine monophosphate dehydrogenase 2","Up"
2.71153081302425,7.48383107874136,6.0958582132075,1.17421207742193e-08,1.40225273330652e-07,9.20654956942813,"SLC27A3","11000","solute carrier family 27 member 3","Up"
-1.18854722539119,8.85690257585148,-6.09554923939249,1.17597358657028e-08,1.40296383700129e-07,9.20508808833572,"EZH1","2145","enhancer of zeste 1 polycomb repressive complex 2 subunit","Down"
1.19438044707903,4.04461205064331,6.09512303722634,1.1784076965298e-08,1.40465222030737e-07,9.20307217062357,"ZCCHC4","29063","zinc finger CCHC-type containing 4","Up"
2.30813610621854,7.38790143854876,6.09505565833466,1.17879296141154e-08,1.40465222030737e-07,9.20275347848034,"TM4SF18","116441","transmembrane 4 L six family member 18","Up"
-1.49823230017607,4.43205319825337,-6.09477987951524,1.18037112428448e-08,1.40569554068807e-07,9.20144910581336,"CHRD","8646","chordin","Down"
-2.30331906118791,7.64713052676343,-6.093452898529,1.18799394680573e-08,1.41309125408694e-07,9.1951732331405,"TTLL7","79739","tubulin tyrosine ligase like 7","Down"
-3.75259777986779,3.6582365403468,-6.09277925329662,1.19188218732206e-08,1.41687385155985e-07,9.19198755782197,"ZNF488","118738","zinc finger protein 488","Down"
1.83334486766509,7.03587676231456,6.09265467265969,1.19260262865724e-08,1.41688840804902e-07,9.19139843588965,"HIST1H4J","8363","histone cluster 1, H4j","Up"
-4.63552609893564,5.80656721301947,-6.09064672592453,1.20427366597052e-08,1.4299052365028e-07,9.18190408949208,"SLITRK4","139065","SLIT and NTRK like family member 4","Down"
3.84950694036259,7.09080771679379,6.08869638773638,1.21571730412522e-08,1.44263677957493e-07,9.17268378515231,"ERAP2","64167","endoplasmic reticulum aminopeptidase 2","Up"
1.00663532461926,9.80055989533485,6.08840336683834,1.21744581830351e-08,1.44383156412557e-07,9.17129865702001,"ZBTB1","22890","zinc finger and BTB domain containing 1","Up"
1.90250352748533,10.306890735496,6.08766459294989,1.22181453418344e-08,1.44815422899337e-07,9.1678065892894,"ANO6","196527","anoctamin 6","Up"
2.96910478336054,10.8437482838192,6.08616784026396,1.23071281692029e-08,1.45783726039812e-07,9.16073238959934,"CXCR4","7852","C-X-C motif chemokine receptor 4","Up"
1.2101006316453,9.83895874670444,6.08414604982165,1.24283367508258e-08,1.47118812973804e-07,9.1511781891078,"HEBP2","23593","heme binding protein 2","Up"
3.62217278902347,8.4275056575803,6.08089132576511,1.26259299905312e-08,1.49180438235084e-07,9.1358012909496,"PARP9","83666","poly(ADP-ribose) polymerase family member 9","Up"
2.55659646023366,10.7586389063754,6.08080582342946,1.26311622117375e-08,1.49180438235084e-07,9.13539739743092,"FLNA","2316","filamin A","Up"
1.49515031357835,10.3051984174264,6.07964374499412,1.27024859697869e-08,1.49934298995591e-07,9.12990831426219,"ERLIN2","11160","ER lipid raft associated 2","Up"
-2.35779707998955,9.06294072721296,-6.07848638755955,1.27739133299449e-08,1.5059969592941e-07,9.12444210512528,"FKBP1B","2281","FK506 binding protein 1B","Down"
-3.62518944693741,4.81882242569716,-6.07684540897554,1.28758648543921e-08,1.51712266279048e-07,9.11669273201186,"ADRA2A","150","adrenoceptor alpha 2A","Down"
2.30011402637843,5.93898723483941,6.07536030927958,1.29688209361177e-08,1.52717598863395e-07,9.10968047696118,"CCDC15","80071","coiled-coil domain containing 15","Up"
2.63208844761222,6.28520569737408,6.07494817845898,1.2994733925281e-08,1.52932730378293e-07,9.10773466974976,"KNTC1","9735","kinetochore associated 1","Up"
-4.32016744411479,9.54180049416651,-6.07259341072181,1.31437703102824e-08,1.54504942771927e-07,9.0966184211767,"UBE2QL1","134111","ubiquitin conjugating enzyme E2 Q family like 1","Down"
-1.4818478437879,8.0446556244258,-6.07182704525654,1.31926359388773e-08,1.54988295495666e-07,9.09300112103836,"TOLLIP","54472","toll interacting protein","Down"
-3.4014566943695,7.87544964245799,-6.07116324235252,1.32351061491179e-08,1.55395991036034e-07,9.08986812714047,"KCNAB1","7881","potassium voltage-gated channel subfamily A member regulatory beta subunit 1","Down"
-1.95872913412112,10.5926508051786,-6.07095419213393,1.32485090121552e-08,1.55462123053484e-07,9.08888149831099,"C14orf132","56967","chromosome 14 open reading frame 132","Down"
-4.60897033790868,7.64871013400645,-6.06945549074761,1.33449867980671e-08,1.56502433100192e-07,9.08180880912673,"DNM3","26052","dynamin 3","Down"
2.30897597668422,6.33633272430692,6.06923833057894,1.33590234692663e-08,1.56575268043123e-07,9.0807840642541,"MIR1204","100302185","microRNA 1204","Up"
-3.773092701653,4.19091766152118,-6.06809207085975,1.34333554863261e-08,1.57354299306163e-07,9.07537537931184,"CBLN4","140689","cerebellin 4 precursor","Down"
3.04593380594983,6.69843609125781,6.06684325383017,1.35148007276354e-08,1.58215692310007e-07,9.06948341453028,"TGIF2","60436","TGFB induced factor homeobox 2","Up"
1.75792586242485,4.54208026403148,6.06254021002529,1.37991702470656e-08,1.61450291890667e-07,9.04918662674505,"MKS1","54903","Meckel syndrome, type 1","Up"
1.79306418146666,9.1932121608342,6.06027841039006,1.39509919477777e-08,1.62919815028876e-07,9.03852126170126,"CKS1B","1163","CDC28 protein kinase regulatory subunit 1B","Up"
1.58185976847495,9.00926819009905,6.06018432081362,1.39573430778974e-08,1.62919815028876e-07,9.03807763626874,"ZNRD1","30834","zinc ribbon domain containing 1","Up"
4.27510869515161,7.18577411367432,6.05469455632101,1.43328673931202e-08,1.67108203924334e-07,9.01220039872819,"TPX2","22974","TPX2, microtubule nucleation factor","Up"
1.4495560167639,10.6110778383928,6.05413125743891,1.43719565803e-08,1.67466357193979e-07,9.00954589732711,"SMC3","9126","structural maintenance of chromosomes 3","Up"
-3.4006374437129,7.89321586718207,-6.05398245417571,1.43823000130874e-08,1.67489334320046e-07,9.00884469656085,"SEPT4","5414","septin 4","Down"
-4.74012264291572,6.30824331061787,-6.05365892085917,1.44048143176371e-08,1.67653938367054e-07,9.00732015399543,"RAB27B","5874","RAB27B, member RAS oncogene family","Down"
1.31505541446771,10.3605248484505,6.05351426011554,1.44148922898109e-08,1.67673691885027e-07,9.00663850321317,"MAGED2","10916","MAGE family member D2","Up"
1.32757505522209,4.27413727945846,6.05132627524357,1.45681685108129e-08,1.69358133292176e-07,8.99632967725968,"ZNF572","137209","zinc finger protein 572","Up"
-1.01243141873452,9.23613780552237,-6.05086643516567,1.46005850276662e-08,1.69636413849314e-07,8.99416337487333,"PITRM1","10531","pitrilysin metallopeptidase 1","Down"
5.61978639542478,8.81497752592195,6.05064059099066,1.46165318993007e-08,1.69723130417475e-07,8.99309945844072,"TMSB15B","286527","thymosin beta 15B","Up"
1.28676230402425,12.2090595900171,6.04977982769973,1.46774675119607e-08,1.70331840204059e-07,8.9890447395635,"PFN1","5216","profilin 1","Up"
-5.33084732775392,5.90018673409012,-6.0487402905488,1.47513917990777e-08,1.71090490274868e-07,8.98414831327029,"SH3GL3","6457","SH3 domain containing GRB2 like 3, endophilin A3","Down"
3.48745084168369,5.74856459931947,6.04856282028013,1.47640486941482e-08,1.71138077765831e-07,8.98331243969581,"CEP55","55165","centrosomal protein 55","Up"
-2.29794673087022,3.1055634535245,-6.04815078685473,1.479347541651e-08,1.71379885731393e-07,8.98137184113767,"CHRNA3","1136","cholinergic receptor nicotinic alpha 3 subunit","Down"
1.00943204807941,10.8917039896727,6.04419239046497,1.50791296011608e-08,1.7458804741344e-07,8.96273228767049,"GALNT1","2589","polypeptide N-acetylgalactosaminyltransferase 1","Up"
-1.3849754374931,4.17522267680533,-6.0436671664864,1.51174368634538e-08,1.74930340848537e-07,8.96025958771617,"GJC2","57165","gap junction protein gamma 2","Down"
-1.25558501776963,7.89531477277538,-6.03789946219609,1.55444462777032e-08,1.79663626041599e-07,8.93311368371167,"MAP3K12","7786","mitogen-activated protein kinase kinase kinase 12","Down"
1.15569129369987,8.02389409516716,6.03765970010911,1.5562451168933e-08,1.79767875598638e-07,8.93198554664577,"BRAT1","221927","BRCA1 associated ATM activator 1","Up"
-1.91522209273347,7.80757603354166,-6.0373965832483,1.55822334630784e-08,1.79892524463826e-07,8.93074754851808,"SPATA2","9825","spermatogenesis associated 2","Down"
-1.62876103460882,8.74038618578935,-6.03645319609203,1.5653364796025e-08,1.80609497966593e-07,8.92630903902421,"ATP6V0A1","535","ATPase H+ transporting V0 subunit a1","Down"
1.35558700051302,8.52989663863745,6.03529637877672,1.57410242913616e-08,1.81516238038773e-07,8.92086689558604,"DTYMK","1841","deoxythymidylate kinase","Up"
1.18730584838027,8.37828456777006,6.03465171249285,1.57900838876793e-08,1.81977078537328e-07,8.91783437239609,"FAAP20","199990","Fanconi anemia core complex associated protein 20","Up"
1.61651639379244,9.26687119706704,6.03443158173315,1.58068703865479e-08,1.81994655218572e-07,8.91679891411595,"SNAPC1","6617","small nuclear RNA activating complex polypeptide 1","Up"
1.8151014261921,7.7365131719084,6.03439315999072,1.58098021077562e-08,1.81994655218572e-07,8.91661818681769,"BRCA1","672","BRCA1, DNA repair associated","Up"
-1.01462673210205,9.76194962115373,-6.03354816013745,1.58744139594483e-08,1.82619098402871e-07,8.9126436579461,"DYNC1LI1","51143","dynein cytoplasmic 1 light intermediate chain 1","Down"
-1.82751525445569,2.46403219395083,-6.03344522127061,1.58823027550855e-08,1.82619098402871e-07,8.91215949735691,"GUCA1A","2978","guanylate cyclase activator 1A","Down"
-2.0101187497482,7.28552528226686,-6.03282580067749,1.59298538873457e-08,1.83060647170663e-07,8.90924622403213,"TMEM268","203197","transmembrane protein 268","Down"
-5.54369417318074,7.37426573946278,-6.02961324170879,1.61787254856399e-08,1.85813869570148e-07,8.89413951161886,"SH3GL2","6456","SH3 domain containing GRB2 like 2, endophilin A1","Down"
-3.87847303566036,5.50750004160805,-6.02866114267015,1.62532140054637e-08,1.86562279178034e-07,8.8896632287183,"KIAA0319","9856","KIAA0319","Down"
-2.27375519623103,8.45544336865243,-6.02571636364876,1.64857410028699e-08,1.89122832708955e-07,8.87582087459168,"C1orf216","127703","chromosome 1 open reading frame 216","Down"
-1.98929722236911,7.74060510456663,-6.02379393367023,1.66393006659055e-08,1.90775064998722e-07,8.86678625049936,"LOC286052","286052","uncharacterized LOC286052","Down"
1.57501852896199,10.2578635631321,6.02160773962455,1.68156371950785e-08,1.92576103813358e-07,8.85651399695718,"SH3BP4","23677","SH3 domain binding protein 4","Up"
-1.32260339562498,8.85909582948899,-6.02091367898043,1.68720024814009e-08,1.93111071879513e-07,8.8532532541255,"KCTD2","23510","potassium channel tetramerization domain containing 2","Down"
-4.5747606516904,7.1321569406455,-6.02038495788115,1.69150648989038e-08,1.93493255250068e-07,8.85076942804609,"KCNIP4","80333","potassium voltage-gated channel interacting protein 4","Down"
2.25204414425476,8.2784941947216,6.01814785420171,1.70984668511542e-08,1.95479443594881e-07,8.84026130829876,"GJA9-MYCBP","100527950","GJA9-MYCBP readthrough","Up"
-1.01522457933137,10.8520358518373,-6.0109289909107,1.77037053125551e-08,2.02052499822184e-07,8.80636774240061,"RFK","55312","riboflavin kinase","Down"
2.55943197239139,9.74810136647651,6.00871612474366,1.78934134812882e-08,2.03984913686685e-07,8.79598257893321,"CDKN2C","1031","cyclin dependent kinase inhibitor 2C","Up"
-5.26580396245431,6.51049764960947,-6.00794438941031,1.79600425303162e-08,2.04627887758563e-07,8.79236126402493,"MAL2","114569","mal, T-cell differentiation protein 2 (gene/pseudogene)","Down"
3.00174223110098,6.93065450902876,6.00609827585969,1.81204201254787e-08,2.06220276137914e-07,8.78369955850356,"SHCBP1","79801","SHC binding and spindle associated 1","Up"
1.04689691990111,11.4520382049714,6.00569934113958,1.81552612037061e-08,2.06439861386425e-07,8.78182800842422,"TMEM263","90488","transmembrane protein 263","Up"
3.46745915199487,5.97595499954036,6.0053757262445,1.81835725334349e-08,2.06586448425004e-07,8.78030986253571,"HMMR","3161","hyaluronan mediated motility receptor","Up"
-2.09764530588521,11.3468678918217,-6.00177505045244,1.85015164843243e-08,2.10079364530009e-07,8.76342141913464,"NAP1L5","266812","nucleosome assembly protein 1 like 5","Down"
-1.24871782584623,11.3621924157384,-6.00108613798752,1.85629675728477e-08,2.10538147522655e-07,8.76019082202273,"B4GAT1","11041","beta-1,4-glucuronyltransferase 1","Down"
1.31440080168527,10.552901847838,6.00085671248689,1.85834768220758e-08,2.10651343217717e-07,8.75911499649998,"ZNF260","339324","zinc finger protein 260","Up"
3.16201313945206,9.30697777139858,5.99762701975398,1.88745645711524e-08,2.13829792398101e-07,8.74397271705033,"CD93","22918","CD93 molecule","Up"
-3.14288119596943,3.24847196267071,-5.99531137378153,1.90860222987324e-08,2.15858704426648e-07,8.73311871887418,"FEZF2","55079","FEZ family zinc finger 2","Down"
-1.6876006371662,6.59571344586284,-5.99266863430926,1.93301929613822e-08,2.18496706541454e-07,8.72073442449619,"PLPP7","84814","phospholipid phosphatase 7 (inactive)","Down"
1.39911802951426,8.31781498668,5.99026950431943,1.95545108705992e-08,2.20782787239322e-07,8.70949437457102,"CAD","790","carbamoyl-phosphate synthetase 2, aspartate transcarbamylase, and dihydroorotase","Up"
-4.72033001373136,5.42326246787018,-5.98919441401654,1.96558590944277e-08,2.21768066864961e-07,8.70445833942501,"HCN1","348980","hyperpolarization activated cyclic nucleotide gated potassium channel 1","Down"
-1.7302780139459,6.54446849361319,-5.98907823885891,1.966684170379e-08,2.21768066864961e-07,8.70391417162281,"PSTK","118672","phosphoseryl-tRNA kinase","Down"
4.98302711769144,7.64725245295308,5.98899166712927,1.96750296738794e-08,2.21768066864961e-07,8.70350867098662,"LOX","4015","lysyl oxidase","Up"
1.72313626005693,10.349638746982,5.98835247111989,1.97355886503295e-08,2.22325406603121e-07,8.70051478863157,"SLC44A1","23446","solute carrier family 44 member 1","Up"
-3.58101682560237,6.11413728365609,-5.98701227634311,1.98631568312109e-08,2.23636566529002e-07,8.69423813295282,"PPFIA2","8499","PTPRF interacting protein alpha 2","Down"
1.52514588588592,8.01596672447722,5.9845071844332,2.0103782422517e-08,2.26218433592405e-07,8.68250792444166,"CUEDC1","404093","CUE domain containing 1","Up"
2.13120207688271,6.5901375877903,5.98345842695881,2.02053683880795e-08,2.27233729814674e-07,8.67759788805598,"CARD6","84674","caspase recruitment domain family member 6","Up"
1.30048818318461,8.87909256222473,5.98015853082282,2.05283063699075e-08,2.30476894243961e-07,8.6621517036471,"AKT2","208","AKT serine/threonine kinase 2","Up"
1.37536575526508,8.86514733241964,5.97664724816997,2.087749751918e-08,2.34134581203046e-07,8.6457213211077,"ZNF558","148156","zinc finger protein 558","Up"
-4.39091474169343,9.52084173899071,-5.97250559708608,2.12968802549813e-08,2.38704024236084e-07,8.62634822937915,"ANK3","288","ankyrin 3, node of Ranvier (ankyrin G)","Down"
1.45994964411544,9.10463371781456,5.97122645406246,2.14280700281334e-08,2.40039975953452e-07,8.62036640603429,"POLR1B","84172","RNA polymerase I subunit B","Up"
1.3184641603478,8.94502194874556,5.96977331557635,2.15780678347052e-08,2.41585004571319e-07,8.61357178071665,"CNPY3","10695","canopy FGF signaling regulator 3","Up"
1.12882541860841,10.5635807443476,5.96655372960131,2.19140865553032e-08,2.45072738799301e-07,8.59852087109289,"NUCB2","4925","nucleobindin 2","Up"
-4.48015361412584,4.13598348569089,-5.96457394661359,2.21232561406934e-08,2.46997759825253e-07,8.58926806126559,"HHATL","57467","hedgehog acyltransferase-like","Down"
1.04354665492708,9.60777064301899,5.96299773722886,2.22911875978435e-08,2.48733848449556e-07,8.58190265104906,"CSK","1445","c-src tyrosine kinase","Up"
1.08865860060249,8.12369797183041,5.96113853484193,2.2490878842913e-08,2.50822192313355e-07,8.57321626531627,"INTS4","92105","integrator complex subunit 4","Up"
-2.31898286614623,5.57024649290036,-5.95913099718499,2.27084746863051e-08,2.53107773286298e-07,8.56383855876237,"FBXO44","93611","F-box protein 44","Down"
1.19748347117021,9.82460162200586,5.95676264041792,2.29678381270898e-08,2.55856089871205e-07,8.55277767010675,"RGL2","5863","ral guanine nucleotide dissociation stimulator like 2","Up"
1.10414307788823,9.13874303106686,5.95408082969945,2.32650408233274e-08,2.58878571608627e-07,8.54025586297369,"LMAN2","10960","lectin, mannose binding 2","Up"
2.51552861439822,10.365690702556,5.95365693151812,2.33123622155023e-08,2.59260939880798e-07,8.53827690562156,"MAML2","84441","mastermind like transcriptional coactivator 2","Up"
1.96819686299841,9.11486813643349,5.95199003904515,2.34993620087313e-08,2.6112532988188e-07,8.53049583506798,"UGDH","7358","UDP-glucose 6-dehydrogenase","Up"
1.09562800264628,11.8191730973686,5.95161812336206,2.35412857692616e-08,2.61370979126314e-07,8.52875989709083,"SNRPD1","6632","small nuclear ribonucleoprotein D1 polypeptide","Up"
-3.93291081539724,10.2519204866218,-5.95000956917453,2.37234553367287e-08,2.63247460300571e-07,8.52125258383761,"DNAJC6","9829","DnaJ heat shock protein family (Hsp40) member C6","Down"
1.40585728648488,11.7938138699642,5.94786146133302,2.39688892848055e-08,2.65823485543849e-07,8.51122890003371,"FBL","2091","fibrillarin","Up"
2.40287351115371,7.19490943457148,5.94477317246889,2.43261181138859e-08,2.69635814462335e-07,8.49682165356905,"C18orf54","162681","chromosome 18 open reading frame 54","Up"
-3.95349218580191,5.32072124800609,-5.94462373173367,2.43435361817094e-08,2.69679473082758e-07,8.49612460167276,"EPHA5","2044","EPH receptor A5","Down"
-2.3463832580906,7.39797349155515,-5.94435546799475,2.43748343892283e-08,2.6987676348937e-07,8.4948733362327,"SERP2","387923","stress-associated endoplasmic reticulum protein family member 2","Down"
-1.05401855174958,10.5596370531769,-5.9437674342852,2.44435782796704e-08,2.70488202788366e-07,8.49213067616973,"VAMP4","8674","vesicle associated membrane protein 4","Down"
2.9558919252048,8.29608785554645,5.94355959259436,2.44679214418333e-08,2.7060790728953e-07,8.49116131424436,"CYYR1","116159","cysteine and tyrosine rich 1","Up"
-4.79058434562407,6.74848426373598,-5.94253662415687,2.45880824337772e-08,2.71786610636785e-07,8.48639052698746,"ST8SIA3","51046","ST8 alpha-N-acetyl-neuraminide alpha-2,8-sialyltransferase 3","Down"
-1.1673208530405,8.97774980047302,-5.94135512221889,2.47275862976562e-08,2.73177702405967e-07,8.48088097082643,"SLC25A14","9016","solute carrier family 25 member 14","Down"
1.23532463696476,8.5373532238458,5.93912979366663,2.49924513503196e-08,2.75951420621327e-07,8.47050554942519,"TXLNA","200081","taxilin alpha","Up"
-1.15625435866207,5.64040632417456,-5.93883292397678,2.50279955301766e-08,2.76191454259373e-07,8.46912158415608,"C17orf51","339263","chromosome 17 open reading frame 51","Down"
-1.06679729165556,8.83011243240112,-5.93809047409405,2.51171063723486e-08,2.7702202160506e-07,8.46566055762911,"IP6K1","9807","inositol hexakisphosphate kinase 1","Down"
-1.13686391311171,7.74920727530775,-5.9369361678004,2.52562682254075e-08,2.78403393049988e-07,8.46028009631572,"PI4K2A","55361","phosphatidylinositol 4-kinase type 2 alpha","Down"
-3.21619528280743,7.65383706299698,-5.93455394495913,2.55458634434545e-08,2.81440578146032e-07,8.44917793702674,"NCEH1","57552","neutral cholesterol ester hydrolase 1","Down"
1.32819816307356,8.47152818164432,5.929347866602,2.61901335977758e-08,2.88221123702255e-07,8.42492422864756,"SETDB1","9869","SET domain bifurcated 1","Up"
1.11233864232793,7.49480325120935,5.92849407807596,2.62973043416945e-08,2.88925419631428e-07,8.42094781317189,"MED20","9477","mediator complex subunit 20","Up"
1.0645707104182,8.34030129187876,5.92849287747691,2.62974553480697e-08,2.88925419631428e-07,8.42094222175796,"GLE1","2733","GLE1, RNA export mediator","Up"
2.91595040780505,6.93251752008609,5.92803086348474,2.63556287849585e-08,2.8940563397402e-07,8.41879058409576,"SLC25A43","203427","solute carrier family 25 member 43","Up"
1.20776389478396,9.84286503704757,5.92630584536544,2.65739489000259e-08,2.91642893934623e-07,8.41075787311634,"MRPL50","54534","mitochondrial ribosomal protein L50","Up"
-3.80878421584563,6.04830955307799,-5.92592153811996,2.66228284884269e-08,2.92019149982433e-07,8.40896849086206,"LOC157503","157503","uncharacterized LOC157503","Down"
-3.59563150198054,9.57849834633586,-5.92461587007768,2.67895550297829e-08,2.9336542281383e-07,8.40288963115779,"TPPP","11076","tubulin polymerization promoting protein","Down"
1.35051659874029,8.66414092188757,5.92316863769852,2.69755562497331e-08,2.95240674993659e-07,8.39615257384485,"TMEM138","51524","transmembrane protein 138","Up"
1.50808804203938,7.9899082535745,5.92243944634649,2.70697530368521e-08,2.96109649539803e-07,8.3927584467456,"POLR3C","10623","RNA polymerase III subunit C","Up"
-2.11643627753794,8.31912753448923,-5.92107671152585,2.7246657097008e-08,2.97881895376961e-07,8.38641603681386,"PDZD4","57595","PDZ domain containing 4","Down"
-1.77662240284715,9.01731874507899,-5.92051379803222,2.73200627073e-08,2.98521296878728e-07,8.38379637980431,"GNAZ","2781","G protein subunit alpha z","Down"
-1.78952840233117,3.37922908732562,-5.91615125615173,2.78955708330499e-08,3.04477188028821e-07,8.36349902096155,"LOC646014","646014","uncharacterized LOC646014","Down"
-2.08091131286463,4.52539510244669,-5.91569498989137,2.79564445810728e-08,3.04975238131692e-07,8.36137666817262,"GRM2","2912","glutamate metabotropic receptor 2","Down"
-2.22483451628561,6.05062292615716,-5.91553545775763,2.79777596527916e-08,3.05041437260709e-07,8.36063461586627,"EIF5A2","56648","eukaryotic translation initiation factor 5A2","Down"
-1.62806870489639,6.96642294408201,-5.91529193716414,2.8010327174461e-08,3.05230182886406e-07,8.3595019192311,"SLC25A22","79751","solute carrier family 25 member 22","Down"
-1.25366070847134,11.5574080593995,-5.91361324252765,2.82358439447601e-08,3.0735284537694e-07,8.35169446560505,"UBR3","130507","ubiquitin protein ligase E3 component n-recognin 3 (putative)","Down"
1.63316748740263,6.5635770801032,5.91344406666234,2.82586697257014e-08,3.0743404306803e-07,8.35090771433116,"ZNF764","92595","zinc finger protein 764","Up"
1.6119295416927,7.59398817022994,5.9130397235837,2.8313298458798e-08,3.07849644268831e-07,8.3490273714117,"WRN","7486","Werner syndrome RecQ like helicase","Up"
1.04046349475456,9.37893610445012,5.91252687851557,2.83827354625653e-08,3.0828088403884e-07,8.34664256005376,"TET2","54790","tet methylcytosine dioxygenase 2","Up"
-1.1390738086549,12.2071996178911,-5.91096581038451,2.85951276034849e-08,3.10250931650175e-07,8.33938407003618,"CLSTN1","22883","calsyntenin 1","Down"
1.31423433953662,7.08872300436166,5.91049895094445,2.8658948926509e-08,3.10774846164046e-07,8.33721352851618,"USP40","55230","ubiquitin specific peptidase 40","Up"
-4.15455053311736,9.03778649402988,-5.90885561293451,2.88847130750886e-08,3.12953245932502e-07,8.32957403374385,"SNAP91","9892","synaptosome associated protein 91","Down"
-2.47976480378054,6.79670297102651,-5.90880915839033,2.88911203697371e-08,3.12953245932502e-07,8.32935809502331,"CAMK1","8536","calcium/calmodulin dependent protein kinase I","Down"
-3.29747053497436,7.96872390685917,-5.90763749508131,2.90531853862656e-08,3.14368350472155e-07,8.32391207026279,"CNKSR2","22866","connector enhancer of kinase suppressor of Ras 2","Down"
1.27682576467626,11.8984369929589,5.90459533568079,2.94781555412266e-08,3.18794301574768e-07,8.30977464396719,"GOLM1","51280","golgi membrane protein 1","Up"
-2.20342828797232,3.61131171512905,-5.90171322969618,2.98863918571989e-08,3.22982141855588e-07,8.29638484828545,"MIR4454","100616234","microRNA 4454","Down"
-2.08182707924097,8.53303996843284,-5.90163407159525,2.9897682147076e-08,3.22982141855588e-07,8.29601714530691,"SH3BGRL2","83699","SH3 domain binding glutamate rich protein like 2","Down"
1.24666499683556,9.6069046942668,5.89913570897867,3.0256181443517e-08,3.26502385189021e-07,8.28441326978187,"FAIM","55179","Fas apoptotic inhibitory molecule","Up"
1.74365492447074,9.24208936706331,5.89644602404554,3.06468500955513e-08,3.30539908281238e-07,8.27192391948504,"SLC35D2","11046","solute carrier family 35 member D2","Up"
1.38722671816495,9.2712444984674,5.89549820397215,3.07856942257459e-08,3.31858504512122e-07,8.26752356413235,"GORAB","92344","golgin, RAB6 interacting","Up"
1.1970014671211,9.26721735514627,5.89528383403974,3.08171823071642e-08,3.32019044921612e-07,8.26652838505554,"ELMOD2","255520","ELMO domain containing 2","Up"
-5.2919709261054,6.55483440410219,-5.89443455528737,3.09422409435652e-08,3.33186983077454e-07,8.26258594396092,"RALYL","138046","RALY RNA binding protein-like","Down"
1.29047779021571,10.9549731243296,5.89399601430256,3.10070121476918e-08,3.33704837030054e-07,8.2605503179017,"NBPF25P","101929780","neuroblastoma breakpoint family member 25, pseudogene","Up"
-1.08712857959606,9.86782662735172,-5.88998931381513,3.16049843652867e-08,3.3995748505177e-07,8.24195596990464,"BTRC","8945","beta-transducin repeat containing E3 ubiquitin protein ligase","Down"
-3.39174107847673,6.89670874374314,-5.88830474366664,3.1859760522791e-08,3.4214612387519e-07,8.23414035656202,"CDKL2","8999","cyclin dependent kinase like 2","Down"
1.90105327694977,6.23403314868438,5.88706622921083,3.20483591981959e-08,3.43986868282352e-07,8.22839504872332,"GINS3","64785","GINS complex subunit 3","Up"
1.19169207758547,8.4120690271139,5.88330999323313,3.26270764937659e-08,3.50010680649209e-07,8.2109745931724,"ZNF7","7553","zinc finger protein 7","Up"
-2.41604140233057,7.24344678349893,-5.88203057241544,3.28265263005474e-08,3.51961581830146e-07,8.20504242414113,"TMCC2","9911","transmembrane and coiled-coil domain family 2","Down"
-3.79386642851072,7.76939332877408,-5.88111749397324,3.29695977863107e-08,3.53306236159999e-07,8.20080929248866,"AMPH","273","amphiphysin","Down"
2.00044618995581,5.73218369605373,5.88084936554438,3.301172727992e-08,3.53568323174175e-07,8.19956629132773,"TRIM45","80263","tripartite motif containing 45","Up"
1.56889500860131,8.96472120572284,5.87494299114366,3.39532753071525e-08,3.63263732123102e-07,8.1721935197088,"ZNF606","80095","zinc finger protein 606","Up"
-4.49248624406207,7.86434437828556,-5.87268974947721,3.43193701483478e-08,3.66893670439509e-07,8.16175515572491,"LOC643923","643923","uncharacterized LOC643923","Down"
3.46236883842715,7.75264997665367,5.87262937647236,3.43292323218254e-08,3.66893670439509e-07,8.1614755034778,"STEAP3","55240","STEAP3 metalloreductase","Up"
1.6677380298685,9.43045339642485,5.87084745732114,3.46215714390191e-08,3.69820491073387e-07,8.15322226549802,"SLC25A24","29957","solute carrier family 25 member 24","Up"
-1.81382074148889,3.3972115584671,-5.86924444706218,3.48866450399023e-08,3.72056027352519e-07,8.14579890225028,"SLIT3","6586","slit guidance ligand 3","Down"
1.37993407358849,12.5156193359829,5.8678647486188,3.51163854234985e-08,3.74306618629693e-07,8.13941060469207,"IRF2BP2","359948","interferon regulatory factor 2 binding protein 2","Up"
2.5174149601501,7.3926587230055,5.86638609883224,3.53642505241803e-08,3.76747902149774e-07,8.13256510033288,"OAS3","4940","2'-5'-oligoadenylate synthetase 3","Up"
1.17967330671591,9.49390733290704,5.86462436185161,3.56618107945524e-08,3.79513749237559e-07,8.1244103214287,"DPM3","54344","dolichyl-phosphate mannosyltransferase subunit 3","Up"
3.74090017234773,6.28443332067154,5.86159672187465,3.61789322112482e-08,3.84812278974186e-07,8.11039918764592,"KIF14","9928","kinesin family member 14","Up"
-4.43318132044162,5.09398130636408,-5.86109317940582,3.62656478931359e-08,3.85529658553651e-07,8.10806932753616,"GPC5","2262","glypican 5","Down"
1.09278377609592,8.60272663015438,5.85775404384059,3.68458659862479e-08,3.91489772058875e-07,8.09262226960438,"FARS2","10667","phenylalanyl-tRNA synthetase 2, mitochondrial","Up"
-1.16830608566917,10.1670441337711,-5.8546905972391,3.738618357143e-08,3.97019837958387e-07,8.07845502917658,"DCAF6","55827","DDB1 and CUL4 associated factor 6","Down"
1.44996396295641,5.87939626600692,5.85214462275533,3.78411394180132e-08,4.01638024581533e-07,8.06668414643263,"CCT6B","10693","chaperonin containing TCP1 subunit 6B","Up"
1.19582674777704,8.95477890212953,5.85177840182056,3.79070268929262e-08,4.02124012219923e-07,8.0649912288065,"SDCCAG3","10807","serologically defined colon cancer antigen 3","Up"
-1.10836119475688,9.33670488642533,-5.85121744691645,3.80081675713667e-08,4.02983258399753e-07,8.06239823931,"ATG13","9776","autophagy related 13","Down"
-1.76651708081756,5.17960922439911,-5.84927425457087,3.8360577874989e-08,4.06504280479293e-07,8.05341702694882,"CGREF1","10669","cell growth regulator with EF-hand domain 1","Down"
-2.65157081652407,9.9034220313958,-5.8487533668762,3.84555876467324e-08,4.07295363709992e-07,8.0510098363675,"PWAR6","100506965","Prader Willi/Angelman region RNA 6","Down"
-2.01263247172268,4.6132402152129,-5.8485333154583,3.84957942841205e-08,4.07505479493333e-07,8.04999294474847,"CNNM2","54805","cyclin and CBS domain divalent metal cation transport mediator 2","Down"
-1.33815265343471,6.72084787927089,-5.84574921150352,3.90080661839381e-08,4.1227384053991e-07,8.03712907813752,"MCU","90550","mitochondrial calcium uniporter","Down"
1.07639117876258,9.13113768904728,5.83966281814109,4.01513544336696e-08,4.23685732148959e-07,8.00901941228495,"YAE1D1","57002","Yae1 domain containing 1","Up"
2.0362468334944,7.71866123992722,5.83864321024028,4.03460685635412e-08,4.25515969294026e-07,8.00431206626021,"NRM","11270","nurim (nuclear envelope membrane protein)","Up"
-3.80843061365622,4.41344523719047,-5.83752102645063,4.05614422606401e-08,4.27562052322775e-07,7.99913169551278,"CACNA1E","777","calcium voltage-gated channel subunit alpha1 E","Down"
1.16306190967265,8.8388046343332,5.83643500464752,4.07709491787459e-08,4.29544170731527e-07,7.99411880905197,"KIN","22944","Kin17 DNA and RNA binding protein","Up"
1.37901235271952,10.4703991374038,5.83460905136592,4.11255928470706e-08,4.32344536397791e-07,7.98569174529155,"EBPL","84650","emopamil binding protein like","Up"
-2.77139699742171,7.63491417431456,-5.83451914483131,4.11431327767274e-08,4.32344536397791e-07,7.98527685181632,"PAIP2B","400961","poly(A) binding protein interacting protein 2B","Down"
1.0368991420802,10.2587097933698,5.83451060507498,4.11447991853549e-08,4.32344536397791e-07,7.98523744342527,"MGAT2","4247","mannosyl (alpha-1,6-)-glycoprotein beta-1,2-N-acetylglucosaminyltransferase","Up"
2.52247587971525,7.84852700585911,5.83160628598487,4.17153911562115e-08,4.37705410418546e-07,7.97183682718847,"DLEU2","8847","deleted in lymphocytic leukemia 2 (non-protein coding)","Up"
2.17106839190585,7.67378650829515,5.83157990895523,4.17206086703737e-08,4.37705410418546e-07,7.97171514048308,"SPICE1","152185","spindle and centriole associated protein 1","Up"
-4.84892347299738,10.123547365474,-5.8238503809297,4.32774488503496e-08,4.52891283779949e-07,7.93606979936131,"SNAP25","6616","synaptosome associated protein 25","Down"
3.29031262267435,5.97979203950811,5.82383180402971,4.3281258288962e-08,4.52891283779949e-07,7.93598416351723,"CHEK1","1111","checkpoint kinase 1","Up"
1.16995671909039,9.11146701650621,5.82236718596409,4.35826348454221e-08,4.55806469081213e-07,7.92923306203946,"XPO5","57510","exportin 5","Up"
-1.12462305132498,9.53404774068385,-5.82070890743045,4.39263458093554e-08,4.59161128844187e-07,7.92159047955026,"NICN1","84276","nicolin 1","Down"
1.73588646696252,10.0413385147396,5.81914756483273,4.42523938979671e-08,4.6232775181025e-07,7.91439580526333,"VAT1","10493","vesicle amine transport 1","Up"
-1.003435739281,10.6382670626589,-5.8183815036257,4.44132337115892e-08,4.63765953480045e-07,7.91086620136849,"DLG1","1739","discs large MAGUK scaffold protein 1","Down"
-1.8618165632956,4.89066596702627,-5.81672940648253,4.4762056684075e-08,4.67164563421121e-07,7.90325513237096,"MIR631","693216","microRNA 631","Down"
-1.91576183189383,9.84767877771213,-5.81652615167451,4.48051569676034e-08,4.67370581569781e-07,7.90231884175107,"OPTN","10133","optineurin","Down"
-1.42433335479941,9.62387222517698,-5.81523129470492,4.50806890677806e-08,4.69999659290822e-07,7.89635454635873,"DEAF1","10522","DEAF1, transcription factor","Down"
1.00366107402866,5.66978737034059,5.81196630431827,4.57828433215737e-08,4.77071534549336e-07,7.88131896318979,"ZC3H10","84872","zinc finger CCCH-type containing 10","Up"
4.15715214749895,6.43551471845024,5.80723645416064,4.68190813888176e-08,4.87615492632001e-07,7.85954627670745,"E2F7","144455","E2F transcription factor 7","Up"
3.66217091421794,8.80006475764112,5.80684570174384,4.69057105529403e-08,4.88263554127303e-07,7.85774800664309,"LYZ","4069","lysozyme","Up"
-1.44323897822893,6.95687011057266,-5.80625594750009,4.70367557962109e-08,4.89373048993651e-07,7.8550340495817,"LRP3","4037","LDL receptor related protein 3","Down"
-1.47582338112801,8.94461225203509,-5.80568889902476,4.71630942463054e-08,4.90432446250433e-07,7.85242473225725,"SBNO1","55206","strawberry notch homolog 1","Down"
3.24607423318172,7.60766096356888,5.80555759010721,4.7192397297606e-08,4.90482229991274e-07,7.85182052529648,"PTP4A3","11156","protein tyrosine phosphatase type IVA, member 3","Up"
-1.28147284313749,11.4783772917147,-5.80268886694849,4.78370587866544e-08,4.96666338943744e-07,7.83862232284728,"KLC1","3831","kinesin light chain 1","Down"
-2.75288894897549,9.60557943283036,-5.79639118228213,4.92827136427514e-08,5.11145283489128e-07,7.80966175071777,"PLCB1","23236","phospholipase C beta 1","Down"
1.30234614002005,7.90767981016183,5.7956819963372,4.94481688791759e-08,5.1259560350553e-07,7.806401632651,"BUD13","84811","BUD13 homolog","Up"
-2.46637317516529,8.05694967816426,-5.79351643757672,4.99567782119288e-08,5.17599824798581e-07,7.79644802919699,"TRNP1","388610","TMF1-regulated nuclear protein 1","Down"
-2.97798353485464,4.18583337150894,-5.79289043322284,5.01047566178052e-08,5.18864319695874e-07,7.7935711166494,"TMEM196","256130","transmembrane protein 196","Down"
1.37502526495168,7.3635734008074,5.79276571930294,5.0134288485992e-08,5.1890155703013e-07,7.7929979936838,"TRDMT1","1787","tRNA aspartic acid methyltransferase 1","Up"
-1.05901124837029,10.0723055571531,-5.79082248222241,5.05966516226345e-08,5.23416343854214e-07,7.78406877598228,"CCSER2","54462","coiled-coil serine rich protein 2","Down"
-1.76401673515825,6.3185608460629,-5.78603691756615,5.17532014056011e-08,5.34551523243088e-07,7.76208646123721,"TOMM40L","84134","translocase of outer mitochondrial membrane 40 like","Down"
-2.39613009051342,7.90736970287225,-5.78453901334344,5.21205039294192e-08,5.38067555271357e-07,7.75520807595873,"RTN2","6253","reticulon 2","Down"
3.25149850502405,8.63888197283645,5.78373034825576,5.2319858487663e-08,5.39740447093679e-07,7.75149511376743,"PXDN","7837","peroxidasin","Up"
1.04604627553121,12.3159059984751,5.78366295738906,5.23365055911299e-08,5.39740447093679e-07,7.75118570426791,"ACLY","47","ATP citrate lyase","Up"
-4.0827011019363,6.13506321302183,-5.78332135782908,5.24209684914389e-08,5.40332981251014e-07,7.7496173617209,"LRFN5","145581","leucine rich repeat and fibronectin type III domain containing 5","Down"
-4.42787300499679,6.75879375482183,-5.78213756389928,5.27147051341947e-08,5.4308089887736e-07,7.7441827786291,"KCNJ3","3760","potassium voltage-gated channel subfamily J member 3","Down"
-1.26989001155365,7.44280331907982,-5.77974143871901,5.33142063964118e-08,5.4897443508647e-07,7.73318459476277,"HABP4","22927","hyaluronan binding protein 4","Down"
-1.41155697825116,10.3579147323935,-5.77926882025579,5.343324041612e-08,5.49917099282568e-07,7.73101559703804,"FBXL17","64839","F-box and leucine rich repeat protein 17","Down"
-3.74638260965497,7.1524088092129,-5.77742795143224,5.38993717031249e-08,5.54429166922581e-07,7.7225682492909,"SHANK2","22941","SH3 and multiple ankyrin repeat domains 2","Down"
4.42761207233563,8.38465243252811,5.77254416827702,5.51554091540104e-08,5.67057693188226e-07,7.70016526506657,"PTX3","5806","pentraxin 3","Up"
1.26135496299566,9.6602176050742,5.77209699746516,5.52718385241837e-08,5.67962852261604e-07,7.69811454921904,"IKBKB","3551","inhibitor of kappa light polypeptide gene enhancer in B-cells, kinase beta","Up"
1.14019811275365,11.0974693786037,5.77193567075838,5.53139020904699e-08,5.6810330550515e-07,7.69737473122201,"UBE2I","7329","ubiquitin conjugating enzyme E2 I","Up"
-4.16351505800677,8.15320095463888,-5.77142090475055,5.54483296731265e-08,5.69191755654306e-07,7.69501417919997,"ADCY1","107","adenylate cyclase 1","Down"
-1.47612057441125,10.2701373181021,-5.7697280720987,5.5892663330348e-08,5.7345872576937e-07,7.68725226122119,"ITPK1","3705","inositol-tetrakisphosphate 1-kinase","Down"
-1.53758514150177,2.59845778078035,-5.76816901371013,5.63049703504063e-08,5.77392896873695e-07,7.68010490148498,"LGI2","55203","leucine rich repeat LGI family member 2","Down"
-3.53704423710644,3.71897997550834,-5.76668997355914,5.66988708356108e-08,5.81134379512329e-07,7.67332542524965,"ZMAT4","79698","zinc finger matrin-type 4","Down"
1.82673861207909,9.99450067918479,5.76359639262218,5.75315120364949e-08,5.89366595654968e-07,7.65914867715244,"SEPN1","57190","selenoprotein N, 1","Up"
1.6373541174092,10.6732295622411,5.76334676386931,5.75992201213265e-08,5.89758237956693e-07,7.6580049147228,"IQGAP1","8826","IQ motif containing GTPase activating protein 1","Up"
1.80709355106325,8.58374482068769,5.76304835814415,5.76802607282076e-08,5.90285921426726e-07,7.65663770150467,"UEVLD","55293","UEV and lactate/malate dehyrogenase domains","Up"
-1.87760684186239,8.69245352859367,-5.7617912542001,5.80228921246045e-08,5.93488753955502e-07,7.6508784522962,"CAMK1D","57118","calcium/calmodulin dependent protein kinase ID","Down"
2.46510758896193,9.11643634818408,5.76159764083682,5.80758396158581e-08,5.93715194276191e-07,7.64999150480899,"NRP1","8829","neuropilin 1","Up"
-2.634367331167,5.97307202546746,-5.76084716026116,5.82815216328762e-08,5.95221237013248e-07,7.64655370061799,"PIANP","196500","PILR alpha associated neural protein","Down"
-1.18162844958515,9.73354161976982,-5.7588914525403,5.88208772344847e-08,6.00423107566498e-07,7.63759622349788,"AGTPBP1","23287","ATP/GTP binding protein 1","Down"
-2.61066707684413,10.7590478781007,-5.7566945139463,5.94325964607761e-08,6.06048907946355e-07,7.62753599912253,"INPP5F","22876","inositol polyphosphate-5-phosphatase F","Down"
1.02643714041019,9.09693134511888,5.75647120563703,5.94951227895019e-08,6.06377443530089e-07,7.6265135517154,"YIF1A","10897","Yip1 interacting factor homolog A, membrane trafficking protein","Up"
-4.68240474972604,8.30779250106136,-5.75468375548853,5.9997937731094e-08,6.11190804575355e-07,7.61833030895719,"GNG3","2785","G protein subunit gamma 3","Down"
-2.09382353154169,10.2200757707711,-5.7541156779907,6.01586100193377e-08,6.12515679723608e-07,7.61572986905938,"PPM1L","151742","protein phosphatase, Mg2+/Mn2+ dependent 1L","Down"
-2.33811463046233,10.8252449029271,-5.75326851373605,6.03990015141608e-08,6.14650469630628e-07,7.61185215800656,"NDRG4","65009","NDRG family member 4","Down"
-2.80393426717963,6.92302189969692,-5.75126176149943,6.09722006269357e-08,6.20168184007678e-07,7.60266802410887,"NR4A2","4929","nuclear receptor subfamily 4 group A member 2","Down"
-2.01898798167115,9.12817202896284,-5.7508324424907,6.10955197794412e-08,6.21106739952886e-07,7.60070344078384,"FAM102B","284611","family with sequence similarity 102 member B","Down"
-1.22563186098068,10.0999331520949,-5.74798205759214,6.19204962522224e-08,6.29173879389646e-07,7.58766213905349,"MINK1","50488","misshapen like kinase 1","Down"
-1.36793207317864,10.9937954787783,-5.74770332172954,6.20017533305182e-08,6.29679735473948e-07,7.58638704947299,"CISD1","55847","CDGSH iron sulfur domain 1","Down"
-2.30677060019139,5.63321731601769,-5.74549926260507,6.26479714987026e-08,6.35275198061096e-07,7.57630576568704,"WNT10B","7480","Wnt family member 10B","Down"
1.67087225867311,8.8459771817774,5.74458545114004,6.29178275571499e-08,6.37675290756098e-07,7.57212669427928,"GABPA","2551","GA binding protein transcription factor alpha subunit","Up"
2.31111370770046,7.7196489950174,5.74447945419452,6.29492029654553e-08,6.37675290756098e-07,7.57164197105542,"ABCC4","10257","ATP binding cassette subfamily C member 4","Up"
1.01049086670283,10.4147455188734,5.74437453103723,6.29802756302319e-08,6.37675290756098e-07,7.57116216344726,"SMCHD1","23347","structural maintenance of chromosomes flexible hinge domain containing 1","Up"
-3.17929344885292,7.96032892973296,-5.74229042958292,6.36005995509479e-08,6.43304952080796e-07,7.56163275667891,"PAK3","5063","p21 (RAC1) activated kinase 3","Down"
2.58982721971985,7.53345241481296,5.74092157904099,6.40112858127066e-08,6.4713178133139e-07,7.5553748933317,"SGO2","151246","shugoshin 2","Up"
-1.49523888889093,8.01926051575556,-5.74055163755626,6.4122722018553e-08,6.47930959305651e-07,7.55368381275047,"PC","5091","pyruvate carboxylase","Down"
1.89819062269986,8.28395936213402,5.74015654618165,6.42419439794135e-08,6.48807962239337e-07,7.55187783768012,"PTK7","5754","protein tyrosine kinase 7 (inactive)","Up"
1.58931175210782,8.32963170575266,5.73557556997213,6.56402506616396e-08,6.625956079654e-07,7.5309434060687,"KATNA1","11104","katanin catalytic subunit A1","Up"
1.99257833410723,5.15695759019947,5.73385246708214,6.61738967928529e-08,6.67645563860115e-07,7.523071615729,"THG1L","54974","tRNA-histidine guanylyltransferase 1 like","Up"
1.14657408173911,11.2706436636557,5.73326777422399,6.63559408061428e-08,6.69144812353074e-07,7.52040083337054,"BRI3","25798","brain protein I3","Up"
3.91876221102525,9.81344968415467,5.73216062539191,6.67019967856995e-08,6.71957124718777e-07,7.51534399730761,"CTHRC1","115908","collagen triple helix repeat containing 1","Up"
-2.07496943698278,11.0913534328356,-5.73041053777189,6.7252623148111e-08,6.76482268136881e-07,7.5073517534594,"MYO5A","4644","myosin VA","Down"
-3.13581643992013,7.30530113696598,-5.72980785259175,6.74432737951736e-08,6.7805908483419e-07,7.50459976393838,"KCNB1","3745","potassium voltage-gated channel subfamily B member 1","Down"
2.81373733166358,6.95642697996231,5.72726802041854,6.82525477100766e-08,6.85506386564007e-07,7.49300422618978,"MBNL3","55796","muscleblind like splicing regulator 3","Up"
-2.99247734841658,6.54754349185882,-5.72619402973533,6.85976118970523e-08,6.88626403022742e-07,7.48810186396753,"CPEB1","64506","cytoplasmic polyadenylation element binding protein 1","Down"
-3.91289541252854,6.69114089470598,-5.72474535768532,6.90657672410259e-08,6.92978337608428e-07,7.48149008397952,"CCDC85A","114800","coiled-coil domain containing 85A","Down"
-3.27222923194715,10.4778301227328,-5.7233725243595,6.95123027196448e-08,6.97109092988437e-07,7.4752253472724,"OLFM1","10439","olfactomedin 1","Down"
-2.92228698123275,3.62071701775148,-5.72044228594642,7.04748920865429e-08,7.06408399787306e-07,7.46185658014715,"KLHL1","57626","kelch like family member 1","Down"
-3.37483475820284,9.68821927094882,-5.7186793308205,7.10603063034829e-08,7.11919653587272e-07,7.45381531818863,"GAS7","8522","growth arrest specific 7","Down"
1.72002461253478,7.99712964891503,5.71853600138843,7.11081097545133e-08,7.12042017947221e-07,7.45316162271832,"RAB32","10981","RAB32, member RAS oncogene family","Up"
-2.61349291343202,4.25214260437805,-5.71825801501338,7.12009140269069e-08,7.1261465079356e-07,7.45189381283915,"TRBC1","28639","T cell receptor beta constant 1","Down"
1.26769718798179,8.97888973627769,5.71387782111122,7.26789814112429e-08,7.26121607609408e-07,7.43192192360716,"POLI","11201","DNA polymerase iota","Up"
-3.95579460950494,7.69386332220828,-5.71374464765623,7.27243876042774e-08,7.26121607609408e-07,7.43131484928717,"CHN2","1124","chimerin 2","Down"
1.65493198929513,9.03076649473959,5.71368485817889,7.27447821812353e-08,7.26121607609408e-07,7.43104230027944,"SLC25A1","6576","solute carrier family 25 member 1","Up"
-4.46520145985944,8.08885280986734,-5.71361616060634,7.27682222850434e-08,7.26121607609408e-07,7.43072914600421,"KCNK1","3775","potassium two pore domain channel subfamily K member 1","Down"
1.39107546303011,4.48432302715077,5.71188637819635,7.33608814817517e-08,7.3167056620409e-07,7.42284475948389,"DARS2","55157","aspartyl-tRNA synthetase 2, mitochondrial","Up"
-1.33385326998324,10.5228792362518,-5.7092110033585,7.42868451439306e-08,7.40536577376492e-07,7.41065312998404,"PPM1A","5494","protein phosphatase, Mg2+/Mn2+ dependent 1A","Down"
1.74179769873669,7.47036439410325,5.70860054053549,7.44997291342244e-08,7.42288884854795e-07,7.40787173790557,"WRAP53","55135","WD repeat containing antisense to TP53","Up"
1.2611794346238,7.75269605462828,5.70757660949327,7.48581427790437e-08,7.45488731996181e-07,7.40320689725083,"CORO1B","57175","coronin 1B","Up"
-1.73594669780329,9.85599276034923,-5.70606352616156,7.53908722590256e-08,7.50047330326367e-07,7.39631447830818,"FAM131A","131408","family with sequence similarity 131 member A","Down"
1.88551608148251,8.8261167964887,5.70383744389472,7.61813937950434e-08,7.57535360664729e-07,7.38617616859535,"RIT1","6016","Ras like without CAAX 1","Up"
1.26321190072794,6.27447730255456,5.70289916518888,7.65170207691779e-08,7.60494801057596e-07,7.38190364300863,"ZNF2","7549","zinc finger protein 2","Up"
-1.49929010761033,10.0813949670637,-5.69953131074787,7.77336925283125e-08,7.72203568229368e-07,7.36657129359967,"ARHGEF9","23229","Cdc42 guanine nucleotide exchange factor 9","Down"
1.27904199698822,7.37205874587817,5.69570518984951,7.9138920969729e-08,7.85772899176858e-07,7.34915919289821,"DTWD1","56986","DTW domain containing 1","Up"
-2.82631046290382,4.58994419214751,-5.69515116770719,7.93444496195011e-08,7.87318308477224e-07,7.3466384978139,"KIAA0408","9729","KIAA0408","Down"
1.69517635165726,11.3610475739383,5.69507358996142,7.93732707651602e-08,7.87318308477224e-07,7.34628554550812,"PLXNB2","23654","plexin B2","Up"
-2.65484413599632,7.99452006490805,-5.6930257215875,8.01377999246498e-08,7.93721268857657e-07,7.33696947671078,"PGBD5","79605","piggyBac transposable element derived 5","Down"
-1.00058614477535,9.04565812358976,-5.69035537556171,8.11455616917307e-08,8.02907642317733e-07,7.32482465666812,"DEDD2","162989","death effector domain containing 2","Down"
1.57037163720506,7.85317163568751,5.68959938947263,8.14331108281467e-08,8.05354546880243e-07,7.32138702363507,"PHOSPHO2","493911","phosphatase, orphan 2","Up"
-2.62113609872683,7.90518406051746,-5.68363701353745,8.37362271200697e-08,8.26808155015404e-07,7.2942843407079,"ARFGEF3","57221","ARFGEF family member 3","Down"
2.82312957002491,8.66279705457509,5.68355668420803,8.37676878200741e-08,8.26808155015404e-07,7.29391930989379,"MNS1","55329","meiosis specific nuclear structural 1","Up"
2.72642877303438,5.52431701650846,5.68259508425628,8.41451950453688e-08,8.30124712659119e-07,7.28954986684543,"CREB3L4","148327","cAMP responsive element binding protein 3 like 4","Up"
-3.40686110987614,4.56992333853574,-5.68176340709091,8.44730403016519e-08,8.3281810169857e-07,7.28577113940729,"MUM1L1","139221","MUM1 like 1","Down"
-2.56254728666114,7.16779903719195,-5.6804087337327,8.50097299181104e-08,8.37414902250928e-07,7.27961688361118,"HIVEP3","59269","human immunodeficiency virus type I enhancer binding protein 3","Down"
1.44055392287844,9.01670031533497,5.67985168739388,8.52313862404431e-08,8.39185208913654e-07,7.27708648647962,"TCTN3","26123","tectonic family member 3","Up"
-4.20983400926838,6.1301054045484,-5.67813772930458,8.59169497726456e-08,8.45519141220522e-07,7.26930171703607,"MIR124-1","406907","microRNA 124-1","Down"
2.17786657826449,9.69401406232858,5.67794774697608,8.59932722132707e-08,8.45854177566817e-07,7.26843890674456,"ZC3HAV1L","92092","zinc finger CCCH-type containing, antiviral 1 like","Up"
-2.63039364583025,5.81468189447053,-5.67497356632374,8.71967956715369e-08,8.5613292462905e-07,7.25493382520681,"RGS11","8786","regulator of G-protein signaling 11","Down"
2.73853445337015,5.20778115287811,5.67494257806401,8.72094217220975e-08,8.5613292462905e-07,7.25479313676819,"NOX4","50507","NADPH oxidase 4","Up"
-1.6317817332724,7.58016376053888,-5.67368657557081,8.77226850409419e-08,8.60327333144178e-07,7.24909120111131,"ZNF667","63934","zinc finger protein 667","Down"
-4.02397350171263,4.73962398415923,-5.67164974741587,8.85613269479347e-08,8.67276783283078e-07,7.23984611590464,"FRAS1","80144","Fraser extracellular matrix complex subunit 1","Down"
1.40142301202906,9.69694469549184,5.67083072014739,8.89007615663393e-08,8.70174920086962e-07,7.23612914155528,"RMI1","80010","RecQ mediated genome instability 1","Up"
-2.45149943841703,6.12395334089982,-5.67002804393211,8.9234655784092e-08,8.73016018715076e-07,7.23248668412011,"TAF4B","6875","TATA-box binding protein associated factor 4b","Down"
4.49926411786771,5.94823226033538,5.66810179954727,9.00409456208077e-08,8.8004357549365e-07,7.22374685380384,"BIRC5","332","baculoviral IAP repeat containing 5","Up"
1.33995545719579,7.12330066495846,5.66674134140063,9.06147024763054e-08,8.8519018087318e-07,7.21757520057351,"NAGLU","4669","N-acetyl-alpha-glucosaminidase","Up"
-1.61265078104372,4.97563921022515,-5.66664373440784,9.06560044289072e-08,8.8519018087318e-07,7.21713244518957,"ACRC","93953","acidic repeat containing","Down"
-2.44666166114799,7.20721792220053,-5.66613253970591,9.08726154251571e-08,8.86872398444448e-07,7.21481368781422,"ICAM2","3384","intercellular adhesion molecule 2","Down"
-3.15624654768337,9.87771816739266,-5.66157076344516,9.2828176355439e-08,9.0463386475561e-07,7.19412720771911,"TMEM178A","130733","transmembrane protein 178A","Down"
1.16569099682413,10.568018601776,5.65790712447126,9.44285054202921e-08,9.18886725653591e-07,7.1775207717734,"ALDH7A1","501","aldehyde dehydrogenase 7 family member A1","Up"
-3.40264713533833,2.85434621107361,-5.65663141879561,9.49920681935265e-08,9.23921394432613e-07,7.17173980182216,"KLK6","5653","kallikrein related peptidase 6","Down"
1.76983732625273,9.09538524795645,5.65228281383871,9.69379907429082e-08,9.41932190768997e-07,7.15203959638811,"EIF4E2","9470","eukaryotic translation initiation factor 4E family member 2","Up"
1.19065321738698,7.6769779255897,5.6515162743716,9.72850266457808e-08,9.44845401991329e-07,7.14856793378618,"ZNF200","7752","zinc finger protein 200","Up"
1.826614451362,8.05730411467609,5.65073401328284,9.7640434318049e-08,9.47377385742583e-07,7.14502535903122,"ENKD1","84080","enkurin domain containing 1","Up"
-2.64214851845951,6.49489290222077,-5.64922271951834,9.83306704992511e-08,9.52965333038349e-07,7.13818209483981,"GDPD5","81544","glycerophosphodiester phosphodiesterase domain containing 5","Down"
-5.38607778929613,7.82010531190568,-5.64906876335277,9.84012527235449e-08,9.52965333038349e-07,7.13748503012911,"SYT4","6860","synaptotagmin 4","Down"
-1.47214270239947,6.53760632321207,-5.64905650125462,9.84068764960878e-08,9.52965333038349e-07,7.13742951172619,"ANKRD39","51239","ankyrin repeat domain 39","Down"
3.11301331907987,10.6530333633997,5.6486502113944,9.85933914942632e-08,9.53387135633506e-07,7.13559001717855,"TGFBI","7045","transforming growth factor beta induced","Up"
2.02373197590513,8.49426342124065,5.64704890139738,9.93318793208262e-08,9.59600632337889e-07,7.12834079163583,"BARD1","580","BRCA1 associated RING domain 1","Up"
4.0071189288756,6.86059796445373,5.64411062685335,1.0070105719449e-07,9.71889074428443e-07,7.11504225792651,"NUF2","83540","NUF2, NDC80 kinetochore complex component","Up"
1.63494784852498,7.36896122176361,5.64382028520241,1.00837349584309e-07,9.72735223304373e-07,7.11372840685956,"ZNF134","7693","zinc finger protein 134","Up"
1.76153593524274,7.38535664426402,5.64349374103054,1.0099085198278e-07,9.73746494274444e-07,7.1122507810257,"PXN","5829","paxillin","Up"
1.06724651150098,7.58456706996035,5.64146007003641,1.01952005466951e-07,9.82540353264594e-07,7.10304949213621,"CASP6","839","caspase 6","Up"
-1.07898597936976,6.93222546811101,-5.63758565850503,1.03807977041017e-07,9.9946400224236e-07,7.08552533956435,"CCDC106","29903","coiled-coil domain containing 106","Down"
-1.54085565438291,9.99881860160509,-5.63668169018539,1.0424574426028e-07,1.00319605840088e-06,7.08143768833149,"MZT1","440145","mitotic spindle organizing protein 1","Down"
-3.36304747239856,6.38626248683538,-5.63487820928311,1.05124527529161e-07,1.01068064501486e-06,7.07328371238626,"DIO2","1734","deiodinase, iodothyronine, type II","Down"
2.65209204823655,4.71404024158923,5.63300223544682,1.06046329638529e-07,1.01905327429301e-06,7.06480364437193,"POLE2","5427","DNA polymerase epsilon 2, accessory subunit","Up"
-1.61840436454787,7.40832003196254,-5.62762952940243,1.08730334517556e-07,1.04334187179508e-06,7.04052651268801,"TECPR2","9895","tectonin beta-propeller repeat containing 2","Down"
1.40043198670019,7.25506081902308,5.62596383691938,1.09575875817392e-07,1.05057268838989e-06,7.03300274202964,"STXBP4","252983","syntaxin binding protein 4","Up"
1.09830876400717,7.73839730974254,5.6259382704816,1.09588903917114e-07,1.05057268838989e-06,7.03288727138079,"ZNF561","93134","zinc finger protein 561","Up"
-1.01550285626108,12.1999099306254,-5.62581624383984,1.09651106928653e-07,1.0506655633724e-06,7.03233614320939,"CELF2","10659","CUGBP, Elav-like family member 2","Down"
1.68186139018625,9.20504024968657,5.62322905781755,1.10978087813055e-07,1.06287151884911e-06,7.02065292306224,"PLOD3","8985","procollagen-lysine,2-oxoglutarate 5-dioxygenase 3","Up"
1.36326718051446,6.85255653121627,5.61709873568676,1.14185430921031e-07,1.09202099256074e-06,6.9929825437152,"IGFLR1","79713","IGF like family receptor 1","Up"
2.7129560024142,8.35865933956627,5.61397679368822,1.15853502041842e-07,1.10691548011038e-06,6.97889806498925,"ANGPTL2","23452","angiopoietin like 2","Up"
1.02795148669875,9.99617965214959,5.61295282709088,1.16405789876179e-07,1.1116614024118e-06,6.97427952310005,"AKR7A2","8574","aldo-keto reductase family 7 member A2","Up"
-3.00694546441364,8.9324195921721,-5.61273759531118,1.16522204881683e-07,1.11224224860107e-06,6.97330879739399,"RUNDC3B","154661","RUN domain containing 3B","Down"
-2.80214607552321,7.20508836143976,-5.61260405904313,1.16594489526921e-07,1.11240150308303e-06,6.97270654128289,"MCF2L","23263","MCF.2 cell line derived transforming sequence like","Down"
-2.94937169495267,8.93944509911361,-5.61192714643484,1.16961585431208e-07,1.11537199224126e-06,6.9696537603792,"THY1","7070","Thy-1 cell surface antigen","Down"
1.77943693498487,7.79541673759231,5.60950684511904,1.18283413996695e-07,1.12743985890037e-06,6.95874036143381,"ZNF551","90233","zinc finger protein 551","Up"
-3.38458197363354,8.39964525017775,-5.60707312174513,1.19627312817209e-07,1.13916403975912e-06,6.94776931124091,"ELMO1","9844","engulfment and cell motility 1","Down"
-1.04628109453044,8.2054321837729,-5.6057606179641,1.20358266850711e-07,1.14503463855548e-06,6.94185383374104,"FAM58A","92002","family with sequence similarity 58 member A","Down"
-4.66317723813254,4.86973107779905,-5.60413073383464,1.21272061755463e-07,1.1531797241167e-06,6.93450908382687,"ACTL6B","51412","actin like 6B","Down"
1.10794815642918,10.5327164001697,5.60249265256806,1.22197292796237e-07,1.16142576578352e-06,6.92712869759367,"LRP6","4040","LDL receptor related protein 6","Up"
-3.23302663792748,7.66208741979959,-5.6016267852149,1.22689144660342e-07,1.16554687427325e-06,6.92322805406651,"NPTXR","23467","neuronal pentraxin receptor","Down"
-5.0425620247904,7.20040399566497,-5.59903039657615,1.24175655537748e-07,1.17910884686461e-06,6.91153377870916,"BRINP1","1620","BMP/retinoic acid inducible neural specific 1","Down"
-3.56038050331802,8.08539098799663,-5.59829821852333,1.24598026147916e-07,1.18255821116763e-06,6.90823660266054,"JPH4","84502","junctophilin 4","Down"
-1.38532197806536,6.76192437963527,-5.59813073609028,1.24694838934963e-07,1.18291590449114e-06,6.90748242519833,"KLHL18","23276","kelch like family member 18","Down"
2.10713405899132,8.70942619037976,5.59743267896293,1.25099142515255e-07,1.18562697503681e-06,6.90433920424401,"LPAR6","10161","lysophosphatidic acid receptor 6","Up"
2.38545172392103,8.39450647794018,5.59707576890579,1.25306354512563e-07,1.18702852023336e-06,6.90273219663942,"FAM114A1","92689","family with sequence similarity 114 member A1","Up"
2.74949403660302,9.83078868251195,5.59594876898365,1.25962866461695e-07,1.19268294808288e-06,6.8976582237701,"SOCS2","8835","suppressor of cytokine signaling 2","Up"
1.34154109773404,10.1566515491672,5.59190040292208,1.28349044378371e-07,1.2135535590161e-06,6.87943680198845,"GUSB","2990","glucuronidase beta","Up"
1.49182320798324,5.61679952776243,5.59089378584577,1.28949195421579e-07,1.21865212697191e-06,6.87490732824407,"APOM","55937","apolipoprotein M","Up"
-2.51295096309507,3.17701995766947,-5.59041222932659,1.29237272525731e-07,1.22079797517578e-06,6.87274064385685,"SCRT1","83482","scratch family transcriptional repressor 1","Down"
1.0082880784094,9.85387533992645,5.58883181148662,1.30187143392141e-07,1.22919026797856e-06,6.86563060937404,"ARL2BP","23568","ADP ribosylation factor like GTPase 2 binding protein","Up"
2.85990882783051,6.67050795806166,5.58587392481144,1.31983300533579e-07,1.24556127064874e-06,6.8523268532522,"GPX8","493869","glutathione peroxidase 8 (putative)","Up"
-1.7144203350482,8.36934540976432,-5.58577186818222,1.32045704570672e-07,1.24556266447215e-06,6.85186790708286,"RAB39B","116442","RAB39B, member RAS oncogene family","Down"
1.16922730990519,10.200827084149,5.5829324802403,1.33793513075956e-07,1.26145467300219e-06,6.83910129100855,"VPS13C","54832","vacuolar protein sorting 13 homolog C","Up"
1.33040744962044,11.5523204860904,5.5824359026713,1.3410150249673e-07,1.26376295829114e-06,6.83686895613279,"TWSG1","57045","twisted gastrulation BMP signaling modulator 1","Up"
1.03446600330098,9.5071438297058,5.58148539297826,1.34692967650482e-07,1.26873926731789e-06,6.83259633298359,"NUP88","4927","nucleoporin 88","Up"
2.78878308638547,7.57954123748243,5.5811813582558,1.34882694877733e-07,1.26992850655003e-06,6.83122976399165,"TRAM2","9697","translocation associated membrane protein 2","Up"
1.13387162749078,9.38550020848787,5.57833368530345,1.36672474671343e-07,1.28617413017383e-06,6.81843229949292,"FBXO30","84085","F-box protein 30","Up"
-2.04886975493143,9.10949410799367,-5.57661215196231,1.37765717201708e-07,1.29585270524428e-06,6.81069764160975,"GABARAPL1","23710","GABA type A receptor associated protein like 1","Down"
-3.90054749526286,6.35850166077822,-5.57616441777118,1.38051445497315e-07,1.29793010811315e-06,6.8086862596367,"XKR4","114786","XK related 4","Down"
1.20403167109828,11.5908678245222,5.57470996221264,1.38983635065971e-07,1.30546741162671e-06,6.802153003612,"SMAD1","4086","SMAD family member 1","Up"
2.66783099750407,9.77784717839272,5.57410906676703,1.39370556259309e-07,1.30848743269827e-06,6.79945414944286,"DTX3L","151636","deltex E3 ubiquitin ligase 3L","Up"
1.0175602950948,10.995369374054,5.57392878594376,1.39486845858789e-07,1.30896497424803e-06,6.7986444729732,"VGLL4","9686","vestigial like family member 4","Up"
-2.36390347210086,6.15162787563467,-5.57166057014432,1.40958087780506e-07,1.32091262867662e-06,6.78845883380968,"DBNDD1","79007","dysbindin domain containing 1","Down"
-1.20840254957219,11.9791687895152,-5.57132608161602,1.41176329043455e-07,1.3223383966163e-06,6.78695699475866,"CAMSAP2","23271","calmodulin regulated spectrin associated protein family member 2","Down"
-2.21683820923222,10.4105729206022,-5.56997437552123,1.42061639102211e-07,1.32938597451728e-06,6.78088845204643,"IGIP","492311","IgA inducing protein","Down"
1.12229979563379,8.18970049395917,5.5695278889219,1.42355260509583e-07,1.3315108447944e-06,6.77888412828403,"QRSL1","55278","glutaminyl-tRNA synthase (glutamine-hydrolyzing)-like 1","Up"
3.57616943040059,9.04275735052089,5.56661359173686,1.44286417892846e-07,1.34894316017858e-06,6.7658039565731,"EMP3","2014","epithelial membrane protein 3","Up"
-1.33160867294623,10.7104759255851,-5.56578268465352,1.44841697787169e-07,1.35350203065291e-06,6.76207538014075,"ATP9A","10079","ATPase phospholipid transporting 9A (putative)","Down"
1.60342710033819,5.07063709020911,5.56552604832788,1.4501362531358e-07,1.35447600450458e-06,6.76092382999257,"PRDM5","11107","PR/SET domain 5","Up"
-1.88563104041565,9.38966151013183,-5.56511134704346,1.4529186684919e-07,1.35580894591966e-06,6.75906309664949,"ADGRL1","22859","adhesion G protein-coupled receptor L1","Down"
1.38572614807732,7.90328075017669,5.5628680347973,1.46806083455325e-07,1.36930037841057e-06,6.74899898964055,"DOLK","22845","dolichol kinase","Up"
2.27129600858442,11.1271101707343,5.56266289172108,1.4694532126277e-07,1.36996041123217e-06,6.74807878566514,"COL1A2","1278","collagen type I alpha 2 chain","Up"
2.53585412794286,9.56737357399355,5.56238723416342,1.47132623182695e-07,1.37106771868476e-06,6.74684230964557,"BGN","633","biglycan","Up"
-4.01920790754931,3.81939717869734,-5.55992960120742,1.48812875584271e-07,1.38607970289316e-06,6.73582012411567,"SLC1A6","6511","solute carrier family 1 member 6","Down"
-1.07020775226969,5.08302485444544,-5.55899846490422,1.49454372814704e-07,1.39140699716324e-06,6.7316448671955,"ANK1","286","ankyrin 1","Down"
-3.62746478082025,4.22993970976355,-5.55864257169081,1.49700275885083e-07,1.39304810215482e-06,6.73004913881247,"TMEM257","9142","transmembrane protein 257","Down"
-3.5201224750718,4.82481603280994,-5.55813120373727,1.50054296710494e-07,1.39569331208129e-06,6.72775641314892,"NRG1","3084","neuregulin 1","Down"
-1.15951904436936,2.15165679702556,-5.5574082218856,1.50556216061499e-07,1.39971106633012e-06,6.72451513320489,"RDH12","145226","retinol dehydrogenase 12 (all-trans/9-cis/11-cis)","Down"
1.59346360043083,9.38823490811438,5.55573733151479,1.51722499093702e-07,1.40989876422094e-06,6.71702516470345,"AGPS","8540","alkylglycerone phosphate synthase","Up"
1.27183981017626,7.11304165991189,5.55477724664156,1.52396632514974e-07,1.41550576913978e-06,6.71272209017679,"MCM9","254394","minichromosome maintenance 9 homologous recombination repair factor","Up"
4.00163587325483,5.85207631015716,5.55353259989057,1.53274936899544e-07,1.42300309167015e-06,6.70714429316801,"DLGAP5","9787","DLG associated protein 5","Up"
-2.40759094812794,3.68075702214402,-5.55182854236605,1.54485466652399e-07,1.43357640599005e-06,6.69950891761867,"AKAIN1","642597","A kinase (PRKA) anchor inhibitor 1","Down"
-3.25355017391053,8.81206012974976,-5.55116499715007,1.54959361966391e-07,1.43730735042261e-06,6.69653615598837,"PPP3R1","5534","protein phosphatase 3 regulatory subunit B, alpha","Down"
1.52192440854207,10.5851101608802,5.5507907677522,1.5522725855465e-07,1.4391250055157e-06,6.69485965947778,"DCAF16","54876","DDB1 and CUL4 associated factor 16","Up"
1.39384079505983,8.96539452988107,5.55002662787227,1.55775684973533e-07,1.44354058789508e-06,6.69143663191287,"SLC25A39","51629","solute carrier family 25 member 39","Up"
2.22139659530335,7.75536773111799,5.54980597133999,1.55934403469003e-07,1.44434241213164e-06,6.69044823639939,"DRAM1","55332","DNA damage regulated autophagy modulator 1","Up"
-3.80554326215648,8.69495018281775,-5.54928506006185,1.56309723330348e-07,1.44714883603437e-06,6.68811499326118,"SLC2A13","114134","solute carrier family 2 member 13","Down"
1.49602526058665,7.58987433743154,5.54876174173515,1.56687667227966e-07,1.44861569953056e-06,6.68577110341739,"ZNF253","56242","zinc finger protein 253","Up"
3.32230233232657,7.63278172433828,5.54871620268747,1.56720598070122e-07,1.44861569953056e-06,6.68556714502261,"PSMB8","5696","proteasome subunit beta 8","Up"
-1.17848469502841,10.8817412022164,-5.54866479031581,1.56757784249696e-07,1.44861569953056e-06,6.68533688265848,"ATP6V1B2","526","ATPase H+ transporting V1 subunit B2","Down"
-1.47248070841269,2.64053410301438,-5.54792708154127,1.57292314804767e-07,1.45288427622298e-06,6.68203302457447,"TMEM266","123591","transmembrane protein 266","Down"
-1.00908458056957,9.51900626521994,-5.54758591929971,1.57540117375425e-07,1.45383077875006e-06,6.68050520675903,"ZCCHC17","51538","zinc finger CCHC-type containing 17","Down"
1.92460953965641,5.78586023418722,5.54540986662049,1.59129698959595e-07,1.46714649174407e-06,6.67076160018469,"ZSCAN5A","79149","zinc finger and SCAN domain containing 5A","Up"
-2.25309027893084,4.52650727918178,-5.54496999294911,1.5945292254006e-07,1.469449387959e-06,6.66879228314358,"SPNS2","124976","sphingolipid transporter 2","Down"
1.05734535989947,8.78044914408467,5.54327712684849,1.60702859708864e-07,1.48028642458344e-06,6.66121420351324,"ZNF112","7771","zinc finger protein 112","Up"
2.17292013476128,5.88664483184728,5.54266634399817,1.6115618320404e-07,1.48241460108654e-06,6.65848039457001,"LOC101927365","101927365","uncharacterized LOC101927365","Up"
2.9750425674184,7.45186716725408,5.54067305733057,1.6264432089683e-07,1.4954158677311e-06,6.64955990637182,"FANCI","55215","Fanconi anemia complementation group I","Up"
2.32705847082465,10.1783198578114,5.54052924582217,1.62752205278021e-07,1.49571815387426e-06,6.64891638759897,"EFS","10278","embryonal Fyn-associated substrate","Up"
-2.28935366058849,9.77578190673663,-5.54042997419281,1.62826717605745e-07,1.49571815387426e-06,6.64847217906808,"CD200","4345","CD200 molecule","Down"
-1.30211008645089,4.65811868730308,-5.53966893542373,1.63399055421914e-07,1.50028678376606e-06,6.64506693790673,"LRFN1","57622","leucine rich repeat and fibronectin type III domain containing 1","Down"
1.13821497185017,11.7232088496989,5.53888285487368,1.63992291658024e-07,1.50504301798261e-06,6.64154994900714,"SP3","6670","Sp3 transcription factor","Up"
2.58360145068349,5.67429288603172,5.53680122881265,1.65573439190897e-07,1.51816122726502e-06,6.63223806022185,"TMEM173","340061","transmembrane protein 173","Up"
1.12454194354615,9.60615695812586,5.53637651561851,1.65897866565022e-07,1.52043912797361e-06,6.63033842335964,"WDR35","57539","WD repeat domain 35","Up"
-1.390552378924,8.06380564666367,-5.53586128357784,1.66292273634903e-07,1.52335600669117e-06,6.62803403802452,"ARHGEF25","115557","Rho guanine nucleotide exchange factor 25","Down"
-1.28982725771565,3.19251470645,-5.53478918396577,1.67115901298469e-07,1.5302003831938e-06,6.62323947301019,"RGS6","9628","regulator of G-protein signaling 6","Down"
1.43890355768921,10.3886291744582,5.53424996831355,1.67531653869395e-07,1.5332523928786e-06,6.62082824761282,"DPY19L4","286148","dpy-19 like 4 (C. elegans)","Up"
-1.50523983628863,5.93349425767929,-5.53415822920262,1.67602488290373e-07,1.5332523928786e-06,6.62041802965555,"MUC8","100129528","mucin 8","Down"
-1.50440297476819,9.25394668598024,-5.53317091925714,1.68366675238029e-07,1.53953933797406e-06,6.61600346695044,"BIN1","274","bridging integrator 1","Down"
1.08462100039507,9.24234220085438,5.53273938892728,1.68701752917472e-07,1.54189857040652e-06,6.6140741154439,"ZDHHC4","55146","zinc finger DHHC-type containing 4","Up"
-3.01350441227338,3.31938182878592,-5.53176445027667,1.69461183136646e-07,1.54813237032642e-06,6.60971555107178,"BEND4","389206","BEN domain containing 4","Down"
1.06616751161558,9.0049817721061,5.52988553698692,1.70934208506971e-07,1.5601645572988e-06,6.6013170034478,"ARPIN","348110","actin-related protein 2/3 complex inhibitor","Up"
1.09384718759618,6.98455061062533,5.52652157152526,1.7360282308787e-07,1.58379921637894e-06,6.58628480062511,"GPATCH2L","55668","G-patch domain containing 2 like","Up"
3.57567184838567,6.43449599274947,5.52417150041142,1.75491251119059e-07,1.6002978400816e-06,6.57578661456835,"TEX9","374618","testis expressed 9","Up"
-2.22090920832959,4.27599786289923,-5.52219032360835,1.77098843728111e-07,1.61422167037281e-06,6.56693847596804,"EPCAM","4072","epithelial cell adhesion molecule","Down"
-2.89009762415076,5.93141178266373,-5.52189601139905,1.77338883724032e-07,1.6150123379447e-06,6.56562421385659,"CELF6","60677","CUGBP, Elav-like family member 6","Down"
-1.18104951723926,9.22281323886456,-5.52188602538338,1.77347033861374e-07,1.6150123379447e-06,6.5655796216874,"ROCK2","9475","Rho associated coiled-coil containing protein kinase 2","Down"
1.53164333687508,10.6038243988172,5.52154839366767,1.77622809355854e-07,1.61678778288561e-06,6.56407196940213,"SLC35F5","80255","solute carrier family 35 member F5","Up"
2.40911875870486,6.50921386861426,5.51956061709166,1.79254935519589e-07,1.63016067951837e-06,6.55519695003514,"CLHC1","130162","clathrin heavy chain linker domain containing 1","Up"
2.97910535195568,7.47741181685361,5.5171423389098,1.81260320723523e-07,1.64690065245937e-06,6.54440247751712,"PPP1R3B","79660","protein phosphatase 1 regulatory subunit 3B","Up"
-3.35084722851026,11.5587854722993,-5.5160398398136,1.82181845828761e-07,1.65377141084212e-06,6.53948221595511,"SLC1A2","6506","solute carrier family 1 member 2","Down"
1.93669296666285,10.4479658874581,5.51556984619661,1.82576081846026e-07,1.65659848956619e-06,6.53738490015575,"IL17RD","54756","interleukin 17 receptor D","Up"
2.43813478559302,7.79006756549822,5.51486212373043,1.83171301881276e-07,1.66124580087883e-06,6.53422694234706,"LXN","56925","latexin","Up"
1.08439562713221,10.4904939425746,5.51377667573498,1.84087891278529e-07,1.66729128148915e-06,6.52938400428473,"PSME1","5720","proteasome activator subunit 1","Up"
-2.74113219854202,10.4556198673299,-5.51357212102752,1.8426112580101e-07,1.66810513298679e-06,6.52847140923554,"SLC6A1","6529","solute carrier family 6 member 1","Down"
2.21386906391564,7.64741491987615,5.51020385983621,1.87136688143284e-07,1.69337119840918e-06,6.51344733376769,"STIL","6491","SCL/TAL1 interrupting locus","Up"
-3.89819837626207,7.75648318332864,-5.50879023882275,1.88356559394689e-07,1.70198686891238e-06,6.50714358409474,"DLGAP1","9229","DLG associated protein 1","Down"
2.2494973076662,7.5763645262913,5.50726048496141,1.89685406191776e-07,1.71232503659433e-06,6.50032308662463,"TRIM5","85363","tripartite motif containing 5","Up"
1.03860991276343,8.93762094395811,5.50719233384057,1.89744819619615e-07,1.71232503659433e-06,6.5000192580046,"ZNF45","7596","zinc finger protein 45","Up"
1.00919843738671,9.22824544228473,5.50640833900407,1.90429608045952e-07,1.71773001270305e-06,6.49652424999756,"PEX12","5193","peroxisomal biogenesis factor 12","Up"
1.11454287471578,9.52406329234657,5.50596646581768,1.90816630926658e-07,1.72044539655234e-06,6.49455453754777,"MTFR1","9650","mitochondrial fission regulator 1","Up"
1.59183452140078,8.72636410572166,5.50453476132819,1.920759062863e-07,1.73101921489639e-06,6.48817318083922,"NPHP3","27031","nephronophthisis 3 (adolescent)","Up"
3.01273391380053,6.58140499224296,5.50357985831595,1.92920317558356e-07,1.73706426345185e-06,6.48391758025888,"PSMB8-AS1","100507463","PSMB8 antisense RNA 1 (head to head)","Up"
1.75637628489322,11.5926592851406,5.50266138292086,1.93735940240064e-07,1.74362346216057e-06,6.47982475176145,"TMEM123","114908","transmembrane protein 123","Up"
3.22423602213307,7.24995439934047,5.50245115149231,1.93923103161807e-07,1.74452316769706e-06,6.47888799638362,"GINS2","51659","GINS complex subunit 2","Up"
-2.29803010770546,6.18439064508521,-5.50193940980345,1.94379431108235e-07,1.74784237221684e-06,6.4766078549868,"TTC39B","158219","tetratricopeptide repeat domain 39B","Down"
1.09045504130644,11.790762458635,5.49971805500342,1.96372446813453e-07,1.76497014528156e-06,6.46671179389312,"SNX5","27131","sorting nexin 5","Up"
1.12769385540473,9.30962378497254,5.49751606810535,1.98367798836209e-07,1.78130365857991e-06,6.45690445000815,"ASXL1","171023","additional sex combs like 1, transcriptional regulator","Up"
-2.92712914918475,7.80243180588757,-5.49612701646108,1.99636683170133e-07,1.79189372821214e-06,6.45071905390348,"KIT","3815","KIT proto-oncogene receptor tyrosine kinase","Down"
-3.89678536153399,4.02267482186201,-5.49541162740355,2.00293275983557e-07,1.79698097426145e-06,6.44753382913981,"AIFM3","150209","apoptosis inducing factor, mitochondria associated 3","Down"
-3.20257038323432,5.69156736459266,-5.49299812333833,2.02524033082906e-07,1.81618033612268e-06,6.43678974346819,"ANO4","121601","anoctamin 4","Down"
-2.86804198157114,7.0418283837487,-5.49073793815142,2.04635093510664e-07,1.83428956804115e-06,6.42673082446158,"TPD52L1","7164","tumor protein D52-like 1","Down"
1.32865241124648,10.6057520662964,5.49039478895704,2.04957477335261e-07,1.83635658264513e-06,6.42520386800724,"MEX3C","51320","mex-3 RNA binding family member C","Up"
1.18707871011288,9.40986921655604,5.48958516119633,2.05720080165495e-07,1.84236420943199e-06,6.42160139382135,"ZCCHC8","55596","zinc finger CCHC-type containing 8","Up"
-5.62758616034018,6.61016244558024,-5.48886639877435,2.06399419193922e-07,1.84742241241429e-06,6.41840350414632,"SLC24A2","25769","solute carrier family 24 member 2","Down"
-1.36259280521348,9.14907142101497,-5.48879231788262,2.06469561361441e-07,1.84742241241429e-06,6.41807392105427,"MIR6125","102465133","microRNA 6125","Down"
2.0362420800184,8.25429212991894,5.48783225501157,2.07380690282357e-07,1.85474540477386e-06,6.41380288636185,"LOXL3","84695","lysyl oxidase like 3","Up"
1.03614382686475,9.51645054859249,5.48709840477483,2.08079785841161e-07,1.85933554056459e-06,6.41053851606924,"METTL2A","339175","methyltransferase like 2A","Up"
4.04952840606147,6.25322701412752,5.48658646067709,2.08568848235173e-07,1.86287363689335e-06,6.40826140597549,"CCL3L3","414062","C-C motif chemokine ligand 3 like 3","Up"
-1.48315013976654,8.5867081094326,-5.48610553445499,2.0902930263492e-07,1.86615317171657e-06,6.40612238205981,"ACADSB","36","acyl-CoA dehydrogenase, short/branched chain","Down"
-3.36575199177397,7.22901560800402,-5.4851689141034,2.09928907349362e-07,1.87334863931253e-06,6.40195689236553,"SCN4B","6330","sodium voltage-gated channel beta subunit 4","Down"
1.17770572026332,7.29340570282219,5.48422488957531,2.108394529992e-07,1.88063528138876e-06,6.39775891888041,"LOC100287590","100287590","uncharacterized LOC100287590","Up"
-1.00805105862478,8.65190989815722,-5.47869188201714,2.16254377510103e-07,1.92635856226386e-06,6.3731632350197,"UQCC1","55245","ubiquinol-cytochrome c reductase complex assembly factor 1","Down"
-1.60885782210263,9.49891931562657,-5.47470912169302,2.20236042933769e-07,1.96095349843165e-06,6.35546832996054,"FAM219A","203259","family with sequence similarity 219 member A","Down"
-3.11514825001152,6.7206168331713,-5.47410264452273,2.20848606413765e-07,1.96553294862998e-06,6.3527745275703,"TBC1D30","23329","TBC1 domain family member 30","Down"
2.96752005968119,7.66318549993083,5.47363694584279,2.2132010866406e-07,1.96885345221959e-06,6.35070614953302,"IFI44","10561","interferon induced protein 44","Up"
1.46472202238993,8.69982281709887,5.47336718186405,2.21593684361576e-07,1.97041104134314e-06,6.34950805584429,"NOB1","28987","NIN1/PSMD8 binding protein 1 homolog","Up"
1.21368436121006,8.68403512915473,5.47302828676506,2.21937836468972e-07,1.97259453320068e-06,6.34800298432244,"ZNF766","90321","zinc finger protein 766","Up"
-1.04155499743859,6.61010682609343,-5.47183720895696,2.23151540161211e-07,1.98250127176081e-06,6.34271373132755,"BCAS3","54828","BCAS3, microtubule associated cell migration factor","Down"
2.09127366358974,7.25850441642781,5.47079642630717,2.24217402975526e-07,1.99023866779159e-06,6.33809248283029,"SLC35F2","54733","solute carrier family 35 member F2","Up"
-5.62765462937621,7.04353515039278,-5.47079251260539,2.24221420362986e-07,1.99023866779159e-06,6.3380751063709,"GAD1","2571","glutamate decarboxylase 1","Down"
3.50764007500986,8.1912858157645,5.46971862446975,2.2532642131294e-07,1.99915996062439e-06,6.33330743772211,"NTN1","9423","netrin 1","Up"
1.70285910436673,9.18249260862888,5.46837233407138,2.26719237607301e-07,2.01062579202538e-06,6.32733122350997,"LHFPL2","10184","lipoma HMGIC fusion partner-like 2","Up"
-2.45921838492137,5.63370194536308,-5.46614440070422,2.2904267104312e-07,2.02904164899981e-06,6.31744338152105,"BDH1","622","3-hydroxybutyrate dehydrogenase, type 1","Down"
-1.31703894837219,8.80347216866326,-5.46608964177362,2.29100069230298e-07,2.02904164899981e-06,6.31720038615379,"ATP13A2","23400","ATPase 13A2","Down"
-1.592286545267,9.84357802104077,-5.46494929701841,2.30298575759533e-07,2.03695119594207e-06,6.3121403953644,"CDIP1","29965","cell death inducing p53 target 1","Down"
1.78382589943661,10.9721978754835,5.46267394905382,2.32708314440798e-07,2.05735538975565e-06,6.30204607484631,"TMPO","7112","thymopoietin","Up"
2.69349875050486,10.5664039830769,5.46215686009275,2.33259371470884e-07,2.06131636264045e-06,6.29975243306138,"S1PR3","1903","sphingosine-1-phosphate receptor 3","Up"
1.05192512484825,12.5090630663054,5.45788354912276,2.37862484141214e-07,2.10013888800233e-06,6.28080255340346,"SEC61G","23480","Sec61 translocon gamma subunit","Up"
2.08407050137093,11.5698250030131,5.45686669688761,2.38970821471098e-07,2.10899392376367e-06,6.27629470824748,"COL4A1","1282","collagen type IV alpha 1 chain","Up"
1.30099287938547,10.630912962199,5.45660522455508,2.39256632936444e-07,2.11058529768934e-06,6.27513565002596,"RFX7","64864","regulatory factor X7","Up"
-2.08304466045503,4.12590551409462,-5.4564388403781,2.39438678863579e-07,2.11126031204214e-06,6.274398117896,"TMEM63C","57156","transmembrane protein 63C","Down"
-3.79966098108436,5.25531435163651,-5.45570437045891,2.40243903402004e-07,2.11742721381669e-06,6.27114259587261,"CYP2J2","1573","cytochrome P450 family 2 subfamily J member 2","Down"
1.14572032837468,10.7723807370189,5.45558124745119,2.40379146115421e-07,2.11768629517007e-06,6.27059688248232,"KCTD20","222658","potassium channel tetramerization domain containing 20","Up"
-1.59357932306555,6.73359163964574,-5.45300423285393,2.4322696723975e-07,2.14088954402361e-06,6.25917663792488,"ZNF582-AS1","386758","ZNF582 antisense RNA 1 (head to head)","Down"
-1.68456754882775,3.82744464555799,-5.45269256837515,2.43573609964437e-07,2.1429978955842e-06,6.2577956996535,"CCDC149","91050","coiled-coil domain containing 149","Down"
-1.12821753058738,10.6704388135891,-5.45018168164365,2.46383962266953e-07,2.16677095959337e-06,6.24667213179924,"CDK14","5218","cyclin dependent kinase 14","Down"
-2.7232517649572,7.23029576776041,-5.44676236087753,2.50262104447843e-07,2.19990945680492e-06,6.23152920908757,"EDN1","1906","endothelin 1","Down"
1.75674660441433,6.63078309029893,5.44449932919375,2.52861536487031e-07,2.22080805991924e-06,6.22151032441451,"RFWD3","55159","ring finger and WD repeat domain 3","Up"
1.33340887346285,7.85493563601124,5.44259020895221,2.55074948742772e-07,2.23926480890594e-06,6.21306029312765,"LRRC42","115353","leucine rich repeat containing 42","Up"
-2.64998798375411,5.97612559589882,-5.44210169667143,2.55644359350307e-07,2.24327925329894e-06,6.21089836681359,"STRIP2","57464","striatin interacting protein 2","Down"
-1.48912445596824,8.71620082931319,-5.4399403636762,2.5817855095332e-07,2.26452357252217e-06,6.20133477251189,"C5orf30","90355","chromosome 5 open reading frame 30","Down"
1.62201669435883,9.80958050259101,5.43938140212627,2.58837925426441e-07,2.26831816645063e-06,6.19886183197663,"PTPN21","11099","protein tyrosine phosphatase, non-receptor type 21","Up"
1.6674608868568,10.7067127651096,5.43765750669662,2.60881884200386e-07,2.2852293595434e-06,6.19123602521802,"FJX1","24147","four jointed box 1","Up"
-4.14018489422847,6.17847163479793,-5.43567211680903,2.63255430912276e-07,2.30501155635095e-06,6.18245534332756,"SLC39A12","221074","solute carrier family 39 member 12","Down"
-1.0808857193814,7.46614735440586,-5.4353799749158,2.63606464470663e-07,2.30707547448143e-06,6.18116347131306,"AP4S1","11154","adaptor related protein complex 4 sigma 1 subunit","Down"
1.0312762854927,9.04487103388308,5.43296599630341,2.66524622463321e-07,2.33159515593514e-06,6.17049034720712,"S100PBP","64766","S100P binding protein","Up"
-1.16992330066312,7.41244768514521,-5.43100635580349,2.68916739149806e-07,2.34943982540182e-06,6.16182820369491,"FAM122A","116224","family with sequence similarity 122A","Down"
1.05763451394095,9.30793112523148,5.42932850532324,2.70981535080678e-07,2.36644590674776e-06,6.15441320019875,"CPSF3","51692","cleavage and polyadenylation specific factor 3","Up"
3.80637585451367,5.92623888909308,5.42849609028361,2.72011661732598e-07,2.37440546085693e-06,6.15073500070032,"TTK","7272","TTK protein kinase","Up"
-3.61453430576371,3.80564444076178,-5.42737004385811,2.73411251957472e-07,2.3849367578326e-06,6.14575989068801,"GPR88","54112","G protein-coupled receptor 88","Down"
2.26354714919164,6.67682068979438,5.42733370423648,2.73456536335681e-07,2.3849367578326e-06,6.14559934534184,"TRIM6-TRIM34","445372","TRIM6-TRIM34 readthrough","Up"
-1.29036824822854,5.30645547465172,-5.42421149087672,2.77374743880194e-07,2.4180551201791e-06,6.13180818329882,"MIR6831","102465499","microRNA 6831","Down"
-3.77665258527306,6.20036529848562,-5.42298995578277,2.78922584410664e-07,2.42943149599659e-06,6.12641387857856,"ERICH3","127254","glutamate rich 3","Down"
-1.07001011555115,10.6271306716134,-5.42173283282986,2.80524328888392e-07,2.44125717619402e-06,6.12086321145967,"LOC101060747","101060747","3-phosphoinositide-dependent protein kinase 1-like","Down"
-1.4498897770434,9.18239710752899,-5.420376066395,2.8226311494201e-07,2.45425386381782e-06,6.11487348486664,"MGAT4A","11320","mannosyl (alpha-1,3-)-glycoprotein beta-1,4-N-acetylglucosaminyltransferase, isozyme A","Down"
1.27016510322425,10.0056018703941,5.41843098429607,2.84774245559301e-07,2.47501230708294e-06,6.10628815400866,"PAXBP1","94104","PAX3 and PAX7 binding protein 1","Up"
2.45521732371388,9.32179471039752,5.41495083688675,2.8932173216221e-07,2.51344328934839e-06,6.09093206690862,"EFHC1","114327","EF-hand domain containing 1","Up"
1.3132009396044,8.1389267257416,5.41339639019836,2.91375763293951e-07,2.53018875704084e-06,6.08407509642736,"ZNF581","51545","zinc finger protein 581","Up"
1.46952393107521,8.53063081983041,5.41283810665841,2.92116944924346e-07,2.53522127716155e-06,6.08161269893684,"PARP4","143","poly(ADP-ribose) polymerase family member 4","Up"
1.26834863130657,11.1791990262499,5.4114917976182,2.93911899034481e-07,2.5488926588569e-06,6.07567524573278,"IVNS1ABP","10625","influenza virus NS1A binding protein","Up"
2.44533974688934,6.31849820596373,5.4101329225943,2.95734529850369e-07,2.56358784173152e-06,6.06968331348455,"PRTG","283659","protogenin","Up"
1.01858364143366,9.5307448061542,5.40729863542388,2.99571698819598e-07,2.59347943673029e-06,6.05718861838314,"NSMCE4A","54780","NSE4 homolog A, SMC5-SMC6 complex component","Up"
1.34458994826161,10.2396749641579,5.40627414502575,3.00970624892659e-07,2.60446336169007e-06,6.05267325723079,"MAP4K5","11183","mitogen-activated protein kinase kinase kinase kinase 5","Up"
1.16660278187948,11.5194152418288,5.40584024712197,3.01565027475172e-07,2.60847881742143e-06,6.05076104807746,"PAICS","10606","phosphoribosylaminoimidazole carboxylase; phosphoribosylaminoimidazolesuccinocarboxamide synthase","Up"
-1.56181728239935,4.25001079881633,-5.40478426762391,3.030164229129e-07,2.61990042057839e-06,6.04610769760307,"ZNF519","162655","zinc finger protein 519","Down"
-1.09675496932283,11.6366392221479,-5.40372451766523,3.04479859245223e-07,2.63141621767567e-06,6.04143830570782,"PURA","5813","purine rich element binding protein A","Down"
1.75589576354405,9.30395826623698,5.40226434849155,3.06507558439499e-07,2.64779651195987e-06,6.03500555811256,"FCGRT","2217","Fc fragment of IgG receptor and transporter","Up"
-2.3839374601597,8.7854081311687,-5.40069928100121,3.08695571150852e-07,2.6643970198512e-06,6.02811189530911,"MFSD6","54842","major facilitator superfamily domain containing 6","Down"
1.17967285182169,7.71342005091053,5.39951190452734,3.10365729844816e-07,2.67765724752274e-06,6.02288268766799,"SLC39A1","27173","solute carrier family 39 member 1","Up"
1.39896315704884,10.2294876679167,5.393588293893,3.18830580341231e-07,2.74950147452026e-06,5.99680589535932,"CCDC14","64770","coiled-coil domain containing 14","Up"
-4.98714782615944,8.24252168648018,-5.39263035401983,3.20220492046618e-07,2.7591091233319e-06,5.99259056375183,"PPP2R2C","5522","protein phosphatase 2 regulatory subunit Bgamma","Down"
3.86416586556713,6.57370057331219,5.39187614374641,3.21318966450237e-07,2.76738207566504e-06,5.9892720580665,"DSG2","1829","desmoglein 2","Up"
-1.05191191624714,2.20985821754562,-5.3888539346884,3.25757717171576e-07,2.80440389305151e-06,5.97597734684412,"RHOXF1","158800","Rhox homeobox family member 1","Down"
-2.31341077350868,9.02542407166112,-5.38652700400216,3.29216051512531e-07,2.83159986226846e-06,5.96574436580999,"PRRT2","112476","proline rich transmembrane protein 2","Down"
-1.23668129123262,10.0332148513392,-5.38644312965007,3.29341374493862e-07,2.83159986226846e-06,5.96537556938002,"MYO9A","4649","myosin IXA","Down"
-2.49950071065904,6.52033259286012,-5.38112741287215,3.37379742575716e-07,2.89822091443209e-06,5.94200968680842,"DMRTC1B","728656","DMRT like family C1B","Down"
1.04022289455581,11.5518935087186,5.3791262559206,3.40455240875117e-07,2.92254456321306e-06,5.9332171247152,"PCMTD2","55251","protein-L-isoaspartate (D-aspartate) O-methyltransferase domain containing 2","Up"
2.16744304165365,6.14745824420604,5.37909506519995,3.40503392655053e-07,2.92254456321306e-06,5.93308009713949,"ZNF311","282890","zinc finger protein 311","Up"
1.04110120309407,10.8540691435959,5.37805367911421,3.42114892265531e-07,2.93469290952047e-06,5.92850535070334,"RSL1D1","26156","ribosomal L1 domain containing 1","Up"
1.64646888426285,6.95831671728864,5.37799098005807,3.42212153641788e-07,2.93469290952047e-06,5.9282299353512,"ZNF259P1","442240","zinc finger protein 259 pseudogene 1","Up"
1.65484872339303,10.5987245122354,5.37685887577014,3.43972972816082e-07,2.94726649555947e-06,5.92325733971676,"LAMC1","3915","laminin subunit gamma 1","Up"
-3.8252049722261,6.25666346269118,-5.37266049765105,3.50580490268439e-07,3.00131102644444e-06,5.90482237119932,"CDS1","1040","CDP-diacylglycerol synthase 1","Down"
1.64925034214733,5.94531110448763,5.37244660396825,3.50920418955722e-07,3.00293619420322e-06,5.90388341297792,"ASTE1","28990","asteroid homolog 1 (Drosophila)","Up"
2.80715664803931,7.69719754536083,5.37126563176734,3.52803070333379e-07,3.01775589061988e-06,5.89869956346342,"NCAPG","64151","non-SMC condensin I complex subunit G","Up"
2.46793206987291,7.60108884679272,5.37035464431419,3.54262058473153e-07,3.02894059994546e-06,5.89470129731902,"PARP12","64761","poly(ADP-ribose) polymerase family member 12","Up"
1.95734615476147,6.56987170764864,5.36900788899849,3.56429746049136e-07,3.04617254558098e-06,5.88879125841794,"ZNF649","65251","zinc finger protein 649","Up"
-2.27158497515083,8.6433410761755,-5.36619797093351,3.60994264417507e-07,3.08348830227677e-06,5.87646335930468,"ADARB1","104","adenosine deaminase, RNA specific B1","Down"
-2.03929160855904,10.1069362597105,-5.36613068154197,3.61104268117883e-07,3.08348830227677e-06,5.87616819186566,"B4GALT6","9331","beta-1,4-galactosyltransferase 6","Down"
2.03375471903294,4.76840472564325,5.36442313793893,3.63906713100563e-07,3.10609283660536e-06,5.8686787708799,"FLVCR2","55640","feline leukemia virus subgroup C cellular receptor family member 2","Up"
-2.3148777796747,8.74010083774485,-5.36265519786165,3.6683065257362e-07,3.12838059081006e-06,5.86092603426982,"CCDC136","64753","coiled-coil domain containing 136","Down"
2.82401338527416,7.33312909612899,5.36213766489458,3.67690914896135e-07,3.13438096903577e-06,5.85865686452446,"ZNF300","91975","zinc finger protein 300","Up"
1.96743483548448,9.80143648083899,5.3615779952455,3.68623434953506e-07,3.14099193488705e-06,5.85620309862042,"PSENEN","55851","presenilin enhancer gamma-secretase subunit","Up"
1.18979533405305,6.99290830253947,5.36116639346527,3.69310717723106e-07,3.14550852681404e-06,5.8543986117263,"ZSCAN25","221785","zinc finger and SCAN domain containing 25","Up"
1.2796948076518,8.51674591142154,5.35892342220718,3.73078016868548e-07,3.17624335467618e-06,5.84456683153415,"SLC38A10","124565","solute carrier family 38 member 10","Up"
1.23868540333018,4.57803893194627,5.35777900127066,3.7501461646788e-07,3.19137279101356e-06,5.83955141062254,"TXNRD3NB","645840","thioredoxin reductase 3 neighbor","Up"
-3.94968643035753,5.36323074354154,-5.35745151038019,3.75570603157254e-07,3.19474534752006e-06,5.83811630767568,"LOC101927137","101927137","uncharacterized LOC101927137","Down"
1.60877946930183,8.44987355033675,5.35687886803749,3.76544721803689e-07,3.20167031412087e-06,5.83560705617415,"GLIS2","84662","GLIS family zinc finger 2","Up"
-1.4730084533956,7.98343632747296,-5.3566944822987,3.76858903960573e-07,3.2029804976802e-06,5.83479913566125,"BMS1P20","96610","BMS1, ribosome biogenesis factor pseudogene 20","Down"
2.2087943675825,6.02702013523432,5.3561704099809,3.77753289525528e-07,3.20921871063152e-06,5.83250291117739,"ZBED4","9889","zinc finger BED-type containing 4","Up"
1.59669617492103,9.52709431315497,5.35520979212003,3.79398069880526e-07,3.2218239321306e-06,5.82829433042149,"CKAP2","26586","cytoskeleton associated protein 2","Up"
-1.48610636062288,9.70745993070923,-5.3549923429771,3.7977135790135e-07,3.22361568335159e-06,5.82734172629655,"PLEKHA1","59338","pleckstrin homology domain containing A1","Down"
1.17279102478474,9.78184198344237,5.3548329794157,3.80045159892344e-07,3.22361568335159e-06,5.82664359982333,"CHD1L","9557","chromodomain helicase DNA binding protein 1 like","Up"
2.08255848182912,6.9398982870403,5.35480547333136,3.80092437498196e-07,3.22361568335159e-06,5.82652310481638,"ITPRIP","85450","inositol 1,4,5-trisphosphate receptor interacting protein","Up"
1.12616320912814,6.50215554954728,5.35215728563449,3.84671142407894e-07,3.25848456395625e-06,5.81492411138486,"LOC100505585","100505585","uncharacterized LOC100505585","Up"
2.68421180523188,11.426240050333,5.35214507158905,3.84692384668599e-07,3.25848456395625e-06,5.81487062260448,"VCAN","1462","versican","Up"
-5.89703118447713,7.52469995390373,-5.35113483762637,3.86453319648705e-07,3.270006019173e-06,5.81044678842068,"CALB1","793","calbindin 1","Down"
-4.0315904788,7.26297040983503,-5.35041131984808,3.87719313786435e-07,3.27718644314542e-06,5.80727881524876,"KCNC1","3746","potassium voltage-gated channel subfamily C member 1","Down"
1.29467052593234,6.80238081932314,5.34998593256526,3.8846553514097e-07,3.28210724728268e-06,5.80541635404079,"ZNF813","126017","zinc finger protein 813","Up"
2.43872740732965,9.5882930579884,5.3495124741448,3.89297732223955e-07,3.28774999096863e-06,5.8033435347008,"HK2","3099","hexokinase 2","Up"
-2.3452025762595,4.01980492389071,-5.34874377931136,3.90652573528163e-07,3.29780001627762e-06,5.7999784065818,"PLS1","5357","plastin 1","Down"
2.12039974395515,11.0107588435892,5.34816404632512,3.91677408883675e-07,3.30505690406398e-06,5.79744070269392,"TAGLN2","8407","transgelin 2","Up"
1.34097248275213,9.39452723916331,5.34758045019759,3.92711723836393e-07,3.31099176518952e-06,5.79488626459188,"CTNNAL1","8727","catenin alpha like 1","Up"
1.32977125815628,8.67498929179627,5.34681111616564,3.9407929917203e-07,3.31979821761173e-06,5.79151910977037,"RNFT1","51136","ring finger protein, transmembrane 1","Up"
2.36834129336146,9.21411112986142,5.34671300332521,3.94254039338506e-07,3.31979821761173e-06,5.79108972004525,"RREB1","6239","ras responsive element binding protein 1","Up"
-3.32415021467403,8.20470085425018,-5.34476821903782,3.97733372365235e-07,3.34768682411075e-06,5.78257942530963,"KIAA1549L","25758","KIAA1549 like","Down"
-3.27676454518475,4.07016463353787,-5.34356460359876,3.99901705982007e-07,3.36452204860471e-06,5.77731343855814,"ABCC8","6833","ATP binding cassette subfamily C member 8","Down"
-1.17752582637824,5.78717660701639,-5.34266865915079,4.01523251807501e-07,3.37674472421718e-06,5.77339404430912,"BCAS4","55653","breast carcinoma amplified sequence 4","Down"
1.01887897829591,8.65398805481899,5.34252858399291,4.01777349508949e-07,3.37746194606115e-06,5.77278130990681,"MRPS16","51021","mitochondrial ribosomal protein S16","Up"
-1.54510695614892,7.53881832034882,-5.34174429910221,4.03202952076327e-07,3.38660011007182e-06,5.76935078052427,"SLC9B2","133308","solute carrier family 9 member B2","Down"
1.03511892018257,10.4478900018347,5.3394600418996,4.07383258016588e-07,3.42027563707003e-06,5.75936106553878,"UNG","7374","uracil DNA glycosylase","Up"
-2.31596549925687,8.29134755422858,-5.33796864487883,4.10135383381035e-07,3.44193733863439e-06,5.75284022081949,"BAIAP2","10458","BAI1 associated protein 2","Down"
-1.52027621763136,8.36685669149686,-5.33665176843118,4.12580538954515e-07,3.46100580413542e-06,5.74708339553923,"ARHGAP23","57636","Rho GTPase activating protein 23","Down"
-3.548826810843,4.58789615128391,-5.33612043119339,4.13571140895694e-07,3.46786161605204e-06,5.74476087003044,"TMEM132D","121256","transmembrane protein 132D","Down"
1.02147438386022,6.93801862716178,5.33392465902773,4.17689517597544e-07,3.49946154881661e-06,5.73516450010205,"CYB561D2","11068","cytochrome b561 family member D2","Up"
-1.35466179479027,8.54162193874911,-5.33344359253912,4.18597133626838e-07,3.50559767788705e-06,5.73306238957082,"SLC48A1","55652","solute carrier family 48 member 1","Down"
1.7203856313355,6.75642693814633,5.33314416131065,4.19163034545776e-07,3.50886813060977e-06,5.73175402934474,"MICALL1","85377","MICAL like 1","Up"
-1.94374363368534,8.40012347390627,-5.33296103758993,4.19509491503725e-07,3.51029962213092e-06,5.73095389603022,"LRRC8B","23507","leucine rich repeat containing 8 family member B","Down"
4.78114364547836,9.26903269100391,5.32988266702907,4.2537555741375e-07,3.55492430124348e-06,5.7175060049359,"COL6A2","1292","collagen type VI alpha 2 chain","Up"
-1.49142302669803,10.8923200741552,-5.32935661706298,4.26385961699648e-07,3.56188055771392e-06,5.71520844477875,"SOBP","55084","sine oculis binding protein homolog","Down"
1.52789047048494,11.0690490010832,5.32893387530227,4.27199635024904e-07,3.56718827126179e-06,5.71336219502085,"RIN2","54453","Ras and Rab interactor 2","Up"
-3.23247437960257,9.33655694322219,-5.32630861314297,4.32286644857894e-07,3.60472588190366e-06,5.70189891413319,"SNCA","6622","synuclein alpha","Down"
2.30170940592005,8.37236773583101,5.32606732503759,4.32757147733992e-07,3.60606924394584e-06,5.7008455032584,"SLC4A2","6522","solute carrier family 4 member 2","Up"
-1.71130758170731,11.3495725802149,-5.32573534120945,4.33405320802927e-07,3.60996679987684e-06,5.69939618443097,"ENO2","2026","enolase 2","Down"
1.13135670332307,8.91869753866296,5.32378345600171,4.37235430925293e-07,3.63962346259096e-06,5.69087613752937,"CFLAR","8837","CASP8 and FADD like apoptosis regulator","Up"
1.54258834739014,7.92994330266296,5.32373563842714,4.37329674817248e-07,3.63962346259096e-06,5.6906674371086,"SPDL1","54908","spindle apparatus coiled-coil protein 1","Up"
-1.86898091716154,11.6790827438327,-5.32191673660828,4.40929312632851e-07,3.66667228927652e-06,5.68272970314791,"ANK2","287","ankyrin 2, neuronal","Down"
-2.46361272520244,4.72703815075746,-5.31695159025073,4.50903237169641e-07,3.74479911417725e-06,5.66107047691886,"KIAA1324","57535","KIAA1324","Down"
1.39861165237495,9.5436989723487,5.31568847929644,4.53475479719488e-07,3.76441721599556e-06,5.65556252338523,"NCSTN","23385","nicastrin","Up"
-3.59390075888304,5.92045350383899,-5.3156070865804,4.53641720785989e-07,3.76441721599556e-06,5.65520762887214,"KNDC1","85442","kinase non-catalytic C-lobe domain containing 1","Down"
-1.05269459226082,6.92814860760609,-5.31528108929289,4.54308152258819e-07,3.76838441220655e-06,5.65378622623586,"TPRN","286262","taperin","Down"
1.47643262319519,8.33692238804314,5.31298850364838,4.59021907961772e-07,3.80432945840562e-06,5.64379174044952,"ZBTB26","57684","zinc finger and BTB domain containing 26","Up"
1.87385692995404,10.0880667119072,5.31132425503911,4.62473608433138e-07,3.83134968278336e-06,5.63653820209718,"ELK3","2004","ELK3, ETS transcription factor","Up"
-1.94495838907351,2.1211267063368,-5.30860845237309,4.68160717410888e-07,3.87525505719472e-06,5.62470463667719,"PDYN","5173","prodynorphin","Down"
2.36928453417778,7.49500407894225,5.3067730694943,4.72042735553917e-07,3.90254504554844e-06,5.61670951236418,"HELLS","3070","helicase, lymphoid-specific","Up"
-4.86450143188889,4.45688621384675,-5.30242081942566,4.81374142106287e-07,3.97326079928114e-06,5.59775770570536,"UNC5A","90249","unc-5 netrin receptor A","Down"
-1.82173369354511,3.17702370522775,-5.30241315985971,4.81390722120132e-07,3.97326079928114e-06,5.59772436100203,"SDS","10993","serine dehydratase","Down"
-1.87729108436318,7.18295871076071,-5.30131612865435,4.83771135767073e-07,3.99126149001725e-06,5.59294892798761,"PTPN4","5775","protein tyrosine phosphatase, non-receptor type 4","Down"
2.02235929469822,11.0904992545822,5.30026683676022,4.8605870417355e-07,4.00848165474041e-06,5.58838189776517,"COL4A2","1284","collagen type IV alpha 2 chain","Up"
-1.32949174511414,2.46036842491444,-5.29972078368995,4.87253329549041e-07,4.01667794161008e-06,5.58600543711355,"DLGAP1-AS3","201477","DLGAP1 antisense RNA 3","Down"
2.77102340681874,9.13434816775994,5.29857918265685,4.89760123922946e-07,4.03567990087577e-06,5.58103761653609,"MRC2","9902","mannose receptor C type 2","Up"
2.7077473027975,5.6115914558142,5.29841171014294,4.90128926519939e-07,4.03705616833447e-06,5.5803088963911,"LOC642846","642846","DEAD/H (Asp-Glu-Ala-Asp/His) box polypeptide 11-like","Up"
-1.09680500793143,9.55380643302621,-5.29618657874537,4.95054828299409e-07,4.07595141966514e-06,5.57062812066996,"SLK","9748","STE20 like kinase","Down"
1.11662148534049,11.2803343474195,5.29592040334339,4.95647300486302e-07,4.07915077779903e-06,5.56947025796731,"HDGF","3068","hepatoma-derived growth factor","Up"
-2.99673051540086,3.83509039773746,-5.2953218615253,4.96982105204712e-07,4.08845434984814e-06,5.56686673775575,"LINC01102","150568","long intergenic non-protein coding RNA 1102","Down"
2.16724559472156,7.96893963268905,5.2911657982023,5.06347714700013e-07,4.16378903740368e-06,5.54879400717518,"EFCAB2","84288","EF-hand calcium binding domain 2","Up"
-2.41918110772959,9.66282559832444,-5.28936684022436,5.10454818645125e-07,4.19566830272047e-06,5.54097401805392,"ACOT7","11332","acyl-CoA thioesterase 7","Down"
1.66695775275141,7.6828753809668,5.28894258158656,5.11428146047701e-07,4.20038707634498e-06,5.5391300331715,"POC1B-GALNT4","100528030","POC1B-GALNT4 readthrough","Up"
1.3401991141138,6.68499903260953,5.28607491271438,5.1805474314577e-07,4.2513212658398e-06,5.52666856987666,"MTG2","26164","mitochondrial ribosome associated GTPase 2","Up"
1.32317346616923,7.5115541820316,5.28557282699109,5.19223544492392e-07,4.25916582806859e-06,5.52448720057393,"GEMIN6","79833","gem nuclear organelle associated protein 6","Up"
1.32791300915378,8.6540563112171,5.28533819125996,5.1977063263085e-07,4.26190616682189e-06,5.52346784413705,"NIP7","51388","NIP7, nucleolar pre-rRNA processing protein","Up"
1.23696727039487,13.0321002464796,5.28201236045997,5.27586036561988e-07,4.32421705591794e-06,5.50902215537877,"HNRNPC","3183","heterogeneous nuclear ribonucleoprotein C (C1/C2)","Up"
-1.55378168129645,8.87646687015391,-5.27387921950266,5.47184205815223e-07,4.47642701602582e-06,5.47372058426888,"AACS","65985","acetoacetyl-CoA synthetase","Down"
-4.25353126873747,6.89285908417473,-5.27384201087585,5.47275477642783e-07,4.47642701602582e-06,5.47355916199596,"TENM2","57451","teneurin transmembrane protein 2","Down"
1.07666588617074,5.46311479184124,5.27325548926122,5.48716163672189e-07,4.48637690502227e-06,5.47101475056802,"ZNF691","51058","zinc finger protein 691","Up"
-1.44527866928429,4.85218786597432,-5.27251531397651,5.50539552640987e-07,4.4994464173563e-06,5.46780402789813,"LOC101930343","101930343","uncharacterized LOC101930343","Down"
3.02614037448507,8.34435018888627,5.27242215942672,5.50769452979226e-07,4.49948731962245e-06,5.46739996382764,"COL5A1","1289","collagen type V alpha 1 chain","Up"
2.45703569538001,8.83682578742485,5.27223325864739,5.51235937254493e-07,4.50146016189822e-06,5.46658060818613,"CMTM3","123920","CKLF like MARVEL transmembrane domain containing 3","Up"
1.16588252224753,8.55012416774349,5.27183962512541,5.52209240718649e-07,4.50756845330804e-06,5.46487328650078,"USP6NL","9712","USP6 N-terminal like","Up"
-1.04813486702729,8.81445285643402,-5.26636672089983,5.65916511286698e-07,4.61193142212341e-06,5.44114394151317,"CDC37L1","55664","cell division cycle 37 like 1","Down"
-2.41431797788278,6.97449013432148,-5.26551499022316,5.68079354381551e-07,4.62767249312366e-06,5.43745244444844,"UNC80","285175","unc-80 homolog, NALCN activator","Down"
3.16814092376712,6.85252936930935,5.26489961143474,5.69647030939798e-07,4.63844104295261e-06,5.43478556222347,"CENPK","64105","centromere protein K","Up"
-3.59258601192894,8.05375575852432,-5.26480051203028,5.69899880610761e-07,4.63844104295261e-06,5.43435611143981,"DOK6","220164","docking protein 6","Down"
-3.7781477188858,5.82164268703828,-5.26263397694953,5.75455172958996e-07,4.67729672731892e-06,5.42496865487728,"C11orf87","399947","chromosome 11 open reading frame 87","Down"
2.54891413032334,5.24307970859396,5.26258794496732,5.7557377631125e-07,4.67729672731892e-06,5.42476922825151,"TROAP","10024","trophinin associated protein","Up"
1.35538515241419,8.87978527447101,5.26207294383123,5.76902324819093e-07,4.68618953010783e-06,5.42253813999712,"TNIP2","79155","TNFAIP3 interacting protein 2","Up"
1.77953166076304,10.6887456168619,5.25795217839232,5.87640900341984e-07,4.76761212211763e-06,5.40469122069031,"KLF10","7071","Kruppel like factor 10","Up"
-1.27109131880184,11.0878582602618,-5.25626792229927,5.92085909108515e-07,4.79978232720181e-06,5.3973993477171,"TACC1","6867","transforming acidic coiled-coil containing protein 1","Down"
-4.06899276686167,6.66392824491089,-5.25568164764599,5.93640856313484e-07,4.81043848208339e-06,5.39486146440653,"LRRC3B","116135","leucine rich repeat containing 3B","Down"
-2.3659064803451,3.08541570293438,-5.25557033596251,5.93936532216294e-07,4.81088591095198e-06,5.39437963565777,"NEUROD6","63974","neuronal differentiation 6","Down"
-1.21838103498856,3.63206370460734,-5.25256858361392,6.01964422586858e-07,4.87393856847239e-06,5.38138859634314,"NUDT18","79873","nudix hydrolase 18","Down"
-3.10100939433261,5.88112958297166,-5.24650609186465,6.18501871946889e-07,4.99974422304703e-06,5.35516583067646,"FAM189A1","23359","family with sequence similarity 189 member A1","Down"
-1.15564143977601,12.3606688400063,-5.24630778772861,6.19050226496543e-07,5.00215584875458e-06,5.35430841394391,"OAT","4942","ornithine aminotransferase","Down"
2.30220972772919,8.92136143345923,5.24516046165372,6.22232152210972e-07,5.02583716967497e-06,5.34934807800126,"TSPO","706","translocator protein","Up"
-2.96999443395496,5.99069450992751,-5.2438782084933,6.25807146538876e-07,5.05267295431932e-06,5.34380522878156,"KIAA1217","56243","KIAA1217","Down"
1.31835238055036,8.0958182278403,5.24128256321202,6.33105354934233e-07,5.10953563379153e-06,5.33258760386121,"NOP2","4839","NOP2 nucleolar protein","Up"
3.32420557588153,6.38012547333834,5.24017622364252,6.36241224356874e-07,5.13277345794676e-06,5.32780741619882,"OLFML2A","169611","olfactomedin like 2A","Up"
-2.9998399661958,3.78253926395396,-5.23754757267421,6.437528715874e-07,5.1891876316878e-06,5.31645235715785,"GRIN2C","2905","glutamate ionotropic receptor NMDA type subunit 2C","Down"
-2.28600443997989,10.2861049658169,-5.23713123627227,6.44950500710212e-07,5.19674775179589e-06,5.31465423470748,"TMOD2","29767","tropomodulin 2","Down"
2.01410957959224,6.56248457017621,5.23580038088846,6.48793412909198e-07,5.22560781484473e-06,5.30890700039441,"RCC1","1104","regulator of chromosome condensation 1","Up"
-2.48725364239454,3.43387518129284,-5.2353247419192,6.50172251611012e-07,5.23460613198451e-06,5.30685320572572,"FAM81A","145773","family with sequence similarity 81 member A","Down"
1.7514727406094,6.34803101141355,5.23259695115047,6.58135237327129e-07,5.28807698522244e-06,5.29507701862314,"LOC339803","339803","uncharacterized LOC339803","Up"
1.49763104413168,10.0879915904949,5.22919756033013,6.68191910440718e-07,5.3602708709653e-06,5.28040701547585,"ABCA1","19","ATP binding cassette subfamily A member 1","Up"
2.41974926037777,4.57999225541988,5.22888405564574,6.69126883591213e-07,5.36561986373122e-06,5.27905440308755,"TLR3","7098","toll like receptor 3","Up"
1.42327015332412,8.6655201460568,5.22844125554905,6.70449630759505e-07,5.37407282155666e-06,5.27714403656813,"VARS","7407","valyl-tRNA synthetase","Up"
-2.30181341543649,6.79290381200302,-5.22325582465193,6.86130681870907e-07,5.49536291120546e-06,5.25478040073748,"DLG3","1741","discs large MAGUK scaffold protein 3","Down"
-2.49542080996312,7.66676492405568,-5.22139049787184,6.91858508352847e-07,5.53787566148632e-06,5.24673916871805,"PDE4A","5141","phosphodiesterase 4A","Down"
-3.12241729606213,7.78428725085118,-5.22134712019505,6.91992260394652e-07,5.53787566148632e-06,5.24655219416343,"CNTNAP2","26047","contactin associated protein-like 2","Down"
-4.59777773423084,6.0065847655029,-5.22067528764858,6.94067029997841e-07,5.55225872417705e-06,5.24365646477301,"CUX2","23316","cut like homeobox 2","Down"
2.91281899984832,6.99165881556645,5.22031910035416,6.95169474374109e-07,5.55885518537282e-06,5.24212132601511,"FBLIM1","54751","filamin binding LIM protein 1","Up"
-3.37231975093281,7.00671068740426,-5.22010843285625,6.95822319777737e-07,5.56185263755221e-06,5.24121339790629,"WIPF3","644150","WAS/WASL interacting protein family member 3","Down"
-1.73082539604163,7.01289098579686,-5.21950953256823,6.9768154018692e-07,5.57448665116602e-06,5.23863240619925,"LYRM9","201229","LYR motif containing 9","Down"
1.65317687140295,7.21165221652716,5.21833031311177,7.0135646113189e-07,5.59937698238856e-06,5.23355106042478,"SYDE1","85360","synapse defective Rho GTPase homolog 1","Up"
-2.16714921450769,3.02345949023657,-5.21727492731837,7.04661460340476e-07,5.62351888194332e-06,5.22900395478166,"EPHA10","284656","EPH receptor A10","Down"
1.22167654419355,9.13867314483752,5.2160976650786,7.08366033063968e-07,5.65082903648756e-06,5.22393245126522,"MANEA","79694","mannosidase endo-alpha","Up"
2.16438680942091,4.39393240106876,5.2156647541362,7.09733071720279e-07,5.65947770661922e-06,5.22206770996797,"FMO4","2329","flavin containing monooxygenase 4","Up"
1.09517150038494,8.37531504445118,5.21455285408548,7.13256004005115e-07,5.68077741724934e-06,5.21727871878883,"GLA","2717","galactosidase alpha","Up"
3.57899610375174,5.06120959883929,5.21394152980242,7.15200172315813e-07,5.69399516415538e-06,5.21464600673112,"FAM64A","54478","family with sequence similarity 64 member A","Up"
1.61526499012064,6.80670261196834,5.21059657459008,7.25929778990298e-07,5.77711896907672e-06,5.20024426434589,"POLD1","5424","DAN polymerase delta 1, catalytic subunit","Up"
-1.30631013559311,9.67716824085615,-5.20770787057457,7.35321976859815e-07,5.84953749146494e-06,5.18781174732856,"MPHOSPH8","54737","M-phase phosphoprotein 8","Down"
1.58398821156777,12.1116639518986,5.20732833388876,7.36564752578699e-07,5.85627178903332e-06,5.18617861547138,"RAB13","5872","RAB13, member RAS oncogene family","Up"
2.66512618379263,7.14998945992343,5.20657433536029,7.3903976211754e-07,5.86987446334979e-06,5.18293441808876,"CALCRL","10203","calcitonin receptor like receptor","Up"
-2.32536726917502,6.67631978826201,-5.2065706070513,7.39052020451748e-07,5.86987446334979e-06,5.1829183772109,"DGKH","160851","diacylglycerol kinase eta","Down"
1.05656398675417,9.65627642201071,5.2055795658912,7.42317508203652e-07,5.89113303714021e-06,5.17865473297859,"PPM1G","5496","protein phosphatase, Mg2+/Mn2+ dependent 1G","Up"
1.26066406735312,6.88569028037225,5.20448019504768,7.45956393743419e-07,5.91766438129444e-06,5.17392565148363,"SLC37A4","2542","solute carrier family 37 member 4","Up"
2.51773153540512,7.79772451761018,5.20364384478385,7.48736325315875e-07,5.93736332167844e-06,5.17032842092863,"PCOLCE","5118","procollagen C-endopeptidase enhancer","Up"
1.00419155614372,12.549032680982,5.20223455479367,7.53443496722146e-07,5.97232331177495e-06,5.16426776674975,"BTG1","694","BTG anti-proliferation factor 1","Up"
1.21296493261499,7.51907635414225,5.20189374831164,7.54586147813094e-07,5.97901190467191e-06,5.16280228816731,"METAP1D","254042","methionyl aminopeptidase type 1D (mitochondrial)","Up"
1.60042853353918,7.02258529049,5.20059516529135,7.58955514159132e-07,6.0088733564629e-06,5.15721891272762,"RARA","5914","retinoic acid receptor alpha","Up"
1.27689088811637,13.4641071249497,5.2000297351275,7.60865722936904e-07,6.02161412927161e-06,5.15478807788154,"NFIB","4781","nuclear factor I B","Up"
3.27416145573103,7.03574057481118,5.19834173399443,7.66596256729021e-07,6.06456753988831e-06,5.14753223316291,"KIF18B","146909","kinesin family member 18B","Up"
1.02958466057442,8.01137668453414,5.19814577006861,7.67264245918046e-07,6.06745287275982e-06,5.14668998481801,"DCP1B","196513","decapping mRNA 1B","Up"
1.666812502828,8.82876212874876,5.19720504667951,7.70478827751151e-07,6.09046618206925e-06,5.14264706555131,"ZNF3","7551","zinc finger protein 3","Up"
1.24543699937652,11.457128397627,5.19673476669434,7.72090755789114e-07,6.0983891634713e-06,5.14062613565843,"PCNA","5111","proliferating cell nuclear antigen","Up"
-3.57689481041907,6.86984638180923,-5.19640193814361,7.7323354159316e-07,6.10500531438609e-06,5.13919594650721,"AP3B2","8120","adaptor related protein complex 3 beta 2 subunit","Down"
-1.48289236919028,6.00163117510982,-5.19563932409617,7.75858238613988e-07,6.12331194475347e-06,5.13591916184693,"HAGHL","84264","hydroxyacylglutathione hydrolase-like","Down"
-2.2314639123572,11.3530970145767,-5.19537278712934,7.76777627451544e-07,6.12815062792707e-06,5.13477398503215,"PEG3","5178","paternally expressed 3","Down"
3.17050633209283,5.99528982176402,5.19524564386831,7.7721656750197e-07,6.12897659018789e-06,5.1342277271365,"HAS2","3037","hyaluronan synthase 2","Up"
3.65074230279828,6.02859577047645,5.1932171271701,7.842524440425e-07,6.17737742045602e-06,5.12551359213709,"ADAM12","8038","ADAM metallopeptidase domain 12","Up"
1.52394025231176,8.1249295001084,5.19099578896836,7.92028310869659e-07,6.23371770872119e-06,5.11597367454502,"PLPP5","84513","phospholipid phosphatase 5","Up"
1.3303034424562,10.5933569680567,5.18809575550888,8.02293103780676e-07,6.30954328904873e-06,5.10352298716973,"ZBTB10","65986","zinc finger and BTB domain containing 10","Up"
2.74140129632123,5.54606180644473,5.18799006878552,8.02669623938055e-07,6.31002403384231e-06,5.10306932897814,"TLR1","7096","toll like receptor 1","Up"
-1.19947532990112,7.89410689140556,-5.18662602536322,8.07544650368348e-07,6.34585460326769e-06,5.09721474007097,"ZFYVE9","9372","zinc finger FYVE-type containing 9","Down"
-2.84820046223557,6.45349084497556,-5.18514957501966,8.12853924660326e-07,6.38506810784418e-06,5.09087882277071,"PLCXD2","257068","phosphatidylinositol specific phospholipase C X domain containing 2","Down"
1.92340304204773,9.92249401182047,5.18436510736169,8.15688667547998e-07,6.40197323685766e-06,5.08751290160819,"SYNE2","23224","spectrin repeat containing nuclear envelope protein 2","Up"
-2.93639497683163,9.17807326269178,-5.18431235790889,8.15879627542767e-07,6.40197323685766e-06,5.08728658106351,"ANKS1B","56899","ankyrin repeat and sterile alpha motif domain containing 1B","Down"
-1.03359266193867,10.4204437445037,-5.1842885030468,8.15965999599492e-07,6.40197323685766e-06,5.08718423271532,"STK39","27347","serine/threonine kinase 39","Down"
-1.02986754534892,5.66056283373923,-5.18197388854245,8.24389099978613e-07,6.46299087902512e-06,5.07725493162721,"SLC2A8","29988","solute carrier family 2 member 8","Down"
3.69709768192781,5.96637286179361,5.18170386653841,8.25377235773539e-07,6.46820303804199e-06,5.07609677180656,"SLC35F6","54978","solute carrier family 35 member F6","Up"
1.27816849999881,4.71457979755751,5.18108041650283,8.27663138478892e-07,6.4810396914079e-06,5.07342286323817,"NCK1-AS1","101927597","NCK1 antisense RNA 1 (head to head)","Up"
-4.07880453859514,8.76774474040876,-5.18022285567375,8.30817496148074e-07,6.50319469696186e-06,5.06974522238088,"PCP4","5121","Purkinje cell protein 4","Down"
-1.64229879095326,9.93079699001959,-5.17822946056323,8.38195102133309e-07,6.5558129039801e-06,5.06119810362978,"TUB","7275","tubby bipartite transcription factor","Down"
1.27762883097915,6.0547467971274,5.17746163770548,8.41053826886173e-07,6.5756013733926e-06,5.05790646783583,"PLAGL2","5326","PLAG1 like zinc finger 2","Up"
-1.17310790026036,5.55920974656746,-5.17347503523784,8.56049929280583e-07,6.68761848305998e-06,5.0408211374529,"NOXA1","10811","NADPH oxidase activator 1","Down"
-2.41908769882157,9.34306547328071,-5.16925923005468,8.7219152405872e-07,6.8069043002464e-06,5.02276287524972,"MAPT","4137","microtubule associated protein tau","Down"
-1.08760413631335,2.60569061400852,-5.16898114133522,8.73266638903998e-07,6.81147978345118e-06,5.02157202987636,"LINC01140","339524","long intergenic non-protein coding RNA 1140","Down"
1.50385896752932,8.64472460189592,5.16771076220468,8.78194474144645e-07,6.84724740616209e-06,5.01613248207376,"WHSC1","7468","Wolf-Hirschhorn syndrome candidate 1","Up"
-2.34745007316483,3.23980289728302,-5.16747456015685,8.79113689846589e-07,6.85174429012883e-06,5.01512120143543,"AMER3","205147","APC membrane recruitment protein 3","Down"
-1.25489523843084,7.96786954568858,-5.16396445864222,8.92884726638284e-07,6.953656958292e-06,5.00009654071296,"KIAA1468","57614","KIAA1468","Down"
1.66695952855634,9.96921437673207,5.16046290017301,9.06831505885901e-07,7.05952448959503e-06,4.98511510766302,"SLC26A2","1836","solute carrier family 26 member 2","Up"
3.61770909297455,6.04810135121201,5.15908664001112,9.12371068571753e-07,7.09988641342476e-06,4.97922859483926,"KNL1","57082","kinetochore scaffold 1","Up"
-1.33681613651006,6.23663188040899,-5.15773929128644,9.1782618084409e-07,7.13433310750895e-06,4.97346673802997,"ICA1","3382","islet cell autoantigen 1","Down"
1.14067295749099,6.98200577945846,5.15772913608644,9.17867417340333e-07,7.13433310750895e-06,4.97342331366491,"TARBP2","6895","TARBP2, RISC loading complex RNA binding subunit","Up"
1.15626778052412,9.41162814748533,5.15714592596596,9.20238646927794e-07,7.1499862559551e-06,4.97092955928819,"PRDM2","7799","PR/SET domain 2","Up"
-2.2944826579242,5.65537102164929,-5.15660025949806,9.22462632426046e-07,7.16448365176549e-06,4.96859650558023,"CLMN","79789","calmin","Down"
1.61284949436909,6.56544369568722,5.15578729381651,9.25785767638397e-07,7.18750324142081e-06,4.96512088644086,"NEK3","4752","NIMA related kinase 3","Up"
-1.64977505414004,10.2837038698337,-5.15426945429759,9.32021427190534e-07,7.23154445177686e-06,4.95863272775052,"RORA","6095","RAR related orphan receptor A","Down"
-1.26248230287548,5.39877241899136,-5.15412727892985,9.32607609510024e-07,7.23204668351436e-06,4.95802504890865,"HSD11B1L","374875","hydroxysteroid 11-beta dehydrogenase 1 like","Down"
3.38196061236318,6.99576183167657,5.15249005519389,9.39383732586819e-07,7.27895055688013e-06,4.95102810134265,"SFRP4","6424","secreted frizzled related protein 4","Up"
2.90214099914247,7.08787815194894,5.14817328428118,9.57480626418988e-07,7.41343455602349e-06,4.93258665625855,"CRIP1","1396","cysteine rich protein 1","Up"
1.15266240858921,8.10324952958059,5.14774726320365,9.59284901711143e-07,7.42453115223785e-06,4.93076722447555,"TTC31","64427","tetratricopeptide repeat domain 31","Up"
-1.0882279201411,9.51032162034402,-5.14732060202241,9.61095206221851e-07,7.4299195482537e-06,4.92894515803191,"DENND4B","9909","DENN domain containing 4B","Down"
-2.55701437046161,8.47830173018278,-5.14717184585527,9.6172715387085e-07,7.43193324352804e-06,4.92830991468935,"RAP1GAP","5909","RAP1 GTPase activating protein","Down"
1.04230824925601,10.2424050630943,5.14582377371473,9.67472529000649e-07,7.47056074400463e-06,4.92255370226226,"CRLS1","54675","cardiolipin synthase 1","Up"
2.66387591411308,8.04320298375266,5.14528857003357,9.69762781074292e-07,7.48535646641719e-06,4.92026867919392,"PLCE1","51196","phospholipase C epsilon 1","Up"
-2.6270204529983,8.49765039434651,-5.14398722514937,9.75353564057656e-07,7.52034325311701e-06,4.91471330905777,"DNAJA4","55466","DnaJ heat shock protein family (Hsp40) member A4","Down"
-2.59519734524721,4.56433890535266,-5.14397107626401,9.75423138993284e-07,7.52034325311701e-06,4.91464437614749,"LOC100128727","100128727","uncharacterized LOC100128727","Down"
1.27372769866732,8.82686813404379,5.14384746478066,9.7595585975103e-07,7.52155195918292e-06,4.91411673457566,"PRMT3","10196","protein arginine methyltransferase 3","Up"
-1.56167235632847,2.26765549463988,-5.13750796261654,1.00365997031402e-06,7.72910893998175e-06,4.88706743693149,"ABCC12","94160","ATP binding cassette subfamily C member 12","Down"
-1.62710260773807,8.0558636943955,-5.13680762789566,1.00676705252881e-06,7.75005325892417e-06,4.88408060387325,"GCAT","23464","glycine C-acetyltransferase","Down"
-5.97114210667075,8.91323265231586,-5.13626463197009,1.00918253448578e-06,7.76267395903765e-06,4.88176498385042,"STMN2","11075","stathmin 2","Down"
1.17812405140039,8.11782495154024,5.1342223096927,1.01831829967192e-06,7.82392251211066e-06,4.87305689005988,"NFATC3","4775","nuclear factor of activated T-cells 3","Up"
2.43321135544983,5.40516782369006,5.1313597633092,1.03125876101495e-06,7.92030481060502e-06,4.86085534431843,"ITGA4","3676","integrin subunit alpha 4","Up"
-1.40639621610046,2.02017770785278,-5.13078755797591,1.03386461252721e-06,7.93727141321251e-06,4.85841686787371,"LINC00592","283404","long intergenic non-protein coding RNA 592","Down"
-4.08342649976338,6.37536479131473,-5.13070054494435,1.0342614353427e-06,7.93727216605344e-06,4.8580460739601,"PAK5","57144","p21 (RAC1) activated kinase 5","Down"
2.38381899303228,5.09217119375746,5.12913307075657,1.04143534827259e-06,7.98620046488678e-06,4.85136721015004,"ESPL1","9700","extra spindle pole bodies like 1, separase","Up"
-1.71129505423754,7.31911349207911,-5.12802030324292,1.04655756967944e-06,8.02240509447377e-06,4.84662662546622,"GATB","5188","glutamyl-tRNA amidotransferase subunit B","Down"
-1.37636932009717,7.17966918545692,-5.1277914855147,1.04761388528825e-06,8.02742665758789e-06,4.84565190580482,"SEMA4F","10505","ssemaphorin 4F","Down"
-2.90630309259639,4.12052980584965,-5.12680683547434,1.05217128601951e-06,8.05926145459128e-06,4.84145781228388,"PRRG3","79057","proline rich and Gla domain 3","Down"
-2.34531022471808,2.73203113311704,-5.12273164876045,1.07123918543878e-06,8.1952538136259e-06,4.82410529492681,"RPRML","388394","reprimo like","Down"
-2.98731796352729,4.25559244372899,-5.12266281089078,1.07156415136929e-06,8.1952538136259e-06,4.82381225510081,"LOC100996843","100996843","ATP-sensitive inward rectifier potassium channel 12-like","Down"
1.30605077069611,10.1681494189153,5.1211487682388,1.07873587497933e-06,8.24695019133029e-06,4.81736769770921,"NUP35","129401","nucleoporin 35","Up"
2.59211477736981,6.94849480340089,5.11976616280802,1.08532580950702e-06,8.29416098961307e-06,4.81148370325436,"COX20","116228","COX20, cytochrome c oxidase assembly factor","Up"
-1.08887840639086,7.66853882437485,-5.11927684804192,1.08766741429685e-06,8.30888199993783e-06,4.80940156310896,"PTGES2","80142","prostaglandin E synthase 2","Down"
-1.03733804245352,8.25305237578828,-5.11890092613992,1.08946971992114e-06,8.31947354445123e-06,4.80780202328524,"ZCCHC2","54877","zinc finger CCHC-type containing 2","Down"
-2.06820001730237,9.28453124749532,-5.11873468194542,1.09026768155644e-06,8.32239050167866e-06,4.80709468242742,"FRY","10129","FRY microtubule binding protein","Down"
-3.76966789912091,6.39979062120183,-5.11766649866236,1.09540848305242e-06,8.35535941387151e-06,4.80255010522708,"SPX","80763","spexin hormone","Down"
2.00440670337211,12.5942997722355,5.11766369866677,1.09542198943295e-06,8.35535941387151e-06,4.80253819349062,"IGFBP5","3488","insulin like growth factor binding protein 5","Up"
1.08250849297212,6.63811981748142,5.11753832354154,1.09602692946925e-06,8.35678764401343e-06,4.80200482725373,"ZNF438","220929","zinc finger protein 438","Up"
3.29463179599802,7.8276361984071,5.11343695690512,1.11599650300346e-06,8.4993308091322e-06,4.78456170005519,"FLNC","2318","filamin C","Up"
-1.08458087718745,8.92527025639521,-5.11267641116898,1.11973833212782e-06,8.52458326137036e-06,4.78132811105572,"REEP2","51308","receptor accessory protein 2","Down"
-1.6411511851004,6.89252892063272,-5.11225948706949,1.12179474739453e-06,8.53374430080702e-06,4.77955562241814,"OTUD3","23252","OTU deubiquitinase 3","Down"
2.2674550277113,5.63241577646858,5.11188598239253,1.12364012437401e-06,8.54453362537091e-06,4.7779678058367,"LOC101930322","101930322","multidrug resistance-associated protein 6-like","Up"
-1.55826761301177,4.60685265431485,-5.1108850054871,1.12860024025127e-06,8.57899126394645e-06,4.77371290166607,"RASIP1","54922","Ras interacting protein 1","Down"
1.32649922590871,8.61779769308352,5.10879861969593,1.13900745850408e-06,8.65152703959419e-06,4.76484596336744,"PGM3","5238","phosphoglucomutase 3","Up"
2.88414637367311,9.05139345140106,5.10823480759437,1.14183583570512e-06,8.66971899998189e-06,4.76245022690476,"LMNB1","4001","lamin B1","Up"
1.29627502813485,5.80629802533083,5.10609570440883,1.15262900044175e-06,8.74834916989307e-06,4.75336239172884,"SENP1","29843","SUMO1/sentrin specific peptidase 1","Up"
-1.25313415213117,3.82370001603698,-5.10580565088867,1.15410013249793e-06,8.75619315543649e-06,4.7521303126876,"ACOT4","122970","acyl-CoA thioesterase 4","Down"
1.24951281268461,11.5341840627664,5.10553459471125,1.15547656311012e-06,8.76331296366343e-06,4.75097897170884,"CHSY1","22856","chondroitin sulfate synthase 1","Up"
1.76589841929092,8.99105201444172,5.10424558392272,1.16204409077989e-06,8.80978254044461e-06,4.74550430944134,"REC8","9985","REC8 meiotic recombination protein","Up"
1.43781206390697,5.44884744394941,5.10317740281415,1.16751400407229e-06,8.8478987422251e-06,4.74096824347418,"STAT5A","6776","signal transducer and activator of transcription 5A","Up"
-4.11060325316075,4.00786789778195,-5.1012168578945,1.17761878922187e-06,8.91772108855483e-06,4.73264435946791,"ADCYAP1","116","adenylate cyclase activating polypeptide 1","Down"
-1.76498704756752,11.3945274748815,-5.10063035977464,1.18065814622221e-06,8.93735434410437e-06,4.73015467606273,"UCHL1","7345","ubiquitin C-terminal hydrolase L1","Down"
-2.67769592435128,7.23353652893592,-5.09980587770454,1.18494369944834e-06,8.96301270127144e-06,4.7266550715443,"PRKAG2-AS1","100505483","PRKAG2 antisense RNA 1","Down"
-2.67190161401585,4.66156936966385,-5.09746783690534,1.19717904178123e-06,9.04530252602607e-06,4.71673303754105,"CACNA1D","776","calcium voltage-gated channel subunit alpha1 D","Down"
-2.89588623045076,6.20106577034047,-5.0956097367004,1.20699038050263e-06,9.11598963484939e-06,4.70884989416902,"LGI4","163175","leucine rich repeat LGI family member 4","Down"
1.10063231308539,9.95975484398692,5.09516879742081,1.20933013819779e-06,9.12332883669803e-06,4.70697945231486,"ACVR1","90","activin A receptor type 1","Up"
-1.81965405187515,9.61306244878456,-5.08887108291949,1.24323334481838e-06,9.3755633357638e-06,4.680276574415,"YPEL2","388403","yippee like 2","Down"
-1.28571908204905,3.3107747221813,-5.08844817589393,1.2455428751294e-06,9.38944095806851e-06,4.67848419478583,"THEMIS","387357","thymocyte selection associated","Down"
1.00310019521511,9.77017186244272,5.08730070250996,1.25183037424173e-06,9.42618377773969e-06,4.67362142976439,"NUP62","23636","nucleoporin 62","Up"
-1.97567293963071,9.6990160316797,-5.08162932290977,1.28336263826726e-06,9.6527204149673e-06,4.64959793033869,"SHTN1","57698","shootin 1","Down"
-2.79873601605227,7.03345074808787,-5.08111421366107,1.28626457671537e-06,9.6709114567247e-06,4.64741685069097,"ZNF204P","7754","zinc finger protein 204, pseudogene","Down"
-4.2923159580766,4.51217140283402,-5.08081308502657,1.28796398224581e-06,9.68005086130425e-06,4.64614187743036,"LINGO2","158038","leucine rich repeat and Ig domain containing 2","Down"
-1.25952555375983,4.18571257518479,-5.08027704398455,1.29099451238096e-06,9.69918408156437e-06,4.64387241336135,"BORCS6","54785","BLOC-1 related complex subunit 6","Down"
2.36512875952589,7.55212486944018,5.08011061275651,1.2919368488858e-06,9.70262032119303e-06,4.64316781739589,"SFN","2810","stratifin","Up"
-2.55419337254175,6.64327027651834,-5.0792098599115,1.29704855162527e-06,9.73735473634777e-06,4.63935469550846,"GALNT18","374378","polypeptide N-acetylgalactosaminyltransferase 18","Down"
1.2762366284526,4.75489361778959,5.0787759157953,1.29951816941539e-06,9.7522355647013e-06,4.63751785706393,"POLM","27434","DNA polymerase mu","Up"
-1.26767819267897,5.47622170329012,-5.07694256960256,1.31000251051737e-06,9.82678547659198e-06,4.62975865162671,"TBC1D25","4943","TBC1 domain family member 25","Down"
1.83014649653898,5.16395989775432,5.07512785722887,1.3204613188275e-06,9.8945579047872e-06,4.62208014223908,"DZIP1L","199221","DAZ interacting zinc finger protein 1 like","Up"
1.89389409616981,7.48286486755521,5.07273266793046,1.33439006409572e-06,9.99518607726059e-06,4.61194828035401,"CTBS","1486","chitobiase","Up"
1.42347086872241,10.6812398592934,5.07232027436307,1.3368026375968e-06,1.00095098691613e-05,4.61020414001976,"HDAC1","3065","histone deacetylase 1","Up"
1.9019710203524,6.20445580143787,5.07000402956916,1.35043212594739e-06,1.01039998294052e-05,4.60040977410592,"KCTD11","147040","potassium channel tetramerization domain containing 11","Up"
-1.18355302657936,7.43155924977503,-5.06483010912838,1.38136710778393e-06,1.03238743838002e-05,4.5785423213888,"MKL1","57591","megakaryoblastic leukemia (translocation) 1","Down"
-3.33574638808882,9.19487806288751,-5.06224647498996,1.3970717006654e-06,1.04350505059682e-05,4.56762821598917,"NAP1L2","4674","nucleosome assembly protein 1 like 2","Down"
1.20854432854385,9.59556660182083,5.06094768405479,1.40503185150163e-06,1.04889821839526e-05,4.56214310406694,"SMC5","23137","structural maintenance of chromosomes 5","Up"
1.37637361342471,9.80853114839349,5.06023392868053,1.40942514896891e-06,1.05178548882585e-05,4.55912913961947,"TDG","6996","thymine DNA glycosylase","Up"
2.16921152687449,6.46174295306219,5.05981050477123,1.41203771399276e-06,1.05334222758587e-05,4.55734128745139,"PYCARD","29108","PYD and CARD domain containing","Up"
-1.14744390813288,7.67749078639166,-5.05935727993074,1.41483937320866e-06,1.05503881251531e-05,4.55542771517917,"ALKBH6","84964","alkB homolog 6","Down"
3.24116348180637,6.45222894526775,5.0572755697823,1.42777730113629e-06,1.06428988315327e-05,4.54663994024508,"C1orf226","400793","chromosome 1 open reading frame 226","Up"
-2.99283775345201,3.30185681742456,-5.05586448684387,1.43661261465876e-06,1.0704770421407e-05,4.540684535759,"VSTM2A-OT1","285878","VSTM2A overlapping transcript 1","Down"
1.74228656984076,9.88697638304308,5.05353443711164,1.45131845769312e-06,1.08103232997268e-05,4.53085310350889,"NHSL1","57224","NHS like 1","Up"
2.00788445422248,12.081068088415,5.0525048509904,1.45786312062392e-06,1.08550306863873e-05,4.52650982156209,"SOX4","6659","SRY-box 4","Up"
2.88801071086949,11.0007976962139,5.05216581641407,1.4600245022842e-06,1.08670796938988e-05,4.52507974231199,"IGFBP2","3485","insulin like growth factor binding protein 2","Up"
1.15776488260085,6.79351702466325,5.05092995880064,1.4679296457497e-06,1.09218551217978e-05,4.51986732240038,"TRIP11","9321","thyroid hormone receptor interactor 11","Up"
1.91241988955647,7.22448255971444,5.04498125368142,1.50656659902547e-06,1.11885218807359e-05,4.49478965011747,"KDELC1","79070","KDEL motif containing 1","Up"
-2.92562233065201,7.16865153495935,-5.04328533567439,1.51776160630593e-06,1.12674792049583e-05,4.48764386427156,"PLCL1","5334","phospholipase C like 1","Down"
1.36832319330906,9.55423343253497,5.04226063291485,1.52456498704123e-06,1.13137877209695e-05,4.48332703566279,"DONSON","29980","downstream neighbor of SON","Up"
1.10594618831032,10.9752595524467,5.04129542280331,1.53100049374078e-06,1.13573329174163e-05,4.47926137143499,"ARHGAP12","94134","Rho GTPase activating protein 12","Up"
-1.11842026943716,11.5251922977728,-5.04065722595921,1.53527015098579e-06,1.13847849928735e-05,4.47657344023064,"ACSL3","2181","acyl-CoA synthetase long-chain family member 3","Down"
-1.96072257658725,7.39790296092473,-5.03944231314651,1.54343017379226e-06,1.14368175878006e-05,4.47145714902183,"KIAA1462","57608","KIAA1462","Down"
1.33183837465601,8.36719562772059,5.03565886675981,1.56911298864974e-06,1.16185209340915e-05,4.45552942495146,"KDM6A","7403","lysine demethylase 6A","Up"
-4.73777965545649,7.51563933742231,-5.03353982980823,1.58367851368734e-06,1.17176982334847e-05,4.44661210267764,"KCNQ2","3785","potassium voltage-gated channel subfamily Q member 2","Down"
-1.58762886174727,9.17282988514521,-5.03155837255089,1.59741725940615e-06,1.18106160786914e-05,4.43827601476183,"MRAS","22808","muscle RAS oncogene homolog","Down"
-2.78204224233774,3.3523148493487,-5.031347723529,1.59888462470731e-06,1.18170981479568e-05,4.4373899331612,"FREM3","166752","FRAS1 related extracellular matrix 3","Down"
-1.1113469820599,9.23195354382124,-5.02932700962611,1.61302752147985e-06,1.19172236418934e-05,4.42889119144026,"MECP2","4204","methyl-CpG binding protein 2","Down"
-2.03118197857956,8.23877888930503,-5.02546429081927,1.64040181788182e-06,1.21105236791002e-05,4.41265168663363,"NBL1","4681","neuroblastoma 1, DAN family BMP antagonist","Down"
-1.21132652471986,10.0119999358267,-5.02345163961268,1.65484351891944e-06,1.22126352943642e-05,4.40419348262242,"MAPRE2","10982","microtubule associated protein RP/EB family member 2","Down"
1.52959880186732,9.17320414423207,5.02313522768222,1.65712513629005e-06,1.22249640861929e-05,4.40286396215226,"MBD6","114785","methyl-CpG binding domain protein 6","Up"
-1.05740801046042,7.77173524348089,-5.02282325064354,1.65937776848631e-06,1.22370700383729e-05,4.40155313145589,"FAHD2A","51011","fumarylacetoacetate hydrolase domain containing 2A","Down"
1.47913896521078,9.09238212108083,5.02102215439768,1.67244092057189e-06,1.23288598002512e-05,4.39398655102234,"YEATS4","8089","YEATS domain containing 4","Up"
1.5388379980447,8.3315199528355,5.02076011022056,1.67434981025956e-06,1.23383855078685e-05,4.39288582956123,"SIN3A","25942","SIN3 transcription regulator family member A","Up"
1.02440067461873,10.0662995846208,5.01956928261826,1.68305124416802e-06,1.23979404425882e-05,4.38788422124929,"SNRPA","6626","small nuclear ribonucleoprotein polypeptide A","Up"
2.9294857866921,7.79352859199154,5.01845997099299,1.69119658018014e-06,1.24487748269551e-05,4.38322570492675,"IRX3","79191","iroquois homeobox 3","Up"
-1.4399573669835,5.84582409976337,-5.01519474682908,1.71539517786835e-06,1.26176144572104e-05,4.36951751638304,"VCPIP1","80124","valosin containing protein interacting protein 1","Down"
2.03475496064392,5.23561504298722,5.01481901804952,1.71820120802338e-06,1.26336095438897e-05,4.3679405015872,"BORA","79866","bora, aurora kinase A activator","Up"
-1.35364204424911,4.18365656381426,-5.01465185924314,1.71945102273937e-06,1.26381545231251e-05,4.36723892547881,"SLC26A4","5172","solute carrier family 26 member 4","Down"
-1.64615199495273,6.4390422004029,-5.01320270533275,1.73032317921603e-06,1.27133954633034e-05,4.36115739256007,"RHOBTB2","23221","Rho related BTB domain containing 2","Down"
-1.67413712356286,7.08573356906266,-5.01285610281322,1.73293342269189e-06,1.27278997752557e-05,4.35970301202442,"TRIM46","80128","tripartite motif containing 46","Down"
-4.0641079183883,8.32930352382923,-5.01182718663802,1.74070469927739e-06,1.27802858416304e-05,4.35538596948978,"STMN4","81551","stathmin 4","Down"
1.28199899372787,10.3953487924533,5.01127723827017,1.74487227366897e-06,1.28061847319498e-05,4.35307878501924,"WASF2","10163","WAS protein family member 2","Up"
-3.51124247179645,7.92770220153112,-5.0110071620137,1.74692249360564e-06,1.2816530373879e-05,4.35194580318389,"MIAT","440823","myocardial infarction associated transcript (non-protein coding)","Down"
-1.02353165702729,9.95216617690858,-5.01008525920357,1.75393855590004e-06,1.28585740886377e-05,4.34807868904844,"SGSM2","9905","small G protein signaling modulator 2","Down"
-3.74844412457015,7.45976105256911,-5.00727119034005,1.77552462505474e-06,1.30025333724269e-05,4.33627744498055,"SLC25A18","83733","solute carrier family 25 member 18","Down"
-1.19089213148587,10.7636343056805,-5.00695847197129,1.77793929868464e-06,1.30154524510734e-05,4.3349662859457,"ARMCX5-GPRASP2","100528062","ARMCX5-GPRASP2 readthrough","Down"
-1.71017919370684,5.14457104454373,-5.00380851098666,1.80244061402031e-06,1.3189988794698e-05,4.32176226492781,"NPPA","4878","natriuretic peptide A","Down"
-2.33454337416154,4.16465961250254,-5.00307090891141,1.80822514790367e-06,1.32274809996742e-05,4.3186711883546,"BEAN1","146227","brain expressed, associated with NEDD4, 1","Down"
-1.68799615602058,4.84291099582053,-5.00289559930931,1.8096026389966e-06,1.32327192976626e-05,4.31793656167611,"CACNB1","782","calcium voltage-gated channel auxiliary subunit beta 1","Down"
-1.96478799691052,3.79252490068408,-5.00272303377217,1.81095956480692e-06,1.32378034392006e-05,4.31721345077928,"BMPER","168667","BMP binding endothelial regulator","Down"
-2.35433133513136,5.98008269263325,-5.00241157307452,1.81341116170896e-06,1.3250882802159e-05,4.3159083622811,"PPARGC1B","133522","PPARG coactivator 1 beta","Down"
1.11408060619573,7.17427280788148,5.00117408959301,1.82318366092417e-06,1.33174280774406e-05,4.31072357552487,"INVS","27130","inversin","Up"
3.1580382560808,5.33198774762538,4.99962945876526,1.8354535685282e-06,1.34021604180816e-05,4.30425311887635,"OIP5","11339","Opa interacting protein 5","Up"
1.10336901579506,8.77622981515402,4.99822118145767,1.84671026017408e-06,1.3479435306568e-05,4.29835501893306,"TBC1D1","23216","TBC1 domain family member 1","Up"
2.09569040237882,9.75003637940426,4.99763932233069,1.85138076078827e-06,1.35085976955109e-05,4.29591842242419,"ANXA2P2","304","annexin A2 pseudogene 2","Up"
-4.73399262351427,6.35808378100225,-4.99604342853946,1.86424977824732e-06,1.35975374820978e-05,4.28923642873475,"RIT2","6014","Ras like without CAAX 2","Down"
-1.42611904241769,10.8977622543205,-4.99456150841662,1.87627755362177e-06,1.36802787956672e-05,4.28303292830672,"C16orf45","89927","chromosome 16 open reading frame 45","Down"
1.58586624325378,6.66001079003669,4.99431203903723,1.87830973635386e-06,1.36901067013594e-05,4.28198874057221,"CEP162","22832","centrosomal protein 162","Up"
2.12146189953064,7.55714646011367,4.99376571583569,1.88276757123656e-06,1.37176004361726e-05,4.2797021538066,"NUAK2","81788","NUAK family kinase 2","Up"
-1.15329803652854,8.72751839474089,-4.98970235003354,1.91624760350001e-06,1.39412239284454e-05,4.26270058802918,"FXR2","9513","FMR1 autosomal homolog 2","Down"
-2.41913478107903,2.91759181751586,-4.98951110664899,1.91783752444701e-06,1.39477191390808e-05,4.26190063461318,"GPAT2","150763","glycerol-3-phosphate acyltransferase 2, mitochondrial","Down"
-1.2411692334482,6.10050282459249,-4.98832006339825,1.92776827454438e-06,1.40114325714838e-05,4.25691907579099,"RASSF7","8045","Ras association domain family member 7","Down"
-2.35354356097712,4.34440473554485,-4.98570339522842,1.94976149471126e-06,1.41644437998141e-05,4.24597763186692,"ALDH8A1","64577","aldehyde dehydrogenase 8 family member A1","Down"
-3.61061557178876,3.31291071382385,-4.98413048343712,1.96309902754715e-06,1.42561605241872e-05,4.23940245677181,"ARX","170302","aristaless related homeobox","Down"
1.24573676377923,6.78378094450485,4.9822665735292,1.97901888964199e-06,1.43665569394293e-05,4.23161264665436,"CTNS","1497","cystinosin, lysosomal cystine transporter","Up"
-4.33604683896352,4.61911680026361,-4.98114772165566,1.9886353091389e-06,1.44258979803996e-05,4.22693759038226,"CPNE6","9362","copine 6","Down"
-2.46859796734813,6.89671521348965,-4.98077240806371,1.99187125054435e-06,1.44441348712e-05,4.22536952347519,"LOC100507165","100507165","uncharacterized LOC100507165","Down"
-3.08679449951322,7.3297039458742,-4.98035242552159,1.99549839264627e-06,1.44651943266934e-05,4.22361492343442,"LOC100288911","100288911","uncharacterized LOC100288911","Down"
1.08283921402149,7.35700228894183,4.97816720889293,2.01447464044714e-06,1.45921774552592e-05,4.21448715285388,"ORC2","4999","origin recognition complex subunit 2","Up"
-2.66845444886299,6.46747271020201,-4.97774786805735,2.01813616250822e-06,1.46134094112566e-05,4.21273585229892,"STEAP2","261729","STEAP2 metalloreductase","Down"
1.07951557069901,9.59830019823917,4.97747678704678,2.02050657763039e-06,1.46199909940872e-05,4.21160378488618,"ZNF140","7699","zinc finger protein 140","Up"
1.28749361171453,8.48589545345195,4.9768807608884,2.02572792953102e-06,1.4648402507675e-05,4.20911485323981,"E2F6","1876","E2F transcription factor 6","Up"
1.50399490446975,4.10848172811154,4.97686143796515,2.02589742283884e-06,1.4648402507675e-05,4.20903416646645,"CCDC125","202243","coiled-coil domain containing 125","Up"
2.08717116725956,5.47222089432651,4.97649165964596,2.02914363342719e-06,1.46665739429111e-05,4.20749012308276,"NAIP","4671","NLR family apoptosis inhibitory protein","Up"
-1.3205044088286,3.37725584378266,-4.97540466414458,2.03871544453435e-06,1.47251190970392e-05,4.20295172204916,"CCBE1","147372","collagen and calcium binding EGF domains 1","Down"
-3.45964363307213,8.0845169094416,-4.97377870372168,2.05311518962668e-06,1.48184255407146e-05,4.19616429600223,"NMNAT2","23057","nicotinamide nucleotide adenylyltransferase 2","Down"
1.95690534706679,11.3277016848915,4.9734524459119,2.05601645752686e-06,1.48300238967593e-05,4.19480254256606,"GNG12","55970","G protein subunit gamma 12","Up"
1.00697090229427,12.1440201424317,4.9734312992591,2.05620464285552e-06,1.48300238967593e-05,4.19471428154446,"CTNNA1","1495","catenin alpha 1","Up"
-2.5107056608054,7.96436497405385,-4.97277178827708,2.06208207786005e-06,1.48616988947212e-05,4.1919617692639,"MACROD2","140733","MACRO domain containing 2","Down"
1.33402834864345,10.5824548377909,4.96913672162395,2.09477118516288e-06,1.50809957184432e-05,4.1767950081655,"REV3L","5980","REV3 like, DNA directed polymerase zeta catalytic subunit","Up"
1.34797079321834,9.65780282444917,4.96779052201187,2.10700446875494e-06,1.51581583625962e-05,4.17118009837082,"FAM76B","143684","family with sequence similarity 76 member B","Up"
4.75362830220131,7.07663521363385,4.96694118307478,2.11475832363395e-06,1.52084722433302e-05,4.16763809103035,"C11orf70","85016","chromosome 11 open reading frame 70","Up"
-1.03439221892965,7.15730031318639,-4.96668487922503,2.11710363401614e-06,1.52198679143949e-05,4.16656930477639,"PVR","5817","poliovirus receptor","Down"
1.00852920363386,9.59369718987994,4.96470134686239,2.13533961069873e-06,1.53454524393856e-05,4.15829924271563,"ZNF432","9668","zinc finger protein 432","Up"
1.25517443218224,5.95188500771018,4.96453942580945,2.13683498116403e-06,1.53506849077734e-05,4.15762423410037,"ZNF624","57547","zinc finger protein 624","Up"
-1.00709525410375,8.78798521204213,-4.96320209355648,2.14922445028765e-06,1.54341470125287e-05,4.15204979805789,"EXOC6B","23233","exocyst complex component 6B","Down"
-1.3243512160699,10.8667100159631,-4.95986015471284,2.18049110932664e-06,1.5647448215315e-05,4.13812395396406,"YPEL3","83719","yippee like 3","Down"
1.54641100967054,6.39673410556325,4.95908586699585,2.18779802781996e-06,1.56942542641069e-05,4.13489840676147,"PCAT6","100506696","prostate cancer associated transcript 6 (non-protein coding)","Up"
2.23409935094076,7.57585418216621,4.95625235134574,2.21474113301583e-06,1.58818372215942e-05,4.12309738439658,"MFNG","4242","MFNG O-fucosylpeptide 3-beta-N-acetylglucosaminyltransferase","Up"
1.84627079599212,12.5035663512373,4.95469114322767,2.22972365731291e-06,1.59835475499317e-05,4.11659721946442,"MSN","4478","moesin","Up"
-3.31867534244011,6.67017681704059,-4.95326622458852,2.24348415053803e-06,1.6076428151796e-05,4.11066571381076,"DUSP26","78986","dual specificity phosphatase 26 (putative)","Down"
2.34292082441735,8.81155732677858,4.95105830895934,2.2649691547712e-06,1.62129652520599e-05,4.10147711298009,"C1QTNF5","114902","C1q and tumor necrosis factor related protein 5","Up"
2.2618425499547,11.5050070136427,4.94940649074002,2.28117338627098e-06,1.63231172886708e-05,4.09460461888524,"ANXA2","302","annexin A2","Up"
1.47158352880696,9.76353223724284,4.94740773244405,2.30093168102841e-06,1.64527305726717e-05,4.08629073875136,"TGFBR2","7048","transforming growth factor beta receptor 2","Up"
1.31945582727482,9.20679403015562,4.94482192325663,2.32673989697647e-06,1.66253875424315e-05,4.075538388306,"SCRIB","23513","scribbled planar cell polarity protein","Up"
2.60579711067566,9.2366358631087,4.94239462660353,2.35122173641486e-06,1.67883273663284e-05,4.06544863938209,"HEY2","23493","hes related family bHLH transcription factor with YRPW motif 2","Up"
4.20937010813412,6.7450855406426,4.94060751856376,2.36940632058593e-06,1.69121342333081e-05,4.05802216682411,"IGF2BP3","10643","insulin like growth factor 2 mRNA binding protein 3","Up"
1.16769401424036,10.8723054777779,4.93987848480248,2.37686370988968e-06,1.69532663970634e-05,4.05499313174927,"SQLE","6713","squalene epoxidase","Up"
-1.24468173094346,6.4915210943142,-4.93742286497563,2.40215066816313e-06,1.71153235106623e-05,4.04479260328735,"ARRB1","408","arrestin beta 1","Down"
-1.96372241264767,5.92902272775852,-4.93656164716318,2.41108086254967e-06,1.71728354635213e-05,4.04121596169024,"NYAP1","222950","neuronal tyrosine phosphorylated phosphoinositide-3-kinase adaptor 1","Down"
-1.2628176033173,8.13446363342686,-4.9295745973007,2.4847330369473e-06,1.7668972403575e-05,4.01221439561613,"MPP1","4354","membrane palmitoylated protein 1","Down"
1.53684990695759,7.44730702759497,4.92827248680852,2.49869834591146e-06,1.7752680699025e-05,4.00681273698532,"PDSS1","23590","prenyl (decaprenyl) diphosphate synthase, subunit 1","Up"
2.7253601630641,8.74150399694172,4.9282720636778,2.49870289640897e-06,1.7752680699025e-05,4.00681098183304,"MCUB","55013","mitochondrial calcium uniporter dominant negative beta subunit","Up"
-1.60898514417903,10.3648670504217,-4.92747769988506,2.5072599689745e-06,1.78071530703844e-05,4.00351613034676,"USP46","64854","ubiquitin specific peptidase 46","Down"
-1.05412047962505,4.71368780462207,-4.92646874434108,2.51816970583696e-06,1.78719479619298e-05,3.9993317193247,"KANK3","256949","KN motif and ankyrin repeat domains 3","Down"
2.08134349533957,8.86594757355118,4.92576617583527,2.52579371885642e-06,1.7919700330908e-05,3.99641832261659,"SPRY1","10252","sprouty RTK signaling antagonist 1","Up"
1.01662148142531,8.14108196463071,4.92536239845183,2.53018549838945e-06,1.79444953088542e-05,3.99474407484523,"BCL7C","9274","BCL tumor suppressor 7C","Up"
1.80165092136968,8.73823411015343,4.92352908808497,2.55021936552702e-06,1.80737650889476e-05,3.9871434978165,"FBXO5","26271","F-box protein 5","Up"
-1.14219497195431,3.6589384261997,-4.9226144119141,2.56027218019144e-06,1.81321647819788e-05,3.98335213460081,"CKMT2","1160","creatine kinase, mitochondrial 2","Down"
2.50284525526226,5.9336682844887,4.92234719709969,2.56321627898371e-06,1.81465916821044e-05,3.98224461085927,"ELF4","2000","E74 like ETS transcription factor 4","Up"
-1.79754048271552,7.28380761099864,-4.91689800572649,2.62397595966409e-06,1.85471624231732e-05,3.95966831557365,"LOC101929232","101929232","uncharacterized LOC101929232","Down"
-2.88804636328515,6.84962684029308,-4.91685754537499,2.62443228969877e-06,1.85471624231732e-05,3.9595007499009,"ADAM23","8745","ADAM metallopeptidase domain 23","Down"
-2.74771629492038,7.60893307756692,-4.91663220907613,2.6269751435844e-06,1.8558577576869e-05,3.95856754168085,"SEPT6","23157","septin 6","Down"
-1.11751377779705,7.56582497344598,-4.91544535981059,2.64040791730537e-06,1.86468906464979e-05,3.95365280301166,"SMURF1","57154","SMAD specific E3 ubiquitin protein ligase 1","Down"
1.42266814003181,10.9881498413215,4.91362807922121,2.66110523598551e-06,1.87864264136775e-05,3.94612901874266,"LIMS4","100288695","LIM zinc finger domain containing 4","Up"
1.83608305903464,6.55993930074834,4.91312335148333,2.66688155832709e-06,1.88139278340797e-05,3.9440397152858,"MIPEP","4285","mitochondrial intermediate peptidase","Up"
4.22765564032939,8.90964006145207,4.91247464953129,2.67432346218417e-06,1.88597777609865e-05,3.9413546504726,"ECM2","1842","extracellular matrix protein 2","Up"
-1.00172609856753,9.86670972265964,-4.9118110493386,2.68195713751373e-06,1.89069473045233e-05,3.93860817015719,"TSC1","7248","tuberous sclerosis 1","Down"
1.66497917526838,8.00864817628178,4.91163115772258,2.68403014909296e-06,1.89148965103567e-05,3.93786368599273,"SLC38A6","145389","solute carrier family 38 member 6","Up"
-1.03859033152742,3.78619516900225,-4.91017405431897,2.70087875286014e-06,1.90269300029834e-05,3.93183412743411,"HTR7","3363","5-hydroxytryptamine receptor 7","Down"
1.85889219890624,7.97478586091917,4.90799762112605,2.72623639152094e-06,1.9185301261048e-05,3.92283022476912,"ZEB1-AS1","220930","ZEB1 antisense RNA 1","Up"
-3.37266314106371,6.63935775465805,-4.90556401223049,2.75486409355976e-06,1.93799458227321e-05,3.91276561460473,"CSMD1","64478","CUB and Sushi multiple domains 1","Down"
-1.81982115140802,8.65202204647775,-4.90470349620479,2.76505641948687e-06,1.94379774366387e-05,3.90920761785209,"MAST4","375449","microtubule associated serine/threonine kinase family member 4","Down"
1.08322484641815,11.0055450136408,4.90369465140377,2.77705223280647e-06,1.95154492524619e-05,3.90503686551946,"TWF1","5756","twinfilin actin binding protein 1","Up"
1.20304331934181,9.61528462673367,4.90328712971376,2.78191223900845e-06,1.95422709993318e-05,3.90335226117625,"CEP57","9702","centrosomal protein 57","Up"
1.03926523019335,9.09621528101544,4.90321087793252,2.78282251597422e-06,1.95422709993318e-05,3.90303706383832,"DNTTIP1","116092","deoxynucleotidyltransferase terminal interacting protein 1","Up"
1.66403443178941,7.55495839637083,4.90297807282709,2.78560348128224e-06,1.95549364386013e-05,3.90207475229669,"TMED7-TICAM2","100302736","TMED7-TICAM2 readthrough","Up"
3.8010543733048,7.51299211374888,4.90160576062675,2.80205128991399e-06,1.96566059457606e-05,3.89640286578797,"TMEM45A","55076","transmembrane protein 45A","Up"
2.55331822426272,5.11873539905124,4.90039596432845,2.81662942202036e-06,1.9745026225074e-05,3.89140357185769,"PABPC4L","132430","poly(A) binding protein cytoplasmic 4 like","Up"
2.23451319835786,10.3941153884274,4.89931474279028,2.82972049732616e-06,1.9829301285746e-05,3.88693630697299,"GAS1","2619","growth arrest specific 1","Up"
-5.02677219088225,6.76132126959888,-4.89923951689683,2.83063350187888e-06,1.9829301285746e-05,3.88662552249001,"CXCL14","9547","C-X-C motif chemokine ligand 14","Down"
-1.01632239450349,8.50755088267941,-4.89849845364676,2.83964296308649e-06,1.9885452139472e-05,3.88356410535963,"AGK","55750","acylglycerol kinase","Down"
1.98698365254345,6.29286331705302,4.89652850428533,2.86372812754369e-06,2.00470988970492e-05,3.87542755910743,"LINC00467","84791","long intergenic non-protein coding RNA 467","Up"
2.48183212140776,5.8862049773303,4.89445652913343,2.88927461134892e-06,2.02188587440566e-05,3.8668720283583,"FGF14-AS2","283481","FGF14 antisense RNA 2","Up"
-1.5785654198125,7.38474579058533,-4.89404014461209,2.89443506234925e-06,2.02478889134341e-05,3.8651530062674,"EML2","24139","echinoderm microtubule associated protein like 2","Down"
2.30892499813899,6.32551994319787,4.89234441157117,2.91554363913055e-06,2.03813003452428e-05,3.85815329346805,"TACC3","10460","transforming acidic coiled-coil containing protein 3","Up"
-1.89693881863367,10.0589024837469,-4.89099327494528,2.93246953710742e-06,2.04853065743395e-05,3.85257720782607,"GNG7","2788","G protein subunit gamma 7","Down"
3.14425419765877,10.0833785593462,4.8883633017395,2.96568951491241e-06,2.07101396596344e-05,3.84172644034129,"PDPN","10630","podoplanin","Up"
1.97104815594306,6.64462764133337,4.88622940424563,2.9929115261013e-06,2.088565779655e-05,3.83292532437549,"TNFAIP8","25816","TNF alpha induced protein 8","Up"
-3.84180496842347,7.49093878474373,-4.88446397573946,3.0156161542963e-06,2.10367616453996e-05,3.82564592424703,"PHACTR3","116154","phosphatase and actin regulator 3","Down"
-4.03908325924281,5.67813797826491,-4.8836688648348,3.02589633757159e-06,2.11011181686284e-05,3.82236802836548,"KCNK3","3777","potassium two pore domain channel subfamily K member 3","Down"
2.68705981714977,7.46117432155314,4.8818148452864,3.04999968784022e-06,2.12617922489963e-05,3.81472613450858,"TSPAN11","441631","tetraspanin 11","Up"
1.63294027568863,7.29805101958485,4.880552385251,3.06651893314084e-06,2.13658318519506e-05,3.80952366808983,"PHF19","26147","PHD finger protein 19","Up"
1.23304772785576,9.66826199669089,4.88030698301283,3.06974007597901e-06,2.1377058719148e-05,3.8085124981261,"GRN","2896","granulin","Up"
-3.47171247024103,5.51831952434817,-4.88016219758579,3.07164206515439e-06,2.13828610986583e-05,3.80791593200575,"ATRNL1","26033","attractin like 1","Down"
1.11630771394063,4.65506278635722,4.88004104482044,3.07323448010121e-06,2.13833339078437e-05,3.80741674996764,"ZNF546","339327","zinc finger protein 546","Up"
-3.61767750996477,7.91566392156367,-4.8799944165279,3.07384756929868e-06,2.13833339078437e-05,3.8072246311035,"NPTX1","4884","neuronal pentraxin 1","Down"
-2.62711009599836,3.09378548403757,-4.87865612057159,3.09149474414149e-06,2.1498621948571e-05,3.80171109287879,"TAC3","6866","tachykinin 3","Down"
1.59183893914785,6.52052456831414,4.87690782049643,3.11469651394479e-06,2.16449229435545e-05,3.79450997454488,"TTF2","8458","transcription termination factor 2","Up"
2.51373224685963,8.49822135635651,4.87446810425729,3.14735670517625e-06,2.18642936112713e-05,3.78446392496453,"NMI","9111","N-myc and STAT interactor","Up"
-1.49628737962078,8.33650618762,-4.87437602360792,3.14859586292445e-06,2.18653097638075e-05,3.78408483091473,"GAREM1","64762","GRB2 associated regulator of MAPK1 subtype 1","Down"
-1.02556928871282,6.47695545271053,-4.87252179816046,3.17364972706476e-06,2.20316481920141e-05,3.77645207107916,"PPP1R37","284352","protein phosphatase 1 regulatory subunit 37","Down"
3.56931280769105,6.58502938766751,4.86814527671687,3.23355375375862e-06,2.24247846092575e-05,3.75844440663827,"F2RL1","2150","F2R like trypsin receptor 1","Up"
-1.89220707984097,10.9448374659514,-4.86813878605903,3.23364340469374e-06,2.24247846092575e-05,3.75841770839032,"WASF1","8936","WAS protein family member 1","Down"
-3.35670241878922,6.64724007976781,-4.8643472763748,3.28642712164116e-06,2.27750424048059e-05,3.7428261418644,"CELF3","11189","CUGBP, Elav-like family member 3","Down"
2.56957497491255,5.59893721805503,4.86409877450642,3.28991569043405e-06,2.27913238291253e-05,3.74180453621793,"DEPDC1","55635","DEP domain containing 1","Up"
2.12523344969533,6.19085666030746,4.86287970056468,3.30708164602445e-06,2.28943884055402e-05,3.7367933721765,"ZNF367","195828","zinc finger protein 367","Up"
1.18106641290388,8.46636755680402,4.86209269055916,3.31820976848691e-06,2.29634807464952e-05,3.73355872273457,"RFC2","5982","replication factor C subunit 2","Up"
1.4766360613046,9.58792647574515,4.86157857423148,3.32549885039085e-06,2.29959229667128e-05,3.73144587405142,"MDM1","56890","Mdm1 nuclear protein","Up"
1.0714040516305,8.21103803296923,4.86153279683421,3.32614862964665e-06,2.29959229667128e-05,3.73125775148569,"ABCB7","22","ATP binding cassette subfamily B member 7","Up"
-4.5752779259148,5.46082465726249,-4.86145455696097,3.3272594769985e-06,2.29959229667128e-05,3.7309362269467,"VSTM2A","222008","V-set and transmembrane domain containing 2A","Down"
1.01845365374832,10.8825700240972,4.86143795579698,3.32749522610254e-06,2.29959229667128e-05,3.73086800539214,"SNX18","112574","sorting nexin 18","Up"
-2.19821822167607,3.03744260400278,-4.85914424044266,3.360223984488e-06,2.31980680668225e-05,3.72144365145324,"NDST3","9348","N-deacetylase and N-sulfotransferase 3","Down"
-2.49395994746871,11.5225585812841,-4.85846567695632,3.36996603924452e-06,2.32332565634615e-05,3.71865617527391,"CAMK2N1","55450","calcium/calmodulin dependent protein kinase II inhibitor 1","Down"
1.80213803722235,10.3314346060049,4.85486974227049,3.42205150722745e-06,2.35760965926652e-05,3.70388888034277,"ETS1","2113","ETS proto-oncogene 1, transcription factor","Up"
1.03389554524161,9.58310176864823,4.8544622024387,3.42800356846651e-06,2.36089732854766e-05,3.70221572620596,"SMARCAD1","56916","SWI/SNF-related, matrix-associated actin-dependent regulator of chromatin, subfamily a, containing DEAD/H box 1","Up"
-2.93086102636312,5.0804234998655,-4.85162668507528,3.46969478049014e-06,2.38878814429684e-05,3.69057719238028,"LINC00643","646113","long intergenic non-protein coding RNA 643","Down"
-3.81981177492564,4.97847222371899,-4.85075140760412,3.48266321508072e-06,2.39689174214379e-05,3.68698551508376,"UNC5C","8633","unc-5 netrin receptor C","Down"
1.25103618296817,8.67645114417136,4.85021822358552,3.49058609646701e-06,2.40151843301291e-05,3.68479782781856,"DHRS1","115817","dehydrogenase/reductase 1","Up"
-2.59707620164655,4.7552404312542,-4.8495557538364,3.50045446502702e-06,2.40665266260466e-05,3.6820799040124,"FAM133A","286499","family with sequence similarity 133 member A","Down"
-1.03271813869994,10.4485615942831,-4.84909514632647,3.50733176963329e-06,2.41055261817428e-05,3.68019031400451,"KLF13","51621","Kruppel like factor 13","Down"
-2.25324455581776,9.6107600948658,-4.8489612812242,3.50933295855796e-06,2.41109974250924e-05,3.67964117082282,"MEF2C","4208","myocyte enhancer factor 2C","Down"
-2.351350533096,7.33862402757811,-4.84771527909892,3.52801301899901e-06,2.42222935751854e-05,3.67453030583983,"TTC9","23508","tetratricopeptide repeat domain 9","Down"
-2.31083574024648,4.88376284600538,-4.84763871010221,3.52916408115487e-06,2.42222935751854e-05,3.67421626383199,"CHSY3","337876","chondroitin sulfate synthase 3","Down"
-2.17256309015642,9.61981845661485,-4.84694665295234,3.5395843178035e-06,2.42854812915962e-05,3.67137799837905,"KIF5A","3798","kinesin family member 5A","Down"
1.04271244611538,10.2161286495322,4.84574771991651,3.55770720533292e-06,2.43930939194982e-05,3.66646159436688,"MSH6","2956","mutS homolog 6","Up"
-3.0043202693526,8.84937044471284,-4.84528936618206,3.56465936237646e-06,2.44305908111267e-05,3.66458226802344,"NEGR1","257194","neuronal growth regulator 1","Down"
-1.63131894071144,10.3438325323473,-4.84522621227613,3.56561829202228e-06,2.44305908111267e-05,3.6643233361429,"TIAM1","7074","T-cell lymphoma invasion and metastasis 1","Down"
2.35947776167225,6.96328688616834,4.84514334173608,3.56687697882798e-06,2.44308482421812e-05,3.66398356932309,"SNAI2","6591","snail family transcriptional repressor 2","Up"
-1.42323109034826,10.4861761130002,-4.84504035852869,3.56844174925573e-06,2.44332012585076e-05,3.66356134673321,"RABGAP1L","9910","RAB GTPase activating protein 1 like","Down"
-1.60867120661572,7.92361297811746,-4.84451595807002,3.57642004411815e-06,2.44794511880506e-05,3.66141144444984,"MAFG","4097","MAF bZIP transcription factor G","Down"
-1.27785456197101,6.25683349502965,-4.84439075833541,3.57832740546162e-06,2.44841300961254e-05,3.66089818260092,"FLJ20021","90024","uncharacterized LOC90024","Down"
1.42760842209658,7.82365539249343,4.84393230227906,3.58532020047298e-06,2.45235901712352e-05,3.65901879981727,"TIGD7","91151","tigger transposable element derived 7","Up"
-1.464861814052,2.95802215808751,-4.84284443942458,3.60196636740171e-06,2.46290297719091e-05,3.65455973425473,"TMEM74B","55321","transmembrane protein 74B","Down"
-1.66142652300323,7.42800742515686,-4.83952412231541,3.65323774241044e-06,2.49625435493189e-05,3.64095428543809,"STARD10","10809","StAR related lipid transfer domain containing 10","Down"
-2.2983127925787,7.60997560425195,-4.83868121246248,3.66636593884425e-06,2.50436952333414e-05,3.63750137328259,"PLA2G4C","8605","phospholipase A2 group IVC","Down"
-2.92819756057614,4.58485658110811,-4.83784640883389,3.67941297069714e-06,2.51242373053712e-05,3.63408207688507,"FOXQ1","94234","forkhead box Q1","Down"
-1.51629196096969,9.9322996963474,-4.83694560949501,3.69354194505702e-06,2.52121097559727e-05,3.63039292368745,"TSPAN5","10098","tetraspanin 5","Down"
-1.20486612648383,7.83426277891485,-4.83490043222395,3.7258160178586e-06,2.54064079990787e-05,3.62201882165652,"MTA3","57504","metastasis associated 1 family member 3","Down"
2.40151573647547,9.64212472766817,4.83463379449119,3.73004381282387e-06,2.54265712310621e-05,3.62092723758631,"MAD2L1","4085","MAD2 mitotic arrest deficient-like 1 (yeast)","Up"
2.79777081656226,6.44811900896521,4.83389251183784,3.741822014474e-06,2.54981720175686e-05,3.61789273058496,"AURKA","6790","aurora kinase A","Up"
-2.86452226491151,5.2012350615542,-4.83305234007019,3.75521506484457e-06,2.55807244815613e-05,3.61445380080605,"SYTL5","94122","synaptotagmin like 5","Down"
1.00349921481367,9.93770046981219,4.83176030333583,3.77590198064101e-06,2.5712890036312e-05,3.60916613636314,"STAG1","10274","stromal antigen 1","Up"
-1.1307276611484,9.50489077152444,-4.83132639920956,3.78287401342173e-06,2.57428436688872e-05,3.60739060150552,"TBPL1","9519","TATA-box binding protein like 1","Down"
1.24848119631946,8.62492675120704,4.83062710834127,3.79413659644918e-06,2.58107075434066e-05,3.60452933654719,"ZNF542P","147947","zinc finger protein 542, pseudogene","Up"
1.64385381473721,5.47331820665402,4.83040996431114,3.79764046842635e-06,2.58257623561543e-05,3.60364091386419,"RPEL1","729020","ribulose-5-phosphate-3-epimerase like 1","Up"
-1.12560370218673,11.3219158134994,-4.82963105064408,3.81023498073114e-06,2.58992949795326e-05,3.60045429506512,"PNMAL1","55228","paraneoplastic Ma antigen family like 1","Down"
-1.67572998679882,3.50860003038639,-4.82958120330985,3.81104235616254e-06,2.58992949795326e-05,3.60025037640532,"LOC389332","389332","uncharacterized LOC389332","Down"
2.13660939136562,9.81553135693615,4.82936423899093,3.81455845204233e-06,2.59143874193585e-05,3.59936282185686,"IGDCC4","57722","immunoglobulin superfamily DCC subclass member 4","Up"
1.50483418105424,7.70289212670207,4.82889869424448,3.82211362954869e-06,2.5956899995377e-05,3.59745847107356,"FYCO1","79443","FYVE and coiled-coil domain containing 1","Up"
3.2443985371472,5.41749518789166,4.82783610072738,3.83941251600079e-06,2.60589067033268e-05,3.59311231654025,"KIF15","56992","kinesin family member 15","Up"
-2.91709313302518,4.19373540756432,-4.82781609464742,3.83973893944157e-06,2.60589067033268e-05,3.5930304952483,"DRP2","1821","dystrophin related protein 2","Down"
-2.42595498879888,4.21485875052893,-4.82731787089935,3.84787674877403e-06,2.60964305466854e-05,3.59099292478326,"ADAMTS8","11095","ADAM metallopeptidase with thrombospondin type 1 motif 8","Down"
-1.38224814037239,2.3463644514968,-4.82538870479253,3.87954509317907e-06,2.62933803113935e-05,3.58310464497905,"GPR62","118442","G protein-coupled receptor 62","Down"
1.21369793498961,9.47734081723917,4.82309478789443,3.91753000084081e-06,2.65328445249905e-05,3.57372775359008,"EHMT1","79813","euchromatic histone lysine methyltransferase 1","Up"
2.48443013507489,6.8000713381029,4.82282702163477,3.92198736756233e-06,2.65540444205819e-05,3.57263340103144,"TIMELESS","8914","timeless circadian clock","Up"
-1.37296776431315,6.13503807365248,-4.82247301607941,3.92788786372379e-06,2.65760069291586e-05,3.57118665563985,"USP20","10868","ubiquitin specific peptidase 20","Down"
1.29734643313156,6.99233177923142,4.82204344691387,3.93505939883946e-06,2.66155285302843e-05,3.56943119656169,"SLC19A1","6573","solute carrier family 19 member 1","Up"
-3.25435157707726,7.88833247287604,-4.82123910914767,3.94852174408438e-06,2.66975581392011e-05,3.56614451515428,"KCNMB4","27345","potassium calcium-activated channel subfamily M regulatory beta subunit 4","Down"
-3.7998555929359,4.77791529597189,-4.82084079570658,3.95520490843637e-06,2.67337110145562e-05,3.56451706905657,"SEZ6","124925","seizure related 6 homolog","Down"
-1.28680481137975,2.20852409205704,-4.82061698197145,3.95896501342127e-06,2.67500888292872e-05,3.56360264217086,"EMX1","2016","empty spiracles homeobox 1","Down"
-1.18456694258133,3.05783258995965,-4.82045752001497,3.96164611269808e-06,2.67591673790515e-05,3.56295115272132,"SLC35F4","341880","solute carrier family 35 member F4","Down"
-3.01683890613367,8.27233115211225,-4.81961890806156,3.97577503731932e-06,2.68364815019054e-05,3.55952520905927,"TMTC1","83857","transmembrane and tetratricopeptide repeat containing 1","Down"
1.51039060794187,7.58080488781219,4.81943084524062,3.97895021736065e-06,2.68488556488144e-05,3.55875698113856,"MCPH1","79648","microcephalin 1","Up"
-3.11737689446174,7.51922316226432,-4.81882953059519,3.98911908781538e-06,2.69083970296434e-05,3.55630077793696,"ACSL6","23305","acyl-CoA synthetase long-chain family member 6","Down"
-1.10533452309895,10.8516166199879,-4.8178589526567,4.00558577070472e-06,2.70103655256115e-05,3.55233668459848,"MKL2","57496","MKL1/myocardin like 2","Down"
-1.27175644707278,7.96257795375639,-4.81608104239192,4.03592061665158e-06,2.72057492511281e-05,3.54507667014732,"DUSP14","11072","dual specificity phosphatase 14","Down"
1.15933426087271,10.6818434831766,4.81547609939014,4.046292893896e-06,2.72664809458327e-05,3.54260683663302,"CKAP4","10970","cytoskeleton associated protein 4","Up"
-2.73459069134701,3.97985695394864,-4.81535249352814,4.04841540192061e-06,2.72715982983925e-05,3.54210221074336,"SLC24A4","123041","solute carrier family 24 member 4","Down"
2.3282080632591,4.82512688702728,4.81357494630299,4.07905832839212e-06,2.74687714493912e-05,3.53484629561825,"KIFC1","3833","kinesin family member C1","Up"
-2.42527957490776,7.46335395721438,-4.80931912264438,4.15334038004581e-06,2.79407804248744e-05,3.51748164782339,"PLCB4","5332","phospholipase C beta 4","Down"
-2.83718086641046,7.40181103052822,-4.80815879951298,4.17381934286872e-06,2.80502531383186e-05,3.51274913546185,"PRR18","285800","proline rich 18","Down"
-2.49599271208462,4.14341114769426,-4.80705183986508,4.19344768664986e-06,2.81727024401624e-05,3.50823501059709,"SHISA7","729956","shisa family member 7","Down"
2.18313921597521,7.62182342944633,4.80579770019824,4.21579390912361e-06,2.83133228398241e-05,3.5031215644905,"CCDC191","57577","coiled-coil domain containing 191","Up"
1.93080849280887,5.67875555231793,4.80426959895968,4.24317760315128e-06,2.84876692302845e-05,3.4968923588642,"LOC284926","284926","uncharacterized LOC284926","Up"
3.23867080466811,7.00923652023799,4.80279199409243,4.26982031250266e-06,2.8637712032263e-05,3.49087030609019,"PSMB9","5698","proteasome subunit beta 9","Up"
2.0794701573474,9.44922748322805,4.80249276388891,4.27523544428178e-06,2.86644220957593e-05,3.4896509349672,"NMB","4828","neuromedin B","Up"
-1.77685106454477,4.0702633797387,-4.80210915128942,4.28218737152744e-06,2.86830422988749e-05,3.48808778047019,"CNTN6","27255","contactin 6","Down"
-1.41256817634077,7.93815873295189,-4.80210219382629,4.28231355759181e-06,2.86830422988749e-05,3.48805943082076,"PDK2","5164","pyruvate dehydrogenase kinase 2","Down"
-2.38623005317804,5.47398398851018,-4.80161858564907,4.29109349625636e-06,2.8732231452343e-05,3.48608893729702,"LRRC73","221424","leucine rich repeat containing 73","Down"
-1.41901369785438,8.00141235740858,-4.79993397894526,4.32181409820324e-06,2.89185734658034e-05,3.47922597197624,"CAND2","23066","cullin associated and neddylation dissociated 2 (putative)","Down"
-2.69572425992946,4.6515428235132,-4.79842034661035,4.34959853180792e-06,2.90947568792648e-05,3.47306097051525,"RIPPLY2","134701","ripply transcriptional repressor 2","Down"
-4.01821039904366,5.81581354301633,-4.79585159642291,4.39714752736296e-06,2.94029848195022e-05,3.46260158196731,"SRRM4","84530","serine/arginine repetitive matrix 4","Down"
2.42003543162255,5.80824028549225,4.7914078341179,4.48059615421097e-06,2.99309807203001e-05,3.44451674793919,"LRP5","4041","LDL receptor related protein 5","Up"
-1.54595587324544,10.7746867851087,-4.79002628676204,4.50685128971248e-06,3.00862775286212e-05,3.43889662347968,"WASF3","10810","WAS protein family member 3","Down"
-1.99759413821894,7.92934574546923,-4.78994101267117,4.50847672753175e-06,3.00870893554796e-05,3.43854976604714,"TMEM160","54958","transmembrane protein 160","Down"
1.35540607382169,6.63164208798923,4.78985685765258,4.51008139130937e-06,3.00877620526598e-05,3.43820746471907,"SRFBP1","153443","serum response factor binding protein 1","Up"
-3.9265023437096,6.1665843123868,-4.78972095716866,4.51267390375318e-06,3.009502226413e-05,3.43765469705823,"SLITRK1","114798","SLIT and NTRK like family member 1","Down"
-1.51031622690218,8.99175704171408,-4.78877260070939,4.53080551837146e-06,3.01958114610452e-05,3.43379761364367,"MESDC1","59274","mesoderm development candidate 1","Down"
1.59006171864101,10.661519074613,4.78858726226255,4.53435723914802e-06,3.02094190088693e-05,3.43304388125276,"SPATA13","221178","spermatogenesis associated 13","Up"
2.43440082804476,10.0655335247947,4.78820150339625,4.54175835725665e-06,3.02486549446184e-05,3.4314751463585,"AEBP1","165","AE binding protein 1","Up"
-2.5704070122121,3.7026637627032,-4.78804745863013,4.54471710920019e-06,3.02582879213871e-05,3.43084872933214,"HAPLN4","404037","hyaluronan and proteoglycan link protein 4","Down"
3.61339979444366,7.3641822918774,4.78529382053567,4.5979226830021e-06,3.06023416895619e-05,3.41965353386826,"METTL7B","196410","methyltransferase like 7B","Up"
-1.7805502083144,2.13984346091822,-4.7836545362048,4.62988289747714e-06,3.08025566237549e-05,3.4129909858404,"PRPH2","5961","peripherin 2","Down"
2.40668003229881,6.13463270481213,4.78300752364088,4.64255650116089e-06,3.08686034957547e-05,3.41036176830426,"FZD2","2535","frizzled class receptor 2","Up"
-3.38920095725372,7.9842445682184,-4.78229519865917,4.65654831418845e-06,3.09410701168942e-05,3.4074674319165,"B3GAT1","27087","beta-1,3-glucuronyltransferase 1","Down"
-4.00962492321966,5.91419400172953,-4.78182115273945,4.66588237603466e-06,3.09825120137157e-05,3.40554144326102,"CNTN2","6900","contactin 2","Down"
1.03483300725502,12.5638685691212,4.77811567715077,4.73947130404759e-06,3.14468052592871e-05,3.39049114784248,"ATP6V1G2-DDX39B","100532737","ATP6V1G2-DDX39B readthrough (NMD candidate)","Up"
3.55935479441571,5.0058254845629,4.77806332271459,4.7405190514325e-06,3.14468052592871e-05,3.39027856139088,"FOXM1","2305","forkhead box M1","Up"
2.78966380957298,7.59374496724763,4.77736525908517,4.75451056955067e-06,3.1529165715943e-05,3.38744421230972,"MS4A6A","64231","membrane spanning 4-domains A6A","Up"
1.3171715079643,8.40982757431994,4.77658125234538,4.77027237856339e-06,3.16232072491444e-05,3.38426125240058,"ELF1","1997","E74 like ETS transcription factor 1","Up"
-2.18075049013997,6.26788065607876,-4.77577516876703,4.78653080589279e-06,3.17204775864515e-05,3.38098904324226,"KIAA1324L","222223","KIAA1324 like","Down"
-1.79551093748383,4.80459645489414,-4.77013326594197,4.90183843183613e-06,3.24268377831512e-05,3.3580971306846,"SLC25A19","60386","solute carrier family 25 member 19","Down"
1.20136441024444,8.96635727403538,4.77008466987917,4.90284321957477e-06,3.24268377831512e-05,3.35790003509095,"CD2AP","23607","CD2 associated protein","Up"
-2.17315646026134,6.10906226728846,-4.76930861119094,4.91891631990691e-06,3.25223922050157e-05,3.35475269119839,"SEMA7A","8482","semaphorin 7A (John Milton Hagen blood group)","Down"
-1.82798130411677,11.1764735562239,-4.7667771012431,4.97170254536859e-06,3.28603832526702e-05,3.34448851364437,"MTURN","222166","maturin, neural progenitor differentiation regulator homolog (Xenopus)","Down"
-3.0813454554789,10.2938964141282,-4.76669987857457,4.97332136197757e-06,3.28603832526702e-05,3.34417546892781,"ALDOC","230","aldolase, fructose-bisphosphate C","Down"
1.97472429147935,10.1759845025468,4.7662130409018,4.98353868938e-06,3.29170216435872e-05,3.34220201127989,"CHD7","55636","chromodomain helicase DNA binding protein 7","Up"
-1.85172414112873,4.27448308332142,-4.76487595399055,5.01170503913001e-06,3.30921395108496e-05,3.33678268566597,"LINC00320","387486","long intergenic non-protein coding RNA 320","Down"
-1.50266224552676,9.43211602570284,-4.76341590326131,5.04263781452136e-06,3.32854024266344e-05,3.33086619024955,"KCTD1","284252","potassium channel tetramerization domain containing 1","Down"
-3.67963371647305,5.31732285192574,-4.7618336506895,5.07636837482173e-06,3.34859551846549e-05,3.32445593207036,"SLC6A15","55117","solute carrier family 6 member 15","Down"
-1.45553208786739,2.05964875518089,-4.76067099261091,5.1012931926115e-06,3.36281953557095e-05,3.31974654622844,"PCP2","126006","Purkinje cell protein 2","Down"
-2.4643976740526,8.31979940655858,-4.7601363390317,5.11279473479873e-06,3.36929131288268e-05,3.31758118357621,"LOC101930415","101930415","uncharacterized LOC101930415","Down"
-1.28285098691236,6.05967934288183,-4.759923795266,5.11737398006729e-06,3.37119859134693e-05,3.31672042231347,"LINC00515","282566","long intergenic non-protein coding RNA 515","Down"
-2.608885020653,7.63797886888864,-4.75896891839984,5.13799581959763e-06,3.3836695971919e-05,3.31285368658653,"S100A1","6271","S100 calcium binding protein A1","Down"
1.37948407488908,3.92583657815284,4.75585880514249,5.20572243191652e-06,3.42601607550506e-05,3.30026316725111,"PDCD4-AS1","282997","PDCD4 antisense RNA 1","Up"
-1.15622765614294,12.0112105587258,-4.75530437814287,5.21788624545376e-06,3.43289214445226e-05,3.29801931201637,"PNMA2","10687","paraneoplastic Ma antigen 2","Down"
-1.06189577644334,9.82249442987556,-4.75506330972937,5.22318373264904e-06,3.43524776262687e-05,3.29704372644617,"FGFR1OP2","26127","FGFR1 oncogene partner 2","Down"
-3.28781516113013,9.27927773067284,-4.75404857616242,5.24553970997117e-06,3.44881738341745e-05,3.29293755600651,"EEF1A2","1917","eukaryotic translation elongation factor 1 alpha 2","Down"
2.22203827396535,7.72279536504219,4.75395174385967,5.24767789639283e-06,3.44908973959039e-05,3.29254575126012,"ZNF618","114991","zinc finger protein 618","Up"
1.08208482157856,9.47101448662485,4.75273478025542,5.27462215296935e-06,3.4649611735531e-05,3.28762212545917,"C1orf27","54953","chromosome 1 open reading frame 27","Up"
-1.5606367499123,6.76730320004521,-4.75270471462794,5.27528951599077e-06,3.4649611735531e-05,3.28750049625564,"CCDC127","133957","coiled-coil domain containing 127","Down"
-2.66010956319725,9.41203895236331,-4.75258613278172,5.27792246004666e-06,3.46555282763877e-05,3.28702078374297,"LOC100507353","100507353","uncharacterized LOC100507353","Down"
1.08957021284003,8.7235656993229,4.75226259070117,5.28511273496562e-06,3.46686067175269e-05,3.28571196508175,"KDM5A","5927","lysine demethylase 5A","Up"
1.12150847145397,8.49210498271509,4.75062721156576,5.32160218990357e-06,3.48965240948544e-05,3.27909735090185,"RPP38","10557","ribonuclease P/MRP subunit p38","Up"
1.806820863338,3.66593441568763,4.75015882986852,5.33209784319091e-06,3.49538930369334e-05,3.27720318206254,"TCF19","6941","transcription factor 19","Up"
-1.64349664524229,9.5789509519358,-4.74908851523103,5.35615711639973e-06,3.51001098682638e-05,3.27287524436384,"PAQR8","85315","progestin and adipoQ receptor family member 8","Down"
-1.07928981758639,9.57823355618527,-4.74563476777534,5.43451199824037e-06,3.5578626161255e-05,3.25891428493854,"ABCA3","21","ATP binding cassette subfamily A member 3","Down"
-2.38825764114701,5.57058847517006,-4.74552261072292,5.43707501566127e-06,3.55837618051472e-05,3.25846103575465,"LHPP","64077","phospholysine phosphohistidine inorganic pyrophosphate phosphatase","Down"
1.027209940105,11.1611751303028,4.74334225071812,5.48713389554746e-06,3.58931394458456e-05,3.24965125384655,"ZNF532","55205","zinc finger protein 532","Up"
-1.89992289941065,3.65435484895822,-4.74330751901098,5.48793490102672e-06,3.58931394458456e-05,3.24951094274131,"TPBGL","100507050","trophoblast glycoprotein-like","Down"
-2.9361872295265,6.23331792490663,-4.74222516167155,5.51295376456861e-06,3.60449888783413e-05,3.24513873543853,"ARHGAP20","57569","Rho GTPase activating protein 20","Down"
-1.24549208286174,8.5809677621984,-4.74193837684529,5.51960133002263e-06,3.60766624664367e-05,3.2439803787328,"SBF1","6305","SET binding factor 1","Down"
-1.37280995048383,8.56616873430361,-4.74041410316176,5.55506390134748e-06,3.62965915983863e-05,3.23782448703929,"FBXL2","25827","F-box and leucine rich repeat protein 2","Down"
-1.9543155800601,5.72896246709325,-4.73778200159866,5.61682042160413e-06,3.66641847226864e-05,3.22719781732045,"BRSK1","84446","BR serine/threonine kinase 1","Down"
1.67188327638645,8.01364937567385,4.73680960797294,5.63980326204088e-06,3.68021995641395e-05,3.22327298767641,"ZFP37","7539","ZFP37 zinc finger protein","Up"
-1.88022613661769,6.91851302905,-4.73527751694394,5.67619960889931e-06,3.70155559241357e-05,3.21709022257607,"TSPOAP1","9256","TSPO associated protein 1","Down"
-3.50243585991651,4.89247036063609,-4.73178325517169,5.76006215716027e-06,3.75501999277633e-05,3.20299435279676,"SORCS1","114815","sortilin related VPS10 domain containing receptor 1","Down"
1.65396326312255,5.7816082100387,4.73098461643412,5.77939730556666e-06,3.76639745578085e-05,3.19977366540387,"CCDC121","79635","coiled-coil domain containing 121","Up"
1.91304128112248,9.7521934556061,4.73089057207325,5.78167826323812e-06,3.76665701766868e-05,3.19939443582822,"MCM7","4176","minichromosome maintenance complex component 7","Up"
-2.30759779395004,3.22556461607751,-4.73006600231113,5.80171478789528e-06,3.77602172288291e-05,3.1960696226785,"ULBP2","80328","UL16 binding protein 2","Down"
1.79646739669974,5.24344935107473,4.7288588975906,5.83116796524058e-06,3.79395699123799e-05,3.19120309385444,"SLFN12","55106","schlafen family member 12","Up"
-1.46837063987186,6.78153097952893,-4.72836315079023,5.84330600418396e-06,3.79938327025377e-05,3.18920470791266,"GGT7","2686","gamma-glutamyltransferase 7","Down"
-1.08303137246726,8.41786345231201,-4.72739810535585,5.86700471329596e-06,3.81355306364237e-05,3.18531497222988,"LOC642852","642852","uncharacterized LOC642852","Down"
1.27709123019974,4.27840561680402,4.72634598040936,5.89294786935515e-06,3.82917206957416e-05,3.18107488718132,"ALG10","84920","ALG10, alpha-1,2-glucosyltransferase","Up"
4.07570294804293,8.25078108318243,4.72565701368966,5.90999645801767e-06,3.83810389730018e-05,3.17829869644048,"CCL2","6347","C-C motif chemokine ligand 2","Up"
-1.74691238193827,10.150147819336,-4.7256354684258,5.91053036816207e-06,3.83810389730018e-05,3.17821188440515,"FAM49A","81553","family with sequence similarity 49 member A","Down"
1.69355612847764,8.03291973106124,4.72391259485516,5.95337615753771e-06,3.86411126132164e-05,3.17127083392073,"TSPAN4","7106","tetraspanin 4","Up"
-4.15804845682387,9.17217908099462,-4.72386983116248,5.95444345411836e-06,3.86411126132164e-05,3.17109857172946,"OPCML","4978","opioid binding protein/cell adhesion molecule like","Down"
-2.85195126543616,9.4184243838826,-4.72351218827022,5.96337676394821e-06,3.86865366135901e-05,3.16965794512617,"SYBU","55638","syntabulin","Down"
1.28050115750216,8.74109278214899,4.72319548478922,5.97129830809761e-06,3.87253696110564e-05,3.1683822911658,"ALMS1","7840","ALMS1, centrosome and basal body associated protein","Up"
1.4030138540259,6.66944347507657,4.7228488956236,5.97997904209953e-06,3.87690993827885e-05,3.16698632917146,"TRNAU1AP","54952","tRNA selenocysteine 1 associated protein 1","Up"
1.52002626881079,6.81349079665278,4.72039067097072,6.04189973879069e-06,3.91451710084149e-05,3.15708737032267,"BEND3","57673","BEN domain containing 3","Up"
-1.32110787662749,10.847317018898,-4.72018454948424,6.04711988508152e-06,3.91663086891635e-05,3.15625750989381,"ATXN1","6310","ataxin 1","Down"
1.04466196813615,10.5442113409959,4.71767740622508,6.11096531598872e-06,3.95414240223112e-05,3.14616560497903,"G6PC3","92579","glucose-6-phosphatase catalytic subunit 3","Up"
1.03565756126732,10.9993969747027,4.71695044042713,6.12959950648738e-06,3.96378822057211e-05,3.14324008353417,"CBFB","865","core-binding factor beta subunit","Up"
2.79556322629447,6.69995060196503,4.71694126947123,6.1298349349978e-06,3.96378822057211e-05,3.14320317897063,"FAM83D","81610","family with sequence similarity 83 member D","Up"
-3.61979413999612,4.87112072158101,-4.71677059937604,6.13421782129447e-06,3.96534074153921e-05,3.14251639986386,"CHGA","1113","chromogranin A","Down"
-2.14220485898949,7.34994958931243,-4.71669050394827,6.13627575433186e-06,3.96538982612783e-05,3.1421941006492,"C15orf59","388135","chromosome 15 open reading frame 59","Down"
1.47295135058224,6.22144661025538,4.71635572583867,6.14488461736551e-06,3.96967086017539e-05,3.14084701522514,"ZNF616","90317","zinc finger protein 616","Up"
-1.33762312639974,10.035113496626,-4.71555073287973,6.16563299912379e-06,3.98178887712943e-05,3.137608147266,"CHCHD10","400916","coiled-coil-helix-coiled-coil-helix domain containing 10","Down"
-3.6282121652194,7.18713455928598,-4.71236124452092,6.24850946871058e-06,4.03140693132836e-05,3.12477914986611,"SEZ6L2","26470","seizure related 6 homolog like 2","Down"
-2.08223930584793,7.93938060915107,-4.70759659324432,6.37432719576317e-06,4.10596150050334e-05,3.10562580026038,"SLC25A27","9481","solute carrier family 25 member 27","Down"
2.0653492440497,7.09863575620627,4.70707958616785,6.38812609792136e-06,4.11352555008409e-05,3.10354831215739,"CEP112","201134","centrosomal protein 112","Up"
-3.88855258988936,8.04938972563923,-4.70631001700585,6.40871943379983e-06,4.12545848494315e-05,3.10045625227808,"GRIN2A","2903","glutamate ionotropic receptor NMDA type subunit 2A","Down"
1.1368968599545,9.28301324238095,4.70540768271439,6.43294734755314e-06,4.13972266267275e-05,3.09683120776678,"CHD1","1105","chromodomain helicase DNA binding protein 1","Up"
-2.76583339843578,7.45151159611432,-4.70461631672078,6.45426867810707e-06,4.14969778584895e-05,3.09365237133213,"TMEM144","55314","transmembrane protein 144","Down"
-1.17452108262177,7.34535995839071,-4.70460142248823,6.45467062006394e-06,4.14969778584895e-05,3.0935925463329,"ANAPC15","25906","anaphase promoting complex subunit 15","Down"
3.11014821862906,5.71892964009396,4.70148862964099,6.53920748306501e-06,4.20269592398592e-05,3.08109246020448,"KIF20A","10112","kinesin family member 20A","Up"
1.93316022169369,8.58931504347225,4.70044323149072,6.56783788861775e-06,4.21838628050001e-05,3.07689574871387,"AGTRAP","57085","angiotensin II receptor associated protein","Up"
-1.03966760187739,9.17467429525237,-4.7003335294294,6.57084933145318e-06,4.21896606464646e-05,3.07645539207981,"CSRNP2","81566","cysteine and serine rich nuclear protein 2","Down"
1.11787370995838,11.2382758243691,4.69966835223816,6.58913781647831e-06,4.22935130876745e-05,3.07378544990951,"KCTD3","51133","potassium channel tetramerization domain containing 3","Up"
1.06793284115193,10.9575913847989,4.6983681582365,6.62502790392184e-06,4.25102415887634e-05,3.06856739546351,"MFSD1","64747","major facilitator superfamily domain containing 1","Up"
-1.85150577469809,7.5323027292871,-4.69795223219124,6.63654886234256e-06,4.25705139752766e-05,3.06689837902649,"ZNF248","57209","zinc finger protein 248","Down"
2.06971577173681,7.5302681732087,4.69433779087496,6.7374868857382e-06,4.31902916126127e-05,3.05239884005955,"EPB41L4A","64097","erythrocyte membrane protein band 4.1 like 4A","Up"
-1.83245871070672,9.3614819712255,-4.69269888445664,6.78374352501607e-06,4.34702509858453e-05,3.04582686867644,"PPM1E","22843","protein phosphatase, Mg2+/Mn2+ dependent 1E","Down"
-1.03621242134912,7.25296688652071,-4.69263669637164,6.78550476477208e-06,4.34702509858453e-05,3.04557752800808,"AKAP10","11216","A-kinase anchoring protein 10","Down"
1.43395567199171,11.0240233915825,4.69229684733884,6.7951375081617e-06,4.35180269288704e-05,3.04421495796253,"CDH11","1009","cadherin 11","Up"
1.00420067511091,9.14429554507675,4.69127973228669,6.82404593122833e-06,4.36553270372564e-05,3.04013741511544,"NUP85","79902","nucleoporin 85","Up"
1.08899565925181,6.48347929824083,4.69123555281905,6.82530429212466e-06,4.36553270372564e-05,3.03996031687781,"PSKH1","5681","protein serine kinase H1","Up"
1.17164009990736,7.84258145445864,4.69080449078098,6.83759399286173e-06,4.37199562208963e-05,3.0382324192755,"CWF19L2","143884","CWF19-like 2, cell cycle control (S. pombe)","Up"
1.78200972678757,8.72188325516976,4.6898364997196,6.86526977097787e-06,4.38688764956737e-05,3.03435266853923,"HMG20B","10362","high mobility group 20B","Up"
1.51357768827179,9.3063400549529,4.68903281339224,6.88833024804386e-06,4.3976461008267e-05,3.03113188817235,"RHOBTB1","9886","Rho related BTB domain containing 1","Up"
2.57371841405332,5.12500154664266,4.68901993455524,6.88870039485724e-06,4.3976461008267e-05,3.03108027928892,"KIF23","9493","kinesin family member 23","Up"
2.18834245278659,4.79237580645231,4.68746185141731,6.93362308420746e-06,4.42491218646694e-05,3.02483736982284,"KIF18A","81930","kinesin family member 18A","Up"
-1.07871145533117,11.7518580926736,-4.68664166901943,6.95738434494244e-06,4.43724541247254e-05,3.02155166152636,"APC","324","APC, WNT signaling pathway regulator","Down"
1.27831068628178,10.0672393208181,4.68570436723972,6.98463510553775e-06,4.45320569013683e-05,3.01779726231635,"TVP23B","51030","trans-golgi network vesicle protein 23 homolog B (S. cerevisiae)","Up"
1.30198020148816,10.5807733257541,4.68505115193612,7.00368747574901e-06,4.46393040227176e-05,3.01518109654364,"DOCK7","85440","dedicator of cytokinesis 7","Up"
1.27004262565049,8.30803700756532,4.68172275681101,7.10155046700079e-06,4.52486370042308e-05,3.00185468289443,"SUV39H2","79723","suppressor of variegation 3-9 homolog 2","Up"
1.40651273555365,5.03751838714089,4.68050692308341,7.13762781282734e-06,4.5464030452479e-05,2.9969883304452,"ST7-AS1","93653","ST7 antisense RNA 1","Up"
2.33756839800315,6.28686189941053,4.67949928614102,7.16766166213027e-06,4.56117706343003e-05,2.99295595944389,"NCKAP5","344148","NCK associated protein 5","Up"
-2.96848614631637,8.42578720678154,-4.67924399103784,7.17529043501644e-06,4.56457983253971e-05,2.99193441462512,"ENHO","375704","energy homeostasis associated","Down"
1.9720570761257,9.3968964766445,4.67855293034937,7.19598026226092e-06,4.57432029788698e-05,2.98916938330862,"SPIN4","139886","spindlin family member 4","Up"
2.43676977244306,9.12678552656089,4.6785035447278,7.19746103751098e-06,4.57432029788698e-05,2.98897179553244,"IFI30","10437","IFI30, lysosomal thiol reductase","Up"
2.39478158146107,9.01816095671083,4.67783023618481,7.21767890676172e-06,4.58425720278037e-05,2.98627809112674,"ZWINT","11130","ZW10 interacting kinetochore protein","Up"
1.76597861959073,9.22396253033757,4.67411507307571,7.3302282598408e-06,4.65278796937294e-05,2.97141977887204,"GLS","2744","glutaminase","Up"
-3.36398378556983,4.89136073982917,-4.67155790264842,7.40868116913469e-06,4.69662497309499e-05,2.96119756510321,"SV2C","22987","synaptic vesicle glycoprotein 2C","Down"
3.32239863300092,5.64013011650793,4.66903033447253,7.48702374399124e-06,4.74178170452778e-05,2.95109757984868,"BUB1","699","BUB1 mitotic checkpoint serine/threonine kinase","Up"
1.97052957425233,6.95516997131349,4.66862248344854,7.49974003450392e-06,4.74833224273164e-05,2.94946819866409,"ZBTB6","10773","zinc finger and BTB domain containing 6","Up"
2.09371796231407,5.17124982991876,4.66587156188596,7.58605765002093e-06,4.79994482618497e-05,2.93848079195549,"SAMD13","148418","sterile alpha motif domain containing 13","Up"
3.43855173044832,4.9506232664313,4.66503648018611,7.61245018098574e-06,4.81512142810565e-05,2.93514631544034,"KIF2C","11004","kinesin family member 2C","Up"
-3.34385720745023,9.44791133813503,-4.66351864915605,7.66064840380178e-06,4.8438489102246e-05,2.92908670843513,"FUT9","10690","fucosyltransferase 9","Down"
-2.63698161323223,9.7685317719271,-4.6634539655977,7.66270895229713e-06,4.8438489102246e-05,2.92882850460346,"ENPP2","5168","ectonucleotide pyrophosphatase/phosphodiesterase 2","Down"
2.23747464252985,6.83559270857095,4.66315797131272,7.67214493720693e-06,4.8482818622457e-05,2.92764698700714,"SAMD9","54809","sterile alpha motif domain containing 9","Up"
-2.85942890918363,10.0540859785371,-4.65965413163407,7.78470106253073e-06,4.91785646220563e-05,2.91366478573199,"CDK5R1","8851","cyclin dependent kinase 5 regulatory subunit 1","Down"
1.1451458660545,11.0961681908485,4.65800400604798,7.83826068593465e-06,4.94856678900267e-05,2.90708248208779,"FUBP3","8939","far upstream element binding protein 3","Up"
-3.80201060111361,8.7172549840226,-4.65602068611559,7.90310677380987e-06,4.98559125849389e-05,2.89917326574913,"RASGEF1A","221002","RasGEF domain family member 1A","Down"
2.35806123777356,9.16271889368911,4.65598186556058,7.90438120255042e-06,4.98559125849389e-05,2.89901847839705,"EMP2","2013","epithelial membrane protein 2","Up"
-1.31426942910454,10.2399477731911,-4.65475823780986,7.94465333745011e-06,5.00657282160345e-05,2.89414003536734,"EVL","51466","Enah/Vasp-like","Down"
2.03077193316035,7.5794616281171,4.65474307709116,7.94515355055279e-06,5.00657282160345e-05,2.8940795972852,"C4orf46","201725","chromosome 4 open reading frame 46","Up"
-3.14731444017883,7.66727158102249,-4.65376103831934,7.97761992336485e-06,5.02386659763175e-05,2.89016500551311,"NEDD4L","23327","neural precursor cell expressed, developmentally down-regulated 4-like, E3 ubiquitin protein ligase","Down"
2.80679239829368,8.48010219502408,4.65157902029955,8.0502176903604e-06,5.06480205443524e-05,2.88146917028908,"PRC1","9055","protein regulator of cytokinesis 1","Up"
-1.5279353247666,6.40016903646923,-4.64827439502745,8.1613834581693e-06,5.13312791095861e-05,2.86830500927414,"EPS15L1","58513","epidermal growth factor receptor pathway substrate 15 like 1","Down"
-1.02376161888942,11.3746950868043,-4.64666377686907,8.2161003680049e-06,5.16591829235305e-05,2.86189143155979,"TCEAL3","85012","transcription elongation factor A like 3","Down"
1.28036404678047,10.5150041831598,4.64475588858692,8.28137534776002e-06,5.20532442923766e-05,2.854296151435,"RPL22L1","200916","ribosomal protein L22 like 1","Up"
-1.76685558331723,5.66415526928905,-4.64448972955329,8.29052126254681e-06,5.20835412182564e-05,2.8532367518694,"ARRDC2","27106","arrestin domain containing 2","Down"
-1.85829968578686,7.62040849306876,-4.6444641153404,8.29140194832542e-06,5.20835412182564e-05,2.85313480124454,"DIRAS1","148252","DIRAS family GTPase 1","Down"
-1.18185028461605,11.3983003289136,-4.64197593251843,8.37738493523542e-06,5.25741343786873e-05,2.84323315177622,"ATP1A1","476","ATPase Na+/K+ transporting subunit alpha 1","Down"
1.98572275867344,6.90896703441497,4.63954189570811,8.46233063978122e-06,5.30739338903144e-05,2.83355062806162,"MIR15A","406948","microRNA 15a","Up"
-1.28594200642367,8.72705622821752,-4.638309823469,8.50564570899548e-06,5.33288792541124e-05,2.82865086045097,"TMEM183B","653659","transmembrane protein 183B","Down"
2.02504361914833,7.1082993930542,4.63818865694449,8.50991703051736e-06,5.33389442448499e-05,2.82816904928066,"ZKSCAN7","55888","zinc finger with KRAB and SCAN domains 7","Up"
-1.32762124962032,5.99341067891213,-4.63810862530756,8.51273941596251e-06,5.33399240510999e-05,2.82785081335374,"C22orf29","79680","chromosome 22 open reading frame 29","Down"
1.29053012174214,7.33732115951467,4.63710823586971,8.54809546789084e-06,5.35446919305235e-05,2.82387321809275,"CTC-338M12.4","101928649","uncharacterized LOC101928649","Up"
-2.11077997738922,8.33326024023314,-4.63668509430231,8.56309294514599e-06,5.36218468086184e-05,2.82219097125997,"MIR1178","100302274","microRNA 1178","Down"
-1.27321025518239,7.99925779327846,-4.63652128621261,8.56890565000477e-06,5.36414566144072e-05,2.82153976314926,"SNX30","401548","sorting nexin family member 30","Down"
1.19854135182846,5.99087914047402,4.63580737549652,8.59428323185123e-06,5.37834922175939e-05,2.81870185012098,"NVL","4931","nuclear VCP-like","Up"
-1.34983455698594,11.1353325483931,-4.6352265155409,8.61498481596839e-06,5.38793376721099e-05,2.81639306547408,"CNRIP1","25927","cannabinoid receptor interacting protein 1","Down"
-1.61187766279021,5.5856042109616,-4.63461017713106,8.63700354763704e-06,5.39832958380426e-05,2.81394348746068,"NT5DC3","51559","5'-nucleotidase domain containing 3","Down"
-3.26517139121756,7.91622730570598,-4.63440505259437,8.64434369458811e-06,5.39992557776031e-05,2.81312829108447,"THRB","7068","thyroid hormone receptor beta","Down"
1.05210725922057,8.46195056699556,4.63438797472418,8.64495507850566e-06,5.39992557776031e-05,2.81306042216744,"ERCC4","2072","ERCC excision repair 4, endonuclease catalytic subunit","Up"
-1.20730336701197,8.73269317585432,-4.63406422513277,8.65655315192153e-06,5.40379590984381e-05,2.81177384729859,"ZFAND1","79752","zinc finger AN1-type containing 1","Down"
1.31952641833852,7.76783210591177,4.63392919801105,8.6613948357835e-06,5.40431021399231e-05,2.8112372709434,"DSCC1","79075","DNA replication and sister chromatid cohesion 1","Up"
1.61328733626844,12.0317678786741,4.63389059651733,8.6627794553273e-06,5.40431021399231e-05,2.81108387677995,"ANTXR1","84168","anthrax toxin receptor 1","Up"
-1.86915541025457,9.53620200957089,-4.63362704953666,8.67223849527748e-06,5.40852479971997e-05,2.81003662120005,"VAMP2","6844","vesicle associated membrane protein 2","Down"
-1.18144114065714,9.70767825065414,-4.63221724836542,8.72300787973233e-06,5.43679808877896e-05,2.80443522062959,"FAM213B","127281","family with sequence similarity 213 member B","Down"
1.14420093014635,8.58579923672166,4.63063114328408,8.78046974510754e-06,5.47090807195162e-05,2.79813478403437,"CHST12","55501","carbohydrate (chondroitin 4) sulfotransferase 12","Up"
-3.20975749761033,5.52210307851047,-4.62877999915044,8.84799630807776e-06,5.51126594444931e-05,2.79078348586121,"NTNG1","22854","netrin G1","Down"
1.41626388079763,6.98092609663207,4.62787351625221,8.88124607781998e-06,5.53025491064253e-05,2.78718440836556,"LPCAT3","10162","lysophosphatidylcholine acyltransferase 3","Up"
-1.13928889567824,9.27163848316887,-4.62611095738006,8.94624276232352e-06,5.56899436670214e-05,2.78018782666309,"USP31","57478","ubiquitin specific peptidase 31","Down"
-1.0429797898791,8.51727495097036,-4.62245624099834,9.08248357373706e-06,5.6502875889228e-05,2.76568627210274,"ATG9A","79065","autophagy related 9A","Down"
-1.16134611110579,11.5036036943539,-4.6209510439091,9.13917556132743e-06,5.6837887925234e-05,2.75971617607295,"KIF1B","23095","kinesin family member 1B","Down"
-4.21008622072341,8.20420367306314,-4.62081511468545,9.14431202648755e-06,5.68521599483954e-05,2.75917710534929,"CHGB","1114","chromogranin B","Down"
1.23985937782182,10.1489873011,4.61976677967303,9.18402013876886e-06,5.70812957180331e-05,2.75501997853435,"MBTD1","54799","mbt domain containing 1","Up"
1.8963253795589,8.12602716595627,4.61955821173826,9.19193998317136e-06,5.71127774047545e-05,2.75419299178538,"BTN3A3","10384","butyrophilin subfamily 3 member A3","Up"
1.49175846425694,6.42689949723894,4.6183982491797,9.23610723708766e-06,5.73515820895136e-05,2.749594143835,"FUT11","170384","fucosyltransferase 11","Up"
2.11475611765325,5.38886366891574,4.61714765558392,9.28395516228763e-06,5.76129314304866e-05,2.74463689920651,"EPSTI1","94240","epithelial stromal interaction 1 (breast)","Up"
-2.38250117386233,3.0726798993671,-4.61523721417193,9.35751179743257e-06,5.79974406850165e-05,2.73706592626379,"DLX6-AS1","285987","DLX6 antisense RNA 1","Down"
1.24824850926055,5.52215597861734,4.61316422394184,9.43796406222154e-06,5.84598597501134e-05,2.72885331370208,"BCL6B","255877","B-cell CLL/lymphoma 6B","Up"
1.12183275316574,11.850811165477,4.61264825325517,9.45809242200721e-06,5.85482843710082e-05,2.72680959066981,"LSM7","51690","LSM7 homolog, U6 small nuclear RNA and mRNA degradation associated","Up"
1.18025747503096,9.46780087459828,4.61106974255361,9.51992909846542e-06,5.88946263058125e-05,2.72055823703096,"ASCC1","51008","activating signal cointegrator 1 complex subunit 1","Up"
-1.6624909727645,5.14968244673799,-4.6099955459661,9.56223294511488e-06,5.91380508602514e-05,2.71630498602459,"ZC3H14","79882","zinc finger CCCH-type containing 14","Down"
-2.13102101727114,6.18437474742284,-4.60811271240678,9.63682105284763e-06,5.95441256344418e-05,2.70885166913283,"C17orf96","100170841","chromosome 17 open reading frame 96","Down"
-2.66994262038048,5.34998389881556,-4.60767508545638,9.65423791804602e-06,5.95965251546889e-05,2.70711960674705,"SLC16A7","9194","solute carrier family 16 member 7","Down"
-1.44842602930382,7.99401599471059,-4.60735776509696,9.66688578958521e-06,5.96561949389979e-05,2.70586377353604,"C6orf136","221545","chromosome 6 open reading frame 136","Down"
3.06794673177895,11.3547254396123,4.60684149471786,9.68749770760333e-06,5.97649604181375e-05,2.70382070406106,"ANXA1","301","annexin A1","Up"
-1.1628905699933,8.46236992156462,-4.60427644456949,9.7905377221519e-06,6.03820247247513e-05,2.69367229700989,"EXOC6","54536","exocyst complex component 6","Down"
-3.17237926121059,3.86132785227675,-4.60326467591241,9.83147179276415e-06,6.06157954261425e-05,2.68967043088715,"FABP6","2172","fatty acid binding protein 6","Down"
2.28552883714201,6.71363653421657,4.60303489895654,9.84079110976889e-06,6.06545618401559e-05,2.68876167780619,"PARP14","54625","poly(ADP-ribose) polymerase family member 14","Up"
2.07732656076061,6.57938761362479,4.59799150568796,1.0047504478446e-05,6.18143979398119e-05,2.66882356103793,"ZNF850","342892","zinc finger protein 850","Up"
-2.48213648287351,7.94297487904817,-4.59359264201903,1.02312205268951e-05,6.28480285789344e-05,2.65144625494053,"PRICKLE1","144165","prickle planar cell polarity protein 1","Down"
-2.20025967988883,3.63576916546751,-4.59236000175358,1.02832804394922e-05,6.3148432091136e-05,2.64657896095442,"RYR1","6261","ryanodine receptor 1","Down"
-1.49429385705267,8.28094673330822,-4.59185738189361,1.03045816922705e-05,6.32598238469642e-05,2.64459454795458,"MBLAC2","153364","metallo-beta-lactamase domain containing 2","Down"
1.25998407207817,8.44070528321059,4.58866618796821,1.04408237333372e-05,6.4076552280024e-05,2.63199890449917,"ZNF232","7775","zinc finger protein 232","Up"
-1.50429697058633,9.89855719877941,-4.58832096668353,1.04556661860723e-05,6.41394734242804e-05,2.63063669238121,"PDK3","5165","pyruvate dehydrogenase kinase 3","Down"
2.70397744726094,8.5016557965242,4.58827862577701,1.0457487994702e-05,6.41394734242804e-05,2.63046962403556,"RNASE4","6038","ribonuclease A family member 4","Up"
2.60476172323701,5.74968381465237,4.58677139437514,1.05225399828124e-05,6.45186814085587e-05,2.62452312508988,"LRIG3","121227","leucine rich repeats and immunoglobulin like domains 3","Up"
-2.22891439492321,8.71291553968509,-4.58606470362239,1.05531751380472e-05,6.46668836100795e-05,2.62173549183967,"PRICKLE2","166336","prickle planar cell polarity protein 2","Down"
-1.38133595854334,13.0646458131335,-4.58494252487341,1.06019988633982e-05,6.49461700122496e-05,2.61730954559611,"PTPRO","5800","protein tyrosine phosphatase, receptor type O","Down"
1.58037610383557,8.44620453010586,4.58256872263289,1.07059981565355e-05,6.55369513254082e-05,2.60794967595236,"PLXNA3","55558","plexin A3","Up"
-4.36502411838403,8.09867507406207,-4.58251718904543,1.07082668007577e-05,6.55369513254082e-05,2.60774651831022,"HMP19","51617","HMP19 protein","Down"
-1.69517063494202,5.70309383356994,-4.58070542120925,1.07883213798122e-05,6.59912703722836e-05,2.60060514167079,"MIR29C","407026","microRNA 29c","Down"
1.51021727901971,7.99530944390355,4.58063837005023,1.07912951601355e-05,6.59912703722836e-05,2.60034088756588,"MYO9B","4650","myosin IXB","Up"
1.30875425733879,10.401712364741,4.58061358737578,1.07923944948324e-05,6.59912703722836e-05,2.60024321772074,"MAPK1IP1L","93487","mitogen-activated protein kinase 1 interacting protein 1 like","Up"
-1.35632526304537,2.95503659200118,-4.57538908082957,1.10265794469725e-05,6.72382733909107e-05,2.5796616325984,"ESYT3","83850","extended synaptotagmin 3","Down"
1.40764686649855,7.68844537508953,4.57379689281169,1.10989186879876e-05,6.7638156012966e-05,2.57339267253548,"PACRGL","133015","PARK2 coregulated like","Up"
1.48380418344569,7.38423799393959,4.57332220197321,1.1120574268678e-05,6.77494912891114e-05,2.57152396438937,"RNF213","57674","ring finger protein 213","Up"
-1.30923539603991,7.95792904696053,-4.57148160471301,1.12049295399011e-05,6.81803604941612e-05,2.56427943187158,"CHCHD6","84303","coiled-coil-helix-coiled-coil-helix domain containing 6","Down"
1.77458289896167,8.17517446260633,4.57124736853634,1.12157088946979e-05,6.82044643939883e-05,2.563357636093,"NINL","22981","ninein like","Up"
-2.98418902677634,6.37865616327882,-4.56640237637728,1.14409303734619e-05,6.94684958973754e-05,2.54429863009179,"CYP26B1","56603","cytochrome P450 family 26 subfamily B member 1","Down"
1.04022380518705,9.48388103861923,4.5663089768708,1.14453147066758e-05,6.94740325656744e-05,2.54393136228683,"TSEN15","116461","tRNA splicing endonuclease subunit 15","Up"
1.48100312510723,11.6231336767888,4.56605730825746,1.14571365405941e-05,6.95246984433324e-05,2.54294177176683,"NOTCH2NL","388677","notch 2 N-terminal like","Up"
1.59776020783964,8.04762578296515,4.56567301254684,1.14752111267181e-05,6.96132653160248e-05,2.54143075166123,"ZNF107","51427","zinc finger protein 107","Up"
1.30943005248488,9.7589609470855,4.56482383269988,1.15152483098752e-05,6.98138099805073e-05,2.5380921687554,"MCM4","4173","minichromosome maintenance complex component 4","Up"
1.21346380843135,10.5303567377208,4.56324650668623,1.15899744253531e-05,7.02030330996182e-05,2.53189203769701,"LPCAT1","79888","lysophosphatidylcholine acyltransferase 1","Up"
1.06451081536731,10.3789098020294,4.5627952748837,1.16114376083586e-05,7.03117530963773e-05,2.53011862578433,"FKBP9","11328","FK506 binding protein 9","Up"
-3.31584854042505,6.76567034481864,-4.562380566664,1.16311973605305e-05,7.03893074770663e-05,2.52848886863481,"FAM131B","9715","family with sequence similarity 131 member B","Down"
-1.54894697175984,7.41422256440018,-4.56237880061678,1.1631281577407e-05,7.03893074770663e-05,2.52848192849385,"FBXL20","84961","F-box and leucine rich repeat protein 20","Down"
-1.25664129529264,6.72695566681888,-4.56178840451073,1.16594686141891e-05,7.0524568535327e-05,2.52616192215349,"CARMIL3","90668","capping protein regulator and myosin 1 linker 3","Down"
1.32288960431656,9.82999489275059,4.56176301199103,1.16606823969042e-05,7.0524568535327e-05,2.5260621451676,"SWAP70","23075","SWAP switching B-cell complex 70kDa subunit","Up"
-2.71053345563169,8.24568849837231,-4.5600863393118,1.17410992542192e-05,7.09894750012582e-05,2.51947473780556,"TMEM246","84302","transmembrane protein 246","Down"
1.51744808500342,7.04373741719834,4.55998947990627,1.17457611649652e-05,7.09962065339755e-05,2.51909424432751,"PCDH12","51294","protocadherin 12","Up"
1.40687930009705,8.8638122040755,4.55836684020006,1.18241262191142e-05,7.14299596973982e-05,2.51272088312449,"ZNF320","162967","zinc finger protein 320","Up"
1.38566175566548,7.99999284166047,4.55755434211803,1.1863555075559e-05,7.16216494860319e-05,2.50953018868041,"DDX58","23586","DEXD/H-box helicase 58","Up"
1.40885149796581,7.30423306678935,4.55538336812136,1.19695317091054e-05,7.22178591387432e-05,2.50100674568666,"CCNJ","54619","cyclin J","Up"
1.52423348324305,12.5710715227939,4.55503132429109,1.19868027130222e-05,7.22784695236393e-05,2.49962486510429,"FN1","2335","fibronectin 1","Up"
-1.17169136824885,9.98332157434822,-4.55195158892201,1.21389215745286e-05,7.30635992604074e-05,2.48753923698196,"BACE1","23621","beta-secretase 1","Down"
-1.78636467936286,11.1522292495261,-4.55104838225514,1.2183886399746e-05,7.32689238459693e-05,2.48399595280327,"KIF1A","547","kinesin family member 1A","Down"
-3.49399727602308,5.95884826629817,-4.55104568188715,1.2184021074401e-05,7.32689238459693e-05,2.48398536000671,"PLCXD3","345557","phosphatidylinositol specific phospholipase C X domain containing 3","Down"
1.01131129548868,8.95633407768243,4.54868893519942,1.23021079772613e-05,7.39345972667666e-05,2.47474222328972,"GABPB1","2553","GA binding protein transcription factor beta subunit 1","Up"
-1.60579043061078,7.56001433217278,-4.54810341137821,1.2331617073728e-05,7.40674460504582e-05,2.47244634041801,"SLC36A1","206358","solute carrier family 36 member 1","Down"
1.11924193864845,8.82228770344456,4.54516634448304,1.24806727044071e-05,7.48503653468442e-05,2.46093309868586,"HEATR1","55127","HEAT repeat containing 1","Up"
-3.83014644919087,6.81365309172941,-4.54459618115727,1.25098092812333e-05,7.50026234011494e-05,2.4586986923677,"SCN1A","6323","sodium voltage-gated channel alpha subunit 1","Down"
-1.1697354803814,5.74440085641947,-4.54449787124872,1.25148397618375e-05,7.50103053070949e-05,2.45831344728118,"PORCN","64840","porcupine homolog (Drosophila)","Down"
-1.05205115667423,9.06928430902515,-4.54358869429748,1.2561454623461e-05,7.52671526359938e-05,2.45475095871275,"MAN2A2","4122","mannosidase alpha class 2A member 2","Down"
-1.57588520666759,10.5014177895968,-4.54116008698958,1.2686796202188e-05,7.59954286278968e-05,2.44523730865156,"HNRNPUL2-BSCL2","100534595","HNRNPUL2-BSCL2 readthrough (NMD candidate)","Down"
1.1178994798493,10.2932265993348,4.54028823698563,1.27320865879073e-05,7.62295489778215e-05,2.44182288278962,"RCC2","55920","regulator of chromosome condensation 2","Up"
2.37498078017054,11.3323631492973,4.53941633994256,1.27775354653304e-05,7.64702817992418e-05,2.43840874630454,"TIMP1","7076","TIMP metallopeptidase inhibitor 1","Up"
-2.49020230826279,8.57753248788006,-4.53797151523104,1.28531939571605e-05,7.68770856504965e-05,2.43275220750009,"EHD3","30845","EH domain containing 3","Down"
1.71081184891841,7.22562049845615,4.53746801458186,1.28796613070256e-05,7.69893587599821e-05,2.43078129071786,"FANCG","2189","Fanconi anemia complementation group G","Up"
1.92151419402978,7.25478954172621,4.53541903239288,1.29879130838448e-05,7.75669185279053e-05,2.42276232878565,"LCA5","167691","LCA5, lebercilin","Up"
-1.76010636125253,7.98981952818988,-4.53418118928558,1.30537357034333e-05,7.79367622257803e-05,2.41791913516253,"DDX25","29118","DEAD-box helicase 25","Down"
1.9076937028253,10.3989640475309,4.53405739614558,1.3060336115274e-05,7.79529071176273e-05,2.41743483382415,"PLSCR1","5359","phospholipid scramblase 1","Up"
-4.02379115895786,5.65106726112491,-4.53054148151891,1.32491484614201e-05,7.9032711171029e-05,2.40368392698079,"GRM1","2911","glutamate metabotropic receptor 1","Down"
-3.7378113205332,8.0218126842432,-4.52963959073599,1.32980048930183e-05,7.92768724358215e-05,2.40015783329208,"GABRB3","2562","gamma-aminobutyric acid type A receptor beta3 subunit","Down"
-1.62644152491979,3.08426137754793,-4.52897026814399,1.33343751877757e-05,7.9470016199532e-05,2.39754133236476,"SYNDIG1L","646658","synapse differentiation inducing 1 like","Down"
-1.66016826367942,7.29597923593053,-4.52880172287195,1.33435488815842e-05,7.95010072882238e-05,2.39688250304317,"LNP1","348801","leukemia NUP98 fusion partner 1","Down"
-3.05171463190093,7.92835684807911,-4.52869289400511,1.33494755268654e-05,7.95126397338482e-05,2.3964571095627,"MRO","83876","maestro","Down"
1.4406590646113,10.6803972594034,4.52668814176091,1.34591065929954e-05,8.01417695256128e-05,2.38862219817587,"ZAK","51776","sterile alpha motif and leucine zipper containing kinase AZK","Up"
2.73152294613708,5.6669139216287,4.52646131431993,1.34715653590245e-05,8.01920881100873e-05,2.38773587621251,"RGS22","26166","regulator of G-protein signaling 22","Up"
-1.33365645055116,7.68577371997793,-4.5255092998028,1.35239773653767e-05,8.04801353804556e-05,2.38401625637937,"SRXN1","140809","sulfiredoxin 1","Down"
1.74628941485949,8.12608710375462,4.52515346577475,1.35436178490265e-05,8.0560521335526e-05,2.38262612118929,"ISYNA1","51477","inositol-3-phosphate synthase 1","Up"
1.52093240282287,10.1455213546654,4.52338005296057,1.36419136064828e-05,8.11095885660923e-05,2.37569911740268,"P4HA1","5033","prolyl 4-hydroxylase subunit alpha 1","Up"
1.44194085342498,5.44067798862746,4.52271782898333,1.36787952232e-05,8.1304710644849e-05,2.3731129547856,"C1orf112","55732","chromosome 1 open reading frame 112","Up"
1.97727129061373,7.01855508150562,4.52170523633323,1.37353762197544e-05,8.16167722092745e-05,2.3691590385461,"TRIP10","9322","thyroid hormone receptor interactor 10","Up"
-1.82371187605405,7.4852180520555,-4.51956328904961,1.38558075868396e-05,8.22590926972997e-05,2.36079739331914,"SLC4A3","6508","solute carrier family 4 member 3","Down"
1.36076625868987,8.54105347468183,4.51940278177394,1.38648730555526e-05,8.22640911098577e-05,2.36017092725139,"CTDSPL2","51496","CTD small phosphatase like 2","Up"
1.42756154765799,7.15571877353716,4.51863593715185,1.39082635674499e-05,8.24970735825587e-05,2.35717812569718,"NUDT1","4521","nudix hydrolase 1","Up"
1.98970889842288,7.18941961241669,4.51392997628423,1.41774248407626e-05,8.39502932972991e-05,2.33882000570731,"ACP6","51205","acid phosphatase 6, lysophosphatidic","Up"
2.2327483777403,7.48668101584675,4.51175178473483,1.43037030546787e-05,8.46418772596738e-05,2.33032749900392,"CCNA2","890","cyclin A2","Up"
1.7304292336188,11.4693752829131,4.51138425322089,1.43251169957818e-05,8.47435291941475e-05,2.3288948310022,"LRRN1","57633","leucine rich repeat neuronal 1","Up"
-4.01432564041605,8.08729280980722,-4.51130229171555,1.43298966356596e-05,8.47467460802964e-05,2.32857534987304,"ELAVL4","1996","ELAV like neuron-specific RNA binding protein 4","Down"
1.83498900240026,6.40556385932,4.51098652051758,1.4348325429324e-05,8.48306580568811e-05,2.32734453166596,"TSKU","25987","tsukushi, small leucine rich proteoglycan","Up"
1.36387186595101,10.0029329582234,4.50969552260316,1.4423907749443e-05,8.52523256552749e-05,2.3223131087319,"CHIC2","26511","cysteine rich hydrophobic domain 2","Up"
1.69802588315496,8.29215795252822,4.50959377491376,1.44298809355488e-05,8.52578992313397e-05,2.32191661055959,"SF3A2","8175","splicing factor 3a subunit 2","Up"
1.11536334275417,9.67699237827817,4.50953430021663,1.44333735540834e-05,8.52578992313397e-05,2.32168484802024,"ZCCHC7","84186","zinc finger CCHC-type containing 7","Up"
1.28603285041012,7.31202373775669,4.50934446921531,1.44445267304035e-05,8.52985968994045e-05,2.32094512449644,"SERTAD3","29946","SERTA domain containing 3","Up"
3.1645898039969,5.47622574323331,4.50760617987965,1.45470441479299e-05,8.58279894625874e-05,2.31417250031547,"SRPX2","27286","sushi repeat containing protein, X-linked 2","Up"
2.06193973720197,5.0405202693368,4.50584289649209,1.46517525463391e-05,8.63693615776686e-05,2.30730443205114,"APOBEC3B","9582","apolipoprotein B mRNA editing enzyme catalytic subunit 3B","Up"
1.29090618681183,9.39396118818686,4.50567802535186,1.46615801106031e-05,8.64018360155627e-05,2.30666235125068,"TTC8","123016","tetratricopeptide repeat domain 8","Up"
-4.15232253680191,7.50395270526586,-4.50459888372004,1.47260622875844e-05,8.67562803850711e-05,2.30246011987703,"TMEFF2","23671","transmembrane protein with EGF like and two follistatin like domains 2","Down"
1.22587335000986,7.36508831944615,4.50412632338634,1.47543853295953e-05,8.68975529258795e-05,2.30062017644775,"ZNF700","90592","zinc finger protein 700","Up"
-1.72555789584228,3.35988223537746,-4.50124998063025,1.49279163939373e-05,8.78424266571026e-05,2.28942397827638,"GREM2","64388","gremlin 2, DAN family BMP antagonist","Down"
1.05013548105838,4.6535886263703,4.50124880475434,1.49279877359998e-05,8.78424266571026e-05,2.28941940222783,"TAF8","129685","TATA-box binding protein associated factor 8","Up"
2.140986192752,10.8930231948472,4.50076251427731,1.49575198778572e-05,8.79827566569718e-05,2.28752702456713,"SERPING1","710","serpin family G member 1","Up"
2.20321763684234,8.45082034532024,4.50071134412535,1.49606306866106e-05,8.79827566569718e-05,2.28732790684424,"SPATA6","54558","spermatogenesis associated 6","Up"
2.60924496290769,7.43909651985124,4.49976708611167,1.50181474949916e-05,8.82950564009103e-05,2.2836538235697,"LOXL2","4017","lysyl oxidase like 2","Up"
-1.01376141066746,11.185347250494,-4.49865134583103,1.50863845779986e-05,8.86475106819824e-05,2.27931322925502,"CLDND1","56650","claudin domain containing 1","Down"
1.91913419039257,5.52614598646515,4.49864198627,1.50869582582171e-05,8.86475106819824e-05,2.27927682081222,"RAD51","5888","RAD51 recombinase","Up"
-1.44826799221756,7.66243981268645,-4.49741474781256,1.51623625236383e-05,8.90644119232036e-05,2.27450337279565,"FLT1","2321","fms related tyrosine kinase 1","Down"
-2.47710674977173,11.8989332845309,-4.49682819389897,1.51985299547431e-05,8.92244685459345e-05,2.27222225595705,"PTGDS","5730","prostaglandin D2 synthase","Down"
-2.86283578906963,6.35806495120894,-4.49668894192521,1.52071285679362e-05,8.92487595361393e-05,2.2716807347391,"RGS20","8601","regulator of G-protein signaling 20","Down"
-1.72685427915951,6.24426730267479,-4.49644358997525,1.52222901223922e-05,8.93115420758656e-05,2.2707266430092,"CYGB","114757","cytoglobin","Down"
2.67690213937725,7.48916305336615,4.49555860083017,1.5277099363061e-05,8.95805764820521e-05,2.26728553046435,"CCNB1","891","cyclin B1","Up"
1.15291274260349,12.3198739694709,4.49486684658693,1.53200736395656e-05,8.9783381836428e-05,2.26459611811379,"CNN3","1266","calponin 3","Up"
1.07942743966463,10.2393655111005,4.4948449462161,1.53214360719971e-05,8.9783381836428e-05,2.26451097844316,"PHF14","9678","PHD finger protein 14","Up"
-3.34315851310158,8.77583028851746,-4.49224572201404,1.54839676442547e-05,9.06872777103643e-05,2.25440840207024,"FGF13","2258","fibroblast growth factor 13","Down"
1.37950884041262,9.74710950228793,4.49201578733496,1.54984254284802e-05,9.07453899758863e-05,2.25351490438965,"LMNA","4000","lamin A/C","Up"
1.91894437882057,8.44472489088053,4.48980172063404,1.56383089108261e-05,9.14841071283325e-05,2.24491301813282,"ZNF548","147694","zinc finger protein 548","Up"
-1.69943816800967,9.85084527603805,-4.48735150186659,1.5794531551492e-05,9.23440072328175e-05,2.23539725310932,"SRGAP3","9901","SLIT-ROBO Rho GTPase activating protein 3","Down"
3.19302809753859,5.44616426960959,4.48692308263228,1.58220011087863e-05,9.2477585797104e-05,2.23373381581111,"C21orf62","56245","chromosome 21 open reading frame 62","Up"
-2.94816239880783,5.92615989668716,-4.48684142623052,1.58272420114365e-05,9.24812006199798e-05,2.23341677896109,"RASL11B","65997","RAS like family 11 member B","Down"
-2.3114897789432,7.85758913927183,-4.48493373361472,1.59501597542064e-05,9.31450222423842e-05,2.22601122064871,"LINC-PINT","378805","long intergenic non-protein coding RNA, p53 induced transcript","Down"
-1.35566024367897,8.9369329912629,-4.48472877475313,1.59634204311067e-05,9.31952589918739e-05,2.22521571798043,"OPN3","23596","opsin 3","Down"
1.34891444060394,7.7541874040187,4.48437135491782,1.59865706503377e-05,9.33031852395879e-05,2.22382853496524,"DLEU1","10301","deleted in lymphocytic leukemia 1","Up"
2.09217201811926,5.55289270907065,4.48336668628992,1.6051816938803e-05,9.3656664186244e-05,2.21992974427667,"C8orf48","157773","chromosome 8 open reading frame 48","Up"
-2.67961832589567,8.59749354529391,-4.48209515916867,1.61347620397791e-05,9.41131732157028e-05,2.2149962751784,"DNAJC12","56521","DnaJ heat shock protein family (Hsp40) member C12","Down"
1.56594346084358,10.8599466337876,4.48003099838378,1.62702934446571e-05,9.48484151944214e-05,2.20698959324776,"JAG1","182","jagged 1","Up"
2.60294820786883,6.24235318735473,4.47939103375316,1.63125355424244e-05,9.50669672581665e-05,2.20450777750146,"SAMD9L","219285","sterile alpha motif domain containing 9 like","Up"
-4.61516746155491,7.83645453388107,-4.47853056409916,1.63694991992778e-05,9.53711620500734e-05,2.20117123918923,"NRN1","51299","neuritin 1","Down"
1.85341831869415,5.83939664329041,4.47440751733734,1.66451193082599e-05,9.68923194647531e-05,2.1851902870875,"LOC100131541","100131541","uncharacterized LOC100131541","Up"
-3.64998355074793,4.13602709295704,-4.47345949253424,1.67091232329309e-05,9.72365993371872e-05,2.18151725535415,"KCNJ4","3761","potassium voltage-gated channel subfamily J member 4","Down"
-2.49603868005404,6.58154292271645,-4.47253384141144,1.67718455376116e-05,9.75732229342816e-05,2.17793145605154,"NRG3","10718","neuregulin 3","Down"
1.32803401272215,7.90795862383515,4.47112876021833,1.68674880881983e-05,9.8101114587379e-05,2.17248946881734,"SEPSECS-AS1","285540","SEPSECS antisense RNA 1 (head to head)","Up"
1.79197801246265,8.47110888399805,4.47089130407194,1.68837033544248e-05,9.81668855018821e-05,2.17156990617519,"ARHGAP18","93663","Rho GTPase activating protein 18","Up"
-1.67216104462723,10.8114785795041,-4.46871114396252,1.70332848926275e-05,9.89790679194882e-05,2.16312877591473,"SH3BP5","9467","SH3 domain binding protein 5","Down"
-1.87026251541559,8.50939501386385,-4.46738269602243,1.71250556669914e-05,9.94257076986354e-05,2.15798677285491,"RNFT2","84900","ring finger protein, transmembrane 2","Down"
-1.9583621758119,12.587571124503,-4.46659929114809,1.71793974267048e-05,9.97122727925972e-05,2.15495498275182,"ATP1B1","481","ATPase Na+/K+ transporting subunit beta 1","Down"
1.46176872232701,10.0671432685778,4.46532679040934,1.72680203252003e-05,0.000100168536574741,2.15003121078948,"MEIS3P1","4213","Meis homeobox 3 pseudogene 1","Up"
1.2349838412236,7.96901723218586,4.46418148748,1.73481612524356e-05,0.000100575097704283,2.14560048976667,"LAS1L","81887","LAS1 like, ribosome biogenesis factor","Up"
-1.52148033453656,11.1412369425106,-4.4634778773347,1.73975730114109e-05,0.000100832341610457,2.14287891387629,"DOCK4","9732","dedicator of cytokinesis 4","Down"
3.45769096808382,6.49269170725533,4.46309447535441,1.74245548871934e-05,0.000100959475710419,2.14139604044559,"SPATA18","132671","spermatogenesis associated 18","Up"
1.09387589056009,7.62308775431414,4.46257445394484,1.7461215803411e-05,0.000101113326940331,2.13938491644232,"TTC27","55622","tetratricopeptide repeat domain 27","Up"
1.38507068450387,9.8405242416097,4.46200010257082,1.75017933236788e-05,0.000101318975412859,2.13716387639348,"RELA","5970","RELA proto-oncogene, NF-kB subunit","Up"
-2.14910543329566,3.98925131888953,-4.4590915173121,1.7708682345848e-05,0.000102366591669866,2.12591946661087,"MMD2","221938","monocyte to macrophage differentiation associated 2","Down"
1.54427557996062,5.20271855768231,4.45904659729458,1.77118959367639e-05,0.000102366591669866,2.12574585063027,"TTC23","64927","tetratricopeptide repeat domain 23","Up"
1.83677766077698,6.87274027401467,4.45669952001261,1.78805906795657e-05,0.000103242995014739,2.11667616958239,"NEDD4","4734","neural precursor cell expressed, developmentally down-regulated 4, E3 ubiquitin protein ligase","Up"
1.24304256859158,6.6263182938058,4.45610313937576,1.79237012730335e-05,0.000103462057521518,2.1143721650615,"SZT2","23334","seizure threshold 2 homolog (mouse)","Up"
-2.02445178937791,2.74697861783503,-4.45135312710356,1.82706601327884e-05,0.000105343255699337,2.09602943620565,"SHISA8","440829","shisa family member 8","Down"
-2.12587462005582,9.36828107480538,-4.45114055341652,1.82863376674236e-05,0.000105403272172902,2.0952088925692,"RNF157","114804","ring finger protein 157","Down"
1.06491583851854,5.24383444562763,4.45011705637888,1.8362003308294e-05,0.000105778462478848,2.09125855107152,"SWSAP1","126074","SWIM-type zinc finger 7 associated protein 1","Up"
2.8680047198115,9.57839381899248,4.44920528044806,1.84296636059746e-05,0.000106137674083113,2.08773997398884,"GBP1","2633","guanylate binding protein 1","Up"
2.55990222360513,8.37058555558012,4.44812947203112,1.85098052791324e-05,0.00010656853934377,2.08358906811448,"LAMA4","3910","laminin subunit alpha 4","Up"
1.69991336897738,6.34580008391219,4.44725423553744,1.85752531127572e-05,0.000106914582573916,2.08021259226995,"ZNF586","54807","zinc finger protein 586","Up"
-1.02265410381506,10.6527985756493,-4.44482847486926,1.87578125402072e-05,0.0001079032649488,2.07085706730512,"PIP4K2B","8396","phosphatidylinositol-5-phosphate 4-kinase type 2 beta","Down"
-1.49456401055878,10.7106624795977,-4.44458595539671,1.8776158994123e-05,0.000107977755963041,2.06992193860945,"RBFOX2","23543","RNA binding protein, fox-1 homolog 2","Down"
3.03183940775319,4.84804152613231,4.44443501789058,1.87875860545484e-05,0.000108012423618779,2.06933995887641,"CBX2","84733","chromobox 2","Up"
1.0024254033449,8.15130892709266,4.44388298658124,1.88294359135204e-05,0.000108221925975813,2.06721157850285,"ARHGAP19","84986","Rho GTPase activating protein 19","Up"
1.12554570126962,3.44192401289,4.4431995779106,1.88813700197984e-05,0.000108489250426797,2.06457693534059,"ANXA2P3","305","annexin A2 pseudogene 3","Up"
2.62200232262702,6.04517128226077,4.44100921000875,1.90487538185889e-05,0.000109419585888174,2.05613473822615,"FANCD2","2177","Fanconi anemia complementation group D2","Up"
-2.6937600545747,9.02765788949994,-4.43935161382515,1.91763736280751e-05,0.000110086750591081,2.04974799726591,"EPHA4","2043","EPH receptor A4","Down"
-4.54352464229113,7.30763683655574,-4.43928645394715,1.91814071355279e-05,0.000110086750591081,2.04949697105192,"ELAVL2","1993","ELAV like neuron-specific RNA binding protein 2","Down"
-1.398505444758,11.0325536010492,-4.4386237327457,1.92326737661498e-05,0.000110320894493429,2.04694401357429,"TPD52","7163","tumor protein D52","Down"
-3.21332589896943,6.55116990112515,-4.4365015883367,1.93977278257567e-05,0.000111168817132602,2.0387708955559,"FNDC5","252995","fibronectin type III domain containing 5","Down"
3.85479794716009,8.34637818758964,4.43496601327495,1.95180103819768e-05,0.000111794112142058,2.03285864775934,"ELN","2006","elastin","Up"
1.84383824811735,8.4610949435358,4.43235073158991,1.97245228872931e-05,0.000112880014132172,2.02279278548773,"PRKY","5616","protein kinase, Y-linked, pseudogene","Up"
-1.64825592965654,8.99173435795349,-4.43006224699764,1.99069557161166e-05,0.000113891467833098,2.01398829443159,"RALGPS1","9649","Ral GEF with PH domain and SH3 binding motif 1","Down"
1.66833033796245,9.51731733802538,4.429793994781,1.99284463058203e-05,0.000113981825397526,2.01295646566762,"LOC102724884","102724884","uncharacterized LOC102724884","Up"
-1.24019978409034,3.72371778060982,-4.42959380744394,1.99444985488014e-05,0.000114008452133106,2.01218647748312,"FMNL1","752","formin like 1","Down"
-1.26756506461236,5.23423827078497,-4.42654872981446,2.01902125155665e-05,0.000115333694918963,2.00047722880296,"OSBP2","23762","oxysterol binding protein 2","Down"
-1.87076630509309,3.97016525617953,-4.42650520387099,2.01937457686214e-05,0.000115333694918963,2.00030990118007,"PRCD","768206","progressive rod-cone degeneration","Down"
-2.75236498580099,5.11501210824302,-4.4264495375709,2.0198265392712e-05,0.000115333694918963,2.00009590391092,"DGKB","1607","diacylglycerol kinase beta","Down"
1.21197219529803,3.88252459273923,4.42643564425707,2.01993935620556e-05,0.000115333694918963,2.00004249432449,"LOC100128108","100128108","putative ubiquitin-conjugating enzyme E2Q2-like protein","Up"
1.00760283522991,6.33029649435604,4.42607210958898,2.02289350032454e-05,0.000115469415865886,1.99864501430708,"SNIP1","79753","Smad nuclear interacting protein 1","Up"
-2.63049101729021,7.12864161560095,-4.42441333688722,2.03642586541806e-05,0.000116175569687537,1.9922695210935,"PPP1R14A","94274","protein phosphatase 1 regulatory inhibitor subunit 14A","Down"
-3.66520981316555,6.06958624062734,-4.42225372936805,2.05417477854175e-05,0.00011708796237688,1.98397169959967,"UNC5D","137970","unc-5 netrin receptor D","Down"
-1.82877664796732,4.10510553247083,-4.42139253031844,2.06129408895904e-05,0.00011746029859813,1.98066355994946,"LANCL3","347404","LanC like 3","Down"
1.3912947433566,8.28031682605349,4.42073385162248,2.06675524871538e-05,0.000117737962018931,1.97813368495779,"FANCF","2188","Fanconi anemia complementation group F","Up"
2.95542713145792,6.21636792552219,4.41994757736709,2.07329256089885e-05,0.000118076755667246,1.97511409937969,"CYP39A1","51302","cytochrome P450 family 39 subfamily A member 1","Up"
-1.31107188304997,3.50752508210355,-4.41967908588472,2.07552943489708e-05,0.000118170510540654,1.97408308263929,"INHBA-AS1","285954","INHBA antisense RNA 1","Down"
2.36235737389066,5.90714829051462,4.41880345381007,2.08284072138708e-05,0.00011841828449216,1.9707209445398,"EPHB4","2050","EPH receptor B4","Up"
-3.42461681244478,5.50092054242456,-4.41845719509968,2.08573872449971e-05,0.000118549359832573,1.96939156050461,"SLC8A3","6547","solute carrier family 8 member A3","Down"
-3.17962569732716,10.3705041636286,-4.41685061637696,2.09923582874165e-05,0.000119248754189762,1.96322445748484,"GABBR2","9568","gamma-aminobutyric acid type B receptor subunit 2","Down"
-1.17755426902926,8.83933544935473,-4.41585163084964,2.10767082463249e-05,0.000119693926166398,1.95939052722507,"SLC25A33","84275","solute carrier family 25 member 33","Down"
1.58390627605207,6.07871996971787,4.41404384878023,2.12301799187657e-05,0.000120461313383558,1.95245419987361,"ZGRF1","55345","zinc finger GRF-type containing 1","Up"
2.22918190380329,8.83121298398272,4.41395758363244,2.12375302371661e-05,0.000120461313383558,1.95212325904276,"MYC","4609","v-myc avian myelocytomatosis viral oncogene homolog","Up"
1.14882644559525,10.1780690132127,4.41129976177758,2.14651976378027e-05,0.000121658416186833,1.94192933194966,"TMOD3","29766","tropomodulin 3","Up"
1.58703356382479,6.94461894511331,4.41014842028593,2.15645487623092e-05,0.000122186895238607,1.93751482853073,"GPR173","54328","G protein-coupled receptor 173","Up"
2.68616663356154,7.49860966881722,4.40982940931052,2.15921549859737e-05,0.00012230867633193,1.93629181841393,"S100A4","6275","S100 calcium binding protein A4","Up"
1.62465004475943,8.12353057093911,4.40924413780694,2.16428910870292e-05,0.000122558968569948,1.93404819982284,"ATP11C","286410","ATPase phospholipid transporting 11C","Up"
-1.19144753614478,2.79159565136142,-4.40912824030221,2.16529516347515e-05,0.000122558968569948,1.93360393664297,"PLA1A","51365","phospholipase A1 member A","Down"
1.02146318106002,4.63800006912976,4.40766409594291,2.17804359309269e-05,0.000123200786448983,1.92799225729912,"LOC100131262","100131262","uncharacterized LOC100131262","Up"
1.83936542323767,9.53336145423876,4.40749168380985,2.17954954801002e-05,0.000123251124383936,1.92733153734536,"CYBA","1535","cytochrome b-245 alpha chain","Up"
2.86371020858981,8.44748814535509,4.40521856942778,2.19949833331125e-05,0.000124308935464853,1.91862225919772,"SLC2A10","81031","solute carrier family 2 member 10","Up"
1.22041115618697,9.89287778102568,4.40507672420883,2.20074897299775e-05,0.000124344492241643,1.91807889887487,"RSU1","6251","Ras suppressor protein 1","Up"
3.27479605280342,7.56830475038402,4.40487035373864,2.20256975027166e-05,0.000124412233183752,1.91728838748487,"SCIN","85477","scinderin","Up"
2.23221462511091,5.60085972185485,4.40373194012223,2.21263990987464e-05,0.000124945771032633,1.912928133091,"EMILIN1","11117","elastin microfibril interfacer 1","Up"
1.28428552802471,9.89357949957669,4.39991831461149,2.24669840996564e-05,0.000126635869765653,1.89832756128781,"DNAAF2","55172","dynein axonemal assembly factor 2","Up"
1.32131295370059,5.08438872220391,4.39981443066056,2.24763319607054e-05,0.000126635869765653,1.89792996910259,"TEAD3","7005","TEA domain transcription factor 3","Up"
2.13036329736607,5.46420683175432,4.39930154817401,2.25225379244168e-05,0.000126860477548932,1.89596712948849,"MND1","84057","meiotic nuclear divisions 1","Up"
1.2864440831234,5.81657110739272,4.39870428398779,2.25764611573085e-05,0.000127128414966021,1.89368156737443,"SFMBT1","51460","Scm-like with four mbt domains 1","Up"
-2.08076905290954,4.16533564749976,-4.39720312026763,2.27125411480266e-05,0.000127858697453171,1.88793804596863,"RPS6KL1","83694","ribosomal protein S6 kinase like 1","Down"
3.97341879119026,6.06164518878426,4.39676702892882,2.27522204706242e-05,0.000128030640520865,1.88626981139834,"MFAP4","4239","microfibrillar associated protein 4","Up"
-2.80806872324898,8.04735187946527,-4.39672680963631,2.27558833254458e-05,0.000128030640520865,1.88611596166875,"SLITRK5","26050","SLIT and NTRK like family member 5","Down"
2.12305200154109,5.15752537805917,4.3962194072408,2.28021423046565e-05,0.000128254838653153,1.8841750986724,"NSUN7","79730","NOP2/Sun RNA methyltransferase family member 7","Up"
1.10617303490998,10.3919747670853,4.39185082070293,2.32041811772313e-05,0.000130406194610356,1.86747166977631,"MYEF2","50804","myelin expression factor 2","Up"
1.74372568749336,6.23078708178012,4.39084616964724,2.3297599153561e-05,0.000130820956010467,1.86363208751465,"AKNA","80709","AT-hook transcription factor","Up"
-1.08498596803202,9.77809426395876,-4.39029644534319,2.33488686738647e-05,0.000131072058237377,1.86153142181604,"TMEM132A","54972","transmembrane protein 132A","Down"
-1.79439858909462,9.61344385140006,-4.38822794736576,2.35427600963919e-05,0.000132086371634468,1.85362879422633,"PITPNC1","26207","phosphatidylinositol transfer protein, cytoplasmic 1","Down"
-1.81932455333715,4.2554968548587,-4.38634560125583,2.37205486370454e-05,0.000133046542355304,1.8464397431381,"CAMSAP3","57662","calmodulin regulated spectrin associated protein family member 3","Down"
1.26612457658218,8.24865932557722,4.38541666545221,2.38087626317836e-05,0.000133503899656417,1.84289279343104,"TMEM8A","58986","transmembrane protein 8A","Up"
-1.57152132565418,7.08794558748639,-4.38518224534791,2.38310735781847e-05,0.000133591563205027,1.84199779629922,"DPF1","8193","double PHD fingers 1","Down"
1.04621997025345,9.18768573165888,4.38481532781945,2.38660353776679e-05,0.00013375007557451,1.84059700558074,"LCMT2","9836","leucine carboxyl methyltransferase 2","Up"
1.11441242481131,9.65556113376272,4.38398381831951,2.39454487011789e-05,0.000134157544711421,1.83742285026231,"BMPR1A","657","bone morphogenetic protein receptor type 1A","Up"
-1.39251094196128,10.2800087394141,-4.37937631218438,2.43901185416606e-05,0.000136495972493148,1.81984248908148,"PCDHA1","56147","protocadherin alpha 1","Down"
2.66222722887107,8.3247684213029,4.37870270232627,2.44557907193727e-05,0.000136786973699326,1.81727341379569,"FAM129A","116496","family with sequence similarity 129 member A","Up"
1.52429345920658,8.62920159718592,4.37634907941539,2.46865909223235e-05,0.000138039302566497,1.80829924401392,"JADE3","9767","jade family PHD finger 3","Up"
-1.8725590955645,6.70998506891976,-4.37615166230947,2.47060449714033e-05,0.000138109483582807,1.8075466710719,"TNFAIP8L1","126282","TNF alpha induced protein 8 like 1","Down"
1.60953783071597,8.15125934122722,4.37589933635648,2.47309313755846e-05,0.000138181601354237,1.80658481688962,"ABHD14B","84836","abhydrolase domain containing 14B","Up"
-1.17165297519685,8.31101360050509,-4.37588081290485,2.47327592567363e-05,0.000138181601354237,1.80651420801467,"NDUFAF5","79133","NADH:ubiquinone oxidoreductase complex assembly factor 5","Down"
2.1804476523023,4.57083649500461,4.37554544850087,2.47658752729519e-05,0.000138309824720282,1.80523588280728,"LOC158402","158402","uncharacterized LOC158402","Up"
-2.96634651278456,6.09146230914302,-4.37534925255233,2.47852686888621e-05,0.000138326641997517,1.80448806652933,"LHFPL4","375323","lipoma HMGIC fusion partner-like 4","Down"
2.45550303137843,11.0053638118867,4.37473474720166,2.48461054229638e-05,0.000138621313775024,1.80214599157504,"HLA-DRA","3122","major histocompatibility complex, class II, DR alpha","Up"
1.28824558407436,8.86691818152787,4.37342802906842,2.49759500451814e-05,0.000139306895052675,1.79716648283912,"WDR92","116143","WD repeat domain 92","Up"
-1.64258327612314,6.62943803948148,-4.37291762885885,2.50268440928681e-05,0.000139551858909145,1.79522180043077,"KBTBD8","84541","kelch repeat and BTB domain containing 8","Down"
-3.03727809627357,4.63821007263604,-4.37010110311892,2.53094908653185e-05,0.000141049299092598,1.78449353993436,"MOG","4340","myelin oligodendrocyte glycoprotein","Down"
-1.16868786946068,3.47323141816763,-4.36998080730212,2.53216310504609e-05,0.000141077658709711,1.7840354422072,"DUSP2","1844","dual specificity phosphatase 2","Down"
-1.19948043117055,3.28754749873408,-4.36905442568328,2.54153088556576e-05,0.000141520758217407,1.78050800701938,"MYH11","4629","myosin heavy chain 11","Down"
-2.79537335628422,6.53989170321817,-4.3685365811149,2.54678196783955e-05,0.00014177369735828,1.77853642246392,"MRAP2","112609","melanocortin 2 receptor accessory protein 2","Down"
-2.78100242982348,5.63940757665888,-4.36727200218581,2.55964904480142e-05,0.000142450343363955,1.77372253061505,"GOLGA7B","401647","golgin A7 family member B","Down"
1.33469995138389,7.51420011957213,4.36612162382966,2.57140844477273e-05,0.000143025211994907,1.76934426419724,"ZXDA","7789","zinc finger, X-linked, duplicated A","Up"
1.32613500811722,5.0857163635197,4.36605175789058,2.57212430030159e-05,0.000143025266470633,1.76907838641541,"FCF1","51077","FCF1 rRNA-processing protein","Up"
-1.14631252669954,10.970200143787,-4.36551567332372,2.57762347638755e-05,0.000143291227819077,1.76703839879674,"MMD","23531","monocyte to macrophage differentiation associated","Down"
-1.4760460148384,9.96744204811882,-4.36263349787375,2.60738337846198e-05,0.000144824872995249,1.75607390249892,"RGL1","23179","ral guanine nucleotide dissociation stimulator like 1","Down"
1.16881963550933,8.51704620537319,4.36085310865206,2.62593165894962e-05,0.000145774180634309,1.74930354966462,"ASCC3","10973","activating signal cointegrator 1 complex subunit 3","Up"
1.94562860374273,5.03554238331935,4.36039650269084,2.63070904126315e-05,0.000145998878747716,1.74756752702261,"MTFR2","113115","mitochondrial fission regulator 2","Up"
-1.80307564128692,10.8444890613921,-4.35984038829887,2.6365388556442e-05,0.000146281843829377,1.74545335381719,"ATP8A1","10396","ATPase phospholipid transporting 8A1","Down"
1.18379319019855,6.82240366787456,4.3596687945455,2.6383402014401e-05,0.000146341204353236,1.74480104831641,"CENPL","91687","centromere protein L","Up"
-1.10355694130376,10.6062277756864,-4.35911115737336,2.64420230824905e-05,0.000146625708373444,1.74268134851037,"HSPH1","10808","heat shock protein family H (Hsp110) member 1","Down"
1.25843469775897,5.12637460534402,4.35649510881115,2.67187094792905e-05,0.000148118930604645,1.73273986427214,"SNHG9","735301","small nucleolar RNA host gene 9","Up"
-1.8824451824459,6.96514919911231,-4.35620809964074,2.67492339965143e-05,0.000148247070517524,1.73164944397751,"OSTF1","26578","osteoclast stimulating factor 1","Down"
1.27090577299447,7.44935986138083,4.35611027198136,2.67596460039268e-05,0.0001482637046803,1.73127778417661,"RIPK2","8767","receptor interacting serine/threonine kinase 2","Up"
2.77758527783859,5.68756675054349,4.3548709011211,2.68918929293772e-05,0.000148955177696027,1.726569791593,"MKI67","4288","marker of proliferation Ki-67","Up"
-1.02315698877621,8.63825699657834,-4.35458386374304,2.69226107616347e-05,0.000149084050237483,1.72547956568808,"SCAPER","49855","S-phase cyclin A associated protein in the ER","Down"
1.45476235836864,5.24687250053237,4.3544873819595,2.69329435140982e-05,0.000149100000245314,1.72511312036703,"ZNF114","163071","zinc finger protein 114","Up"
1.33067775889375,4.7006324111458,4.35399009489522,2.69862611863441e-05,0.000149312535275218,1.72322448092115,"ZNF256","10172","zinc finger protein 256","Up"
1.98308242853497,4.88577113798917,4.35348955035975,2.70400306378734e-05,0.000149568673755027,1.72132363155293,"NAT1","9","N-acetyltransferase 1","Up"
1.52082830456225,8.32533576431314,4.35225440196929,2.71731538998146e-05,0.000150221964651448,1.7166337714838,"TRAF4","9618","TNF receptor associated factor 4","Up"
1.43691749068823,4.39664099366379,4.34726026928386,2.77178733464157e-05,0.000153173514837619,1.69768111347797,"FANCE","2178","Fanconi anemia complementation group E","Up"
1.05666805165016,8.68509523033426,4.34721950924805,2.77223620346389e-05,0.000153173514837619,1.69752649621753,"PEX13","5194","peroxisomal biogenesis factor 13","Up"
-2.02045457493564,6.64769837175142,-4.34647766625724,2.78041795579521e-05,0.000153540772954995,1.69471261094006,"ZC3H12B","340554","zinc finger CCCH-type containing 12B","Down"
1.05894413392544,6.49942085083231,4.34497652224743,2.79704510654534e-05,0.0001543737419218,1.68901971128556,"CXorf23","256643","chromosome X open reading frame 23","Up"
1.20141580677856,7.17365384402556,4.34290592962919,2.82013664775684e-05,0.000155605278300251,1.68116964642767,"MAP3K2","10746","mitogen-activated protein kinase kinase kinase 2","Up"
1.04195573070203,10.6519132757845,4.34226888225314,2.82727789429692e-05,0.000155956296749927,1.67875502111794,"SAP30","8819","Sin3A associated protein 30","Up"
1.02430894080407,10.6417604555456,4.34172118698747,2.83343141137445e-05,0.000156252652280509,1.67667928097599,"MINA","84864","MYC induced nuclear antigen","Up"
-2.83598145114425,5.05569411506248,-4.34146674500203,2.83629452152718e-05,0.000156367441422415,1.67571502361358,"SLCO4A1","28231","solute carrier organic anion transporter family member 4A1","Down"
-3.36150442604439,8.17301781906538,-4.33949572637031,2.85856786878475e-05,0.000157465218476808,1.66824688813662,"FAIM2","23017","Fas apoptotic inhibitory molecule 2","Down"
-2.56151064750769,8.00767817190935,-4.33813483835086,2.87404453953739e-05,0.000158274178647191,1.66309199188212,"NOL4","8715","nucleolar protein 4","Down"
-1.64574453957818,9.32193432228142,-4.33734333922456,2.88308287360825e-05,0.000158728230743754,1.66009443187071,"SGK223","157285","homolog of rat pragma of Rnd2","Down"
-2.69055669102051,7.53091596085373,-4.33583258626882,2.90041048548618e-05,0.000159638273956319,1.65437404773155,"JADE2","23338","jade family PHD finger 2","Down"
-1.07648632708797,9.2549790416368,-4.33545288524426,2.90478119577508e-05,0.000159781603053708,1.65293656343326,"CCDC28A","25901","coiled-coil domain containing 28A","Down"
1.0593798487806,10.0087827539493,4.33310058836112,2.93199979185095e-05,0.000161111013006213,1.64403324953669,"PSMA3-AS1","379025","PSMA3 antisense RNA 1","Up"
1.14493486715443,10.3956489702508,4.33176627742089,2.94754803092767e-05,0.000161832034727689,1.63898455414165,"RCBTB2","1102","RCC1 and BTB domain containing protein 2","Up"
1.21932028338882,11.3958749494322,4.3314698800274,2.95101258701773e-05,0.000161922939864284,1.63786321835487,"ZBTB20","26137","zinc finger and BTB domain containing 20","Up"
-2.57922125064044,6.16854005851355,-4.33141694613497,2.95163173731715e-05,0.000161922939864284,1.63766296393901,"CSDC2","27254","cold shock domain containing C2","Down"
-2.39794726099658,7.51967736241965,-4.33019846960209,2.96591843251438e-05,0.000162617511864388,1.63305384406033,"ELOVL7","79993","ELOVL fatty acid elongase 7","Down"
1.65995778618967,6.06277208464882,4.32965437817968,2.97231938159114e-05,0.000162923818815052,1.63099602618436,"IDUA","3425","iduronidase, alpha-L-","Up"
1.45349211370052,12.1262749971695,4.32953246992589,2.97375538827045e-05,0.000162957885656332,1.63053498119526,"MIR4640","100616237","microRNA 4640","Up"
-2.85986055264576,4.4439349888555,-4.32820860549002,2.98939273843566e-05,0.000163725104073042,1.62552887876709,"ADGRA1","84435","adhesion G protein-coupled receptor A1","Down"
1.55582757270617,5.42803225010065,4.32736232052348,2.99943035857811e-05,0.000164229893771408,1.62232930747406,"MYO1E","4643","myosin IE","Up"
-2.79084101947094,5.57769477413828,-4.32695747833788,3.00424356292317e-05,0.000164448429448438,1.62079887495688,"CPNE8","144402","copine 8","Down"
-3.19978284605352,7.94387354326308,-4.32633621835522,3.01164422147992e-05,0.000164808440752595,1.61845052151947,"ADGRB3","577","adhesion G protein-coupled receptor B3","Down"
1.18512954627981,8.66010925304651,4.32585079772831,3.01743891015637e-05,0.000164957858442838,1.61661581356012,"RFC5","5985","replication factor C subunit 5","Up"
1.29786136766495,10.4183457466091,4.32449421495018,3.03368995307515e-05,0.000165742858796217,1.61148925228446,"OBSL1","23363","obscurin like 1","Up"
-3.34079446611473,5.06525832563817,-4.32400129444704,3.03961565814335e-05,0.00016601747092207,1.60962678964583,"FA2H","79152","fatty acid 2-hydroxylase","Down"
1.13687736266456,8.29838121964248,4.32393811882528,3.04037593571483e-05,0.00016601747092207,1.60938809679591,"SLC25A17","10478","solute carrier family 25 member 17","Up"
1.18795153606772,4.43603905947574,4.32284071668627,3.05361166272602e-05,0.00016664923223175,1.60524225938064,"MOCS3","27304","molybdenum cofactor synthesis 3","Up"
-1.09531769041105,6.73749899359396,-4.32197599301375,3.06408006538192e-05,0.000167174938282237,1.60197600215179,"INF2","64423","inverted formin, FH2 and WH2 domain containing","Down"
1.69615620783918,7.70584295822213,4.32016560081594,3.08610863084455e-05,0.000168193340717262,1.5951393174846,"SUSD1","64420","sushi domain containing 1","Up"
1.61263832932346,5.64120372454142,4.31600319096484,3.13733505329934e-05,0.000170845569981927,1.57942867607594,"RAD18","56852","RAD18, E3 ubiquitin protein ligase","Up"
1.0928753302261,8.87555577464018,4.31498486643695,3.14999136992335e-05,0.000171469078519373,1.57558682105572,"CXorf38","159013","chromosome X open reading frame 38","Up"
3.11486272404049,10.7672587762347,4.31494410562983,3.1504989885401e-05,0.000171469078519373,1.57543305594824,"TNC","3371","tenascin C","Up"
1.28484208819,10.1234833567503,4.31100146596994,3.1999724031902e-05,0.000173864372709457,1.56056505660767,"ARRDC3","57561","arrestin domain containing 3","Up"
1.07168818013754,9.85258508321965,4.31095244432267,3.20059221616899e-05,0.000173864372709457,1.56038025600983,"PATZ1","23598","POZ/BTB and AT hook containing zinc finger 1","Up"
-1.11804600981552,8.41255232723823,-4.30815820914288,3.23611293466687e-05,0.00017569853862654,1.54984920975096,"USP25","29761","ubiquitin specific peptidase 25","Down"
1.12507317331709,9.12424990455284,4.30752257216451,3.2442459769784e-05,0.000175980320656516,1.54745430254544,"POU2F1","5451","POU class 2 homeobox 1","Up"
-3.34734324653879,3.44711416331864,-4.3074776637649,3.24482132704496e-05,0.000175980320656516,1.54728510989148,"NOS1","4842","nitric oxide synthase 1","Down"
-1.51233857578284,6.77446502238953,-4.30687153850934,3.25259638297425e-05,0.000176354189252482,1.54500165834794,"ZNF280B","140883","zinc finger protein 280B","Down"
-1.31561046243636,8.63899918555284,-4.30663312381281,3.25565954490307e-05,0.000176472447886415,1.54410354603455,"LOC646762","646762","uncharacterized LOC646762","Down"
-1.12115880022006,9.80043024993509,-4.30509834955232,3.27544485603421e-05,0.000177496818078755,1.53832291345032,"MAGI1","9223","membrane associated guanylate kinase, WW and PDZ domain containing 1","Down"
-2.37528588308869,8.50382157761959,-4.30493395998524,3.27757089747267e-05,0.000177563934323682,1.53770384152035,"PLEKHH1","57475","pleckstrin homology, MyTH4 and FERM domain containing H1","Down"
2.35437273267219,6.11593678605882,4.30449570612271,3.28324529347093e-05,0.000177775070599385,1.53605351488352,"STK33","65975","serine/threonine kinase 33","Up"
1.26143783725825,9.03047518017621,4.30331024801675,3.29864163934191e-05,0.000178560398480285,1.53159008020746,"USP3","9960","ubiquitin specific peptidase 3","Up"
1.14972581757883,7.77300064262627,4.3001011667185,3.3406690551293e-05,0.000180639907529654,1.51951199742735,"FAM175A","84142","family with sequence similarity 175 member A","Up"
1.19981818597199,4.96742346811858,4.29957079695229,3.34766435097205e-05,0.00018096925336368,1.51751648261846,"TRIM21","6737","tripartite motif containing 21","Up"
-1.04598270676088,12.3437710282939,-4.29942952899219,3.34952997290083e-05,0.000181021194402558,1.51698499332738,"AHCYL1","10768","adenosylhomocysteinase like 1","Down"
2.59217550030591,7.76347704269426,4.29879297477593,3.35794887579611e-05,0.000181378194271201,1.51459026153778,"BTN3A2","11118","butyrophilin subfamily 3 member A2","Up"
1.2942046123992,8.5839180999155,4.29866180988157,3.35968615373553e-05,0.000181423052301719,1.51409684908291,"ZNF195","7748","zinc finger protein 195","Up"
2.69256695308665,8.12540166201113,4.29782804601272,3.3707495590146e-05,0.000181922272530902,1.51096068247513,"LOC400043","400043","uncharacterized LOC400043","Up"
-1.20947565608061,11.442699587976,-4.29632238832929,3.39081722476217e-05,0.000182955987637046,1.50529836873745,"FAM171B","165215","family with sequence similarity 171 member B","Down"
2.37094017484162,9.38746121528882,4.2953888652832,3.40331697780241e-05,0.000183580918778357,1.50178842180649,"GEM","2669","GTP binding protein overexpressed in skeletal muscle","Up"
2.05924982625095,6.63236384522941,4.29451188810048,3.41509991164619e-05,0.000184117229674765,1.49849160092138,"TTLL4","9654","tubulin tyrosine ligase like 4","Up"
1.1207911598286,8.86494864996349,4.29299755875625,3.43553854633231e-05,0.000185069519915106,1.49279996704894,"WDR73","84942","WD repeat domain 73","Up"
1.05377015828211,6.01763585378586,4.29054222098598,3.46892778220154e-05,0.000186767594560027,1.48357472784282,"MRRF","92399","mitochondrial ribosome recycling factor","Up"
-1.48709754111138,6.24028711547373,-4.28907651764201,3.48900770534156e-05,0.000187747652395827,1.47806964345464,"MESP1","55897","mesoderm posterior bHLH transcription factor 1","Down"
-1.34831212008212,8.44583164053379,-4.28751935564498,3.51046291636132e-05,0.000188749883277724,1.47222258888725,"ETS2","2114","ETS proto-oncogene 2, transcription factor","Down"
-1.68312381645425,10.2175685912196,-4.28449855011991,3.55244678662333e-05,0.000190853391138488,1.4608841696756,"MGLL","11343","monoglyceride lipase","Down"
-1.40303111419323,9.63031421688527,-4.28341751263312,3.56758816173561e-05,0.000191615399602267,1.45682801200285,"ADGRB2","576","adhesion G protein-coupled receptor B2","Down"
1.84912598730999,10.1005608449654,4.28074602092152,3.60527232785183e-05,0.00019348359298104,1.44680760452845,"LOC102724951","102724951","uncharacterized LOC102724951","Up"
-1.29990542916187,4.11254033644367,-4.27891200218129,3.63136409313223e-05,0.000194769817485231,1.43993115794437,"LIN7A","8825","lin-7 homolog A, crumbs cell polarity complex component","Down"
1.10850572246285,7.67531383773136,4.27885627793179,3.63215968929573e-05,0.000194769817485231,1.43972226072187,"PCGF6","84108","polycomb group ring finger 6","Up"
1.65042587584523,8.40954329042994,4.27684085928444,3.66104737564556e-05,0.000196213701699815,1.43216829672841,"BEND7","222389","BEN domain containing 7","Up"
-1.21483482532949,9.42665976038453,-4.27305639380482,3.71588870540486e-05,0.000199046279328072,1.41799100223072,"MIGA1","374986","mitoguardin 1","Down"
1.46380575801301,12.0496865068543,4.27295237518274,3.71740714159097e-05,0.000199074316600135,1.41760146251872,"ZFP36L2","678","ZFP36 ring finger protein like 2","Up"
2.22222001658704,7.08250744949521,4.2727079947053,3.72097688773206e-05,0.000199212161072666,1.41668630917758,"GIMAP2","26157","GTPase, IMAP family member 2","Up"
2.89487676481854,5.74772433790947,4.27226287334536,3.72748738285143e-05,0.000199507330306872,1.41501952446724,"GLI2","2736","GLI family zinc finger 2","Up"
-1.97768663400099,6.99109860779438,-4.27071086151519,3.75027330852682e-05,0.000200581029275557,1.40920893841257,"PRKAR1B","5575","protein kinase cAMP-dependent type I regulatory subunit beta","Down"
-1.52638014375622,5.14201390824722,-4.27062362671633,3.75155801244132e-05,0.000200581029275557,1.40888238656787,"FNDC10","643988","fibronectin type III domain containing 10","Down"
1.18736118104878,8.04144109495692,4.27033125880823,3.75586678723818e-05,0.000200693746288589,1.40778798276407,"RBCK1","10616","RANBP2-type and C3HC4-type zinc finger containing 1","Up"
-1.83280555018731,3.73585520602491,-4.27027641599997,3.75667556280684e-05,0.000200693746288589,1.40758269912885,"MAGEE2","139599","MAGE family member E2","Down"
-1.33729798203051,12.0259984459891,-4.27018428337968,3.75803463363265e-05,0.000200712757381442,1.40723783941857,"BEX2","84707","brain expressed X-linked 2","Down"
1.48392487463044,5.38962333909106,4.26916716723114,3.7730697760689e-05,0.000201408236418918,1.4034310640404,"WDHD1","11169","WD repeat and HMG-box DNA binding protein 1","Up"
-1.72015822482966,7.14386047806219,-4.26894342334332,3.77638492964524e-05,0.000201531430481228,1.40259374586898,"NR4A1","3164","nuclear receptor subfamily 4 group A member 1","Down"
2.90715390645798,8.17239825998615,4.26855615350194,3.78212961548713e-05,0.000201784179245469,1.40114454132909,"HLA-DMA","3108","major histocompatibility complex, class II, DM alpha","Up"
1.2885596507785,9.04947861845568,4.26784081563233,3.7927628726724e-05,0.000202297538772478,1.39846793117051,"CLN5","1203","ceroid-lipofuscinosis, neuronal 5","Up"
1.0449290414261,9.02902064610479,4.2659084482826,3.82163057266045e-05,0.000203746439693587,1.39123919364294,"PLOD1","5351","procollagen-lysine,2-oxoglutarate 5-dioxygenase 1","Up"
-3.39555338516272,8.0014789253216,-4.2650292132089,3.83483522392319e-05,0.000204323697270389,1.3879509020771,"LRRC4C","57689","leucine rich repeat containing 4C","Down"
1.6143737486994,6.27360919118923,4.26459432966585,3.84138263552046e-05,0.000204563594327543,1.38632464931847,"USP18","11274","ubiquitin specific peptidase 18","Up"
-1.8231861599073,3.12162941071243,-4.26156990768153,3.88721478064498e-05,0.000206949191368718,1.37501822869531,"SEC31B","25956","SEC31 homolog B, COPII coat complex component","Down"
1.26198259825811,11.2871858209033,4.25940318634307,3.92037163645694e-05,0.000208543852471262,1.36692191924976,"HLA-G","3135","major histocompatibility complex, class I, G","Up"
1.43110230529145,10.130489549986,4.25770057607897,3.9466166535966e-05,0.000209832472464808,1.36056200815433,"ALYREF","10189","Aly/REF export factor","Up"
-1.55657477917233,12.3655365718751,-4.25719372645417,3.95446205273029e-05,0.000210193736155619,1.35866909699355,"BASP1","10409","brain abundant membrane attached signal protein 1","Down"
1.37363376009914,9.05715699277385,4.25685512076783,3.95971158608687e-05,0.000210360992307063,1.35740461417929,"MIS18A","54069","MIS18 kinetochore protein A","Up"
-1.28180674670178,9.34206207152521,-4.25672185229172,3.96177953244002e-05,0.000210414980370394,1.35690695958265,"C9orf16","79095","chromosome 9 open reading frame 16","Down"
2.71993857761163,10.3545609055552,4.25549000092884,3.98094349852557e-05,0.000211320606460602,1.35230750287558,"SOX11","6664","SRY-box 11","Up"
-2.8911445052,3.28308576835077,-4.25503443706726,3.98805324221758e-05,0.000211641859992168,1.35060678313352,"SLN","6588","sarcolipin","Down"
2.15890574664753,6.90485375989876,4.25496401915395,3.98915330442895e-05,0.000211644100137126,1.35034390984702,"ENPEP","2028","glutamyl aminopeptidase","Up"
-1.55687363519323,13.2546752575214,-4.25407705356346,4.0030343669914e-05,0.00021226797927484,1.34703310691936,"RTN1","6252","reticulon 1","Down"
1.67114335645681,7.39995301666556,4.25239677548247,4.02945804648718e-05,0.000213493026299598,1.34076250606714,"TMEM204","79652","transmembrane protein 204","Up"
1.09665119716791,7.45232499306888,4.2523579757867,4.03007017529215e-05,0.000213493026299598,1.34061773216125,"NCAPD3","23310","non-SMC condensin II complex subunit D3","Up"
-1.56059159652906,2.81986575831734,-4.25230279584737,4.03094088304623e-05,0.000213493026299598,1.34041184011033,"LOC284219","284219","uncharacterized LOC284219","Down"
1.88851223021807,8.51884482240633,4.25195311655972,4.03646282109249e-05,0.000213664352984024,1.33910713393869,"FBN1","2200","fibrillin 1","Up"
1.28655919991926,9.69019722388651,4.25071422086913,4.05608526067683e-05,0.000214569269725969,1.33448527686011,"RAI14","26064","retinoic acid induced 14","Up"
-1.67467623636818,2.59467205604497,-4.24888754741048,4.08518443288293e-05,0.000216051506605046,1.32767248928274,"GNG13","51764","G protein subunit gamma 13","Down"
-2.61894162341743,6.09175869993793,-4.24742777920551,4.10858270478783e-05,0.000217231538516623,1.32222970118493,"UBASH3B","84959","ubiquitin associated and SH3 domain containing B","Down"
-2.64051116345503,4.30190811881592,-4.2465652802833,4.12246789086902e-05,0.000217908097998987,1.31901451059401,"ZDHHC23","254887","zinc finger DHHC-type containing 23","Down"
1.12928476468717,10.6194890108587,4.2463650323752,4.12569807592061e-05,0.000218021239844014,1.31826810439119,"EMC10","284361","ER membrane protein complex subunit 10","Up"
-1.58684886526601,8.13560681541148,-4.24605809872929,4.13065391727948e-05,0.000218225489630342,1.31712408806143,"SFXN5","94097","sideroflexin 5","Down"
-2.32395011761901,9.19449062670858,-4.24509469452328,4.14624646827681e-05,0.000218919606838749,1.31353365076164,"SLC2A3","6515","solute carrier family 2 member 3","Down"
1.93100288563687,9.19990803200101,4.24498266994415,4.14806323135112e-05,0.000218919606838749,1.31311619475844,"TNFRSF10B","8795","TNF receptor superfamily member 10b","Up"
-2.64754546636753,5.12968534551243,-4.24497613174954,4.14816928837756e-05,0.000218919606838749,1.31309183064201,"LRRTM1","347730","leucine rich repeat transmembrane neuronal 1","Down"
1.04247058807541,12.0905748865478,4.24446002418723,4.15654936238338e-05,0.000219304016596003,1.31116868173498,"CALD1","800","caldesmon 1","Up"
-1.61110959602498,9.53945422274438,-4.24292994454834,4.1814889719782e-05,0.000220445454182787,1.30546824823026,"PIP4K2A","5305","phosphatidylinositol-5-phosphate 4-kinase type 2 alpha","Down"
1.47194427538014,11.0463797078942,4.24241638106692,4.18989197168866e-05,0.000220746813635064,1.30355527359619,"TANC1","85461","tetratricopeptide repeat, ankyrin repeat and coiled-coil containing 1","Up"
2.50269777732695,6.84273101649071,4.24237832405606,4.19051531057117e-05,0.000220746813635064,1.30341352182826,"PCDHB2","56133","protocadherin beta 2","Up"
-1.06611381706332,9.7499133331945,-4.24214486888363,4.19434103993511e-05,0.00022089018474857,1.30254398728063,"C20orf194","25943","chromosome 20 open reading frame 194","Down"
1.01217423089224,8.97634480262077,4.24163221456198,4.20275389111412e-05,0.000221274992367159,1.30063466520847,"SIGMAR1","10280","sigma non-opioid intracellular receptor 1","Up"
1.19711434735305,13.4402493962515,4.24031834481358,4.22438899519686e-05,0.000222297082132834,1.29574210213269,"IGFBP7","3490","insulin like growth factor binding protein 7","Up"
1.2917149785046,7.78503796628787,4.24013581540042,4.22740309609794e-05,0.000222397196275655,1.2950624929401,"UVSSA","57654","UV stimulated scaffold protein A","Up"
1.06281999426712,7.86751134923036,4.2387217520292,4.25082349895294e-05,0.000223511762795142,1.28979827766265,"ALKBH2","121642","alkB homolog 2, alpha-ketoglutarate dependent dioxygenase","Up"
2.75385187774608,8.05102256754722,4.23631268384943,4.29101071021063e-05,0.000225565557748776,1.2808329485573,"IGK","50802","immunoglobulin kappa locus","Up"
-2.37901150021749,3.73868536997349,-4.23435883759155,4.32387159020479e-05,0.000227173579057845,1.27356454649883,"NPY1R","4886","neuropeptide Y receptor Y1","Down"
-2.45615723905866,9.60267417941527,-4.23241979080809,4.35672223615837e-05,0.000228599375239498,1.26635369920269,"PPP1R3C","5507","protein phosphatase 1 regulatory subunit 3C","Down"
-1.33156837019304,6.78037403290852,-4.23022229633212,4.3942409130679e-05,0.00023050754574659,1.25818475900365,"FBXL19","54620","F-box and leucine rich repeat protein 19","Down"
1.24330852112998,8.18841377849627,4.22997700327334,4.39844807978935e-05,0.000230667760766305,1.25727310804706,"NCBP1","4686","nuclear cap binding protein subunit 1","Up"
-3.01348689945667,5.54266231752982,-4.22969413172053,4.40330457610592e-05,0.000230861935676497,1.25622184318328,"B3GALT2","8707","beta-1,3-galactosyltransferase 2","Down"
-2.20364976632564,5.30133688241817,-4.22627713614342,4.46237742101273e-05,0.00023383652452122,1.24352710014243,"NTNG2","84628","netrin G2","Down"
1.24478343914096,7.66985268713101,4.22544462136993,4.47688467182893e-05,0.000234529005369203,1.24043533380851,"DNM2","1785","dynamin 2","Up"
-2.17040663604906,9.35042386964166,-4.22538434884058,4.47793672469814e-05,0.000234529005369203,1.24021151349756,"NRXN2","9379","neurexin 2","Down"
-1.38115012445562,7.99761674476864,-4.22278211081779,4.52358548718476e-05,0.000236795852543447,1.23055047617535,"FAM184A","79632","family with sequence similarity 184 member A","Down"
1.82026062283188,8.74948323791201,4.2220023200463,4.53735137994294e-05,0.00023745432659827,1.22765630971354,"CREB3L2","64764","cAMP responsive element binding protein 3 like 2","Up"
-1.27252428099448,6.96291159641385,-4.22140545759066,4.54791512529821e-05,0.00023788271349501,1.22544134814429,"C1QTNF3-AMACR","100534612","C1QTNF3-AMACR readthrough (NMD candidate)","Down"
-3.01558134265096,8.34610591916562,-4.22113087977456,4.55278274140892e-05,0.000238075076600544,1.22442246701425,"LNX1","84708","ligand of numb-protein X 1","Down"
-2.92508656281749,6.75187608584118,-4.22047322571342,4.56446172431332e-05,0.000238623427536808,1.22198230114218,"CACNA1G","8913","calcium voltage-gated channel subunit alpha1 G","Down"
1.17040954443668,7.28074392905811,4.21992921674638,4.57414425013321e-05,0.000239067147367856,1.21996402219162,"HSPBAP1","79663","HSPB1 associated protein 1","Up"
1.82411681538915,9.77540009552065,4.21943349584921,4.58298447785326e-05,0.000239466624310291,1.21812506366241,"PLIN2","123","perilipin 2","Up"
-1.06232721793913,9.84848604480331,-4.21812551357536,4.60638856818279e-05,0.000240626673847606,1.21327367107258,"TMEM170B","100113407","transmembrane protein 170B","Down"
-1.46119490340716,9.91512231456787,-4.21786001858596,4.61115312157359e-05,0.000240812687296588,1.21228907141317,"INPP5A","3632","inositol polyphosphate-5-phosphatase A","Down"
-1.62698949526404,3.24282016604166,-4.21761725371355,4.6155138993671e-05,0.000240977522402499,1.21138880837179,"TNNT1","7138","troponin T1, slow skeletal type","Down"
1.83406590628487,8.18803375799426,4.21570954001735,4.64992005899232e-05,0.000242710541665169,1.20431565497336,"AGA","175","aspartylglucosaminidase","Up"
-1.80194769347291,8.21804857934775,-4.21374928594923,4.68553001798699e-05,0.000244505474882279,1.19705021998167,"YPEL1","29799","yippee like 1","Down"
1.02653398333213,12.9822769158924,4.21300090554936,4.69919396521563e-05,0.000245134077178658,1.19427711619815,"HLA-A","3105","major histocompatibility complex, class I, A","Up"
-1.98048693845378,3.6405052680987,-4.21295536976618,4.70002659097981e-05,0.000245134077178658,1.19410839657968,"CECR6","27439","cat eye syndrome chromosome region, candidate 6","Down"
2.67455670404996,5.1230335914929,4.21165629861695,4.72383991133652e-05,0.000246311871530127,1.18929564670526,"CCL4","6351","C-C motif chemokine ligand 4","Up"
1.36671663833228,7.40968136759846,4.21003945114937,4.75364007834516e-05,0.000247801138737498,1.18330717941797,"SDHAF3","57001","succinate dehydrogenase complex assembly factor 3","Up"
1.09868771141012,9.87087187311645,4.20979823138753,4.75810143514721e-05,0.000247969094589711,1.18241390063469,"EFEMP2","30008","EGF containing fibulin like extracellular matrix protein 2","Up"
2.13069373397396,5.38776083205349,4.20969774575757,4.75996110039873e-05,0.000248001410769993,1.18204179627464,"GLB1L","79411","galactosidase beta 1 like","Up"
-1.02106816092216,11.1575975925369,-4.2072237669245,4.80596695487955e-05,0.000250333196735942,1.17288262295511,"DYNLT3","6990","dynein light chain Tctex-type 3","Down"
2.80997956783958,8.50693877114615,4.20502306258286,4.84724916223516e-05,0.000252417787581569,1.16473859242797,"FAS","355","Fas cell surface death receptor","Up"
-2.72619309408435,5.41090327035781,-4.20402504303785,4.86608252832882e-05,0.000253266683517884,1.16104633732694,"FAM78B","149297","family with sequence similarity 78 member B","Down"
1.28023759216778,12.6544931932356,4.20364947360913,4.87318795722596e-05,0.000253570536957659,1.15965705929496,"A2M","2","alpha-2-macroglobulin","Up"
1.38959878972472,6.74912741548479,4.20326827271973,4.88041010237174e-05,0.000253814309639073,1.15824704589965,"MIR99AHG","388815","mir-99a-let-7c cluster host gene","Up"
-4.19750335229599,8.06112689396319,-4.20193023021486,4.90584168310935e-05,0.00025500435062086,1.15329856410374,"L1CAM","3897","L1 cell adhesion molecule","Down"
-1.94875367671322,5.30211473494095,-4.20089384870753,4.92562701384138e-05,0.000255932787890449,1.14946653508943,"LOC100126784","100126784","uncharacterized LOC100126784","Down"
2.52128871715417,7.32460775557189,4.20086067231537,4.92626163925686e-05,0.000255932787890449,1.14934387693812,"PCDHB16","57717","protocadherin beta 16","Up"
1.58741472309138,4.85785349909467,4.19975817793791,4.94739571456155e-05,0.000256697474225189,1.14526820547856,"GGACT","87769","gamma-glutamylamine cyclotransferase","Up"
-1.4257993305979,6.18841212077846,-4.19767063081133,4.98765098809839e-05,0.000258719038939291,1.13755323802333,"RGPD2","729857","RANBP2-like and GRIP domain containing 2","Down"
-1.98453014275905,4.39746762285947,-4.19653337814581,5.00971319461791e-05,0.000259796090940178,1.13335150586118,"SMPD3","55512","sphingomyelin phosphodiesterase 3","Down"
-1.210427670338,7.3765793860455,-4.19424395277125,5.05441118061555e-05,0.000262046137575992,1.1248955348743,"TMEM198","130612","transmembrane protein 198","Down"
1.37750474199053,8.05216206801456,4.1924914288311,5.08888500317378e-05,0.000263733330956499,1.11842496840968,"GAA","2548","glucosidase alpha, acid","Up"
-1.00896870801493,6.99408998437888,-4.19091288566782,5.12012933851373e-05,0.000265178430431386,1.11259851916041,"SLC27A4","10999","solute carrier family 27 member 4","Down"
-1.44041672275622,10.1712971454703,-4.1900293473359,5.13769753443124e-05,0.000265950619848294,1.10933807966197,"PPM1K","152926","protein phosphatase, Mg2+/Mn2+ dependent 1K","Down"
1.03117034186772,6.09429648567799,4.18931978005691,5.15184833382763e-05,0.000266545202003851,1.10672000698099,"PIGB","9488","phosphatidylinositol glycan anchor biosynthesis class B","Up"
-1.19511645939744,9.12567215128018,-4.18921377267426,5.15396562951721e-05,0.000266585807522624,1.10632890306877,"GPHN","10243","gephyrin","Down"
1.11320603531676,4.33668512588923,4.18830843042917,5.17208213442758e-05,0.000267384618251919,1.1029890369511,"TIGD4","201798","tigger transposable element derived 4","Up"
2.69171118021788,5.64047268215527,4.18792486953429,5.17977584196721e-05,0.000267644047702061,1.10157422117772,"BNC2","54796","basonuclin 2","Up"
-1.77361902822972,3.7430256369116,-4.18601487506989,5.21825135478657e-05,0.000269353856695601,1.09453041458866,"SLC13A5","284111","solute carrier family 13 member 5","Down"
1.60481389748711,9.66806170452243,4.18575924699786,5.22342154565979e-05,0.000269551186133648,1.09358787715864,"PLIN3","10226","perilipin 3","Up"
2.73955412093326,5.33870773134349,4.17851337024482,5.37203177633682e-05,0.00027693439770464,1.06688946760852,"KDELR3","11015","KDEL endoplasmic reticulum protein retention receptor 3","Up"
1.35030827160098,5.01386719214976,4.17771588468458,5.38863329577164e-05,0.000277718666534011,1.06395317103427,"ZNF343","79175","zinc finger protein 343","Up"
-1.51128326079284,3.38555881975331,-4.17715895865824,5.40025615722097e-05,0.000278246008080144,1.06190285356268,"ATOH7","220202","atonal bHLH transcription factor 7","Down"
-3.90958645572328,7.55490251988515,-4.17653535660947,5.41329903986946e-05,0.000278702712019219,1.05960731550894,"GABRG1","2565","gamma-aminobutyric acid type A receptor gamma1 subunit","Down"
-1.14896882459113,9.20708589823722,-4.17376132955308,5.47168567698187e-05,0.000281563825461359,1.04939901668068,"LANCL2","55915","LanC like 2","Down"
1.28071445038074,6.2792072010468,4.17199174120883,5.50924606653033e-05,0.000283350863889646,1.04288970249317,"PRIM2","5558","primase (DNA) subunit 2","Up"
-1.10408974999494,8.5703211683016,-4.17126726652444,5.52469458054687e-05,0.000283999394843271,1.0402253756737,"ZDHHC21","340481","zinc finger DHHC-type containing 21","Down"
-2.08260145117719,7.43486851471568,-4.16799231334073,5.59504833253189e-05,0.000287246938642457,1.02818580515127,"ARG2","384","arginase 2","Down"
-3.29746074874076,4.18242018949899,-4.16770138284594,5.60133956203995e-05,0.000287496153457499,1.0271166177242,"DLX1","1745","distal-less homeobox 1","Down"
2.65346999448882,5.49789826945947,4.16703460599276,5.61578386629782e-05,0.000288109610918729,1.02466638607885,"HJURP","55355","Holliday junction recognition protein","Up"
-2.53257972075129,6.24439533910373,-4.16674690638908,5.62202728372139e-05,0.000288336067329951,1.02360925693299,"FSD1","79187","fibronectin type III and SPRY domain containing 1","Down"
1.38596696477389,11.9115426075799,4.16617349882427,5.63449074216978e-05,0.000288827200303845,1.02150248244227,"ADAM9","8754","ADAM metallopeptidase domain 9","Up"
-1.16408264286483,10.0947507793222,-4.16488055359121,5.66269113844195e-05,0.000290049824902222,1.01675284208312,"DENND5B","160518","DENN domain containing 5B","Down"
1.06826094680855,10.6600764083555,4.16414839525804,5.67872014859539e-05,0.000290796401364085,1.01406375265285,"SNRPB","6628","small nuclear ribonucleoprotein polypeptides B and B1","Up"
-2.00705978312696,8.79833051878456,-4.16403578819971,5.68118928875415e-05,0.000290837218225908,1.01365019856498,"CX3CL1","6376","C-X3-C motif chemokine ligand 1","Down"
-1.27740352891763,3.87355027153272,-4.16334887585134,5.69627353895947e-05,0.00029147146980553,1.01112766886975,"EXTL1","2134","exostosin like glycosyltransferase 1","Down"
1.00637746115739,11.5274497517387,4.16155948548459,5.73574805232823e-05,0.000293266320682164,1.00455802664367,"IDH1","3417","isocitrate dehydrogenase (NADP(+)) 1, cytosolic","Up"
1.83672858930282,12.33059658724,4.16059988408993,5.75702499029889e-05,0.000294203828814585,1.00103579206847,"WWTR1","25937","WW domain containing transcription regulator 1","Up"
-1.53050645217772,10.619171904975,-4.15999693778536,5.77043259046296e-05,0.000294813699789051,0.998822983028514,"FAM169A","26049","family with sequence similarity 169 member A","Down"
3.2953850559518,6.62368836201994,4.15841594999998,5.80573092480394e-05,0.000296541380169907,0.993021928103705,"C4orf47","441054","chromosome 4 open reading frame 47","Up"
-2.22763740475142,8.96624987027225,-4.15774673600003,5.82073453716846e-05,0.00029723184248374,0.990566914093185,"GPD1L","23171","glycerol-3-phosphate dehydrogenase 1-like","Down"
-2.12165401350888,6.4924245462574,-4.15738227574138,5.82892126280021e-05,0.000297573941579086,0.989230016913874,"SLC22A15","55356","solute carrier family 22 member 15","Down"
1.19663036525923,7.89814927348775,4.15665454089755,5.84530109687582e-05,0.000298181894556845,0.986560838951315,"TGDS","23483","TDP-glucose 4,6-dehydratase","Up"
-3.01354690720756,8.88909186895521,-4.15616087949934,5.85643750537142e-05,0.000298628389306009,0.984750395720447,"MT1M","4499","metallothionein 1M","Down"
1.68483268136568,6.65411444304746,4.15613424016097,5.85703903452181e-05,0.000298628389306009,0.984652703841558,"MCM3AP-AS1","114044","MCM3AP antisense RNA 1","Up"
1.37368269535904,7.29370218534503,4.15351753369578,5.91641486459557e-05,0.00030142529207019,0.975059034140457,"DDX11","1663","DEAD/H-box helicase 11","Up"
1.44837572202288,5.56046644520698,4.15200852779691,5.9509174903646e-05,0.000303028776354605,0.969528637398787,"ZNF19","7567","zinc finger protein 19","Up"
1.71858829315621,8.7210111730613,4.15020658956269,5.99237038121845e-05,0.000304906801162354,0.962926672367743,"LIMK2","3985","LIM domain kinase 2","Up"
1.15078398158718,6.2800362692326,4.14898232868623,6.02069167307678e-05,0.000306192115666617,0.958442456159645,"P3H1","64175","prolyl 3-hydroxylase 1","Up"
1.49830387518875,4.96032589393793,4.14810016544845,6.04117852049743e-05,0.000306999894995154,0.955211898914266,"ZNF287","57336","zinc finger protein 287","Up"
1.59138073279546,4.31418446266266,4.14736889466889,6.05821173002497e-05,0.000307620303901942,0.952534320023553,"CCR5","1234","C-C motif chemokine receptor 5 (gene/pseudogene)","Up"
1.31503937294003,9.20308906565255,4.14681154365575,6.07122477376768e-05,0.000308057301670733,0.950493797573772,"HN1L","90861","hematological and neurological expressed 1 like","Up"
-1.68222907848074,4.73271729441527,-4.1458571213231,6.09357084820845e-05,0.000309034402940701,0.947000039956563,"ABCA17P","650655","ATP binding cassette subfamily A member 17, pseudogene","Down"
-1.99941668982347,3.81335044954231,-4.14531590004857,6.10627754586362e-05,0.000309556561792437,0.945019118463167,"CDK18","5129","cyclin dependent kinase 18","Down"
1.86557413998586,4.69169630084822,4.14522098529013,6.10850855178958e-05,0.000309556561792437,0.944671741733247,"E2F8","79733","E2F transcription factor 8","Up"
-1.27812583316726,4.21099356954059,-4.14387736111157,6.14017479925597e-05,0.000311082494830879,0.93975488822028,"FKBP1A-SDCBP2","100528031","FKBP1A-SDCBP2 readthrough (NMD candidate)","Down"
1.18636730031275,4.53649165546491,4.14000829726005,6.23224067098455e-05,0.000315267861199464,0.92560324712691,"BCL2L12","83596","BCL2 like 12","Up"
-3.87454909926062,6.76253429347314,-4.1364825556374,6.31728711081207e-05,0.000319166573803073,0.912716146995233,"FXYD1","5348","FXYD domain containing ion transport regulator 1","Down"
1.16425608217685,9.1165502614639,4.13629240074957,6.32190539085602e-05,0.000319319265727989,0.912021341521804,"RFXAP","5994","regulatory factor X associated protein","Up"
-1.10778592557601,7.13282059340586,-4.13280362900313,6.40721296603406e-05,0.000323220145767634,0.899278077627644,"LRRC20","55222","leucine rich repeat containing 20","Down"
1.85422934009454,6.3155659347129,4.13125923754356,6.44532744703955e-05,0.000324978997562803,0.893639579933469,"NBPF20","100288142","neuroblastoma breakpoint family member 20","Up"
3.1802958199927,5.99705125418396,4.12882118309734,6.50593910875222e-05,0.000327787267058186,0.884741642234907,"CDC20","991","cell division cycle 20","Up"
1.81180659463741,6.55383752370266,4.12800534598727,6.52634294649457e-05,0.000328732485726377,0.881765055383321,"CD248","57124","CD248 molecule","Up"
1.9756462111875,8.07249560229657,4.12779282804713,6.53166800516586e-05,0.000328917900275241,0.880989756198606,"CPVL","54504","carboxypeptidase, vitellogenic like","Up"
2.13304701530499,7.39011990815734,4.12762017018245,6.53599735298256e-05,0.00032905309270539,0.880359895375744,"RAVER1","125950","ribonucleoprotein, PTB binding 1","Up"
1.50555617394496,11.6472468920688,4.12576206029339,6.58276315531367e-05,0.00033124080092646,0.873582733013601,"FSTL1","11167","follistatin like 1","Up"
-4.09129559138317,6.68726358361609,-4.12317322272904,6.64845464789176e-05,0.000334462238220695,0.864144249772629,"FSTL5","56884","follistatin like 5","Down"
1.39581710417948,9.04541158540828,4.12021401914164,6.72431281220068e-05,0.0003380234332505,0.853361026119955,"DCBLD2","131566","discoidin, CUB and LCCL domain containing 2","Up"
1.22521587472235,10.4843529458998,4.12014357435141,6.72612869783799e-05,0.000338029783616289,0.853104400251103,"ZHX2","22882","zinc fingers and homeoboxes 2","Up"
2.41633151640907,5.18638426444568,4.11981407813564,6.73462849785449e-05,0.000338371954687531,0.851904111201244,"EPB41L4B","54566","erythrocyte membrane protein band 4.1 like 4B","Up"
1.20460880705687,7.1182122610571,4.1188548799316,6.75943088393846e-05,0.000339532848844983,0.848410361755267,"KHNYN","23351","KH and NYN domain containing","Up"
1.466533666562,8.51664320622414,4.11775860828982,6.78788470481521e-05,0.00034079098943347,0.844418103823454,"LRRC1","55227","leucine rich repeat containing 1","Up"
-3.6750098806192,8.82220128244982,-4.1171986631045,6.80246232798099e-05,0.000341351552033899,0.842379283110751,"NRXN1","9378","neurexin 1","Down"
1.67082037321702,8.51613944225391,4.1161235668384,6.83053544822614e-05,0.000342674329770964,0.838465337201331,"EDNRA","1909","endothelin receptor type A","Up"
1.5333221338119,5.72599437373248,4.11543512742799,6.8485703144632e-05,0.000343492971374944,0.835959447676567,"TRIM52-AS1","100507602","TRIM52 antisense RNA 1 (head to head)","Up"
-1.12925758190546,3.71587524573479,-4.11525055587676,6.85341322914875e-05,0.000343595095138162,0.83528766984286,"GSDMB","55876","gasdermin B","Down"
-1.46844577253597,10.7643570019022,-4.11522663165947,6.85404120905885e-05,0.000343595095138162,0.83520059549779,"TBC1D9","23158","TBC1 domain family member 9","Down"
-1.76053226250257,6.84580815736899,-4.11501332779495,6.85964259603333e-05,0.000343789753053203,0.834424274002322,"C10orf35","219738","chromosome 10 open reading frame 35","Down"
-3.53652921590474,7.36166741808456,-4.11361815109396,6.89638831326407e-05,0.000345458289893526,0.829347275193689,"CNTN3","5067","contactin 3","Down"
1.45204349700184,7.08684535328272,4.11281415765353,6.91764912155688e-05,0.000346436560638269,0.826422170625325,"SLC25A15","10166","solute carrier family 25 member 15","Up"
1.67106642176818,9.64163408228899,4.11235527915318,6.92981181273792e-05,0.000346958821164784,0.824752866366287,"ZNF738","148203","zinc finger protein 738","Up"
1.89021935282801,9.64612056316177,4.11205450462627,6.93779501908694e-05,0.000347186802624123,0.823658788833549,"LIMA1","51474","LIM domain and actin binding 1","Up"
3.36584894250519,6.78653672712272,4.11152323277269,6.95191763216216e-05,0.000347804491289493,0.821726419322759,"CXCL8","3576","C-X-C motif chemokine ligand 8","Up"
-1.11068350061112,9.36838369510325,-4.11109034509391,6.96344527189738e-05,0.000348120063855199,0.820152039335183,"TRAPPC6B","122553","trafficking protein particle complex 6B","Down"
1.19097879589079,7.98961293002183,4.11077966760821,6.97172977285335e-05,0.000348447158544784,0.819022206971692,"SCRN2","90507","secernin 2","Up"
3.01520995629586,9.16925995796568,4.10927122663307,7.01208800374663e-05,0.000350376734992404,0.813537431236861,"FCGBP","8857","Fc fragment of IgG binding protein","Up"
1.02161671968271,9.11954830691621,4.10914650757513,7.01543484202681e-05,0.000350456441659002,0.813084014849243,"MSANTD2","79684","Myb/SANT DNA binding domain containing 2","Up"
-1.78185194831164,8.79585861499053,-4.10853241467158,7.03193634408502e-05,0.000351105441567529,0.810851632750865,"ARNTL","406","aryl hydrocarbon receptor nuclear translocator like","Down"
2.11522312177797,5.01284130260136,4.10547253600659,7.11471457626358e-05,0.000354884304480941,0.799732018681734,"CEP152","22995","centrosomal protein 152","Up"
-1.22619732491585,8.84255898510059,-4.10534889230959,7.11807900686975e-05,0.000354963625848562,0.79928283046178,"VCPKMT","79609","valosin containing protein lysine methyltransferase","Down"
1.08649503002123,8.56944919785935,4.10464277415533,7.1373221642454e-05,0.000355745900697702,0.796717755382105,"SCAMP2","10066","secretory carrier membrane protein 2","Up"
2.45946874577856,6.94298439221491,4.10082269187739,7.24229334845898e-05,0.000360888077266796,0.78284663160978,"TCEA3","6920","transcription elongation factor A3","Up"
2.55872285465246,7.26721266408722,4.10073590944656,7.2446950988067e-05,0.000360917865641996,0.782531630557282,"LPAR4","2846","lysophosphatidic acid receptor 4","Up"
-1.03815573682394,7.72735175672651,-4.10028188450173,7.25727291137529e-05,0.000361454466362672,0.780883703726482,"ZNF585A","199704","zinc finger protein 585A","Down"
1.47085074827817,4.25688882409178,4.10006519599154,7.26328317679881e-05,0.000361663779288735,0.780097261494445,"ZNF788","388507","zinc finger family member 788","Up"
-1.52251582168922,6.83819303542231,-4.09704834293887,7.34745762076758e-05,0.000365582155231776,0.769151308213043,"ERO1B","56605","endoplasmic reticulum oxidoreductase 1 beta","Down"
1.36271945434443,11.7656311081993,4.09449581183239,7.41940496836095e-05,0.000368923860481582,0.759894872452264,"P2RX5-TAX1BP3","100533970","P2RX5-TAX1BP3 readthrough (NMD candidate)","Up"
-1.40145679971329,9.38833075716751,-4.09363083195598,7.44393840699495e-05,0.000369922691775331,0.7567591361213,"CHST2","9435","carbohydrate sulfotransferase 2","Down"
1.25392976039999,6.87744910617479,4.09321659235604,7.45571495657681e-05,0.000370323955154499,0.755257609577442,"SEPSECS","51091","Sep (O-phosphoserine) tRNA:Sec (selenocysteine) tRNA synthase","Up"
-2.29962826728962,10.1525499058003,-4.09246075988569,7.47724870388089e-05,0.00037126349763675,0.752518185626154,"ENC1","8507","ectodermal-neural cortex 1","Down"
1.63551555743517,6.25219260082302,4.09242243884448,7.47834205766033e-05,0.00037126349763675,0.752379305972218,"GEN1","348654","GEN1, Holliday junction 5' flap endonuclease","Up"
1.21626877956594,6.27723076523893,4.09189355850475,7.49344739577921e-05,0.000371921116465777,0.750462687721098,"ZNF416","55659","zinc finger protein 416","Up"
-1.17564567738429,3.65035846000503,-4.09132993023285,7.50957729456903e-05,0.000372629248344351,0.748420355401794,"TESK2","10420","testis-specific kinase 2","Down"
-1.47687283445707,7.4762639277774,-4.0899313199483,7.54974627948345e-05,0.000374436722393717,0.743353362356441,"PRKAA2","5563","protein kinase AMP-activated catalytic subunit alpha 2","Down"
1.6503266205434,9.69373549573935,4.08871748153322,7.58477502504938e-05,0.000376080778007839,0.738956854543686,"PM20D2","135293","peptidase M20 domain containing 2","Up"
1.30780080220197,6.68565353090663,4.08767858791372,7.61487866314242e-05,0.00037747987466177,0.735194791491325,"PABPC1L","80336","poly(A) binding protein cytoplasmic 1 like","Up"
1.12535501539263,11.0623381739315,4.08701287111641,7.63422893937437e-05,0.000378345351474023,0.732784470514875,"DBN1","1627","drebrin 1","Up"
-1.95494209640664,4.09948060124763,-4.08616856794116,7.65883781396775e-05,0.000379283089465477,0.729727986766763,"PEG3-AS1","100169890","PEG3 antisense RNA 1","Down"
1.20774183479401,9.13861209392172,4.0841324773502,7.71849618600422e-05,0.000381953878786511,0.722359080589069,"RFC3","5983","replication factor C subunit 3","Up"
-2.05523262171375,6.66178670540852,-4.08311106340184,7.74859123767078e-05,0.000383158835620562,0.718663500052114,"CAPN3","825","calpain 3","Down"
1.17944947416995,6.12096862798254,4.08175411641455,7.78874609882667e-05,0.000384951581329108,0.713755026578187,"NR1H3","10062","nuclear receptor subfamily 1 group H member 3","Up"
1.63112979001374,7.44903170566976,4.08169102128773,7.79061804769109e-05,0.000384951581329108,0.713526823625646,"TMA16","55319","translation machinery associated 16 homolog","Up"
-1.09885873925569,2.89038097985509,-4.08161837795748,7.79277381200528e-05,0.000384963026313061,0.713264090017376,"LOC284242","284242","uncharacterized LOC284242","Down"
-3.23492978911165,7.65961378563917,-4.08114515241718,7.80683122894531e-05,0.000385562262151343,0.711552634123785,"C8orf46","254778","chromosome 8 open reading frame 46","Down"
1.21431945435765,9.75335396573373,4.07969199847699,7.85014968217862e-05,0.000387448199378682,0.706298147745842,"SMN2","6607","survival of motor neuron 2, centromeric","Up"
-2.41111993403669,5.49115995730367,-4.07966933114053,7.85082721188172e-05,0.000387448199378682,0.706216195910703,"LOC100507472","100507472","uncharacterized LOC100507472","Down"
1.27329898619302,7.40717280433645,4.07740484199263,7.9187956851001e-05,0.000390706153567935,0.698030893909812,"TBC1D32","221322","TBC1 domain family member 32","Up"
2.52700326028659,6.32428457542538,4.07643807828852,7.94798410997193e-05,0.000391952965462678,0.694537461684462,"SLFN11","91607","schlafen family member 11","Up"
-1.25185944017653,6.03540670366006,-4.07568957703584,7.97065341514638e-05,0.000392974033703385,0.691833166104502,"LOC202181","202181","SUMO interacting motifs containing 1 pseudogene","Down"
1.0472557181998,8.53590988337391,4.07458344108067,8.0042673740794e-05,0.000394436890032529,0.687837455420666,"XBP1","7494","X-box binding protein 1","Up"
-1.14393728927213,9.08177286066456,-4.07300231240787,8.05255116718025e-05,0.00039671852056581,0.682127372353543,"C6orf1","221491","chromosome 6 open reading frame 1","Down"
-2.90621156529238,6.70037068014456,-4.07281219373157,8.05837564820277e-05,0.000396907734105349,0.681440893356266,"RAB33A","9363","RAB33A, member RAS oncogene family","Down"
-1.34523816717403,6.65354967190669,-4.07184087996528,8.08819576351253e-05,0.000398180444489653,0.677934066644345,"IFFO2","126917","intermediate filament family orphan 2","Down"
3.18128107896226,8.47463587300272,4.06989704670551,8.14819018970407e-05,0.000400739530790092,0.670917995687145,"VCAM1","7412","vascular cell adhesion molecule 1","Up"
1.81010116395233,7.0725809130855,4.06963368225775,8.15635132051173e-05,0.000401042322117174,0.669967606761559,"TRIM59","286827","tripartite motif containing 59","Up"
1.40337751677981,10.0972419706888,4.0686061277428,8.18826795106259e-05,0.000402512719648426,0.666259980090219,"GAB1","2549","GRB2 associated binding protein 1","Up"
1.91539658845561,10.2284929046905,4.06577662421681,8.27677280619569e-05,0.000406663540111879,0.656054283514251,"S100A11","6282","S100 calcium binding protein A11","Up"
-1.22513824742788,3.44062319589361,-4.0648615421261,8.30559112250734e-05,0.000407979282072194,0.652754858349335,"SLC29A2","3177","solute carrier family 29 member 2","Down"
-1.68126057185681,10.2152026610472,-4.06464682735646,8.31236693128171e-05,0.000408111718267861,0.651980764523166,"PPP1R9A","55607","protein phosphatase 1 regulatory subunit 9A","Down"
1.06936646145535,9.86245123403231,4.06452713416154,8.31614641377913e-05,0.000408197108195484,0.651549257999555,"TMEM168","64418","transmembrane protein 168","Up"
-1.02171063512124,2.97624525765124,-4.05981560008071,8.46623182523823e-05,0.000414851580033165,0.634571471072418,"COL24A1","255631","collagen type XXIV alpha 1 chain","Down"
-1.51598078453117,3.11516265175864,-4.05922764338167,8.48514184159322e-05,0.000415676378121341,0.632453863709947,"LMTK3","114783","lemur tyrosine kinase 3","Down"
-1.11111488926082,12.188640402902,-4.05762942283398,8.53674848314981e-05,0.000417795320211297,0.626698847686156,"RUFY3","22902","RUN and FYVE domain containing 3","Down"
2.09081171886219,7.78036649522864,4.05688976794668,8.56073341416292e-05,0.000418846150840637,0.624036024139961,"NECTIN2","5819","nectin cell adhesion molecule 2","Up"
-2.60081812657601,10.4260876596556,-4.05546351677135,8.60716471178612e-05,0.000420932643335871,0.618902450854542,"PCDH9","5101","protocadherin 9","Down"
-1.17634858767246,9.40451438458296,-4.05418462169781,8.64900346994866e-05,0.000422772080193654,0.61430044862175,"KIAA0930","23313","KIAA0930","Down"
-1.05243483064464,6.24844903785651,-4.05011668686433,8.78338140278559e-05,0.00042902615167366,0.599669763503022,"CBARP","255057","CACN beta subunit associated regulatory protein","Down"
3.13588240363537,7.20752720292864,4.05000426265948,8.7871233492876e-05,0.000429104166095184,0.599265581106463,"FREM2","341640","FRAS1 related extracellular matrix protein 2","Up"
-1.17803884187095,6.81151127875462,-4.0466228589919,8.90038527124652e-05,0.000434423049821491,0.587112964652331,"TP53I11","9537","tumor protein p53 inducible protein 11","Down"
1.68568518989434,8.62415134959604,4.0422879740403,9.04762630619907e-05,0.000440642306494949,0.571545057646797,"SLC2A4RG","56731","SLC2A4 regulator","Up"
1.01624165348783,9.02193322082012,4.04109293633555,9.08862510544879e-05,0.000442417070834644,0.567255578366928,"ZNF665","79788","zinc finger protein 665","Up"
-1.29034488792229,8.35308606894095,-4.04103256078559,9.09070114560514e-05,0.000442417070834644,0.567038891850656,"STAU2","27067","staufen double-stranded RNA binding protein 2","Down"
1.0575902749685,8.90425168874089,4.03922540939962,9.15305102460333e-05,0.000445126620926687,0.560554224890863,"CROT","54677","carnitine O-octanoyltransferase","Up"
-3.14314528017817,9.63734255569172,-4.03859577562856,9.17487031035542e-05,0.000446079295988532,0.558295414357577,"SPOCK1","6695","sparc/osteonectin, cwcv and kazal-like domains proteoglycan (testican) 1","Down"
-3.24976296954129,6.90573460168444,-4.03775593871424,9.2040513245742e-05,0.000447280677315414,0.5552829243974,"LINC01105","150622","long intergenic non-protein coding RNA 1105","Down"
-1.01245645275497,6.50748150663355,-4.03731013022088,9.21957741587123e-05,0.000447867793499155,0.553684009017881,"GFOD2","81577","glucose-fructose oxidoreductase domain containing 2","Down"
3.05059296183201,8.14303476459911,4.03704585678462,9.22879302891117e-05,0.000448156461479189,0.552736243082673,"SERPINE1","5054","serpin family E member 1","Up"
-2.64102897092611,7.4799248338955,-4.03578774854021,9.27278597151499e-05,0.000450074305997332,0.5482249379173,"FAM155A","728215","family with sequence similarity 155 member A","Down"
1.86660221529263,5.46027518070065,4.03560846398209,9.27907139690284e-05,0.000450270146587036,0.547582150716462,"KIRREL","55243","kin of IRRE like (Drosophila)","Up"
1.27560776528408,8.77295134529355,4.03476054902371,9.30885310650937e-05,0.000451473672188546,0.544542428888686,"BCL2L11","10018","BCL2 like 11","Up"
2.28338478683412,5.60649991505367,4.03470966781241,9.31064313215344e-05,0.000451473672188546,0.544360038671742,"CDT1","81620","chromatin licensing and DNA replication factor 1","Up"
-2.12491514927575,7.52727150008734,-4.03460315434293,9.31439139236694e-05,0.000451545986399528,0.543978233267826,"PLXNA2","5362","plexin A2","Down"
1.43063714009204,9.00530967222189,4.03230266528636,9.39569939241752e-05,0.000455377320116515,0.535733864907125,"RNF135","84282","ring finger protein 135","Up"
2.39153238219356,4.95795857533574,4.0312033412268,9.43479267373533e-05,0.000457050598119668,0.531795452638697,"AURKB","9212","aurora kinase B","Up"
-1.58325778905543,5.75848096065604,-4.03057567862197,9.45718274366629e-05,0.000457913492624713,0.529547176527787,"KHK","3795","ketohexokinase","Down"
-2.3427191601382,8.15159908403775,-4.03038271971501,9.46407619592767e-05,0.000458136395964009,0.528856055708147,"ZBTB16","7704","zinc finger and BTB domain containing 16","Down"
-1.99149079488949,7.51608458419296,-4.02907190445006,9.51103225526205e-05,0.000460298070466927,0.524161787854414,"FAM149A","25854","family with sequence similarity 149 member A","Down"
-3.44953549202505,10.8193996573017,-4.02859336053955,9.52823005604275e-05,0.000460795984363663,0.522448329869198,"SCG5","6447","secretogranin V","Down"
-1.4769945054094,4.07822072123391,-4.02841666757185,9.53458751280555e-05,0.000460992006690915,0.521815708924697,"AGMAT","79814","agmatinase","Down"
1.37942619435588,7.08535597560195,4.0258345328132,9.62795688510067e-05,0.000465056816514266,0.512573241112007,"LIG1","3978","DNA ligase 1","Up"
1.32920739433064,6.38357028379284,4.02373036832186,9.70468814818857e-05,0.000468536910667974,0.505045012173211,"SDSL","113675","serine dehydratase like","Up"
1.41095716408547,9.70770345585385,4.02219710428269,9.76096823442238e-05,0.000471026752209572,0.499561259018549,"CRYZ","1429","crystallin zeta","Up"
-2.57589974781046,4.81388092609367,-4.01971282075045,9.85281875660252e-05,0.000475000830996016,0.490679604084451,"RAB26","25837","RAB26, member RAS oncogene family","Down"
2.68475457446956,6.21678698033562,4.01753311983631,9.9340873747484e-05,0.00047857280545772,0.482890379812151,"IFI35","3430","interferon induced protein 35","Up"
-2.99396653586976,7.18461405797166,-4.01737236279542,9.94010636764016e-05,0.000478747491808803,0.482316039669233,"FGF14","2259","fibroblast growth factor 14","Down"
2.00483080718744,5.70019607307462,4.0167560614366,9.96321393122056e-05,0.000479744936514873,0.48011433176502,"LOC81691","81691","exonuclease NEF-sp","Up"
-1.42182787434477,6.94209739788142,-4.01624426282348,9.98244225506544e-05,0.000480555154468466,0.478286154276745,"NUDT14","256281","nudix hydrolase 14","Down"
1.70111946531821,8.4143003321574,4.01422599376395,0.000100586148011987,0.000483749261839296,0.471078530018902,"SEMA5B","54437","semaphorin 5B","Up"
1.10651016854135,10.8399252809121,4.0141661437451,0.000100608820838372,0.000483749261839296,0.470864837103494,"LINC00998","401397","long intergenic non-protein coding RNA 998","Up"
1.89352570403694,6.95305416782734,4.01305408991768,0.000101030986088343,0.000485545745536749,0.466894728146397,"ALDH1L2","160428","aldehyde dehydrogenase 1 family member L2","Up"
2.58296451496495,6.79180737996787,4.01248647563367,0.000101247119097099,0.000486467606094058,0.464868635151205,"CDKN3","1033","cyclin dependent kinase inhibitor 3","Up"
2.35518335812571,8.95464006934864,4.0106156019748,0.000101962630053154,0.000489200561024808,0.458192147599288,"LAMA2","3908","laminin subunit alpha 2","Up"
-1.99622637368101,10.5155190196688,-4.0100614069724,0.000102175505781989,0.000490104374054243,0.456214885536199,"LOC102725271","102725271","neurotrimin-like","Down"
-1.42342615958133,5.62509932987858,-4.00869705898742,0.000102701384837686,0.000492485591126168,0.451348056531544,"SLC2A12","154091","solute carrier family 2 member 12","Down"
2.07148477470223,5.72028300104976,4.00856003822603,0.000102754341164472,0.000492526618034878,0.450859354500913,"CDCA2","157313","cell division cycle associated 2","Up"
2.78627668535055,6.97290288114035,4.00847453022882,0.000102787401844391,0.00049256707753311,0.450554385892958,"MXRA5","25878","matrix remodeling associated 5","Up"
-1.59136690510704,3.75711879221077,-4.0062328937097,0.000103657736530516,0.00049638112368742,0.442561278605353,"MGAT4C","25834","MGAT4 family member C","Down"
-1.20810608426752,5.69248857643497,-4.00512895034997,0.000104088933356927,0.000498326702481945,0.438626173373741,"RPP25","54913","ribonuclease P/MRP subunit p25","Down"
1.06559893047678,10.152384419467,4.00469903220929,0.000104257320898233,0.000499013449571997,0.437093919579709,"TMX2-CTNND1","100528016","TMX2-CTNND1 readthrough (NMD candidate)","Up"
2.0874388264541,5.04853508772527,4.00458451913295,0.000104302216476674,0.000499075229857909,0.436685809732499,"PLEKHA4","57664","pleckstrin homology domain containing A4","Up"
2.65291415394675,7.5060757709426,4.00453887033658,0.000104320118521806,0.000499075229857909,0.436523125833259,"TRIM14","9830","tripartite motif containing 14","Up"
1.54512923021873,7.69608589283473,4.00390067550939,0.000104570706163837,0.000500154462878292,0.434248867996653,"BAG2","9532","BCL2 associated athanogene 2","Up"
1.3747334860764,5.18825584833385,4.0002052820988,0.000106033040206661,0.000507027494123963,0.421085580754101,"DDX19B","11269","DEAD-box helicase 19B","Up"
1.7444908135121,11.0442702889999,3.99746062282714,0.000107131763402733,0.000512158946331776,0.411315002039049,"MEST","4232","mesoderm specific transcript","Up"
-2.34618515818363,7.61187217209213,-3.99316000178137,0.000108875241354475,0.000519631785987173,0.396015923933,"ZDHHC14","79683","zinc finger DHHC-type containing 14","Down"
-1.09718116484865,10.6180966758847,-3.99293344690884,0.000108967833883816,0.00051994263117422,0.395210330416616,"LOC101927144","101927144","uncharacterized LOC101927144","Down"
1.45048044075338,9.13196111427686,3.99004829761529,0.000110153580994423,0.000525224665146668,0.384954304936294,"RFC4","5984","replication factor C subunit 4","Up"
-1.39532400861546,6.31147903197923,-3.98971806146125,0.000110290085149821,0.000525750234356081,0.383780761408605,"GATA2","2624","GATA binding protein 2","Down"
-2.18470180434609,5.0101708317968,-3.98872266996896,0.000110702510673041,0.000527590550508704,0.380243946570112,"UNC79","57578","unc-79 homolog (C. elegans)","Down"
-1.96775992406483,6.9210086068742,-3.9886228718605,0.000110743941603761,0.000527662309994388,0.379889382861384,"CHD3","1107","chromodomain helicase DNA binding protein 3","Down"
-1.09311903837029,8.76618779088982,-3.9882491410972,0.000110899226483294,0.000528276386726492,0.37856164988435,"PIP4K2C","79837","phosphatidylinositol-5-phosphate 4-kinase type 2 gamma","Down"
-1.33299066162722,3.78994030542663,-3.98817187698167,0.000110931355580269,0.000528303649391679,0.378287169945657,"ZDHHC8P1","150244","zinc finger DHHC-type containing 8 pseudogene 1","Down"
-1.61637797934498,8.95429100571083,-3.98770786835525,0.000111124493385034,0.000529097510507943,0.3766388714157,"N4BP2L1","90634","NEDD4 binding protein 2 like 1","Down"
-1.68886719004234,5.15832606600154,-3.98684493852706,0.000111484530789239,0.000530685464549204,0.373573881740191,"ACTN2","88","actinin alpha 2","Down"
2.16213798451624,6.82971515765219,3.98460374186143,0.000112424825212086,0.000534779714222111,0.365615921145456,"NDE1","54820","nudE neurodevelopment protein 1","Up"
-1.26415834233498,3.05001563958373,-3.98314445044283,0.000113041133928602,0.000537200467104403,0.360436195872725,"LOC283516","283516","uncharacterized LOC283516","Down"
2.25053521945253,10.8971654357333,3.98262899766913,0.000113259596731069,0.000538110841082523,0.358606960093037,"NES","10763","nestin","Up"
-2.69352564800066,7.84744541050533,-3.98185886095067,0.000113586752213973,0.000539223452897683,0.355874247206441,"LDOC1","23641","leucine zipper down-regulated in cancer 1","Down"
1.06582602673274,6.59017430853225,3.98182400088371,0.000113601582144436,0.000539223452897683,0.355750561311276,"PMM2","5373","phosphomannomutase 2","Up"
1.89578329080308,4.85888501588846,3.97770641076062,0.000115366315548002,0.000547210496720929,0.341147009884788,"TRIM6","117854","tripartite motif containing 6","Up"
1.03013154480881,7.03689282286698,3.97710819985746,0.000115624864950061,0.000548176936743098,0.339026359848572,"SPSB2","84727","splA/ryanodine receptor domain and SOCS box containing 2","Up"
1.29127671232853,8.46676591668858,3.97565426492253,0.000116255568628732,0.00055077555329269,0.333873216108694,"QSOX1","5768","quiescin sulfhydryl oxidase 1","Up"
1.09802523178461,9.87267588406414,3.97459665260213,0.000116716411801854,0.000552697100809395,0.330125671747939,"PPP1R10","5514","protein phosphatase 1 regulatory subunit 10","Up"
-1.12080023062236,6.35722099265763,-3.97218981380772,0.000117771670359101,0.000557562188564725,0.321600176930131,"C10orf88","80007","chromosome 10 open reading frame 88","Down"
1.69412066750046,6.20254494507645,3.97144828394147,0.000118098617770092,0.000558845564268268,0.318974344868363,"C2orf81","388963","chromosome 2 open reading frame 81","Up"
-1.08281604360638,13.2872915781625,-3.97024424146952,0.000118631336283695,0.000560971422180967,0.314711524074239,"MAP2","4133","microtubule associated protein 2","Down"
-1.08189122802176,7.99265516574965,-3.97024278252826,0.000118631983168275,0.000560971422180967,0.314706359415647,"PCYOX1L","78991","prenylcysteine oxidase 1 like","Down"
-1.20419759312137,9.28262161787006,-3.96715962906995,0.000120006575311019,0.000567069332132158,0.303795292700586,"SESN1","27244","sestrin 1","Down"
1.27892391577902,8.40915392869225,3.96704790337514,0.000120056671186029,0.000567172094549912,0.303400027466192,"TMEM216","51259","transmembrane protein 216","Up"
-1.19869277731013,10.5174332108173,-3.96617489608688,0.000120448800021546,0.00056862178905877,0.300311785456013,"PDXK","8566","pyridoxal (pyridoxine, vitamin B6) kinase","Down"
-1.78722449956542,11.9156711233497,-3.96390876730942,0.00012147238655442,0.000573318716158122,0.292297887753604,"MLLT11","10962","myeloid/lymphoid or mixed-lineage leukemia; translocated to, 11","Down"
1.39349416283405,7.91781830351692,3.96371235035429,0.000121561495662614,0.000573603972575925,0.291603450806849,"CTDSP1","58190","CTD small phosphatase 1","Up"
1.71610923078993,5.61165699020917,3.96355505909025,0.000121632899442397,0.000573805569239337,0.29104736308167,"PLEKHG4","25894","pleckstrin homology and RhoGEF domain containing G4","Up"
1.2934111037061,12.063102194,3.96110741056556,0.000122749198950842,0.000578662399483859,0.28239616539467,"CDC42","998","cell division cycle 42","Up"
-1.10658051594365,4.54770975725189,-3.95976364976563,0.000123366195620174,0.000581223142392735,0.277648427459408,"ABCA7","10347","ATP binding cassette subfamily A member 7","Down"
-2.79133732395931,8.6608412671603,-3.9596715272518,0.000123408602433365,0.000581223142392735,0.277322988896786,"LRRTM2","26045","leucine rich repeat transmembrane neuronal 2","Down"
1.47265435219585,6.45840093793308,3.95721105499255,0.000124546390661562,0.000586305797168439,0.268633139288019,"PYGO1","26108","pygopus family PHD finger 1","Up"
-1.10960420818074,4.0251545980687,-3.95675149420436,0.000124760009568807,0.00058717325604402,0.267010539193334,"AQP11","282679","aquaporin 11","Down"
-1.6379475418935,7.66428001227515,-3.95218100265485,0.000126903625985569,0.000596420212612941,0.250881240184857,"HYLS1","219844","HYLS1, centriolar and ciliogenesis associated","Down"
1.05666395987238,9.97096533682538,3.95197825133145,0.000126999527685391,0.000596730753969381,0.250166067048452,"NAA40","79829","N(alpha)-acetyltransferase 40, NatD catalytic subunit","Up"
-1.47543965891769,6.43229082179598,-3.9513776894431,0.000127284000057627,0.000597926975617033,0.248047848689326,"SEC61A2","55176","Sec61 translocon alpha 2 subunit","Down"
-1.27139268760369,11.7473353622632,-3.94992244693116,0.000127975836817253,0.00060089475878967,0.242916164453595,"TSPAN7","7102","tetraspanin 7","Down"
-2.06829483155536,10.4372722123345,-3.94956849545976,0.000128144650110179,0.000601405117230672,0.241668233819496,"PTPRD","5789","protein tyrosine phosphatase, receptor type D","Down"
-1.7090525371148,9.27536474025112,-3.94935722164003,0.000128245516014347,0.000601737344957561,0.240923385079919,"SIPA1L1","26037","signal induced proliferation associated 1 like 1","Down"
1.08921465724325,7.88799406767574,3.94795235160989,0.000128918153719472,0.000604468127833484,0.235971289768645,"ZNF219","51222","zinc finger protein 219","Up"
1.13346779148994,7.34044855502675,3.94744479175331,0.000129161994342699,0.000605469545645358,0.234182506268256,"SNORD88C","692204","small nucleolar RNA, C/D box 88C","Up"
1.11801137866745,9.51980175038888,3.94719492555311,0.000129282195877039,0.000605891050108204,0.23330197372811,"SKP2","6502","S-phase kinase-associated protein 2, E3 ubiquitin protein ligase","Up"
-2.10604203052867,7.02205926476976,-3.94520777685751,0.000130241944524517,0.000610103157129947,0.226300783117792,"HECW2","57520","HECT, C2 and WW domain containing E3 ubiquitin protein ligase 2","Down"
1.46031524709171,7.75117242738373,3.94464432608171,0.000130515312304995,0.000611097555180445,0.224316116328833,"LACTB2","51110","lactamase beta 2","Up"
1.83849245362189,9.40616942020231,3.94378840137312,0.000130931625590458,0.000612760007763343,0.221301680839129,"PTTG1","9232","pituitary tumor-transforming 1","Up"
1.69415332175089,7.82772970775509,3.94341792949821,0.000131112211694285,0.000613461650927867,0.219997094609434,"C8orf37","157657","chromosome 8 open reading frame 37","Up"
1.67952161639579,6.61580528873964,3.94119177488564,0.000132202358152166,0.000618128670144984,0.212159895930537,"LINC01560","203414","long intergenic non-protein coding RNA 1560","Up"
-3.0350934948167,3.67469265444071,-3.94093055687491,0.00013233084136469,0.000618518912515829,0.21124050269585,"TCERG1L","256536","transcription elongation regulator 1 like","Down"
1.89652543058967,8.09449679202598,3.94089639813899,0.000132347651545972,0.000618518912515829,0.211120279788697,"TLN1","7094","talin 1","Up"
-2.01504758870454,9.83160696139373,-3.93883489597249,0.000133365933740074,0.000622986746751731,0.203866259954204,"SEPT3","55964","septin 3","Down"
-1.17830376112676,2.42309666927172,-3.9386044321809,0.00013348023464951,0.000623375129466095,0.203055488140151,"CLVS1","157807","clavesin 1","Down"
2.39926142619651,12.098719299213,3.92972230475884,0.000137957248643218,0.000643082635975036,0.171836499854457,"CD44","960","CD44 molecule (Indian blood group)","Up"
1.01699328954148,9.18282950015716,3.92860467183157,0.0001385306207106,0.000645454617735671,0.167912148782338,"APAF1","317","apoptotic peptidase activating factor 1","Up"
1.74771450531269,6.38983570819858,3.92780420248098,0.000138942675210696,0.000647223772512315,0.165101994385203,"PCBD2","84105","pterin-4 alpha-carbinolamine dehydratase 2","Up"
1.58210337492853,4.94162119704515,3.92507112371984,0.000140358390473499,0.000653362102885831,0.155510544027478,"LINC00899","100271722","long intergenic non-protein coding RNA 899","Up"
1.18215392744563,8.96521285845314,3.92467871537501,0.000140562780062571,0.000654009195514386,0.15413385876505,"FAM129B","64855","family with sequence similarity 129 member B","Up"
-2.04901660075471,9.31446304374148,-3.92403461332921,0.000140898881574605,0.000655420582111864,0.151874391346858,"GLRB","2743","glycine receptor beta","Down"
2.13855200915319,9.1187031274142,3.92327558044069,0.000141295938476482,0.000657114793374937,0.149212127866617,"PDLIM1","9124","PDZ and LIM domain 1","Up"
1.00691449791446,6.68771982977746,3.92266889580433,0.00014161406698821,0.000658288252377582,0.147084507768212,"ITCH","83737","itchy E3 ubiquitin protein ligase","Up"
-1.03430908875963,3.60596601228734,-3.91976129626104,0.000143148226985278,0.000664801898164918,0.136891253130961,"GPR3","2827","G protein-coupled receptor 3","Down"
2.27991508089566,9.17976565248183,3.91908922356486,0.000143505084231704,0.000666304530105292,0.134535993489227,"MYCN","4613","v-myc avian myelocytomatosis viral oncogene neuroblastoma derived homolog","Up"
-1.31854852096273,10.6427245884412,-3.91519093654731,0.000145591770088842,0.000675679550955104,0.120880816479239,"ANKH","56172","ANKH inorganic pyrophosphate transport regulator","Down"
1.47235919935923,8.07747014010852,3.91507405839245,0.000145654777048242,0.000675815195826573,0.120471572870782,"RPGRIP1L","23322","RPGRIP1 like","Up"
1.01495645880651,5.5412387799945,3.91463023421827,0.000145894271523837,0.000676612584695737,0.118917629933271,"ZNF155","7711","zinc finger protein 155","Up"
1.20515296935338,9.40302719551213,3.91366921203071,0.000146414140266634,0.00067864417116218,0.115553317902852,"PPP4R3A","55671","protein phosphatase 4 regulatory subunit 3A","Up"
1.01136407493359,11.1351982267213,3.91363239356873,0.000146434092413012,0.00067864417116218,0.115424438066398,"LYPLA1","10434","lysophospholipase I","Up"
1.32186538330743,5.4428562681684,3.91279964458341,0.00014688605643167,0.000680581132706905,0.112509726985198,"LRRC28","123355","leucine rich repeat containing 28","Up"
1.06813811870835,4.7823700562458,3.91239708564227,0.000147105016337743,0.00068143784715657,0.111100902215634,"FAM122C","159091","family with sequence similarity 122C","Up"
-1.22134389410421,7.89800425694704,-3.91145706514429,0.000147617523634076,0.000683495439793326,0.107811581413915,"OTUD6B-AS1","100506365","OTUD6B antisense RNA 1 (head to head)","Down"
-2.44689395435418,7.40803427326822,-3.91093930041525,0.000147900539330874,0.000684647406384264,0.106000083942796,"KCNN2","3781","potassium calcium-activated channel subfamily N member 2","Down"
1.21511264685983,4.58751100084544,3.91007200422048,0.000148375770884619,0.000686688421949704,0.102966107317,"ZBED3-AS1","728723","ZBED3 antisense RNA 1","Up"
-1.11153946508647,10.2118436141429,-3.9096795032204,0.000148591317977195,0.0006874316693353,0.101593233780137,"SS18L1","26039","SS18L1, nBAF chromatin remodeling complex subunit","Down"
-1.31465240621749,4.47002579233266,-3.90589935689752,0.000150682558842574,0.00069639777194811,0.0883767470024015,"MAP4K2","5871","mitogen-activated protein kinase kinase kinase kinase 2","Down"
2.28027922791045,5.2890429576342,3.90536974312436,0.000150977779169647,0.000697601022597489,0.0865258672298879,"PLBD1","79887","phospholipase B domain containing 1","Up"
2.19039440233267,6.56412972040533,3.90361329136641,0.000151960818189182,0.00070181904190004,0.080388881409764,"ZNF300P1","134466","zinc finger protein 300 pseudogene 1","Up"
2.11765476539152,5.15508231629497,3.90284869500559,0.000152390643791907,0.000703641728674055,0.0777180852360422,"SPC25","57405","SPC25, NDC80 kinetochore complex component","Up"
-4.02605308694655,8.16742149142385,-3.9014964524978,0.000153153656484446,0.000707001662502148,0.0729956024723251,"LOC101927057","101927057","uncharacterized LOC101927057","Down"
-1.76063537112367,4.25820521913544,-3.90115751922827,0.000153345471457809,0.000707688416806595,0.071812136167841,"LOC101930416","101930416","myomegalin-like","Down"
-1.33217737009559,7.29270137584828,-3.9011086130697,0.000153373168154816,0.000707688416806595,0.0716413753404535,"KALRN","8997","kalirin, RhoGEF kinase","Down"
1.13470943762735,6.8354325890084,3.89930982179972,0.000154395181556927,0.000712075702491802,0.0653618838852124,"TP53TG1","11257","TP53 target 1 (non-protein coding)","Up"
1.62332146019973,7.01065905904071,3.89889648437593,0.000154630940679743,0.000712998670241903,0.0639192656200676,"CDKAL1","54901","CDK5 regulatory subunit associated protein 1 like 1","Up"
1.37066966636002,6.32092423358497,3.8985267689205,0.000154842109124806,0.000713807851903223,0.0626289975323129,"ZNF334","55713","zinc finger protein 334","Up"
1.21360803873898,8.98970027368047,3.89713811511221,0.00015563771437311,0.000717145037186274,0.0577836025016509,"RBM4B","83759","RNA binding motif protein 4B","Up"
1.08208389875976,10.9789112762992,3.89662718595032,0.000155931420727008,0.000718167572395317,0.0560011723549589,"CALR","811","calreticulin","Up"
-1.40592083163787,7.47871166702059,-3.89652672176365,0.000155989234364469,0.000718268495265809,0.0556507141277836,"SHROOM1","134549","shroom family member 1","Down"
-3.16749149947772,5.61111399708544,-3.89570790873631,0.000156461194324043,0.000720275912296624,0.0527946407088598,"KCNQ5","56479","potassium voltage-gated channel subfamily Q member 5","Down"
1.89541352328738,6.86115894934562,3.89467976546092,0.000157055736742047,0.000722680341535908,0.0492090794519964,"FKBP10","60681","FK506 binding protein 10","Up"
-1.81224746941914,9.01469730472456,-3.89278083434363,0.00015815948734676,0.000727591828775953,0.0425886813639371,"KBTBD11","9920","kelch repeat and BTB domain containing 11","Down"
-1.77120530789941,8.60911578112012,-3.89243517929872,0.000158361191593111,0.000728352266713418,0.0413838698131439,"TYRO3","7301","TYRO3 protein tyrosine kinase","Down"
-1.70612259973163,9.69662112752024,-3.89229508432807,0.000158443012618694,0.000728561101692072,0.0408955802878248,"PRKAR2B","5577","protein kinase cAMP-dependent type II regulatory subunit beta","Down"
1.59156300915035,5.52763851480515,3.89097582084206,0.000159215491361177,0.000731776782830937,0.0362980751619153,"THBS3","7059","thrombospondin 3","Up"
1.137224574076,8.26319017574,3.89081443910538,0.000159310232223646,0.000732044055144345,0.0357357598253252,"ZNF844","284391","zinc finger protein 844","Up"
2.62590561205069,5.20286476815686,3.89008810378313,0.000159737299815462,0.000733669457623496,0.0332051589915805,"BRIP1","83990","BRCA1 interacting protein C-terminal helicase 1","Up"
1.10423119927443,8.27774128371562,3.8880781628977,0.000160924784445578,0.000738784341992354,0.0262043323978682,"POGLUT1","56983","protein O-glucosyltransferase 1","Up"
-1.24520795611144,6.21093018877249,-3.88785281856057,0.00016105844183032,0.000739228319729114,0.0254196132507989,"SH2D3C","10044","SH2 domain containing 3C","Down"
-2.17131275913926,7.95261470869657,-3.88632094153714,0.000161969841264099,0.000742730255538449,0.020086091296081,"CHST1","8534","carbohydrate sulfotransferase 1","Down"
-2.05656396004306,6.28699331537544,-3.88632081663491,0.000161969915775191,0.000742730255538449,0.0200856564927596,"PRR36","80164","proline rich 36","Down"
1.74623946189507,5.29782541218959,3.88382647714735,0.000163464451610964,0.000749240156559119,0.0114046863810398,"EVC","2121","EvC ciliary complex subunit 1","Up"
-3.68254595546102,10.003997077123,-3.88352485167745,0.000163646063870202,0.000749900778710751,0.0103552469201551,"PLP1","5354","proteolipid protein 1","Down"
1.15720204646279,7.59371599862065,3.88244038990127,0.000164300618924041,0.000752643791262535,0.00658263210659271,"BTN3A1","11119","butyrophilin subfamily 3 member A1","Up"
-1.60534633147298,10.9923024308873,-3.88240852069469,0.00016431989204952,0.000752643791262535,0.00647177840530855,"SATB1","6304","SATB homeobox 1","Down"
2.09635556982977,12.2811266945764,3.88171582002472,0.000164739339681207,0.000754080814702643,0.00406246903736829,"S100A10","6281","S100 calcium binding protein A10","Up"
1.8763923763783,7.93932270057183,3.88153999336388,0.00016484596917848,0.000754190099554962,0.00345097342600909,"IFIH1","64135","interferon induced with helicase C domain 1","Up"
-2.64194719291493,5.28021454849077,-3.88007524197123,0.000165736819278488,0.00075791920989822,-0.00164233628014365,"CPNE5","57699","copine 5","Down"
-1.34690684621604,7.9581673891174,-3.87721031521679,0.000167492506566245,0.00076502590689077,-0.0116000210389862,"ZC3H7B","23264","zinc finger CCCH-type containing 7B","Down"
1.36279638731604,10.214864688156,3.87716520382456,0.000167520292801942,0.00076502590689077,-0.0117567691855243,"HEATR5A","25938","HEAT repeat containing 5A","Up"
1.3998493646595,4.27435094012136,3.87709309498315,0.000167564717151112,0.00076505415245146,-0.0120073221334813,"ZNF473","25888","zinc finger protein 473","Up"
1.923766739709,8.48968197242982,3.87702436336347,0.000167607071318796,0.000765072935403868,-0.0122461369941478,"MEX3A","92312","mex-3 RNA binding family member A","Up"
2.03984141642333,6.44461966963485,3.87283269787103,0.000170209425349769,0.000776243440385872,-0.0268041753001098,"CALML4","91860","calmodulin like 4","Up"
-1.96399701499001,4.0913484057297,-3.87262256039538,0.000170340893965345,0.000776665967539802,-0.0275336745119867,"RASGEF1C","255426","RasGEF domain family member 1C","Down"
-3.19067391264549,7.34682696783385,-3.87168658035806,0.000170927647055933,0.000779163689826398,-0.0307825803062736,"PPP1R1A","5502","protein phosphatase 1 regulatory inhibitor subunit 1A","Down"
2.07168654049586,8.03651988681373,3.87003596447589,0.000171967084557352,0.000783544855554302,-0.0365105656888858,"CLEC2B","9976","C-type lectin domain family 2 member B","Up"
1.75380791432077,9.47860972972657,3.86883032179971,0.00017273010812611,0.000786842275336766,-0.0406931800701278,"CD58","965","CD58 molecule","Up"
-2.28986573877436,6.63032201147408,-3.86847433923808,0.000172956016554975,0.000787299875545931,-0.0419279574225495,"FRRS1L","23732","ferric chelate reductase 1 like","Down"
-1.51858771611236,4.46455336230124,-3.86842402822132,0.000172987966856596,0.000787299875545931,-0.0421024612659497,"ARL15","54622","ADP ribosylation factor like GTPase 15","Down"
1.30285967061998,5.41739294723905,3.86806473746296,0.000173216299823571,0.000787913226534978,-0.043348609686702,"ZSCAN16","80345","zinc finger and SCAN domain containing 16","Up"
-3.63248784366582,5.60758753916822,-3.86688352573816,0.000173968994640464,0.00079086518422444,-0.0474448280111721,"GABRA5","2558","gamma-aminobutyric acid type A receptor alpha5 subunit","Down"
-1.58378854662683,7.34151591754059,-3.86668007097543,0.000174098954355392,0.000791276188048235,-0.0481502706909289,"ANKDD1A","348094","ankyrin repeat and death domain containing 1A","Down"
-1.42850914629915,2.51248358739527,-3.86541881153659,0.000174906665681223,0.000794405825263162,-0.0525228052401303,"FAT2","2196","FAT atypical cadherin 2","Down"
1.88664184993674,7.36782449380639,3.86519688913779,0.000175049153233459,0.000794872539433003,-0.0532920491590332,"DIAPH3","81624","diaphanous related formin 3","Up"
1.19205444717297,9.34848198979414,3.86360264496337,0.000176076004878201,0.000799172556623905,-0.0588171100064683,"GTF2IRD1","9569","GTF2I repeat domain containing 1","Up"
1.84618763448448,4.81620454182834,3.86349651947522,0.000176144563266506,0.000799302399018593,-0.0591848377053639,"ADAMTS6","11174","ADAM metallopeptidase with thrombospondin type 1 motif 6","Up"
2.71981157559086,6.94848471387438,3.86085273420052,0.000177860700294656,0.000806541031458562,-0.068343046205773,"CCDC88C","440193","coiled-coil domain containing 88C","Up"
-3.10932154005287,7.19446645781811,-3.85984685676702,0.000178517803861812,0.000808270789232374,-0.0718261547855379,"PCDH8","5100","protocadherin 8","Down"
-2.45381076071769,8.03756857194166,-3.85983594136689,0.000178524947149391,0.000808270789232374,-0.0718639482185672,"RNF175","285533","ring finger protein 175","Down"
1.74392979310342,8.83412345599189,3.85916418930886,0.000178965080673665,0.000809713787661244,-0.0741896567852223,"OCLN","100506658","occludin","Up"
1.33792893643912,7.03927448383663,3.85682104451722,0.00018050840742424,0.000816327239452255,-0.0822994750771846,"EMCN","51705","endomucin","Up"
1.53038817313083,8.85774140056331,3.85542293989819,0.000181435298781619,0.000819962959729806,-0.087136573499528,"ADGRL4","64123","adhesion G protein-coupled receptor L4","Up"
2.71852531756095,5.14467649817822,3.8551101325904,0.000181643297190917,0.000820717580600423,-0.0882186198162582,"COL4A6","1288","collagen type IV alpha 6 chain","Up"
1.52570837891979,6.59488531208462,3.85423715455345,0.000182224976369757,0.000822602685521148,-0.0912380110201747,"DDX31","64794","DEAD-box helicase 31","Up"
1.96355767270079,7.25590474629284,3.85354388396193,0.000182688175227837,0.000824321678345363,-0.0936354577434972,"HOXC4","3221","homeobox C4","Up"
-1.13003225708797,8.6357610249658,-3.85316553201856,0.000182941437770907,0.000825063689392526,-0.0949437185532229,"FAM216A","29902","family with sequence similarity 216 member A","Down"
-3.56669362046129,7.8412536807174,-3.85269609023013,0.000183256138534012,0.000826139153593957,-0.0965668073015928,"PLPPR4","9890","phospholipid phosphatase related 4","Down"
-2.29653294486838,5.41996093241314,-3.85225018471921,0.000183555537943805,0.00082730246624053,-0.0981083746238687,"FGF9","2254","fibroblast growth factor 9","Down"
1.17272541738889,10.0232299224393,3.85175093052256,0.000183891309853909,0.000828442566144374,-0.0998342092453814,"ZNF608","57507","zinc finger protein 608","Up"
1.35144113423583,9.9490530290655,3.85072654799414,0.000184582084938831,0.000831367351051597,-0.10337476604474,"ST5","6764","suppression of tumorigenicity 5","Up"
-1.35629800988139,5.7031627816955,-3.84933223963533,0.000185526279311901,0.000835243985191988,-0.108192692528191,"MFSD13A","79847","major facilitator superfamily domain containing 13A","Down"
1.07769327826956,6.60056797306923,3.84671463156163,0.000187311283138196,0.000842711230435326,-0.117233903376147,"GNL3L","54552","G protein nucleolar 3 like","Up"
1.55560167155075,7.79542881240574,3.84601553088491,0.000187790771111225,0.000844051003871951,-0.119647770280728,"GUSBP9","100049076","glucuronidase, beta pseudogene 9","Up"
-1.32570705087771,7.59827867367692,-3.84477964746682,0.000188641275614552,0.000847170819578081,-0.123914198980385,"LOC101927933","101927933","uncharacterized LOC101927933","Down"
-2.0099737120146,7.48056271881704,-3.84454515556073,0.000188803059997397,0.000847707096357255,-0.124723572532461,"ABLIM3","22885","actin binding LIM protein family member 3","Down"
-4.33658102993347,5.95060118389834,-3.84383475096765,0.000189293999264954,0.000849720673837545,-0.127175370016522,"BHLHE22","27319","basic helix-loop-helix family member e22","Down"
1.3282592265495,8.49949093520225,3.84141618711706,0.000190974512018685,0.000856495642671561,-0.135519790920125,"EML4","27436","echinoderm microtubule associated protein like 4","Up"
-2.6902672447622,9.48303056687142,-3.83692866138737,0.000194130263759833,0.000870359343866512,-0.150991414116563,"ATCAY","85300","ATCAY, caytaxin","Down"
-1.24604767515418,10.5796606184098,-3.8368969575413,0.000194152734126868,0.000870359343866512,-0.151100668281856,"ARHGEF3","50650","Rho guanine nucleotide exchange factor 3","Down"
1.83198490282025,7.64365047495065,3.83567695760821,0.000195019299925102,0.000873656769727162,-0.155304348130109,"SP100","6672","SP100 nuclear antigen","Up"
1.03118973658152,9.16740383628314,3.8346681852003,0.000195738606477391,0.000876486638270626,-0.158779412653864,"NIT2","56954","nitrilase family member 2","Up"
1.17045807197699,13.1502367598266,3.833171620954,0.000196810381226899,0.000881088676931433,-0.163933507618644,"HLA-B","3106","major histocompatibility complex, class I, B","Up"
1.33938369693721,7.20734713502101,3.83082799484066,0.00019850000000324,0.000888056686061005,-0.172001632985597,"EFCAB11","90141","EF-hand calcium binding domain 11","Up"
1.11725080847777,8.76523499906018,3.82974306873154,0.000199286828946907,0.000891377506537174,-0.175735253232975,"ACOT9","23597","acyl-CoA thioesterase 9","Up"
2.52737446514799,6.97610450391426,3.82752374168711,0.000200905611289626,0.000898216439122135,-0.183370137434284,"INPP4B","8821","inositol polyphosphate-4-phosphatase type II B","Up"
-1.12171512145733,3.76054508825527,-3.8260351765047,0.000201998367722476,0.000902496950206248,-0.188489099176791,"C2CD4C","126567","C2 calcium dependent domain containing 4C","Down"
1.17562103764838,8.98318070881373,3.82514913522364,0.000202651490290509,0.000905212852476493,-0.191535316565653,"H2AFJ","55766","H2A histone family member J","Up"
1.27393810087895,5.01081747688337,3.82390996600358,0.000203568278704237,0.000908973760924403,-0.195794650281028,"LINC01410","103352539","long intergenic non-protein coding RNA 1410","Up"
1.02184243204286,9.06760677400899,3.82388833571924,0.000203584316624294,0.000908973760924403,-0.195868989223212,"ATAD2","29028","ATPase family, AAA domain containing 2","Up"
1.98182224959723,10.1871156489647,3.82200149503664,0.000204987957354694,0.000914832492258612,-0.202352395200635,"CRISPLD1","83690","cysteine rich secretory protein LCCL domain containing 1","Up"
1.02168959144818,9.22738125175485,3.82131395249161,0.000205501709727817,0.000916716322524956,-0.204714239646,"SLC4A7","9497","solute carrier family 4 member 7","Up"
-1.91745715068429,9.33100000057704,-3.82042017661308,0.000206171395024643,0.000919498684854665,-0.207784031243715,"PDK4","5166","pyruvate dehydrogenase kinase 4","Down"
-1.54714446233221,5.8845805413371,-3.8200967930025,0.000206414209253377,0.000920376439610499,-0.208894594393898,"SIGIRR","59307","single Ig and TIR domain containing","Down"
-1.43988824036015,7.83773958327704,-3.81989845681101,0.000206563265396428,0.000920835840193036,-0.209575683038191,"SLC7A8","23428","solute carrier family 7 member 8","Down"
1.14626219913885,8.63811513340189,3.81904907506002,0.000207202761224113,0.000923069615633673,-0.212492151120247,"ABCC1","4363","ATP binding cassette subfamily C member 1","Up"
1.91498996134385,4.4287280182929,3.81841953932617,0.000207677949258471,0.000924980572309492,-0.214653415075601,"NLRC5","84166","NLR family CARD domain containing 5","Up"
-1.18240960227896,3.09074807073355,-3.81623627351618,0.000209333963312345,0.000931941389405896,-0.222146605759407,"BRICD5","283870","BRICHOS domain containing 5","Down"
1.96476561464707,7.92685344663325,3.8156069201581,0.000209813654478762,0.000933869140190566,-0.224305977516611,"PRKX","5613","protein kinase, X-linked","Up"
1.8860679474071,7.02693554571491,3.81272171509723,0.000212026147910621,0.000943297118356192,-0.234201765077978,"WDR90","197335","WD repeat domain 90","Up"
-1.2498976390144,7.92905721758349,-3.81170793343429,0.000212808805932765,0.00094656864835412,-0.237677457988623,"ADCY9","115","adenylate cyclase 9","Down"
2.44892666077547,7.36139109694172,3.80973658033339,0.000214338590606142,0.00095273765435616,-0.244434023599601,"TIFA","92610","TRAF interacting protein with forkhead associated domain","Up"
2.6258779256576,5.87313521524154,3.80919476111051,0.000214760872958631,0.000954402662213092,-0.246290553499517,"P3H2","55214","prolyl 3-hydroxylase 2","Up"
-1.18119431090783,10.313524824293,-3.80779216301542,0.000215857701918016,0.000959063966749667,-0.251095543765045,"SLC4A5","57835","solute carrier family 4 member 5","Down"
-1.07444492011157,2.28686258967414,-3.80722582929508,0.000216302079987715,0.000960824980975624,-0.253035278186227,"STH","246744","saitohin","Down"
1.36613190020447,12.6994730513574,3.80651217308164,0.000216863293248993,0.000962890347987707,-0.255479275675266,"ITGB8","3696","integrin subunit beta 8","Up"
1.17422601243892,5.08900928137728,3.80348820774808,0.000219256696909396,0.0009728695353884,-0.265831141444609,"CCDC138","165055","coiled-coil domain containing 138","Up"
-1.4514128328572,10.9161189488782,-3.80274685185424,0.000219847281767088,0.000974841437569623,-0.26836800621483,"APBA2","321","amyloid beta precursor protein binding family A member 2","Down"
1.70789788438718,5.49482918750231,3.80217861679484,0.000220300976195502,0.000976636745123731,-0.27031219756235,"MCM10","55388","minichromosome maintenance 10 replication initiation factor","Up"
-1.00066479891203,7.34411761433302,-3.80102215992919,0.00022122707081478,0.000980525034512917,-0.274268248855791,"GALT","2592","galactose-1-phosphate uridylyltransferase","Down"
1.7525481128299,7.04754741142917,3.79852890857485,0.000223236268465588,0.00098833547758155,-0.282793993531742,"LOC646903","646903","uncharacterized LOC646903","Up"
1.86073758692729,7.24551052799077,3.79811612109999,0.000223570582516259,0.000989377713869233,-0.284205101828888,"TOM1L1","10040","target of myb1 like 1 membrane trafficking protein","Up"
-2.89952800612545,7.85391228530604,-3.79519683553764,0.00022594850027543,0.000999054484463462,-0.294181148550457,"ME1","4199","malic enzyme 1","Down"
1.12760236615371,9.49841926222355,3.79459127645982,0.000226444759636121,0.00100038562797848,-0.296249753644583,"IMPACT","55364","impact RWD domain protein","Up"
3.49712799531038,7.50312431968112,3.79435767303259,0.00022663647555491,0.00100095275197066,-0.297047678468338,"PIFO","128344","primary cilia formation","Up"
2.10003697413951,6.70850339534036,3.79373880433306,0.000227145119957351,0.00100297780070331,-0.299161373688573,"PMAIP1","5366","phorbol-12-myristate-13-acetate-induced protein 1","Up"
-3.32132094808982,6.39827137061385,-3.79285666643197,0.000227872017652047,0.00100574353786996,-0.302173767777453,"SHISA6","388336","shisa family member 6","Down"
-1.58648586816449,9.60013268176201,-3.79240226780034,0.000228247311728681,0.00100717776042253,-0.303725265961106,"TBC1D24","57465","TBC1 domain family member 24","Down"
1.01782200678567,10.2738558446402,3.79205663032591,0.000228533171357457,0.00100821679368217,-0.304905310852952,"SHMT2","6472","serine hydroxymethyltransferase 2","Up"
1.05104291465298,6.57206406055988,3.79111253851497,0.000229315716179977,0.00101122317249566,-0.308128108232112,"TAF1B","9014","TATA-box binding protein associated factor, RNA polymerase I subunit B","Up"
1.01116278142669,7.4563492675071,3.79082660492633,0.000229553224126935,0.0010118244888979,-0.309104058588208,"MALT1","10892","MALT1 paracaspase","Up"
-1.64298231299645,5.73062765325763,-3.79066542082655,0.000229687213043335,0.00101199511097166,-0.309654187298432,"TTBK1","84630","tau tubulin kinase 1","Down"
1.05164727184483,9.81086874761479,3.79041140513123,0.000229898521616349,0.00101267717348707,-0.310521116601234,"GON7","84520","GON7, KEOPS complex subunit homolog","Up"
1.52037117209684,9.38574739258302,3.78996481245099,0.000230270477176304,0.00101397324207749,-0.3120451788222,"SUMF1","285362","sulfatase modifying factor 1","Up"
1.69461972663832,11.3379086582047,3.78684235850941,0.000232887095502772,0.0010242629412451,-0.322697000317056,"NAMPT","10135","nicotinamide phosphoribosyltransferase","Up"
-1.18262042182498,3.14736248251728,-3.78639594227824,0.000233263490840232,0.00102569289258033,-0.324219315104589,"ABCD2","225","ATP binding cassette subfamily D member 2","Down"
1.89133630307455,8.47435613447302,3.78536701358536,0.000234133231550466,0.00102906493049872,-0.327727497817943,"LAMB2","3913","laminin subunit beta 2","Up"
-1.50423278735411,3.48824798219905,-3.78487812983477,0.000234547556929127,0.00103065955885813,-0.329394104050069,"SIAH3","283514","siah E3 ubiquitin protein ligase family member 3","Down"
1.92232243466212,7.21523697047166,3.78447028537122,0.000234893734514169,0.0010317275403787,-0.33078431557199,"SP110","3431","SP110 nuclear body protein","Up"
2.88713819625521,11.1230727460001,3.78421977951622,0.000235106603774434,0.00103243586955994,-0.331638150711845,"SERPINA3","12","serpin family A member 3","Up"
1.39962436336706,10.7759495883369,3.78237132849235,0.000236683009382272,0.00103890236259568,-0.337937096616189,"LITAF","9516","lipopolysaccharide induced TNF factor","Up"
2.47531363643208,7.81398924630308,3.78098694803788,0.000237870209206791,0.0010436555428948,-0.342653024227625,"TFPI","7035","tissue factor pathway inhibitor","Up"
-1.45240008049317,7.90123417959817,-3.78058753269942,0.000238213784106404,0.0010447219265484,-0.34401338645701,"FAM69B","138311","family with sequence similarity 69 member B","Down"
2.20103022619717,5.00259517307272,3.78058298903229,0.000238217695252351,0.0010447219265484,-0.344028860998695,"CFAP44","55779","cilia and flagella associated protein 44","Up"
1.27939725369921,8.54164744911923,3.77702064470404,0.000241302956217237,0.00105709398840339,-0.35615669986604,"NEMP1","23306","nuclear envelope integral membrane protein 1","Up"
2.17547364113931,7.94034811717923,3.77584388903128,0.000242330421865606,0.0010610313816946,-0.360160902848106,"BMP2","650","bone morphogenetic protein 2","Up"
1.01184803240677,5.14423567622112,3.77580911832399,0.00024236084442167,0.0010610313816946,-0.360279203629266,"NPHP1","4867","nephrocystin 1","Up"
1.33523383704609,6.65708973513083,3.77569655076894,0.000242459360027077,0.00106123045636879,-0.360662187554879,"TMEM198B","440104","transmembrane protein 198B (pseudogene)","Up"
1.64738817308829,4.7182585638629,3.77540352867162,0.000242715982055914,0.00106212131517775,-0.361659081678122,"CYTIP","9595","cytohesin 1 interacting protein","Up"
2.88098964896147,4.69965045856473,3.77015196911405,0.000247359114525512,0.00108149340129194,-0.379514985827484,"LAMA1","284217","laminin subunit alpha 1","Up"
1.10414898375818,8.88180050462083,3.76848083910403,0.000248854225339299,0.00108779254672566,-0.38519284903761,"CNPPD1","27013","cyclin Pas1/PHO80 domain containing 1","Up"
-1.46528299846129,10.6482616905914,-3.76840311588697,0.000248923970262055,0.00108785973635494,-0.385456873904583,"RGS2","5997","regulator of G-protein signaling 2","Down"
-2.26275427477383,6.9482106908645,-3.76728368105499,0.000249930554517736,0.00109154346305094,-0.389259097679632,"SGK494","124923","uncharacterized serine/threonine-protein kinase SgK494","Down"
-2.34857388685918,8.45556487300249,-3.7671505676563,0.000250050505305941,0.00109179330189971,-0.38971116473169,"CDH10","1008","cadherin 10","Down"
2.10963877404359,7.25755879561852,3.76709909681381,0.000250096901214893,0.00109179330189971,-0.389885961679645,"TGFB1","7040","transforming growth factor beta 1","Up"
2.22242273248021,8.50559012371266,3.76677050077318,0.0002503932908428,0.00109284872816141,-0.391001841336637,"HES1","3280","hes family bHLH transcription factor 1","Up"
1.90798714970197,6.85882102331402,3.76429580314341,0.000252636167705854,0.00110125026703397,-0.399403166712266,"IRF1","3659","interferon regulatory factor 1","Up"
1.4753354629328,6.36387591179396,3.76426227193377,0.000252666688308551,0.00110125026703397,-0.399516971118523,"L3HYPDH","112849","trans-L-3-hydroxyproline dehydratase","Up"
-3.90843926771348,7.98116370659633,-3.75935389151223,0.000257172299385965,0.00111926173456929,-0.416167181061842,"LGI1","9211","leucine rich glioma inactivated 1","Down"
2.03357573334714,4.17482227678225,3.7589181161092,0.000257575978782392,0.00112053111709053,-0.417644577527348,"IQGAP3","128239","IQ motif containing GTPase activating protein 3","Up"
1.00041035028382,11.6509282371838,3.75569337986116,0.000260581939797361,0.00113262282631453,-0.428573040525298,"SERINC5","256987","serine incorporator 5","Up"
-2.38244937663617,6.16315929716355,-3.75335230286702,0.000262785004980412,0.00114095911342081,-0.436502118903278,"AFDN","4301","afadin, adherens junction formation factor","Down"
-2.07818962644951,6.8874065822984,-3.75034427042734,0.000265641644808635,0.0011528616893029,-0.446684314374311,"ANO5","203859","anoctamin 5","Down"
1.02576889701064,7.4954648095368,3.74780602457928,0.000268075027170524,0.00116216187835334,-0.455271188346472,"SMC2","10592","structural maintenance of chromosomes 2","Up"
-1.30085585940152,8.78485722108243,-3.74748462022602,0.000268384656684456,0.00116325212874478,-0.456358165167553,"PPP2R5A","5525","protein phosphatase 2 regulatory subunit B'alpha","Down"
-2.56564919900789,6.98860614076982,-3.7452107138055,0.000270584963631161,0.00117228093706554,-0.46404629046229,"CELSR3","1951","cadherin EGF LAG seven-pass G-type receptor 3","Down"
1.13010737133793,11.0784616023136,3.74513075207764,0.00027066264769404,0.00117236362684881,-0.464316574594743,"SPAG16","79582","sperm associated antigen 16","Up"
-2.32273756538501,8.45598267083751,-3.74347241385843,0.000272278524189914,0.00117859723787702,-0.469920993654354,"MAP7","9053","microtubule associated protein 7","Down"
1.12602810092163,3.96902302406201,3.74330611236959,0.000272441071192507,0.00117904575196809,-0.470482906158849,"ZNF132","7691","zinc finger protein 132","Up"
2.18809689212321,8.98805952230379,3.74089867694133,0.000274804486306091,0.00118850267131992,-0.478615093017595,"GBP2","2634","guanylate binding protein 2","Up"
-1.42136912872913,6.75302495324379,-3.73886217480577,0.000276818914169914,0.00119592226642139,-0.485491007825657,"EME2","197342","essential meiotic structure-specific endonuclease subunit 2","Down"
1.03261644362301,7.06083652888024,3.73835901397692,0.00027731877341421,0.00119782312169648,-0.487189384501174,"SPPL2B","56928","signal peptide peptidase like 2B","Up"
1.76029639819697,9.85292550577077,3.73621628357117,0.000279457040632052,0.00120679840533681,-0.494419933612813,"CRIP2","1397","cysteine rich protein 2","Up"
-1.11428719107706,8.26485369732828,-3.73584278067916,0.000279831361492328,0.00120766468164681,-0.495679961822233,"TUFT1","7286","tuftelin 1","Down"
1.1024420457948,4.41145007165793,3.73518205691704,0.00028049469655868,0.00120997356490934,-0.497908694256712,"SCARF2","91179","scavenger receptor class F member 2","Up"
2.27263999070158,9.01295912490834,3.73467421195142,0.000281005561447081,0.00121139372287691,-0.499621525526202,"C1R","715","complement C1r subcomponent","Up"
-1.0244646934668,8.9795944468,-3.73411775524152,0.00028156633975452,0.00121328833932128,-0.501498096945383,"SULT1A1","6817","sulfotransferase family 1A member 1","Down"
-2.55064463257817,8.9370048356542,-3.73142472537938,0.000284295306502089,0.00122425660722929,-0.510576783461268,"NALCN","259232","sodium leak channel, non-selective","Down"
2.15337465130486,5.84066502592586,3.72934626471652,0.000286418623728845,0.00123207426466201,-0.517580047551444,"KIAA0485","57235","uncharacterized LOC57235","Up"
1.75161963530854,4.72099053627888,3.72862303163204,0.000287160983814866,0.00123500210730525,-0.520016207802337,"SLC15A3","51296","solute carrier family 15 member 3","Up"
-1.54414225706667,5.58089510092935,-3.72776962841711,0.00028803930198992,0.00123851328495859,-0.522890348466852,"LOC101930361","101930361","uncharacterized LOC101930361","Down"
1.79842104683129,4.52618794249728,3.72729086674724,0.000288533155204376,0.00124037018396518,-0.524502518054907,"ZNF662","389114","zinc finger protein 662","Up"
1.15174120098007,9.10029255591698,3.72630210973125,0.000289555620936624,0.00124369671706291,-0.52783150565234,"APPL2","55198","adaptor protein, phosphotyrosine interacting with PH domain and leucine zipper 2","Up"
-3.12478178618054,4.66896880094698,-3.72621555596104,0.000289645288758667,0.00124381482983358,-0.528122884619898,"ASPA","443","aspartoacylase","Down"
1.0508433789681,10.3154742662571,3.72603965336374,0.000289827601110046,0.00124433064708341,-0.528715035203475,"GPSM2","29899","G-protein signaling modulator 2","Up"
-3.89412034498002,5.86063243828189,-3.72417604602629,0.000291765807852641,0.00125211465416297,-0.534987218084422,"GDA","9615","guanine deaminase","Down"
3.43180464123754,5.31327348880136,3.72366988374485,0.00029229434886331,0.00125411388327434,-0.536690329057653,"SPATA17","128153","spermatogenesis associated 17","Up"
1.34600402829256,8.06824082122012,3.72317077300212,0.000292816414906588,0.00125581522251578,-0.538369530993041,"LMNB2","84823","lamin B2","Up"
2.67049120143057,7.9117780675958,3.72175840180694,0.000294298536548794,0.00126163077367297,-0.543120313643464,"LOC100509445","100509445","uncharacterized LOC100509445","Up"
2.06691696074615,9.03313931561592,3.7197997554962,0.000296365679263003,0.00126994819983185,-0.549706197388605,"PYGL","5836","phosphorylase, glycogen, liver","Up"
-1.63968391162499,5.03727525631621,-3.71944536113511,0.000296741171566404,0.00127128492923534,-0.550897538670795,"KCNK10","54207","potassium two pore domain channel subfamily K member 10","Down"
-1.13372763374859,4.29009566736355,-3.717467875664,0.000298844670062442,0.00127974856890823,-0.557543427879765,"GJB1","2705","gap junction protein beta 1","Down"
-2.43180273976805,3.32919796308568,-3.71670691104968,0.000299657884219122,0.00128240754857155,-0.560100102731882,"CCDC177","56936","coiled-coil domain containing 177","Down"
1.21330745816969,3.7391491843042,3.7150668384769,0.000301417702119239,0.00128938720682053,-0.565608955312237,"CHEK2","11200","checkpoint kinase 2","Up"
-1.00542613222111,11.7706871793146,-3.71383809581152,0.00030274256882646,0.00129477780558166,-0.569734905667311,"SPTAN1","6709","spectrin alpha, non-erythrocytic 1","Down"
-1.11802784299343,2.42449687356213,-3.71282973659596,0.000303833930909516,0.00129916765456437,-0.573120017232172,"TAF7L","54457","TATA-box binding protein associated factor 7 like","Down"
-2.17968914664169,6.6507552930071,-3.71159560368348,0.000305174723542759,0.00130431723618793,-0.57726205451925,"TMEM229B","161145","transmembrane protein 229B","Down"
-1.04992969062959,8.54058572401621,-3.71154131451822,0.000305233833149993,0.00130431723618793,-0.577444236120933,"CDK16","5127","cyclin dependent kinase 16","Down"
1.54329211844293,7.22637714799805,3.7106964560547,0.000306155107069805,0.00130771783090868,-0.580279104683108,"FRMD4B","23150","FERM domain containing 4B","Up"
1.45745403337751,5.9306507127232,3.71069164585583,0.000306160359872858,0.00130771783090868,-0.580295243509298,"CCDC102B","79839","coiled-coil domain containing 102B","Up"
2.17684378865489,6.42178969380361,3.7054966794815,0.000311883440679455,0.00132904195903596,-0.597715171304388,"TTC25","83538","tetratricopeptide repeat domain 25","Up"
-3.16636994657561,4.71093578362692,-3.70528930129007,0.000312113990692488,0.00132974118649587,-0.598410150187685,"SLITRK3","22865","SLIT and NTRK like family member 3","Down"
-1.16533053093794,10.6408159532346,-3.70471567977691,0.00031275254797954,0.00133217803436804,-0.600332343471885,"TP53INP2","58476","tumor protein p53 inducible nuclear protein 2","Down"
2.66418766351459,7.08932372523178,3.70425463018029,0.000313266686546772,0.00133380008464381,-0.601877136766731,"CCDC146","57639","coiled-coil domain containing 146","Up"
1.2894712294186,6.59368695840456,3.70361625585449,0.000313979890041856,0.00133655226809945,-0.604015818573838,"FAM86DP","692099","family with sequence similarity 86, member D, pseudogene","Up"
2.18837266916811,8.93660849484243,3.70346395644899,0.00031415026878109,0.00133699307115577,-0.604526008162411,"MYOF","26509","myoferlin","Up"
-1.72805232251098,9.07019916766793,-3.70227308653429,0.000315485528111874,0.00134239025115574,-0.608514734072529,"SELM","140606","selenoprotein M","Down"
-2.87850948340329,8.13763273598024,-3.70206037741373,0.000315724592604688,0.0013431218210168,-0.609227077788137,"SLC1A1","6505","solute carrier family 1 member 1","Down"
-3.15808751863952,8.56755493638183,-3.70188861670246,0.000315917760228069,0.00134365787178635,-0.609802264874951,"CADPS","8618","calcium dependent secretion activator","Down"
-2.84520428712308,4.26848892724249,-3.70093929750802,0.000316987415480809,0.00134763434371537,-0.61298092809953,"HHIP","64399","hedgehog interacting protein","Down"
1.00943670239243,11.3838585756621,3.70072787500209,0.00031722610450283,0.00134836258185429,-0.613688757409068,"GOLIM4","27333","golgi integral membrane protein 4","Up"
-2.5847217672958,6.91960309520716,-3.69791383895072,0.000320419310662467,0.00135991284438354,-0.623106867102618,"RNF112","7732","ring finger protein 112","Down"
1.72399492873682,5.90349503442823,3.69756728397416,0.000320814659651769,0.00136130199271536,-0.624266329082347,"KIAA0922","23240","KIAA0922","Up"
1.36894648736371,8.98878898933207,3.69666586151632,0.000321845164309732,0.00136509565451448,-0.627281789294941,"MAPKAPK3","7867","mitogen-activated protein kinase-activated protein kinase 3","Up"
1.0996029556852,5.48527688879834,3.6961052397489,0.000322487646136265,0.00136753080463083,-0.629156895535092,"ZNF235","9310","zinc finger protein 235","Up"
-2.29689082834911,4.64778237202604,-3.69597808524397,0.000322633536160121,0.00136785953760448,-0.629582156053755,"NR4A3","8013","nuclear receptor subfamily 4 group A member 3","Down"
-1.60545090609271,7.83688898027988,-3.69428949104144,0.000324576870209742,0.0013746421342689,-0.635228437121875,"CORO1A","11151","coronin 1A","Down"
1.87449286516653,7.21777487797,3.69384093185164,0.000325094958630903,0.00137654493911714,-0.6367279685293,"ZNF880","400713","zinc finger protein 880","Up"
-2.07375115853426,6.66531687315172,-3.69361278589696,0.000325358768800797,0.00137737047977096,-0.63749060306206,"HENMT1","113802","HEN1 methyltransferase homolog 1","Down"
1.7337683822117,9.59847395498225,3.69339580719976,0.000325609854060292,0.00137814181302819,-0.638215872980895,"CTSC","1075","cathepsin C","Up"
2.82643833208303,8.39102130216763,3.69307993908431,0.000325975700959284,0.00137939844523951,-0.639271627782126,"GBP3","2635","guanylate binding protein 3","Up"
2.15750212507949,9.0135491540887,3.69172028113468,0.000327554940784788,0.00138520221946338,-0.643815304185315,"PBX3","5090","PBX homeobox 3","Up"
1.19591286057679,7.58613479998479,3.69074336357925,0.000328694097278265,0.0013897258673386,-0.647079112675285,"PUM3","9933","pumilio RNA binding family member 3","Up"
-1.95869457556963,7.43411161810923,-3.68914832570226,0.00033056209130326,0.0013964433616352,-0.652406515560822,"SLC2A14","144195","solute carrier family 2 member 14","Down"
1.59002828779007,5.48959195542408,3.68896101283381,0.000330782116914375,0.00139707785794932,-0.653032015727086,"PLK4","10733","polo like kinase 4","Up"
1.11306682649566,10.5901754343201,3.68842906961719,0.000331407716038249,0.0013994246886402,-0.654808211737352,"SLC16A1","6566","solute carrier family 16 member 1","Up"
1.04493547310861,8.76809477847172,3.68692014926055,0.000333188402808807,0.00140664705106474,-0.659845477506519,"PEMT","10400","phosphatidylethanolamine N-methyltransferase","Up"
-2.45116701271657,9.52805882946041,-3.6861123924318,0.0003341453599296,0.00141038949706994,-0.662541347569053,"PAQR6","79957","progestin and adipoQ receptor family member 6","Down"
-1.4847557344223,10.1088672028099,-3.68450431143915,0.00033605821903798,0.0014173480025727,-0.667906860343518,"CMTM4","146223","CKLF like MARVEL transmembrane domain containing 4","Down"
-1.43123752467614,9.3971927258039,-3.68343826344613,0.000337332022226471,0.00142233967727819,-0.67146278632348,"MAPK10","5602","mitogen-activated protein kinase 10","Down"
1.58926465418204,9.15303851115438,3.68170254395994,0.000339415787310223,0.00143022149467473,-0.677250699169738,"OLFML3","56944","olfactomedin like 3","Up"
2.93986997171077,6.79743267985864,3.68021094096554,0.000341216212867486,0.0014369001832961,-0.682222821579348,"ANGPT1","284","angiopoietin 1","Up"
-1.77222443464195,10.1251566491536,-3.67978961497484,0.000341726405280278,0.00143874583132208,-0.683626978237349,"FAM19A5","25817","family with sequence similarity 19 member A5, C-C motif chemokine like","Down"
2.57625435959592,7.56546116254994,3.67914775559325,0.000342505034046686,0.00144172064299854,-0.685765858502922,"CSPG4","1464","chondroitin sulfate proteoglycan 4","Up"
-2.27370694291322,3.36903722535325,-3.6788795228977,0.000342830919765044,0.00144278885396282,-0.686659606041166,"PLCH2","9651","phospholipase C eta 2","Down"
-1.35362086184044,7.94543172236077,-3.67786142080211,0.000344070521822928,0.00144739674729002,-0.690051428173367,"MXD1","4084","MAX dimerization protein 1","Down"
-2.83415471647561,6.59380470614355,-3.67632561809865,0.000345948484212571,0.00145468501968073,-0.695166540842028,"ROBO2","6092","roundabout guidance receptor 2","Down"
1.86556703587613,7.92124687211278,3.67535699944961,0.000347137883628789,0.00145890065724382,-0.698391713335015,"FAM72A","729533","family with sequence similarity 72 member A","Up"
-1.38744275986496,9.44023994283692,-3.6753310572838,0.000347169792029681,0.00145890065724382,-0.69847808251926,"SYNE1","23345","spectrin repeat containing nuclear envelope protein 1","Down"
-1.16476501996805,8.5252693860761,-3.67460739613982,0.00034806100164015,0.0014620315892955,-0.700887166878744,"ACVR2A","92","activin A receptor type 2A","Down"
-1.31642095547094,8.49407036859036,-3.67419713947779,0.000348567205635023,0.00146385056321157,-0.702252750131508,"NACAD","23148","NAC alpha domain containing","Down"
2.13970252852919,8.0399883574597,3.67309333451675,0.000349932619795083,0.00146896809153173,-0.705926270676348,"HERC5","51191","HECT and RLD domain containing E3 ubiquitin protein ligase 5","Up"
2.2375993588946,7.11204352129331,3.67202152310992,0.000351263299445269,0.00147424477281341,-0.709492460227584,"LOC101928269","101928269","uncharacterized LOC101928269","Up"
-1.43259762559626,9.59423348879237,-3.67168168650404,0.00035168621347079,0.00147540072822606,-0.710623007298086,"RPS6KA2","6196","ribosomal protein S6 kinase A2","Down"
-1.98850260703866,4.02995417481846,-3.67093263932248,0.000352620076650963,0.00147900835923602,-0.71311459134545,"ST8SIA5","29906","ST8 alpha-N-acetyl-neuraminide alpha-2,8-sialyltransferase 5","Down"
1.35426540757146,7.1927463700013,3.67077232686973,0.000352820248332958,0.00147953777161968,-0.713647791280642,"FKBP7","51661","FK506 binding protein 7","Up"
-1.32339093751177,4.91822214870095,-3.6701553347526,0.000353591649630657,0.00148215129565484,-0.715699733948288,"FAM57B","83723","family with sequence similarity 57 member B","Down"
-1.63606850559041,6.24300356785207,-3.66823758914485,0.000355999533005441,0.00149193185103474,-0.722075834884669,"LY6E","4061","lymphocyte antigen 6 complex, locus E","Down"
2.21367307333622,6.66975619332095,3.66721112060913,0.000357294711922014,0.00149673268455271,-0.725487518285965,"PALMD","54873","palmdelphin","Up"
1.32068693415772,8.38315458098515,3.66640427085547,0.00035831590772109,0.00150006829164592,-0.728168709858807,"GUSBP3","653188","glucuronidase, beta pseudogene 3","Up"
-1.018638108895,6.81121125908325,-3.66491272837641,0.000360210964244499,0.00150737100222541,-0.733123902578066,"LOC286437","286437","uncharacterized LOC286437","Down"
-1.51385826415385,10.3020587777107,-3.66451220218275,0.000360721459178807,0.0015091916005417,-0.73445424993563,"EPB41L3","23136","erythrocyte membrane protein band 4.1 like 3","Down"
-2.21897954677141,6.86448414786964,-3.66411903657508,0.000361223238165253,0.00151065914004436,-0.735760034561389,"SNTA1","6640","syntrophin alpha 1","Down"
-1.10188526530875,5.92362376143929,-3.66079902856189,0.000365486816412123,0.00152721276857923,-0.746781944093474,"MOCS1","4337","molybdenum cofactor synthesis 1","Down"
-1.38168469237812,7.1031362050171,-3.66027714722183,0.000366161333942398,0.00152880785272165,-0.748513772490757,"PIK3C2B","5287","phosphatidylinositol-4-phosphate 3-kinase catalytic subunit type 2 beta","Down"
-1.42426433555957,3.54191033199225,-3.65967312455163,0.000366943486862561,0.00153106117657127,-0.750517931580987,"PHACTR1","221692","phosphatase and actin regulator 1","Down"
-1.04199805156523,9.46086396265757,-3.65951236959087,0.000367151915604566,0.00153161142108018,-0.751051274533231,"CTSF","8722","cathepsin F","Down"
2.20463402776463,10.2591818437988,3.6587058718765,0.000368199280872982,0.00153534035273567,-0.753726736583899,"CAV1","857","caveolin 1","Up"
-2.82979317438968,10.4880704059665,-3.6574092474097,0.000369889079168192,0.00154174391810792,-0.758027134884215,"NELL2","4753","neural EGFL like 2","Down"
-2.59741901101598,3.35671923496669,-3.65600686935115,0.000371724953426782,0.00154875075868589,-0.762676885530768,"P2RX5","5026","purinergic receptor P2X 5","Down"
1.23929174300243,7.74201955578207,3.65545551183489,0.000372449101114091,0.00155144475660829,-0.764504580734238,"HS1BP3","64342","HCLS1 binding protein 3","Up"
2.57451181216864,4.46904742324586,3.65535802157155,0.00037257728261226,0.00155165563972179,-0.764827727982984,"RARRES1","5918","retinoic acid receptor responder 1","Up"
1.94436777478684,9.34797083810047,3.65514419504551,0.000372858570691511,0.00155218090383376,-0.765536466119708,"PRRX1","5396","paired related homeobox 1","Up"
-1.11057906054471,11.0332301443802,-3.65441914245993,0.000373813870719817,0.0015548636406427,-0.76793943692239,"CNP","1267","2',3'-cyclic nucleotide 3' phosphodiesterase","Down"
-2.40118501971171,8.45805713338787,-3.65433681501733,0.000373922488244067,0.00155499214764063,-0.768212262264604,"CEP126","57562","centrosomal protein 126","Down"
-1.96626245185294,10.7122223086874,-3.65369479890877,0.000374770547394005,0.00155819500035575,-0.770339671791042,"TCEAL2","140597","transcription elongation factor A like 2","Down"
-1.85028805408935,10.1409502934793,-3.65322004114143,0.000375398839218204,0.00155951091699307,-0.771912652594477,"SIRPA","140885","signal regulatory protein alpha","Down"
1.44785255649947,5.40665709497675,3.6527431028738,0.00037603101952189,0.00156181287265403,-0.773492690952937,"LPXN","9404","leupaxin","Up"
1.15670497050387,5.33906094254698,3.65204981701719,0.000376951763428741,0.00156498732743698,-0.775789164093146,"ZNF628","89887","zinc finger protein 628","Up"
1.09183547793096,11.3604834346757,3.65152504964057,0.000377650117237654,0.00156723623637705,-0.777527193449069,"COTL1","23406","coactosin like F-actin binding protein 1","Up"
1.97386408815371,8.10168931844012,3.65129132394983,0.000377961550061938,0.00156820338699485,-0.778301227630796,"MXRA8","54587","matrix remodeling associated 8","Up"
-2.25477379008041,12.1993700587975,-3.65089101359057,0.0003784955164381,0.00156976778552592,-0.779626850308496,"FAM107A","11170","family with sequence similarity 107 member A","Down"
1.3288760149282,4.8866155462845,3.65059837023003,0.0003788863190877,0.00157106291937567,-0.780595860473354,"HMCN1","83872","hemicentin 1","Up"
1.36760043915181,7.29117196096858,3.64896826771883,0.000381070186411959,0.00157913654091633,-0.785992355310469,"RAB27A","5873","RAB27A, member RAS oncogene family","Up"
1.21311841805207,8.10367279174864,3.64813005886569,0.000382197772680447,0.00158249810389439,-0.788766505080343,"NPIPB15","440348","nuclear pore complex interacting protein family member B15","Up"
3.74877440626509,6.79236568015219,3.64711668508778,0.000383565209011247,0.00158684638889331,-0.792119692863452,"RMST","196475","rhabdomyosarcoma 2 associated transcript (non-protein coding)","Up"
-1.04853302399566,5.57860025291515,-3.6455858442966,0.00038563968464274,0.00159457557028503,-0.797183711299778,"KCTD17","79734","potassium channel tetramerization domain containing 17","Down"
1.39609933370145,9.09528353482775,3.64313642608084,0.000388981022655897,0.00160725801740531,-0.805282791653179,"ERO1A","30001","endoplasmic reticulum oxidoreductase 1 alpha","Up"
-2.87749151007791,8.14270580366953,-3.64307081452945,0.000389070900952215,0.00160729744277327,-0.805499677579466,"GRIA4","2893","glutamate ionotropic receptor AMPA type subunit 4","Down"
2.45139932868362,5.55218724528095,3.64165738346477,0.000391011869637304,0.00161498234430915,-0.810171153299895,"SULT1C4","27233","sulfotransferase family 1C member 4","Up"
1.19363183151578,5.4935970659358,3.64030010289367,0.000392884342773361,0.00162238122721706,-0.814655662427736,"ADAT3","113179","adenosine deaminase, tRNA specific 3","Up"
-1.00883827361467,9.44522359406574,-3.63761894935511,0.000396608137042121,0.00163640730002097,-0.823510309427498,"PXK","54899","PX domain containing serine/threonine kinase like","Down"
-1.45005999742433,8.77372635531456,-3.63684101317917,0.000397694823483226,0.00164013357471045,-0.82607849134517,"DPY19L2P2","349152","DPY19L2 pseudogene 2","Down"
1.74116396132031,10.3197314690835,3.63679642712501,0.000397757190208183,0.00164013357471045,-0.826225668685113,"FAM84B","157638","family with sequence similarity 84 member B","Up"
-1.28449630580625,6.41316738573355,-3.63646239407724,0.000398224727913421,0.00164172308497091,-0.827328255955889,"PTPDC1","138639","protein tyrosine phosphatase domain containing 1","Down"
-1.07967453086727,5.57169017537272,-3.6346175691667,0.000400816253097488,0.00165206649685238,-0.833416232060264,"HSPA12B","116835","heat shock protein family A (Hsp70) member 12B","Down"
1.49370522476752,6.76146625825053,3.63254012189264,0.000403753633267907,0.00166307693831418,-0.840268862535297,"ECSCR","641700","endothelial cell surface expressed chemotaxis and apoptosis regulator","Up"
1.97006711099552,6.16032105329716,3.63249331340213,0.000403820051298559,0.00166307693831418,-0.840423227493265,"CDCA8","55143","cell division cycle associated 8","Up"
-1.73652270428929,9.14811984728166,-3.63218649205144,0.000404255665425119,0.00166418582266674,-0.841435022361557,"DHCR24","1718","24-dehydrocholesterol reductase","Down"
-1.10638046236831,5.74317939079337,-3.63212170895216,0.000404347698945581,0.00166422226142856,-0.841648646612678,"ZNF37BP","100129482","zinc finger protein 37B, pseudogene","Down"
1.99736219181493,9.07401304113461,3.63187778985155,0.000404694398051442,0.00166530662727585,-0.842452949514789,"PPIC","5480","peptidylprolyl isomerase C","Up"
1.60648496810578,6.2886352588745,3.63112198699032,0.000405770457655252,0.00166939122893453,-0.844944867550362,"SLCO2A1","6578","solute carrier organic anion transporter family member 2A1","Up"
-1.19792688188771,8.79152415981053,-3.62930008563393,0.00040837547903591,0.00167926891111829,-0.850950029365285,"PRRG1","5638","proline rich and Gla domain 1","Down"
-2.05057224502105,8.1366669065,-3.62926682842166,0.000408423177962794,0.00167926891111829,-0.851059625550261,"SLC24A3","57419","solute carrier family 24 member 3","Down"
1.57045203916535,10.288446277408,3.6290646143243,0.000408713315472327,0.00167961971588186,-0.851725986539299,"TUBB6","84617","tubulin beta 6 class V","Up"
1.16479772897758,9.15093642311414,3.6290318433573,0.000408760353707642,0.00167961971588186,-0.851833974653116,"OLMALINC","90271","oligodendrocyte maturation-associated long intergenic non-coding RNA","Up"
2.65746508426607,10.2671316127306,3.62510220400874,0.000414438045518727,0.00170259999521421,-0.864777317738477,"CDK6","1021","cyclin dependent kinase 6","Up"
1.13930664840381,5.84467503285929,3.62068645353788,0.000420906971676607,0.00172811118045021,-0.879308183371889,"ZFP69","339559","ZFP69 zinc finger protein","Up"
-1.75599967620368,4.24945952132734,-3.6168896517154,0.000426545312470883,0.00174982408583247,-0.891790750770379,"NINJ2","4815","ninjurin 2","Down"
-1.44873708757653,7.95094602315805,-3.61557319752287,0.000428516879832457,0.00175719147669768,-0.896116305108299,"ABCA2","20","ATP binding cassette subfamily A member 2","Down"
1.26331433406397,6.95186221257473,3.61336250587107,0.000431847064310152,0.00177012174055587,-0.903377224360479,"ZNF823","55552","zinc finger protein 823","Up"
2.81776169283241,5.57781308143852,3.61311373481759,0.000432223339165154,0.00177130117711537,-0.904194075413433,"CHST9","83539","carbohydrate sulfotransferase 9","Up"
-1.56564946913321,8.69625306824225,-3.61222147770085,0.000433575457507957,0.00177575111123064,-0.907123465216923,"PCDH19","57526","protocadherin 19","Down"
1.47634687809856,6.70444383797864,3.61215526683857,0.000433675951900308,0.00177579917512679,-0.907340820118348,"PFKFB4","5210","6-phosphofructo-2-kinase/fructose-2,6-biphosphatase 4","Up"
2.23352977387619,10.0484882009992,3.61195771806039,0.000433975920826719,0.00177666385266629,-0.907989307634898,"MGP","4256","matrix Gla protein","Up"
-2.4368422615476,10.6645278801456,-3.61120003387581,0.000435128248181077,0.00178101695199648,-0.910476267005586,"HOPX","84525","HOP homeobox","Down"
1.83927336813452,3.87863215041515,3.61088421066287,0.000435609422060781,0.00178262174415423,-0.911512773210887,"DDIAS","220042","DNA damage induced apoptosis suppressor","Up"
2.95722985162518,8.77972529775911,3.6107645305141,0.000435791892545769,0.00178297755661243,-0.911905534460922,"PROM1","8842","prominin 1","Up"
-1.5038483359315,2.85121248833858,-3.60851874889195,0.000439229340927925,0.00179633307930192,-0.919273677703071,"GABRA6","2559","gamma-aminobutyric acid type A receptor alpha6 subunit","Down"
1.20443266966726,8.95940972460882,3.60738950173877,0.000440967453042027,0.00180233622737729,-0.922977191619098,"C8orf76","84933","chromosome 8 open reading frame 76","Up"
1.51614659075825,5.80580183278953,3.60652417976217,0.000442303730471613,0.00180742866330587,-0.925814488724866,"CENPM","79019","centromere protein M","Up"
-2.81066509110763,3.17947776417059,-3.6059025121705,0.000443266102745409,0.00181062166550171,-0.92785252683827,"NEUROD2","4761","neuronal differentiation 2","Down"
1.46113023291156,5.54209139354053,3.60535685813567,0.000444112431256255,0.00181370839194609,-0.929641130506669,"C7orf31","136895","chromosome 7 open reading frame 31","Up"
1.02615021461485,8.83742032766343,3.60526475827409,0.00044425543177849,0.00181392212726373,-0.929943003595104,"G2E3","55632","G2/M-phase specific E3 ubiquitin protein ligase","Up"
-2.73348274090349,4.37498611873006,-3.60392094908349,0.000446346872808339,0.00182171805064799,-0.934346853223371,"CRABP1","1381","cellular retinoic acid binding protein 1","Down"
-1.86878406932887,9.8503082449484,-3.60207737903567,0.000449231246872669,0.00183311636879084,-0.940386309658858,"SNX10","29887","sorting nexin 10","Down"
-1.75717405230835,3.99032023635621,-3.6018448056104,0.000449596369244429,0.00183423216955002,-0.941148031139323,"C1orf204","284677","chromosome 1 open reading frame 204","Down"
-1.16317749339639,9.00360314087757,-3.60169789513973,0.000449827151739852,0.00183479955654622,-0.94162916973659,"TPCN1","53373","two pore segment channel 1","Down"
-1.0334038871856,3.56340474939864,-3.60097798885489,0.000450959674385345,0.00183904406959388,-0.943986664678417,"LOC100505938","100505938","uncharacterized LOC100505938","Down"
-2.861433085896,7.98667010193385,-3.60041131337992,0.000451853034408189,0.00184193636092189,-0.945842100410288,"CADM2","253559","cell adhesion molecule 2","Down"
-1.03234777571742,10.3169130277922,-3.5988396341593,0.000454339527082234,0.00185108011057579,-0.950986920066206,"FOXP1","27086","forkhead box P1","Down"
-3.29019338512374,5.60293546516497,-3.59614476009316,0.000458633069989633,0.00186729178495779,-0.959804198980957,"CPNE4","131034","copine 4","Down"
-1.21595582789613,9.61627949323255,-3.59483339988591,0.000460736189098481,0.00187470997260389,-0.96409284925894,"PLD3","23646","phospholipase D family member 3","Down"
-1.22775931806102,8.28999514396994,-3.59400236904825,0.000462073679513169,0.00187976984668971,-0.966809977306323,"EVI5L","115704","ecotropic viral integration site 5 like","Down"
1.3180476581311,4.44824797859787,3.59240889552473,0.000464648529032944,0.00188870847630274,-0.972018543426486,"ERCC6L","54821","ERCC excision repair 6 like, spindle assembly checkpoint helicase","Up"
-2.41790679279836,5.47847572479746,-3.59219896352272,0.000464988760144503,0.00188970752066039,-0.972704604778755,"EMX2OS","196047","EMX2 opposite strand/antisense RNA","Down"
1.34403612235831,9.21760852717751,3.59209970640044,0.00046514970533015,0.00188997769182378,-0.973028967340158,"LRBA","987","LPS responsive beige-like anchor protein","Up"
1.38602306289238,9.39498065158361,3.58780254310078,0.000472168172601182,0.0019157713707629,-0.987064655651469,"GLIPR2","152007","GLI pathogenesis related 2","Up"
-2.5424783307284,5.88442175070479,-3.58676556180183,0.000473876758080502,0.00192153471806173,-0.990449658584614,"HMGCLL1","54511","3-hydroxymethyl-3-methylglutaryl-CoA lyase like 1","Down"
1.5993217762998,10.1621252503781,3.58630596296326,0.000474635882009674,0.0019242229161839,-0.991949664600673,"TRIP6","7205","thyroid hormone receptor interactor 6","Up"
-1.00020180518653,9.28559287238479,-3.58532346982408,0.000476262525915055,0.00193042632819743,-0.995155728931093,"BCR","613","BCR, RhoGEF and GTPase activating protein","Down"
2.01559816570598,6.84778911939574,3.58378111152777,0.000478826713570429,0.0019400336286763,-1.0001872925769,"CD84","8832","CD84 molecule","Up"
1.35071371111617,5.46950013539391,3.58284174699189,0.000480394794432086,0.0019459928431267,-1.00325087045275,"ZIK1","284307","zinc finger protein interacting with K protein 1","Up"
1.26052610830545,3.62569069913822,3.58265324693886,0.000480710040643717,0.00194687566460705,-1.00386555225035,"TMEM220","388335","transmembrane protein 220","Up"
-1.78755330847462,4.13175180803734,-3.58232801332699,0.000481254418102579,0.00194868592248093,-1.00492604776724,"LURAP1L","286343","leucine rich adaptor protein 1 like","Down"
1.01630856705318,8.31377739982893,3.58139617504993,0.000482817355618019,0.00195461894654992,-1.00796407489561,"ARAP1","116985","ArfGAP with RhoGAP domain, ankyrin repeat and PH domain 1","Up"
1.0567654970136,10.3723848196543,3.58083262122205,0.000483764906050782,0.00195805876499252,-1.00980108844703,"TRIM24","8805","tripartite motif containing 24","Up"
3.07300176412373,7.6310575486445,3.5788046770295,0.000487189195624612,0.00197032428479111,-1.01640961146588,"TNFRSF11B","4982","TNF receptor superfamily member 11b","Up"
1.18767496809132,5.60599639937568,3.57651990259978,0.00049107454714349,0.0019852350908668,-1.02385140588471,"C10orf2","56652","chromosome 10 open reading frame 2","Up"
-1.28800365492039,9.89500468269473,-3.57628164073889,0.00049148139988242,0.00198647845807022,-1.02462723049669,"STMN1","3925","stathmin 1","Down"
-1.88735211445286,5.61224366296047,-3.57519847030394,0.00049333501901337,0.00199340692048897,-1.02815370022469,"ZNF385D","79750","zinc finger protein 385D","Down"
-1.52070282156069,5.68812032820959,-3.57516356287293,0.000493394865310211,0.00199340692048897,-1.02826733354138,"LOC101928718","101928718","uncharacterized LOC101928718","Down"
2.82381798426397,5.93470431247189,3.571784308788,0.00049922088614893,0.00201572396956239,-1.03926343841546,"WDR78","79819","WD repeat domain 78","Up"
1.71336400786166,7.74801445867136,3.57016607896511,0.000502033723370732,0.00202667245832894,-1.04452614962987,"FILIP1L","11259","filamin A interacting protein 1 like","Up"
-2.36093582421165,6.85490716632195,-3.56975521870087,0.000502750264042675,0.00202915564508812,-1.04586201421552,"TOX2","84969","TOX high mobility group box family member 2","Down"
-1.19485969929192,8.41768271346864,-3.56880950230356,0.000504403261316362,0.00203459597765251,-1.04893642317323,"EIF4E3","317649","eukaryotic translation initiation factor 4E family member 3","Down"
-2.14521624550573,10.098332687962,-3.56653012150599,0.000508408431515952,0.00205033813532345,-1.05634367092454,"PRUNE2","158471","prune homolog 2","Down"
1.371165985185,8.92657112430852,3.56542296469023,0.000510364654844159,0.00205698341044865,-1.05994017238915,"PCDH18","54510","protocadherin 18","Up"
1.81693851986548,4.09965482333101,3.56522112990976,0.000510722038587436,0.00205800922981245,-1.06059571632183,"SPHK1","8877","sphingosine kinase 1","Up"
-2.23577375323925,4.20827546377757,-3.56393010515337,0.000513013611996852,0.00206641097950896,-1.06478814672519,"FOLH1B","219595","folate hydrolase 1B","Down"
-1.01454074424878,1.97852655835953,-3.56306408397928,0.000514556232187587,0.00207220743505979,-1.06759973752917,"VIT","5212","vitrin","Down"
1.27756455403918,4.04050146451041,3.56148282880737,0.000517384169860869,0.00208233858105138,-1.07273193464206,"EVC2","132884","EvC ciliary complex subunit 2","Up"
-1.05046477157502,8.31846012598722,-3.55904307477853,0.000521776222716355,0.0020991709004396,-1.08064685312937,"ABHD6","57406","abhydrolase domain containing 6","Down"
-2.61760883328659,4.9685223043545,-3.55818780732876,0.000523324181690683,0.002103706430196,-1.08342041303988,"MYRF","745","myelin regulatory factor","Down"
1.48378571677488,4.59697825579266,3.55797244940438,0.000523714642422816,0.00210448760793958,-1.08411871441159,"RGS18","64407","regulator of G-protein signaling 18","Up"
1.17248108812282,6.58179223411231,3.55796459686042,0.000523728884886848,0.00210448760793958,-1.0841441757509,"ITPKC","80271","inositol-trisphosphate 3-kinase C","Up"
3.13999597852715,7.59296510043716,3.5574594237163,0.000524645904815543,0.00210774912000895,-1.08578206845365,"LOC100509457","100509457","HLA class II histocompatibility antigen, DQ alpha 1 chain-like","Up"
1.85323008007921,12.2770092915831,3.55640918879477,0.000526557199836683,0.00211500299079151,-1.0891865719936,"ZIC1","7545","Zic family member 1","Up"
1.28055559785779,7.68458593760396,3.55592189156807,0.000527446246986515,0.00211814874818531,-1.0907659434655,"PDLIM7","9260","PDZ and LIM domain 7","Up"
1.71344037994174,8.9534813865813,3.55416602912366,0.000530661471915477,0.00212977814816709,-1.09645536978577,"RDH10","157506","retinol dehydrogenase 10 (all-trans)","Up"
-1.64929644460132,8.2339618446245,-3.55207597787409,0.000534512727117872,0.00214394469355398,-1.10322464490112,"MTCL1","23255","microtubule crosslinking factor 1","Down"
1.80087129229047,3.8242333627845,3.5506279325271,0.000537196416627261,0.00215427715122502,-1.10791267007503,"BTBD19","149478","BTB domain containing 19","Up"
1.50004652353491,6.06944786087136,3.54965397433758,0.000539008609940219,0.00216111127436352,-1.11106496277852,"CPS1","1373","carbamoyl-phosphate synthase 1","Up"
1.20380493953024,10.0209516980027,3.54851261513844,0.000541139609980442,0.00216878609312474,-1.11475815880607,"CSPP1","79848","centrosome and spindle pole associated protein 1","Up"
-1.04066015618936,8.12047074008225,-3.54481455364483,0.000548098829586051,0.00219314320883708,-1.12671760283822,"NMT2","9397","N-myristoyltransferase 2","Down"
-1.68114742123307,6.66763855299083,-3.54475922477147,0.000548203588113873,0.00219314320883708,-1.1268964573739,"FAM226B","653687","family with sequence similarity 226 member B (non-protein coding)","Down"
1.19328884556509,7.34420932575,3.54465645928221,0.000548398212206103,0.00219348321303628,-1.12722864807602,"DRG2","1819","developmentally regulated GTP binding protein 2","Up"
2.08794953560026,5.06742734421834,3.54445867759134,0.000548772967541094,0.00219410486842419,-1.12786795755556,"MMRN1","22915","multimerin 1","Up"
-3.24506225438633,5.27366994118308,-3.54232217487857,0.000552836611241305,0.00220946905335693,-1.13477212066628,"EMX2","2018","empty spiracles homeobox 2","Down"
1.2799335407253,7.67621262814568,3.54214125668412,0.000553182018040304,0.00221040795584829,-1.13535660540551,"APITD1-CORT","100526739","APITD1-CORT readthrough","Up"
2.57243937438132,7.50256218559053,3.53938730219134,0.000558465005859382,0.00223018151142289,-1.14425066139105,"LRRC34","151827","leucine rich repeat containing 34","Up"
-1.36968084652249,9.11752220066468,-3.53902505788428,0.000559163436462018,0.00223252501961597,-1.14542012744328,"DTX4","23220","deltex E3 ubiquitin ligase 4","Down"
-1.05502473293538,7.34940708898834,-3.53842537357719,0.000560321476078016,0.00223670226893313,-1.14735592632456,"SHC2","25759","SHC adaptor protein 2","Down"
1.23842170016811,10.1577296227383,3.53822070702255,0.00056071722092368,0.00223783551546381,-1.14801653438336,"CPNE2","221184","copine 2","Up"
-1.11063554156331,5.8931204006374,-3.5376345562555,0.000561852064197955,0.00224191748073564,-1.14990829613422,"FAM174B","400451","family with sequence similarity 174 member B","Down"
1.32462974628592,9.28702237770467,3.53476382547665,0.000567441390449913,0.00226286623454882,-1.15916966406589,"LOC101929819","101929819","uncharacterized LOC101929819","Up"
1.96129970829303,5.8032215118868,3.5315086031531,0.00057384268621626,0.00228520513995397,-1.16966397516433,"SLC29A1","2030","solute carrier family 29 member 1 (Augustine blood group)","Up"
-2.49769184776069,8.15778234630473,-3.52722295108396,0.000582374058071643,0.00231641307750286,-1.18346809808838,"TMEM35A","59353","transmembrane protein 35A","Down"
1.03071898377994,10.5160381481996,3.52537770164058,0.000586084031791574,0.00232978009617604,-1.18940741533202,"IAH1","285148","isoamyl acetate-hydrolyzing esterase 1 homolog","Up"
1.50174028575923,5.12645386189988,3.52443777175218,0.000587982357094696,0.00233686194246992,-1.19243179097678,"HFM1","164045","HFM1, ATP dependent DNA helicase homolog","Up"
1.45231645653537,4.84178533496172,3.52276780090557,0.000591369397319121,0.00234985651085673,-1.19780355349286,"LOC101928361","101928361","uncharacterized LOC101928361","Up"
1.03736679485496,7.56524993395172,3.52234611463381,0.000592227563614183,0.00235279921867136,-1.19915965205505,"TYW3","127253","tRNA-yW synthesizing protein 3 homolog","Up"
-1.35396665104445,7.95415544607893,-3.52208774739336,0.000592753941453629,0.00235415103925928,-1.1999904678158,"STS","412","steroid sulfatase (microsomal), isozyme S","Down"
3.3468736916065,6.52129702321686,3.52197413751747,0.000592985541032742,0.00235440796178648,-1.2003557802759,"C7orf57","136288","chromosome 7 open reading frame 57","Up"
1.71587329060335,10.5882074604892,3.521306653273,0.000594347963919151,0.00235888111766127,-1.20250187935906,"ID3","3399","inhibitor of DNA binding 3, HLH protein","Up"
1.10738060806633,4.51187021872243,3.52060264368638,0.000595788133430112,0.00236412796222456,-1.2047650520245,"LOC202025","202025","uncharacterized LOC202025","Up"
1.3654666412904,9.52728757695426,3.52045947434765,0.000596081412073679,0.00236482268716202,-1.2052252514929,"ARL4A","10124","ADP ribosylation factor like GTPase 4A","Up"
1.15646020281381,4.78257837888627,3.52032023783621,0.000596366764807218,0.00236548569855234,-1.20567279461168,"ADPRH","141","ADP-ribosylarginine hydrolase","Up"
1.49220464349164,6.37610989260225,3.51989579234986,0.000597237421626241,0.00236846959256218,-1.20703698516727,"LINC00092","100188953","long intergenic non-protein coding RNA 92","Up"
-1.25948862654282,12.9322813269695,-3.51934434979838,0.000598370372745345,0.00237249228052242,-1.2088091487902,"BEX1","55859","brain expressed X-linked 1","Down"
-1.70854905824787,10.1566932656391,-3.51836452040396,0.000600388448180161,0.00237955065030517,-1.21195744942147,"CTNNA2","1496","catenin alpha 2","Down"
1.32057900491722,11.7129443062977,3.5182241300882,0.000600678123100562,0.00238022721506693,-1.21240847995816,"APCDD1","147495","APC down-regulated 1","Up"
1.01786514101256,3.97749352243556,3.51789802625535,0.00060135149866998,0.00238195197661657,-1.21345609321296,"ULK4","54986","unc-51 like kinase 4","Up"
-1.46504184466207,5.85151735630651,-3.51693220095098,0.000603350014568855,0.00238939503988105,-1.21655835164509,"PGM5-AS1","572558","PGM5 antisense RNA 1","Down"
1.53273139666371,9.17232155942456,3.51675882600087,0.000603709428792872,0.00239034524873521,-1.21711516264783,"MAP3K1","4214","mitogen-activated protein kinase kinase kinase 1","Up"
-1.4414889793004,4.26097206706515,-3.51652807737545,0.000604188093956972,0.00239176715389734,-1.21785619987616,"PPM1J","333926","protein phosphatase, Mg2+/Mn2+ dependent 1J","Down"
1.88462095424233,8.65370968927491,3.51561769588385,0.000606080078165858,0.00239865955192723,-1.22077945198831,"TMEM98","26022","transmembrane protein 98","Up"
1.70060153092669,9.62510424359379,3.51551221513128,0.000606299651890054,0.00239870222174497,-1.22111811236184,"MDFIC","29969","MyoD family inhibitor domain containing","Up"
1.03641646252551,11.971566870038,3.51540043982592,0.000606532410380021,0.00239914866241065,-1.22147697312174,"NFIA","4774","nuclear factor I A","Up"
1.73709088408553,5.40430757152728,3.51506117150882,0.000607239410709933,0.00240099582807779,-1.22256615512638,"SCUBE3","222663","signal peptide, CUB domain and EGF like domain containing 3","Up"
1.27690435642445,6.65109881331041,3.51467980131914,0.000608035073239205,0.00240366680701379,-1.22379039696256,"POLG2","11232","DNA polymerase gamma 2, accessory subunit","Up"
1.32092226368975,9.3206502691545,3.51357118848623,0.000610353578040081,0.00241235559775739,-1.22734854916092,"TMEM64","169200","transmembrane protein 64","Up"
-1.90482288599488,3.92785172596497,-3.51325127355316,0.000611024180054913,0.00241452908756837,-1.22837516128001,"TTTY14","83869","testis-specific transcript, Y-linked 14 (non-protein coding)","Down"
1.64106243693708,4.4397644174126,3.5127623645423,0.00061205036563642,0.00241810656897469,-1.22994392926631,"ADGRE5","976","adhesion G protein-coupled receptor E5","Up"
2.25214936926462,4.59893978098373,3.51156232613329,0.000614576044204218,0.00242712651330316,-1.23379374350412,"LRRN4CL","221091","LRRN4 C-terminal like","Up"
2.77262635407298,6.1016485950284,3.51145613933635,0.000614800003660434,0.00242753180841411,-1.23413434659188,"GALNT3","2591","polypeptide N-acetylgalactosaminyltransferase 3","Up"
-1.50337252213202,7.62311054221609,-3.51059960271122,0.000616609343404729,0.0024337153548034,-1.23688144946676,"EFNA3","1944","ephrin A3","Down"
-1.6658867333668,10.6932565476208,-3.50973337355329,0.000618444254395986,0.00244047617311647,-1.23965907658685,"TCEAL7","56849","transcription elongation factor A like 7","Down"
1.43536828967133,6.56093648457935,3.50813945512985,0.000621834048001939,0.00245287078224313,-1.24476861590679,"PTGR2","145482","prostaglandin reductase 2","Up"
-1.23981376406903,3.39816730595266,-3.50812934276731,0.000621855609730048,0.00245287078224313,-1.24480102645935,"LOC100287387","100287387","uncharacterized LOC100287387","Down"
2.86475221329244,7.69747684392592,3.5080836757553,0.000621952990369339,0.00245287078224313,-1.24494739021811,"COL6A3","1293","collagen type VI alpha 3 chain","Up"
2.20258163228448,4.93994132641402,3.50766409900299,0.000622848370606272,0.00245591788543943,-1.24629206923517,"STC2","8614","stanniocalcin 2","Up"
1.72499611981565,5.09525311250805,3.50753506871355,0.000623123966129939,0.00245652043159836,-1.24670556482193,"GPR65","8477","G protein-coupled receptor 65","Up"
1.67321523071334,4.45142864219941,3.50734853657653,0.0006235225826297,0.0024575903582436,-1.24730331093886,"IKZF1","10320","IKAROS family zinc finger 1","Up"
-3.3467251587069,6.95226527520994,-3.50723693625795,0.000623761185646162,0.0024575903582436,-1.2476609239501,"C2orf80","389073","chromosome 2 open reading frame 80","Down"
-1.52696570686299,3.08153964941089,-3.50464239731505,0.000629332628101099,0.00247757927792576,-1.25597224136844,"GCK","2645","glucokinase","Down"
-1.22207072522729,10.1684747727369,-3.5040908714745,0.000630522980131184,0.00248099460333717,-1.25773833932476,"RIDA","10247","reactive intermediate imine deaminase A homolog","Down"
1.05453265698829,8.67481508916047,3.50377178206045,0.000631212634463162,0.00248302618515621,-1.25876002384951,"ALG14","199857","ALG14, UDP-N-acetylglucosaminyltransferase subunit","Up"
1.41150677510355,4.25071317100207,3.50334932599995,0.00063212678931601,0.00248565053977767,-1.26011255741328,"TK1","7083","thymidine kinase 1","Up"
-2.51700153893301,8.52313989125497,-3.50303761195927,0.000632802107596109,0.0024878113119818,-1.26111045352494,"GNAL","2774","G protein subunit alpha L","Down"
2.95043145222926,5.17413779680633,3.50215954811018,0.000634708055933586,0.00249432411609964,-1.26392102227321,"SERPINA5","5104","serpin family A member 5","Up"
-1.60299738162137,8.83967931198219,-3.50207658431115,0.000634888418372028,0.0024945429274095,-1.26418654859924,"PALM","5064","paralemmin","Down"
2.04114342440236,10.1681979709101,3.50116027989056,0.000636883665291625,0.00250189112340262,-1.26711884326238,"HES6","55502","hes family bHLH transcription factor 6","Up"
-3.21323454333255,5.92691070596166,-3.49871220573055,0.000642243310087347,0.00251898880708048,-1.27494989663917,"PLPPR5","163404","phospholipid phosphatase related 5","Down"
-1.20061993118297,7.25166985475544,-3.49857963093046,0.000642534768190453,0.00251963800611258,-1.27537385619398,"ZNF324","25799","zinc finger protein 324","Down"
-1.01250762624978,8.34200692667876,-3.49827676127888,0.000643201076752582,0.00252175660250615,-1.27634235010756,"EID2B","126272","EP300 interacting inhibitor of differentiation 2B","Down"
1.15089473005161,4.51498486352692,3.49810407577674,0.000643581273153494,0.00252275284717515,-1.27689451990751,"OR2A9P","441295","olfactory receptor family 2 subfamily A member 9 pseudogene","Up"
1.21573335590874,10.3941511678901,3.49760843716223,0.000644673680323685,0.00252653992600117,-1.27847922210377,"RACGAP1","29127","Rac GTPase activating protein 1","Up"
-1.14603589585188,9.14327197537059,-3.49708930162641,0.000645819746143712,0.00253053577381458,-1.28013885209999,"GDPD1","284161","glycerophosphodiester phosphodiesterase domain containing 1","Down"
-1.88008524865438,10.9282733191046,-3.49434115674309,0.000651918669087851,0.00255243381848153,-1.28892103779522,"DPP6","1804","dipeptidyl peptidase like 6","Down"
1.55899836284319,8.58478247912811,3.49283451439245,0.000655285296544854,0.00256260612352871,-1.29373336167535,"OSGIN2","734","oxidative stress induced growth inhibitor family member 2","Up"
3.2505859448466,7.7935198869513,3.49217729851672,0.000656758978139143,0.00256786728075627,-1.29583201945054,"IRX1","79192","iroquois homeobox 1","Up"
-1.06768292154695,10.8946754456403,-3.49189475577805,0.000657393484272796,0.00256984592415902,-1.29673415015453,"SOCS7","30837","suppressor of cytokine signaling 7","Down"
-1.41715148092361,7.2970547197729,-3.49001149862229,0.000661637468323905,0.00258492107571888,-1.30274566147895,"CTH","1491","cystathionine gamma-lyase","Down"
1.6762425166877,7.76645339287396,3.48683299558282,0.000668858840743503,0.00260905806721686,-1.31288562598811,"SERPINB1","1992","serpin family B member 1","Up"
3.06808929359625,7.20658422303722,3.48538377084711,0.000672175941206181,0.0026205508628654,-1.31750636456055,"FOXJ1","2302","forkhead box J1","Up"
1.44703376772267,9.05522064384331,3.48520372565307,0.000672589121706422,0.00262105386793541,-1.31808031355341,"GYPC","2995","glycophorin C (Gerbich blood group)","Up"
2.15763285922472,5.40995328848272,3.4844794836643,0.000674253577814004,0.00262651700376261,-1.32038880828656,"CSTA","1475","cystatin A","Up"
-1.5183813292144,7.2410810952384,-3.48422470178868,0.000674840039157463,0.00262777825290451,-1.32120082184999,"SLC31A2","1318","solute carrier family 31 member 2","Down"
2.87957202119171,5.43245889464651,3.48262942808973,0.000678522987276531,0.00264006406192951,-1.32628399171022,"NUP62CL","54830","nucleoporin 62 C-terminal like","Up"
1.57211409277791,3.67853051421136,3.48200228349925,0.000679976021684401,0.00264520324048995,-1.32828179411218,"ANG","283","angiogenin","Up"
1.11904577440434,5.30461298154852,3.47790627832363,0.000689538279376756,0.0026782357514057,-1.34132251752177,"LINC00997","401321","long intergenic non-protein coding RNA 997","Up"
1.13146625758461,4.10056766309183,3.47633929897866,0.000693229769118616,0.0026915288163703,-1.34630805553538,"RAB42","115273","RAB42, member RAS oncogene family","Up"
1.08821389258133,10.2457537075149,3.47258925510558,0.000702139702814854,0.00272347984377991,-1.3582317332768,"ST6GAL1","6480","ST6 beta-galactoside alpha-2,6-sialyltransferase 1","Up"
1.68681345904444,6.55354018448438,3.47208158752001,0.000703354138540062,0.00272713299414167,-1.3598450996748,"BORCS8","729991","BLOC-1 related complex subunit 8","Up"
1.40300653757377,4.93205997623769,3.47189225805744,0.000703807555303222,0.00272836228617546,-1.36044673827314,"IGFBP1","3484","insulin like growth factor binding protein 1","Up"
-1.2878210681856,7.43442154816491,-3.47147547922049,0.000704806648896112,0.00273117695612328,-1.36177105469374,"ULK1","8408","unc-51 like autophagy activating kinase 1","Down"
1.81757594983576,7.32700114276166,3.47116568361437,0.000705550148149702,0.00273352862394095,-1.36275534619227,"SIX5","147912","SIX homeobox 5","Up"
-1.04269422498028,2.98821214925444,-3.46819515034068,0.000712716854865295,0.00275915753004837,-1.37218971733696,"TMEM221","100130519","transmembrane protein 221","Down"
2.25580615046963,6.83440658081615,3.46700763432848,0.000715600954153148,0.00276925111987273,-1.37595937964172,"DRC3","83450","dynein regulatory complex subunit 3","Up"
1.88760242750157,7.66810915680172,3.46644141635963,0.000716979976556457,0.00277405112956199,-1.37775641096592,"CTSK","1513","cathepsin K","Up"
-2.12375843621749,9.32360403994154,-3.46193080551285,0.000728055096475009,0.00281200739675203,-1.39206325395335,"SDC4","6385","syndecan 4","Down"
1.05996210379855,8.69502513584296,3.46134545565876,0.000729504062760622,0.00281651636118328,-1.39391874636718,"LINC01000","402483","long intergenic non-protein coding RNA 1000","Up"
1.112021807967,9.94383621735964,3.46045804375769,0.000731705918065923,0.00282447237174318,-1.39673124512573,"TMED4","222068","transmembrane p24 trafficking protein 4","Up"
1.15678572430966,8.97785484496509,3.45880688928284,0.000735819408319285,0.00283980302898224,-1.40196270317794,"MGC70870","403340","C-terminal binding protein 2 pseudogene","Up"
1.28970629413411,7.38170600831361,3.45756754357577,0.000738921232190799,0.00285067433328988,-1.40588804131201,"MCM8","84515","minichromosome maintenance 8 homologous recombination repair factor","Up"
1.66077392126489,5.35181433667154,3.45654960963028,0.000741478093667152,0.00285778312849137,-1.4091112369319,"TAGAP","117289","T-cell activation RhoGTPase activating protein","Up"
1.39973150813425,6.54094777255929,3.45406131522422,0.000747763266701303,0.00287972136456934,-1.41698688221028,"ITGA1","3672","integrin subunit alpha 1","Up"
-1.60248404594228,9.00511409978568,-3.45401140350956,0.000747889849067941,0.00287972136456934,-1.4171448085443,"LINGO1","84894","leucine rich repeat and Ig domain containing 1","Down"
2.02517739998145,11.1895280706449,3.45260862332281,0.000751455719996577,0.00289178199460887,-1.42158259012358,"EMP1","2012","epithelial membrane protein 1","Up"
1.50385249807573,8.90093351880308,3.45109687710879,0.000755316460542966,0.00290440446397907,-1.42636341813431,"ECT2","1894","epithelial cell transforming 2","Up"
1.5533553912374,10.1721728238154,3.44765545115454,0.000764174870033061,0.00293508286134602,-1.43724029001801,"TMEM231","79583","transmembrane protein 231","Up"
1.87387165430769,5.34612320326154,3.44749022311567,0.000764602620954634,0.00293559866387246,-1.43776227841524,"OAS1","4938","2'-5'-oligoadenylate synthetase 1","Up"
-2.15863467705931,7.1555561906697,-3.44729537407616,0.000765107345237216,0.00293697288107463,-1.4383778187906,"RGS17","26575","regulator of G-protein signaling 17","Down"
1.17837880123727,12.3423888169946,3.44672173076527,0.000766595090964211,0.00294211931419931,-1.44018982643743,"CD99","4267","CD99 molecule","Up"
-1.3622947021693,5.17418039514645,-3.44545288712087,0.000769895498047162,0.00295365277649656,-1.44419692324301,"RPS6KA6","27330","ribosomal protein S6 kinase A6","Down"
1.71358451904931,5.02085360615207,3.44447769891222,0.000772441138484409,0.00296228289393475,-1.44727580317303,"MAP1LC3C","440738","microtubule associated protein 1 light chain 3 gamma","Up"
-1.49346944921512,3.11949628975728,-3.4423861378316,0.000777927651615086,0.00298160891300058,-1.45387687279709,"CRTAM","56253","cytotoxic and regulatory T-cell molecule","Down"
-2.94538377631815,6.79376124251722,-3.44184286307528,0.000779358727449282,0.00298594983915699,-1.45559092985696,"USP9Y","8287","ubiquitin specific peptidase 9, Y-linked","Down"
-1.01823717576799,9.27846197847095,-3.44146365524933,0.000780359088400742,0.00298921008647016,-1.45678721498497,"SMAP2","64744","small ArfGAP2","Down"
2.73624889100624,6.0525234867216,3.43974403956442,0.000784910633470587,0.00300434418286704,-1.46221070441048,"STK32B","55351","serine/threonine kinase 32B","Up"
2.83769124487041,5.90277577894077,3.43845720846867,0.000788332961635566,0.0030168664046371,-1.46626776304168,"ROR2","4920","receptor tyrosine kinase like orphan receptor 2","Up"
1.84979790471105,5.67034051719793,3.43773830095188,0.000790250991776566,0.0030236281492587,-1.46853375062134,"LIF","3976","leukemia inhibitory factor","Up"
1.19572121739349,7.54492655828432,3.43538285767721,0.000796566005492132,0.00304371582732641,-1.47595532013291,"IL17RA","23765","interleukin 17 receptor A","Up"
2.15480392806305,5.75313081647095,3.43516503145563,0.000797152391233126,0.00304537481218277,-1.47664143702611,"ICAM1","3383","intercellular adhesion molecule 1","Up"
1.3308797349163,9.01301416063237,3.43449664018002,0.00079895422366236,0.00305109317671556,-1.47874653426817,"FRMD6","122786","FERM domain containing 6","Up"
1.81002545206831,5.34878666737923,3.43351395890955,0.000801610255468077,0.00306006799869296,-1.48184086901803,"AOX1","316","aldehyde oxidase 1","Up"
-1.92401074422472,7.53944625544746,-3.43201720899937,0.000805671665918448,0.00307381255149321,-1.48655252413365,"NPAS2","4862","neuronal PAS domain protein 2","Down"
1.03895308405253,6.56035433129166,3.43187910637146,0.000806047377306415,0.00307442464452496,-1.48698717465511,"DHX38","9785","DEAH-box helicase 38","Up"
1.73847195501124,7.21648830612254,3.42914096381764,0.000813530600352195,0.003100839535387,-1.49560193014692,"EMILIN3","90187","elastin microfibril interfacer 3","Up"
2.31908348107488,9.70059189948574,3.42893377275942,0.000814099490193299,0.00310241685719949,-1.49625356279092,"CCND1","595","cyclin D1","Up"
2.25049941089421,4.76353639605568,3.42832371670807,0.000815776705951853,0.00310762462985124,-1.4981720482681,"ABCC3","8714","ATP binding cassette subfamily C member 3","Up"
1.09934269580572,7.06367453793284,3.42725695947004,0.000818717318366688,0.00311823289331093,-1.5015260712107,"EML3","256364","echinoderm microtubule associated protein like 3","Up"
1.44852792685121,4.97667756616491,3.42174016652408,0.000834084276508843,0.00317313636054619,-1.51885772258217,"NCKAP1L","3071","NCK associated protein 1 like","Up"
-1.3427197872693,4.9853541906742,-3.421348646347,0.00083518507379594,0.0031767201086379,-1.5200868460045,"IGSF10","285313","immunoglobulin superfamily member 10","Down"
1.23760086734602,8.7940166313771,3.41985931075401,0.000839384955163444,0.00319148133750571,-1.52476133922896,"LATS2","26524","large tumor suppressor kinase 2","Up"
2.43032216936837,5.93635458726231,3.41902226699215,0.000841754083816704,0.00319904836968653,-1.52738777727193,"LRRC17","10234","leucine rich repeat containing 17","Up"
1.93977817083918,9.02258109569018,3.41898671962763,0.000841854834128034,0.00319904836968653,-1.52749930433481,"FAM46A","55603","family with sequence similarity 46 member A","Up"
-1.53646157592591,4.55706754225781,-3.41745652045046,0.000846202551798242,0.00321434867169687,-1.5322992686522,"TRPC3","7222","transient receptor potential cation channel subfamily C member 3","Down"
1.05846260778343,7.78079712628734,3.41690983986761,0.000847760923145774,0.00321965694559178,-1.53401367517547,"TMEM35B","100506144","transmembrane protein 35B","Up"
1.90527506481256,11.0708615186218,3.41173364325459,0.000862650255454649,0.00327123647855974,-1.55023505833215,"PHLDA1","22822","pleckstrin homology like domain family A member 1","Up"
1.32654636269921,4.92919007114763,3.41136035089562,0.000863733459840578,0.00327348272987885,-1.5514041055726,"FGFBP3","143282","fibroblast growth factor binding protein 3","Up"
1.81024410992834,4.4057044390503,3.40932721668236,0.000869655557569512,0.00329467879952532,-1.55776944169091,"EFHB","151651","EF-hand domain family member B","Up"
1.96422295563872,7.12476274312929,3.407703121276,0.000874413550453396,0.00330927100569223,-1.56285188672998,"PRIM1","5557","primase (DNA) subunit 1","Up"
1.45773360377823,7.80002595311402,3.40767378615678,0.000874499715454331,0.00330927100569223,-1.56294366950723,"C15orf65","145788","chromosome 15 open reading frame 65","Up"
1.87727359329592,3.94145629892136,3.40601646902371,0.000879380648312926,0.00332648300828072,-1.56812796017632,"RTP4","64108","receptor transporter protein 4","Up"
1.09645841268764,3.55301279675911,3.40593585541144,0.000879618712291945,0.00332675455138468,-1.56838007578791,"LOC374443","374443","C-type lectin domain family 2 member D pseudogene","Up"
-1.16000079778153,8.00841788013213,-3.4055830325989,0.00088066136185299,0.00333006839285443,-1.56948345544587,"SPTLC2","9517","serine palmitoyltransferase long chain base subunit 2","Down"
-1.45848857698528,5.27653639978722,-3.40379365212529,0.000885967145122959,0.00334760050471672,-1.5750779016006,"KCNQ4","9132","potassium voltage-gated channel subfamily Q member 4","Down"
1.85592500577744,6.73702723916716,3.40182366392547,0.000891843118906067,0.00336789454132761,-1.58123417659118,"RSAD2","91543","radical S-adenosyl methionine domain containing 2","Up"
1.0342485512213,4.47626820529444,3.40171736736136,0.000892161211325318,0.00336845996508504,-1.58156627216069,"IGSF6","10261","immunoglobulin superfamily member 6","Up"
1.65398524715364,9.39263322499095,3.39963218547381,0.000898422670688011,0.00338952572400296,-1.58807912221672,"COL18A1","80781","collagen type XVIII alpha 1 chain","Up"
1.75643436438527,6.20848209019586,3.39741611396616,0.000905122321029946,0.00341224463479294,-1.59499714001608,"MARVELD2","153562","MARVEL domain containing 2","Up"
3.89419132198041,7.12948241452615,3.39722684752237,0.000905696679113835,0.00341376666522805,-1.59558780775955,"POSTN","10631","periostin","Up"
-2.15332015837121,6.76873495257183,-3.39583253223339,0.000909938485964271,0.00342628879135312,-1.59993837750038,"SYNJ2","8871","synaptojanin 2","Down"
1.06636719733786,10.365168444684,3.39579713446403,0.000910046415617059,0.00342628879135312,-1.6000488069079,"SERPINB6","5269","serpin family B member 6","Up"
1.5525900402021,9.34603321042923,3.39299043381064,0.000918642497732337,0.00345605123206673,-1.60880173170763,"NOTCH1","4851","notch 1","Up"
2.11310591316863,4.40565321418136,3.39237006294734,0.000920552750963909,0.00346128526377277,-1.61073559340649,"CKAP2L","150468","cytoskeleton associated protein 2 like","Up"
1.02011355951663,7.80011465893834,3.39132002396143,0.000923794530649464,0.00347282171640433,-1.61400817254751,"ALG6","29929","ALG6, alpha-1,3-glucosyltransferase","Up"
1.35265536502544,9.03953233943888,3.38671535115245,0.000938137271678522,0.00352276884280634,-1.62834922496979,"SLC12A7","10723","solute carrier family 12 member 7","Up"
1.55740049723596,8.98435464749817,3.38635766708211,0.00093926008534121,0.00352632323652122,-1.62946253504329,"ITPRIPL2","162073","inositol 1,4,5-trisphosphate receptor interacting protein like 2","Up"
-1.92875641389441,6.42820212901515,-3.38425768624358,0.000945877623142505,0.00354717405927125,-1.63599685157585,"ZFR2","23217","zinc finger RNA binding protein 2","Down"
1.40994980493866,7.61929543092645,3.38355949660082,0.000948087444899032,0.00355412881957934,-1.63816859349934,"MOK","5891","MOK protein kinase","Up"
-1.68454205878291,7.08338541834627,-3.38214797153471,0.000952569811045833,0.00356892588194644,-1.64255804481894,"SORCS2","57537","sortilin related VPS10 domain containing receptor 2","Down"
1.78551406533168,8.6376825891145,3.37908964901623,0.000962349872000134,0.00360152149066717,-1.65206332642291,"PRSS23","11098","protease, serine 23","Up"
1.88192091970848,6.63157187584473,3.37793795119543,0.000966057154701151,0.00361404366007964,-1.65564094530437,"COL8A2","1296","collagen type VIII alpha 2 chain","Up"
1.86576455126226,5.88988914983604,3.37718959771196,0.000968473250675251,0.00362172791145042,-1.65796507399258,"RAC2","5880","ras-related C3 botulinum toxin substrate 2 (rho family, small GTP binding protein Rac2)","Up"
-3.2426275897599,5.98297897319775,-3.37628204443823,0.000971410926565306,0.00363120763697264,-1.66078304463786,"KDM5D","8284","lysine demethylase 5D","Down"
-2.71535575001046,6.71632233224325,-3.37623831659908,0.000971552680597517,0.00363120763697264,-1.66091880443612,"PCSK1","5122","proprotein convertase subtilisin/kexin type 1","Down"
1.9794911828332,7.34626986197178,3.37547739043103,0.000974022505733991,0.00363839960272964,-1.66328098121287,"MTMR11","10903","myotubularin related protein 11","Up"
-1.91822578774189,6.8392554688542,-3.37455138576318,0.000977036079292881,0.00364897532917914,-1.66615501765714,"PLXNA4","91584","plexin A4","Down"
-1.54008116761598,11.775146325187,-3.37214285922895,0.00098491529951767,0.00367565760071815,-1.67362726073176,"NDRG2","57447","NDRG family member 2","Down"
1.22509878572866,7.66625922993095,3.37066679937089,0.000989773434519141,0.00369241042409555,-1.67820440103124,"IFT74","80173","intraflagellar transport 74","Up"
1.06337546907114,7.89283849280012,3.36973137023271,0.000992863808523606,0.00370324873548318,-1.68110422166146,"RTTN","25914","rotatin","Up"
1.43962667942057,9.89467307196905,3.36922303971862,0.000994546965880511,0.00370762636333689,-1.68267975846357,"RHOC","389","ras homolog family member C","Up"
1.08422392222123,7.04187632595592,3.36920901945167,0.00099459342690204,0.00370762636333689,-1.68272321053411,"FDXR","2232","ferredoxin reductase","Up"
1.7513190527236,7.22609819539917,3.36857973181167,0.000996680884424554,0.00371386712587705,-1.68467336353817,"MR1","3140","major histocompatibility complex, class I-related","Up"
1.01124004008869,8.57314994501651,3.36850521672603,0.000996928335558308,0.00371386712587705,-1.68490426448438,"PSMC3IP","29893","PSMC3 interacting protein","Up"
-2.32455002466161,7.88820838812112,-3.36603741506099,0.00100515603994437,0.00374003289774354,-1.69254886029673,"FBXO2","26232","F-box protein 2","Down"
1.75880288453589,3.81162099104207,3.36580375234016,0.00100593836328499,0.00374155211642364,-1.69327244239421,"ASF1B","55723","anti-silencing function 1B histone chaperone","Up"
-3.241503736767,7.09372003608722,-3.36506746161774,0.00100840726021461,0.00374864438036301,-1.69555223483231,"CHRM3","1131","cholinergic receptor muscarinic 3","Down"
2.30021323089532,4.57795954500225,3.36458104274986,0.001010041409397,0.00375402163808394,-1.69705811467683,"OR7E14P","10819","olfactory receptor family 7 subfamily E member 14 pseudogene","Up"
-2.63136791702217,9.23472198478716,-3.36074318294364,0.00102302213654377,0.00379873865735547,-1.7089331578602,"SHC3","53358","SHC adaptor protein 3","Down"
1.00901079526081,5.01254361119805,3.35976883185761,0.00102634244002346,0.00380965365446187,-1.71194617183792,"C12orf60","144608","chromosome 12 open reading frame 60","Up"
-1.37774532818797,3.18313984235391,-3.35800133993954,0.00103239130091943,0.00382997455173281,-1.71740996954228,"IP6K3","117283","inositol hexakisphosphate kinase 3","Down"
1.19721743921426,5.08987367192361,3.35559974519184,0.00104066373706307,0.00385565914581868,-1.72483008981918,"VAX2","25806","ventral anterior homeobox 2","Up"
2.30487871939165,5.52002639516787,3.35487746147815,0.00104316379782472,0.0038634909483671,-1.72706083321426,"FERMT1","55612","fermitin family member 1","Up"
-1.26908863647772,11.1593509614896,-3.35151871280507,0.00105486356159984,0.00390609944048269,-1.73742890007715,"TSPAN13","27075","tetraspanin 13","Down"
1.54677635040743,5.9348009253803,3.34840575251222,0.00106581671293529,0.0039422804540019,-1.74703046950756,"RCSD1","92241","RCSD domain containing 1","Up"
1.44881671436752,7.46833101973018,3.34716582345979,0.00107020905088857,0.00395706384792601,-1.75085280423777,"KDR","3791","kinase insert domain receptor","Up"
2.29204138920032,6.2489678805726,3.34461043954798,0.00107931475126339,0.00398484041862458,-1.75872655061001,"ITGA2","3673","integrin subunit alpha 2","Up"
-2.19423306266549,7.82422689309633,-3.34448838092913,0.00107975149640383,0.00398571737796153,-1.75910251600155,"DAAM2","23500","dishevelled associated activator of morphogenesis 2","Down"
-1.18876438296543,9.63156606634059,-3.34298821259356,0.00108513286063257,0.00400484285974467,-1.76372239926979,"TANC2","26115","tetratricopeptide repeat, ankyrin repeat and coiled-coil containing 2","Down"
1.87622524942301,5.41033158122864,3.34012819952027,0.00109546181586068,0.00404147234923927,-1.77252520782325,"KCNE4","23704","potassium voltage-gated channel subfamily E regulatory subunit 4","Up"
-1.55453235783623,6.2260439613971,-3.33910369848252,0.00109918413091547,0.00405441150434878,-1.7756769714758,"RNF150","57484","ring finger protein 150","Down"
2.34722870483234,6.63268560287574,3.3354078147656,0.00111271093416304,0.00410208359310852,-1.78704019849489,"PCOLCE2","26577","procollagen C-endopeptidase enhancer 2","Up"
1.80812627221643,7.33062604403976,3.3353506441359,0.00111292139437493,0.00410210359934767,-1.78721589017135,"CASP1","834","caspase 1","Up"
1.54324001484918,7.94880408244059,3.33338014240357,0.00112019813196848,0.00412740405640761,-1.79326991377429,"CTSO","1519","cathepsin O","Up"
1.40177206091775,10.2008665687686,3.33189080929082,0.00112572749475422,0.00414701343906235,-1.79784363580843,"COL5A2","1290","collagen type V alpha 2 chain","Up"
1.81630585849191,6.01483698419893,3.33060964625963,0.0011305044092692,0.00416384420402227,-1.80177669593831,"SLC38A5","92745","solute carrier family 38 member 5","Up"
1.17150400024984,6.96469716562899,3.32988643505971,0.00113320932183771,0.00417116146594648,-1.80399633062622,"KCNJ8","3764","potassium voltage-gated channel subfamily J member 8","Up"
-2.31482187824122,4.35548701667402,-3.32893164637563,0.0011367896374079,0.00418314332823614,-1.80692608791727,"MIR9-3HG","254559","MIR9-3 host gene","Down"
2.66872445035778,5.74039251838947,3.32677166157554,0.00114492832974897,0.00421076858332494,-1.81355136817408,"CELSR1","9620","cadherin EGF LAG seven-pass G-type receptor 1","Up"
-2.22139734648482,6.31924863262462,-3.32505920177387,0.00115141946144961,0.00423152997156914,-1.8188013938209,"PTCHD1","139411","patched domain containing 1","Down"
2.34824049644214,7.00146867825296,3.32447930764976,0.00115362535574044,0.00423807978191315,-1.82057870660836,"CD109","135228","CD109 molecule","Up"
1.99663399799119,8.07514715673408,3.32394783981609,0.00115565050786893,0.00424474017090759,-1.82220736908614,"TNFRSF12A","51330","TNF receptor superfamily member 12A","Up"
1.78922265516495,7.34011115885083,3.32175153608347,0.00116405479988003,0.00427247190996142,-1.82893553353967,"SPSB1","80176","splA/ryanodine receptor domain and SOCS box containing 1","Up"
1.95398279963826,9.94043103832118,3.32040576567305,0.00116923266990154,0.00429068929323554,-1.83305632272787,"LOC100506558","100506558","uncharacterized LOC100506558","Up"
2.20399819267678,7.40802096145053,3.32011152391214,0.00117036763384127,0.00429406661475561,-1.83395711261696,"GTF2I","2969","general transcription factor IIi","Up"
1.35391777649079,7.60296976470207,3.31975591752774,0.00117174067092064,0.00429831602550589,-1.83504567413924,"MDFI","4188","MyoD family inhibitor","Up"
1.50911873382169,10.165675867033,3.31892283404013,0.00117496320007769,0.004308557321106,-1.83759547655319,"PDGFC","56034","platelet derived growth factor C","Up"
-2.56781455717772,7.25206031872112,-3.3174090147873,0.00118084016235046,0.00432614340379887,-1.84222741522224,"TENM1","10178","teneurin transmembrane protein 1","Down"
1.84654752428382,7.20566180166314,3.31636351488926,0.00118491504001667,0.00433868872723526,-1.84542536604581,"RNASE2","6036","ribonuclease A family member 2","Up"
1.20770227298369,7.40275920950249,3.31574915331256,0.00118731566583905,0.00434588813143831,-1.8473041651901,"DDB2","1643","damage specific DNA binding protein 2","Up"
-1.3346345193643,8.02536111379817,-3.31422175602418,0.00119330370471146,0.0043664056328392,-1.85197387870588,"INTS6","26512","integrator complex subunit 6","Down"
2.18197159537699,6.87232793971917,3.31278628555856,0.00119895706911905,0.0043860914393609,-1.85636089295249,"TCF7L1","83439","transcription factor 7 like 1","Up"
1.0892595149522,9.24918278950905,3.30870266348985,0.00121517693005046,0.00443893460644871,-1.8688323043523,"PDAP1","11333","PDGFA associated protein 1","Up"
1.88919781407962,7.26410825312491,3.3076155296953,0.00121952937907101,0.00445320757201564,-1.87215023483734,"TSNAX-DISC1","100303453","TSNAX-DISC1 readthrough (NMD candidate)","Up"
-1.28664512367475,2.5872072824945,-3.30566798522622,0.00122736301014887,0.00447854308664023,-1.87809184016858,"GPIHBP1","338328","glycosylphosphatidylinositol anchored high density lipoprotein binding protein 1","Down"
1.76419624263142,5.96649036693929,3.30425505000288,0.00123307567541384,0.00449692764090498,-1.88240060370746,"HACD4","401494","3-hydroxyacyl-CoA dehydratase 4","Up"
-1.30011140857805,7.91867021250817,-3.30413179713385,0.00123357517761152,0.00449710979928456,-1.88277639124587,"PPP1R12B","4660","protein phosphatase 1 regulatory subunit 12B","Down"
-1.17815961411394,5.87367113112645,-3.30360669729229,0.00123570534866784,0.00450323440998134,-1.88437724371573,"ARL6","84100","ADP ribosylation factor like GTPase 6","Down"
1.78557290672071,4.63223234841905,3.3033806018131,0.00123662360753394,0.00450576006482088,-1.88506646659508,"EXO1","9156","exonuclease 1","Up"
1.48562527835943,5.67906755209568,3.30319804315127,0.00123736551211509,0.00450764235267417,-1.88562294409445,"WDR76","79968","WD repeat domain 76","Up"
-1.0617218776555,10.2744718224148,-3.30025903604809,0.00124936679254025,0.0045472235858073,-1.89457809230117,"LOC101060275","101060275","putative NPIP-like protein LOC613037","Down"
-1.04182941787831,8.24348110889828,-3.30025895522534,0.00124936712406571,0.0045472235858073,-1.89457833847551,"GPR19","2842","G protein-coupled receptor 19","Down"
-1.12492879899034,5.60594066771994,-3.29838685282847,0.00125706835272328,0.00457192629211681,-1.90027912605079,"METTL2B","55798","methyltransferase like 2B","Down"
-3.13378384979632,5.77477929431231,-3.29793092018753,0.00125895061586176,0.00457710793595245,-1.90166708529612,"DAB1","1600","DAB1, reelin adaptor protein","Down"
1.33659185073753,8.34688589763361,3.29671747597246,0.00126397300854993,0.00459369808938392,-1.90536028792886,"VAMP8","8673","vesicle associated membrane protein 8","Up"
1.12622399534096,3.86326979693645,3.29472685856847,0.00127225263478638,0.00462210976287837,-1.91141638870346,"SNX20","124460","sorting nexin 20","Up"
-2.17697826834208,6.67715231404598,-3.29331288037208,0.00127816456771467,0.00464105962001222,-1.91571629229726,"SIDT1","54847","SID1 transmembrane family member 1","Down"
2.73506808110842,4.9923569341532,3.29282236256346,0.00128022144037861,0.0046468415017516,-1.91720759169083,"CHODL","140578","chondrolectin","Up"
1.76003772610749,5.2781745165068,3.29250247073317,0.00128156449731245,0.00465007051649364,-1.91818004356125,"MYO7A","4647","myosin VIIA","Up"
-1.82314749346891,5.78121890287799,-3.29239873503841,0.00128200031117245,0.00465076704000492,-1.91849537669858,"CDH13","1012","cadherin 13","Down"
1.63587240672563,8.83789476728562,3.29226987203079,0.00128254188250681,0.004651888223951,-1.91888707952912,"LOC101926921","101926921","uncharacterized LOC101926921","Up"
1.03805502722997,7.72130688173006,3.29011844515892,0.00129161528051173,0.0046805555003076,-1.92542482622185,"AASS","10157","aminoadipate-semialdehyde synthase","Up"
-1.86001968161434,7.63106056071633,-3.28968068950563,0.00129346878832326,0.00468642340600931,-1.92675463457825,"OXR1","55074","oxidation resistance 1","Down"
-1.89183501878054,4.29616118506024,-3.2889180146664,0.00129670397525163,0.0046972943025275,-1.92907112136321,"IGF1","3479","insulin like growth factor 1","Down"
2.000659073247,9.29515290171521,3.2880686158574,0.00130031592802156,0.00470952584575079,-1.93165048282821,"LUM","4060","lumican","Up"
-1.12100235202288,4.74142077132201,-3.28401581492066,0.0013176796117294,0.00476637425273371,-1.943949840134,"FAM24B","196792","family with sequence similarity 24 member B","Down"
-1.39839909306193,8.83552197262414,-3.28294103425762,0.0013223205439052,0.00478143269870077,-1.94720941330648,"FBXO31","79791","F-box protein 31","Down"
2.05420099633944,6.89581183217178,3.28260300577722,0.00132378331118598,0.00478585701244992,-1.94823439298855,"SYTL4","94121","synaptotagmin like 4","Up"
-3.04852291176424,5.20151469032639,-3.28061982072744,0.00133239571582647,0.00481232334013016,-1.95424606772221,"NR2E1","7101","nuclear receptor subfamily 2 group E member 1","Down"
1.1446924736808,5.5247474650358,3.28001602941876,0.00133502817575075,0.00481782988683983,-1.95607574478421,"NPHP4","261734","nephronophthisis 4","Up"
1.10437786112274,7.83956536256195,3.27973293486331,0.00133626410597496,0.00482139512502091,-1.95693351210315,"C16orf87","388272","chromosome 16 open reading frame 87","Up"
1.42133291885338,6.70408547652899,3.27929918581013,0.00133815983324559,0.00482667168419567,-1.95824763630943,"SETD9","133383","SET domain containing 9","Up"
-1.04216332648126,9.55186754180592,-3.27894270537442,0.00133971973209022,0.00483037892952407,-1.95932755077801,"KLHDC3","116138","kelch domain containing 3","Down"
1.01466363015082,7.96390988546059,3.27835414984106,0.00134229886732878,0.00483880602498141,-1.96111029164469,"ATRIP","84126","ATR interacting protein","Up"
1.0260773637453,10.6339175250749,3.27402476343824,0.00136141375592333,0.00489976704708727,-1.97421573516884,"HLA-F","3134","major histocompatibility complex, class I, F","Up"
-1.13658083962886,7.39683177250503,-3.27391085920806,0.00136192007267562,0.00490070771475202,-1.97456033590097,"PPP1R3D","5509","protein phosphatase 1 regulatory subunit 3D","Down"
-2.3034374803052,6.33253573283598,-3.27158148606695,0.0013723130077308,0.00493544244933851,-1.98160529313345,"FAXC","84553","failed axon connections homolog","Down"
-1.18138479792387,11.1457089773656,-3.27095202782197,0.00137513412708282,0.00494469958313192,-1.98350829922161,"LIMCH1","22998","LIM and calponin homology domains 1","Down"
1.32497939773202,4.3020402897103,3.26972761183043,0.00138063724673755,0.00496270380802698,-1.98720912084287,"EGFEM1P","93556","EGF like and EMI domain containing 1, pseudogene","Up"
1.68304716619053,4.35341319780935,3.26836784114464,0.00138677279161565,0.00498207276743658,-1.99131768120351,"CLEC18A","348174","C-type lectin domain family 18 member A","Up"
1.31101977497441,12.0126199517273,3.26726277148694,0.00139177780311308,0.00499825857240772,-1.99465559504936,"LINC00461","645323","long intergenic non-protein coding RNA 461","Up"
1.26558449827139,10.9248841301082,3.26694679289089,0.00139321200834553,0.00500251124389249,-1.99560984739618,"ACTA2","59","actin, alpha 2, smooth muscle, aorta","Up"
-1.07621083749566,9.36960543183911,-3.26624172868355,0.00139641721843992,0.00501217665171454,-1.99773885306383,"ABHD14A","25864","abhydrolase domain containing 14A","Down"
2.12821105350716,4.26770725383101,3.26582567325509,0.00139831182520744,0.00501722107010854,-1.99899498795339,"COL22A1","169044","collagen type XXII alpha 1 chain","Up"
-3.58390022636135,7.62218136859787,-3.26417218435166,0.00140586510365806,0.00504161016828946,-2.00398578508612,"WIF1","11197","WNT inhibitory factor 1","Down"
-1.21032337557916,6.59971967131485,-3.26376281642658,0.00140774099975007,0.00504562418165526,-2.00522106767819,"PTPRB","5787","protein tyrosine phosphatase, receptor type B","Down"
-2.36347231406095,6.91997127145462,-3.2616513771098,0.00141745363440125,0.00507588954062391,-2.01159033006586,"PDE1C","5137","phosphodiesterase 1C","Down"
-1.00624437891427,11.8885211822316,-3.26022013207447,0.0014240728732365,0.00509685616723483,-2.01590576810479,"ALDH2","217","aldehyde dehydrogenase 2 family (mitochondrial)","Down"
-2.62675999763866,4.43950977575953,-3.25650901093097,0.00144137063210454,0.00515231413909515,-2.02708793481883,"WFDC1","58189","WAP four-disulfide core domain 1","Down"
1.12838209380164,6.39195576311675,3.25554594176012,0.00144589146649277,0.00516755101288334,-2.02998804441789,"NMNAT3","349565","nicotinamide nucleotide adenylyltransferase 3","Up"
-1.89239355249297,8.56712925319657,-3.25448567418886,0.00145088385747318,0.0051811901300594,-2.0331800091929,"FBLL1","345630","fibrillarin-like 1","Down"
2.67384660721348,4.94230913274183,3.25446050510544,0.00145100256403873,0.0051811901300594,-2.03325577071055,"PLAU","5328","plasminogen activator, urokinase","Up"
-1.52712112394919,9.79507503681142,-3.25171021048992,0.00146402865083079,0.00522397382150378,-2.04153144812169,"EPDR1","54749","ependymin related 1","Down"
-1.38883588524148,6.30980615801817,-3.2507045316269,0.00146881895910372,0.0052391978810462,-2.04455607046311,"CPEB3","22849","cytoplasmic polyadenylation element binding protein 3","Down"
1.11540437737035,8.86996215788302,3.24582696000219,0.00149226007886252,0.00531523008684394,-2.05921432572554,"ABHD4","63874","abhydrolase domain containing 4","Up"
1.25218672766055,7.60848241182053,3.24433164860402,0.00149951593520592,0.00533822336577667,-2.0637043522596,"ZNF93","81931","zinc finger protein 93","Up"
-2.83078850002512,7.34776728156201,-3.24363096038643,0.00150292725998406,0.00534941570725869,-2.06580773083175,"IGSF21","84966","immunoglobin superfamily member 21","Down"
-1.19317806200763,6.71339527292686,-3.24342315655508,0.00150394034983158,0.00535156368910341,-2.0664314579167,"DHRS11","79154","dehydrogenase/reductase 11","Down"
2.78790028255956,5.04995510573615,3.24339745226185,0.00150406570819355,0.00535156368910341,-2.06650860747806,"MAK","4117","male germ cell associated kinase","Up"
-1.37557720761947,7.24142891662651,-3.24316757834691,0.00150518722311254,0.00535460184438344,-2.06719853421268,"LRRC4","64101","leucine rich repeat containing 4","Down"
1.24786310266864,8.25803342912722,3.24234718900477,0.00150919611737584,0.00536695462501572,-2.06966045256804,"SNRNP40","9410","small nuclear ribonucleoprotein U5 subunit 40","Up"
-1.39766921135754,11.1651181555179,-3.24063530990357,0.00151759340817582,0.00539585770701505,-2.07479595410728,"SORL1","6653","sortilin related receptor 1","Down"
-1.53090717343188,8.18735493265213,-3.23870730791355,0.00152710296985709,0.00542677604226126,-2.08057705213635,"BICD1","636","BICD cargo adaptor 1","Down"
1.30495376470072,4.8940032411774,3.2383203970859,0.0015290180226342,0.00543261651195923,-2.08173684936058,"KIF7","374654","kinesin family member 7","Up"
-1.74437936927765,8.04251640991166,-3.23823849614687,0.0015294236861628,0.00543309298456306,-2.08198233912443,"SBK1","388228","SH3 domain binding kinase 1","Down"
2.55674075730493,4.37845022838509,3.23632983294213,0.00153890593302012,0.00546483688355228,-2.08770187142983,"TEX26","122046","testis expressed 26","Up"
1.03102431547126,4.76344463338391,3.23409821644787,0.00155006206299397,0.00550054836720829,-2.09438554137146,"NCKAP5L","57701","NCK associated protein 5 like","Up"
-1.00910282656509,3.15643083787367,-3.23392313585732,0.00155094049256977,0.00550268956106463,-2.09490974049281,"CLUL1","27098","clusterin like 1","Down"
1.34019264824681,8.55148141632509,3.23171895223349,0.00156203925817618,0.00553912077956946,-2.10150710379569,"RPGR","6103","retinitis pigmentosa GTPase regulator","Up"
1.81285804116443,4.73724431349296,3.2313395097175,0.00156395732014261,0.0055429750405834,-2.10264243152022,"IQCH","64799","IQ motif containing H","Up"
-1.08758276018929,9.96917395906751,-3.23061854120564,0.00156760782398471,0.00555492910635175,-2.10479932527825,"ASNS","440","asparagine synthetase (glutamine-hydrolyzing)","Down"
2.27508953287633,5.36176364073899,3.2301735634478,0.00156986485400886,0.00556159950611051,-2.10613034413701,"DCDC5","100506627","doublecortin domain containing 5","Up"
-1.46038460745608,4.67098508167533,-3.23013783968966,0.00157004618436108,0.00556159950611051,-2.10623719440202,"HCG8","100507399","HLA complex group 8","Down"
2.41740908400375,5.61909844333296,3.23006002355323,0.00157044123910173,0.005562014138911,-2.10646994009081,"C1orf106","55765","chromosome 1 open reading frame 106","Up"
1.43140843230243,10.1093197712751,3.22966251820465,0.00157246072782028,0.00556818084628326,-2.10765879216194,"PTGFRN","5738","prostaglandin F2 receptor inhibitor","Up"
-2.34786072082309,8.55377537099769,-3.2295743841843,0.00157290881194691,0.0055687819148154,-2.10792236502438,"HS6ST2","90161","heparan sulfate 6-O-sulfotransferase 2","Down"
-1.0405630813929,7.40670832987361,-3.2289002651682,0.00157634005116569,0.00557994256965181,-2.10993817763837,"LOC101927151","101927151","uncharacterized LOC101927151","Down"
1.13024050538159,8.94351421144166,3.22844222294453,0.00157867544447199,0.00558722087697703,-2.11130765364015,"CARHSP1","23589","calcium regulated heat stable protein 1","Up"
2.58327407141065,6.92137389436544,3.22652310391369,0.00158849542495327,0.00561735811871312,-2.11704373087073,"COL8A1","1295","collagen type VIII alpha 1 chain","Up"
1.10368768540933,6.71824970084177,3.22296819292668,0.00160683607276419,0.0056748401249414,-2.12766138960442,"GMCL1P1","64396","germ cell-less, spermatogenesis associated 1 pseudogene 1","Up"
-1.02517156688422,7.13437401759059,-3.22280879005355,0.00160766307197749,0.00567675875062719,-2.12813725439957,"PCYT2","5833","phosphate cytidylyltransferase 2, ethanolamine","Down"
-2.12668998774787,5.37083788718787,-3.22168210052978,0.00161351976879723,0.00569542872518105,-2.13150018598616,"NLGN4Y","22829","neuroligin 4, Y-linked","Down"
-2.2806832485209,8.67854727539864,-3.22154865490226,0.00161421475297772,0.00569687679711154,-2.13189842695755,"GRIK2","2898","glutamate ionotropic receptor kainate type subunit 2","Down"
1.75816969434681,4.76378516338136,3.22090411394686,0.00161757544516732,0.0057067240224762,-2.13382172917474,"IGSF9","57549","immunoglobulin superfamily member 9","Up"
2.20899297907988,4.32574422156538,3.22082181412343,0.00161800503226797,0.00570723319474353,-2.13406728727524,"S100A2","6273","S100 calcium binding protein A2","Up"
-1.36069189015135,2.8445622415703,-3.2207127220675,0.00161857463269657,0.00570823597326994,-2.13439277717713,"LDHD","197257","lactate dehydrogenase D","Down"
2.19390700051821,4.64066074865515,3.22007196007175,0.001621924002575,0.00571803233824105,-2.13630438218136,"CENPE","1062","centromere protein E","Up"
2.08182762321854,7.46767806871207,3.21950344801055,0.00162490111156234,0.00572532021919942,-2.13800017101236,"HMOX1","3162","heme oxygenase 1","Up"
1.00562217617574,7.21328498530728,3.21869054789431,0.00162916683899226,0.00573548142666165,-2.14042449164606,"THAP9","79725","THAP domain containing 9","Up"
-1.97253414130862,8.06596433875834,-3.21763055482449,0.0016347448588491,0.00575107093212483,-2.1435849382925,"KIAA1211L","343990","KIAA1211 like","Down"
1.09144075916265,3.24161231249018,3.21592086824205,0.00164377925141356,0.00577980518155204,-2.14868062813898,"UNC93B1","81622","unc-93 homolog B1 (C. elegans)","Up"
1.09001145090078,11.306209564322,3.2154799479106,0.00164611670712063,0.00578395801885536,-2.1499944095828,"LMO2","4005","LIM domain only 2","Up"
1.46905933787988,5.32763381762858,3.21538006634383,0.00164664664001403,0.00578480409600713,-2.15029199886334,"SLC7A7","9056","solute carrier family 7 member 7","Up"
-2.56371548450131,5.9400693602932,-3.21362823848073,0.00165596701701841,0.00581068291563303,-2.15551015397804,"EPHA7","2045","EPH receptor A7","Down"
-2.32154787559547,8.90580160909012,-3.21258908453046,0.00166151888238127,0.00582765917781288,-2.1586043301125,"FGF1","2246","fibroblast growth factor 1","Down"
1.4611116240119,3.71801433378645,3.21228682479026,0.00166313700854325,0.00583147250787326,-2.15950417636274,"HCP5","10866","HLA complex P5 (non-protein coding)","Up"
1.10378480899683,10.4943238488303,3.21172114091589,0.00166616929907452,0.00584108098240475,-2.16118805925868,"GGH","8836","gamma-glutamyl hydrolase","Up"
1.2994092877689,6.50354173042988,3.21067300392729,0.00167180133424807,0.00585774593595466,-2.16430740340558,"MIR5193","100847079","microRNA 5193","Up"
-1.1561426212601,9.11031139894521,-3.21057122167027,0.00167234919147276,0.00585863951563569,-2.16461026984309,"HINT3","135114","histidine triad nucleotide binding protein 3","Down"
-1.96958619493971,4.21084529885426,-3.20977653575755,0.00167663244822095,0.00587056097157099,-2.1669746809301,"RET","5979","ret proto-oncogene","Down"
-1.53096661467976,7.97596705036396,-3.20886042985945,0.00168158281119293,0.00588377532415827,-2.16969973206252,"SPECC1","92521","sperm antigen with calponin homology and coiled-coil domains 1","Down"
-1.00125406036733,8.53805044719781,-3.20573598049642,0.00169856889429945,0.0059390541538359,-2.17898874770408,"EFHD2","79180","EF-hand domain family member D2","Down"
1.16622426660973,6.33616918709432,3.20479994530108,0.0017036886498836,0.00595487400737619,-2.18177008896339,"ZNF687","57592","zinc finger protein 687","Up"
2.11567586839961,6.59114796697089,3.20414041237483,0.00170730466234498,0.00596647063398007,-2.18372941420962,"CDON","50937","cell adhesion associated, oncogene regulated","Up"
-1.62688717311203,3.24159693720509,-3.20352868983771,0.00171066492740018,0.00597633897888224,-2.1855463985064,"KLHL35","283212","kelch like family member 35","Down"
2.19505487980618,5.41891289659183,3.20346463904822,0.0017110171216951,0.00597633897888224,-2.1857366298941,"PHEX","5251","phosphate regulating endopeptidase homolog, X-linked","Up"
2.72479228649652,6.2605379052871,3.20217165875118,0.00171814123935313,0.00599805475060864,-2.18957609966705,"CFB","629","complement factor B","Up"
1.27181806301795,6.56174368694633,3.2019119842828,0.00171957532838095,0.00600201388606381,-2.19034703674991,"MIS18BP1","55320","MIS18 binding protein 1","Up"
2.02944568617449,5.01782848186947,3.19998150084464,0.00173027166076215,0.00603513687532573,-2.19607670183958,"PIH1D2","120379","PIH1 domain containing 2","Up"
1.42005114746179,7.19899339047479,3.19905281933196,0.00173543927585635,0.00605105151482361,-2.19883197524002,"PHTF1","10745","putative homeodomain transcription factor 1","Up"
1.6281058727115,8.20745074321432,3.19764200171561,0.00174331719815226,0.00607428547255875,-2.20301637796989,"ANGPT2","285","angiopoietin 2","Up"
1.99276085941341,6.45659135312947,3.19674699659108,0.00174833208521673,0.00609069824637491,-2.20567009562252,"CENPW","387103","centromere protein W","Up"
2.96257684988139,5.96018882377136,3.19434403197015,0.00176186281423725,0.00613315872874121,-2.2127918277982,"CA3","761","carbonic anhydrase 3","Up"
-1.45193934186581,5.33710090257817,-3.19431036106129,0.00176205310005521,0.00613315872874121,-2.21289158676847,"SLC35G1","159371","solute carrier family 35 member G1","Down"
1.2487096680067,10.7678306646167,3.19352610571651,0.0017664906060165,0.00614646566166471,-2.21521489702356,"PLOD2","5352","procollagen-lysine,2-oxoglutarate 5-dioxygenase 2","Up"
2.30386695952675,5.42759924532793,3.19308534426593,0.00176898910034742,0.00615194940564068,-2.21652041340657,"FREM1","158326","FRAS1 related extracellular matrix 1","Up"
1.34529114943708,5.07147225417207,3.1923618186029,0.0017730975944295,0.00616516572327963,-2.21866313213313,"PLVAP","83483","plasmalemma vesicle associated protein","Up"
1.01337162478552,10.3494311158395,3.1920489560177,0.00177487691126836,0.00617028016746241,-2.21958954538591,"LPP","4026","LIM domain containing preferred translocation partner in lipoma","Up"
3.18739480023846,5.20862651214953,3.19141711294863,0.00177847540280206,0.00618171601526423,-2.22146025149464,"MIR8071-2","102466889","microRNA 8071-2","Up"
1.98081493042426,4.22293334412858,3.19097951300152,0.00178097161040377,0.00618860562418486,-2.22275567436807,"CYTL1","54360","cytokine like 1","Up"
-1.04730770911894,4.10143924980006,-3.18903030096636,0.00179213015599159,0.00622269143195484,-2.22852406779975,"LRRK1","79705","leucine rich repeat kinase 1","Down"
1.18465835741492,7.13797248408053,3.18844002710187,0.00179552206624893,0.00623122462783042,-2.23027029964122,"MASTL","84930","microtubule associated serine/threonine kinase like","Up"
-1.35381900223853,7.32260588284509,-3.18833909008828,0.00179610268124538,0.00623215857503924,-2.23056887822573,"RAB9B","51209","RAB9B, member RAS oncogene family","Down"
1.05699389219204,5.77177523361071,3.18599233844022,0.00180965109554223,0.00626866065596544,-2.23750845722368,"PARPBP","55010","PARP1 binding protein","Up"
1.99565987371624,5.3087473958097,3.18597628001384,0.00180974413150969,0.00626866065596544,-2.23755592857966,"GDF15","9518","growth differentiation factor 15","Up"
-1.45170293531762,4.61015034861651,-3.1851695347405,0.00181442381174044,0.00628094011098088,-2.23994053790473,"KCNS3","3790","potassium voltage-gated channel modifier subfamily S member 3","Down"
1.01593811232643,8.33987444538136,3.18491792398148,0.00181588562796414,0.00628445316704351,-2.24068415345793,"RBM4","5936","RNA binding motif protein 4","Up"
1.12408002396219,8.7280502235861,3.18065842579699,0.00184079935014973,0.00636847183096069,-2.25326515376774,"DYRK2","8445","dual specificity tyrosine phosphorylation regulated kinase 2","Up"
1.05423871706331,7.36243881228302,3.17981900044704,0.00184574645685807,0.006384482946466,-2.25574281438924,"KIF22","3835","kinesin family member 22","Up"
-1.52391860500481,9.04537887042467,-3.17775118779,0.00185798575837553,0.00642015907907068,-2.2618438202056,"FAM69A","388650","family with sequence similarity 69 member A","Down"
-3.37310993014747,9.89654705398562,-3.17723739233018,0.00186103857096486,0.00642848734276483,-2.26335922943145,"GRIA2","2891","glutamate ionotropic receptor AMPA type subunit 2","Down"
1.71357039040322,5.80560852689604,3.17643436007069,0.00186581927656716,0.0064438885320696,-2.26572730639758,"PDE5A","8654","phosphodiesterase 5A","Up"
1.44222989969014,10.1310454550785,3.17495520543712,0.00187465503787166,0.00647216968812742,-2.27008787549496,"ZC3HAV1","56829","zinc finger CCCH-type containing, antiviral 1","Up"
2.2966977205472,5.37295226527769,3.17472301172595,0.00187604557768938,0.00647473587594126,-2.27077222838411,"IRX5","10265","iroquois homeobox 5","Up"
-1.29741017743913,13.6751234703462,-3.17223617209375,0.00189099875279253,0.00651959538981908,-2.27809909965988,"HBA2","3040","hemoglobin subunit alpha 2","Down"
1.11486470786811,9.96883502923692,3.17212057714371,0.00189169650249673,0.00652087731313786,-2.27843955292999,"UFL1","23376","UFM1 specific ligase 1","Up"
1.68875587614563,7.92005351474527,3.17090175563856,0.0018990680777091,0.00654290598083795,-2.28202861289323,"RHOJ","57381","ras homolog family member J","Up"
1.58047648692873,6.51017209012698,3.17060245214844,0.00190088237748593,0.0065480292228583,-2.28290979075213,"KIAA0040","9674","KIAA0040","Up"
1.57425339627048,3.66805006960852,3.17045999669203,0.00190174647087828,0.0065488160933926,-2.28332916816394,"IGSF5","150084","immunoglobulin superfamily member 5","Up"
2.71871778767205,5.59795373769598,3.16812679536298,0.00191595102955306,0.00659312560169728,-2.29019563388614,"IGFBP7-AS1","255130","IGFBP7 antisense RNA 1","Up"
-3.08554870535622,7.24466131656876,-3.16608408512187,0.00192846793079449,0.0066313965396475,-2.29620365571092,"CA10","56934","carbonic anhydrase 10","Down"
-1.01760878597621,11.8242807264617,-3.16604148598426,0.00192872976779171,0.0066313965396475,-2.29632891309066,"GLUD1","2746","glutamate dehydrogenase 1","Down"
-1.0080309083459,9.13059047306976,-3.16596582276946,0.00192919491564418,0.00663185613011909,-2.29655138765853,"MAPK8","5599","mitogen-activated protein kinase 8","Down"
1.14304580922596,5.34989189463,3.16447007729012,0.00193841159162797,0.00666239490013759,-2.30094843497976,"ABHD15","116236","abhydrolase domain containing 15","Up"
1.85916261821624,6.37613129044254,3.16397411055842,0.00194147672095538,0.00667178370940471,-2.30240603766706,"CFAP69","79846","cilia and flagella associated protein 69","Up"
2.42283481914529,6.12040580408462,3.15828656703499,0.00197694965262477,0.00677971061022692,-2.31910726203828,"NEK11","79858","NIMA related kinase 11","Up"
-1.72393697507627,6.43295854726213,-3.15791101250311,0.00197931302221511,0.00678665220830466,-2.32020915702964,"SLC6A11","6538","solute carrier family 6 member 11","Down"
1.36440695718744,5.87929760327817,3.15769050172425,0.00198070192161616,0.00679025074464952,-2.32085609398948,"ESM1","11082","endothelial cell specific molecule 1","Up"
-1.11723668074379,5.32903709164953,-3.1559257195626,0.00199185014725706,0.0068226238480007,-2.32603223897255,"ATF7IP2","80063","activating transcription factor 7 interacting protein 2","Down"
1.34020724531097,10.400470263929,3.15389529493329,0.00200474851357954,0.00686093115141736,-2.33198445605804,"MTHFD2","10797","methylenetetrahydrofolate dehydrogenase (NADP+ dependent) 2, methenyltetrahydrofolate cyclohydrolase","Up"
1.01142665985371,3.9932666727074,3.15314251046203,0.00200955028464619,0.00687501240508144,-2.33419042083718,"ZNF674-AS1","401588","ZNF674 antisense RNA 1 (head to head)","Up"
2.92115098717015,5.70832719344367,3.15281696084924,0.00201163016680029,0.00687977517045699,-2.33514427406039,"ODF3B","440836","outer dense fiber of sperm tails 3B","Up"
-1.64252528521901,10.0902490487118,-3.15065197261403,0.00202551283250011,0.00692488640461889,-2.34148549763195,"NBEA","26960","neurobeachin","Down"
1.17619469684773,6.44210518131917,3.15025284766916,0.00202808185101329,0.00693130057964176,-2.34265412254721,"LRRC37A4P","55073","leucine rich repeat containing 37 member A4, pseudogene","Up"
1.14158999815022,6.43589083835947,3.14822030771929,0.00204121153804566,0.00697022004466283,-2.34860336732142,"RAD54B","25788","RAD54 homolog B (S. cerevisiae)","Up"
-2.59964869244241,7.12815451853911,-3.14449967174309,0.00206545050125544,0.00704217249124363,-2.35948515061825,"CLDN10","9071","claudin 10","Down"
2.0718565659708,6.40006208026071,3.14383426105898,0.00206981353377768,0.0070532252826636,-2.36143012241032,"BVES","11149","blood vessel epicardial substance","Up"
2.18474299013051,8.51706823506538,3.14347139006209,0.00207219644558263,0.00705915788979595,-2.36249063286632,"IQCG","84223","IQ motif containing G","Up"
1.24621409602097,4.32688923269935,3.14294368357875,0.00207566634725791,0.00706857133780239,-2.3640326969536,"HMGB3P1","128872","high mobility group box 3 pseudogene 1","Up"
-2.31063456874523,7.22244890448136,-3.14113749382922,0.00208758368858917,0.00710516805283825,-2.3693090664379,"PARM1","25849","prostate androgen-regulated mucin-like protein 1","Down"
1.09875060871177,3.50406799287491,3.1398224246785,0.00209630049554642,0.00713155654045182,-2.37314910457208,"CD48","962","CD48 molecule","Up"
1.37855737161045,5.88892930937249,3.13942703349607,0.0020989279030333,0.0071392809513749,-2.37430338826949,"IL18","3606","interleukin 18","Up"
1.25534229049178,7.72704663805385,3.13934917301576,0.00209944565237584,0.00713982817730467,-2.37453067527564,"GIMAP7","168537","GTPase, IMAP family member 7","Up"
2.42788565628034,7.08489675305823,3.13709036994872,0.00211451771264637,0.00718742029849064,-2.3811223739434,"EYA2","2139","EYA transcriptional coactivator and phosphatase 2","Up"
1.56965516413819,7.01340104690308,3.13580728166427,0.00212312387469767,0.00721422203822628,-2.38486490470979,"GPC2","221914","glypican 2","Up"
-2.43839069819613,6.15044565173769,-3.13505145353076,0.00212820869862882,0.00722579713514488,-2.38706890097688,"ZNF804A","91752","zinc finger protein 804A","Down"
1.7108761614403,8.0552095902868,3.13338042743062,0.00213949062687025,0.00725627885604223,-2.39193999931381,"C1RL","51279","complement C1r subcomponent like","Up"
1.28675243189658,4.28070229997556,3.13129197835828,0.00215366877635629,0.00730065252601835,-2.39802476872173,"AIM2","9447","absent in melanoma 2","Up"
1.75522599740111,8.73785620004799,3.13029294888692,0.00216048179761221,0.00731754855676783,-2.40093424564034,"ERBB2","2064","erb-b2 receptor tyrosine kinase 2","Up"
-2.32984583052419,4.83127458201639,-3.12906783504074,0.00216886391792314,0.00734220988255302,-2.40450106170605,"SSTR2","6752","somatostatin receptor 2","Down"
2.33896238282058,6.34151662582254,3.12868919920693,0.00217146060531645,0.00734478653094949,-2.40560318583048,"ROR1","4919","receptor tyrosine kinase like orphan receptor 1","Up"
-1.64422330062722,7.44626050833669,-3.1263682645059,0.00218744069638968,0.00739383781258124,-2.41235640643381,"NIPAL2","79815","NIPA like domain containing 2","Down"
1.19683771639342,4.89585220117361,3.12626985420281,0.00218812067450711,0.00739488688088915,-2.41264265572705,"ISG20","3669","interferon stimulated exonuclease gene 20","Up"
-2.07633320766285,4.04087007700462,-3.12492291314718,0.00219744725121509,0.00742139215986838,-2.41655977036729,"ART3","419","ADP-ribosyltransferase 3","Down"
-1.21443883704688,10.6173089264833,-3.12400302278548,0.00220383798385895,0.00744046347334898,-2.41923412241409,"CTNND2","1501","catenin delta 2","Down"
1.37228077207317,12.7151045387031,3.12287110100401,0.00221172540487707,0.00746205567881545,-2.42252397552998,"CD9","928","CD9 molecule","Up"
-2.09913911275115,8.09402731448965,-3.12018441609355,0.0022305515754886,0.00751923258143226,-2.43032854327738,"RUNX1T1","862","RUNX1 translocation partner 1","Down"
-1.49171999211539,6.54054893678077,-3.11965616758605,0.00223427055594326,0.00753050050753989,-2.43186237717626,"EML6","400954","echinoderm microtubule associated protein like 6","Down"
1.09404047306048,7.98196935817692,3.11855114562675,0.00224206873788661,0.00755169515806354,-2.43507022187414,"PYCR1","5831","pyrroline-5-carboxylate reductase 1","Up"
-1.80399102454668,4.4164248175068,-3.11848008862384,0.00224257105217664,0.00755211564398218,-2.43527646476781,"TTTY15","64595","testis-specific transcript, Y-linked 15 (non-protein coding)","Down"
1.6354859643307,7.05800718241598,3.11758399429367,0.00224891465773985,0.0075696560493609,-2.43787703146419,"PLAUR","5329","plasminogen activator, urokinase receptor","Up"
1.03348753838606,4.07604813113444,3.11365644183637,0.0022769151705741,0.00765488855951537,-2.4492676576573,"TMEM27","57393","transmembrane protein 27","Up"
-1.85697092073025,8.11617792138183,-3.11264029276807,0.00228421197901533,0.00767555073297946,-2.45221266851984,"EVI2A","2123","ecotropic viral integration site 2A","Down"
2.75095849594818,6.65572043352024,3.11236239866454,0.00228621126347469,0.00768097879904921,-2.45301791946572,"MECOM","2122","MDS1 and EVI1 complex locus","Up"
-1.20774293468495,6.71804623017112,-3.11138224737268,0.00229327582839077,0.0077021268253507,-2.4558576007481,"BRPF3","27154","bromodomain and PHD finger containing 3","Down"
-2.99300147508758,8.24107711545314,-3.11042782539225,0.00230017438026734,0.00771922092190458,-2.45862200074759,"TF","7018","transferrin","Down"
-1.06989363819935,11.0910938915869,-3.10984739350284,0.00230437913345464,0.00773033422585966,-2.4603028146321,"GNAI1","2770","G protein subunit alpha i1","Down"
2.04086826618001,5.12658813603834,3.10821687437873,0.00231622904220427,0.00776617972974375,-2.46502302712454,"HLA-DQA1","3117","major histocompatibility complex, class II, DQ alpha 1","Up"
-2.71914275809192,8.19449633370426,-3.10540522658945,0.00233679558873864,0.0078259573725969,-2.47315750623906,"GRIA3","2892","glutamate ionotropic receptor AMPA type subunit 3","Down"
1.59617652237632,11.5918244618849,3.10450198152939,0.00234343843499579,0.00784521740558356,-2.47576937353483,"HLA-DPA1","3113","major histocompatibility complex, class II, DP alpha 1","Up"
1.52035711474694,6.33966835137284,3.10380974849485,0.0023485412452449,0.00785871628928162,-2.47777062593623,"SRSF3","6428","serine and arginine rich splicing factor 3","Up"
2.31326099000763,6.09581504792047,3.10197150736301,0.00236214187737939,0.00789551366202386,-2.48308313580589,"WDR49","151790","WD repeat domain 49","Up"
1.36561941855319,7.95361145150142,3.1019501349712,0.00236230043389188,0.00789551366202386,-2.48314488601679,"SEC24D","9871","SEC24 homolog D, COPII coat complex component","Up"
-2.33790414272105,7.67022093372089,-3.10122333766864,0.00236769823537277,0.00791091158902855,-2.48524456823163,"KLHL29","114818","kelch like family member 29","Down"
1.19728687960697,4.12103554152556,3.10116831792547,0.00236810732254226,0.00791095728871315,-2.48540350037249,"MBOAT1","154141","membrane bound O-acyltransferase domain containing 1","Up"
2.21885732045134,4.41433825718018,3.09907278454066,0.00238373701514955,0.00796069821152247,-2.49145493281258,"MMP9","4318","matrix metallopeptidase 9","Up"
2.30672067479494,6.58211170971781,3.09852099358815,0.00238786845022569,0.00797297798459034,-2.49304779648086,"SPOCD1","90853","SPOC domain containing 1","Up"
1.62780516380532,8.5509569762603,3.09812107503432,0.00239086691179944,0.00798165765132177,-2.49420209515127,"CHST3","9469","carbohydrate sulfotransferase 3","Up"
1.11958812737238,11.4058374820038,3.09738993606397,0.00239635777462554,0.00799731943234915,-2.49631207523311,"FNBP1L","54874","formin binding protein 1 like","Up"
1.72747328926364,8.27016633540473,3.09505366823682,0.00241398154714281,0.00804808012226066,-2.50305139335301,"IL1RAP","3556","interleukin 1 receptor accessory protein","Up"
1.72225976034293,3.87197184773645,3.09440256669431,0.00241891451070855,0.00806214706928027,-2.50492881439429,"PHKG1","5260","phosphorylase kinase catalytic subunit gamma 1","Up"
-2.71302408008159,9.71887448556799,-3.09317247833174,0.00242825955555107,0.00808759595936579,-2.50847478901056,"ELAVL3","1995","ELAV like neuron-specific RNA binding protein 3","Down"
1.84215353774832,7.0963202137161,3.09181131926825,0.0024386393034314,0.00811541193342515,-2.51239718629789,"EVI2B","2124","ecotropic viral integration site 2B","Up"
1.64905199967008,8.83008787562201,3.09156313431913,0.00244053630156679,0.00811902390845475,-2.51311221064942,"PRKD1","5587","protein kinase D1","Up"
1.62228480623497,7.31209440898426,3.09089147389048,0.0024456769821669,0.00813342077496894,-2.51504702598255,"PIK3AP1","118788","phosphoinositide-3-kinase adaptor protein 1","Up"
-1.27885304519685,5.88260978102994,-3.09028346782246,0.00245033911458118,0.00814535484311237,-2.51679816352027,"PTH1R","5745","parathyroid hormone 1 receptor","Down"
-1.06269221453229,11.3280733134393,-3.08950692853403,0.00245630550793518,0.00816198377300435,-2.51903426750268,"ZNF91","7644","zinc finger protein 91","Down"
-1.89434717630894,6.38331326142728,-3.08833319581852,0.00246534919224352,0.00818659606460017,-2.52241320154028,"CCDC3","83643","coiled-coil domain containing 3","Down"
1.742058918052,4.6293690486184,3.08774963634027,0.00246985701713486,0.00819950461255239,-2.52409273714501,"FST","10468","follistatin","Up"
1.65348125579533,7.83398823557142,3.08738783889194,0.00247265562586201,0.00820677191549789,-2.52513388479388,"IGFBP4","3487","insulin like growth factor binding protein 4","Up"
-1.55404847542295,12.873505649433,-3.08712804101144,0.00247466704850371,0.00821072365496082,-2.52588144257757,"HBB","3043","hemoglobin subunit beta","Down"
2.03325012653274,6.26778488813509,3.08578850750374,0.00248506212182073,0.0082397477413436,-2.52973503542447,"LRRC55","219527","leucine rich repeat containing 55","Up"
1.60924728147686,4.90443090624101,3.08526228837357,0.00248915674279059,0.00825195674449236,-2.5312484774014,"CRTAC1","55118","cartilage acidic protein 1","Up"
1.85335630794714,3.63313160535834,3.08345256275829,0.00250328630745308,0.0082946752489589,-2.5364516736305,"LINC01114","284998","long intergenic non-protein coding RNA 1114","Up"
-1.48918988370112,4.11235565090154,-3.08296640304614,0.00250709466319035,0.0083045435308691,-2.53784899767306,"GNA14","9630","G protein subunit alpha 14","Down"
-1.71137777611092,7.30339688442562,-3.08213570985905,0.00251361434883466,0.00832476117813857,-2.54023614311606,"PDE7B","27115","phosphodiesterase 7B","Down"
-2.08198112966805,10.6453712172851,-3.08114435771299,0.00252141549780964,0.00834369167460759,-2.54308424517139,"CACNA2D1","781","calcium voltage-gated channel auxiliary subunit alpha2delta 1","Down"
1.17551000241965,9.24065763486408,3.07880832040852,0.00253988692499975,0.00839648342836584,-2.54979243303514,"PEX11A","8800","peroxisomal biogenesis factor 11 alpha","Up"
1.51739543675383,11.6615673366495,3.07755163502593,0.00254987545740738,0.00842580574048284,-2.55339932869978,"VEGFA","7422","vascular endothelial growth factor A","Up"
2.19844291435529,4.25293514558663,3.07753346045603,0.00255002018086788,0.00842580574048284,-2.55345148341894,"AIM1","202","absent in melanoma 1","Up"
1.63970963301367,5.52937514724544,3.07572286040497,0.00256447607503024,0.00846937484865136,-2.55864594712616,"SOX5","6660","SRY-box 5","Up"
1.07696573678869,5.84841662464355,3.07430106747445,0.00257588081972021,0.00850188936520143,-2.56272310705406,"CLEC14A","161198","C-type lectin domain family 14 member A","Up"
1.5038156244478,4.93045741395391,3.07353156348155,0.00258207285592957,0.00851905204956841,-2.56492907292985,"ACADL","33","acyl-CoA dehydrogenase, long chain","Up"
-1.31931681175096,6.34719036934959,-3.07315052613065,0.00258514407737253,0.00852637282492453,-2.56602123062623,"WHRN","25861","whirlin","Down"
-1.14815665168002,6.57760610277024,-3.07216581531432,0.00259309665931617,0.00854978326679938,-2.56884314129609,"LOC102724851","102724851","uncharacterized LOC102724851","Down"
1.00018816231005,5.69632076189976,3.07180105106874,0.00259604825580534,0.00855810470487681,-2.56988825739259,"SIRT6","51548","sirtuin 6","Up"
1.45561926540577,9.52038095952615,3.07143415325538,0.00259902025123343,0.00856649063697318,-2.57093937855045,"OCIAD2","132299","OCIA domain containing 2","Up"
1.14063249299941,10.7808695458906,3.07138037149767,0.0025994561658852,0.0085665161441056,-2.57109344816226,"LRP10","26020","LDL receptor related protein 10","Up"
1.63148557456265,7.49800930250757,3.07083276003573,0.00260389854563819,0.00857833001853832,-2.57266206850123,"ITGA5","3678","integrin subunit alpha 5","Up"
-1.47453794130329,7.04925729894183,-3.06737694377619,0.00263209547400165,0.00866551491662842,-2.58255560647492,"STARD4","134429","StAR related lipid transfer domain containing 4","Down"
-2.08001021601329,6.08171462378568,-3.06698076210762,0.00263534600433722,0.00867478899453353,-2.58368920713633,"GDAP1L1","78997","ganglioside induced differentiation associated protein 1 like 1","Down"
-1.09864761423794,10.2907029346492,-3.06611322710199,0.00264247679009744,0.00869540018741439,-2.58617105692743,"ABR","29","active BCR-related","Down"
1.26797432512367,5.78077691810834,3.06528895597173,0.00264926848959824,0.00871631551905805,-2.58852857566174,"CASP4","837","caspase 4","Up"
1.36054467895424,8.51718606125822,3.06509616168711,0.00265085937303651,0.00872011566529785,-2.58907991251981,"YBEY","54059","ybeY metallopeptidase (putative)","Up"
-2.43891658447298,7.17717390515243,-3.06498829080521,0.00265174987812351,0.0087216110162119,-2.58938837952242,"DPP10","57628","dipeptidyl peptidase like 10","Down"
1.36583481259408,4.20165440076071,3.06486117220055,0.00265279963372535,0.0087221959362273,-2.58975187518175,"C1GALT1C1L","728819","C1GALT1-specific chaperone 1 like","Up"
1.4667779790685,5.15257762614035,3.06247113605141,0.00267260841067141,0.00878443838874699,-2.59658376073274,"CCDC89","220388","coiled-coil domain containing 89","Up"
-1.1745134681004,11.5613139961593,-3.06075759804056,0.00268689439881049,0.00882414580384135,-2.60147905306801,"RGCC","28984","regulator of cell cycle","Down"
-1.17564452368219,4.4600717769813,-3.05904888838522,0.00270121040054742,0.00886442988347168,-2.60635819534197,"LIMK1","3984","LIM domain kinase 1","Down"
-1.6551831769522,9.22437813786728,-3.05847934500566,0.00270599782514644,0.00887814012589452,-2.60798397747358,"NGEF","25791","neuronal guanine nucleotide exchange factor","Down"
-2.58090770928285,9.37023271103302,-3.05724595631009,0.00271639224554696,0.00891078203913069,-2.6115038336737,"PCDH7","5099","protocadherin 7","Down"
-1.48172373956392,11.0987563537949,-3.05625102171961,0.00272480396598684,0.00893251727797784,-2.61434229354881,"PPP2R2B","5521","protein phosphatase 2 regulatory subunit Bbeta","Down"
-1.40553699613616,5.66092710189994,-3.05588934398363,0.00272786774910564,0.00894090571399293,-2.61537393012825,"MEIS3","56917","Meis homeobox 3","Down"
1.02464136174484,3.80024785531888,3.05229218075341,0.00275851320832091,0.0090256177690422,-2.62562860634586,"DLGAP1-AS2","84777","DLGAP1 antisense RNA 2","Up"
2.10834165727067,6.60610587352408,3.0522800469145,0.00275861711689374,0.0090256177690422,-2.62566317943535,"NFATC1","4772","nuclear factor of activated T-cells 1","Up"
1.50449460443746,11.958952186389,3.05067483873855,0.00277239530896967,0.00906624925573001,-2.63023587048284,"WLS","79971","wntless Wnt ligand secretion mediator","Up"
2.2669169733092,4.52323843435107,3.05005021430913,0.00277777389389177,0.0090803679406129,-2.63201465062261,"RIBC1","158787","RIB43A domain with coiled-coils 1","Up"
1.63409343692511,6.2665428709113,3.04932191057345,0.00278405742625606,0.00909695197241629,-2.63408828685355,"RBM47","54502","RNA binding motif protein 47","Up"
1.05933011632571,7.28543236317716,3.04671480069238,0.0028066584020777,0.00916481388124181,-2.64150777546801,"P2RX4","5025","purinergic receptor P2X 4","Up"
1.2639583956117,7.04123806967124,3.04565819603621,0.00281586625743212,0.00919038111132863,-2.64451316925439,"KDM6B","23135","lysine demethylase 6B","Up"
1.4359649680023,6.42540535553876,3.04284820647463,0.00284049007360999,0.00925866485870235,-2.6525014826699,"B3GNT9","84752","UDP-GlcNAc:betaGal beta-1,3-N-acetylglucosaminyltransferase 9","Up"
-2.43596521006227,5.09896003905521,-3.04181993396603,0.00284955037877546,0.00928668422025746,-2.65542308904038,"BRINP2","57795","BMP/retinoic acid inducible neural specific 2","Down"
-1.19217526620158,7.55871679387775,-3.0409664421865,0.00285709092204307,0.00930974235786901,-2.65784744618634,"DCUN1D2","55208","defective in cullin neddylation 1 domain containing 2","Down"
1.59113046327863,6.98577568807858,3.03673773981137,0.00289472381529287,0.00942622711141999,-2.66985045827026,"CTSS","1520","cathepsin S","Up"
1.32616886493556,4.92648823420118,3.03573626317878,0.00290370313545651,0.00945392817430079,-2.67269099451636,"SAXO2","283726","stabilizer of axonemal microtubules 2","Up"
2.61845774957423,5.50738329620201,3.03110057250681,0.00294560312819936,0.00957476552167094,-2.68582885794151,"TRPM8","79054","transient receptor potential cation channel subfamily M member 8","Up"
-1.98019179301256,4.03623558238988,-3.02934687000514,0.00296159907621788,0.0096236337043838,-2.69079443719761,"GPRIN1","114787","G protein regulated inducer of neurite outgrowth 1","Down"
2.17275148448593,5.36870261604207,3.02888268840837,0.00296584638965641,0.00963587020426367,-2.6921083429792,"DNAH5","1767","dynein axonemal heavy chain 5","Up"
1.6822090223716,3.55446367027882,3.02794881810059,0.0029744084466912,0.0096621188168454,-2.6947512144543,"ABCB4","5244","ATP binding cassette subfamily B member 4","Up"
-1.21993365012269,6.75331160431799,-3.02702694846954,0.0029828828486228,0.00968434898002062,-2.6973594312684,"LOC100129550","100129550","uncharacterized LOC100129550","Down"
1.54551494116331,5.18024215276947,3.02419421736277,0.00300906272537521,0.00976517728249502,-2.70536968220707,"RNF32","140545","ring finger protein 32","Up"
1.3256075127307,7.90868773216237,3.02301958886648,0.00301998061182855,0.00979584178029408,-2.70868932979415,"HSD17B8","7923","hydroxysteroid 17-beta dehydrogenase 8","Up"
1.56211968433373,6.47627491166189,3.02200947084918,0.00302939863494005,0.00982479793957619,-2.71154315618003,"STEAP1","26872","six transmembrane epithelial antigen of the prostate 1","Up"
-1.71797072252164,7.23931542331988,-3.02020136747976,0.00304632452572988,0.00987396047570758,-2.71664941865749,"DISP2","85455","dispatched RND transporter family member 2","Down"
2.69977697525128,8.13405880823266,3.02011226134949,0.00304716091148804,0.00987440044641096,-2.71690099466852,"CP","1356","ceruloplasmin (ferroxidase)","Up"
1.94597417467113,8.84329791416142,3.01928793773299,0.00305490839473693,0.00989309683611229,-2.71922802712645,"DPYD","1806","dihydropyrimidine dehydrogenase","Up"
2.4267461879806,6.03404739240089,3.01775355032203,0.0030693778974688,0.00993352371314432,-2.72355807430387,"HSPA6","3310","heat shock protein family A (Hsp70) member 6","Up"
1.59235445698468,5.45728032679095,3.01688365519817,0.00307760919565197,0.00995694165223303,-2.7260120738904,"ACOX2","8309","acyl-CoA oxidase 2","Up"
1.02271694433011,10.1896000641586,3.01528132295545,0.00309282443162297,0.0100013154038275,-2.73053069394826,"SNHG1","23642","small nucleolar RNA host gene 1","Up"
-1.4218415392791,9.62401757977012,-3.01477852382495,0.00309761313559496,0.0100151819657156,-2.7319481718358,"MYRIP","25924","myosin VIIA and Rab interacting protein","Down"
1.23075832938823,5.55093537891272,3.01370071926475,0.0031079012947407,0.0100435763533964,-2.73498599879314,"DCAF15","90379","DDB1 and CUL4 associated factor 15","Up"
-1.66589485421407,6.82509950100024,-3.01238374934574,0.00312051518278051,0.0100778284522824,-2.73869664182136,"CACNA2D2","9254","calcium voltage-gated channel auxiliary subunit alpha2delta 2","Down"
-1.89662364080848,5.83315099710432,-3.01160947806587,0.00312795314699282,0.0100958797034756,-2.7408775415041,"DOCK5","80005","dedicator of cytokinesis 5","Down"
1.23669960993168,9.10670898418763,3.01159180929714,0.00312812307101739,0.0100958797034756,-2.74092730367106,"ZNF43","7594","zinc finger protein 43","Up"
1.0031709480593,6.41254336832438,3.00918883722055,0.00315131239889554,0.0101608875366161,-2.74769265315751,"DUBR","344595","DPPA2 upstream binding RNA","Up"
1.04340062352091,4.48972343073864,3.00865536923111,0.00315648196513057,0.0101759159968365,-2.74919394808263,"CENPI","2491","centromere protein I","Up"
1.06000627028126,8.05514575390461,3.00832187212011,0.00315971768679797,0.0101847062606359,-2.75013236411965,"GIMAP6","474344","GTPase, IMAP family member 6","Up"
2.51591208202294,6.28211271575793,3.0075007719197,0.0031676973677418,0.0102071382245789,-2.75244244487882,"CFAP43","80217","cilia and flagella associated protein 43","Up"
-1.46507583071072,7.48588955468757,-3.00681561267863,0.00317437015397738,0.0102236998825862,-2.75436965081614,"RASSF5","83593","Ras association domain family member 5","Down"
1.3360416335975,5.4423811405484,3.00650710931679,0.00317737890698698,0.010230096522705,-2.75523728012781,"CASC10","399726","cancer susceptibility candidate 10","Up"
-1.26848159724399,9.7539310362029,-3.00319959390284,0.00320980186517039,0.0103245186360874,-2.76453442054142,"NAT8L","339983","N-acetyltransferase 8 like","Down"
-2.03689180599349,6.52206362131592,-3.00278257956999,0.0032139113609375,0.0103277745901504,-2.76570598104134,"RPRM","56475","reprimo, TP53 dependent G2 arrest mediator candidate","Down"
1.1881445335309,11.0446768810423,3.00254309349259,0.00321627358456864,0.010333705734136,-2.76637872961039,"SETSIP","646817","SET-like protein","Up"
1.12057134024858,5.91654610097225,3.00165919507046,0.00322500597298951,0.0103584354634133,-2.76886131566092,"HLA-DRB6","3128","major histocompatibility complex, class II, DR beta 6 (pseudogene)","Up"
1.65891473053662,7.05658388748592,3.00140102655564,0.00322756064459486,0.0103633134033717,-2.76958630810256,"DSC2","1824","desmocollin 2","Up"
2.34404412580144,5.61899374973373,2.99936780486354,0.00324774540478194,0.0104197630393637,-2.77529413672538,"CDKN2B","1030","cyclin dependent kinase inhibitor 2B","Up"
1.42274426055515,8.99445508176118,2.99895744185264,0.0032518333586602,0.0104294899092013,-2.77644573432003,"LOC102724250","102724250","neuroblastoma breakpoint family member 1","Up"
-1.24502604401401,7.67114536633059,-2.99892426101872,0.00325216410661359,0.0104294899092013,-2.77653884337952,"DEPTOR","64798","DEP domain containing MTOR-interacting protein","Down"
1.03418083066093,11.5385685797298,2.99890651044569,0.0032523410578051,0.0104294899092013,-2.77658865306703,"PALLD","23022","palladin, cytoskeletal associated protein","Up"
1.15524183499414,8.20722574873911,2.99836171225191,0.00325777633756721,0.0104421513951678,-2.77811728071441,"C12orf75","387882","chromosome 12 open reading frame 75","Up"
-1.07428033269777,7.90001115700692,-2.99787630268044,0.00326262616708497,0.0104540938060328,-2.77947906892147,"ANKRD37","353322","ankyrin repeat domain 37","Down"
2.06572614588961,10.2854057529291,2.99623318255553,0.00327909235445542,0.0105051722554987,-2.7840873247367,"EIF5A","1984","eukaryotic translation initiation factor 5A","Up"
1.45223436089296,4.79418034977586,2.99373171926331,0.00330430734245549,0.0105791769883993,-2.79109865407346,"IFNLR1","163702","interferon lambda receptor 1","Up"
-1.01438091652164,10.0120557344205,-2.99268757250682,0.00331488519687815,0.0106096477577893,-2.79402377814241,"ALDH6A1","4329","aldehyde dehydrogenase 6 family member A1","Down"
-1.36847057735937,9.32582710738544,-2.99104063002,0.00333163318049949,0.010653026217397,-2.79863580088348,"SH3KBP1","30011","SH3 domain containing kinase binding protein 1","Down"
-1.96647304244129,6.08356896857503,-2.98982770752115,0.00334401736658461,0.0106875008711275,-2.80203100248506,"CNIH3","149111","cornichon family AMPA receptor auxiliary protein 3","Down"
1.04075399141893,3.6799080332445,2.9884655091515,0.00335797624083471,0.0107235483879298,-2.80584262825685,"DENND2D","79961","DENN domain containing 2D","Up"
1.48680764499638,3.02522218952751,2.98788282082421,0.00336396360587824,0.0107375271000009,-2.80747261225437,"GLB1L2","89944","galactosidase beta 1 like 2","Up"
1.45038157776436,5.40161011910627,2.98761328664282,0.00336673650699841,0.0107446637893631,-2.80822650056993,"ACTG2","72","actin, gamma 2, smooth muscle, enteric","Up"
-1.6034048769407,5.11817674945988,-2.98724221048398,0.00337055749168775,0.0107551425416582,-2.80926430548646,"CYS1","192668","cystin 1","Down"
1.30243151003043,7.90451803661083,2.98611096704195,0.00338223061084777,0.0107889489526836,-2.81242741161624,"VAMP5","10791","vesicle associated membrane protein 5","Up"
-1.07041175918252,8.73445745178604,-2.98461284076922,0.00339774684718348,0.0108298106056396,-2.8166147667774,"NMRK1","54981","nicotinamide riboside kinase 1","Down"
-2.367880422529,5.4924324409316,-2.98371278956943,0.00340710026120686,0.0108570824527017,-2.81912958631024,"LOC101926951","101926951","uncharacterized LOC101926951","Down"
1.44271714457422,9.43091315540556,2.98092580284166,0.00343621348673814,0.0109358808945042,-2.82691247855903,"ANXA4","307","annexin A4","Up"
1.54578569684444,7.30319312330911,2.98089930457126,0.00343649138720187,0.0109358808945042,-2.8269864468114,"CAPG","822","capping actin protein, gelsolin like","Up"
1.4668746096186,4.11331069655911,2.97356132511824,0.00351424972262962,0.0111602530477224,-2.84744792855992,"NCAPH","23397","non-SMC condensin I complex subunit H","Up"
-1.98374674088922,5.69140543456953,-2.97346523408514,0.00351527862893831,0.0111617488540182,-2.84771558094876,"ACKR1","2532","atypical chemokine receptor 1 (Duffy blood group)","Down"
-1.76978736987049,8.90820189944734,-2.97321441644428,0.00351796559570367,0.0111685080408193,-2.8484141740275,"LDB2","9079","LIM domain binding 2","Down"
1.36763693404885,8.63851143239249,2.97304082652417,0.00351982634187258,0.01117264249117,-2.84889763754921,"CRTAP","10491","cartilage associated protein","Up"
1.16461040931486,7.19164086376266,2.97233312916364,0.00352742167494129,0.0111949754839071,-2.85086838387894,"ZSCAN2","54993","zinc finger and SCAN domain containing 2","Up"
1.05446434801479,12.2539393696967,2.97145921499199,0.00353682173929972,0.0112212484202616,-2.85330143538327,"CETN2","1069","centrin 2","Up"
1.24164708225042,4.18495086438929,2.97132090659719,0.0035383115343867,0.0112241951591049,-2.8536864406241,"DNAH14","127602","dynein axonemal heavy chain 14","Up"
1.36491708035069,3.98828179209432,2.96818937088596,0.00357219798151255,0.0113227130887392,-2.86239943160154,"LOXL1-AS1","100287616","LOXL1 antisense RNA 1","Up"
-1.19078737511019,6.75469142186888,-2.96799976287997,0.00357425929364358,0.0113274521919733,-2.86292672818808,"SLC16A6","9120","solute carrier family 16 member 6","Down"
1.29265303882538,4.99029330370793,2.96599652515121,0.00359610434461015,0.0113894664591761,-2.86849590456561,"KYNU","8942","kynureninase","Up"
3.49325021918672,6.53854836041065,2.96468895498651,0.00361042942370116,0.0114276002974196,-2.87212929677074,"PAX3","5077","paired box 3","Up"
-1.46918835960671,3.31870676149243,-2.96299357033821,0.00362908137439021,0.0114811877067402,-2.87683824402917,"KHDRBS2","202559","KH RNA binding domain containing, signal transduction associated 2","Down"
-2.22926007189606,8.24039805391426,-2.96186805698233,0.00364151274444898,0.011510224861828,-2.87996307151583,"SEL1L2","80343","SEL1L2 ERAD E3 ligase adaptor subunit","Down"
-1.06971433716732,8.88406109635651,-2.96109759071771,0.00365004517006742,0.0115347423341556,-2.88210156460943,"MIR6883","102465532","microRNA 6883","Down"
-1.17328103207896,8.53856068428929,-2.95908382251483,0.00367243330446884,0.0115999957566322,-2.88768865470893,"SDPR","8436","serum deprivation response","Down"
3.14676334695982,7.20630026179106,2.95858555403315,0.00367799227970393,0.0116157208429418,-2.88907056198003,"CHI3L2","1117","chitinase 3 like 2","Up"
-1.54587131535319,4.47547831996556,-2.95601014595726,0.00370684862899836,0.0116976215331814,-2.89621001220954,"PLA2G5","5322","phospholipase A2 group V","Down"
1.04296757887718,8.72955290348177,2.95349083527514,0.0037352777535514,0.0117817597375537,-2.90318870396235,"TPM4","7171","tropomyosin 4","Up"
1.51133580344273,3.94721168678899,2.95343421179223,0.0037359190180502,0.0117819249360231,-2.90334549588647,"CEP128","145508","centrosomal protein 128","Up"
-1.48900642091507,9.22977327583325,-2.95310391214375,0.00373966170034897,0.0117918694466323,-2.90426005209524,"KCND3","3752","potassium voltage-gated channel subfamily D member 3","Down"
1.18270771234115,5.76915550589698,2.95242808559231,0.00374733035413788,0.0118123268308235,-2.90613104867012,"LOC401261","401261","uncharacterized LOC401261","Up"
2.13598430479493,7.29923942340657,2.95159605598301,0.00375679131389423,0.0118328280568454,-2.9084339734921,"GPC4","2239","glypican 4","Up"
1.04338659326075,4.48742726904947,2.95005495541375,0.00377437311365637,0.0118825936876354,-2.9126979971431,"TMEM154","201799","transmembrane protein 154","Up"
1.77432461520052,6.20605108684675,2.94805587348596,0.0037972925529523,0.0119491085415094,-2.91822629956491,"C5AR1","728","complement component 5a receptor 1","Up"
-1.76930221530809,6.09641201852509,-2.9475451303596,0.00380316869840435,0.0119657172745677,-2.91963819454874,"CDH22","64405","cadherin 22","Down"
-1.28869510326154,11.5918456624374,-2.94423702999291,0.0038414315436704,0.0120652309096097,-2.92877791435468,"MT1E","4493","metallothionein 1E","Down"
1.05771605607304,10.7137071633285,2.94339715017303,0.00385120209490063,0.0120902244331833,-2.93109693333914,"ADGRA3","166647","adhesion G protein-coupled receptor A3","Up"
-1.7847575701171,7.68773151447095,-2.94297350687886,0.00385613911413808,0.0121019255304409,-2.93226644915373,"MAFK","7975","MAF bZIP transcription factor K","Down"
-1.9908276118311,11.5741761330266,-2.94289834847763,0.0038570155961727,0.0121027777654685,-2.93247391717134,"MT3","4504","metallothionein 3","Down"
-1.90619442578863,3.88127495463047,-2.9419890129457,0.00386763460105492,0.0121284898845307,-2.93498368958781,"DLX2","1746","distal-less homeobox 2","Down"
1.58706392734484,7.27851641880621,2.94078878176295,0.00388169175239703,0.0121612662999566,-2.93829529890453,"BACE2","25825","beta-site APP-cleaving enzyme 2","Up"
2.36464556163228,7.01858993832645,2.9405367610921,0.00388464938552833,0.0121684954213661,-2.93899051000965,"CXCL2","2920","C-X-C motif chemokine ligand 2","Up"
1.10222973394536,3.73506621647627,2.93988472978296,0.00389231102654769,0.0121867710028387,-2.94078892813795,"ARHGAP25","9938","Rho GTPase activating protein 25","Up"
1.03504866491525,8.6428855148468,2.93827648896062,0.00391126792912174,0.0122403781413951,-2.94522325245499,"PAGR1","79447","PAXIP1 associated glutamate rich protein 1","Up"
-1.39490390759165,4.38395183579651,-2.93060151812471,0.00400290936736555,0.0124881034949138,-2.96635587027737,"JAK3","3718","Janus kinase 3","Down"
1.0286481818073,4.28817293183426,2.92968208856842,0.00401401891786747,0.0125188583772057,-2.96888422922105,"TBX15","6913","T-box 15","Up"
-1.62430380927653,10.4460681467375,-2.9293713969672,0.00401777942918492,0.0125234058263347,-2.96973844987709,"NME7","29922","NME/NM23 family member 7","Down"
1.59805993572248,4.27806418245793,2.92865163082037,0.00402650368077152,0.0125420233766474,-2.97171708256734,"BTC","685","betacellulin","Up"
1.21501096941683,7.99192967780178,2.92839835990226,0.00402957770128065,0.0125439180129955,-2.97241322163174,"TRAF3IP2","10758","TRAF3 interacting protein 2","Up"
1.69859292839987,10.3618705471001,2.92635667889908,0.0040544369843722,0.0126095322161254,-2.97802305197894,"LOC100996809","100996809","HLA class II histocompatibility antigen, DRB1-10 beta chain-like","Up"
-1.84061813629757,7.84659975802982,-2.92586092101015,0.00406049448910626,0.012624446502494,-2.97938470616561,"LOC102725051","102725051","uncharacterized LOC102725051","Down"
-2.00701853389014,7.02451881132609,-2.9241094911341,0.0040819612407975,0.0126805502855424,-2.9841935873991,"ADORA1","134","adenosine A1 receptor","Down"
1.31293504490355,4.74299072595994,2.92383627664907,0.00408531932854941,0.0126878273527302,-2.98494352221327,"MMP19","4327","matrix metallopeptidase 19","Up"
2.21635914810407,4.69572975868598,2.92307575608058,0.00409468027175722,0.0127149259967479,-2.9870307199386,"SLPI","6590","secretory leukocyte peptidase inhibitor","Up"
2.06947912808639,5.20718843849905,2.9227766031827,0.00409836781845092,0.0127244017603581,-2.98785159483891,"FNDC1","84624","fibronectin type III domain containing 1","Up"
-2.16691752379829,5.72605237163183,-2.92145092275986,0.00411474570844107,0.0127712872151382,-2.99148837440066,"ZNF536","9745","zinc finger protein 536","Down"
1.85571223799,4.09281405929219,2.92114680416918,0.00411851135191094,0.0127809921851531,-2.99232246863437,"CXCL10","3627","C-X-C motif chemokine ligand 10","Up"
1.97592479092544,5.17488961162876,2.92094156096709,0.00412105449268287,0.0127829360054428,-2.99288533824223,"RPE65","6121","RPE65, retinoid isomerohydrolase","Up"
1.68523403632945,6.02305631797994,2.92052661490747,0.00412620043711496,0.0127955718030086,-2.99402320213704,"PRR5L","79899","proline rich 5 like","Up"
-1.29076478982663,2.93260215704479,-2.91972827956314,0.00413611757019989,0.0128197218012377,-2.99621199712286,"KANK4","163782","KN motif and ankyrin repeat domains 4","Down"
-1.42399155510658,10.8369690452526,-2.91784124168657,0.00415964589403076,0.0128886534616499,-3.00138360444617,"CSRNP3","80034","cysteine and serine rich nuclear protein 3","Down"
-1.03166765232795,3.22026438217349,-2.91717111137407,0.00416803085509818,0.0129126344561705,-3.00321945632697,"GSTM5","2949","glutathione S-transferase mu 5","Down"
3.57985613259264,5.49294663278959,2.91614064089102,0.00418095482056843,0.0129486630178193,-3.00604175595397,"FAM81B","153643","family with sequence similarity 81 member B","Up"
2.28111233341683,4.47286260495799,2.91481460663996,0.00419763980381771,0.0129882739800465,-3.00967227469704,"DRC1","92749","dynein regulatory complex subunit 1","Up"
1.85506709795595,8.47718327558876,2.91472530642221,0.00419876562750659,0.0129889421757697,-3.00991671575637,"CCDC80","151887","coiled-coil domain containing 80","Up"
-1.80130142263169,6.73055724045515,-2.91425794217303,0.0042046622928467,0.0129979936545964,-3.01119592272244,"ANGPTL4","51129","angiopoietin like 4","Down"
1.02446379279796,7.04215278589982,2.91385286425734,0.00420977924735559,0.0130097394812857,-3.01230450256001,"PROCR","10544","protein C receptor","Up"
1.16263301818921,8.50359060276319,2.91158233208164,0.00423856659924995,0.0130926357806382,-3.0185157873158,"FBXO16","157574","F-box protein 16","Up"
1.33782164306121,10.4946070438409,2.91104975289393,0.00424534510054718,0.0131095260729507,-3.01997210095601,"ARRDC4","91947","arrestin domain containing 4","Up"
1.77900643684563,6.44714274987882,2.91026002815815,0.00425541478032225,0.0131304878948037,-3.02213113791017,"PLEKHH2","130271","pleckstrin homology, MyTH4 and FERM domain containing H2","Up"
-1.93443138446412,8.88371529301959,-2.90883444287836,0.00427364773715056,0.0131786174903162,-3.02602726168155,"LOC100506718","100506718","uncharacterized LOC100506718","Down"
-1.72133252647443,9.65424925294817,-2.9033502595852,0.00434445952059312,0.0133804805462602,-3.04099993738553,"ASTN1","460","astrotactin 1","Down"
-2.10051311319204,6.93465455236799,-2.90301187203515,0.00434886383167186,0.0133919837894811,-3.04192297710595,"BCAS1","8537","breast carcinoma amplified sequence 1","Down"
1.22983541591473,8.55092593712917,2.90164050080113,0.00436675498359763,0.0134408718395135,-3.04566278196578,"FZD1","8321","frizzled class receptor 1","Up"
1.88998237919487,5.60210853334106,2.89874557148429,0.00440474457775475,0.0135432188054617,-3.05355232679767,"RCOR2","283248","REST corepressor 2","Up"
1.43539819085128,7.02028833732355,2.89439025706915,0.00446246968173678,0.0137017542852222,-3.06540884558166,"LAYN","143903","layilin","Up"
1.24483108911196,4.65371739651793,2.89418655337478,0.00446518645955534,0.0137058891525504,-3.06596300754798,"CDC25A","993","cell division cycle 25A","Up"
-1.50678585639027,6.08756042637183,-2.89223944740796,0.00449123144903995,0.0137731556715117,-3.07125824957341,"MAGEL2","54551","MAGE family member L2","Down"
1.52429241318816,4.99027659874509,2.88893005052909,0.00453581844515135,0.013901366365218,-3.0802511291517,"ITGBL1","9358","integrin subunit beta like 1","Up"
-1.18733652992637,9.06092358900592,-2.88859367137788,0.0045403730669501,0.0139120593828949,-3.08116469233034,"HDAC9","9734","histone deacetylase 9","Down"
-1.01961432683708,4.9370749253845,-2.88747389621524,0.00455556519733563,0.0139533363293163,-3.0842051871526,"TMEM110-MUSTN1","100526772","TMEM110-MUSTN1 readthrough","Down"
-1.04423073637397,10.3932962698871,-2.88709859272425,0.00456066739981458,0.0139668257566341,-3.08522400692525,"ARHGEF2","9181","Rho/Rac guanine nucleotide exchange factor 2","Down"
-1.23157167143708,8.62139471583148,-2.88623759374877,0.00457239236114678,0.0139963056868824,-3.08756088348526,"MAP3K5","4217","mitogen-activated protein kinase kinase kinase 5","Down"
-1.97119152545411,6.52117229037118,-2.88568436395318,0.00457994073383079,0.014012979700528,-3.08906210681028,"STXBP5L","9515","syntaxin binding protein 5 like","Down"
-1.36282546038771,7.8597381699132,-2.88390981024476,0.00460423019641453,0.0140786846308521,-3.09387576331424,"FAM50B","26240","family with sequence similarity 50 member B","Down"
1.62692277131413,8.2256709073058,2.88366152615491,0.00460763801649304,0.0140869519859377,-3.0945490517162,"SYNE3","161176","spectrin repeat containing nuclear envelope family member 3","Up"
1.04417411966746,7.71036231850426,2.88202140705514,0.00463020756151939,0.0141516288853221,-3.09899539256436,"SZRD1","26099","SUZ RNA binding domain containing 1","Up"
1.669437261238,3.1823944224929,2.88194713983403,0.00463123193937444,0.0141525977411126,-3.09919667743331,"CRB2","286204","crumbs 2, cell polarity complex component","Up"
-1.27964980457541,8.2585190108342,-2.88058519371031,0.00465005429709338,0.0142057774197507,-3.10288712329433,"ARMCX4","100131755","armadillo repeat containing, X-linked 4","Down"
-1.86355003034412,8.14688613733645,-2.88042181976118,0.00465231685725492,0.0142105195974197,-3.10332971242739,"MOB3B","79817","MOB kinase activator 3B","Down"
-1.1693242578077,9.89221556816124,-2.88035265233605,0.00465327505832496,0.0142112767656705,-3.10351708419398,"NFASC","23114","neurofascin","Down"
-1.24493941391263,3.34754069896858,-2.87971957572724,0.00466205369780172,0.0142315697790539,-3.10523187959123,"CBLN3","643866","cerebellin 3 precursor","Down"
1.177241894357,7.93134737151894,2.87846010262172,0.00467956347007483,0.0142764479916514,-3.10864239160909,"EOGT","285203","EGF domain specific O-linked N-acetylglucosamine transferase","Up"
-1.00065843684984,3.76695406984047,-2.87845680219339,0.00467960943316089,0.0142764479916514,-3.10865132707752,"SHPK","23729","sedoheptulokinase","Down"
-2.01419887846634,8.38405815057911,-2.87485994925032,0.00472994712724258,0.0144168269614172,-3.11838397517723,"GRIA1","2890","glutamate ionotropic receptor AMPA type subunit 1","Down"
-1.41607828693491,10.2806116650722,-2.8746698214696,0.00473262169851881,0.0144227817703375,-3.11889814036589,"LOC100507855","100507855","adenylate kinase 4, mitochondrial-like","Down"
-2.16335477170217,7.42132033848757,-2.87448891188883,0.00473516788093176,0.014423950029507,-3.11938734890519,"SLCO1C1","53919","solute carrier organic anion transporter family member 1C1","Down"
1.04797515355437,4.05348186411373,2.87402745066477,0.00474166832325921,0.0144349601557284,-3.1206350915877,"APOBEC3F","200316","apolipoprotein B mRNA editing enzyme catalytic subunit 3F","Up"
-1.31759938773373,3.1283546951426,-2.87387588172168,0.00474380520379808,0.0144392683268505,-3.12104487968371,"ZNF702P","79986","zinc finger protein 702, pseudogene","Down"
1.2819935793096,11.1333999166538,2.87351537895018,0.00474889126158619,0.0144507825370476,-3.12201947365606,"HLA-DRB1","3123","major histocompatibility complex, class II, DR beta 1","Up"
1.02023325080552,9.51495178611965,2.87350536601648,0.00474903259764521,0.0144507825370476,-3.12204654138683,"DCHS1","8642","dachsous cadherin-related 1","Up"
-1.71657312222242,7.81238082283237,-2.87327113772985,0.00475233991082534,0.0144569633631431,-3.12267970161693,"KCNF1","3754","potassium voltage-gated channel modifier subfamily F member 1","Down"
-1.31696714417897,8.90167826552355,-2.87270092133219,0.00476040020829604,0.0144765658865145,-3.12422090713915,"HIST2H2BE","8349","histone cluster 2, H2be","Down"
-1.39720724587587,6.22615541139456,-2.87166508108453,0.00477507436325153,0.0145167775088244,-3.12701993312851,"LACC1","144811","laccase domain containing 1","Down"
1.14483538026587,8.19570049656296,2.87068010141998,0.00478906640671323,0.0145526809840692,-3.12968070168559,"C20orf27","54976","chromosome 20 open reading frame 27","Up"
-1.26695199723432,9.02121298932817,-2.87026859917494,0.00479492307457136,0.0145664447177641,-3.13079207302501,"UBE2E2","7325","ubiquitin conjugating enzyme E2 E2","Down"
2.88593103228823,5.48167257926828,2.87010897820564,0.00479719662976166,0.0145707473769002,-3.13122313423685,"MIR675","100033819","microRNA 675","Up"
1.00256643088744,3.61131310217799,2.86628907232525,0.00485190057125819,0.0147145633968717,-3.14153261672724,"UBL7-AS1","440288","UBL7 antisense RNA 1 (head to head)","Up"
2.5470008201236,8.89480886472012,2.86520481252072,0.00486753169270883,0.0147530232655697,-3.14445670811331,"LOC101928916","101928916","uncharacterized LOC101928916","Up"
-1.10400687278317,2.56237911923716,-2.86505754616352,0.00486965829453849,0.0147572331867361,-3.14485378906181,"GALNT6","11226","polypeptide N-acetylgalactosaminyltransferase 6","Down"
-1.50670163758712,6.52818020086568,-2.86487146441598,0.00487234662655716,0.0147631438675646,-3.14535550403438,"STOX1","219736","storkhead box 1","Down"
1.38067735954312,7.9260322038326,2.86445435761165,0.00487837752390868,0.0147791791521564,-3.1464800063353,"ARAP3","64411","ArfGAP with RhoGAP domain, ankyrin repeat and PH domain 3","Up"
1.11764199382064,4.01102188821846,2.86279349993499,0.00490245948647964,0.0148453923030117,-3.15095617992614,"BRCA2","675","BRCA2, DNA repair associated","Up"
1.35350790178928,9.29949301408136,2.8624598268786,0.00490731075422071,0.0148578338770723,-3.15185518590203,"TNFRSF1A","7132","TNF receptor superfamily member 1A","Up"
1.25108279465759,5.23255793780071,2.86197815720945,0.00491432149040645,0.0148768089058196,-3.15315277242505,"CCDC160","347475","coiled-coil domain containing 160","Up"
3.2674469535568,10.7305065522851,2.8611664496295,0.00492615669050208,0.0149081253829792,-3.15533902479656,"INS-IGF2","723961","INS-IGF2 readthrough","Up"
-1.72647000328482,6.63414604358272,-2.86017922197244,0.00494058622883639,0.0149450118960281,-3.15799728741274,"PDE10A","10846","phosphodiesterase 10A","Down"
-1.08370045753846,2.9364821789503,-2.85860111003804,0.00496373259842782,0.0150127585936123,-3.1622449204866,"TACR1","6869","tachykinin receptor 1","Down"
-2.71689435623202,4.95927689088231,-2.85631582152527,0.00499742710002599,0.0151055331606315,-3.16839232716169,"PYGM","5837","phosphorylase, glycogen, muscle","Down"
2.11774530494228,5.43362720422911,2.85547299158663,0.00500990658065302,0.0151341085549034,-3.17065844025599,"RSPH4A","345895","radial spoke head 4 homolog A","Up"
1.52482022708803,4.44472380972598,2.85404648533689,0.00503109331530129,0.0151866451356718,-3.1744925398102,"IL1B","3553","interleukin 1 beta","Up"
-1.63022269000645,10.4782295827279,-2.85337461726917,0.00504110038474443,0.0152145565541683,-3.17629777240809,"ATP1B2","482","ATPase Na+/K+ transporting subunit beta 2","Down"
-2.31494107382985,8.92200160322,-2.85289584626866,0.00504824249467152,0.0152292200830659,-3.17758394695486,"FGFR2","2263","fibroblast growth factor receptor 2","Down"
1.30490068923609,4.71205440280183,2.85243726462596,0.00505509210404201,0.0152475844603601,-3.17881570645958,"DNAH9","1770","dynein axonemal heavy chain 9","Up"
1.44341395377495,4.44493995695604,2.85191677146722,0.00506287675303559,0.0152687632194729,-3.18021355029304,"MAP3K7CL","56911","MAP3K7 C-terminal like","Up"
-1.1983044327357,3.80066973795089,-2.85149619107487,0.00506917508416499,0.0152808476584133,-3.18134290289805,"ASAH2B","653308","N-acylsphingosine amidohydrolase 2B","Down"
1.73254536930374,4.07211162991479,2.85060999156736,0.00508246967794342,0.0153140016335262,-3.1837220670461,"VMP1","81671","vacuole membrane protein 1","Up"
1.54087760394379,4.2251564231003,2.85041203971571,0.00508544366644696,0.0153183486050293,-3.18425341590061,"C6orf52","347744","chromosome 6 open reading frame 52","Up"
-1.52262194494142,6.81846682654858,-2.84915461845863,0.00510437209745832,0.0153649291594714,-3.18762786845311,"STX3","6809","syntaxin 3","Down"
1.08988427001545,3.15280033028077,2.84675161188751,0.00514072475169631,0.0154592635062661,-3.19407299934504,"POLQ","10721","DNA polymerase theta","Up"
2.02110460977942,8.46046099401509,2.84660946524505,0.0051428825414652,0.0154634281645768,-3.19445410238117,"EBF1","1879","early B-cell factor 1","Up"
2.01832627917054,7.94902891322805,2.84626451775502,0.00514812229673664,0.0154768569182284,-3.19537885603857,"FBLN5","10516","fibulin 5","Up"
1.4620710974543,3.62137249743018,2.84522014434911,0.00516401610884531,0.0155223062334237,-3.19817806607225,"ANKFN1","162282","ankyrin repeat and fibronectin type III domain containing 1","Up"
2.85107918278547,4.86597475722172,2.84450123135199,0.00517498295050521,0.0155529343384044,-3.20010442608073,"MAP3K19","80122","mitogen-activated protein kinase kinase kinase 19","Up"
1.55005597944707,6.50423815436509,2.84170818003383,0.00521779259986441,0.0156557253367557,-3.20758446307216,"ACTC1","70","actin, alpha, cardiac muscle 1","Up"
-1.21600601770835,6.38756716404,-2.84130872529518,0.00522394150879001,0.01567182452637,-3.20865370865492,"ABCB9","23457","ATP binding cassette subfamily B member 9","Down"
-1.28204206327443,7.8644923591613,-2.84067714852987,0.00523367704630313,0.0156986771612274,-3.21034401951201,"SH3GLB2","56904","SH3 domain containing GRB2 like endophilin B2","Down"
3.62808735996646,6.46440279610947,2.84053085734426,0.00523593443834279,0.0157030940350658,-3.21073549645498,"CFAP126","257177","cilia and flagella associated protein 126","Up"
2.53188234704438,5.00627989087367,2.83998057610815,0.00524443369692209,0.0157238700695819,-3.21220789640539,"IBSP","3381","integrin binding sialoprotein","Up"
1.54142212763806,5.74739182300799,2.83985684838695,0.00524634644402922,0.0157272480230286,-3.21253892284241,"SDC1","6382","syndecan 1","Up"
1.18139793587949,9.83813120052112,2.83653004201826,0.00529801626450022,0.0158652338048264,-3.22143483583403,"HIP1","3092","huntingtin interacting protein 1","Up"
1.03415933465805,9.61364009245438,2.8359055145673,0.00530776770621414,0.0158899459072612,-3.22310380342467,"IFT88","8100","intraflagellar transport 88","Up"
1.72014885908244,8.58152550115527,2.83373234350013,0.00534182779629461,0.0159751791809367,-3.22890879174439,"INHBB","3625","inhibin beta B subunit","Up"
1.0852071126088,10.4382226995586,2.8332643382386,0.00534918891968578,0.0159948023787406,-3.23015841674692,"NR2F2","7026","nuclear receptor subfamily 2 group F member 2","Up"
2.59608330161367,4.6339999349245,2.83313662570857,0.00535119928303944,0.0159984226024761,-3.23049939149009,"TKTL1","8277","transketolase like 1","Up"
1.06537810545358,9.87042343199639,2.83302497038022,0.00535295745038498,0.0160012878693937,-3.2307974846246,"RASSF8","11228","Ras association domain family member 8","Up"
2.48414686171781,6.05202266205609,2.83275253089166,0.00535724960131507,0.0160093342454833,-3.23152478968541,"SCUBE2","57758","signal peptide, CUB domain and EGF like domain containing 2","Up"
2.30479454665522,5.40933357574237,2.83268490493831,0.00535831550209235,0.0160101281735905,-3.23170531452228,"COL28A1","340267","collagen type XXVIII alpha 1 chain","Up"
1.11017609743123,5.69366929437272,2.83245315470959,0.00536196975211767,0.0160153724031323,-3.23232393385642,"LOC100996756","100996756","uncharacterized LOC100996756","Up"
2.39544806033806,5.50632641346994,2.83237056319812,0.00536327260963595,0.0160153724031323,-3.2325443875987,"LRP2BP","55805","LRP2 binding protein","Up"
-2.84046811273472,6.06976441654527,-2.83143839740552,0.00537799732302304,0.0160521546235599,-3.23503213678609,"SSTR1","6751","somatostatin receptor 1","Down"
-1.13843478084661,6.11191313924219,-2.83131151347898,0.00538000446467063,0.0160557501975933,-3.23537070672898,"MAPK12","6300","mitogen-activated protein kinase 12","Down"
1.5434601329211,8.61134704099941,2.83122292185693,0.00538140627661326,0.0160575384602836,-3.23560709170227,"AKAP13","11214","A-kinase anchoring protein 13","Up"
1.02627476124043,11.0580112550566,2.83025549879669,0.00539673583255415,0.0160960783843039,-3.23818799772155,"NPC2","10577","NPC intracellular cholesterol transporter 2","Up"
-1.02586466990013,4.74661591385556,-2.82965407969784,0.00540628587149403,0.0161221585081206,-3.23979208052515,"SNORD114-3","767579","small nucleolar RNA, C/D box 114-3","Down"
1.00543860670171,9.7377716077487,2.82934641448704,0.00541117730673076,0.0161319362801017,-3.24061255752298,"PXDC1","221749","PX domain containing 1","Up"
2.45712079570769,4.03550800741325,2.82776255478957,0.00543642242858753,0.0161975433400969,-3.24483512522224,"LOC101930373","101930373","hydrocephalus-inducing protein homolog","Up"
-1.72782726644675,5.76363783999734,-2.82723070303694,0.00544492370158968,0.0162204568936427,-3.2462525732996,"PLCH1","23007","phospholipase C eta 1","Down"
1.277295236857,5.29168225917899,2.82709268815568,0.00544713175468229,0.0162246188798465,-3.24662036089702,"PRDM1","639","PR/SET domain 1","Up"
1.94599616797784,4.10038142853035,2.82656168181517,0.00545563477187789,0.016246696855619,-3.24803526015894,"RASSF9","9182","Ras association domain family member 9","Up"
1.57131910013103,6.17354410517,2.82647773018728,0.00545698020041783,0.016246696855619,-3.24825893299466,"HLA-DOA","3111","major histocompatibility complex, class II, DO alpha","Up"
1.33495435297757,8.83117384536385,2.82406220297562,0.00549582202636841,0.0163501726812718,-3.25469212538451,"PQLC3","130814","PQ loop repeat containing 3","Up"
1.45154052556745,4.31317968604562,2.82269625848235,0.00551789807182189,0.0164122916511824,-3.25832785037607,"SLC25A53","401612","solute carrier family 25 member 53","Up"
-1.51494695600381,7.18751724432438,-2.81871339379161,0.00558273111378978,0.0165939238439448,-3.26892014727117,"GPR137C","283554","G protein-coupled receptor 137C","Down"
-1.0066592816595,9.04912990187627,-2.81521196257666,0.00564030091498892,0.0167476254684155,-3.27822117687123,"TMEM55A","55529","transmembrane protein 55A","Down"
1.05874789469085,9.36127827062296,2.81488311386452,0.00564573551358545,0.0167612747322012,-3.27909418979914,"WDR54","84058","WD repeat domain 54","Up"
1.38211065693168,6.5121161785397,2.81471332869531,0.00564854327655598,0.016767122453124,-3.27954489264435,"MSR1","4481","macrophage scavenger receptor 1","Up"
-2.89447880438732,7.64332939550822,-2.81422127019014,0.00565668772185505,0.0167884678006027,-3.28085094979268,"KCNJ16","3773","potassium voltage-gated channel subfamily J member 16","Down"
1.79129876740538,5.89964265760509,2.81387631819507,0.005662403680214,0.0167958058458179,-3.28176642595417,"LRRC46","90506","leucine rich repeat containing 46","Up"
1.55360928181564,6.82071922491337,2.81300183684643,0.00567691772411089,0.0168363612372201,-3.28408678815515,"PLXDC2","84898","plexin domain containing 2","Up"
1.4187522567213,6.41943687245272,2.81166027666569,0.00569925001991835,0.0168875733336058,-3.28764526570886,"APOBEC3G","60489","apolipoprotein B mRNA editing enzyme catalytic subunit 3G","Up"
-1.3659831933478,7.69173166526627,-2.81108640636741,0.00570882741279705,0.0169059369520175,-3.28916699396983,"MERTK","10461","MER proto-oncogene, tyrosine kinase","Down"
-1.33613158748679,10.8133618863968,-2.81087508110062,0.00571235794425773,0.0169138886178429,-3.28972729469556,"SPOCK2","9806","sparc/osteonectin, cwcv and kazal-like domains proteoglycan (testican) 2","Down"
-1.0329961632079,7.90281687814426,-2.80972254292407,0.00573164804750913,0.0169659835014817,-3.29278244059072,"LOC101928000","101928000","uncharacterized LOC101928000","Down"
1.89883090242149,6.69554252062491,2.8095887843959,0.00573389061685876,0.016970110883357,-3.29313693571277,"PLEKHA7","144100","pleckstrin homology domain containing A7","Up"
1.42643496214398,4.57830556196864,2.80865689483548,0.00574953672389037,0.017011384388476,-3.29560627306671,"IL18BP","10068","interleukin 18 binding protein","Up"
-1.17605675850632,11.9704210282141,-2.80735219149082,0.00577150768676073,0.0170713415566265,-3.29906228235378,"OGFRL1","79627","opioid growth factor receptor like 1","Down"
-1.11972675653465,8.0677154763839,-2.80657831283287,0.00578457581850702,0.0170998830379536,-3.30111152730003,"TPST2","8459","tyrosylprotein sulfotransferase 2","Down"
-1.68137958480217,7.19750480473367,-2.80393054526679,0.00582949185275661,0.0172138624293998,-3.3081190862201,"NR3C2","4306","nuclear receptor subfamily 3 group C member 2","Down"
-1.15140739509093,8.48403242436254,-2.80307971474988,0.0058439925040121,0.0172500380684229,-3.31036964528919,"NUP58","9818","nucleoporin 58","Down"
1.51931145178047,5.9989011024616,2.80269163222312,0.00585061748753364,0.0172670458877542,-3.31139597422885,"RFX2","5990","regulatory factor X2","Up"
1.00857378157633,8.82413882307373,2.80260966963032,0.00585201755229392,0.017268630555862,-3.31161271767161,"ARPC1B","10095","actin related protein 2/3 complex subunit 1B","Up"
1.01121117188192,5.18588214074639,2.80216915563151,0.00585954753880761,0.0172806556027305,-3.31277752525588,"ERV3-2","57612","endogenous retrovirus group 3 member 2","Up"
1.66143760090775,5.0805146373868,2.80059409156585,0.00588654344269914,0.0173474848516838,-3.31694098661803,"CDCA5","113130","cell division cycle associated 5","Up"
-1.25064432119632,9.49443263136118,-2.80022302157156,0.00589291990274871,0.0173611616101154,-3.31792155683264,"LDLRAD4","753","low density lipoprotein receptor class A domain containing 4","Down"
1.48799292689704,4.37556298000734,2.79821470126068,0.00592754025627892,0.0174513514383668,-3.32322664481002,"RGS9","8787","regulator of G-protein signaling 9","Up"
1.37664247665969,8.48057039659787,2.79819420954126,0.00592789445569755,0.0174513514383668,-3.32328075745363,"TMEM176A","55365","transmembrane protein 176A","Up"
4.03971314271538,6.31031693079118,2.79733600501266,0.00594274586086321,0.0174884836573432,-3.3255467100319,"XIST","7503","X inactive specific transcript (non-protein coding)","Up"
1.09670954087679,3.95200664883822,2.79731383746414,0.00594312992384046,0.0174884836573432,-3.32560523177065,"CISH","1154","cytokine inducible SH2 containing protein","Up"
-1.99993437513689,8.71484264967976,-2.79575507495005,0.00597019300709936,0.0175629541968882,-3.3297192944089,"ARAP2","116984","ArfGAP with RhoGAP domain, ankyrin repeat and PH domain 2","Down"
1.00788752425615,11.6079980581441,2.79544543524697,0.00597558229719383,0.0175684753886785,-3.33053628901283,"GSN","2934","gelsolin","Up"
1.66457650979993,3.52834797780278,2.79528251005438,0.00597841979622169,0.0175716534248578,-3.33096614037196,"CLEC5A","23601","C-type lectin domain family 5 member A","Up"
1.74740145894917,8.78223177392586,2.79380194961255,0.0060042615293906,0.0176393760609251,-3.33487133964286,"MIR21","406991","microRNA 21","Up"
1.97637126508442,6.3386062197458,2.79376042469029,0.00600498777182789,0.0176393760609251,-3.33498084142725,"CFAP206","154313","cilia and flagella associated protein 206","Up"
-1.38700037824214,9.65526772110515,-2.79346265175225,0.00601019796254543,0.0176494981119399,-3.33576603050886,"GPR155","151556","G protein-coupled receptor 155","Down"
1.77622589674253,7.73294419436355,2.79243167699837,0.00602826897136857,0.0176869889001571,-3.33848400656489,"CXCL16","58191","C-X-C motif chemokine ligand 16","Up"
2.0486521021572,4.16315820916337,2.78994431506129,0.00607207168781269,0.0177998444334166,-3.3450378242173,"CCDC81","60494","coiled-coil domain containing 81","Up"
2.18523664466396,5.0001622557603,2.78957109677767,0.00607866906943099,0.0178135316728337,-3.34602075108497,"WDR63","126820","WD repeat domain 63","Up"
-1.78261836360941,9.84275113781959,-2.78836358474644,0.00610005904447171,0.0178687966768295,-3.34920011911426,"MFAP3L","9848","microfibrillar associated protein 3 like","Down"
1.8677229058952,5.97415293030686,2.78745907593801,0.00611612649594236,0.0179079968980417,-3.35158088394304,"CEP170P1","645455","centrosomal protein 170 pseudogene 1","Up"
-1.58096482502591,6.10334777086959,-2.78740261546226,0.00611713072211542,0.0179083164116715,-3.35172947132914,"NOV","4856","nephroblastoma overexpressed","Down"
2.14667859758645,4.42704690957811,2.785668590334,0.00614804596501939,0.0179909252043503,-3.35629161803479,"ZNF474","133923","zinc finger protein 474","Up"
-1.61251660975266,10.2378586873546,-2.7850514627258,0.00615908278510654,0.0180205863237243,-3.35791464796397,"KAZN","23254","kazrin, periplakin interacting protein","Down"
1.91921025428796,5.73443367883018,2.7848578414601,0.00616254926031635,0.0180280922724301,-3.35842380132944,"BLM","641","Bloom syndrome RecQ like helicase","Up"
-1.79384516983196,9.85775476394355,-2.78385468638767,0.00618053760229635,0.0180701469836538,-3.36106123150579,"FAT3","120114","FAT atypical cadherin 3","Down"
1.1096334942526,4.2977733587368,2.78254907998879,0.00620402106422747,0.0181282093518328,-3.36449258633174,"MST1","4485","macrophage stimulating 1","Up"
1.52087482463813,3.5043119137471,2.77782337132381,0.00628970169074652,0.0183544430756659,-3.37690062480073,"SMIM5","643008","small integral membrane protein 5","Up"
1.12911592490453,8.26870832614544,2.77502832638583,0.00634088366951982,0.0184849278123391,-3.38423062572531,"ZNF516","9658","zinc finger protein 516","Up"
1.17767530959632,4.3339173453574,2.77391916406722,0.00636129917895233,0.0185390404476765,-3.38713758907398,"LEF1-AS1","641518","LEF1 antisense RNA 1","Up"
-1.46272212277621,5.19728501841858,-2.77375283115888,0.00636436589713206,0.0185425758706744,-3.38757343612668,"ACTR3B","57180","ARP3 actin related protein 3 homolog B","Down"
1.22948242410243,11.1730635711017,2.77087179569327,0.00641769820491533,0.018689794466629,-3.39511902162924,"ARHGEF6","9459","Rac/Cdc42 guanine nucleotide exchange factor 6","Up"
-1.44035444986924,7.35359120241237,-2.77077050754805,0.00641958058176033,0.0186925554794468,-3.39538417414688,"ARHGAP33","115703","Rho GTPase activating protein 33","Down"
2.11330987770809,4.15226723341124,2.77035915282381,0.00642723051804202,0.0187096323237913,-3.39646093186642,"C6orf118","168090","chromosome 6 open reading frame 118","Up"
-1.12245819759823,4.09124326155805,-2.76808442665254,0.00646968345173005,0.0188274846281837,-3.40241267059923,"CPLX3","594855","complexin 3","Down"
1.30938875624845,3.58926246822065,2.76606818121648,0.00650752556166183,0.0189321017757988,-3.40768447808063,"TLR8","51311","toll like receptor 8","Up"
1.75344528821558,4.04560311389817,2.76404948566714,0.00654561532936931,0.0190290796127131,-3.4129592773097,"ARMC2","84071","armadillo repeat containing 2","Up"
-1.78507338524209,9.12949057301053,-2.76319548102297,0.00656179009158458,0.0190677900308399,-3.41518974071892,"PADI2","11240","peptidyl arginine deiminase 2","Down"
2.96412915129881,4.93447560525947,2.76269343571711,0.00657131574291172,0.0190853730393402,-3.41650068192304,"ARMC3","219681","armadillo repeat containing 3","Up"
1.47058012875056,7.84645862784828,2.76112955172432,0.00660106907645549,0.0191637396805849,-3.42058294235609,"SVIL","6840","supervillin","Up"
1.17171000091367,10.1204694281353,2.75990698827305,0.00662441398013916,0.0192246374384456,-3.42377281307094,"NARR","100861437","nine-amino acid residue-repeats","Up"
1.19732842337679,7.02738401737757,2.75935255218765,0.00663502569212154,0.019252640902433,-3.42521901541186,"SPATA24","202051","spermatogenesis associated 24","Up"
1.13402596586101,4.4519678844613,2.75797134840271,0.00666152871797349,0.0193071425554825,-3.42882065368179,"HIST1H2AH","85235","histone cluster 1, H2ah","Up"
1.54864510960453,4.87666786609379,2.75573884419207,0.00670457044347851,0.0194206371597907,-3.43463876437466,"PLEKHG4B","153478","pleckstrin homology and RhoGEF domain containing G4B","Up"
1.27245583575582,7.48310473734828,2.75495386805468,0.00671976444000818,0.0194533826003825,-3.43668348999794,"CCDC151","115948","coiled-coil domain containing 151","Up"
-1.42874806316424,11.2946313266788,-2.75489043700024,0.00672099357761556,0.0194541259414575,-3.43684869421656,"CSRP1","1465","cysteine and glycine rich protein 1","Down"
-1.11419363148705,7.07186964348651,-2.75466443447331,0.00672537461199656,0.0194639910114589,-3.43743728334502,"MELTF","4241","melanotransferrin","Down"
2.68878354033518,4.39998069017089,2.75344060523291,0.00674914354450931,0.0195214854553994,-3.44062381512537,"C1orf158","93190","chromosome 1 open reading frame 158","Up"
1.39233044781302,3.9240841821755,2.75245822464587,0.00676827835200666,0.0195711728557013,-3.44318076766863,"SERPINI2","5276","serpin family I member 2","Up"
-1.19343475552439,5.08514004879195,-2.75108593256777,0.006795090432153,0.0196401869800759,-3.44675122982745,"SLC35E2B","728661","solute carrier family 35 member E2B","Down"
-1.28610029925287,10.5849643057961,-2.74945072156313,0.00682716553135058,0.0197243466838601,-3.45100369518314,"SORBS2","8470","sorbin and SH3 domain containing 2","Down"
1.08333590915417,7.01700793281864,2.74817041198822,0.00685237514317479,0.0197828960302306,-3.45433164980775,"LCP1","3936","lymphocyte cytosolic protein 1","Up"
1.53034675673774,3.98260614129355,2.74789545010922,0.00685780023532801,0.0197957018191037,-3.45504618842177,"IQUB","154865","IQ motif and ubiquitin domain containing","Up"
-1.67856379490428,7.58108134929858,-2.74755658438993,0.00686449154242698,0.0198121584375846,-3.45592670542837,"GULP1","51454","GULP, engulfment adaptor PTB domain containing 1","Down"
1.25934021170375,3.00381375182272,2.74670406683655,0.00688135176861447,0.0198522285269892,-3.45814148119572,"DPEP1","1800","dipeptidase 1 (renal)","Up"
1.46972163583359,3.74775028544432,2.74429036812403,0.00692929178007345,0.0199674982923707,-3.46440877372437,"TEKT2","27285","tektin 2","Up"
2.59048143538862,4.50409074950657,2.74363607948806,0.00694233920724603,0.0200022149365454,-3.46610682399174,"TEKT1","83659","tektin 1","Up"
-2.32541783406641,7.53302140581361,-2.74151719131567,0.00698474614869614,0.0201173804825638,-3.47160342301176,"VAT1L","57687","vesicle amine transport 1 like","Down"
-2.22416960133084,4.05306996766734,-2.74148823770674,0.00698532724608239,0.0201173804825638,-3.47167850530067,"CNTNAP5","129684","contactin associated protein like 5","Down"
-1.98959481179474,7.63622936700781,-2.74138145052079,0.00698747083898023,0.0201206576101723,-3.47195541896219,"ENPP5","59084","ectonucleotide pyrophosphatase/phosphodiesterase 5 (putative)","Down"
2.8587684533668,5.54459246856917,2.74031500856128,0.00700891087544993,0.0201788362378821,-3.47472032149522,"HOXA3","3200","homeobox A3","Up"
1.04726570268494,7.76908472058686,2.73970435461103,0.00702121451986302,0.0202061908657795,-3.47630309804989,"SHB","6461","SH2 domain containing adaptor protein B","Up"
1.47740480901545,4.74862527991686,2.73897040609792,0.0070360283033869,0.0202459108680946,-3.47820503126117,"RUNX3","864","runt related transcription factor 3","Up"
1.33688974796239,6.81433259906379,2.73438523563253,0.00712921844903211,0.0204904860666263,-3.49007665034936,"TRIB3","57761","tribbles pseudokinase 3","Up"
1.05718248149289,6.24712420183177,2.73269337335207,0.00716388642747842,0.0205795212032595,-3.49445263870513,"MAP3K8","1326","mitogen-activated protein kinase kinase kinase 8","Up"
1.62727283756529,4.70192133748982,2.73193044783776,0.00717956957066219,0.0206203916738786,-3.49642515111415,"SLC26A7","115111","solute carrier family 26 member 7","Up"
1.66727039896666,4.0606552893268,2.73093873224096,0.00720000245712236,0.0206701749403999,-3.4989884582175,"OAS2","4939","2'-5'-oligoadenylate synthetase 2","Up"
-1.22796002552387,7.99351007387763,-2.73026120212368,0.00721399234303779,0.0207043960417669,-3.50073920763433,"GRID1","2894","glutamate ionotropic receptor delta type subunit 1","Down"
2.06533274603675,7.02026017101,2.72826429901807,0.00725536880312891,0.020811206257233,-3.5058969903732,"TSPAN18","90139","tetraspanin 18","Up"
-3.25084208745326,7.74976591025065,-2.72735253284157,0.00727433243043871,0.0208566306872725,-3.50825086587402,"DDX3Y","8653","DEAD-box helicase 3, Y-linked","Down"
-3.38026401203012,7.07912431717941,-2.72601361827314,0.00730226178304866,0.0209277111435976,-3.51170622627797,"PPP1R1B","84152","protein phosphatase 1 regulatory inhibitor subunit 1B","Down"
1.1530057553328,3.90826408031491,2.72530923663571,0.00731699401105502,0.0209549240164869,-3.51352342998953,"LOC90768","90768","uncharacterized LOC90768","Up"
-1.05881898721591,9.94101544700627,-2.72397439266458,0.0073449864609688,0.0210136532534617,-3.51696598919364,"FMN2","56776","formin 2","Down"
2.06704582183155,6.26667531325846,2.72384527494118,0.00734769928315219,0.0210157854979308,-3.5172989038165,"RUNX2","860","runt related transcription factor 2","Up"
1.34425890611966,5.51889450989053,2.72173882996701,0.0073920852706764,0.0211301516265747,-3.52272813573148,"MICB","4277","MHC class I polypeptide-related sequence B","Up"
1.55069831371486,3.92463277998124,2.72068046604401,0.00741447831557864,0.0211825599971129,-3.52545459148184,"SPSB4","92369","splA/ryanodine receptor domain and SOCS box containing 4","Up"
1.44241032314089,5.81176567284811,2.7202580245824,0.00742343357904136,0.0212051164500115,-3.52654258097411,"ECHDC3","79746","enoyl-CoA hydratase domain containing 3","Up"
1.41053139625969,10.0837230126988,2.71816482741433,0.00746795186652499,0.0213109845947177,-3.5319313478464,"PTRF","284119","polymerase I and transcript release factor","Up"
1.05946530809961,7.34307437961746,2.716922393182,0.00749449047334733,0.0213806175531527,-3.53512814655736,"GMFG","9535","glia maturation factor gamma","Up"
-1.20613750000869,9.84639236390166,-2.71685253732522,0.00749598514368084,0.0213818327302,-3.53530784787868,"CORO2B","10391","coronin 2B","Down"
1.72951045633715,6.31426529856142,2.71498011933453,0.00753614922393084,0.0214872078556626,-3.54012303208478,"DEPDC1B","55789","DEP domain containing 1B","Up"
1.83795268401565,4.01213226146024,2.712670304848,0.00758596450972187,0.0216107634836972,-3.54605896661547,"AGBL2","79841","ATP/GTP binding protein like 2","Up"
1.65488978088356,7.38250913401651,2.71252953793759,0.00758901003324539,0.0216140118015888,-3.54642057440925,"CCDC74B","91409","coiled-coil domain containing 74B","Up"
2.13125374563873,4.51947111249793,2.7121797704096,0.00759658213304963,0.0216317703865534,-3.54731899912159,"EHF","26298","ETS homologous factor","Up"
1.29139160248665,9.67587738923385,2.71210573221411,0.00759818586070372,0.0216332580781414,-3.54750916289362,"ZYX","7791","zyxin","Up"
1.68905012454391,8.46788540380728,2.71160696355359,0.0076089976002615,0.0216517159704782,-3.54879010715974,"MMP2","4313","matrix metallopeptidase 2","Up"
1.47649651070204,5.4896257426703,2.71086838199827,0.00762503335880177,0.0216850095820252,-3.5506865563271,"ANKRD45","339416","ankyrin repeat domain 45","Up"
-2.15984945529442,10.4906396380871,-2.71073961464108,0.00762783223435708,0.0216898862297871,-3.55101714395866,"NEBL","10529","nebulette","Down"
1.60383152812222,6.10023296476858,2.70675734341768,0.00771485176679118,0.0219124133018443,-3.56123401569173,"LY75","4065","lymphocyte antigen 75","Up"
-2.22185231191533,7.17460311362473,-2.70594523150888,0.00773270792522923,0.0219548282714049,-3.56331591695416,"PLLP","51090","plasmolipin","Down"
1.01733924108105,9.1289027882984,2.7059284561727,0.00773307716442198,0.0219548282714049,-3.56335891573747,"ZFHX3","463","zinc finger homeobox 3","Up"
1.60865195838823,4.81924994344172,2.70524184813072,0.00774820370429333,0.0219884129803967,-3.56511863536189,"CCDC173","129881","coiled-coil domain containing 173","Up"
1.0775193946307,6.96531579931852,2.70491247668532,0.00775546954350944,0.0219988753413054,-3.56596264577911,"DYRK3","8444","dual specificity tyrosine phosphorylation regulated kinase 3","Up"
1.75015587774194,7.37140240797071,2.70384357701923,0.00777909172824175,0.0220541714902838,-3.568701057072,"CDKN2A","1029","cyclin dependent kinase inhibitor 2A","Up"
1.29485119399973,6.02410368943763,2.70370750527432,0.00778210352538896,0.0220595841927539,-3.56904958965237,"GPR183","1880","G protein-coupled receptor 183","Up"
1.61944893943464,5.4215568707758,2.70325002269719,0.00779223714674015,0.0220851804214237,-3.57022126546048,"LPAR2","9170","lysophosphatidic acid receptor 2","Up"
1.92173332867357,4.22253284757367,2.70225903900615,0.00781422929014819,0.0221349689095278,-3.57275870448966,"TTC29","83894","tetratricopeptide repeat domain 29","Up"
2.80374010282438,6.34263529448278,2.70017327911517,0.00786070087087457,0.0222504972016895,-3.57809663393248,"TCTEX1D1","200132","Tctex1 domain containing 1","Up"
-1.89993617912749,4.62649837399178,-2.69941276402795,0.00787770766887748,0.0222890043087081,-3.58004204844553,"KLHL4","56062","kelch like family member 4","Down"
1.08785522097935,6.1669296515329,2.69830005368877,0.00790265041331517,0.0223443084820798,-3.5828875051102,"ZNF33B","7582","zinc finger protein 33B","Up"
-1.2773014464841,10.6407276927975,-2.69436692454955,0.00799139080293673,0.0225697001403663,-3.59293703069847,"ZDHHC11B","653082","zinc finger DHHC-type containing 11B","Down"
1.14221853394609,6.96009266712426,2.69255158329016,0.00803265272057028,0.0226670356813046,-3.59757098951848,"FBXW9","84261","F-box and WD repeat domain containing 9","Up"
2.27928532768935,6.15927867105651,2.69217055502706,0.00804133779173523,0.0226883437031796,-3.59854327312466,"MASP1","5648","mannan binding lectin serine peptidase 1","Up"
1.32951590151604,6.21108338599994,2.69184695477945,0.00804872053999748,0.0227059717771756,-3.59936891910851,"TTC21A","199223","tetratricopeptide repeat domain 21A","Up"
-1.55955345862584,12.8726778548107,-2.69048927877859,0.00807976207118141,0.0227806933142794,-3.60283197942163,"ATP1A2","477","ATPase Na+/K+ transporting subunit alpha 2","Down"
1.24552507319,6.17152889988757,2.68903823130936,0.00811305825044854,0.0228616840023555,-3.60653148001981,"SLC22A4","6583","solute carrier family 22 member 4","Up"
1.11235536810644,7.36492935323249,2.6878984048008,0.00813930014096244,0.0229259436745369,-3.60943626097975,"VRK2","7444","vaccinia related kinase 2","Up"
-1.92274180571814,11.6075547748004,-2.68609626417864,0.00818094714768636,0.0230335223168816,-3.61402666605541,"EDIL3","10085","EGF like repeats and discoidin domains 3","Down"
-1.94758091504458,8.50919884836639,-2.6855482212793,0.00819365048241513,0.0230627975804276,-3.61542209328904,"PCDH10","57575","protocadherin 10","Down"
2.581399980533,4.76780126352172,2.68517189032797,0.00820238396740362,0.0230776397181612,-3.61638016012563,"VWA3B","200403","von Willebrand factor A domain containing 3B","Up"
1.08006449824628,6.02574852422284,2.68487052747493,0.00820938374885066,0.0230940861450021,-3.61714728599218,"DNMT3B","1789","DNA methyltransferase 3 beta","Up"
-1.85815088992518,6.27212074472059,-2.68343690842162,0.00824275665506363,0.023181449592052,-3.6207955418654,"GLDN","342035","gliomedin","Down"
2.32693759891341,5.84416891311852,2.68327366178528,0.00824656461616992,0.023188899265736,-3.62121085945577,"ANGPTL1","9068","angiopoietin like 1","Up"
-1.53207861049902,5.1054431549142,-2.68210202962271,0.00827394137253815,0.0232560754482117,-3.62419095942093,"GRHL1","29841","grainyhead like transcription factor 1","Down"
1.18790983295509,8.37365390530396,2.68026724708029,0.00831697884174036,0.0233507992824445,-3.62885547576849,"CCDC18-AS1","100131564","CCDC18 antisense RNA 1","Up"
1.78637453674727,3.68699165621041,2.67868574198429,0.00835423779677103,0.0234356752103194,-3.63287380256487,"FAP","2191","fibroblast activation protein alpha","Up"
2.24220288335312,4.21872606494858,2.67712927117501,0.00839105438209442,0.0235191685377645,-3.63682645162182,"SLC27A6","28965","solute carrier family 27 member 6","Up"
2.10318030074477,5.48397502022651,2.67702924905558,0.00839342530690806,0.0235225185761745,-3.63708038701328,"CXCL3","2921","C-X-C motif chemokine ligand 3","Up"
1.16003897836173,5.91914124888592,2.67680902180625,0.00839864771151009,0.0235338578101096,-3.63763946837143,"APOL6","80830","apolipoprotein L6","Up"
1.01097069650835,5.40718415784272,2.67283628961323,0.00849336220531529,0.0237792747889369,-3.64771780860654,"SCAF11","9169","SR-related CTD associated factor 11","Up"
-1.30540939904859,7.16251502845035,-2.67200661132096,0.00851326424116807,0.0238283264791619,-3.64982091221085,"LOC283588","283588","uncharacterized LOC283588","Down"
1.05976830837423,10.7025613076267,2.67035180046719,0.00855308529610497,0.0239253667412683,-3.65401385273071,"CTGF","1490","connective tissue growth factor","Up"
-1.46651549536516,8.49854770911101,-2.67020000575131,0.00855674647778967,0.0239299450351046,-3.65439835208033,"SUSD4","55061","sushi domain containing 4","Down"
-1.56397050357897,5.75503527697894,-2.66610567719481,0.00865603506971104,0.024195896028398,-3.6647619991912,"ADCY8","114","adenylate cyclase 8","Down"
1.09565664747685,9.36417591568183,2.6660743962424,0.00865679763482658,0.024195896028398,-3.66484112339831,"H2AFY2","55506","H2A histone family member Y2","Up"
-1.93084063625951,5.8705320713132,-2.66602956140592,0.00865789072161248,0.024195896028398,-3.66495453028978,"SORCS3","22986","sortilin related VPS10 domain containing receptor 3","Down"
1.37053811887067,9.93389318636586,2.66499644240144,0.00868311306872155,0.0242528330540154,-3.6675672669131,"IFIT2","3433","interferon induced protein with tetratricopeptide repeats 2","Up"
1.01435495941222,12.5628310398888,2.66485825583821,0.00868649175861076,0.0242588833911956,-3.66791666916473,"LGALS1","3956","galectin 1","Up"
1.40236993637606,5.7889812343432,2.66409318570641,0.00870521939797491,0.0243043991760095,-3.66985084190747,"DEPDC7","91614","DEP domain containing 7","Up"
2.09728444736528,6.23979577302994,2.6624382674045,0.00874585396951808,0.0244076301252822,-3.67403293810585,"HOXB2","3212","homeobox B2","Up"
-1.06454036767732,4.78510932634426,-2.66200915399051,0.00875641830080566,0.0244337044552606,-3.67511695845092,"SUZ12P1","440423","SUZ12 polycomb repressive complex 2 subunit pseudogene 1","Down"
1.66213949523873,5.60072843524858,2.66134563719966,0.00877277611181245,0.024465699981744,-3.67679281745373,"CCDC65","85478","coiled-coil domain containing 65","Up"
2.12867016322353,4.22835962507633,2.66079365077905,0.0087864053846994,0.0245002944295026,-3.67818669677274,"DNAH12","201625","dynein axonemal heavy chain 12","Up"
-1.34487955635707,8.41016637803899,-2.660121618121,0.00880302459133723,0.0245381678803667,-3.6798833681502,"OSBPL6","114880","oxysterol binding protein like 6","Down"
-1.01369470921361,6.92630552813438,-2.65982805017468,0.00881029336883128,0.0245463778624436,-3.68062441459192,"F8","2157","coagulation factor VIII","Down"
1.43310133180861,11.4217745085035,2.65810479885748,0.0088530707660074,0.0246436705175709,-3.68497289956965,"ZNF423","23090","zinc finger protein 423","Up"
1.33133320908705,3.90567185511799,2.65778599848998,0.00886100510041113,0.0246533345910062,-3.68577708985383,"CDC25C","995","cell division cycle 25C","Up"
1.13828541509211,4.32763259812254,2.65674469973348,0.00888696583927049,0.0247049500550625,-3.68840321758458,"PRRG4","79056","proline rich and Gla domain 4","Up"
1.18190624046167,8.22046131874864,2.65500953852495,0.00893037806324411,0.0248118419540793,-3.69277720055423,"DOCK11","139818","dedicator of cytokinesis 11","Up"
-2.5584649164887,9.62695452605663,-2.65455714901735,0.00894172790118955,0.0248366956931404,-3.69391716042537,"FGFR3","2261","fibroblast growth factor receptor 3","Down"
1.32295371522537,7.73709519445373,2.65439623001592,0.00894576828168531,0.024844251250927,-3.69432261241388,"DBF4","10926","DBF4 zinc finger","Up"
1.26923279734826,3.70772770931166,2.65301539902253,0.00898050627394891,0.0249303439743161,-3.69780085322157,"KCNMB1","3779","potassium calcium-activated channel subfamily M regulatory beta subunit 1","Up"
1.80714280770479,5.62307847670414,2.65216316469804,0.0090020069678,0.0249824052265822,-3.69994677765421,"LTBP2","4053","latent transforming growth factor beta binding protein 2","Up"
-1.14375173625155,8.55339981568663,-2.65203575028819,0.00900522545002827,0.0249824052265822,-3.70026755382626,"MYLIP","29116","myosin regulatory light chain interacting protein","Down"
-1.37462211044747,5.96269664465467,-2.65083504453287,0.00903560631555586,0.0250554921074603,-3.70328975041712,"TNFSF13","8741","tumor necrosis factor superfamily member 13","Down"
-1.53464216307134,9.07013030807663,-2.65020342540161,0.00905162499622158,0.0250894792601005,-3.70487905422561,"NCALD","83988","neurocalcin delta","Down"
-1.09524782142315,4.27589041061799,-2.64955270884018,0.00906815483432201,0.0251283343172134,-3.7065160568126,"KIAA1024","23251","KIAA1024","Down"
1.55892463804398,5.07902181811947,2.64897824486759,0.00908277031891914,0.0251653490888541,-3.70796093199118,"SOX3","6658","SRY-box 3","Up"
1.23760357892984,3.4714023422274,2.64842216011647,0.00909693846216593,0.0251976253374711,-3.70935931286005,"FBXL13","222235","F-box and leucine rich repeat protein 13","Up"
1.8972589165092,11.1232015828044,2.64744165445345,0.00912196879895458,0.0252599625966345,-3.71182433989722,"C4B_2","100293534","complement component 4B (Chido blood group), copy 2","Up"
1.51880894584799,5.28759006876615,2.64514480836936,0.00918084632254458,0.0254089351743186,-3.71759549202222,"CA9","768","carbonic anhydrase 9","Up"
2.28047942020145,4.41995298231089,2.64403004645444,0.00920954571366433,0.0254777905272791,-3.72039487129408,"CFAP45","25790","cilia and flagella associated protein 45","Up"
1.19312381691144,3.86011398889071,2.64368735544359,0.00921838450987222,0.0254951919946106,-3.72125522104895,"CD69","969","CD69 molecule","Up"
1.36910361724365,5.21989475063349,2.64355314838994,0.00922184810767255,0.0255012460387291,-3.72159213000279,"HPGDS","27306","hematopoietic prostaglandin D synthase","Up"
-1.37633409809422,8.87110091144775,-2.64167000048697,0.00927057220009269,0.0256147407826619,-3.72631790512094,"RNASE1","6035","ribonuclease A family member 1, pancreatic","Down"
1.01029566039592,3.98472045687053,2.64138954726678,0.00927784842463546,0.0256277665928043,-3.72702144645403,"HNF4G","3174","hepatocyte nuclear factor 4 gamma","Up"
-1.81757927119021,10.8602016017158,-2.64121346230579,0.00928241949878918,0.0256368535218491,-3.72746313669039,"SLC4A4","8671","solute carrier family 4 member 4","Down"
-2.02059556767404,9.03340779353539,-2.64101714297175,0.00928751824351091,0.0256438555752033,-3.72795555155252,"ERBB4","2066","erb-b2 receptor tyrosine kinase 4","Down"
2.11206976862064,4.6231413153716,2.64046706075409,0.0093018182769369,0.0256797955383851,-3.72933511174519,"OLFML1","283298","olfactomedin like 1","Up"
-1.73654188230953,9.81363442580485,-2.6393913740542,0.00932983946204283,0.0257429455409035,-3.73203209932954,"CLDN11","5010","claudin 11","Down"
-1.97365375325023,9.97018357506828,-2.63897746124787,0.00934064199937458,0.0257620932563396,-3.73306960891056,"ADCY2","108","adenylate cyclase 2","Down"
1.5722932688614,7.30272024567645,2.63889907856276,0.00934268894717767,0.025764187149026,-3.73326606570861,"BICC1","80114","BicC family RNA binding protein 1","Up"
2.26810468399375,5.2334652972287,2.63691587569398,0.00939461478250619,0.0258966737329294,-3.73823498438204,"CASC1","55259","cancer susceptibility candidate 1","Up"
1.63796774035857,6.24064080783692,2.63674011285601,0.00939922928903096,0.025905824546858,-3.73867519687679,"CYP4F12","66002","cytochrome P450 family 4 subfamily F member 12","Up"
1.18126975680348,5.80099325904266,2.6359304918811,0.00942051163366879,0.025960905820222,-3.74070261937609,"ANKEF1","63926","ankyrin repeat and EF-hand domain containing 1","Up"
1.23074410527291,7.51563566519473,2.63455356744971,0.00945680645441507,0.0260435812419838,-3.74414937918663,"TRIM56","81844","tripartite motif containing 56","Up"
1.12237561590341,7.95942285688053,2.6343895553815,0.00946113810346685,0.026051333613551,-3.74455983157772,"TES","26136","testin LIM domain protein","Up"
1.06825653545391,6.79862528930142,2.63363273129046,0.00948114944352569,0.026099251089243,-3.74645354313575,"GIMAP8","155038","GTPase, IMAP family member 8","Up"
1.63611501027698,6.30102847115935,2.63014313476051,0.00957391343504295,0.026307551997652,-3.75517883268937,"DOCK8","81704","dedicator of cytokinesis 8","Up"
1.64195976023997,7.38389958916509,2.62996198735691,0.00957875115625781,0.0263172307584798,-3.75563148512893,"LY96","23643","lymphocyte antigen 96","Up"
3.00154285111821,4.91558172909456,2.62585679885222,0.00968897713871471,0.0265872124008044,-3.76588205629674,"CAPSL","133690","calcyphosine like","Up"
-1.69512424842367,10.3106021191489,-2.6236830475601,0.00974780525654932,0.0267339739229311,-3.77130404675769,"SCG2","7857","secretogranin II","Down"
-1.22120421930763,7.0685369571545,-2.62162878109167,0.00980369554044294,0.0268725218081438,-3.77642430014525,"ACACB","32","acetyl-CoA carboxylase beta","Down"
1.41835531582807,4.11439365672337,2.6210399530298,0.00981976892857355,0.0269055213577063,-3.77789128824525,"SPAG4","6676","sperm associated antigen 4","Up"
1.93392883625345,4.33143490648728,2.62021914026972,0.00984221450032298,0.0269596365700933,-3.77993574202053,"ST6GALNAC2","10610","ST6 N-acetylgalactosaminide alpha-2,6-sialyltransferase 2","Up"
1.83474776066055,3.92120529104538,2.61957966128393,0.00985973344007304,0.0270002308972819,-3.78152813690513,"CCDC170","80129","coiled-coil domain containing 170","Up"
1.01990863424819,8.57232013305355,2.61934819096929,0.00986608164394232,0.0270102210523199,-3.78210444530524,"TRIM25","7706","tripartite motif containing 25","Up"
-1.78317930711355,7.19404678134278,-2.6188292322837,0.00988032776959293,0.0270418218449037,-3.7833963680582,"LOC102724788","102724788","proline dehydrogenase 1, mitochondrial","Down"
1.7357400455282,3.75223144813278,2.61808249518128,0.0099008592585562,0.0270868988357629,-3.78525493073563,"RIBC2","26150","RIB43A domain with coiled-coils 2","Up"
1.65318587104569,8.08770547261095,2.61617762802741,0.00995340772419302,0.0272120563457133,-3.78999382007391,"SERPINA1","5265","serpin family A member 1","Up"
-1.74066177348817,6.68163358651568,-2.61434422837799,0.0100042218857286,0.02734255159752,-3.7945519869972,"LRP1B","53353","LDL receptor related protein 1B","Down"
2.29005801135634,4.70186108632189,2.61389815096265,0.0100166205853321,0.0273699164232094,-3.79566058272731,"SIX1","6495","SIX homeobox 1","Up"
2.20972454869703,4.17945450065752,2.61056946054171,0.0101095793587581,0.0275937727463403,-3.80392770676933,"SPAG17","200162","sperm associated antigen 17","Up"
1.51648539129921,3.78605925656633,2.60928227069185,0.0101457339673844,0.0276767816468415,-3.80712202807774,"SLC6A9","6536","solute carrier family 6 member 9","Up"
-1.64926873004787,7.17832057545751,-2.60924053272311,0.0101469082510912,0.0276767816468415,-3.80722558231863,"RNF165","494470","ring finger protein 165","Down"
1.89944180997995,5.64213151170325,2.60917363840262,0.0101487905556273,0.0276776010698838,-3.80739154777276,"FCGR3B","2215","Fc fragment of IgG receptor IIIb","Up"
2.0158735175282,4.84811401536651,2.60849031603341,0.0101680362317278,0.0277145251759235,-3.80908665803496,"AK7","122481","adenylate kinase 7","Up"
1.78647759353005,6.03038335419065,2.60772354341458,0.0101896714055433,0.027755582819701,-3.81098830711075,"CHST6","4166","carbohydrate sulfotransferase 6","Up"
2.45483327156121,4.14962687819562,2.60671430218098,0.0102182112441647,0.0278219586774637,-3.81349052882223,"C11orf88","399949","chromosome 11 open reading frame 88","Up"
2.77086830812281,4.78818168731823,2.60521618985091,0.0102607083779214,0.0279300670091257,-3.81720320737839,"DAW1","164781","dynein assembly factor with WD repeats 1","Up"
-1.09655015457633,5.5779799275026,-2.60384004036474,0.0102998859520692,0.028021460190787,-3.82061194153873,"KRT17","3872","keratin 17","Down"
1.50493427694931,3.87253498784077,2.60251777413085,0.0103376563519145,0.02812039301601,-3.82388568035246,"MTTP","4547","microsomal triglyceride transfer protein","Up"
2.16516368462235,5.12783778902521,2.6020634337168,0.0103506632959292,0.0281416555513762,-3.82501021583277,"LOC101928882","101928882","uncharacterized LOC101928882","Up"
1.03075480312748,6.09766009053899,2.6014220865753,0.0103690489822958,0.0281827962218166,-3.82659731002107,"TTC28-AS1","284900","TTC28 antisense RNA 1","Up"
1.39771695462952,8.75612730859734,2.60067805186555,0.0103904152772431,0.0282293642655896,-3.8284380765175,"ITGB2","3689","integrin subunit beta 2","Up"
-1.39357362280527,11.5781596406883,-2.59862836407459,0.0104494808761129,0.0283782766239162,-3.83350662172886,"AMER2","219287","APC membrane recruitment protein 2","Down"
1.18829129882176,4.38473817749343,2.5973853126156,0.0104854487811826,0.0284566432128487,-3.83657873455726,"GPR82","27197","G protein-coupled receptor 82","Up"
-1.03151884538639,8.57536797973095,-2.59655568281505,0.0105095162186505,0.0285103580998698,-3.83862836928267,"MYO18A","399687","myosin XVIIIA","Down"
1.05953447118514,9.89477285665183,2.59516189746535,0.0105500616617779,0.028597084902749,-3.84207044698063,"SUCLG2","8801","succinate-CoA ligase GDP-forming beta subunit","Up"
-1.35267058942584,4.6113828376126,-2.59476337718481,0.0105616805299743,0.0286153382382466,-3.84305432268583,"BCL11B","64919","B-cell CLL/lymphoma 11B","Down"
1.56234061421249,4.26942109694035,2.59412910300894,0.0105801965556579,0.0286477185666596,-3.84461995234715,"SLC16A10","117247","solute carrier family 16 member 10","Up"
1.43978631273872,4.88766381280035,2.59391777046508,0.0105863723571627,0.028660561806462,-3.84514152484126,"IL1R2","7850","interleukin 1 receptor type 2","Up"
-1.20883807596424,11.2984200804014,-2.59303449813288,0.0106122194753116,0.0287227644808656,-3.8473210427128,"NRCAM","4897","neuronal cell adhesion molecule","Down"
1.39662947684227,6.06593785795213,2.59272533075428,0.0106212800184141,0.0287395116754682,-3.84808377052681,"GDPD2","54857","glycerophosphodiester phosphodiesterase domain containing 2","Up"
1.81194966496798,7.89621010800373,2.59236548712314,0.0106318344574954,0.0287641801205017,-3.84897141550139,"SYNC","81493","syncoilin, intermediate filament protein","Up"
1.20283246295148,3.80770721958828,2.59099173469466,0.010672214301027,0.0288695229205852,-3.85235910192458,"CYP3A5","1577","cytochrome P450 family 3 subfamily A member 5","Up"
1.96595043748126,6.99646525363018,2.59024401630144,0.0106942505405523,0.0289213125932456,-3.85420230303722,"LINC01279","100506621","long intergenic non-protein coding RNA 1279","Up"
-1.01935762586476,5.46067290453533,-2.58988799617239,0.0107047572963152,0.0289410282341325,-3.85507976015567,"MDGA1","266727","MAM domain containing glycosylphosphatidylinositol anchor 1","Down"
-1.18141952893518,4.35611259032817,-2.58891151262582,0.0107336226515235,0.0290121032679048,-3.85748587121667,"TDRD6","221400","tudor domain containing 6","Down"
-1.10224293928534,4.84569015261657,-2.58844052272631,0.0107475703663218,0.0290380338040514,-3.85864612504402,"CCM2L","140706","CCM2 like scaffolding protein","Down"
1.80958063248343,3.44100685630787,2.58676103928274,0.0107974387448157,0.0291570194314386,-3.86278187860807,"HMGA2","8091","high mobility group AT-hook 2","Up"
2.46450021245844,5.35683670448183,2.58464129476681,0.0108606766726662,0.0293099178188734,-3.86799833015812,"CD36","948","CD36 molecule","Up"
1.42371346770275,10.0125173902775,2.58425574905548,0.0108722143123603,0.0293312286606517,-3.86894670050902,"IFI16","3428","interferon gamma inducible protein 16","Up"
1.5676577694263,4.4821834696813,2.58349927901383,0.0108948840699081,0.0293884246442836,-3.87080710497798,"PPBP","5473","pro-platelet basic protein","Up"
1.39750964312353,5.02746978165556,2.58266550796512,0.0109199195979232,0.0294440473579043,-3.87285704914124,"MPEG1","219972","macrophage expressed 1","Up"
1.75519718190177,4.38862600235953,2.58193280985269,0.0109419629066424,0.0294903154453378,-3.87465799903654,"ADAMTS2","9509","ADAM metallopeptidase with thrombospondin type 1 motif 2","Up"
-1.88330791287009,7.63768931551988,-2.58191278986569,0.0109425657713495,0.0294903154453378,-3.87470720109964,"AKR1C1","1645","aldo-keto reductase family 1 member C1","Down"
2.01049507383247,3.86819335605101,2.58170456977972,0.0109488377028971,0.0295021408648971,-3.8752189122113,"ARMC4","55130","armadillo repeat containing 4","Up"
-1.29423710797035,7.26008717236101,-2.58157958890491,0.0109526038843413,0.0295083148281736,-3.87552604100525,"KCNJ2","3759","potassium voltage-gated channel subfamily J member 2","Down"
1.28636792344115,5.04287529725562,2.58105215419947,0.0109685104656793,0.0295407913334605,-3.8768220148215,"MYBL2","4605","MYB proto-oncogene like 2","Up"
1.14623668065969,6.10619083038012,2.58073251013841,0.0109781605190872,0.0295610698901987,-3.87760730460637,"C15orf52","388115","chromosome 15 open reading frame 52","Up"
-1.54530110624931,3.10602070130876,-2.58068575595885,0.0109795726672698,0.0295610698901987,-3.87772216120976,"SOSTDC1","25928","sclerostin domain containing 1","Down"
-1.63010873314044,7.25127044123456,-2.57906080505635,0.0110287537294787,0.0296815006545172,-3.88171286039455,"MYO16","23026","myosin XVI","Down"
-1.57522790612479,11.8752750527895,-2.57655363595901,0.0111050246773414,0.0298706949071752,-3.88786574528612,"C1orf61","10485","chromosome 1 open reading frame 61","Down"
1.16989474299921,4.51918170236438,2.57562893342551,0.0111332746188806,0.0299356008284176,-3.89013371130913,"FBN3","84467","fibrillin 3","Up"
-2.24640210593899,8.27118935741408,-2.57520946391389,0.011146110817146,0.0299586775456297,-3.8911622786775,"CNR1","1268","cannabinoid receptor 1","Down"
1.84865014561926,3.54670352048101,2.57512522865792,0.0111486901053914,0.0299586775456297,-3.89136881096371,"DNAAF3","352909","dynein axonemal assembly factor 3","Up"
1.14701454632636,3.53687448002154,2.57476171761389,0.0111598269860717,0.0299818260387184,-3.89226001598159,"TMEM71","137835","transmembrane protein 71","Up"
-1.16620724278074,6.93655438132456,-2.57415894629995,0.0111783161111911,0.0300234354190629,-3.89373755553762,"KANSL1-AS1","644246","KANSL1 antisense RNA 1","Down"
1.73544112574234,4.20384294416101,2.57364120962315,0.0111942188911953,0.0300459803268238,-3.89500640544485,"ZC2HC1C","79696","zinc finger C2HC-type containing 1C","Up"
1.81985506308126,5.20758868706308,2.57088423508849,0.0112792448242015,0.0302376860776898,-3.90175922093463,"CCDC40","55036","coiled-coil domain containing 40","Up"
-1.73669579253268,12.021262695046,-2.56958939341536,0.0113193779883872,0.0303194810630028,-3.90492849806693,"GAP43","2596","growth associated protein 43","Down"
1.53747923482123,4.42812122780657,2.56955763143246,0.0113203640496142,0.0303194810630028,-3.90500622115728,"LOC388780","388780","uncharacterized LOC388780","Up"
1.55667395192629,7.09991992725438,2.56807672140771,0.0113664251376929,0.0304224839772337,-3.90862911666682,"LCAT","3931","lecithin-cholesterol acyltransferase","Up"
-1.96241198275615,6.05775252069817,-2.56714683012553,0.0113954337211539,0.0304838136728341,-3.91090303804723,"PTGS2","5743","prostaglandin-endoperoxide synthase 2","Down"
1.21726420642425,6.39996782442562,2.56575835986659,0.0114388717430089,0.0305795706790994,-3.91429696846519,"ZNF124","7678","zinc finger protein 124","Up"
1.62893440012419,8.22626483378515,2.56490393371848,0.0114656761421575,0.0306430380144464,-3.91638467588959,"KLHDC8A","55220","kelch domain containing 8A","Up"
2.16938172921091,4.80010638051704,2.56337284941197,0.0115138492506195,0.0307553513961476,-3.92012416241281,"BMP5","653","bone morphogenetic protein 5","Up"
1.33419459103858,12.1688157187051,2.56238823052607,0.0115449246279826,0.03083424202804,-3.9225279093122,"LGALS3","3958","lectin, galactoside binding soluble 3","Up"
-1.10183766513952,9.62861213448568,-2.55901735616178,0.0116518831077102,0.0310908542726004,-3.93075090274293,"PURG","29942","purine rich element binding protein G","Down"
1.14052075326029,4.58302494574077,2.55888238974956,0.0116561840755033,0.0310981830642212,-3.9310799396754,"SLAMF8","56833","SLAM family member 8","Up"
-1.00343664128371,12.0240698462825,-2.55824237682372,0.0116765987396021,0.0311443422188,-3.93264002488455,"SCRN1","9805","secernin 1","Down"
-2.18351403961566,10.4922810688826,-2.55469151099417,0.0117904456216869,0.0314186794822976,-3.9412891580498,"LMO3","55885","LIM domain only 3","Down"
1.49046694332372,8.32156236140734,2.55215004364694,0.0118725399095783,0.0315995617894017,-3.94747295609011,"SAMSN1","64092","SAM domain, SH3 domain and nuclear localization signals 1","Up"
-1.0773570237288,7.6384052339861,-2.55171745440201,0.0118865643308476,0.0316284735426609,-3.94852496155124,"KLHL26","55295","kelch like family member 26","Down"
-1.1111388814816,7.57345525572633,-2.54994667411486,0.0119441275738008,0.0317689657496721,-3.95282960880453,"WDFY3-AS2","404201","WDFY3 antisense RNA 2","Down"
1.47435437285574,6.76025678579385,2.54891345532527,0.0119778300892091,0.0318501391008515,-3.95534004681568,"ZNF185","7739","zinc finger protein 185 (LIM domain)","Up"
2.00515939032728,4.6684183094413,2.54792624836337,0.0120101113971847,0.0319232494650556,-3.95773783002885,"CXCL6","6372","C-X-C motif chemokine ligand 6","Up"
1.66173957000157,10.3668250996707,2.54458173894878,0.012120056336652,0.0321687010298937,-3.96585492230823,"FRZB","2487","frizzled-related protein","Up"
1.92492359870395,5.9302844526797,2.54359958093371,0.012152514038344,0.0322417913227886,-3.96823678018181,"ZMYND10","51364","zinc finger MYND-type containing 10","Up"
2.495288549752,5.79317251058095,2.54233420038743,0.0121944463525537,0.0323358897515628,-3.97130426349768,"EFHC2","80258","EF-hand domain containing 2","Up"
-2.56518959854872,6.62214255656178,-2.54220605250717,0.0121987001548874,0.0323428828516874,-3.97161483736623,"NXPH1","30010","neurexophilin 1","Down"
1.28334296757949,4.33277533160497,2.54120058636289,0.0122321222691822,0.0324143139390103,-3.97405115215558,"SOD3","6649","superoxide dismutase 3, extracellular","Up"
-1.40283615266141,4.82751463293136,-2.54048857604857,0.012255839405967,0.0324642630736373,-3.97577587601686,"KCNMB2","10242","potassium calcium-activated channel subfamily M regulatory beta subunit 2","Down"
1.28999724437718,4.31023863293651,2.53967836803219,0.0122828776470461,0.0325272710899339,-3.97773793562188,"CRACR2A","84766","calcium release activated channel regulator 2A","Up"
1.36995261576278,5.49104564447823,2.53945784553573,0.0122902461680134,0.0325372827166799,-3.97827187123632,"TBX1","6899","T-box 1","Up"
-1.02595814086713,6.35135830664325,-2.53879163868936,0.0123125308185643,0.0325842333448433,-3.97988465641842,"UBALD1","124402","UBA like domain containing 1","Down"
1.47054123373991,5.14373673958604,2.53762800049965,0.0123515414470534,0.0326745061128121,-3.98270072923862,"TTC12","54970","tetratricopeptide repeat domain 12","Up"
2.22747747681091,5.59953169164462,2.53678153523433,0.0123799884969801,0.0327281223386734,-3.98474849146608,"AKAP14","158798","A-kinase anchoring protein 14","Up"
-1.41665774002452,3.96543622816669,-2.53291182226196,0.0125107864973256,0.0330433406537285,-3.99410220208954,"MAEL","84944","maelstrom spermatogenic transposon silencer","Down"
1.28866490794266,4.39370413807917,2.53251291305067,0.0125243399402299,0.0330747715396224,-3.99506569463384,"NDUFC2-KCTD14","100532726","NDUFC2-KCTD14 readthrough","Up"
-2.95070721089231,5.28939960118213,-2.5320255810162,0.0125409155077216,0.0331141740217747,-3.99624257010816,"NEUROD1","4760","neuronal differentiation 1","Down"
1.22303063703399,6.85804554082467,2.53042537429528,0.0125954814334702,0.0332319394750678,-4.00010552523168,"CCDC8","83987","coiled-coil domain containing 8","Up"
-2.19657216341742,5.65077160545391,-2.53013244188739,0.0126054932171196,0.0332535854043621,-4.00081243508196,"ST6GALNAC5","81849","ST6 N-acetylgalactosaminide alpha-2,6-sialyltransferase 5","Down"
1.55196010212071,4.77711051561456,2.53008808639517,0.0126070098111704,0.0332535854043621,-4.00091946811309,"TREM1","54210","triggering receptor expressed on myeloid cells 1","Up"
-1.2411911152551,5.96034169798935,-2.53002938991314,0.0126090170006645,0.033253692482306,-4.0010611043866,"TBC1D8","11138","TBC1 domain family member 8","Down"
-1.09980158818515,8.1895128487529,-2.5288426766529,0.0126496593747615,0.0333309278428623,-4.00392403938062,"ZNF493","284443","zinc finger protein 493","Down"
-1.44227041480585,6.7184773694842,-2.52676424942948,0.0127211237725414,0.0335015826401521,-4.00893529763923,"FAR2","55711","fatty acyl-CoA reductase 2","Down"
1.24960597040591,9.21966204131385,2.52517072037593,0.0127761600926855,0.0336420946267911,-4.0127749011091,"STK17A","9263","serine/threonine kinase 17a","Up"
-1.64478424562097,7.23325225055,-2.52269043978095,0.0128622466673689,0.0338376027710781,-4.01874676750567,"GPR85","54329","G protein-coupled receptor 85","Down"
1.40016951654023,9.8629157737158,2.52101231472209,0.0129207858210776,0.0339495448979341,-4.02278423995225,"CAV2","858","caveolin 2","Up"
2.66418105434543,6.28759331355112,2.52092108695054,0.0129239750031963,0.0339495448979341,-4.02300365901369,"CXCL5","6374","C-X-C motif chemokine ligand 5","Up"
-1.59537606975556,10.6138164765159,-2.52017491269155,0.0129500865620728,0.033997163344363,-4.02479807129497,"SCG3","29106","secretogranin III","Down"
1.76586047174609,4.05023189212473,2.51990405728896,0.012959576526261,0.0340176131672664,-4.02544930988678,"CCDC96","257236","coiled-coil domain containing 96","Up"
1.21501775038915,3.64573883787391,2.51894686306558,0.0129931636319304,0.0340968290640125,-4.02775025819059,"FSIP1","161835","fibrous sheath interacting protein 1","Up"
1.64911284772235,6.32900630837379,2.51837647767744,0.0130132149730078,0.0341360157289847,-4.02912100087847,"COL21A1","81578","collagen type XXI alpha 1 chain","Up"
1.81032676739211,5.69019194435586,2.51704915269132,0.0130599830122866,0.0342407391071704,-4.03230972256276,"C11orf63","79864","chromosome 11 open reading frame 63","Up"
-1.04978745022801,9.46095307793562,-2.51652659775101,0.0130784363528902,0.0342846273732016,-4.03356467358083,"ST3GAL5","8869","ST3 beta-galactoside alpha-2,3-sialyltransferase 5","Down"
-1.3891583849739,6.7837156322874,-2.51570010593929,0.013107670454099,0.0343522613014356,-4.03554906770507,"OSBPL10","114884","oxysterol binding protein like 10","Down"
1.58417517440796,4.8446760499068,2.51492755822022,0.0131350493298076,0.0344059874236005,-4.03740340899673,"TET1","80312","tet methylcytosine dioxygenase 1","Up"
-1.552618304924,8.15400697723112,-2.51405046505973,0.0131661952702079,0.03446951959841,-4.03950806464784,"EGR3","1960","early growth response 3","Down"
-1.20360617173761,5.98642358511544,-2.51394053681388,0.0131701035228368,0.0344752402435426,-4.03977179942307,"HR","55806","hair growth associated","Down"
1.51425997944799,4.89621816008426,2.51206626872728,0.0132368987993543,0.0346229094363553,-4.04426684922514,"KRBOX1","100506243","KRAB box domain containing 1","Up"
-1.2559747483837,13.3666413708097,-2.51188767302271,0.0132432793880306,0.034635070681873,-4.04469501609212,"GJA1","2697","gap junction protein alpha 1","Down"
1.05518452944227,5.42709726157024,2.51161355583298,0.0132530779704542,0.0346516376051853,-4.04535213332624,"TLR5","7100","toll like receptor 5","Up"
1.23362687918784,7.83318371525544,2.51056702928432,0.0132905467260898,0.034745063158092,-4.04786028253318,"MVP","9961","major vault protein","Up"
-1.30262147062472,9.13888754535905,-2.50899375068675,0.0133470530340983,0.0348836695040111,-4.05162908524393,"PLK2","10769","polo like kinase 2","Down"
1.55634934960355,4.26746787067456,2.50878701825926,0.0133544940394364,0.0348985582872263,-4.05212415543655,"EFCAB12","90288","EF-hand calcium binding domain 12","Up"
-1.12846363360796,7.12206772023923,-2.5083560554709,0.0133700177877178,0.0349300007676768,-4.05315607993241,"TM6SF1","53346","transmembrane 6 superfamily member 1","Down"
1.12176968351479,9.10313454624379,2.50799226569133,0.0133831344476655,0.0349551398034522,-4.05402703607531,"PDK1","5163","pyruvate dehydrogenase kinase 1","Up"
1.61718522324076,5.01077958146521,2.50639454951013,0.0134408773962041,0.0350777586414759,-4.05785080354153,"TSPAN2","10100","tetraspanin 2","Up"
-1.4257540476073,5.66838004488538,-2.50630766427762,0.0134440238852633,0.0350777586414759,-4.05805868010776,"GALNT14","79623","polypeptide N-acetylgalactosaminyltransferase 14","Down"
-1.48694215281657,5.99137149582722,-2.50577069365781,0.0134634845225778,0.0351191570851647,-4.05934325991749,"LOC100506725","100506725","uncharacterized LOC100506725","Down"
2.56261554712676,6.85899968712592,2.50529846986066,0.0134806194428466,0.0351592690904748,-4.0604727415095,"SFRP2","6423","secreted frizzled related protein 2","Up"
-1.07154768898409,7.24318051913976,-2.50505636111051,0.0134894120595954,0.0351776156251727,-4.06105175095242,"ARHGEF37","389337","Rho guanine nucleotide exchange factor 37","Down"
1.9613369767543,8.81659087608953,2.50417472099495,0.013521473753512,0.0352409841340504,-4.06315978774707,"PDLIM3","27295","PDZ and LIM domain 3","Up"
1.28210983871538,4.04510081990598,2.50325360195412,0.0135550438789817,0.0353119482925503,-4.06536150159755,"NCF2","4688","neutrophil cytosolic factor 2","Up"
-2.12614959299409,9.25914248472189,-2.50207923439893,0.0135979516504455,0.0354191145255128,-4.06816748009427,"SCN3A","6328","sodium voltage-gated channel alpha subunit 3","Down"
-1.09486376204793,11.6660310564291,-2.5011706803403,0.0136312306548373,0.0354965549539671,-4.07033751717022,"PRKCA","5578","protein kinase C alpha","Down"
1.14330252234188,6.79210667195385,2.49893699396006,0.0137133569432871,0.0356639974475947,-4.07566952949004,"PASK","23178","PAS domain containing serine/threonine kinase","Up"
1.01024342866371,4.18576795929556,2.49823167191855,0.0137393813126021,0.0357177497298896,-4.07735229968849,"CDCP1","64866","CUB domain containing protein 1","Up"
-1.95735154547495,4.84713233724592,-2.49763971709725,0.0137612568021444,0.0357653240894392,-4.07876426374293,"ADAMTS18","170692","ADAM metallopeptidase with thrombospondin type 1 motif 18","Down"
1.31286169677935,8.69472422360615,2.4961675859799,0.013815793881384,0.0359024013748343,-4.08227435793763,"LEF1","51176","lymphoid enhancer binding factor 1","Up"
1.25231232936147,5.76301274432947,2.49599284977017,0.0138222800214578,0.0359145917388709,-4.08269086775402,"CLEC7A","64581","C-type lectin domain family 7 member A","Up"
1.89306831030657,5.33443149457473,2.49588080549354,0.0138264404925538,0.0359207369087811,-4.08295792807901,"VASH2","79805","vasohibin 2","Up"
1.420624774323,11.7623513410416,2.49365140672532,0.0139094562811976,0.0361176498141362,-4.08826949419343,"CD74","972","CD74 molecule","Up"
1.66832074357159,9.67128922742746,2.49115976895472,0.0140027635743355,0.0363222210335446,-4.09420075057549,"PSPH","5723","phosphoserine phosphatase","Up"
-1.55883446766647,3.04090120531379,-2.49088329060592,0.0140131515587827,0.0363434247794397,-4.09485856591778,"COL23A1","91522","collagen type XXIII alpha 1 chain","Down"
-1.03059242401059,4.28655200204728,-2.49084552586377,0.0140145710088158,0.0363434247794397,-4.09494841311481,"LOC728485","728485","uncharacterized LOC728485","Down"
1.26343171565325,8.35877613709858,2.49005206108446,0.0140444243914305,0.0364071287788542,-4.09683588238246,"NUPR1","26471","nuclear protein 1, transcriptional regulator","Up"
1.09476572619151,7.74974949175343,2.49004752057007,0.0140445953873743,0.0364071287788542,-4.09684668164591,"LCP2","3937","lymphocyte cytosolic protein 2","Up"
1.38250822418797,5.97789307743544,2.48870505608689,0.0140952342494092,0.036486395604597,-4.10003884603049,"G0S2","50486","G0/G1 switch 2","Up"
1.44400769170328,8.70927117353651,2.4876380664278,0.0141355981733349,0.0365814141319248,-4.1025748610792,"DLL1","28514","delta like canonical Notch ligand 1","Up"
1.54667532759914,4.42145931032385,2.48701370107788,0.014159265570279,0.0366331858611886,-4.10405839127102,"BEST4","266675","bestrophin 4","Up"
-1.7333670427549,9.34709023419515,-2.48530924508514,0.0142240554256134,0.0367437930148801,-4.10810656148707,"NSG1","27065","neuron specific gene family member 1","Down"
-1.25516939671381,3.20525958130195,-2.48515568284266,0.0142299056141385,0.036750399441185,-4.10847115593306,"ERFE","151176","erythroferrone","Down"
1.02152491689579,4.8311984825932,2.48485680812566,0.0142412978613071,0.0367684316916849,-4.10918069920307,"SBSPON","157869","somatomedin B and thrombospondin type 1 domain containing","Up"
-2.04117922305372,5.8440477555126,-2.48329897041579,0.0143008100611796,0.0368896734004667,-4.11287782789486,"RNF128","79589","ring finger protein 128, E3 ubiquitin protein ligase","Down"
1.57409466892097,7.03502209126142,2.48304980151832,0.014310349320998,0.0369047639681887,-4.11346897112402,"OLR1","4973","oxidized low density lipoprotein receptor 1","Up"
-1.57140771898837,8.45292405681757,-2.48012985603009,0.0144225613317402,0.0371606161705249,-4.12039241000019,"SYTL2","54843","synaptotagmin like 2","Down"
1.01420914356141,4.54604268305852,2.47731178573039,0.0145316020735362,0.0374078438864179,-4.12706727687051,"PLEK","5341","pleckstrin","Up"
1.03873277243623,3.42319854197249,2.47656019072317,0.0145608077864406,0.0374782042175887,-4.12884633636013,"P2RY1","5028","purinergic receptor P2Y1","Up"
1.54838457549013,6.60178967815828,2.4749893688482,0.0146220163829603,0.0376115558979026,-4.13256295916861,"PCDHB7","56129","protocadherin beta 7","Up"
1.90787584591571,5.65366811159929,2.47463769725315,0.0146357510043007,0.037637206984967,-4.13339473364554,"ENKUR","219670","enkurin, TRPC channel interacting protein","Up"
1.32488222088678,7.61867237932592,2.4716444935063,0.0147531177989772,0.0379049220244171,-4.14046991812591,"RALGPS2","55103","Ral GEF with PH domain and SH3 binding motif 2","Up"
1.39467875640131,5.63115353220852,2.46939939856209,0.0148417004380619,0.0381031567643147,-4.14577165216934,"VEGFC","7424","vascular endothelial growth factor C","Up"
-1.76879359730211,2.88564986786479,-2.46920278249427,0.0148494806708071,0.0381182396434229,-4.1462357473848,"TBR1","10716","T-box, brain 1","Down"
-1.20465417506562,7.44726422457527,-2.46565819331964,0.0149903674437871,0.0384650867574513,-4.15459668064323,"LRP8","7804","LDL receptor related protein 8","Down"
-1.0028550765171,8.86944617698905,-2.46334864694404,0.0150828047275838,0.0386725200800678,-4.16003853332211,"LGALSL","29094","galectin like","Down"
-1.17197590156161,4.43791952931231,-2.46319928328248,0.0150888003069411,0.0386829353845426,-4.16039031074023,"NOG","9241","noggin","Down"
-1.16798587651967,7.32964476365775,-2.46266289165651,0.015110349014686,0.0387232935489719,-4.16165344643353,"GALNT16","57452","polypeptide N-acetylgalactosaminyltransferase 16","Down"
-1.45243332903136,9.34835816964751,-2.46255248910398,0.0151147876682561,0.0387297075920594,-4.16191339968972,"IL17D","53342","interleukin 17D","Down"
1.60446920772643,6.68561302885615,2.45967036573441,0.0152310730725021,0.0389977065474211,-4.16869588105853,"PACRG","135138","PARK2 coregulated","Up"
-1.42875846180876,9.70512232102953,-2.4590523249244,0.0152561127672326,0.0390472776127395,-4.17014937141111,"TSPYL5","85453","TSPY like 5","Down"
1.153177202857,3.67339272664941,2.45767859500788,0.0153119002909781,0.0391695677178875,-4.17337887906937,"FCGR2C","9103","Fc fragment of IgG receptor IIc (gene/pseudogene)","Up"
1.50934563863478,4.58991488985769,2.45742418221878,0.0153222519762198,0.0391910374952991,-4.17397679899441,"SEMA3A","10371","semaphorin 3A","Up"
1.92181856310032,3.70626601304059,2.45460081135536,0.0154375498797744,0.0394637663638967,-4.18060849275959,"CLIC6","54102","chloride intracellular channel 6","Up"
2.62793015731807,9.58890907016615,2.45308978231195,0.0154995725330686,0.0395941305139555,-4.18415483318338,"AQP1","358","aquaporin 1 (Colton blood group)","Up"
-1.63690062391723,10.2953089805124,-2.45071537457395,0.0155974822297417,0.0398288228424304,-4.18972348173134,"BAALC","79870","brain and acute leukemia, cytoplasmic","Down"
1.41336029141256,8.4050775015358,2.44969936568193,0.0156395456978354,0.0399209480449851,-4.19210480619779,"GALNT10","55568","polypeptide N-acetylgalactosaminyltransferase 10","Up"
2.6579246284541,6.21614824145426,2.44828939624713,0.0156980866745513,0.0400550465626511,-4.19540800689248,"PIRT","644139","phosphoinositide interacting regulator of transient receptor potential channels","Up"
-2.37910145338291,6.52278716943231,-2.44782440305127,0.0157174355936727,0.0400993029740639,-4.19649698827413,"ERBB3","2065","erb-b2 receptor tyrosine kinase 3","Down"
1.07755372015345,9.06075437540142,2.44694518708117,0.0157540788251361,0.04018254143989,-4.19855553549532,"DALRD3","55152","DALR anticodon binding domain containing 3","Up"
1.4032476118188,4.26473923805823,2.44643013926962,0.015775579850888,0.0402271254240015,-4.19976112689384,"ADAMTS15","170689","ADAM metallopeptidase with thrombospondin type 1 motif 15","Up"
-1.07680112239363,9.52202983460373,-2.44598208027196,0.0157943056158259,0.0402578929613745,-4.20080972711741,"MAOA","4128","monoamine oxidase A","Down"
1.07840489298021,11.4577729272816,2.4424141753458,0.015944126500273,0.0405690116865016,-4.20915351364673,"S100A6","6277","S100 calcium binding protein A6","Up"
-2.32675844009382,6.64813305197237,-2.44144841460945,0.0159848968264695,0.0406624069684903,-4.21141010224139,"BRINP3","339479","BMP/retinoic acid inducible neural specific 3","Down"
1.98396961592833,5.32780828121834,2.44066860667661,0.0160178846504405,0.040735962654298,-4.21323160172349,"PRPH","5630","peripherin","Up"
1.17749928326626,8.68262065481538,2.43835406901137,0.0161161522030036,0.0409338399296043,-4.2186348481426,"SRGAP1","57522","SLIT-ROBO Rho GTPase activating protein 1","Up"
-1.64853933065378,8.7654884643755,-2.43700508657632,0.0161736724444331,0.0410590869934998,-4.22178186848821,"KIF21B","23046","kinesin family member 21B","Down"
2.06962637312649,3.81527548652035,2.43514028987177,0.0162534874189636,0.0412460074570274,-4.22612961038237,"WDR38","401551","WD repeat domain 38","Up"
1.51264773510743,3.52709944253929,2.43407652689246,0.0162991741037444,0.0413514552743615,-4.22860839690639,"HKDC1","80201","hexokinase domain containing 1","Up"
1.57400420137179,4.17105575962988,2.43325350253546,0.0163345997919613,0.041425572067153,-4.23052553550371,"CDH1","999","cadherin 1","Up"
1.6554378742142,4.79642909719692,2.43217772239812,0.0163810081090117,0.0415222132569363,-4.23303054780763,"CFAP100","348807","cilia and flagella associated protein 100","Up"
-1.11454361872972,7.37860212097935,-2.43132318805611,0.0164179555293762,0.0415947874225946,-4.23501965755607,"DOK4","55715","docking protein 4","Down"
1.68644958011268,9.2164549967316,2.4310893534992,0.0164280787092279,0.041609896282507,-4.23556384597947,"SOCS3","9021","suppressor of cytokine signaling 3","Up"
-1.11053076071795,6.18057975281598,-2.43026497781629,0.0164638118958484,0.0416845715768462,-4.23748198283862,"ADAM19","8728","ADAM metallopeptidase domain 19","Down"
1.77222766650269,6.80488960696012,2.43001125026457,0.0164748238000451,0.0417071744612807,-4.238072230422,"ADAMTSL4","54507","ADAMTS like 4","Up"
1.29730946130243,3.47571377534556,2.42959590208847,0.0164928642479723,0.0417422814685872,-4.23903833552733,"FAM181A","90050","family with sequence similarity 181 member A","Up"
-1.41903110983892,4.04625850455444,-2.42849569400081,0.0165407361169865,0.0418475603809496,-4.24159670564989,"SYT9","143425","synaptotagmin 9","Down"
2.1898147280286,3.99605339152751,2.42659660312041,0.0166236592283531,0.0420520356785511,-4.24601027232678,"FMO1","2326","flavin containing monooxygenase 1","Up"
1.73047986227298,6.33542434541136,2.42600915778738,0.0166493844963298,0.0421039376460765,-4.24737488213582,"CH25H","9023","cholesterol 25-hydroxylase","Up"
-1.18168211448785,12.8863036779905,-2.42558222959905,0.0166681026187911,0.0421431478698539,-4.24836642854812,"ABAT","18","4-aminobutyrate aminotransferase","Down"
1.56932301553398,8.62348128707527,2.42464485973126,0.016709265998664,0.042225879100072,-4.25054292413534,"LOC101930489","101930489","uncharacterized LOC101930489","Up"
1.50557310604372,5.76831257023284,2.4219516880595,0.0168280359623975,0.0424938174302268,-4.25679197657092,"CCR1","1230","C-C motif chemokine receptor 1","Up"
1.20839661240249,9.37272731200189,2.42174866814068,0.0168370195368344,0.0425057728546934,-4.25726279335686,"AHR","196","aryl hydrocarbon receptor","Up"
-1.04470455112367,9.95616407256976,-2.42168995174026,0.0168396185149158,0.0425069704299671,-4.25739895390754,"PLCL2","23228","phospholipase C like 2","Down"
-1.44019530676982,9.58010048030124,-2.42158623992614,0.0168442100061266,0.0425131966182132,-4.2576394493317,"GADD45B","4616","growth arrest and DNA damage inducible beta","Down"
2.10876874213609,3.86721930231124,2.42057289849804,0.0168891308139549,0.0426211957864273,-4.25998877367056,"ROPN1L","83853","rhophilin associated tail protein 1 like","Up"
2.30076759430926,8.31127319804402,2.42033636085196,0.0168996316838408,0.042642316950259,-4.26053703188427,"LYPD1","116372","LY6/PLAUR domain containing 1","Up"
-1.67682688350191,10.2776423887542,-2.4189894301025,0.0169595379933062,0.0427611186681888,-4.26365808017522,"ALCAM","214","activated leukocyte cell adhesion molecule","Down"
1.12401568299125,6.5078862986732,2.41788499330945,0.0170087996989751,0.0428799213177162,-4.2662160491395,"NDUFA4L2","56901","NDUFA4, mitochondrial complex associated like 2","Up"
-1.89585462473577,7.21437582400349,-2.41719538591363,0.0170396229566438,0.0429468047988879,-4.26781269746903,"ELFN2","114794","extracellular leucine rich repeat and fibronectin type III domain containing 2","Down"
2.27458737421341,7.84810437033231,2.41657686881462,0.0170673108734309,0.0430003385776014,-4.26924439676895,"TIMP4","7079","TIMP metallopeptidase inhibitor 4","Up"
1.17057755159474,4.57209359386544,2.4122124160307,0.0172638232664116,0.0434003944392842,-4.2793374136561,"LRRC18","474354","leucine rich repeat containing 18","Up"
1.13352048122347,8.01527751875438,2.41218322889948,0.0172651441666548,0.0434003944392842,-4.27940485429601,"MFGE8","4240","milk fat globule-EGF factor 8 protein","Up"
1.49173240182235,3.58500647683243,2.41174365543079,0.0172850484637107,0.0434395132035499,-4.28042045550975,"DRC7","84229","dynein regulatory complex subunit 7","Up"
1.96086902745792,9.46993705424231,2.40909762121513,0.0174052940783841,0.0437032779400389,-4.28653034621674,"CAPS","828","calcyphosine","Up"
1.31825098820217,3.6466500413429,2.4083599056789,0.0174389506234486,0.0437713066269396,-4.28823269456507,"LOC100653137","100653137","cadherin-23-like","Up"
1.57613102793373,3.97202574707882,2.40724145667439,0.0174900873528521,0.0438848704254085,-4.29081271311066,"DNAH6","1768","dynein axonemal heavy chain 6","Up"
1.33842716109328,11.0230428623354,2.40695997221107,0.0175029780643816,0.0439098985265906,-4.29146186411542,"PLTP","5360","phospholipid transfer protein","Up"
1.36919251022176,4.71340435355166,2.40553659821495,0.0175682912582964,0.0440517362081385,-4.29474334454785,"ACAN","176","aggrecan","Up"
1.45143090683898,3.92240667537994,2.40176399482796,0.017742448353869,0.0444438668105494,-4.30343221505623,"RBM20","282996","RNA binding motif protein 20","Up"
-1.03160173003643,3.99989890230686,-2.40138926388016,0.0177598305855548,0.0444654938280305,-4.30429459619083,"C4orf19","55286","chromosome 4 open reading frame 19","Down"
-1.20458584482578,8.31003320439645,-2.40124634100486,0.0177664641674499,0.0444717930576657,-4.30462347709417,"CPT1C","126129","carnitine palmitoyltransferase 1C","Down"
1.12934286031176,10.493938005006,2.39752791461587,0.0179398238734871,0.0448428356118013,-4.3131736885062,"HLA-DPB1","3115","major histocompatibility complex, class II, DP beta 1","Up"
1.54379591636035,4.20388275082077,2.39344995587911,0.01813166765618,0.0452601715280342,-4.32253668798417,"CLDN1","9076","claudin 1","Up"
-1.15671600386114,4.56884868962615,-2.39240477192627,0.0181811290431283,0.0453666561194648,-4.32493408565456,"TSHZ2","128553","teashirt zinc finger homeobox 2","Down"
-1.73260153461355,9.6103198481271,-2.3915071731138,0.0182237015964907,0.0454615458654601,-4.32699219464208,"EFHD1","80303","EF-hand domain family member D1","Down"
1.13204484567534,4.86503600295929,2.38978545971608,0.0183056085778636,0.0456374219086999,-4.33093794349064,"LOC100996412","100996412","uncharacterized LOC100996412","Up"
1.91591475529401,4.08305121196461,2.38625368545302,0.0184746464990929,0.0460244368705455,-4.33902377735971,"WDR72","256764","WD repeat domain 72","Up"
1.94789188590355,7.34383177378538,2.38540606481572,0.0185154204216819,0.0461087896908876,-4.34096273775428,"IFI44L","10964","interferon induced protein 44 like","Up"
1.44448193244444,3.9563148012858,2.38527487110844,0.018521738475224,0.0461187830334545,-4.34126279139922,"GALR1","2587","galanin receptor 1","Up"
1.25356005946535,3.97125900454189,2.38304256365455,0.018629535311018,0.0463814227187079,-4.34636599619242,"C15orf48","84419","chromosome 15 open reading frame 48","Up"
1.59963884736962,4.92599803388237,2.38294871413875,0.0186340793888766,0.0463869635850759,-4.34658044671851,"BEST3","144453","bestrophin 3","Up"
-1.97488919458502,8.27687888702142,-2.38207775361077,0.0186762970448264,0.0464747108178909,-4.34857026351079,"SEZ6L","23544","seizure related 6 homolog like","Down"
-1.20090729383334,7.60906715662929,-2.37927037071795,0.0188129547478352,0.0467508117798954,-4.35497954475674,"BCL7A","605","BCL tumor suppressor 7A","Down"
1.30982049541242,9.23866130964101,2.3781975220281,0.0188654120608547,0.0468637073629899,-4.35742704125278,"OSMR","9180","oncostatin M receptor","Up"
1.33930597296094,9.57175700630982,2.37798791031229,0.0188756761983802,0.0468775637662601,-4.35790511178631,"ACKR3","57007","atypical chemokine receptor 3","Up"
1.10532377242629,10.1610593738961,2.37775145895804,0.0188872605327603,0.0468946911738564,-4.35844435034782,"KIF9","64147","kinesin family member 9","Up"
1.38003417740992,4.75057722647781,2.37570890263262,0.0189875925320928,0.0471087256683508,-4.36310045359322,"F2RL2","2151","coagulation factor II thrombin receptor like 2","Up"
1.76002199503688,9.38707635167343,2.37514014963671,0.0190156139196976,0.0471650800666121,-4.36439630071673,"TMEM255A","55026","transmembrane protein 255A","Up"
-1.11431454490046,5.81805021584225,-2.37506806596359,0.0190191679567847,0.0471650800666121,-4.36456051591131,"BTNL9","153579","butyrophilin like 9","Down"
1.82907242341426,4.85502343684444,2.37328048401443,0.0191074916327737,0.04735921520031,-4.36863138069497,"DCDC2","51473","doublecortin domain containing 2","Up"
1.51879246593136,4.4346641578329,2.37278845045882,0.0191318663826563,0.0474020124727931,-4.36975139731799,"CYP27C1","339761","cytochrome P450 family 27 subfamily C member 1","Up"
1.1445212977825,6.91355053241136,2.37199200081186,0.0191713798212002,0.0474940312138129,-4.37156390594146,"MIR3658","100500832","microRNA 3658","Up"
-1.2280484637643,4.18713558594467,-2.37103243210743,0.0192190817527227,0.0475945251425577,-4.37374689019713,"GFRA2","2675","GDNF family receptor alpha 2","Down"
-1.63339535617436,6.57450465240166,-2.36919571204153,0.0193106812715785,0.0477740571535144,-4.37792310584612,"GSTT1","2952","glutathione S-transferase theta 1","Down"
-1.22591556933407,7.12813690509047,-2.368200537954,0.0193604728813902,0.0478913181179494,-4.38018463022456,"PNPLA4","8228","patatin like phospholipase domain containing 4","Down"
1.26081938724333,5.80795268725272,2.36549120069468,0.0194966048615833,0.0481744563993698,-4.38633716445347,"TRAC","28755","T-cell receptor alpha constant","Up"
-1.81375973347753,9.79138798498976,-2.36525313629463,0.0195086068602632,0.0481981597250291,-4.38687746772291,"HEPN1","641654","hepatocellular carcinoma, down-regulated 1","Down"
-1.04276363146318,10.9936308610382,-2.3613035629857,0.0197086792327299,0.0486444048123893,-4.39583402015424,"PHYHIPL","84457","phytanoyl-CoA 2-hydroxylase interacting protein like","Down"
1.73085659958533,4.62469916116053,2.36078336351733,0.0197351654722587,0.0486917567645184,-4.39701266788778,"WDR66","144406","WD repeat domain 66","Up"
1.22387744501045,4.1469241529526,2.35758502371921,0.0198987027450926,0.0490347759355914,-4.40425411070174,"MIR155","406947","microRNA 155","Up"
1.41276365279869,6.29051536497503,2.35465486608754,0.0200495766728231,0.049339714697807,-4.41088045497184,"CACNG4","27092","calcium voltage-gated channel auxiliary subunit gamma 4","Up"
1.33468694099171,3.18733277521503,2.35245474076776,0.0201635242328219,0.0495591682218756,-4.41585091541721,"C22orf23","84645","chromosome 22 open reading frame 23","Up"
1.46200236007797,5.70958397414592,2.3521442845069,0.0201796491365897,0.049586617572556,-4.41655194627463,"AZGP1P1","646282","alpha-2-glycoprotein 1, zinc-binding pseudogene 1","Up"
-3.39185113714543,8.50821552584071,-2.35055738122117,0.020262249826236,0.0497712501256603,-4.42013395376739,"RPS4Y1","6192","ribosomal protein S4, Y-linked 1","Down"
1.00787291483208,5.04001516329799,2.3503929203677,0.0202708273024894,0.0497755905002129,-4.42050505311308,"PPIL6","285755","peptidylprolyl isomerase like 6","Up"
