"Gene.symbol","logFC","adj.P.Val"
"ANKRD34C",-5.65388765095549,1.34921110210806e-52
"GLS2",-5.50193731906101,2.57151902914915e-41
"CARMIL2",-3.20595105415391,1.87333575183099e-40
"CNNM1",-4.82352494569711,1.71141828281125e-39
"PRSS3",-4.66858115750217,2.29369438220238e-38
"DCTN1-AS1",-4.1485630911666,4.89384412963148e-38
"SDR16C5",-4.00997903277331,2.80565154391068e-36
"GJB6",-9.29804683670895,1.35626347531504e-35
"GPR26",-4.11747115450651,1.89576764366921e-35
"VWA5B2",-2.12729785715431,5.48819311666727e-35
"SLC32A1",-5.87105477311749,9.52403824541849e-35
"EGR4",-6.97362303416122,1.75129999402935e-34
"SPTB",-4.92237891763531,5.22010200648272e-34
"SLC6A17",-4.30634511010763,5.72891196017981e-33
"PHF24",-5.73578287565497,1.48295608885162e-32
"HAR1A",-3.41108680584846,1.89393658838008e-31
"OTUD7A",-4.62423528900763,3.83787593458939e-30
"WEE1",5.40032028548922,5.04286072883615e-30
"MTUS2",-2.635472179681,2.3241056346463e-29
"CAMK2A",-7.16057833718883,2.39059640164478e-29
"LGI3",-5.47242752440039,2.98535441176197e-29
"TMEM191A",-2.86331016406318,3.51918434322157e-29
"GABRA4",-6.22992094577923,3.59573836556475e-29
"PRSS2",-1.88406209183485,4.05384907314352e-29
"LINC00950",-2.08534326555267,1.86512446202715e-28
"RGS7BP",-6.00413240273708,2.49449900958392e-28
"ANKRD34A",-5.74513047988087,2.73732380824545e-28
"STYK1",-4.09668889477476,1.91978317467251e-27
"NPM2",-3.75877872831111,2.06932034334394e-27
"ARHGDIG",-5.51073701142748,6.1310661550178e-27
"IQSEC3",-4.35129923401756,8.4557830116281e-27
"NEDD1",3.30248540519506,2.56672434283027e-26
"RYR2",-5.18313549187627,3.4654378798766e-26
"PVALB",-7.0877786066455,4.88757936864938e-26
"CAMTA2",-2.66490885626522,6.35700932473237e-26
"SCN2B",-6.67130611443682,8.29071504237158e-26
"ABLIM2",-4.71821638039041,1.22121500744998e-25
"CCKBR",-3.91488082399967,1.61559361855715e-25
"CYP4X1",-5.24597316749106,1.61559361855715e-25
"CPNE9",-4.32117405294688,1.75026362966171e-25
"LOC285147",-5.72201265650132,1.86398894933912e-25
"UHRF1",5.82854747315332,2.81727191487356e-25
"KIAA0513",-3.97646810351776,3.05273856397743e-25
"CABP1",-4.84460735846009,6.87217968184582e-25
"IPCEF1",-6.71853812981065,9.7286315855174e-25
"CHST14",3.45065919100486,2.1789302675291e-24
"BTBD9",-2.8533328400242,2.62144984669918e-24
"SNAI3-AS1",-1.11606742046529,2.66093481958226e-24
"TMEM218",2.68349394791821,2.80932093721081e-24
"CTXN3",-4.32996785846318,3.18917992790144e-24
"RFPL2",-2.27632589327482,3.96462061363663e-24
"CREG2",-5.0158851204405,6.93295368011281e-24
"WDR5B",3.13217067887127,9.68669097957938e-24
"KCNAB2",-4.75501561851499,1.66050710618446e-23
"LINC01123",-3.93296066339981,1.71049553299612e-23
"DGKZ",-2.99747473717463,1.71049553299612e-23
"CLEC2L",-5.60192254743465,2.33222335859985e-23
"GAD2",-6.00240600894458,2.94543104612988e-23
"PACSIN1",-8.56083676759764,3.21498503401571e-23
"SYT5",-2.90057048960276,3.35569686492288e-23
"OR2L13",-3.15120221662183,3.97438192971484e-23
"LOC101930363",-5.55387373542341,3.97438192971484e-23
"SEC14L5",-5.37546771379132,5.13145327374766e-23
"CARTPT",-3.05992881254925,5.69827320370891e-23
"CDK2",4.2280248975806,5.91620679450244e-23
"VEZF1",2.45732602733339,6.28321175403192e-23
"INPP5J",-2.29833081407022,9.73578404621086e-23
"NUP37",3.02568179187206,1.17810156119542e-22
"BSN",-5.61333096140474,1.26003246286696e-22
"GOT1",-2.73918422587574,1.26691013963009e-22
"RBM12",1.82136350491683,1.41482262873256e-22
"ARHGAP44",-5.30089024847581,2.83034716223265e-22
"SNCB",-6.34279428273235,3.64170465748557e-22
"LINC00507",-4.33506160299336,3.88822885238918e-22
"CACNG3",-5.98277176052202,4.93382805270523e-22
"TRPM2",-2.52266366578048,4.93382805270523e-22
"RAB40B",-3.15232705573044,5.14709508421379e-22
"PIN1",-1.70378090714004,5.16639222408342e-22
"PRSS3P2",-1.04347723365352,6.0753456681547e-22
"KCNH3",-4.22919342962196,7.26704334954742e-22
"SLC12A5",-8.60194804339238,7.87490937976327e-22
"NKAIN2",-5.30988945193492,1.10267992188762e-21
"ABCG4",-2.89319524281052,1.24777168092464e-21
"STX1B",-4.33037517499421,1.76392678940805e-21
"MARCH11",-4.32884069454885,1.98772935085758e-21
"DLG2",-5.78200800749895,2.13130352764927e-21
"TMEM151A",-4.38527009731046,2.16585224910603e-21
"RELL2",-3.78785339142071,2.49659144355176e-21
"LINC00889",-4.71704153366286,2.49977961471512e-21
"KRTAP5-AS1",-2.39185662051585,3.16090481920896e-21
"KCNJ9",-6.82736620754556,3.61227139610506e-21
"LRTM2",-2.88553673753662,3.69405375795826e-21
"PPFIA3",-3.51258232143787,3.74677885562121e-21
"KCNV1",-4.45842642091072,4.51121456985714e-21
"NCDN",-3.84698907561269,5.0364244472683e-21
"SYN2",-7.09132788980474,6.5048009480011e-21
"MFSD4A",-5.49777075926792,6.52123317134926e-21
"MDH1",-1.51403772107101,8.86960607504651e-21
"FRMPD4",-5.8880038960238,1.2325808772204e-20
"LY86-AS1",-3.46957984816233,2.00867395802837e-20
"LOC102725213",-2.40526012295549,2.06782733781934e-20
"F2R",4.52537741407843,2.20649366761249e-20
"ENTPD3",-4.51749945321447,2.44507485099943e-20
"STAR",-2.12245594108514,2.6968850445367e-20
"DPH6",2.77911116442124,3.47002495480381e-20
"SHANK1",-1.85924383093761,3.47002495480381e-20
"MIR4745",1.99718176964398,3.48869542446678e-20
"IQSEC2",-2.49178861545076,4.00918922500129e-20
"ADAM11",-5.26182480471559,4.42035531402861e-20
"GPR22",-3.87906995510908,5.5115793804952e-20
"OPALIN",-5.35344481831289,7.31439334088506e-20
"KRT222",-5.63567432128836,7.31439334088506e-20
"CASKIN1",-3.97140880203491,8.61305249372868e-20
"PPP4R1",1.64886637629033,1.00376605508932e-19
"YJEFN3",-4.04555946737127,1.15601603210294e-19
"SCN1B",-3.78976407646463,1.22385714304067e-19
"LOC101930630",-1.50016103036654,1.50266785812454e-19
"NECAB1",-4.39096633307725,1.59455504606357e-19
"FNDC9",-3.53665138542827,1.96912807412992e-19
"DYNLT1",2.13322872281078,2.04077920875711e-19
"LOC401220",-2.92578836607916,2.43175351532929e-19
"RBM3",2.74355770350512,2.6594662968934e-19
"LOC283713",-4.05289879034293,2.6594662968934e-19
"PABPC1L2B",-3.1374481193165,2.67355791431242e-19
"LOC101930324",-2.89678134000901,2.74655617729413e-19
"PANX2",-3.5680566057384,3.05470930087983e-19
"CES4A",-3.47520778943005,3.30964761022758e-19
"ITPKA",-5.00858659639356,3.40350175893071e-19
"GPX7",4.33504854387771,3.52419661867099e-19
"TP53INP1",3.18515446033563,4.05947405890447e-19
"GABRA1",-7.24913474764011,4.3894107516605e-19
"MCHR2",-1.46896420316844,4.58887624550373e-19
"CPLX2",-5.83229603634385,4.59120858864142e-19
"SYT3",-3.79193407451703,4.84988604224375e-19
"SST",-7.43808476087475,5.21342445669092e-19
"B3GNT4",-1.40949327288356,6.17426557299836e-19
"ICAM5",-2.28204880729422,6.86598283340671e-19
"LOC100287576",-1.8676881265597,7.96241527345218e-19
"PAK1",-3.54512007117443,8.35961290431766e-19
"RTN4RL1",-4.01854568760855,8.43463497619212e-19
"YBX1",1.49090258057198,1.18852479868661e-18
"MVB12A",2.38264225318106,1.22948506463412e-18
"SLC26A4-AS1",-3.85880483747028,1.22948506463412e-18
"LYNX1",-3.77431215096148,1.26451495524157e-18
"GTF2H2B",2.68439861763543,1.33869606374543e-18
"MGME1",2.03458691838304,1.33869606374543e-18
"SPTBN4",-2.59956466502413,1.35000570345403e-18
"TLN2",-4.18779448309448,1.50955648584953e-18
"LMO7",-1.64768515449553,1.5154662352168e-18
"SMC1A",1.99099516536468,1.82598655214252e-18
"MADD",-2.2555591975578,1.93703826908856e-18
"AKAP5",-3.09297735479941,1.95998483431144e-18
"SVOP",-6.85126862050638,2.14113186493671e-18
"HS3ST4",-5.36336765321368,2.18140377818646e-18
"RGS8",-3.53001416035996,2.84499698723907e-18
"MAP2K4",-1.96413456394971,3.68034920642279e-18
"GARNL3",-3.11274906032492,3.82573659288493e-18
"HTR5A",-1.21926147157397,4.45506923851266e-18
"PELI3",-2.62957870117259,4.49123802451785e-18
"NEFL",-6.06534831875885,5.24261600902572e-18
"DGCR5",-4.6594090672831,5.37307314029403e-18
"ANXA3",-4.09001239431637,6.1100077645847e-18
"DDOST",1.57654569052328,6.40415842012133e-18
"ATP2B3",-3.75297569764372,6.69327193882841e-18
"DLG4",-3.44322844557542,6.86757391966396e-18
"VIP",-3.69308765106253,6.87994742940088e-18
"CLEC4GP1",-1.25738369962295,7.41483553181389e-18
"FBXW7",-2.88213420502893,8.92732543303039e-18
"CCDC90B",1.19178053714385,1.05251717583813e-17
"PRKCE",-4.2165256085121,1.06439107891272e-17
"CALY",-6.15828441183307,1.0720713245847e-17
"PRRT3",-3.27050698790013,1.1096852563254e-17
"PNMAL2",-4.31752277639922,1.1096852563254e-17
"DMTN",-4.25487246921414,1.11580531185292e-17
"SMIM15",1.1232462935063,1.12877675974757e-17
"FABP3",-3.88937525736233,1.21956819327112e-17
"MOBP",-6.45858739550072,1.57584445760608e-17
"DTNB",-2.64925526510329,1.59521566925226e-17
"MAPK8IP2",-2.67153101846562,1.73065399415415e-17
"FAM114A2",1.75183907109586,1.73065399415415e-17
"HTR2A",-4.79688568553169,1.78388422268038e-17
"RXFP1",-3.10690453523761,1.84497483494305e-17
"CDH9",-2.34606838710191,2.19682571581685e-17
"CYP20A1",1.97546378255429,2.24600652063101e-17
"OGDHL",-4.91957822945201,2.25981599780141e-17
"PRDX4",2.20331172421973,2.96254980176739e-17
"SLC25A41",-1.12101021728008,3.23901585870987e-17
"RASAL1",-2.3312946369718,3.28217437610174e-17
"UMPS",1.64638290612235,3.42656356124248e-17
"RBM11",-2.96587222623695,3.47198035739001e-17
"GABRB2",-6.32428610274649,3.75135097381551e-17
"CKLF-CMTM1",2.66193147106805,3.75135097381551e-17
"GNAI3",1.47528632034096,3.77485499988439e-17
"HMGN1",1.71487528611703,4.02639220405289e-17
"PSD",-2.64494023291513,4.08743625825813e-17
"PPP1R16B",-4.97735775055654,4.42537318482082e-17
"CDK1",5.22345691439355,4.44667028661604e-17
"STAT4",-3.68993829176003,4.58427027128963e-17
"SYNPR",-8.14239158278416,4.72158520508502e-17
"SNRPG",1.43581792638066,4.76038856346182e-17
"SYT12",-2.8867990367054,5.04967594910817e-17
"SEC61B",1.01981246194904,5.08418057270274e-17
"UNC13A",-3.08825458958739,5.08418057270274e-17
"HSD17B10",1.7215754389879,5.19654124640986e-17
"MYPOP",-2.42257963370112,5.19654124640986e-17
"RUSC2",-2.659935614905,5.99887902063979e-17
"ZNF70",2.36663274106528,6.10938241946482e-17
"CNTNAP4",-4.66917272732137,7.14406194652909e-17
"MIR7-3HG",-4.99432660293846,7.37624601115431e-17
"KIAA1644",-5.06241246104392,7.41650408537651e-17
"METAP2",1.09738340744523,7.61204325167794e-17
"RAB40C",-1.71473666539613,8.63655133580161e-17
"LOC100132207",-1.12808110230927,9.18279657495155e-17
"SEC11A",1.31816235325036,9.18279657495155e-17
"BCDIN3D",2.47116373649717,9.56548514391067e-17
"RPN2",1.36746496832813,9.66649344025231e-17
"LOC100506563",-2.98361576743662,9.86942145245527e-17
"E2F5",3.26668061243938,1.1336341054954e-16
"YWHAH",-2.22573395178081,1.19182369731089e-16
"GFOD1",-2.97164111663038,1.36665447194845e-16
"CABLES1",-4.5639940482622,1.41189094640181e-16
"RFPL3",-1.10178697546548,1.4357980306098e-16
"SULT4A1",-6.26513229866273,1.52602935682764e-16
"MOAP1",-1.83071435646622,1.54329993718692e-16
"ATRAID",1.58418846378244,1.68328752429694e-16
"SOWAHA",-5.20756926950796,1.68716528314016e-16
"NDEL1",-1.7989421021476,1.68716528314016e-16
"HNRNPM",1.16334284305193,1.70896972031067e-16
"AGAP2",-3.71816550560086,1.85796292015432e-16
"NUDCD3",-1.44931037733603,1.92171231711333e-16
"KCNC4",-3.23934827075444,1.96151997416643e-16
"NKRF",-1.24495071197692,2.22730136415434e-16
"MAPK9",-1.60351860465753,2.4154881202374e-16
"CEND1",-3.44225700645464,2.72034474177548e-16
"TTC7B",-2.09000895921585,2.75137122180078e-16
"PRKCG",-3.7065667628881,2.88860877443449e-16
"PHLPP2",-1.98685405691927,2.88860877443449e-16
"PRKD3",2.42326723404273,3.34136023261448e-16
"UNC13C",-7.53074319372354,3.70372367758137e-16
"C3orf80",-3.07823673272413,3.75438219510242e-16
"VANGL2",3.68891452382918,4.08995803448451e-16
"ANKRD29",-3.61159117115779,4.19726645588499e-16
"HECTD4",-2.28279711200126,4.2495177335542e-16
"HBG2",-4.85931918075681,4.47887251828881e-16
"PIK3CB",-1.4463861675338,4.9075532002665e-16
"KDELC2",2.52438629898218,4.94136805116897e-16
"ZNF22",1.4640949867756,5.34961900311022e-16
"TPMT",-1.7817592091027,5.75187747440701e-16
"RIMS1",-6.36765889209396,5.89917741554269e-16
"LARP6",-2.3871980928457,6.55755334682648e-16
"ATXN7L3",-1.6065329053503,7.58523461298325e-16
"DDN",-4.44565960179455,8.20553686188161e-16
"LOC100506851",-1.25793943817495,8.80850689552786e-16
"WDR7",-2.13056870757173,9.02916777316035e-16
"CDK5R2",-5.15909839984714,9.76307717579649e-16
"BTBD10",-1.59989246019495,9.842105756031e-16
"SPG21",1.12412198873017,9.842105756031e-16
"CORO6",-3.93508903752098,1.00543775797558e-15
"BICDL1",-4.18114989893189,1.03581291349766e-15
"RAB3A",-4.09051707802124,1.04631728374717e-15
"SNCG",-3.76123516528988,1.07613894929785e-15
"HAUS1",2.43348025062833,1.08927040401894e-15
"CSRP2",3.07027772663844,1.11063783668985e-15
"LOC101927826",-4.20793469733386,1.11612558236241e-15
"B3GNT5",3.6427055962134,1.19469278706973e-15
"BCL2L2",-2.49539716752052,1.19469278706973e-15
"NCS1",-3.50035639699652,1.21910920165044e-15
"RYK",1.75649986533281,1.30394260274783e-15
"TESPA1",-2.0836019198265,1.33912943140864e-15
"TMEM258",1.24298417278172,1.35099339849493e-15
"LZTS3",-2.74789612305366,1.35760327340929e-15
"SMIM10L2B",-3.89950190460283,1.47752992103465e-15
"MAP7D2",-5.59570932451223,1.49697240723366e-15
"GART",2.07495593248954,1.60246780537959e-15
"PPP4C",1.69249192796713,1.63022302599118e-15
"DLGAP2",-5.05499455733281,1.70421021514074e-15
"C2CD2L",-2.01705793851203,1.78484304284989e-15
"CRY2",-2.32575112045852,1.82337277790642e-15
"NPAS4",-4.47184386264582,1.84032583729105e-15
"CEP135",2.2711393762142,1.92807994238003e-15
"JAKMIP1",-4.60778658018719,2.00899031528729e-15
"RIMS4",-3.23232018659218,2.00911277706022e-15
"MAP3K10",-2.1134334090077,2.00911277706022e-15
"NME6",2.04367972274622,2.01886916173014e-15
"KDELR2",1.71843672272465,2.02810106992005e-15
"METTL18",1.86743381277955,2.21800945064788e-15
"LOC101929748",-3.72604342142702,2.40936144001694e-15
"LOC284578",-2.78269985303715,2.40936144001694e-15
"SCN8A",-4.04864140218823,2.61369616938249e-15
"FPGT-TNNI3K",-3.04400806090723,2.97621814707725e-15
"TCF12",2.05630139337343,3.16304659240156e-15
"CAMKK2",-3.17957963704918,3.18805941909336e-15
"LYPD8",-1.8544449244052,3.29844249550266e-15
"TGFBR1",2.27518756445259,3.42180057746761e-15
"ACTL6A",2.78196270001124,3.72498192640841e-15
"TPRG1L",-2.3205427722077,3.84529434274378e-15
"GRIN1",-1.66039056404787,3.94219716297458e-15
"VSNL1",-7.80856208596917,3.99231919892558e-15
"KIAA1107",-4.95731087118108,4.06196901434569e-15
"CNST",-2.09400768665641,4.17186583756436e-15
"PPP3CA",-2.16450908339718,4.24647304731212e-15
"MAST3",-3.81887824388429,4.43901155688682e-15
"SHANK3",-3.918479553605,4.49512226544627e-15
"HS6ST3",-5.43017300094208,4.66747141247621e-15
"NDRG3",-1.96641323831644,5.2403045619102e-15
"LOC283484",-2.87084974277061,5.27831378968012e-15
"MAPRE1",1.26401578684858,5.39332701763233e-15
"UBE2J1",1.33848623596311,6.19247098030667e-15
"ADAP1",-4.44191007123748,6.48314257276113e-15
"MCM5",3.36938921858527,7.25822122395504e-15
"CC2D2A",2.93246484275832,7.33202046698702e-15
"PRPF40A",1.38800440254983,7.35384072428671e-15
"SYN1",-6.24850415658817,7.61269632838732e-15
"IFT81",2.3610622576382,7.62700618590395e-15
"SUCO",1.48496635786141,7.78572697210669e-15
"UPP2",-2.68988697902637,7.86682859766114e-15
"MSANTD1",-1.48056669942821,8.55502456394957e-15
"HNRNPD",1.21942271846284,8.67711877434634e-15
"PPP1R3F",-2.87080288453228,9.00126057444705e-15
"ST6GALNAC6",-2.12831894324294,9.08019821995871e-15
"SLC45A4",-3.23878747184103,9.13452290364924e-15
"SREK1",1.54673092976173,9.56060743100648e-15
"IDS",-1.90618025999311,9.58783249564567e-15
"TMEM130",-6.15257566858462,9.98267411203349e-15
"MAP3K9",-4.45199029991894,1.01628513131533e-14
"CALN1",-6.13712722065674,1.0201754436255e-14
"NXPH2",-4.21323210518606,1.08628698188737e-14
"KCNN1",-2.82023947253176,1.11657305840636e-14
"CCK",-6.2925012001745,1.12087399791413e-14
"LOC100507547",-3.85738017783669,1.14087673209332e-14
"CLSTN3",-2.95809029926536,1.15407889380615e-14
"VIPR1",-3.71739291369882,1.178759285379e-14
"STX1A",-5.32512575758817,1.184308419987e-14
"PI4KA",-2.23336816416424,1.18504757398088e-14
"REPS2",-4.99802893182262,1.18504757398088e-14
"OIP5-AS1",-1.84114995170145,1.19037148433244e-14
"DCAF13",1.82445599347061,1.24389309616009e-14
"TMEM155",-4.72518321385779,1.28201789275815e-14
"ZDHHC15",2.99857240443977,1.29235119017145e-14
"PDIA4",2.17726786255574,1.32959713968736e-14
"TP53",3.3038179813637,1.32959713968736e-14
"TUBG2",-2.58137720115786,1.32959713968736e-14
"CEP170B",-2.14022596371815,1.35455007974968e-14
"LSM14A",1.35490520675785,1.45447861168166e-14
"RGR",-2.73441571159238,1.4604375943654e-14
"C19orf54",2.34612933394911,1.52668860951576e-14
"IL10RB",1.89586773898152,1.60482745574483e-14
"HPCAL4",-6.64951801109343,1.61083286315093e-14
"LOC728073",-1.30369575777653,1.68324754530876e-14
"TEF",-2.62803427661118,1.70136211681375e-14
"SEC61A1",1.65256883150413,1.70136211681375e-14
"PRKCZ",-4.62133824235049,1.71150100727004e-14
"RDX",1.78655242990795,1.73034685756061e-14
"FAM234B",-2.78952146721532,1.74261285305216e-14
"PHYHIP",-5.59344117499396,1.84623764415763e-14
"KIFC2",-2.49122706827404,1.90109714908764e-14
"AATK",-3.32461846344366,2.04425376015006e-14
"CCDC50",1.71415234405081,2.05510856050546e-14
"ANTXR2",3.77547119172649,2.07754603625912e-14
"CDH8",-3.00421965507916,2.08121709786652e-14
"GRM3",-6.34530837203084,2.09620751043981e-14
"FAM111A",3.00583567960454,2.25654284014537e-14
"CARD8",2.1875372371255,2.33953725066791e-14
"C6orf106",-1.84290584062124,2.33953725066791e-14
"HIVEP2",-2.62184906576667,2.3438180813432e-14
"SNORD96A",1.24699894650756,2.3438180813432e-14
"RAB15",-4.1041522894622,2.54275709480722e-14
"NRIP3",-4.97538002868626,2.59607386926526e-14
"SNURF",-1.46623447657534,2.99545795611125e-14
"NUP107",2.52409900016686,3.06781348903572e-14
"IL12RB2",-1.53621032711368,3.11052698336774e-14
"SLC26A8",-1.29344028636515,3.1390887725301e-14
"UTP23",1.64089740412373,3.21371204779515e-14
"CCDC68",-2.04978187816108,3.22685502517177e-14
"DGKE",-4.20700054370217,3.2901899065617e-14
"PIP5K1B",-4.92411430008922,3.3038352841273e-14
"OXCT1",-1.91049716958902,3.37751616526045e-14
"GUCY1B3",-3.41723899243985,3.42679737361375e-14
"PENK",-5.13532996097653,3.51324466718091e-14
"ATL1",-2.5593683379242,3.54651684877892e-14
"HAT1",1.5328150746497,3.65998211461534e-14
"DNAJC5",-1.52362854757976,3.70204778831028e-14
"RASGRF2",-4.76355873038817,3.77939069307651e-14
"TMCO1",1.32095436012307,3.77939069307651e-14
"LPCAT4",-4.05675347930434,3.81683575755364e-14
"VIM",2.67717956390163,3.83700237821748e-14
"HID1",-2.62991426950033,3.84008424864122e-14
"JAKMIP3",-3.28253055870046,3.99702106774006e-14
"SNX32",-1.62413654260723,4.02668514225548e-14
"SLC8A2",-5.81092297526772,4.05486421445983e-14
"KIRREL3",-4.32798409225668,4.05486421445983e-14
"OLFM3",-5.38452061648653,4.16483167370565e-14
"CAMK2B",-3.55898433188318,4.28344853967095e-14
"LGALS3BP",2.59287114246482,4.28885335189573e-14
"NEFM",-7.8005731714215,4.41804526940537e-14
"MYCBP2",-1.99155695018837,4.52060548611571e-14
"DOC2A",-2.88088121301677,5.04085327115154e-14
"STXBP1",-2.83890913763879,5.51670255608436e-14
"C8orf58",1.89454562556923,6.22467113442032e-14
"CA1",-1.24250845469665,6.22849555734512e-14
"LINC00294",-2.41973723485523,6.47866309173615e-14
"KIF4A",5.13424070540946,6.51864698109455e-14
"NAPB",-4.36500992285996,6.53930310408979e-14
"COX7A1",-3.94588872239974,6.5509070941826e-14
"PHACTR4",1.27042097939257,6.68110000120795e-14
"SPHAR",-1.66030850578088,6.71601965131233e-14
"TOM1L2",-2.06552982963045,6.71601965131233e-14
"PLGRKT",1.6342546985568,6.77808106726878e-14
"PPEF1",-3.02918687847081,6.83699023933578e-14
"SPHKAP",-6.65127379998488,7.01944472283741e-14
"SEMA4A",-1.76993331921618,7.04259448631527e-14
"TMEM39A",2.16506189675641,7.04259448631527e-14
"SYNGR1",-3.23962054488034,7.33187239169449e-14
"SLC43A3",3.35099045945989,7.38917501249564e-14
"C1orf56",2.76407553862801,7.49818372359054e-14
"ANO3",-5.02010601499665,7.57696703625583e-14
"CFAP97",1.11403278202965,7.67250033925699e-14
"XRCC5",1.29238577632958,7.9555989219756e-14
"FAM19A1",-6.23487043858797,8.11174155874126e-14
"GNS",1.54563290214392,9.20720230047374e-14
"NID2",4.42592657678054,9.4288668040331e-14
"LIX1L",1.62486725751886,9.54714598277231e-14
"CAMK4",-6.11657527590789,9.56179288200347e-14
"TYMS",4.29515302895627,9.56179288200347e-14
"HECW1",-2.45078780142637,1.01949620652314e-13
"PRRC1",1.44343211399361,1.03031835497982e-13
"XRCC4",1.70701866174996,1.08358787247829e-13
"LOC157562",-3.12250409995951,1.11529555466423e-13
"KIAA0101",6.20472513921104,1.23524710182107e-13
"AP3M1",1.55748088259769,1.25080351952446e-13
"PGLS",1.34912418122839,1.26356765436021e-13
"KCNK12",-4.49005645581026,1.26658051043198e-13
"ATP6V1E1",-1.54559873036674,1.28904910563461e-13
"HPCAL1",-2.30466603654379,1.49306269040745e-13
"GON4L",1.77299718383122,1.49306269040745e-13
"C1GALT1C1",1.40586003867488,1.49787806207574e-13
"PREPL",-1.1977962603386,1.50573290406066e-13
"CHRM1",-3.79529469963794,1.5905912441094e-13
"FAM60A",4.63607655067488,1.6099996550115e-13
"TLL2",-3.33204454243563,1.69305740203885e-13
"NUP160",2.49285233560552,1.69608006703149e-13
"MAN2B1",1.84801106216416,1.70707617268787e-13
"ZNF540",-4.37460926637035,1.79861844082783e-13
"BDNF",-4.02277034704116,1.82430406192846e-13
"ENAH",1.62118918796377,1.88155054430376e-13
"JPH1",-4.41159639592183,1.90097011470841e-13
"GNB5",-2.62754627619389,1.98792883407587e-13
"NUSAP1",5.27768799504227,2.09750493737742e-13
"C5orf15",1.17472064971222,2.20072338516288e-13
"AVPI1",-2.39571824248685,2.21774870311468e-13
"NELL1",-4.78294643450999,2.21774870311468e-13
"RAB3C",-7.1667983507361,2.29105044619668e-13
"RIMS3",-5.38649736057062,2.29105044619668e-13
"MAPK8IP3",-1.94764233130836,2.39736955819467e-13
"ENTPD4",-2.09930574716476,2.42290371083054e-13
"NSRP1",1.12937266629026,2.4427159265417e-13
"SMAD5",1.68469616518836,2.47880689409246e-13
"CHRAC1",1.86545694861558,2.58648662335702e-13
"CACNB4",-3.10870592587719,2.67341449258751e-13
"MCM2",4.59921949124767,2.67341449258751e-13
"RASD2",-3.59453532284971,2.68099532569412e-13
"LOC100129973",-1.51416261052939,2.73735166360624e-13
"SENP5",-1.51596285516404,2.78644118156003e-13
"PDXP",-2.9641232245624,2.79720132812601e-13
"CALM3",-2.22519608845792,2.94238166389384e-13
"SLC25A48",-2.56877591529744,2.98580145725998e-13
"AK5",-6.65379453785904,3.07728269685573e-13
"HSPB3",-2.50338308695714,3.09683721924562e-13
"PPP1R14B",2.79427529315319,3.23456938372119e-13
"SFT2D3",2.16104596312971,3.24770053070301e-13
"STK31",-1.13267943407712,3.32639827789034e-13
"SYP",-3.66427969315142,3.35650213946589e-13
"SYNGR3",-5.96066095553077,3.4007546615497e-13
"TGIF1",3.6106787546424,3.62629208837144e-13
"DHX40",1.68786373917587,3.72245786196562e-13
"ERI1",3.04325491398053,3.88406765884789e-13
"PPP3CB",-2.06029946015924,4.07255257412799e-13
"PAK6",-4.81907892513248,4.07255257412799e-13
"PTPRR",-5.21102826899777,4.12079802098343e-13
"RAB11FIP5",-1.84233833940388,4.18320371302182e-13
"SGTB",-2.35464892336359,4.41966761636794e-13
"ITGB1",1.50065592913116,4.47514104086556e-13
"NEFH",-4.35000206245142,4.51163983465036e-13
"KRTCAP2",1.13474336724563,4.54145352958208e-13
"CNTLN",2.69911079070934,4.55264353702495e-13
"FLYWCH1",-1.61960586778777,4.62294733884471e-13
"OSTC",1.56438248389112,4.77083943782842e-13
"STOML1",-1.97827433540118,4.87453403224946e-13
"TMEM151B",-5.43882578146345,4.8782004476494e-13
"KLHL3",-3.98336084538534,5.26417321799895e-13
"HMOX2",-1.15466185902091,5.26417321799895e-13
"DNAJC10",1.56002761164819,5.26417321799895e-13
"CBX6",-1.59084335158699,5.57119446043265e-13
"MED1",1.38908496763649,5.6886848200919e-13
"KLC2",-2.02808070300277,5.6886848200919e-13
"SYT2",-2.36605746733629,5.70474249764141e-13
"CHN1",-2.9447119438814,5.70748957798294e-13
"MEG3",-5.42594616169468,5.76593965006023e-13
"CAPRIN1",1.35063291562952,5.81722044764435e-13
"ARL6IP6",1.80223103978211,5.83727850279217e-13
"INPP4A",-1.70228235139179,6.09322556097204e-13
"TTC28",2.04275436423629,6.27346771322248e-13
"MAL",-5.74587907368429,6.33191721157476e-13
"LOC284939",-2.72781871994898,6.38838863655692e-13
"SYNJ1",-2.17609300020467,6.60898762349897e-13
"SRCIN1",-5.58432627230191,6.75414719478739e-13
"PCNX2",-2.57778593302486,6.8602503689057e-13
"FBXO33",-1.81918063832999,6.86226580112371e-13
"PCSK2",-4.88248064110776,6.8985629763034e-13
"MAP6D1",-3.41206033240769,6.92046641185928e-13
"JAZF1-AS1",-1.19300739066963,7.01168148251155e-13
"TMEM43",1.54420379384805,7.02322961296933e-13
"RRM2",6.19513521435825,7.03143851705511e-13
"WSCD2",-4.63930560425023,7.05810069787917e-13
"AMN1",-2.61486618918679,7.22312966860327e-13
"SRBD1",2.17755021612662,7.29515960941961e-13
"MPP2",-2.37609219206063,7.3433399673449e-13
"CYP2E1",-2.79433590002959,7.71220480518322e-13
"VPS53",-2.3415453686503,7.74972987898598e-13
"NRGN",-5.69155720078344,8.40480937629526e-13
"TSEN34",1.21649849675883,8.93411237185988e-13
"KCNQ3",-1.41069297314609,9.5609398051271e-13
"TRMT13",2.10307698831683,9.81357875419505e-13
"CPLX1",-5.91840991741006,1.01575770306919e-12
"RAP1GDS1",-1.7529944589887,1.05459031777928e-12
"FAM96A",1.12384092725161,1.05692517394983e-12
"SERPINI1",-4.89824934115977,1.10349553704008e-12
"ATP7A",1.77295636047285,1.16447039237633e-12
"TMEM256-PLSCR3",1.57178745251762,1.19348580927817e-12
"DGCR9",-3.65574851752584,1.26547672949892e-12
"TOP2A",6.32371637370453,1.29321327555694e-12
"ZNF385B",-5.01602855537101,1.35242961848158e-12
"MATK",-3.07236893913222,1.37173396606765e-12
"GTF2IRD2",1.79241592295615,1.45319796245515e-12
"PKP4",-1.70790703347476,1.46120552664727e-12
"EFR3A",-1.58994074716792,1.48057281213528e-12
"CKMT1A",-5.92560007857048,1.48057281213528e-12
"PART1",-3.17497023859316,1.48597937316301e-12
"CYP46A1",-4.98261698732584,1.56666294134149e-12
"LOC100130705",-3.46997582572058,1.56666294134149e-12
"KCNJ6",-4.38215191180171,1.60532819282846e-12
"ERMN",-6.47428357158173,1.61281043659365e-12
"EZH2",4.74053232855904,1.70402028150008e-12
"CBX7",-3.17255348161802,1.71770022698827e-12
"POFUT1",1.46992440587791,1.74410246165303e-12
"OPRK1",-3.11943175455141,1.74929428012446e-12
"IFT52",1.28678123736752,1.75809736438708e-12
"GABRA2",-5.53676121658482,1.8199820124775e-12
"HAGH",-1.54728947794826,1.85835893707378e-12
"NOS1AP",-2.93032117910322,1.92571447999212e-12
"AMPD2",-1.69131457611625,1.98122048053264e-12
"WBSCR17",-5.094493277019,2.06397550915731e-12
"RBFOX3",-6.94592893693912,2.06397550915731e-12
"UTP15",2.09181386615082,2.08901832312407e-12
"FBXL15",-2.10410624119415,2.09608118919581e-12
"RAB3B",-3.77540589747357,2.11061634538439e-12
"RIMBP2",-4.71358384822519,2.12745617447135e-12
"KSR2",-4.78813431018455,2.23536117739876e-12
"CELF4",-6.71926292473485,2.27024082816695e-12
"HCN2",-1.6621792318169,2.29459842899767e-12
"ETNPPL",-7.37759219403196,2.32804906009836e-12
"LIMD1",2.99878448341216,2.38006012316278e-12
"SMC4",2.50089019096055,2.38930665052146e-12
"MROH1",-2.4430512519601,2.41085100966268e-12
"SLC25A13",2.15725420995332,2.41436327864988e-12
"PCLO",-5.88033546526023,2.42994329747223e-12
"RPLP0",1.49815531855555,2.42994329747223e-12
"LMTK2",-2.49579146736016,2.47171319353375e-12
"CRH",-5.26290604707699,2.50601937320284e-12
"NPTN",-1.27930289475017,2.68517941950482e-12
"GABRG2",-7.65281778039494,2.68517941950482e-12
"NTSR2",-4.65564698514464,2.68525329262987e-12
"SNRPF",1.52094148198461,2.6952261411706e-12
"CCDC184",-4.26952694360618,2.71782935488402e-12
"RFC1",1.24671248009993,2.79873072289827e-12
"SEPT5-GP1BB",-2.87986034436792,3.17995593236766e-12
"SLC45A1",-2.85909588912906,3.19747605092799e-12
"AAR2",1.10682816060585,3.3763132839218e-12
"TRIM3",-2.26020961254399,3.50593502712273e-12
"PPIB",1.15888097362788,3.50933797241957e-12
"CDS2",-1.52532661297318,3.54694292211552e-12
"SERTM1",-4.82182768250671,3.56054132822157e-12
"RNF41",-2.57300591062814,3.56563957643222e-12
"KCTD5",1.48332922964523,3.58816654724845e-12
"BTN2A2",2.10634115625811,3.61282778374141e-12
"LINC00936",-2.71359705366937,3.6260009936342e-12
"FXYD7",-6.31324082576562,3.73374047271799e-12
"CA11",-3.44749898464181,3.73374047271799e-12
"MIR7703",1.28600518415087,3.74145331270558e-12
"SMIM17",-3.76961298297002,3.74261224513334e-12
"C7orf49",2.12025990133577,3.76879120966588e-12
"MIR7110",4.18043906799901,3.78331969348914e-12
"GPR83",-3.43163406922544,3.79422139645567e-12
"ATP2B2",-4.37948621504938,3.85681479898217e-12
"ROMO1",1.32677045971617,3.89797888534894e-12
"PPP2R5B",-1.21286222165306,3.93240689153564e-12
"XRN2",1.82791728363819,3.99244381380582e-12
"CFC1B",-1.86712284060776,4.01438663882566e-12
"RRP15",1.99182844594266,4.1884576444037e-12
"ATP8A2",-5.75711374133715,4.22114690518345e-12
"COMMD4",1.71284776395555,4.37282483542425e-12
"MEF2D",-1.6881475576718,4.37282483542425e-12
"CHD5",-5.52993936425023,4.37282483542425e-12
"AP3M2",-1.54324297626037,4.39806193110803e-12
"PI4KAP1",-1.64053881623018,4.4118720116324e-12
"RND1",-2.97682312866582,4.6444724366376e-12
"ZFYVE28",-2.39217667509501,4.66993035487969e-12
"PARD6G",2.30509115563563,4.7631995039525e-12
"B4GALT4",1.82718438597159,4.76944940066931e-12
"FAAH",-2.28860514460908,4.83480568300368e-12
"ZNF559",1.97066564584878,4.93926053683453e-12
"HNRNPDL",1.15092090297712,5.11028946775462e-12
"DNM1",-4.95217253014958,5.11658614095098e-12
"APBA1",-3.89831325126621,5.21476869712142e-12
"FAM35A",1.22723185296081,5.21476869712142e-12
"MRPL42",1.83139171402156,5.22921559291842e-12
"SLC7A10",-2.18014347517088,5.32149195790157e-12
"SH2D5",-3.09460565169652,5.39847048540513e-12
"NUBP1",1.48956633801525,5.57308719914676e-12
"CDK4",2.62569640181104,5.71960428552721e-12
"GABARAPL3",-2.64018726386648,5.73733662022654e-12
"JPH3",-7.1257617680551,5.73733662022654e-12
"ASIC2",-4.13015028744319,5.92476988920987e-12
"NECTIN1",-2.09124680910106,5.93671026789994e-12
"RNF144A-AS1",-1.57617167921236,6.09518295932262e-12
"C1QTNF4",-4.27203528701545,6.29003290056953e-12
"DYX1C1",3.85738522167284,6.33322871062382e-12
"ATF1",1.49214526321439,6.39382127705387e-12
"RAPGEF5",-4.35324119581289,6.47208256014730e-12
"PPP1R12C",-1.46027180796891,6.47208256014730e-12
"SPRYD7",-2.13857458644504,6.49541252547106e-12
"AMIGO1",-3.00122326818718,6.49541252547106e-12
"SCAMP5",-2.53497901874346,6.54997939329894e-12
"TSPAN6",3.06199280636883,7.39635668081694e-12
"GNA13",1.22761320540959,7.40551992759758e-12
"NECAP2",2.55402252001223,7.51000942281739e-12
"NIPA1",-2.25852921870849,7.84505336329985e-12
"SSR4",1.17710926289144,8.03620347119924e-12
"ZBTB7A",-2.08051793279941,8.05640645100151e-12
"SPPL2A",2.06035872040526,8.06601193251202e-12
"SMIM13",-1.78347542547331,8.0700470505177e-12
"TMEM38A",-3.62498112815799,8.14486034290162e-12
"MAG",-3.71732151539001,8.39298873258764e-12
"LBR",1.89157952679093,8.78193430600043e-12
"NUDT5",1.47548200505523,8.93629263698633e-12
"RHOF",-2.21603740455694,9.00120734144468e-12
"SPRYD3",-1.5903691894645,9.30074174379771e-12
"FZD6",4.13246598309881,9.47567717488019e-12
"CDCA7",4.91611006301104,9.53147633716992e-12
"NCKIPSD",-1.76939096193006,9.55264949340335e-12
"SLC5A11",-2.68552707665628,9.66470917072565e-12
"ANXA5",1.90411472524785,9.90962141384338e-12
"NRXN3",-4.93565526633085,1.02024815842321e-11
"LIN7B",-2.69367153979389,1.05628517768311e-11
"ERGIC3",1.19306309190834,1.05628517768311e-11
"CCDC97",1.28410686056121,1.09983942315342e-11
"GIN1",1.12451758611781,1.12657658336648e-11
"KCTD16",-3.06997112672065,1.17477793415656e-11
"MICAL2",-5.15293715231552,1.17477793415656e-11
"ETAA1",1.49759521857817,1.19741268865367e-11
"LSM8",1.65457267069467,1.20761564168973e-11
"MAP1A",-3.46820375523617,1.22924104016923e-11
"LDLRAD3",2.4201602076401,1.2358614966974e-11
"EPHB6",-3.81798860547733,1.23815077493892e-11
"SSR1",1.32224511840894,1.26546912174391e-11
"SV2B",-7.50082583524583,1.2670296700606e-11
"ABCC5",-2.1592837317695,1.2938468510135e-11
"CDH12",-4.70118986049803,1.30494349013007e-11
"IQGAP2",4.56054529117311,1.31886878306945e-11
"TTC30B",3.38083475340145,1.32175775798123e-11
"N4BP2",2.77683278546811,1.43764430007905e-11
"OSBPL1A",-2.08916793026746,1.43894645552273e-11
"TUBA4A",-2.84183247056575,1.53473346043302e-11
"FCHO1",-1.70465830551098,1.59562434171536e-11
"C2orf68",2.23741757212859,1.72019648658091e-11
"ATP6V1H",-1.46333109668134,1.72669125259218e-11
"C1orf64",-1.2990508955716,1.72778363061558e-11
"LOC100288893",-2.14493944269895,1.76164528126044e-11
"LSM11",-2.23088196262932,1.76220762293819e-11
"SYT13",-6.23334083126332,1.76220762293819e-11
"ILF2",1.52134900765937,1.77417497286249e-11
"SSBP1",1.21965776606499,1.79044597953575e-11
"REEP5",-1.32784386898356,1.81657378483489e-11
"FAM71E1",-3.20177532779231,1.82503009643658e-11
"MOV10",2.92159299332787,1.82874325845117e-11
"TMEM248",1.61360919753667,1.83391792667877e-11
"DHFR",1.83134109987842,1.86452255011639e-11
"RAB6B",-3.85692537083945,1.88258827396347e-11
"CD276",2.01799367539033,1.90863272368643e-11
"LOC100130331",-1.4073148046764,1.98987295552071e-11
"S1PR5",-2.6995391340428,1.99019869570031e-11
"PPP1R13B",-2.61674682299356,2.03293009768501e-11
"LANCL1",-1.53429727720869,2.07119760138453e-11
"MEF2A",-1.39699225123051,2.12166460563848e-11
"SPTSSB",-1.18461108916673,2.14478214561595e-11
"TNFAIP3",3.97357052783064,2.14916691820645e-11
"HPCA",-4.17295738720605,2.17456121787594e-11
"STMN3",-1.61865339683932,2.18691106317976e-11
"CDC42BPA",-1.19162694373064,2.20006266743155e-11
"TTC9B",-4.70617045155036,2.23298358468493e-11
"RUVBL1",2.37339149916567,2.24430187643971e-11
"BLOC1S4",1.40670587188731,2.3080531681056e-11
"ARFGAP3",1.43064079788967,2.32249377710674e-11
"TMEM189-UBE2V1",1.57682683427488,2.32249377710674e-11
"SEMA3G",-2.90500524321788,2.3255068435652e-11
"NCOA7",-2.10531487641184,2.51353585384045e-11
"KLHL2",-1.8450332574459,2.52224996362996e-11
"R3HDM2",-1.2306849406069,2.5560975898019e-11
"ZNF678",2.15218421408231,2.61569272315259e-11
"MED14",1.34313215329099,2.61881103997135e-11
"NT5DC2",4.10639691406699,2.64411867948928e-11
"IKBIP",2.91806810947034,2.7591536483675e-11
"TMX1",1.55632276918191,2.88816158648365e-11
"RPH3A",-6.40806235524405,2.91334885586984e-11
"TMEM251",1.353140698504,3.14004541418664e-11
"TRIM37",-1.25751736792723,3.14063554384198e-11
"LOC728613",5.36181103428388,3.16164231714852e-11
"IL1RAPL1",-4.22208846311493,3.20812582313227e-11
"FBXL18",-1.46651438837831,3.2914568601754e-11
"LSM2",1.6268750551,3.31127692292842e-11
"MIS12",1.60221702728441,3.32423237102367e-11
"LOC285812",-2.59794079949474,3.56199162530579e-11
"DBR1",2.14631747088579,3.60086822137643e-11
"PPM1H",-3.85424633803794,3.67176013017257e-11
"C12orf76",-1.33166814514261,3.72375827474454e-11
"RBM7",1.50348661249507,3.73767460136173e-11
"EPT1",-1.76790053860625,3.74109889208609e-11
"PITHD1",-1.07084794313373,3.74109889208609e-11
"TMEM209",1.4126376528234,3.90893724712795e-11
"LOC101929240",1.13960819161472,3.90893724712795e-11
"GABRD",-5.07628683018153,3.95511772576939e-11
"ZNF217",3.25668818007816,4.06041890304392e-11
"LOC101060443",-1.42926963276537,4.10514592796129e-11
"COL4A3BP",-1.07349201905576,4.35306762244894e-11
"ELOVL4",-3.24177320370323,4.36581375127954e-11
"HRH3",-1.61418105198429,4.41073293843601e-11
"PLEKHM2",-1.29907786712387,4.49766293607811e-11
"UROS",-1.70950199394222,4.53203652207927e-11
"DDX20",1.47948661148757,4.71493009972009e-11
"MTMR9",-1.79567599450704,4.82582008790668e-11
"LOC101930006",-4.27083465682196,4.85220872089672e-11
"DAD1",1.0104795048472,4.87255522976509e-11
"IRAK4",1.55916287531479,4.95032411780703e-11
"CAMK2G",-2.35135013010092,4.96467789874339e-11
"FAM126B",-2.24348173873774,5.01445084980978e-11
"MIR4707",1.84110311285884,5.01445084980978e-11
"PTPRT",-4.4193844859808,5.02756152975493e-11
"LINC00957",-2.56980304889908,5.15288593603778e-11
"STUM",-4.95689225515082,5.22798894825315e-11
"LHX6",-3.5968975251478,5.62754603261841e-11
"RAP1GAP2",-3.29910570930211,5.64012643006821e-11
"SERINC3",-1.08470991365688,5.68538761205926e-11
"YWHAG",-1.45577812878765,5.68538761205926e-11
"ITPR1",-3.42453733786668,5.72336489635026e-11
"BRMS1L",-1.24124751700337,5.87914874897503e-11
"PITPNM3",-4.77274811631551,5.95040134933893e-11
"SMPX",-1.56592292648968,6.00331166554184e-11
"RBFOX1",-5.65809449895162,6.01431920788011e-11
"SPOCK3",-5.85494326286279,6.11083010047481e-11
"HS3ST2",-3.93026093404182,6.13628855385910e-11
"ERC2",-4.187329542043,6.24517149208581e-11
"MIR1909",-1.55233222409073,6.3719597316779e-11
"DUSP7",-2.22625597855096,6.41431397383823e-11
"TTBK2",-2.02766823280494,6.41431397383823e-11
"GTF2H2C",1.95733647172379,6.44215724849548e-11
"NRSN1",-5.45082963896667,6.53005848576876e-11
"SYT1",-6.45764619470546,6.54536320830858e-11
"NDC80",4.52001503459264,6.64631355436753e-11
"DIDO1",1.96196044548553,6.65711074202301e-11
"SYCE1",-1.81027829988915,6.87792499450213e-11
"ABL1",1.36489109332064,6.95682571468088e-11
"NAGPA",-2.10375467693761,7.06798251579449e-11
"GTF3C6",1.01287078376193,7.0980134099339e-11
"PGM2",2.02077751550394,7.33388482985629e-11
"TMEM267",1.39636759972445,7.92299660742919e-11
"TRIM4",1.58923433476594,8.06951764713488e-11
"KCNC3",-2.01120556860211,8.10077960838794e-11
"MITD1",1.29144436535338,8.27816437922187e-11
"C14orf93",2.37924347881104,8.29685430498706e-11
"SYNGAP1",-1.91202796927502,8.31845337111933e-11
"EFR3B",-1.74044859886068,8.36340783642397e-11
"PCGF2",1.88367598885615,8.457476394619e-11
"SS18",2.05934348217626,8.56371774601772e-11
"DENND4C",1.13332472413208,8.7391082922564e-11
"AKAP6",-4.13089627963918,8.91770370923979e-11
"PDE1A",-5.43017015066608,9.17059703468226e-11
"KIF11",4.50196496044497,9.25084614216674e-11
"PDP1",-1.9111184406576,9.55643046907658e-11
"HTR1E",-1.1552722047096,9.61285143403236e-11
"C15orf61",-1.55444655871703,9.68546246259484e-11
"PIGC",1.11112047629683,9.7234927521958e-11
"PSMF1",1.27268457115279,9.774361213759e-11
"SLC17A7",-5.00653154209908,9.94648611436175e-11
"SEP15",1.23865636197121,1.00705400060452e-10
"ATP6V1D",-1.1416750754142,1.01884033121218e-10
"SYNE4",-1.61900827587988,1.02467557191409e-10
"ABHD8",-1.78536233461092,1.02891086158663e-10
"RPN1",1.30743055158843,1.03900314494635e-10
"GLYR1",2.86923191709539,1.0579402264131e-10
"MIR600",-2.75622926049375,1.07264573857926e-10
"DDAH2",2.43650610438671,1.08018960506148e-10
"LINC01260",-1.19005916652505,1.09518259086408e-10
"MFSD2B",-2.24862537741243,1.09780646714708e-10
"PRKACB",-1.58280749623782,1.10062974729571e-10
"R3HDM1",-2.03989978457528,1.10367451925009e-10
"SGPL1",1.22379428016054,1.13425433215738e-10
"CYFIP2",-2.32334898660737,1.15482916422682e-10
"RHEBL1",-2.21384055416384,1.17478443431751e-10
"AKAP11",-1.18570268454051,1.17966783207116e-10
"NECAB2",-2.58764412856457,1.17966783207116e-10
"GBAT2",2.480139077276,1.25549991270651e-10
"SYNCRIP",1.45867419815765,1.29895581122085e-10
"TIPIN",2.05394038881498,1.29912799990436e-10
"ZMYM6",2.28387938249559,1.30305277638053e-10
"RAPGEFL1",-2.69080666074707,1.31214771560367e-10
"DAP",1.63618910096798,1.33157014811563e-10
"MIGA2",-1.3634993886215,1.34887369165781e-10
"ACVR1B",-1.07208636806186,1.34933197793971e-10
"MARCH4",-4.18594342006752,1.36299512590453e-10
"PDIA6",1.2250671995238,1.37045507064315e-10
"PARD6A",-2.09119665812105,1.38276950766406e-10
"SLC30A6",1.01484680685555,1.42401450749054e-10
"TP73-AS1",1.37464043059099,1.44202785509392e-10
"CDH18",-6.49187810239066,1.4698222346895e-10
"PALM2",-3.51936080759967,1.47003873781819e-10
"NBPF26",1.02276905024082,1.48298893903541e-10
"GALNT9",-3.87372467856726,1.55494739940051e-10
"CENPQ",1.91608171495115,1.58556114360893e-10
"LSM5",1.42202656717081,1.5878670659101e-10
"FAM65A",-1.09045169366858,1.62338107864545e-10
"MAGEE1",-3.1465807498528,1.64415218936526e-10
"HERC1",-1.56218799810224,1.65265490480885e-10
"HTT",-2.07449437746819,1.65265490480885e-10
"PAPD4",1.63354755239138,1.65265490480885e-10
"KIF5C",-2.14526082022499,1.66244814687111e-10
"NXT1",1.42974020609605,1.66244814687111e-10
"HMGN4",1.48246270928007,1.66434829233797e-10
"HOOK1",-4.60068298382992,1.67555692631095e-10
"ANP32B",1.14553002493188,1.6840338131418e-10
"EGFL7",-2.36244074082348,1.6840338131418e-10
"FBXO9",-1.22221329271552,1.71082266449782e-10
"LOC728730",-1.65404072482801,1.73622557053078e-10
"MDC1",1.40855239580716,1.73622557053078e-10
"CRYM",-5.67637067252486,1.74158062771655e-10
"PCDHAC2",-1.87258397635326,1.74158062771655e-10
"PITPNB",-1.03782927635056,1.79110818631958e-10
"DPP10-AS1",-4.12116011474135,1.80365921678905e-10
"TMEM67",3.46189387985437,1.86320194497749e-10
"CHM",-1.16546051109474,1.868637731634e-10
"SOHLH1",-1.7526116273904,1.88030227338899e-10
"DNAJB11",1.12970611896503,1.90080555709799e-10
"CENPH",3.21876602795555,1.92414632318587e-10
"ATP6V1A",-1.01654305886128,2.00191481812095e-10
"MICU3",-2.87597852018527,2.00278417624444e-10
"BRE-AS1",-1.74633481807121,2.00666517128738e-10
"SLC30A4",-1.89664779002611,2.02168816086994e-10
"LOC101929964",-2.16986154478166,2.02168816086994e-10
"CNDP1",-5.69931255524675,2.0744230659135e-10
"CNOT10",1.28216946458632,2.08372296306696e-10
"PEX5L",-6.23566340847679,2.09247418688665e-10
"MAPRE3",-1.45637115383537,2.14608294293627e-10
"ZNF599",1.99776444506304,2.15684962218214e-10
"SNPH",-3.58971855990559,2.1750974602663e-10
"OPA1",-1.21673386969231,2.23551239891209e-10
"CTIF",-2.52412083765635,2.24519972798904e-10
"SLC9A6",-1.60211243985858,2.26441484431534e-10
"PNMA6A",-2.82700915475509,2.27996441694965e-10
"GRAMD1B",-2.85242982695398,2.3334348690245e-10
"ADCY5",-2.34190993319724,2.34976825137959e-10
"HLF",-4.39383749400296,2.35383377017106e-10
"CAMK2N2",-4.38422262191671,2.38600346449673e-10
"ANKHD1-EIF4EBP3",2.278245353657,2.38675382263135e-10
"STK32C",-2.15549488159935,2.38675382263135e-10
"PNMA3",-4.79405983451157,2.42224777949537e-10
"RNASEH2A",3.3636519151944,2.4602981468745e-10
"RTN3",-1.3121466143835,2.49338357161472e-10
"ZNF365",-4.85199244785017,2.56054622639754e-10
"EPB41L1",-4.17539062717509,2.62252692744072e-10
"RBM43",3.3813299448685,2.64319091037688e-10
"DCPS",1.82269888448376,2.67337403562284e-10
"SLC30A3",-3.36794627037449,2.74319783860054e-10
"FUT1",-1.57705649561453,2.79197359450758e-10
"DHRSX",2.81961676276647,2.88127410165376e-10
"CRNDE",4.73310705746516,2.91750708491157e-10
"PPFIA4",-4.07729828669152,2.92684979942671e-10
"DPYSL3",1.96061968465969,2.93025537273619e-10
"MGAT5B",-1.78551750763853,2.97448743779354e-10
"ACVR1C",-2.56077575045536,3.01657390742502e-10
"PINLYP",2.34826860543721,3.13186782492248e-10
"RCAN2",-4.4980698969361,3.1516470530848e-10
"DUSP3",-1.64136740528003,3.15805178797731e-10
"PTK2B",-2.65751100468522,3.23086699111707e-10
"TEAD1",1.66362014163458,3.24125502972264e-10
"THRIL",-2.08831651935438,3.34490502289155e-10
"RBP4",-4.376287224605,3.35176429702866e-10
"PCP4L1",-5.21037130292578,3.36195300655936e-10
"RBBP4",1.36078636632628,3.43158646066939e-10
"CD63",1.3439370594017,3.48044616215075e-10
"C17orf62",1.44463110479552,3.51381430685611e-10
"EIF4EBP1",3.16529301159651,3.5350618879642e-10
"METTL21B",3.77965569381177,3.5457376267088e-10
"TTC26",2.65721385915089,3.65093498869883e-10
"SF3B6",1.00206512180685,3.66529113850196e-10
"APBB1",-1.68297338239271,3.85546758243958e-10
"GBA2",-1.36372643909777,3.99115649132032e-10
"SCN3B",-6.27204278970953,4.01853930197573e-10
"HMBS",1.87295059940151,4.02738768711796e-10
"DEGS2",-1.2117382904388,4.10462891278036e-10
"BTG3",1.38478231939316,4.19310631024243e-10
"CNTRL",2.1226420673136,4.21003747879035e-10
"POU6F1",-1.49487925120362,4.34579233365941e-10
"NUAK1",-2.18776720230218,4.379361861272e-10
"FLJ23867",-1.6542695480123,4.4701313120711e-10
"SOWAHC",2.29894992462583,4.49404422682659e-10
"ROCK1",1.00407321746593,4.50212454646118e-10
"EXOSC8",1.06527577849395,4.53055800268958e-10
"ANKRD33B",-3.41809689365418,4.55712487311959e-10
"C1orf115",-3.96568742052815,4.56397304065417e-10
"PDCD6IP",1.00247069638659,4.65517151092779e-10
"MED17",1.25464304687192,4.70002043621793e-10
"MIR124-2HG",-4.56459949521197,4.72408064859916e-10
"POLA1",2.16570675966856,4.74980794109045e-10
"FAM131C",-1.75259591024695,4.77104548831836e-10
"CCDC92",-1.13246055474767,4.77104548831836e-10
"NBPF10",1.08728045628159,4.81534982319405e-10
"FPGS",1.58371536355496,4.8257057105256e-10
"TRHDE",-4.79221000694063,4.89739851391018e-10
"KIAA1429",1.12338393390533,4.91122520274669e-10
"IQSEC1",-2.25162533591664,4.91368073468531e-10
"CCM2",-1.25568929026227,4.95982561926936e-10
"DEK",1.27724142594076,4.98212472930983e-10
"MELK",4.7509852278994,4.98603051116208e-10
"MAPKBP1",-1.31279514746345,4.99117368812942e-10
"HMGB2",1.99968312847344,5.18424023076484e-10
"KIAA1804",-2.2502710649647,5.21745329683807e-10
"LINC00622",-3.78764342670704,5.23078123696951e-10
"PPTC7",-1.21093073323492,5.24831069035088e-10
"MIR4647",1.26100194422359,5.31842557215239e-10
"HDAC11",-2.95255347455727,5.47487551967003e-10
"RTEL1-TNFRSF6B",-1.44325187843965,5.49340930448734e-10
"SMARCE1",1.38720757719053,5.58110225297624e-10
"FGF7P3",-3.20465277049185,5.60131073058948e-10
"TUBB4A",-6.26584235592722,5.82915025297712e-10
"MOB2",-1.01179758548672,6.19414110272367e-10
"RAB11FIP4",-3.11391259507923,6.22669286939577e-10
"CACNA1B",-5.87170265016036,6.25051418317674e-10
"RNA45S5",3.03033340770664,6.25051418317674e-10
"USP12",-1.62956457817968,6.26382823463807e-10
"SCN2A",-6.19800942023669,6.26644687336569e-10
"CAMKK1",-3.60939546325155,6.32944932032582e-10
"SNRPE",1.23653213775083,6.37615048102995e-10
"HSD17B6",-3.31522567865326,6.47424014352855e-10
"TAGLN3",-3.44912121263347,6.47424014352855e-10
"VAMP1",-3.63006888506405,6.49074867118241e-10
"WDR47",-1.66519505907719,6.53490751566082e-10
"KCNA1",-5.52442270008291,6.5423786454806e-10
"MDK",3.4688725820572,6.5423786454806e-10
"APH1A",1.14446018918717,6.59811902223044e-10
"FAM19A2",-4.10106309252209,6.61658416144004e-10
"KCNK9",-2.43755393798435,6.74621624278326e-10
"UNC119B",1.6697026992735,6.79156698277633e-10
"TNFRSF19",4.3912294384572,6.87059831931534e-10
"CDK5",-1.99067473495924,6.93011323414702e-10
"DIRAS2",-5.5784217394787,6.96877863955234e-10
"PRKCQ",-2.80796514178955,6.98545464377667e-10
"OGFOD3",1.63949668562458,7.16275359885568e-10
"SLC30A5",1.05558418767856,7.18326303086263e-10
"SPINT2",-3.45613719199192,7.21474499529946e-10
"UBE2C",4.76801874194141,7.21474499529946e-10
"RGS7",-5.22720525442703,7.21975877692769e-10
"TUSC2",-1.285326971819,7.48289237054545e-10
"H6PD",2.43959758204924,7.48289237054545e-10
"NAGA",1.52724574781137,7.57994184447476e-10
"ZCCHC9",1.11917925705082,7.78945834860528e-10
"CLCN4",-2.93792611569252,7.80727002847525e-10
"CACNG8",-2.49888077044306,8.04472712128598e-10
"PDIA3",1.37825686517054,8.04775986420891e-10
"ABTB1",-2.10654817375917,8.04775986420891e-10
"LINC00632",-3.26561741026075,8.05261714668758e-10
"TMEM184B",-1.13353576962479,8.08433001198993e-10
"FAM228A",-1.54245413477462,8.1224721586281e-10
"MYH7B",-1.12190715458968,8.33026666751236e-10
"PPIP5K1",-2.27161047062262,8.34438511706562e-10
"YPEL4",-3.91679653729534,8.89653147573856e-10
"SEPT10",2.11292362263623,9.08946039240247e-10
"ST3GAL3",-1.35238968204689,9.1450767248391e-10
"RHBDL1",-2.46956005680296,9.28348474934617e-10
"GPR6",-1.65516135338915,9.50331274282935e-10
"GSKIP",-1.11342022664524,9.77741296520369e-10
"NUP205",1.52140444580723,9.87933627198483e-10
"CEP44",1.7306019982213,9.93990304636606e-10
"TMEM25",-2.1126173530286,9.93990304636606e-10
"CARNS1",-3.56982651742722,9.9773527018914e-10
"PCDH11Y",-4.96351070359593,1.00208855122587e-09
"MYBPC1",-4.53701848750651,1.01135052797011e-09
"TSPYL2",-2.43827959876293,1.01135052797011e-09
"MIR6890",1.1083836322067,1.03435060055407e-09
"PGP",-2.09004475649487,1.06967695687851e-09
"PRMT8",-3.90078787390086,1.08377897313083e-09
"ARFIP1",1.16699161775391,1.12295516850539e-09
"PPP4R4",-4.52361684083452,1.12492119649551e-09
"NECAP1",-1.61854184606608,1.15364892892412e-09
"TMEM125",-3.52082823501387,1.17207292860777e-09
"SCAI",-2.64853663013538,1.17948552710332e-09
"FDX1L",-1.24954668350119,1.18075522941397e-09
"FBXL16",-4.49350700805201,1.18618066984794e-09
"DNAJC27",-1.88550063111105,1.19133096134059e-09
"STXBP6",-5.56210017202933,1.20498405527097e-09
"CALB2",-3.81171333746463,1.21297410671715e-09
"ENTPD6",-1.76677953529961,1.21993009285428e-09
"BTBD3",-1.71119849936588,1.24686066576074e-09
"RFPL1S",-5.50857941087548,1.31357097799733e-09
"MORC4",2.7952591281355,1.3436411136302e-09
"DNAAF5",1.71455357423964,1.34672690319509e-09
"DEF8",-1.12979982790789,1.38041978465075e-09
"CLUH",-1.34701147113722,1.38888440924647e-09
"PIGZ",-2.54589096596338,1.40329704100706e-09
"GCC1",1.13509064373787,1.41216926761223e-09
"NIFK",1.23551068712268,1.41988014978376e-09
"TRIP4",1.27322308565687,1.44739423035619e-09
"ODC1",1.87755805116588,1.45724440938496e-09
"BACH1",1.36320124884259,1.46551170648241e-09
"CACNA2D3",-4.30799814791834,1.48055190110656e-09
"FBN2",4.25308064951828,1.48403576636413e-09
"C3orf18",-1.30560482802512,1.48884697038789e-09
"ICE2",1.34135140328843,1.49492408401192e-09
"ELAC1",2.03211367137962,1.52018764022867e-09
"CNTN4",-4.64757171545043,1.55641813155568e-09
"TAF1A",2.41635150427823,1.57024883738941e-09
"PQLC1",-1.22098243332098,1.60861804808584e-09
"GOLT1A",-1.88815236221841,1.61058535651266e-09
"QDPR",-1.66177969779257,1.61058535651266e-09
"SMARCC1",1.55516223294445,1.62143971658262e-09
"LRRCC1",1.75243606982459,1.64150338084399e-09
"FGF12",-5.14529357768778,1.64621869721516e-09
"CPNE3",1.24188039013642,1.66312895950734e-09
"MARK4",-1.01160970269625,1.75272434361578e-09
"HSPG2",3.14439466017843,1.75943494157729e-09
"TTC30A",2.56751464903313,1.77105410035269e-09
"LINC01018",-1.12464651077337,1.77336999962779e-09
"SDHAF2",1.06732633442616,1.82247781179841e-09
"MCM3",1.63289882599599,1.82247781179841e-09
"PRIMPOL",1.55703752271978,1.84332628244651e-09
"PTPN5",-4.91819536777903,1.85380450571539e-09
"HSBP1",1.02117923674292,1.88993091116859e-09
"GLT1D1",-3.5770780152745,1.90098877176887e-09
"STK36",2.15834672419487,1.92046272470926e-09
"PLP2",4.03493237812057,1.9534375037753e-09
"MIR6748",1.36267245022537,1.95721141070016e-09
"DIEXF",1.45920702097994,1.980680625603e-09
"GUCY1A3",-3.20570375259822,2.00760609051068e-09
"SGSH",1.7633128717566,2.01680826330611e-09
"PTPN20",-3.77966269870973,2.02038241070083e-09
"DCLRE1B",1.824296654642,2.07057182639311e-09
"TSPYL1",-1.10216978634161,2.07774658060434e-09
"DGKQ",-1.73334344353551,2.18423833923526e-09
"IPP",1.63733907008777,2.21191403139505e-09
"ORMDL2",1.76845606095615,2.22154162235264e-09
"GAR1",1.33782927021433,2.25042042885832e-09
"KIF3A",-1.58660882634332,2.25228623929872e-09
"CNTNAP1",-3.09860622729224,2.31639295129687e-09
"SLC25A26",-1.51555091740822,2.36478519122783e-09
"XK",-3.9423975581052,2.46514124268782e-09
"SMO",3.00595932554188,2.48622289942244e-09
"LOC101927562",-3.75799881652426,2.51864388524795e-09
"LOC375196",-2.04628607596299,2.55689560384477e-09
"PRKCB",-4.77881211964511,2.56870381972717e-09
"NOC3L",1.34815491790315,2.57503099610848e-09
"WSB2",-1.01103688138331,2.58404775618542e-09
"ELAVL1",1.90133292445936,2.60279421352915e-09
"ARL13B",1.47568126959243,2.60664413526984e-09
"PIGO",1.58476926746226,2.61486861808535e-09
"SGSM1",-3.3815937397315,2.6427005659708e-09
"PDE2A",-3.80522499002709,2.65155073999967e-09
"ZFYVE27",-1.81695569625872,2.65725065884087e-09
"ZER1",-1.67422426496647,2.74861028175594e-09
"RAB11FIP2",-1.47323920623992,2.78001819905897e-09
"LYSMD2",-1.55181814613768,2.7921074408145e-09
"CENPU",4.55908519462169,2.81893431393946e-09
"VKORC1",1.49484123685528,2.81893431393946e-09
"ARHGEF40",1.56115092019605,2.86603518831227e-09
"CCSAP",-1.71766611988738,2.93563256694401e-09
"LOC101060405",-2.18915118727186,2.97523876509344e-09
"DISP1",1.70664247410427,2.98524755365514e-09
"PICK1",-1.72424895846641,3.01236121445704e-09
"CAMKV",-4.32252306540645,3.02293738065814e-09
"STT3A",2.28738761281091,3.02293738065814e-09
"EFL1",1.06699036547107,3.06970621737675e-09
"PRKDC",1.13791836833084,3.07864793554478e-09
"LOC101926887",-1.57644971607561,3.09184808456139e-09
"RBM28",1.55406201904694,3.09652258796676e-09
"CNPY4",1.59808949521985,3.26074234512996e-09
"AUH",-1.58222580634011,3.26907203312245e-09
"TSPYL4",-1.29129243259363,3.31256092862277e-09
"TOR3A",1.41598929356022,3.32502109911491e-09
"C12orf29",-1.22583811832229,3.3426883162719e-09
"MPPED1",-2.94519734926555,3.34444651770765e-09
"CAP2",-2.70736029468318,3.37170135112116e-09
"INTS9",1.3947656670382,3.41448791600964e-09
"ZNF677",1.77663262688869,3.43883041511979e-09
"UCP2",1.80244152971058,3.52101934077503e-09
"TMEM56",-3.3236087363741,3.53564269531562e-09
"KCTD4",-2.42864326327502,3.55449984174962e-09
"LMBRD2",-1.36500411870552,3.56200420177301e-09
"TRHDE-AS1",-3.1717794209693,3.57821678268646e-09
"MAPK7",2.1648492177572,3.59723329323049e-09
"MSH5-SAPCD1",2.8803444810908,3.64980346048823e-09
"TRAM1",1.24268294063905,3.68968449822324e-09
"PDE1B",-1.04710883046673,3.69607437192948e-09
"APLP1",-2.84844078007957,3.77321103791315e-09
"AIMP2",1.20311028890328,3.92167412652349e-09
"PLEKHB2",-1.1608290960818,3.97835340215521e-09
"MAST1",-4.13763153953051,3.97835340215521e-09
"RTN4R",-3.92924938262374,3.97835340215521e-09
"RCN1",1.47466144984109,3.98460895877021e-09
"GSTP1",1.18422718317034,4.02571061500904e-09
"NKIRAS1",-1.47659739466634,4.04960678984698e-09
"KIF3C",-3.33672764833998,4.04999087544622e-09
"LRR1",3.07525082094082,4.05289281835253e-09
"TPRKB",1.29781034204812,4.08530620697211e-09
"CLTB",-1.21665382357996,4.13128063669235e-09
"ZCCHC12",-3.03299651181914,4.14700572398303e-09
"DRAXIN",3.25806266442537,4.16334426403307e-09
"TCEAL9",1.13307813148415,4.18906332909193e-09
"POT1",1.2104046400466,4.32003477884955e-09
"FUS",1.11943820254036,4.32340716358935e-09
"GRASP",-1.84834187584649,4.32505348767391e-09
"PGGT1B",1.42398951471163,4.41881765958269e-09
"ARPC5L",-1.10866761198239,4.4812688396466e-09
"ERI2",1.41417752726929,4.51832315045426e-09
"ATAD2B",1.98733061264214,4.52549148761876e-09
"COG7",1.26496233196101,4.58749632023484e-09
"MRPL53",1.03142312793234,4.64560018506677e-09
"RBBP8",1.85979246516975,4.68474240059681e-09
"TRPM3",-5.63607180939303,4.68474240059681e-09
"MRE11A",1.78142517653287,4.68474240059681e-09
"TP53RK",1.90489254982024,4.68474240059681e-09
"CACNB3",-2.5883789073455,4.72786260643806e-09
"HDAC5",-1.61376023232926,4.73067016948019e-09
"GNG5",1.39390352293596,4.7420204016125e-09
"LTBP3",2.1540188375434,4.98161157950849e-09
"CMTM6",1.40260261083313,5.03112451804143e-09
"PPIL4",1.43429024090407,5.03432079017441e-09
"STON1",4.26643908150433,5.03857553163152e-09
"TMPPE",1.1914169834756,5.03857553163152e-09
"SAYSD1",1.74030635693412,5.14714237837033e-09
"ZNF709",2.49936578582452,5.17093110636503e-09
"ASPHD2",-3.22237338807667,5.26886697991954e-09
"FBXO34",-1.19836002379974,5.41747545774679e-09
"SAAL1",2.56014899875799,5.62362808423242e-09
"CASP2",1.63775262959796,5.63063219393418e-09
"COL3A1",3.35538360609177,5.63684694335128e-09
"LOC730101",2.14914569446528,5.63684694335128e-09
"CHIC1",-1.76411135603939,5.63849668020768e-09
"ADAM22",-3.38753323625234,5.6780330372379e-09
"BUB1B",4.46261875164931,5.72776970677009e-09
"MAP2K1",-1.32586122784919,5.74759856115395e-09
"SSX2IP",-2.20989835486193,5.79726162122175e-09
"LINC00909",1.27301168999408,5.91182713998371e-09
"ARHGAP17",1.13148550458185,5.97028613543216e-09
"MGAT3",-2.70171340083439,5.98978050647906e-09
"PLEKHM3",-1.85710361976529,6.0638465281365e-09
"MAP1LC3A",-1.68081653297666,6.1016682135934e-09
"DRAM2",1.40482617117225,6.1088806875877e-09
"P3H4",1.67965687601176,6.28515198791984e-09
"TCF3",1.90313827205976,6.29061396870295e-09
"CYLD",-2.09613570963098,6.29807228721041e-09
"SERPINH1",3.24787289549343,6.37012735578313e-09
"NUDT3",-1.24923879920184,6.39604468706293e-09
"VSTM2L",-4.34550506408396,6.42124099254955e-09
"LRP11",-1.45582203125563,6.42124099254955e-09
"PINK1",-1.5744217563695,6.51755517641689e-09
"SLC2A6",-2.15062693745076,6.61668806756576e-09
"NGB",-1.08751664292091,6.83051175736555e-09
"TRIM44",-1.21280801513537,6.90033054810254e-09
"EP400NL",1.07156439410105,6.95607598617071e-09
"ASPM",5.30768415520933,6.96928328025704e-09
"ANKRD9",-2.59037849188521,7.15178912535606e-09
"C5",2.18141994020578,7.15836249844673e-09
"MYT1L",-6.96624960573097,7.1667436804757e-09
"FAM217B",-1.60109233290887,7.25444957318882e-09
"CHCHD5",1.57944852909776,7.25444957318882e-09
"BAP1",-1.10722086223715,7.29052764981935e-09
"ZBED3",1.78190054010716,7.2919082548417e-09
"DYNC1I1",-4.22416431435852,7.39467396839339e-09
"LOC153811",-3.61994216811848,7.48345096212139e-09
"RGS4",-5.55765572521335,7.49051866598612e-09
"LDB3",-3.50875443633814,7.57381155558854e-09
"MIR664B",1.19911897295528,7.5849944521032e-09
"ALDH1A1",-4.5420166567338,7.85915087652885e-09
"AIMP1",1.14933510056943,7.97936515261997e-09
"TGFB1I1",3.54912632351499,7.98537212871045e-09
"SPARC",1.54638375682972,8.30696518670537e-09
"MFAP2",5.24362218788981,8.39369781157974e-09
"RP2",2.37346355695884,8.50013568149779e-09
"PIP5K1C",-2.04528465198146,8.66359873233532e-09
"IGH",-1.28280424141848,8.74686023023287e-09
"DACT3",-2.29895205999927,8.76153378849815e-09
"GOT2",-1.28186764388967,8.83717182281506e-09
"C10orf25",2.17294698580473,8.8942590818455e-09
"AMMECR1L",1.15956706803715,8.93021002975865e-09
"GRK3",-3.13769658473886,8.94692014964405e-09
"ZNF555",1.2796371928286,9.08456379953311e-09
"TCTN1",3.07981264449454,9.13137786944811e-09
"MBNL2",-1.40300639325865,9.15908776165998e-09
"VWA9",1.06532974466817,9.24860989001941e-09
"SLC25A3",-1.24916455776246,9.27857653922508e-09
"GRP",-1.54345214547403,9.39455890426181e-09
"CLN3",1.52552005089164,9.55856954975295e-09
"TIAM2",-2.98555252488889,9.56418055417251e-09
"HOMER1",-2.44424566932368,9.68855802787461e-09
"ZFP62",1.16073318567659,9.73885358342005e-09
"CACNB2",-4.35433324165983,9.87286589358792e-09
"TMEM68",1.4690755733854,1.00372615375088e-08
"ARAF",1.29675184719914,1.01565210552028e-08
"RAD51AP1",2.89999184463123,1.02910979597156e-08
"SPATA5",1.96266282474615,1.0419053713595e-08
"DBP",-2.3512048684509,1.04261851013288e-08
"C11orf54",1.18077044077896,1.06730902191722e-08
"P4HB",1.87224897739605,1.09158651746165e-08
"ROGDI",-2.45369031895352,1.10237855569219e-08
"PBK",4.92369185370144,1.11836631164033e-08
"ARHGAP26",-3.00878973254616,1.12480403818657e-08
"ASPHD1",-4.90937731270704,1.12480403818657e-08
"ZKSCAN4",1.74322494810657,1.12764072359363e-08
"IPO4",2.33951650027297,1.13539980187858e-08
"LARGE1",-3.12128458502591,1.14600471178846e-08
"PROS1",2.69162789086232,1.15855917874561e-08
"CBX3",1.07870721107744,1.1587046819941e-08
"SLC25A23",-2.17487853305503,1.16241084549162e-08
"PRTFDC1",1.32395751831912,1.17996786633354e-08
"FTSJ3",1.33097346298882,1.18302305448662e-08
"RUNDC3A",-5.5078388260192,1.19330517302341e-08
"FAM208B",1.26778651968086,1.22774218280126e-08
"HSPA12A",-3.97403255357391,1.30115649858813e-08
"LOC101929036",-3.10014453776266,1.30895307267271e-08
"RPS6KA4",-1.19672078128718,1.3243286012037e-08
"DOCK3",-3.14364841189481,1.32918669648664e-08
"MTHFD2L",2.41813840895739,1.34753915911441e-08
"CLCN6",-1.5355985389192,1.35773762994695e-08
"ATG2B",-1.2068768532221,1.38197385090237e-08
"HNRNPF",1.72990458541926,1.41208783483257e-08
"CYP26A1",-1.58464440891611,1.49462572058304e-08
"RMND5A",-1.39828505090355,1.5175806450772e-08
"LOC101928615",1.74603850716259,1.51804323501909e-08
"PTPRN",-3.32722227604832,1.52520642614218e-08
"MOB1A",1.24246010608198,1.52881561773317e-08
"DNALI1",3.7249845115969,1.54774814428239e-08
"YES1",1.49548930206048,1.54811648189257e-08
"CCDC71L",2.34700260125601,1.54954637505384e-08
"GABRB1",-5.83963436302664,1.55089385087852e-08
"MTCH2",1.31020473366673,1.55089385087852e-08
"UBE2K",-1.12962576895524,1.56164064599453e-08
"CLIC4",1.56587963410855,1.5706875327389e-08
"CBLN2",-4.94757213946687,1.57706351009521e-08
"RPS27L",1.14471971269611,1.57706351009521e-08
"SV2A",-2.59327644271433,1.60119399372603e-08
"GAS2L3",3.28486957792439,1.61012568662671e-08
"CMTR2",2.05474177721064,1.61893833595029e-08
"SERGEF",-1.47377644728147,1.63618748243881e-08
"LOC730098",-1.17614748666503,1.63952429938203e-08
"PRELID3B",1.83284447568415,1.63952429938203e-08
"RNF138",1.01252006637165,1.65458191611167e-08
"CLIP3",-1.86158573123879,1.68129686835535e-08
"PIGN",1.55246351604818,1.69854577485247e-08
"NRSN2",-1.48627447926503,1.70007000320281e-08
"NECAB3",-1.84821936689593,1.73008771200069e-08
"ATP6V1G2",-3.87833830824406,1.74323738443269e-08
"NEURL1",-2.40916342719678,1.76136644527479e-08
"ATM",1.17742610879776,1.77148990098651e-08
"PTPRN2",-1.82849272268061,1.80388416722973e-08
"PIBF1",1.52966441919507,1.80699082488139e-08
"MTMR7",-1.76792423452932,1.83573252385829e-08
"CASQ1",-2.52548162733294,1.84551084988318e-08
"DNMT3A",2.455593657376,1.84551084988318e-08
"SLC25A28",-1.30583411769507,1.88973159053534e-08
"LOC100996542",-4.83076865816884,1.90233050155754e-08
"TP53I3",2.41623168394234,1.90798722772078e-08
"THADA",1.33876694697935,1.9151263517352e-08
"NID1",2.53341042491117,1.94096299812327e-08
"MPZL1",2.17604175639744,1.95226882722171e-08
"RASL10B",-1.77417334311828,2.01587648712207e-08
"HCFC1R1",-1.37835642385392,2.02227109499635e-08
"ACSBG1",-4.7765319039933,2.05159435689551e-08
"GAL3ST4",1.74794248358061,2.06047273039337e-08
"CTPS2",1.49316783252814,2.07235739207868e-08
"SPIRE2",-2.21385546619639,2.08006776792364e-08
"PGM2L1",-3.54931122095806,2.10837732398972e-08
"MFSD11",1.51841711992623,2.11115312449991e-08
"ANKRD46",-1.1850789747578,2.13201883333133e-08
"PAK2",1.05479265878415,2.13402844700253e-08
"ASUN",1.03582709855016,2.14018565787598e-08
"TSR1",1.52795058447811,2.14323708641207e-08
"EPHX4",-2.47456501644287,2.14977993465454e-08
"TMEM237",1.52089047624674,2.15396572743934e-08
"DDHD2",-1.28090464697548,2.23541456714994e-08
"DNAJB14",-1.17198219073084,2.25834351029953e-08
"CD151",1.76031737709427,2.28455211715474e-08
"RSG1",-1.1850113559622,2.30107223623223e-08
"CORO2A",-1.79055354289566,2.30828023927474e-08
"COPG2IT1",-4.24591503934636,2.4083011661419e-08
"BAZ1A",2.30303496607686,2.41513085506616e-08
"MMP24-AS1",-1.34269456243466,2.44713199617066e-08
"TMEM185B",2.26225659315733,2.54124231944925e-08
"RB1",1.16300409251492,2.56104762223936e-08
"SNORA68",1.22348437240217,2.56327072605138e-08
"BTBD7",1.32166075976213,2.63135066738531e-08
"DKFZP761C1711",-1.02731134930789,2.65666900655987e-08
"DESI1",-1.46750696169422,2.69446547143732e-08
"B4GALNT1",-2.73626726872827,2.71252209192458e-08
"TMEM235",-2.80133479925063,2.73250090158922e-08
"RBL1",2.13938690008684,2.73359250108331e-08
"CYB561D1",-1.20140535536963,2.77940921052194e-08
"PITPNM1",-2.41038241025622,2.78739212484129e-08
"USP27X",-1.231917921467,2.79352630974988e-08
"CDKN2D",-3.13256312972716,2.79352630974988e-08
"QSER1",1.27868448358665,2.79822663239375e-08
"SLC25A12",-1.31303127663361,2.86491041630918e-08
"AQR",1.16727741732228,2.91926301410749e-08
"MAD2L2",1.61325981130519,2.92238059910541e-08
"GTF2H2C_2",1.66502241371742,2.96049416790793e-08
"RGS14",-1.43263916419586,2.96258094631544e-08
"GPR158",-3.69719692729323,2.96891809900678e-08
"CETN3",1.29688342222235,2.99436697400817e-08
"NKAPL",-1.65493032063971,2.99625208461903e-08
"CRELD1",-1.64774917135313,3.02915068123012e-08
"SYS1-DBNDD2",-2.3919868302862,3.03429337532471e-08
"ZC3HC1",1.01246789196706,3.03715982247016e-08
"AZIN2",-1.54905613566759,3.06885648608442e-08
"LOC100131170",-2.33207413121999,3.08508900775157e-08
"DDX60L",2.6247182704873,3.12125232969495e-08
"WDR34",1.96701952523129,3.15926379405302e-08
"ALG8",1.10279235049053,3.16507381065875e-08
"RECQL",1.71040855171696,3.18629342165772e-08
"RORB",-3.65335231945345,3.23561535621797e-08
"LUZP1",-1.73829472759053,3.24917658081077e-08
"SNRNP25",-1.1497244760522,3.25391855434729e-08
"BEND6",-3.66428308787601,3.2815852505877e-08
"TSC22D1-AS1",-1.88167190265089,3.28178517045627e-08
"SSRP1",1.08747996099993,3.31230549419713e-08
"PRSS16",-1.20948236130237,3.38018903550744e-08
"RRP36",1.3413075908071,3.39595824744077e-08
"ZNF670",1.94360505390341,3.48101052232922e-08
"RBP1",2.89176130615568,3.50141490664542e-08
"GPCPD1",1.9016244979758,3.50141490664542e-08
"MIA-RAB4B",-1.17128572642729,3.58737769609563e-08
"CNIH4",1.38679822870855,3.61137772665777e-08
"RAPGEF4",-3.85491433462887,3.62861867537394e-08
"ADRB1",-4.96585688280178,3.69125689286634e-08
"DUS4L",1.31138220211676,3.69125689286634e-08
"ZMYM1",1.71389376723004,3.70468162356678e-08
"DVL3",1.08006801337495,3.76088780446966e-08
"SPTBN2",-2.89952490046654,3.78179393533933e-08
"AP1G2",-1.57176468820171,3.82345305567711e-08
"CDCA3",2.98390905978382,3.8477375643375e-08
"TNFSF9",-1.1600915560313,3.85596147748012e-08
"PCNX4",1.6796894496476,3.8636848207694e-08
"DNM1L",-1.03755652831394,3.97432367657258e-08
"ZNF501",1.84773655243339,3.99157059947348e-08
"CCT6A",1.13858300767698,4.01041553951943e-08
"KCTD13",-2.02215586341868,4.11311791365476e-08
"DOCK9",-1.9359336532029,4.12437878271948e-08
"GABBR1",-3.32908811564058,4.32189791071954e-08
"ERCC8",1.53154510084102,4.33162377274226e-08
"ELP2",1.12657015025516,4.35243679059046e-08
"HAPLN2",-3.14137740022748,4.39840642581764e-08
"PPP4R2",1.16966855761945,4.4317420642685e-08
"CACNG2",-4.07019975808758,4.4317420642685e-08
"CELF5",-4.83689539982848,4.43365118861348e-08
"FBXO4",1.35750579046955,4.43365118861348e-08
"TAC1",-5.70114325745727,4.45039939243666e-08
"CCNB2",4.73125958122169,4.45074033933307e-08
"PLEKHA6",-3.30691284590631,4.49570731263598e-08
"SLC25A4",-1.11180756499106,4.51050659305086e-08
"SOCS4",1.02087765705233,4.52587720447592e-08
"CASP8",3.56118483101722,4.53834497630298e-08
"BRSK2",-3.04322127012275,4.54534949517548e-08
"DCLK3",-1.4507986380545,4.55173033570018e-08
"RUSC1",-1.62162642341953,4.59877261382328e-08
"CENPF",4.93260173343129,4.61805408033776e-08
"FPGT",1.46442359971558,4.61805408033776e-08
"GABPB1-AS1",2.1342961847833,4.64871257990889e-08
"BEX5",-4.65135706448725,4.67920811848646e-08
"RRM1",1.45668021529224,4.75471275999121e-08
"GRIPAP1",-1.26245723221651,4.80093558184198e-08
"SATB2-AS1",-1.31762673771703,4.8030768551954e-08
"IGSF8",-2.99357771972577,4.80891591674833e-08
"REST",2.43462527873991,4.92768370231104e-08
"PDIA2",-2.96756509440802,4.96789783459707e-08
"CPXM1",4.39781552724319,5.01843435820207e-08
"NEURL4",-1.3712098201434,5.04060581708307e-08
"SLC7A14",-4.93573295940178,5.05855937506253e-08
"RIMS2",-4.92489653578376,5.15469012826612e-08
"ODF2",1.77987630757028,5.16118915246741e-08
"SLC24A1",2.18663351262393,5.16451414171224e-08
"FNDC3A",1.1977138272687,5.1867649180589e-08
"ZNF627",1.74538734179802,5.24472468985958e-08
"PGD",1.33893257525325,5.25088998464709e-08
"NUP54",1.11116663913222,5.26424606425876e-08
"NPY",-4.68207411286588,5.27593807343453e-08
"PXYLP1",1.68523122804543,5.27593807343453e-08
"CFI",5.47805463170374,5.27593807343453e-08
"RASGRP1",-4.51992668900303,5.27593807343453e-08
"CTTNBP2NL",1.1108154645906,5.29634250710077e-08
"STXBP5",-1.72333154157219,5.34690272636089e-08
"RAPGEF2",-1.17309649666726,5.35529570034068e-08
"ALG5",1.01829352206305,5.35623286988485e-08
"PRH1-PRR4",-1.5864729290643,5.41441796565036e-08
"CRHBP",-2.73505926459047,5.41916658878616e-08
"HPS5",1.18927615758179,5.48273981626422e-08
"NAV3",-3.17316426498528,5.55483174110999e-08
"ARHGAP42",2.50078423634944,5.57422837707987e-08
"CACYBP",-1.05510439105602,5.72886017978549e-08
"RFT1",1.46063408701334,5.78520057075091e-08
"NWD2",-4.7451242131885,5.79287347047463e-08
"PLEKHF2",1.88648395847507,5.79287347047463e-08
"RANGAP1",-1.31433135760145,5.89045859209171e-08
"PPP2R3B",2.3761218396236,5.90377615820479e-08
"PP14571",-1.09157078672867,5.94440764443042e-08
"SLC16A4",2.84537508272761,6.05198621513141e-08
"CAMK1G",-2.27646245532591,6.0920916952568e-08
"ZNF117",1.93434724814687,6.1067960423369e-08
"NIPAL3",-2.18964304337108,6.1067960423369e-08
"IRAK1BP1",2.57826003745851,6.16590818594127e-08
"ADNP",1.03465805983616,6.25447926445793e-08
"VANGL1",2.38014996456173,6.29050437607898e-08
"ASRGL1",-1.57296701526726,6.3652321460517e-08
"PPP1R18",2.31188164582642,6.36928746004189e-08
"PKN2",1.10168819543141,6.46599149534412e-08
"DTL",4.62464923568961,6.49405881197963e-08
"LOC101928433",-2.43555772541604,6.51172924938954e-08
"AJUBA",3.93304981871854,6.5146506109335e-08
"CADPS2",-4.29598202977725,6.51666483211227e-08
"CAPN2",1.00595136659277,6.52691926396093e-08
"GREM1",-3.14624053286647,6.52691926396093e-08
"DDX60",2.49247109526955,6.57313434199142e-08
"TCAP",-1.64714548061164,6.68728713572949e-08
"SIK3",-1.56123642741052,6.73956391520655e-08
"CACNA1I",-2.92480115950421,6.75755518575311e-08
"XPR1",1.99795218148402,6.78258481812649e-08
"NAP1L3",-2.07674079055878,6.8180324556793e-08
"CLIC5",-2.70693823703505,6.85827739140257e-08
"DDX39A",1.57131500344101,6.941198673543e-08
"COL6A1",2.36330305445772,6.947082358529e-08
"ALPPL2",-1.10077569647429,7.00267147794403e-08
"PITPNM2",-1.7950019964142,7.07918652496468e-08
"NOL12",1.73134409132038,7.12152374265992e-08
"MCF2",-3.47607659585181,7.13158407494317e-08
"TMED8",-1.09782114382032,7.19847831466028e-08
"UBE2O",-1.6426655397073,7.29317214497472e-08
"VPS36",-1.35247397537976,7.32058004243599e-08
"TNFSF10",3.03483266314102,7.34597064278188e-08
"PNOC",-3.85332282545543,7.39086191792514e-08
"PNCK",-2.14282842566404,7.46074240979998e-08
"ZNF621",1.57303109338054,7.48523716681886e-08
"WNT5A",3.78467910964287,7.54131119668266e-08
"LONRF2",-2.84633581452709,7.55573370194142e-08
"FAM57A",2.47002994871459,7.58011011799121e-08
"FAM43B",-2.05508026788587,7.59845716037669e-08
"CCDC85B",-1.50204073561079,7.62186417078657e-08
"ARSD",1.6293792515729,7.69410453003012e-08
"MRVI1",-2.72200449832899,7.79545905970118e-08
"POLD3",1.29852131834095,7.9022565870392e-08
"TUBB2A",-1.10599202172848,7.91401375363769e-08
"CEP192",1.92367098122886,7.93358643240069e-08
"SDHAF1",-1.29134632967088,7.94213706952913e-08
"MPP7",-2.68899691495201,7.96485852092343e-08
"SLC17A6",-5.3936276413167,8.05180170678053e-08
"NAPG",-1.31170532875221,8.15584152467274e-08
"RNPEP",1.05643037729612,8.17060428609047e-08
"SGIP1",-4.11456322653235,8.32122198900726e-08
"NCAPD2",1.88666472796634,8.35431563173354e-08
"CLIC1",2.63566183018421,8.37257769016844e-08
"CDYL",1.06257158335976,8.45433583482056e-08
"AP3B1",1.27736546802557,8.45433583482056e-08
"PHC1",1.6056118451806,8.55718815747487e-08
"COL1A1",3.35653707172169,8.56839449959623e-08
"TECPR1",-1.35959641080427,8.57838370328103e-08
"RFXANK",1.29936448499217,8.62394562940158e-08
"SUCLA2",-1.10914696599416,8.65719169689528e-08
"FMNL3",2.37719275678001,8.65719169689528e-08
"BEGAIN",-2.57258079324156,8.66086762037433e-08
"GALNTL5",-1.05266392375405,8.70990873296144e-08
"LOC101930241",-2.27084075026766,8.75329540560936e-08
"SRSF10",1.03416431859974,8.76730103892e-08
"POP5",1.11256635078231,8.80136657416945e-08
"ABHD14A-ACY1",1.29832562415456,8.96218624376348e-08
"LOXL1",3.86350198250453,9.05349680684277e-08
"LLPH",1.0140586281737,9.06693289240679e-08
"NCAPG2",2.21689813223878,9.13611498887576e-08
"LRRC7",-3.90023391954747,9.15045249707251e-08
"PRMT5",1.0161296946806,9.29136465229875e-08
"DERA",1.12568243819302,9.39219496779833e-08
"DSE",1.93964222815595,9.50064382731541e-08
"MYD88",1.78836677041321,9.50064382731541e-08
"KCNIP2",-2.723927843705,9.5990066341789e-08
"LIPT1",1.22919013169079,9.62766644387553e-08
"MCTP1",-3.7497807583002,9.69928803072198e-08
"APEX1",1.02955011673779,9.76405599210939e-08
"ZYG11B",-1.25962113157239,9.791179788786e-08
"MIR7109",-1.17192456249317,9.9367382712032e-08
"CDCA4",2.43725960680979,1.01091638354324e-07
"FBXO22",1.25045595504208,1.01594874977779e-07
"FIG4",-1.32630415793406,1.02637395377415e-07
"QTRT2",1.36694318152209,1.04048932312706e-07
"NR1D1",-1.98030457418626,1.04048932312706e-07
"SPRTN",1.68642615186541,1.04716305123255e-07
"KCTD18",1.25899502514471,1.04716305123255e-07
"CDCA7L",2.80186926760729,1.05566535640396e-07
"MED8",-1.12691164581461,1.05697342733212e-07
"MAPK11",-1.64911355677312,1.06752675071372e-07
"GDAP1",-1.71436486408646,1.08248962525852e-07
"TMEM133",1.82848054707041,1.10334359021067e-07
"HPRT1",-1.7661894252551,1.10676253286171e-07
"ACOT8",-1.27082839528284,1.11480761486128e-07
"NPAS1",-1.13111857399106,1.1255851038113e-07
"GPRASP1",-2.36001713531939,1.12912113842925e-07
"BTBD6",-1.11466149694675,1.14635407504498e-07
"NLK",-1.88629182835181,1.16689668518956e-07
"SLC35F3",-3.83881081737857,1.17709334365825e-07
"AK2",1.32125623057778,1.1816518359043e-07
"ARHGAP32",-2.71677119107317,1.21807910299832e-07
"PSPC1",1.05537091358369,1.21825027829562e-07
"TMEM99",1.85423540052925,1.23743493654395e-07
"LRRC57",1.42126429896844,1.24404413532926e-07
"HTR2C",-3.57643973720395,1.24737352082714e-07
"SRRM3",-2.2136098958428,1.24982603507316e-07
"GTF3C3",1.64228066397705,1.25102394392582e-07
"KCNG3",-1.68643247192893,1.26335171709948e-07
"INA",-6.46386604175674,1.27005030899713e-07
"TMEM59L",-2.51685000847942,1.28051378329479e-07
"RHNO1",1.79816303064378,1.28151342415577e-07
"GRM5",-4.93506968485918,1.29847130466764e-07
"KCNA2",-2.8687811633624,1.30583125319528e-07
"PSD3",-2.55451542191665,1.309458060417e-07
"SMAD4",1.51695300415903,1.32008029443276e-07
"NXT2",1.67279464600466,1.36102554803536e-07
"IMPDH2",1.21480845394095,1.39697985480638e-07
"SLC27A3",2.71153081302425,1.40225273330652e-07
"EZH1",-1.18854722539119,1.40296383700129e-07
"ZCCHC4",1.19438044707903,1.40465222030737e-07
"TM4SF18",2.30813610621854,1.40465222030737e-07
"CHRD",-1.49823230017607,1.40569554068807e-07
"TTLL7",-2.30331906118791,1.41309125408694e-07
"ZNF488",-3.75259777986779,1.41687385155985e-07
"HIST1H4J",1.83334486766509,1.41688840804902e-07
"SLITRK4",-4.63552609893564,1.4299052365028e-07
"ERAP2",3.84950694036259,1.44263677957493e-07
"ZBTB1",1.00663532461926,1.44383156412557e-07
"ANO6",1.90250352748533,1.44815422899337e-07
"CXCR4",2.96910478336054,1.45783726039812e-07
"HEBP2",1.2101006316453,1.47118812973804e-07
"PARP9",3.62217278902347,1.49180438235084e-07
"FLNA",2.55659646023366,1.49180438235084e-07
"ERLIN2",1.49515031357835,1.49934298995591e-07
"FKBP1B",-2.35779707998955,1.5059969592941e-07
"ADRA2A",-3.62518944693741,1.51712266279048e-07
"CCDC15",2.30011402637843,1.52717598863395e-07
"KNTC1",2.63208844761222,1.52932730378293e-07
"UBE2QL1",-4.32016744411479,1.54504942771927e-07
"TOLLIP",-1.4818478437879,1.54988295495666e-07
"KCNAB1",-3.4014566943695,1.55395991036034e-07
"C14orf132",-1.95872913412112,1.55462123053484e-07
"DNM3",-4.60897033790868,1.56502433100192e-07
"MIR1204",2.30897597668422,1.56575268043123e-07
"CBLN4",-3.773092701653,1.57354299306163e-07
"TGIF2",3.04593380594983,1.58215692310007e-07
"MKS1",1.75792586242485,1.61450291890667e-07
"CKS1B",1.79306418146666,1.62919815028876e-07
"ZNRD1",1.58185976847495,1.62919815028876e-07
"TPX2",4.27510869515161,1.67108203924334e-07
"SMC3",1.4495560167639,1.67466357193979e-07
"SEPT4",-3.4006374437129,1.67489334320046e-07
"RAB27B",-4.74012264291572,1.67653938367054e-07
"MAGED2",1.31505541446771,1.67673691885027e-07
"ZNF572",1.32757505522209,1.69358133292176e-07
"PITRM1",-1.01243141873452,1.69636413849314e-07
"TMSB15B",5.61978639542478,1.69723130417475e-07
"PFN1",1.28676230402425,1.70331840204059e-07
"SH3GL3",-5.33084732775392,1.71090490274868e-07
"CEP55",3.48745084168369,1.71138077765831e-07
"CHRNA3",-2.29794673087022,1.71379885731393e-07
"GALNT1",1.00943204807941,1.7458804741344e-07
"GJC2",-1.3849754374931,1.74930340848537e-07
"MAP3K12",-1.25558501776963,1.79663626041599e-07
"BRAT1",1.15569129369987,1.79767875598638e-07
"SPATA2",-1.91522209273347,1.79892524463826e-07
"ATP6V0A1",-1.62876103460882,1.80609497966593e-07
"DTYMK",1.35558700051302,1.81516238038773e-07
"FAAP20",1.18730584838027,1.81977078537328e-07
"SNAPC1",1.61651639379244,1.81994655218572e-07
"BRCA1",1.8151014261921,1.81994655218572e-07
"DYNC1LI1",-1.01462673210205,1.82619098402871e-07
"GUCA1A",-1.82751525445569,1.82619098402871e-07
"TMEM268",-2.0101187497482,1.83060647170663e-07
"SH3GL2",-5.54369417318074,1.85813869570148e-07
"KIAA0319",-3.87847303566036,1.86562279178034e-07
"C1orf216",-2.27375519623103,1.89122832708955e-07
"LOC286052",-1.98929722236911,1.90775064998722e-07
"SH3BP4",1.57501852896199,1.92576103813358e-07
"KCTD2",-1.32260339562498,1.93111071879513e-07
"KCNIP4",-4.5747606516904,1.93493255250068e-07
"GJA9-MYCBP",2.25204414425476,1.95479443594881e-07
"RFK",-1.01522457933137,2.02052499822184e-07
"CDKN2C",2.55943197239139,2.03984913686685e-07
"MAL2",-5.26580396245431,2.04627887758563e-07
"SHCBP1",3.00174223110098,2.06220276137914e-07
"TMEM263",1.04689691990111,2.06439861386425e-07
"HMMR",3.46745915199487,2.06586448425004e-07
"NAP1L5",-2.09764530588521,2.10079364530009e-07
"B4GAT1",-1.24871782584623,2.10538147522655e-07
"ZNF260",1.31440080168527,2.10651343217717e-07
"CD93",3.16201313945206,2.13829792398101e-07
"FEZF2",-3.14288119596943,2.15858704426648e-07
"PLPP7",-1.6876006371662,2.18496706541454e-07
"CAD",1.39911802951426,2.20782787239322e-07
"HCN1",-4.72033001373136,2.21768066864961e-07
"PSTK",-1.7302780139459,2.21768066864961e-07
"LOX",4.98302711769144,2.21768066864961e-07
"SLC44A1",1.72313626005693,2.22325406603121e-07
"PPFIA2",-3.58101682560237,2.23636566529002e-07
"CUEDC1",1.52514588588592,2.26218433592405e-07
"CARD6",2.13120207688271,2.27233729814674e-07
"AKT2",1.30048818318461,2.30476894243961e-07
"ZNF558",1.37536575526508,2.34134581203046e-07
"ANK3",-4.39091474169343,2.38704024236084e-07
"POLR1B",1.45994964411544,2.40039975953452e-07
"CNPY3",1.3184641603478,2.41585004571319e-07
"NUCB2",1.12882541860841,2.45072738799301e-07
"HHATL",-4.48015361412584,2.46997759825253e-07
"CSK",1.04354665492708,2.48733848449556e-07
"INTS4",1.08865860060249,2.50822192313355e-07
"FBXO44",-2.31898286614623,2.53107773286298e-07
"RGL2",1.19748347117021,2.55856089871205e-07
"LMAN2",1.10414307788823,2.58878571608627e-07
"MAML2",2.51552861439822,2.59260939880798e-07
"UGDH",1.96819686299841,2.6112532988188e-07
"SNRPD1",1.09562800264628,2.61370979126314e-07
"DNAJC6",-3.93291081539724,2.63247460300571e-07
"FBL",1.40585728648488,2.65823485543849e-07
"C18orf54",2.40287351115371,2.69635814462335e-07
"EPHA5",-3.95349218580191,2.69679473082758e-07
"SERP2",-2.3463832580906,2.6987676348937e-07
"VAMP4",-1.05401855174958,2.70488202788366e-07
"CYYR1",2.9558919252048,2.7060790728953e-07
"ST8SIA3",-4.79058434562407,2.71786610636785e-07
"SLC25A14",-1.1673208530405,2.73177702405967e-07
"TXLNA",1.23532463696476,2.75951420621327e-07
"C17orf51",-1.15625435866207,2.76191454259373e-07
"IP6K1",-1.06679729165556,2.7702202160506e-07
"PI4K2A",-1.13686391311171,2.78403393049988e-07
"NCEH1",-3.21619528280743,2.81440578146032e-07
"SETDB1",1.32819816307356,2.88221123702255e-07
"MED20",1.11233864232793,2.88925419631428e-07
"GLE1",1.0645707104182,2.88925419631428e-07
"SLC25A43",2.91595040780505,2.8940563397402e-07
"MRPL50",1.20776389478396,2.91642893934623e-07
"LOC157503",-3.80878421584563,2.92019149982433e-07
"TPPP",-3.59563150198054,2.9336542281383e-07
"TMEM138",1.35051659874029,2.95240674993659e-07
"POLR3C",1.50808804203938,2.96109649539803e-07
"PDZD4",-2.11643627753794,2.97881895376961e-07
"GNAZ",-1.77662240284715,2.98521296878728e-07
"LOC646014",-1.78952840233117,3.04477188028821e-07
"GRM2",-2.08091131286463,3.04975238131692e-07
"EIF5A2",-2.22483451628561,3.05041437260709e-07
"SLC25A22",-1.62806870489639,3.05230182886406e-07
"UBR3",-1.25366070847134,3.0735284537694e-07
"ZNF764",1.63316748740263,3.0743404306803e-07
"WRN",1.6119295416927,3.07849644268831e-07
"TET2",1.04046349475456,3.0828088403884e-07
"CLSTN1",-1.1390738086549,3.10250931650175e-07
"USP40",1.31423433953662,3.10774846164046e-07
"SNAP91",-4.15455053311736,3.12953245932502e-07
"CAMK1",-2.47976480378054,3.12953245932502e-07
"CNKSR2",-3.29747053497436,3.14368350472155e-07
"GOLM1",1.27682576467626,3.18794301574768e-07
"MIR4454",-2.20342828797232,3.22982141855588e-07
"SH3BGRL2",-2.08182707924097,3.22982141855588e-07
"FAIM",1.24666499683556,3.26502385189021e-07
"SLC35D2",1.74365492447074,3.30539908281238e-07
"GORAB",1.38722671816495,3.31858504512122e-07
"ELMOD2",1.1970014671211,3.32019044921612e-07
"RALYL",-5.2919709261054,3.33186983077454e-07
"NBPF25P",1.29047779021571,3.33704837030054e-07
"BTRC",-1.08712857959606,3.3995748505177e-07
"CDKL2",-3.39174107847673,3.4214612387519e-07
"GINS3",1.90105327694977,3.43986868282352e-07
"ZNF7",1.19169207758547,3.50010680649209e-07
"TMCC2",-2.41604140233057,3.51961581830146e-07
"AMPH",-3.79386642851072,3.53306236159999e-07
"TRIM45",2.00044618995581,3.53568323174175e-07
"ZNF606",1.56889500860131,3.63263732123102e-07
"LOC643923",-4.49248624406207,3.66893670439509e-07
"STEAP3",3.46236883842715,3.66893670439509e-07
"SLC25A24",1.6677380298685,3.69820491073387e-07
"SLIT3",-1.81382074148889,3.72056027352519e-07
"IRF2BP2",1.37993407358849,3.74306618629693e-07
"OAS3",2.5174149601501,3.76747902149774e-07
"DPM3",1.17967330671591,3.79513749237559e-07
"KIF14",3.74090017234773,3.84812278974186e-07
"GPC5",-4.43318132044162,3.85529658553651e-07
"FARS2",1.09278377609592,3.91489772058875e-07
"DCAF6",-1.16830608566917,3.97019837958387e-07
"CCT6B",1.44996396295641,4.01638024581533e-07
"SDCCAG3",1.19582674777704,4.02124012219923e-07
"ATG13",-1.10836119475688,4.02983258399753e-07
"CGREF1",-1.76651708081756,4.06504280479293e-07
"PWAR6",-2.65157081652407,4.07295363709992e-07
"CNNM2",-2.01263247172268,4.07505479493333e-07
"MCU",-1.33815265343471,4.1227384053991e-07
"YAE1D1",1.07639117876258,4.23685732148959e-07
"NRM",2.0362468334944,4.25515969294026e-07
"CACNA1E",-3.80843061365622,4.27562052322775e-07
"KIN",1.16306190967265,4.29544170731527e-07
"EBPL",1.37901235271952,4.32344536397791e-07
"PAIP2B",-2.77139699742171,4.32344536397791e-07
"MGAT2",1.0368991420802,4.32344536397791e-07
"DLEU2",2.52247587971525,4.37705410418546e-07
"SPICE1",2.17106839190585,4.37705410418546e-07
"SNAP25",-4.84892347299738,4.52891283779949e-07
"CHEK1",3.29031262267435,4.52891283779949e-07
"XPO5",1.16995671909039,4.55806469081213e-07
"NICN1",-1.12462305132498,4.59161128844187e-07
"VAT1",1.73588646696252,4.6232775181025e-07
"DLG1",-1.003435739281,4.63765953480045e-07
"MIR631",-1.8618165632956,4.67164563421121e-07
"OPTN",-1.91576183189383,4.67370581569781e-07
"DEAF1",-1.42433335479941,4.69999659290822e-07
"ZC3H10",1.00366107402866,4.77071534549336e-07
"E2F7",4.15715214749895,4.87615492632001e-07
"LYZ",3.66217091421794,4.88263554127303e-07
"LRP3",-1.44323897822893,4.89373048993651e-07
"SBNO1",-1.47582338112801,4.90432446250433e-07
"PTP4A3",3.24607423318172,4.90482229991274e-07
"KLC1",-1.28147284313749,4.96666338943744e-07
"PLCB1",-2.75288894897549,5.11145283489128e-07
"BUD13",1.30234614002005,5.1259560350553e-07
"TRNP1",-2.46637317516529,5.17599824798581e-07
"TMEM196",-2.97798353485464,5.18864319695874e-07
"TRDMT1",1.37502526495168,5.1890155703013e-07
"CCSER2",-1.05901124837029,5.23416343854214e-07
"TOMM40L",-1.76401673515825,5.34551523243088e-07
"RTN2",-2.39613009051342,5.38067555271357e-07
"PXDN",3.25149850502405,5.39740447093679e-07
"ACLY",1.04604627553121,5.39740447093679e-07
"LRFN5",-4.0827011019363,5.40332981251014e-07
"KCNJ3",-4.42787300499679,5.4308089887736e-07
"HABP4",-1.26989001155365,5.4897443508647e-07
"FBXL17",-1.41155697825116,5.49917099282568e-07
"SHANK2",-3.74638260965497,5.54429166922581e-07
"PTX3",4.42761207233563,5.67057693188226e-07
"IKBKB",1.26135496299566,5.67962852261604e-07
"UBE2I",1.14019811275365,5.6810330550515e-07
"ADCY1",-4.16351505800677,5.69191755654306e-07
"ITPK1",-1.47612057441125,5.7345872576937e-07
"LGI2",-1.53758514150177,5.77392896873695e-07
"ZMAT4",-3.53704423710644,5.81134379512329e-07
"SEPN1",1.82673861207909,5.89366595654968e-07
"IQGAP1",1.6373541174092,5.89758237956693e-07
"UEVLD",1.80709355106325,5.90285921426726e-07
"CAMK1D",-1.87760684186239,5.93488753955502e-07
"NRP1",2.46510758896193,5.93715194276191e-07
"PIANP",-2.634367331167,5.95221237013248e-07
"AGTPBP1",-1.18162844958515,6.00423107566498e-07
"INPP5F",-2.61066707684413,6.06048907946355e-07
"YIF1A",1.02643714041019,6.06377443530089e-07
"GNG3",-4.68240474972604,6.11190804575355e-07
"PPM1L",-2.09382353154169,6.12515679723608e-07
"NDRG4",-2.33811463046233,6.14650469630628e-07
"NR4A2",-2.80393426717963,6.20168184007678e-07
"FAM102B",-2.01898798167115,6.21106739952886e-07
"MINK1",-1.22563186098068,6.29173879389646e-07
"CISD1",-1.36793207317864,6.29679735473948e-07
"WNT10B",-2.30677060019139,6.35275198061096e-07
"GABPA",1.67087225867311,6.37675290756098e-07
"ABCC4",2.31111370770046,6.37675290756098e-07
"SMCHD1",1.01049086670283,6.37675290756098e-07
"PAK3",-3.17929344885292,6.43304952080796e-07
"SGO2",2.58982721971985,6.4713178133139e-07
"PC",-1.49523888889093,6.47930959305651e-07
"PTK7",1.89819062269986,6.48807962239337e-07
"KATNA1",1.58931175210782,6.625956079654e-07
"THG1L",1.99257833410723,6.67645563860115e-07
"BRI3",1.14657408173911,6.69144812353074e-07
"CTHRC1",3.91876221102525,6.71957124718777e-07
"MYO5A",-2.07496943698278,6.76482268136881e-07
"KCNB1",-3.13581643992013,6.7805908483419e-07
"MBNL3",2.81373733166358,6.85506386564007e-07
"CPEB1",-2.99247734841658,6.88626403022742e-07
"CCDC85A",-3.91289541252854,6.92978337608428e-07
"OLFM1",-3.27222923194715,6.97109092988437e-07
"KLHL1",-2.92228698123275,7.06408399787306e-07
"GAS7",-3.37483475820284,7.11919653587272e-07
"RAB32",1.72002461253478,7.12042017947221e-07
"TRBC1",-2.61349291343202,7.1261465079356e-07
"POLI",1.26769718798179,7.26121607609408e-07
"CHN2",-3.95579460950494,7.26121607609408e-07
"SLC25A1",1.65493198929513,7.26121607609408e-07
"KCNK1",-4.46520145985944,7.26121607609408e-07
"DARS2",1.39107546303011,7.3167056620409e-07
"PPM1A",-1.33385326998324,7.40536577376492e-07
"WRAP53",1.74179769873669,7.42288884854795e-07
"CORO1B",1.2611794346238,7.45488731996181e-07
"FAM131A",-1.73594669780329,7.50047330326367e-07
"RIT1",1.88551608148251,7.57535360664729e-07
"ZNF2",1.26321190072794,7.60494801057596e-07
"ARHGEF9",-1.49929010761033,7.72203568229368e-07
"DTWD1",1.27904199698822,7.85772899176858e-07
"KIAA0408",-2.82631046290382,7.87318308477224e-07
"PLXNB2",1.69517635165726,7.87318308477224e-07
"PGBD5",-2.65484413599632,7.93721268857657e-07
"DEDD2",-1.00058614477535,8.02907642317733e-07
"PHOSPHO2",1.57037163720506,8.05354546880243e-07
"ARFGEF3",-2.62113609872683,8.26808155015404e-07
"MNS1",2.82312957002491,8.26808155015404e-07
"CREB3L4",2.72642877303438,8.30124712659119e-07
"MUM1L1",-3.40686110987614,8.3281810169857e-07
"HIVEP3",-2.56254728666114,8.37414902250928e-07
"TCTN3",1.44055392287844,8.39185208913654e-07
"MIR124-1",-4.20983400926838,8.45519141220522e-07
"ZC3HAV1L",2.17786657826449,8.45854177566817e-07
"RGS11",-2.63039364583025,8.5613292462905e-07
"NOX4",2.73853445337015,8.5613292462905e-07
"ZNF667",-1.6317817332724,8.60327333144178e-07
"FRAS1",-4.02397350171263,8.67276783283078e-07
"RMI1",1.40142301202906,8.70174920086962e-07
"TAF4B",-2.45149943841703,8.73016018715076e-07
"BIRC5",4.49926411786771,8.8004357549365e-07
"NAGLU",1.33995545719579,8.8519018087318e-07
"ACRC",-1.61265078104372,8.8519018087318e-07
"ICAM2",-2.44666166114799,8.86872398444448e-07
"TMEM178A",-3.15624654768337,9.0463386475561e-07
"ALDH7A1",1.16569099682413,9.18886725653591e-07
"KLK6",-3.40264713533833,9.23921394432613e-07
"EIF4E2",1.76983732625273,9.41932190768997e-07
"ZNF200",1.19065321738698,9.44845401991329e-07
"ENKD1",1.826614451362,9.47377385742583e-07
"GDPD5",-2.64214851845951,9.52965333038349e-07
"SYT4",-5.38607778929613,9.52965333038349e-07
"ANKRD39",-1.47214270239947,9.52965333038349e-07
"TGFBI",3.11301331907987,9.53387135633506e-07
"BARD1",2.02373197590513,9.59600632337889e-07
"NUF2",4.0071189288756,9.71889074428443e-07
"ZNF134",1.63494784852498,9.72735223304373e-07
"PXN",1.76153593524274,9.73746494274444e-07
"CASP6",1.06724651150098,9.82540353264594e-07
"CCDC106",-1.07898597936976,9.9946400224236e-07
"MZT1",-1.54085565438291,1.00319605840088e-06
"DIO2",-3.36304747239856,1.01068064501486e-06
"POLE2",2.65209204823655,1.01905327429301e-06
"TECPR2",-1.61840436454787,1.04334187179508e-06
"STXBP4",1.40043198670019,1.05057268838989e-06
"ZNF561",1.09830876400717,1.05057268838989e-06
"CELF2",-1.01550285626108,1.0506655633724e-06
"PLOD3",1.68186139018625,1.06287151884911e-06
"IGFLR1",1.36326718051446,1.09202099256074e-06
"ANGPTL2",2.7129560024142,1.10691548011038e-06
"AKR7A2",1.02795148669875,1.1116614024118e-06
"RUNDC3B",-3.00694546441364,1.11224224860107e-06
"MCF2L",-2.80214607552321,1.11240150308303e-06
"THY1",-2.94937169495267,1.11537199224126e-06
"ZNF551",1.77943693498487,1.12743985890037e-06
"ELMO1",-3.38458197363354,1.13916403975912e-06
"FAM58A",-1.04628109453044,1.14503463855548e-06
"ACTL6B",-4.66317723813254,1.1531797241167e-06
"LRP6",1.10794815642918,1.16142576578352e-06
"NPTXR",-3.23302663792748,1.16554687427325e-06
"BRINP1",-5.0425620247904,1.17910884686461e-06
"JPH4",-3.56038050331802,1.18255821116763e-06
"KLHL18",-1.38532197806536,1.18291590449114e-06
"LPAR6",2.10713405899132,1.18562697503681e-06
"FAM114A1",2.38545172392103,1.18702852023336e-06
"SOCS2",2.74949403660302,1.19268294808288e-06
"GUSB",1.34154109773404,1.2135535590161e-06
"APOM",1.49182320798324,1.21865212697191e-06
"SCRT1",-2.51295096309507,1.22079797517578e-06
"ARL2BP",1.0082880784094,1.22919026797856e-06
"GPX8",2.85990882783051,1.24556127064874e-06
"RAB39B",-1.7144203350482,1.24556266447215e-06
"VPS13C",1.16922730990519,1.26145467300219e-06
"TWSG1",1.33040744962044,1.26376295829114e-06
"NUP88",1.03446600330098,1.26873926731789e-06
"TRAM2",2.78878308638547,1.26992850655003e-06
"FBXO30",1.13387162749078,1.28617413017383e-06
"GABARAPL1",-2.04886975493143,1.29585270524428e-06
"XKR4",-3.90054749526286,1.29793010811315e-06
"SMAD1",1.20403167109828,1.30546741162671e-06
"DTX3L",2.66783099750407,1.30848743269827e-06
"VGLL4",1.0175602950948,1.30896497424803e-06
"DBNDD1",-2.36390347210086,1.32091262867662e-06
"CAMSAP2",-1.20840254957219,1.3223383966163e-06
"IGIP",-2.21683820923222,1.32938597451728e-06
"QRSL1",1.12229979563379,1.3315108447944e-06
"EMP3",3.57616943040059,1.34894316017858e-06
"ATP9A",-1.33160867294623,1.35350203065291e-06
"PRDM5",1.60342710033819,1.35447600450458e-06
"ADGRL1",-1.88563104041565,1.35580894591966e-06
"DOLK",1.38572614807732,1.36930037841057e-06
"COL1A2",2.27129600858442,1.36996041123217e-06
"BGN",2.53585412794286,1.37106771868476e-06
"SLC1A6",-4.01920790754931,1.38607970289316e-06
"ANK1",-1.07020775226969,1.39140699716324e-06
"TMEM257",-3.62746478082025,1.39304810215482e-06
"NRG1",-3.5201224750718,1.39569331208129e-06
"RDH12",-1.15951904436936,1.39971106633012e-06
"AGPS",1.59346360043083,1.40989876422094e-06
"MCM9",1.27183981017626,1.41550576913978e-06
"DLGAP5",4.00163587325483,1.42300309167015e-06
"AKAIN1",-2.40759094812794,1.43357640599005e-06
"PPP3R1",-3.25355017391053,1.43730735042261e-06
"DCAF16",1.52192440854207,1.4391250055157e-06
"SLC25A39",1.39384079505983,1.44354058789508e-06
"DRAM1",2.22139659530335,1.44434241213164e-06
"SLC2A13",-3.80554326215648,1.44714883603437e-06
"ZNF253",1.49602526058665,1.44861569953056e-06
"PSMB8",3.32230233232657,1.44861569953056e-06
"ATP6V1B2",-1.17848469502841,1.44861569953056e-06
"TMEM266",-1.47248070841269,1.45288427622298e-06
"ZCCHC17",-1.00908458056957,1.45383077875006e-06
"ZSCAN5A",1.92460953965641,1.46714649174407e-06
"SPNS2",-2.25309027893084,1.469449387959e-06
"ZNF112",1.05734535989947,1.48028642458344e-06
"LOC101927365",2.17292013476128,1.48241460108654e-06
"FANCI",2.9750425674184,1.4954158677311e-06
"EFS",2.32705847082465,1.49571815387426e-06
"CD200",-2.28935366058849,1.49571815387426e-06
"LRFN1",-1.30211008645089,1.50028678376606e-06
"SP3",1.13821497185017,1.50504301798261e-06
"TMEM173",2.58360145068349,1.51816122726502e-06
"WDR35",1.12454194354615,1.52043912797361e-06
"ARHGEF25",-1.390552378924,1.52335600669117e-06
"RGS6",-1.28982725771565,1.5302003831938e-06
"DPY19L4",1.43890355768921,1.5332523928786e-06
"MUC8",-1.50523983628863,1.5332523928786e-06
"BIN1",-1.50440297476819,1.53953933797406e-06
"ZDHHC4",1.08462100039507,1.54189857040652e-06
"BEND4",-3.01350441227338,1.54813237032642e-06
"ARPIN",1.06616751161558,1.5601645572988e-06
"GPATCH2L",1.09384718759618,1.58379921637894e-06
"TEX9",3.57567184838567,1.6002978400816e-06
"EPCAM",-2.22090920832959,1.61422167037281e-06
"CELF6",-2.89009762415076,1.6150123379447e-06
"ROCK2",-1.18104951723926,1.6150123379447e-06
"SLC35F5",1.53164333687508,1.61678778288561e-06
"CLHC1",2.40911875870486,1.63016067951837e-06
"PPP1R3B",2.97910535195568,1.64690065245937e-06
"SLC1A2",-3.35084722851026,1.65377141084212e-06
"IL17RD",1.93669296666285,1.65659848956619e-06
"LXN",2.43813478559302,1.66124580087883e-06
"PSME1",1.08439562713221,1.66729128148915e-06
"SLC6A1",-2.74113219854202,1.66810513298679e-06
"STIL",2.21386906391564,1.69337119840918e-06
"DLGAP1",-3.89819837626207,1.70198686891238e-06
"TRIM5",2.2494973076662,1.71232503659433e-06
"ZNF45",1.03860991276343,1.71232503659433e-06
"PEX12",1.00919843738671,1.71773001270305e-06
"MTFR1",1.11454287471578,1.72044539655234e-06
"NPHP3",1.59183452140078,1.73101921489639e-06
"PSMB8-AS1",3.01273391380053,1.73706426345185e-06
"TMEM123",1.75637628489322,1.74362346216057e-06
"GINS2",3.22423602213307,1.74452316769706e-06
"TTC39B",-2.29803010770546,1.74784237221684e-06
"SNX5",1.09045504130644,1.76497014528156e-06
"ASXL1",1.12769385540473,1.78130365857991e-06
"KIT",-2.92712914918475,1.79189372821214e-06
"AIFM3",-3.89678536153399,1.79698097426145e-06
"ANO4",-3.20257038323432,1.81618033612268e-06
"TPD52L1",-2.86804198157114,1.83428956804115e-06
"MEX3C",1.32865241124648,1.83635658264513e-06
"ZCCHC8",1.18707871011288,1.84236420943199e-06
"SLC24A2",-5.62758616034018,1.84742241241429e-06
"MIR6125",-1.36259280521348,1.84742241241429e-06
"LOXL3",2.0362420800184,1.85474540477386e-06
"METTL2A",1.03614382686475,1.85933554056459e-06
"CCL3L3",4.04952840606147,1.86287363689335e-06
"ACADSB",-1.48315013976654,1.86615317171657e-06
"SCN4B",-3.36575199177397,1.87334863931253e-06
"LOC100287590",1.17770572026332,1.88063528138876e-06
"UQCC1",-1.00805105862478,1.92635856226386e-06
"FAM219A",-1.60885782210263,1.96095349843165e-06
"TBC1D30",-3.11514825001152,1.96553294862998e-06
"IFI44",2.96752005968119,1.96885345221959e-06
"NOB1",1.46472202238993,1.97041104134314e-06
"ZNF766",1.21368436121006,1.97259453320068e-06
"BCAS3",-1.04155499743859,1.98250127176081e-06
"SLC35F2",2.09127366358974,1.99023866779159e-06
"GAD1",-5.62765462937621,1.99023866779159e-06
"NTN1",3.50764007500986,1.99915996062439e-06
"LHFPL2",1.70285910436673,2.01062579202538e-06
"BDH1",-2.45921838492137,2.02904164899981e-06
"ATP13A2",-1.31703894837219,2.02904164899981e-06
"CDIP1",-1.592286545267,2.03695119594207e-06
"TMPO",1.78382589943661,2.05735538975565e-06
"S1PR3",2.69349875050486,2.06131636264045e-06
"SEC61G",1.05192512484825,2.10013888800233e-06
"COL4A1",2.08407050137093,2.10899392376367e-06
"RFX7",1.30099287938547,2.11058529768934e-06
"TMEM63C",-2.08304466045503,2.11126031204214e-06
"CYP2J2",-3.79966098108436,2.11742721381669e-06
"KCTD20",1.14572032837468,2.11768629517007e-06
"ZNF582-AS1",-1.59357932306555,2.14088954402361e-06
"CCDC149",-1.68456754882775,2.1429978955842e-06
"CDK14",-1.12821753058738,2.16677095959337e-06
"EDN1",-2.7232517649572,2.19990945680492e-06
"RFWD3",1.75674660441433,2.22080805991924e-06
"LRRC42",1.33340887346285,2.23926480890594e-06
"STRIP2",-2.64998798375411,2.24327925329894e-06
"C5orf30",-1.48912445596824,2.26452357252217e-06
"PTPN21",1.62201669435883,2.26831816645063e-06
"FJX1",1.6674608868568,2.2852293595434e-06
"SLC39A12",-4.14018489422847,2.30501155635095e-06
"AP4S1",-1.0808857193814,2.30707547448143e-06
"S100PBP",1.0312762854927,2.33159515593514e-06
"FAM122A",-1.16992330066312,2.34943982540182e-06
"CPSF3",1.05763451394095,2.36644590674776e-06
"TTK",3.80637585451367,2.37440546085693e-06
"GPR88",-3.61453430576371,2.3849367578326e-06
"TRIM6-TRIM34",2.26354714919164,2.3849367578326e-06
"MIR6831",-1.29036824822854,2.4180551201791e-06
"ERICH3",-3.77665258527306,2.42943149599659e-06
"LOC101060747",-1.07001011555115,2.44125717619402e-06
"MGAT4A",-1.4498897770434,2.45425386381782e-06
"PAXBP1",1.27016510322425,2.47501230708294e-06
"EFHC1",2.45521732371388,2.51344328934839e-06
"ZNF581",1.3132009396044,2.53018875704084e-06
"PARP4",1.46952393107521,2.53522127716155e-06
"IVNS1ABP",1.26834863130657,2.5488926588569e-06
"PRTG",2.44533974688934,2.56358784173152e-06
"NSMCE4A",1.01858364143366,2.59347943673029e-06
"MAP4K5",1.34458994826161,2.60446336169007e-06
"PAICS",1.16660278187948,2.60847881742143e-06
"ZNF519",-1.56181728239935,2.61990042057839e-06
"PURA",-1.09675496932283,2.63141621767567e-06
"FCGRT",1.75589576354405,2.64779651195987e-06
"MFSD6",-2.3839374601597,2.6643970198512e-06
"SLC39A1",1.17967285182169,2.67765724752274e-06
"CCDC14",1.39896315704884,2.74950147452026e-06
"PPP2R2C",-4.98714782615944,2.7591091233319e-06
"DSG2",3.86416586556713,2.76738207566504e-06
"RHOXF1",-1.05191191624714,2.80440389305151e-06
"PRRT2",-2.31341077350868,2.83159986226846e-06
"MYO9A",-1.23668129123262,2.83159986226846e-06
"DMRTC1B",-2.49950071065904,2.89822091443209e-06
"PCMTD2",1.04022289455581,2.92254456321306e-06
"ZNF311",2.16744304165365,2.92254456321306e-06
"RSL1D1",1.04110120309407,2.93469290952047e-06
"ZNF259P1",1.64646888426285,2.93469290952047e-06
"LAMC1",1.65484872339303,2.94726649555947e-06
"CDS1",-3.8252049722261,3.00131102644444e-06
"ASTE1",1.64925034214733,3.00293619420322e-06
"NCAPG",2.80715664803931,3.01775589061988e-06
"PARP12",2.46793206987291,3.02894059994546e-06
"ZNF649",1.95734615476147,3.04617254558098e-06
"ADARB1",-2.27158497515083,3.08348830227677e-06
"B4GALT6",-2.03929160855904,3.08348830227677e-06
"FLVCR2",2.03375471903294,3.10609283660536e-06
"CCDC136",-2.3148777796747,3.12838059081006e-06
"ZNF300",2.82401338527416,3.13438096903577e-06
"PSENEN",1.96743483548448,3.14099193488705e-06
"ZSCAN25",1.18979533405305,3.14550852681404e-06
"SLC38A10",1.2796948076518,3.17624335467618e-06
"TXNRD3NB",1.23868540333018,3.19137279101356e-06
"LOC101927137",-3.94968643035753,3.19474534752006e-06
"GLIS2",1.60877946930183,3.20167031412087e-06
"BMS1P20",-1.4730084533956,3.2029804976802e-06
"ZBED4",2.2087943675825,3.20921871063152e-06
"CKAP2",1.59669617492103,3.2218239321306e-06
"PLEKHA1",-1.48610636062288,3.22361568335159e-06
"CHD1L",1.17279102478474,3.22361568335159e-06
"ITPRIP",2.08255848182912,3.22361568335159e-06
"LOC100505585",1.12616320912814,3.25848456395625e-06
"VCAN",2.68421180523188,3.25848456395625e-06
"CALB1",-5.89703118447713,3.270006019173e-06
"KCNC1",-4.0315904788,3.27718644314542e-06
"ZNF813",1.29467052593234,3.28210724728268e-06
"HK2",2.43872740732965,3.28774999096863e-06
"PLS1",-2.3452025762595,3.29780001627762e-06
"TAGLN2",2.12039974395515,3.30505690406398e-06
"CTNNAL1",1.34097248275213,3.31099176518952e-06
"RNFT1",1.32977125815628,3.31979821761173e-06
"RREB1",2.36834129336146,3.31979821761173e-06
"KIAA1549L",-3.32415021467403,3.34768682411075e-06
"ABCC8",-3.27676454518475,3.36452204860471e-06
"BCAS4",-1.17752582637824,3.37674472421718e-06
"MRPS16",1.01887897829591,3.37746194606115e-06
"SLC9B2",-1.54510695614892,3.38660011007182e-06
"UNG",1.03511892018257,3.42027563707003e-06
"BAIAP2",-2.31596549925687,3.44193733863439e-06
"ARHGAP23",-1.52027621763136,3.46100580413542e-06
"TMEM132D",-3.548826810843,3.46786161605204e-06
"CYB561D2",1.02147438386022,3.49946154881661e-06
"SLC48A1",-1.35466179479027,3.50559767788705e-06
"MICALL1",1.7203856313355,3.50886813060977e-06
"LRRC8B",-1.94374363368534,3.51029962213092e-06
"COL6A2",4.78114364547836,3.55492430124348e-06
"SOBP",-1.49142302669803,3.56188055771392e-06
"RIN2",1.52789047048494,3.56718827126179e-06
"SNCA",-3.23247437960257,3.60472588190366e-06
"SLC4A2",2.30170940592005,3.60606924394584e-06
"ENO2",-1.71130758170731,3.60996679987684e-06
"CFLAR",1.13135670332307,3.63962346259096e-06
"SPDL1",1.54258834739014,3.63962346259096e-06
"ANK2",-1.86898091716154,3.66667228927652e-06
"KIAA1324",-2.46361272520244,3.74479911417725e-06
"NCSTN",1.39861165237495,3.76441721599556e-06
"KNDC1",-3.59390075888304,3.76441721599556e-06
"TPRN",-1.05269459226082,3.76838441220655e-06
"ZBTB26",1.47643262319519,3.80432945840562e-06
"ELK3",1.87385692995404,3.83134968278336e-06
"PDYN",-1.94495838907351,3.87525505719472e-06
"HELLS",2.36928453417778,3.90254504554844e-06
"UNC5A",-4.86450143188889,3.97326079928114e-06
"SDS",-1.82173369354511,3.97326079928114e-06
"PTPN4",-1.87729108436318,3.99126149001725e-06
"COL4A2",2.02235929469822,4.00848165474041e-06
"DLGAP1-AS3",-1.32949174511414,4.01667794161008e-06
"MRC2",2.77102340681874,4.03567990087577e-06
"LOC642846",2.7077473027975,4.03705616833447e-06
"SLK",-1.09680500793143,4.07595141966514e-06
"HDGF",1.11662148534049,4.07915077779903e-06
"LINC01102",-2.99673051540086,4.08845434984814e-06
"EFCAB2",2.16724559472156,4.16378903740368e-06
"ACOT7",-2.41918110772959,4.19566830272047e-06
"POC1B-GALNT4",1.66695775275141,4.20038707634498e-06
"MTG2",1.3401991141138,4.2513212658398e-06
"GEMIN6",1.32317346616923,4.25916582806859e-06
"NIP7",1.32791300915378,4.26190616682189e-06
"HNRNPC",1.23696727039487,4.32421705591794e-06
"AACS",-1.55378168129645,4.47642701602582e-06
"TENM2",-4.25353126873747,4.47642701602582e-06
"ZNF691",1.07666588617074,4.48637690502227e-06
"LOC101930343",-1.44527866928429,4.4994464173563e-06
"COL5A1",3.02614037448507,4.49948731962245e-06
"CMTM3",2.45703569538001,4.50146016189822e-06
"USP6NL",1.16588252224753,4.50756845330804e-06
"CDC37L1",-1.04813486702729,4.61193142212341e-06
"UNC80",-2.41431797788278,4.62767249312366e-06
"CENPK",3.16814092376712,4.63844104295261e-06
"DOK6",-3.59258601192894,4.63844104295261e-06
"C11orf87",-3.7781477188858,4.67729672731892e-06
"TROAP",2.54891413032334,4.67729672731892e-06
"TNIP2",1.35538515241419,4.68618953010783e-06
"KLF10",1.77953166076304,4.76761212211763e-06
"TACC1",-1.27109131880184,4.79978232720181e-06
"LRRC3B",-4.06899276686167,4.81043848208339e-06
"NEUROD6",-2.3659064803451,4.81088591095198e-06
"NUDT18",-1.21838103498856,4.87393856847239e-06
"FAM189A1",-3.10100939433261,4.99974422304703e-06
"OAT",-1.15564143977601,5.00215584875458e-06
"TSPO",2.30220972772919,5.02583716967497e-06
"KIAA1217",-2.96999443395496,5.05267295431932e-06
"NOP2",1.31835238055036,5.10953563379153e-06
"OLFML2A",3.32420557588153,5.13277345794676e-06
"GRIN2C",-2.9998399661958,5.1891876316878e-06
"TMOD2",-2.28600443997989,5.19674775179589e-06
"RCC1",2.01410957959224,5.22560781484473e-06
"FAM81A",-2.48725364239454,5.23460613198451e-06
"LOC339803",1.7514727406094,5.28807698522244e-06
"ABCA1",1.49763104413168,5.3602708709653e-06
"TLR3",2.41974926037777,5.36561986373122e-06
"VARS",1.42327015332412,5.37407282155666e-06
"DLG3",-2.30181341543649,5.49536291120546e-06
"PDE4A",-2.49542080996312,5.53787566148632e-06
"CNTNAP2",-3.12241729606213,5.53787566148632e-06
"CUX2",-4.59777773423084,5.55225872417705e-06
"FBLIM1",2.91281899984832,5.55885518537282e-06
"WIPF3",-3.37231975093281,5.56185263755221e-06
"LYRM9",-1.73082539604163,5.57448665116602e-06
"SYDE1",1.65317687140295,5.59937698238856e-06
"EPHA10",-2.16714921450769,5.62351888194332e-06
"MANEA",1.22167654419355,5.65082903648756e-06
"FMO4",2.16438680942091,5.65947770661922e-06
"GLA",1.09517150038494,5.68077741724934e-06
"FAM64A",3.57899610375174,5.69399516415538e-06
"POLD1",1.61526499012064,5.77711896907672e-06
"MPHOSPH8",-1.30631013559311,5.84953749146494e-06
"RAB13",1.58398821156777,5.85627178903332e-06
"CALCRL",2.66512618379263,5.86987446334979e-06
"DGKH",-2.32536726917502,5.86987446334979e-06
"PPM1G",1.05656398675417,5.89113303714021e-06
"SLC37A4",1.26066406735312,5.91766438129444e-06
"PCOLCE",2.51773153540512,5.93736332167844e-06
"BTG1",1.00419155614372,5.97232331177495e-06
"METAP1D",1.21296493261499,5.97901190467191e-06
"RARA",1.60042853353918,6.0088733564629e-06
"NFIB",1.27689088811637,6.02161412927161e-06
"KIF18B",3.27416145573103,6.06456753988831e-06
"DCP1B",1.02958466057442,6.06745287275982e-06
"ZNF3",1.666812502828,6.09046618206925e-06
"PCNA",1.24543699937652,6.0983891634713e-06
"AP3B2",-3.57689481041907,6.10500531438609e-06
"HAGHL",-1.48289236919028,6.12331194475347e-06
"PEG3",-2.2314639123572,6.12815062792707e-06
"HAS2",3.17050633209283,6.12897659018789e-06
"ADAM12",3.65074230279828,6.17737742045602e-06
"PLPP5",1.52394025231176,6.23371770872119e-06
"ZBTB10",1.3303034424562,6.30954328904873e-06
"TLR1",2.74140129632123,6.31002403384231e-06
"ZFYVE9",-1.19947532990112,6.34585460326769e-06
"PLCXD2",-2.84820046223557,6.38506810784418e-06
"SYNE2",1.92340304204773,6.40197323685766e-06
"ANKS1B",-2.93639497683163,6.40197323685766e-06
"STK39",-1.03359266193867,6.40197323685766e-06
"SLC2A8",-1.02986754534892,6.46299087902512e-06
"SLC35F6",3.69709768192781,6.46820303804199e-06
"NCK1-AS1",1.27816849999881,6.4810396914079e-06
"PCP4",-4.07880453859514,6.50319469696186e-06
"TUB",-1.64229879095326,6.5558129039801e-06
"PLAGL2",1.27762883097915,6.5756013733926e-06
"NOXA1",-1.17310790026036,6.68761848305998e-06
"MAPT",-2.41908769882157,6.8069043002464e-06
"LINC01140",-1.08760413631335,6.81147978345118e-06
"WHSC1",1.50385896752932,6.84724740616209e-06
"AMER3",-2.34745007316483,6.85174429012883e-06
"KIAA1468",-1.25489523843084,6.953656958292e-06
"SLC26A2",1.66695952855634,7.05952448959503e-06
"KNL1",3.61770909297455,7.09988641342476e-06
"ICA1",-1.33681613651006,7.13433310750895e-06
"TARBP2",1.14067295749099,7.13433310750895e-06
"PRDM2",1.15626778052412,7.1499862559551e-06
"CLMN",-2.2944826579242,7.16448365176549e-06
"NEK3",1.61284949436909,7.18750324142081e-06
"RORA",-1.64977505414004,7.23154445177686e-06
"HSD11B1L",-1.26248230287548,7.23204668351436e-06
"SFRP4",3.38196061236318,7.27895055688013e-06
"CRIP1",2.90214099914247,7.41343455602349e-06
"TTC31",1.15266240858921,7.42453115223785e-06
"DENND4B",-1.0882279201411,7.4299195482537e-06
"RAP1GAP",-2.55701437046161,7.43193324352804e-06
"CRLS1",1.04230824925601,7.47056074400463e-06
"PLCE1",2.66387591411308,7.48535646641719e-06
"DNAJA4",-2.6270204529983,7.52034325311701e-06
"LOC100128727",-2.59519734524721,7.52034325311701e-06
"PRMT3",1.27372769866732,7.52155195918292e-06
"ABCC12",-1.56167235632847,7.72910893998175e-06
"GCAT",-1.62710260773807,7.75005325892417e-06
"STMN2",-5.97114210667075,7.76267395903765e-06
"NFATC3",1.17812405140039,7.82392251211066e-06
"ITGA4",2.43321135544983,7.92030481060502e-06
"LINC00592",-1.40639621610046,7.93727141321251e-06
"PAK5",-4.08342649976338,7.93727216605344e-06
"ESPL1",2.38381899303228,7.98620046488678e-06
"GATB",-1.71129505423754,8.02240509447377e-06
"SEMA4F",-1.37636932009717,8.02742665758789e-06
"PRRG3",-2.90630309259639,8.05926145459128e-06
"RPRML",-2.34531022471808,8.1952538136259e-06
"LOC100996843",-2.98731796352729,8.1952538136259e-06
"NUP35",1.30605077069611,8.24695019133029e-06
"COX20",2.59211477736981,8.29416098961307e-06
"PTGES2",-1.08887840639086,8.30888199993783e-06
"ZCCHC2",-1.03733804245352,8.31947354445123e-06
"FRY",-2.06820001730237,8.32239050167866e-06
"SPX",-3.76966789912091,8.35535941387151e-06
"IGFBP5",2.00440670337211,8.35535941387151e-06
"ZNF438",1.08250849297212,8.35678764401343e-06
"FLNC",3.29463179599802,8.4993308091322e-06
"REEP2",-1.08458087718745,8.52458326137036e-06
"OTUD3",-1.6411511851004,8.53374430080702e-06
"LOC101930322",2.2674550277113,8.54453362537091e-06
"RASIP1",-1.55826761301177,8.57899126394645e-06
"PGM3",1.32649922590871,8.65152703959419e-06
"LMNB1",2.88414637367311,8.66971899998189e-06
"SENP1",1.29627502813485,8.74834916989307e-06
"ACOT4",-1.25313415213117,8.75619315543649e-06
"CHSY1",1.24951281268461,8.76331296366343e-06
"REC8",1.76589841929092,8.80978254044461e-06
"STAT5A",1.43781206390697,8.8478987422251e-06
"ADCYAP1",-4.11060325316075,8.91772108855483e-06
"UCHL1",-1.76498704756752,8.93735434410437e-06
"PRKAG2-AS1",-2.67769592435128,8.96301270127144e-06
"CACNA1D",-2.67190161401585,9.04530252602607e-06
"LGI4",-2.89588623045076,9.11598963484939e-06
"ACVR1",1.10063231308539,9.12332883669803e-06
"YPEL2",-1.81965405187515,9.3755633357638e-06
"THEMIS",-1.28571908204905,9.38944095806851e-06
"NUP62",1.00310019521511,9.42618377773969e-06
"SHTN1",-1.97567293963071,9.6527204149673e-06
"ZNF204P",-2.79873601605227,9.6709114567247e-06
"LINGO2",-4.2923159580766,9.68005086130425e-06
"BORCS6",-1.25952555375983,9.69918408156437e-06
"SFN",2.36512875952589,9.70262032119303e-06
"GALNT18",-2.55419337254175,9.73735473634777e-06
"POLM",1.2762366284526,9.7522355647013e-06
"TBC1D25",-1.26767819267897,9.82678547659198e-06
"DZIP1L",1.83014649653898,9.8945579047872e-06
"CTBS",1.89389409616981,9.99518607726059e-06
"HDAC1",1.42347086872241,1.00095098691613e-05
"KCTD11",1.9019710203524,1.01039998294052e-05
"MKL1",-1.18355302657936,1.03238743838002e-05
"NAP1L2",-3.33574638808882,1.04350505059682e-05
"SMC5",1.20854432854385,1.04889821839526e-05
"TDG",1.37637361342471,1.05178548882585e-05
"PYCARD",2.16921152687449,1.05334222758587e-05
"ALKBH6",-1.14744390813288,1.05503881251531e-05
"C1orf226",3.24116348180637,1.06428988315327e-05
"VSTM2A-OT1",-2.99283775345201,1.0704770421407e-05
"NHSL1",1.74228656984076,1.08103232997268e-05
"SOX4",2.00788445422248,1.08550306863873e-05
"IGFBP2",2.88801071086949,1.08670796938988e-05
"TRIP11",1.15776488260085,1.09218551217978e-05
"KDELC1",1.91241988955647,1.11885218807359e-05
"PLCL1",-2.92562233065201,1.12674792049583e-05
"DONSON",1.36832319330906,1.13137877209695e-05
"ARHGAP12",1.10594618831032,1.13573329174163e-05
"ACSL3",-1.11842026943716,1.13847849928735e-05
"KIAA1462",-1.96072257658725,1.14368175878006e-05
"KDM6A",1.33183837465601,1.16185209340915e-05
"KCNQ2",-4.73777965545649,1.17176982334847e-05
"MRAS",-1.58762886174727,1.18106160786914e-05
"FREM3",-2.78204224233774,1.18170981479568e-05
"MECP2",-1.1113469820599,1.19172236418934e-05
"NBL1",-2.03118197857956,1.21105236791002e-05
"MAPRE2",-1.21132652471986,1.22126352943642e-05
"MBD6",1.52959880186732,1.22249640861929e-05
"FAHD2A",-1.05740801046042,1.22370700383729e-05
"YEATS4",1.47913896521078,1.23288598002512e-05
"SIN3A",1.5388379980447,1.23383855078685e-05
"SNRPA",1.02440067461873,1.23979404425882e-05
"IRX3",2.9294857866921,1.24487748269551e-05
"VCPIP1",-1.4399573669835,1.26176144572104e-05
"BORA",2.03475496064392,1.26336095438897e-05
"SLC26A4",-1.35364204424911,1.26381545231251e-05
"RHOBTB2",-1.64615199495273,1.27133954633034e-05
"TRIM46",-1.67413712356286,1.27278997752557e-05
"STMN4",-4.0641079183883,1.27802858416304e-05
"WASF2",1.28199899372787,1.28061847319498e-05
"MIAT",-3.51124247179645,1.2816530373879e-05
"SGSM2",-1.02353165702729,1.28585740886377e-05
"SLC25A18",-3.74844412457015,1.30025333724269e-05
"ARMCX5-GPRASP2",-1.19089213148587,1.30154524510734e-05
"NPPA",-1.71017919370684,1.3189988794698e-05
"BEAN1",-2.33454337416154,1.32274809996742e-05
"CACNB1",-1.68799615602058,1.32327192976626e-05
"BMPER",-1.96478799691052,1.32378034392006e-05
"PPARGC1B",-2.35433133513136,1.3250882802159e-05
"INVS",1.11408060619573,1.33174280774406e-05
"OIP5",3.1580382560808,1.34021604180816e-05
"TBC1D1",1.10336901579506,1.3479435306568e-05
"ANXA2P2",2.09569040237882,1.35085976955109e-05
"RIT2",-4.73399262351427,1.35975374820978e-05
"C16orf45",-1.42611904241769,1.36802787956672e-05
"CEP162",1.58586624325378,1.36901067013594e-05
"NUAK2",2.12146189953064,1.37176004361726e-05
"FXR2",-1.15329803652854,1.39412239284454e-05
"GPAT2",-2.41913478107903,1.39477191390808e-05
"RASSF7",-1.2411692334482,1.40114325714838e-05
"ALDH8A1",-2.35354356097712,1.41644437998141e-05
"ARX",-3.61061557178876,1.42561605241872e-05
"CTNS",1.24573676377923,1.43665569394293e-05
"CPNE6",-4.33604683896352,1.44258979803996e-05
"LOC100507165",-2.46859796734813,1.44441348712e-05
"LOC100288911",-3.08679449951322,1.44651943266934e-05
"ORC2",1.08283921402149,1.45921774552592e-05
"STEAP2",-2.66845444886299,1.46134094112566e-05
"ZNF140",1.07951557069901,1.46199909940872e-05
"E2F6",1.28749361171453,1.4648402507675e-05
"CCDC125",1.50399490446975,1.4648402507675e-05
"NAIP",2.08717116725956,1.46665739429111e-05
"CCBE1",-1.3205044088286,1.47251190970392e-05
"NMNAT2",-3.45964363307213,1.48184255407146e-05
"GNG12",1.95690534706679,1.48300238967593e-05
"CTNNA1",1.00697090229427,1.48300238967593e-05
"MACROD2",-2.5107056608054,1.48616988947212e-05
"REV3L",1.33402834864345,1.50809957184432e-05
"FAM76B",1.34797079321834,1.51581583625962e-05
"C11orf70",4.75362830220131,1.52084722433302e-05
"PVR",-1.03439221892965,1.52198679143949e-05
"ZNF432",1.00852920363386,1.53454524393856e-05
"ZNF624",1.25517443218224,1.53506849077734e-05
"EXOC6B",-1.00709525410375,1.54341470125287e-05
"YPEL3",-1.3243512160699,1.5647448215315e-05
"PCAT6",1.54641100967054,1.56942542641069e-05
"MFNG",2.23409935094076,1.58818372215942e-05
"MSN",1.84627079599212,1.59835475499317e-05
"DUSP26",-3.31867534244011,1.6076428151796e-05
"C1QTNF5",2.34292082441735,1.62129652520599e-05
"ANXA2",2.2618425499547,1.63231172886708e-05
"TGFBR2",1.47158352880696,1.64527305726717e-05
"SCRIB",1.31945582727482,1.66253875424315e-05
"HEY2",2.60579711067566,1.67883273663284e-05
"IGF2BP3",4.20937010813412,1.69121342333081e-05
"SQLE",1.16769401424036,1.69532663970634e-05
"ARRB1",-1.24468173094346,1.71153235106623e-05
"NYAP1",-1.96372241264767,1.71728354635213e-05
"MPP1",-1.2628176033173,1.7668972403575e-05
"PDSS1",1.53684990695759,1.7752680699025e-05
"MCUB",2.7253601630641,1.7752680699025e-05
"USP46",-1.60898514417903,1.78071530703844e-05
"KANK3",-1.05412047962505,1.78719479619298e-05
"SPRY1",2.08134349533957,1.7919700330908e-05
"BCL7C",1.01662148142531,1.79444953088542e-05
"FBXO5",1.80165092136968,1.80737650889476e-05
"CKMT2",-1.14219497195431,1.81321647819788e-05
"ELF4",2.50284525526226,1.81465916821044e-05
"LOC101929232",-1.79754048271552,1.85471624231732e-05
"ADAM23",-2.88804636328515,1.85471624231732e-05
"SEPT6",-2.74771629492038,1.8558577576869e-05
"SMURF1",-1.11751377779705,1.86468906464979e-05
"LIMS4",1.42266814003181,1.87864264136775e-05
"MIPEP",1.83608305903464,1.88139278340797e-05
"ECM2",4.22765564032939,1.88597777609865e-05
"TSC1",-1.00172609856753,1.89069473045233e-05
"SLC38A6",1.66497917526838,1.89148965103567e-05
"HTR7",-1.03859033152742,1.90269300029834e-05
"ZEB1-AS1",1.85889219890624,1.9185301261048e-05
"CSMD1",-3.37266314106371,1.93799458227321e-05
"MAST4",-1.81982115140802,1.94379774366387e-05
"TWF1",1.08322484641815,1.95154492524619e-05
"CEP57",1.20304331934181,1.95422709993318e-05
"DNTTIP1",1.03926523019335,1.95422709993318e-05
"TMED7-TICAM2",1.66403443178941,1.95549364386013e-05
"TMEM45A",3.8010543733048,1.96566059457606e-05
"PABPC4L",2.55331822426272,1.9745026225074e-05
"GAS1",2.23451319835786,1.9829301285746e-05
"CXCL14",-5.02677219088225,1.9829301285746e-05
"AGK",-1.01632239450349,1.9885452139472e-05
"LINC00467",1.98698365254345,2.00470988970492e-05
"FGF14-AS2",2.48183212140776,2.02188587440566e-05
"EML2",-1.5785654198125,2.02478889134341e-05
"TACC3",2.30892499813899,2.03813003452428e-05
"GNG7",-1.89693881863367,2.04853065743395e-05
"PDPN",3.14425419765877,2.07101396596344e-05
"TNFAIP8",1.97104815594306,2.088565779655e-05
"PHACTR3",-3.84180496842347,2.10367616453996e-05
"KCNK3",-4.03908325924281,2.11011181686284e-05
"TSPAN11",2.68705981714977,2.12617922489963e-05
"PHF19",1.63294027568863,2.13658318519506e-05
"GRN",1.23304772785576,2.1377058719148e-05
"ATRNL1",-3.47171247024103,2.13828610986583e-05
"ZNF546",1.11630771394063,2.13833339078437e-05
"NPTX1",-3.61767750996477,2.13833339078437e-05
"TAC3",-2.62711009599836,2.1498621948571e-05
"TTF2",1.59183893914785,2.16449229435545e-05
"NMI",2.51373224685963,2.18642936112713e-05
"GAREM1",-1.49628737962078,2.18653097638075e-05
"PPP1R37",-1.02556928871282,2.20316481920141e-05
"F2RL1",3.56931280769105,2.24247846092575e-05
"WASF1",-1.89220707984097,2.24247846092575e-05
"CELF3",-3.35670241878922,2.27750424048059e-05
"DEPDC1",2.56957497491255,2.27913238291253e-05
"ZNF367",2.12523344969533,2.28943884055402e-05
"RFC2",1.18106641290388,2.29634807464952e-05
"MDM1",1.4766360613046,2.29959229667128e-05
"ABCB7",1.0714040516305,2.29959229667128e-05
"VSTM2A",-4.5752779259148,2.29959229667128e-05
"SNX18",1.01845365374832,2.29959229667128e-05
"NDST3",-2.19821822167607,2.31980680668225e-05
"CAMK2N1",-2.49395994746871,2.32332565634615e-05
"ETS1",1.80213803722235,2.35760965926652e-05
"SMARCAD1",1.03389554524161,2.36089732854766e-05
"LINC00643",-2.93086102636312,2.38878814429684e-05
"UNC5C",-3.81981177492564,2.39689174214379e-05
"DHRS1",1.25103618296817,2.40151843301291e-05
"FAM133A",-2.59707620164655,2.40665266260466e-05
"KLF13",-1.03271813869994,2.41055261817428e-05
"MEF2C",-2.25324455581776,2.41109974250924e-05
"TTC9",-2.351350533096,2.42222935751854e-05
"CHSY3",-2.31083574024648,2.42222935751854e-05
"KIF5A",-2.17256309015642,2.42854812915962e-05
"MSH6",1.04271244611538,2.43930939194982e-05
"NEGR1",-3.0043202693526,2.44305908111267e-05
"TIAM1",-1.63131894071144,2.44305908111267e-05
"SNAI2",2.35947776167225,2.44308482421812e-05
"RABGAP1L",-1.42323109034826,2.44332012585076e-05
"MAFG",-1.60867120661572,2.44794511880506e-05
"FLJ20021",-1.27785456197101,2.44841300961254e-05
"TIGD7",1.42760842209658,2.45235901712352e-05
"TMEM74B",-1.464861814052,2.46290297719091e-05
"STARD10",-1.66142652300323,2.49625435493189e-05
"PLA2G4C",-2.2983127925787,2.50436952333414e-05
"FOXQ1",-2.92819756057614,2.51242373053712e-05
"TSPAN5",-1.51629196096969,2.52121097559727e-05
"MTA3",-1.20486612648383,2.54064079990787e-05
"MAD2L1",2.40151573647547,2.54265712310621e-05
"AURKA",2.79777081656226,2.54981720175686e-05
"SYTL5",-2.86452226491151,2.55807244815613e-05
"STAG1",1.00349921481367,2.5712890036312e-05
"TBPL1",-1.1307276611484,2.57428436688872e-05
"ZNF542P",1.24848119631946,2.58107075434066e-05
"RPEL1",1.64385381473721,2.58257623561543e-05
"PNMAL1",-1.12560370218673,2.58992949795326e-05
"LOC389332",-1.67572998679882,2.58992949795326e-05
"IGDCC4",2.13660939136562,2.59143874193585e-05
"FYCO1",1.50483418105424,2.5956899995377e-05
"KIF15",3.2443985371472,2.60589067033268e-05
"DRP2",-2.91709313302518,2.60589067033268e-05
"ADAMTS8",-2.42595498879888,2.60964305466854e-05
"GPR62",-1.38224814037239,2.62933803113935e-05
"EHMT1",1.21369793498961,2.65328445249905e-05
"TIMELESS",2.48443013507489,2.65540444205819e-05
"USP20",-1.37296776431315,2.65760069291586e-05
"SLC19A1",1.29734643313156,2.66155285302843e-05
"KCNMB4",-3.25435157707726,2.66975581392011e-05
"SEZ6",-3.7998555929359,2.67337110145562e-05
"EMX1",-1.28680481137975,2.67500888292872e-05
"SLC35F4",-1.18456694258133,2.67591673790515e-05
"TMTC1",-3.01683890613367,2.68364815019054e-05
"MCPH1",1.51039060794187,2.68488556488144e-05
"ACSL6",-3.11737689446174,2.69083970296434e-05
"MKL2",-1.10533452309895,2.70103655256115e-05
"DUSP14",-1.27175644707278,2.72057492511281e-05
"CKAP4",1.15933426087271,2.72664809458327e-05
"SLC24A4",-2.73459069134701,2.72715982983925e-05
"KIFC1",2.3282080632591,2.74687714493912e-05
"PLCB4",-2.42527957490776,2.79407804248744e-05
"PRR18",-2.83718086641046,2.80502531383186e-05
"SHISA7",-2.49599271208462,2.81727024401624e-05
"CCDC191",2.18313921597521,2.83133228398241e-05
"LOC284926",1.93080849280887,2.84876692302845e-05
"PSMB9",3.23867080466811,2.8637712032263e-05
"NMB",2.0794701573474,2.86644220957593e-05
"CNTN6",-1.77685106454477,2.86830422988749e-05
"PDK2",-1.41256817634077,2.86830422988749e-05
"LRRC73",-2.38623005317804,2.8732231452343e-05
"CAND2",-1.41901369785438,2.89185734658034e-05
"RIPPLY2",-2.69572425992946,2.90947568792648e-05
"SRRM4",-4.01821039904366,2.94029848195022e-05
"LRP5",2.42003543162255,2.99309807203001e-05
"WASF3",-1.54595587324544,3.00862775286212e-05
"TMEM160",-1.99759413821894,3.00870893554796e-05
"SRFBP1",1.35540607382169,3.00877620526598e-05
"SLITRK1",-3.9265023437096,3.009502226413e-05
"MESDC1",-1.51031622690218,3.01958114610452e-05
"SPATA13",1.59006171864101,3.02094190088693e-05
"AEBP1",2.43440082804476,3.02486549446184e-05
"HAPLN4",-2.5704070122121,3.02582879213871e-05
"METTL7B",3.61339979444366,3.06023416895619e-05
"PRPH2",-1.7805502083144,3.08025566237549e-05
"FZD2",2.40668003229881,3.08686034957547e-05
"B3GAT1",-3.38920095725372,3.09410701168942e-05
"CNTN2",-4.00962492321966,3.09825120137157e-05
"ATP6V1G2-DDX39B",1.03483300725502,3.14468052592871e-05
"FOXM1",3.55935479441571,3.14468052592871e-05
"MS4A6A",2.78966380957298,3.1529165715943e-05
"ELF1",1.3171715079643,3.16232072491444e-05
"KIAA1324L",-2.18075049013997,3.17204775864515e-05
"SLC25A19",-1.79551093748383,3.24268377831512e-05
"CD2AP",1.20136441024444,3.24268377831512e-05
"SEMA7A",-2.17315646026134,3.25223922050157e-05
"MTURN",-1.82798130411677,3.28603832526702e-05
"ALDOC",-3.0813454554789,3.28603832526702e-05
"CHD7",1.97472429147935,3.29170216435872e-05
"LINC00320",-1.85172414112873,3.30921395108496e-05
"KCTD1",-1.50266224552676,3.32854024266344e-05
"SLC6A15",-3.67963371647305,3.34859551846549e-05
"PCP2",-1.45553208786739,3.36281953557095e-05
"LOC101930415",-2.4643976740526,3.36929131288268e-05
"LINC00515",-1.28285098691236,3.37119859134693e-05
"S100A1",-2.608885020653,3.3836695971919e-05
"PDCD4-AS1",1.37948407488908,3.42601607550506e-05
"PNMA2",-1.15622765614294,3.43289214445226e-05
"FGFR1OP2",-1.06189577644334,3.43524776262687e-05
"EEF1A2",-3.28781516113013,3.44881738341745e-05
"ZNF618",2.22203827396535,3.44908973959039e-05
"C1orf27",1.08208482157856,3.4649611735531e-05
"CCDC127",-1.5606367499123,3.4649611735531e-05
"LOC100507353",-2.66010956319725,3.46555282763877e-05
"KDM5A",1.08957021284003,3.46686067175269e-05
"RPP38",1.12150847145397,3.48965240948544e-05
"TCF19",1.806820863338,3.49538930369334e-05
"PAQR8",-1.64349664524229,3.51001098682638e-05
"ABCA3",-1.07928981758639,3.5578626161255e-05
"LHPP",-2.38825764114701,3.55837618051472e-05
"ZNF532",1.027209940105,3.58931394458456e-05
"TPBGL",-1.89992289941065,3.58931394458456e-05
"ARHGAP20",-2.9361872295265,3.60449888783413e-05
"SBF1",-1.24549208286174,3.60766624664367e-05
"FBXL2",-1.37280995048383,3.62965915983863e-05
"BRSK1",-1.9543155800601,3.66641847226864e-05
"ZFP37",1.67188327638645,3.68021995641395e-05
"TSPOAP1",-1.88022613661769,3.70155559241357e-05
"SORCS1",-3.50243585991651,3.75501999277633e-05
"CCDC121",1.65396326312255,3.76639745578085e-05
"MCM7",1.91304128112248,3.76665701766868e-05
"ULBP2",-2.30759779395004,3.77602172288291e-05
"SLFN12",1.79646739669974,3.79395699123799e-05
"GGT7",-1.46837063987186,3.79938327025377e-05
"LOC642852",-1.08303137246726,3.81355306364237e-05
"ALG10",1.27709123019974,3.82917206957416e-05
"CCL2",4.07570294804293,3.83810389730018e-05
"FAM49A",-1.74691238193827,3.83810389730018e-05
"TSPAN4",1.69355612847764,3.86411126132164e-05
"OPCML",-4.15804845682387,3.86411126132164e-05
"SYBU",-2.85195126543616,3.86865366135901e-05
"ALMS1",1.28050115750216,3.87253696110564e-05
"TRNAU1AP",1.4030138540259,3.87690993827885e-05
"BEND3",1.52002626881079,3.91451710084149e-05
"ATXN1",-1.32110787662749,3.91663086891635e-05
"G6PC3",1.04466196813615,3.95414240223112e-05
"CBFB",1.03565756126732,3.96378822057211e-05
"FAM83D",2.79556322629447,3.96378822057211e-05
"CHGA",-3.61979413999612,3.96534074153921e-05
"C15orf59",-2.14220485898949,3.96538982612783e-05
"ZNF616",1.47295135058224,3.96967086017539e-05
"CHCHD10",-1.33762312639974,3.98178887712943e-05
"SEZ6L2",-3.6282121652194,4.03140693132836e-05
"SLC25A27",-2.08223930584793,4.10596150050334e-05
"CEP112",2.0653492440497,4.11352555008409e-05
"GRIN2A",-3.88855258988936,4.12545848494315e-05
"CHD1",1.1368968599545,4.13972266267275e-05
"TMEM144",-2.76583339843578,4.14969778584895e-05
"ANAPC15",-1.17452108262177,4.14969778584895e-05
"KIF20A",3.11014821862906,4.20269592398592e-05
"AGTRAP",1.93316022169369,4.21838628050001e-05
"CSRNP2",-1.03966760187739,4.21896606464646e-05
"KCTD3",1.11787370995838,4.22935130876745e-05
"MFSD1",1.06793284115193,4.25102415887634e-05
"ZNF248",-1.85150577469809,4.25705139752766e-05
"EPB41L4A",2.06971577173681,4.31902916126127e-05
"PPM1E",-1.83245871070672,4.34702509858453e-05
"AKAP10",-1.03621242134912,4.34702509858453e-05
"CDH11",1.43395567199171,4.35180269288704e-05
"NUP85",1.00420067511091,4.36553270372564e-05
"PSKH1",1.08899565925181,4.36553270372564e-05
"CWF19L2",1.17164009990736,4.37199562208963e-05
"HMG20B",1.78200972678757,4.38688764956737e-05
"RHOBTB1",1.51357768827179,4.3976461008267e-05
"KIF23",2.57371841405332,4.3976461008267e-05
"KIF18A",2.18834245278659,4.42491218646694e-05
"APC",-1.07871145533117,4.43724541247254e-05
"TVP23B",1.27831068628178,4.45320569013683e-05
"DOCK7",1.30198020148816,4.46393040227176e-05
"SUV39H2",1.27004262565049,4.52486370042308e-05
"ST7-AS1",1.40651273555365,4.5464030452479e-05
"NCKAP5",2.33756839800315,4.56117706343003e-05
"ENHO",-2.96848614631637,4.56457983253971e-05
"SPIN4",1.9720570761257,4.57432029788698e-05
"IFI30",2.43676977244306,4.57432029788698e-05
"ZWINT",2.39478158146107,4.58425720278037e-05
"GLS",1.76597861959073,4.65278796937294e-05
"SV2C",-3.36398378556983,4.69662497309499e-05
"BUB1",3.32239863300092,4.74178170452778e-05
"ZBTB6",1.97052957425233,4.74833224273164e-05
"SAMD13",2.09371796231407,4.79994482618497e-05
"KIF2C",3.43855173044832,4.81512142810565e-05
"FUT9",-3.34385720745023,4.8438489102246e-05
"ENPP2",-2.63698161323223,4.8438489102246e-05
"SAMD9",2.23747464252985,4.8482818622457e-05
"CDK5R1",-2.85942890918363,4.91785646220563e-05
"FUBP3",1.1451458660545,4.94856678900267e-05
"RASGEF1A",-3.80201060111361,4.98559125849389e-05
"EMP2",2.35806123777356,4.98559125849389e-05
"EVL",-1.31426942910454,5.00657282160345e-05
"C4orf46",2.03077193316035,5.00657282160345e-05
"NEDD4L",-3.14731444017883,5.02386659763175e-05
"PRC1",2.80679239829368,5.06480205443524e-05
"EPS15L1",-1.5279353247666,5.13312791095861e-05
"TCEAL3",-1.02376161888942,5.16591829235305e-05
"RPL22L1",1.28036404678047,5.20532442923766e-05
"ARRDC2",-1.76685558331723,5.20835412182564e-05
"DIRAS1",-1.85829968578686,5.20835412182564e-05
"ATP1A1",-1.18185028461605,5.25741343786873e-05
"MIR15A",1.98572275867344,5.30739338903144e-05
"TMEM183B",-1.28594200642367,5.33288792541124e-05
"ZKSCAN7",2.02504361914833,5.33389442448499e-05
"C22orf29",-1.32762124962032,5.33399240510999e-05
"CTC-338M12.4",1.29053012174214,5.35446919305235e-05
"MIR1178",-2.11077997738922,5.36218468086184e-05
"SNX30",-1.27321025518239,5.36414566144072e-05
"NVL",1.19854135182846,5.37834922175939e-05
"CNRIP1",-1.34983455698594,5.38793376721099e-05
"NT5DC3",-1.61187766279021,5.39832958380426e-05
"THRB",-3.26517139121756,5.39992557776031e-05
"ERCC4",1.05210725922057,5.39992557776031e-05
"ZFAND1",-1.20730336701197,5.40379590984381e-05
"DSCC1",1.31952641833852,5.40431021399231e-05
"ANTXR1",1.61328733626844,5.40431021399231e-05
"VAMP2",-1.86915541025457,5.40852479971997e-05
"FAM213B",-1.18144114065714,5.43679808877896e-05
"CHST12",1.14420093014635,5.47090807195162e-05
"NTNG1",-3.20975749761033,5.51126594444931e-05
"LPCAT3",1.41626388079763,5.53025491064253e-05
"USP31",-1.13928889567824,5.56899436670214e-05
"ATG9A",-1.0429797898791,5.6502875889228e-05
"KIF1B",-1.16134611110579,5.6837887925234e-05
"CHGB",-4.21008622072341,5.68521599483954e-05
"MBTD1",1.23985937782182,5.70812957180331e-05
"BTN3A3",1.8963253795589,5.71127774047545e-05
"FUT11",1.49175846425694,5.73515820895136e-05
"EPSTI1",2.11475611765325,5.76129314304866e-05
"DLX6-AS1",-2.38250117386233,5.79974406850165e-05
"BCL6B",1.24824850926055,5.84598597501134e-05
"LSM7",1.12183275316574,5.85482843710082e-05
"ASCC1",1.18025747503096,5.88946263058125e-05
"ZC3H14",-1.6624909727645,5.91380508602514e-05
"C17orf96",-2.13102101727114,5.95441256344418e-05
"SLC16A7",-2.66994262038048,5.95965251546889e-05
"C6orf136",-1.44842602930382,5.96561949389979e-05
"ANXA1",3.06794673177895,5.97649604181375e-05
"EXOC6",-1.1628905699933,6.03820247247513e-05
"FABP6",-3.17237926121059,6.06157954261425e-05
"PARP14",2.28552883714201,6.06545618401559e-05
"ZNF850",2.07732656076061,6.18143979398119e-05
"PRICKLE1",-2.48213648287351,6.28480285789344e-05
"RYR1",-2.20025967988883,6.3148432091136e-05
"MBLAC2",-1.49429385705267,6.32598238469642e-05
"ZNF232",1.25998407207817,6.4076552280024e-05
"PDK3",-1.50429697058633,6.41394734242804e-05
"RNASE4",2.70397744726094,6.41394734242804e-05
"LRIG3",2.60476172323701,6.45186814085587e-05
"PRICKLE2",-2.22891439492321,6.46668836100795e-05
"PTPRO",-1.38133595854334,6.49461700122496e-05
"PLXNA3",1.58037610383557,6.55369513254082e-05
"HMP19",-4.36502411838403,6.55369513254082e-05
"MIR29C",-1.69517063494202,6.59912703722836e-05
"MYO9B",1.51021727901971,6.59912703722836e-05
"MAPK1IP1L",1.30875425733879,6.59912703722836e-05
"ESYT3",-1.35632526304537,6.72382733909107e-05
"PACRGL",1.40764686649855,6.7638156012966e-05
"RNF213",1.48380418344569,6.77494912891114e-05
"CHCHD6",-1.30923539603991,6.81803604941612e-05
"NINL",1.77458289896167,6.82044643939883e-05
"CYP26B1",-2.98418902677634,6.94684958973754e-05
"TSEN15",1.04022380518705,6.94740325656744e-05
"NOTCH2NL",1.48100312510723,6.95246984433324e-05
"ZNF107",1.59776020783964,6.96132653160248e-05
"MCM4",1.30943005248488,6.98138099805073e-05
"LPCAT1",1.21346380843135,7.02030330996182e-05
"FKBP9",1.06451081536731,7.03117530963773e-05
"FAM131B",-3.31584854042505,7.03893074770663e-05
"FBXL20",-1.54894697175984,7.03893074770663e-05
"CARMIL3",-1.25664129529264,7.0524568535327e-05
"SWAP70",1.32288960431656,7.0524568535327e-05
"TMEM246",-2.71053345563169,7.09894750012582e-05
"PCDH12",1.51744808500342,7.09962065339755e-05
"ZNF320",1.40687930009705,7.14299596973982e-05
"DDX58",1.38566175566548,7.16216494860319e-05
"CCNJ",1.40885149796581,7.22178591387432e-05
"FN1",1.52423348324305,7.22784695236393e-05
"BACE1",-1.17169136824885,7.30635992604074e-05
"KIF1A",-1.78636467936286,7.32689238459693e-05
"PLCXD3",-3.49399727602308,7.32689238459693e-05
"GABPB1",1.01131129548868,7.39345972667666e-05
"SLC36A1",-1.60579043061078,7.40674460504582e-05
"HEATR1",1.11924193864845,7.48503653468442e-05
"SCN1A",-3.83014644919087,7.50026234011494e-05
"PORCN",-1.1697354803814,7.50103053070949e-05
"MAN2A2",-1.05205115667423,7.52671526359938e-05
"HNRNPUL2-BSCL2",-1.57588520666759,7.59954286278968e-05
"RCC2",1.1178994798493,7.62295489778215e-05
"TIMP1",2.37498078017054,7.64702817992418e-05
"EHD3",-2.49020230826279,7.68770856504965e-05
"FANCG",1.71081184891841,7.69893587599821e-05
"LCA5",1.92151419402978,7.75669185279053e-05
"DDX25",-1.76010636125253,7.79367622257803e-05
"PLSCR1",1.9076937028253,7.79529071176273e-05
"GRM1",-4.02379115895786,7.9032711171029e-05
"GABRB3",-3.7378113205332,7.92768724358215e-05
"SYNDIG1L",-1.62644152491979,7.9470016199532e-05
"LNP1",-1.66016826367942,7.95010072882238e-05
"MRO",-3.05171463190093,7.95126397338482e-05
"ZAK",1.4406590646113,8.01417695256128e-05
"RGS22",2.73152294613708,8.01920881100873e-05
"SRXN1",-1.33365645055116,8.04801353804556e-05
"ISYNA1",1.74628941485949,8.0560521335526e-05
"P4HA1",1.52093240282287,8.11095885660923e-05
"C1orf112",1.44194085342498,8.1304710644849e-05
"TRIP10",1.97727129061373,8.16167722092745e-05
"SLC4A3",-1.82371187605405,8.22590926972997e-05
"CTDSPL2",1.36076625868987,8.22640911098577e-05
"NUDT1",1.42756154765799,8.24970735825587e-05
"ACP6",1.98970889842288,8.39502932972991e-05
"CCNA2",2.2327483777403,8.46418772596738e-05
"LRRN1",1.7304292336188,8.47435291941475e-05
"ELAVL4",-4.01432564041605,8.47467460802964e-05
"TSKU",1.83498900240026,8.48306580568811e-05
"CHIC2",1.36387186595101,8.52523256552749e-05
"SF3A2",1.69802588315496,8.52578992313397e-05
"ZCCHC7",1.11536334275417,8.52578992313397e-05
"SERTAD3",1.28603285041012,8.52985968994045e-05
"SRPX2",3.1645898039969,8.58279894625874e-05
"APOBEC3B",2.06193973720197,8.63693615776686e-05
"TTC8",1.29090618681183,8.64018360155627e-05
"TMEFF2",-4.15232253680191,8.67562803850711e-05
"ZNF700",1.22587335000986,8.68975529258795e-05
"GREM2",-1.72555789584228,8.78424266571026e-05
"TAF8",1.05013548105838,8.78424266571026e-05
"SERPING1",2.140986192752,8.79827566569718e-05
"SPATA6",2.20321763684234,8.79827566569718e-05
"LOXL2",2.60924496290769,8.82950564009103e-05
"CLDND1",-1.01376141066746,8.86475106819824e-05
"RAD51",1.91913419039257,8.86475106819824e-05
"FLT1",-1.44826799221756,8.90644119232036e-05
"PTGDS",-2.47710674977173,8.92244685459345e-05
"RGS20",-2.86283578906963,8.92487595361393e-05
"CYGB",-1.72685427915951,8.93115420758656e-05
"CCNB1",2.67690213937725,8.95805764820521e-05
"CNN3",1.15291274260349,8.9783381836428e-05
"PHF14",1.07942743966463,8.9783381836428e-05
"FGF13",-3.34315851310158,9.06872777103643e-05
"LMNA",1.37950884041262,9.07453899758863e-05
"ZNF548",1.91894437882057,9.14841071283325e-05
"SRGAP3",-1.69943816800967,9.23440072328175e-05
"C21orf62",3.19302809753859,9.2477585797104e-05
"RASL11B",-2.94816239880783,9.24812006199798e-05
"LINC-PINT",-2.3114897789432,9.31450222423842e-05
"OPN3",-1.35566024367897,9.31952589918739e-05
"DLEU1",1.34891444060394,9.33031852395879e-05
"C8orf48",2.09217201811926,9.3656664186244e-05
"DNAJC12",-2.67961832589567,9.41131732157028e-05
"JAG1",1.56594346084358,9.48484151944214e-05
"SAMD9L",2.60294820786883,9.50669672581665e-05
"NRN1",-4.61516746155491,9.53711620500734e-05
"LOC100131541",1.85341831869415,9.68923194647531e-05
"KCNJ4",-3.64998355074793,9.72365993371872e-05
"NRG3",-2.49603868005404,9.75732229342816e-05
"SEPSECS-AS1",1.32803401272215,9.8101114587379e-05
"ARHGAP18",1.79197801246265,9.81668855018821e-05
"SH3BP5",-1.67216104462723,9.89790679194882e-05
"RNFT2",-1.87026251541559,9.94257076986354e-05
"ATP1B1",-1.9583621758119,9.97122727925972e-05
"MEIS3P1",1.46176872232701,0.000100168536574741
"LAS1L",1.2349838412236,0.000100575097704283
"DOCK4",-1.52148033453656,0.000100832341610457
"SPATA18",3.45769096808382,0.000100959475710419
"TTC27",1.09387589056009,0.000101113326940331
"RELA",1.38507068450387,0.000101318975412859
"MMD2",-2.14910543329566,0.000102366591669866
"TTC23",1.54427557996062,0.000102366591669866
"NEDD4",1.83677766077698,0.000103242995014739
"SZT2",1.24304256859158,0.000103462057521518
"SHISA8",-2.02445178937791,0.000105343255699337
"RNF157",-2.12587462005582,0.000105403272172902
"SWSAP1",1.06491583851854,0.000105778462478848
"GBP1",2.8680047198115,0.000106137674083113
"LAMA4",2.55990222360513,0.00010656853934377
"ZNF586",1.69991336897738,0.000106914582573916
"PIP4K2B",-1.02265410381506,0.0001079032649488
"RBFOX2",-1.49456401055878,0.000107977755963041
"CBX2",3.03183940775319,0.000108012423618779
"ARHGAP19",1.0024254033449,0.000108221925975813
"ANXA2P3",1.12554570126962,0.000108489250426797
"FANCD2",2.62200232262702,0.000109419585888174
"EPHA4",-2.6937600545747,0.000110086750591081
"ELAVL2",-4.54352464229113,0.000110086750591081
"TPD52",-1.398505444758,0.000110320894493429
"FNDC5",-3.21332589896943,0.000111168817132602
"ELN",3.85479794716009,0.000111794112142058
"PRKY",1.84383824811735,0.000112880014132172
"RALGPS1",-1.64825592965654,0.000113891467833098
"LOC102724884",1.66833033796245,0.000113981825397526
"FMNL1",-1.24019978409034,0.000114008452133106
"OSBP2",-1.26756506461236,0.000115333694918963
"PRCD",-1.87076630509309,0.000115333694918963
"DGKB",-2.75236498580099,0.000115333694918963
"LOC100128108",1.21197219529803,0.000115333694918963
"SNIP1",1.00760283522991,0.000115469415865886
"PPP1R14A",-2.63049101729021,0.000116175569687537
"UNC5D",-3.66520981316555,0.00011708796237688
"LANCL3",-1.82877664796732,0.00011746029859813
"FANCF",1.3912947433566,0.000117737962018931
"CYP39A1",2.95542713145792,0.000118076755667246
"INHBA-AS1",-1.31107188304997,0.000118170510540654
"EPHB4",2.36235737389066,0.00011841828449216
"SLC8A3",-3.42461681244478,0.000118549359832573
"GABBR2",-3.17962569732716,0.000119248754189762
"SLC25A33",-1.17755426902926,0.000119693926166398
"ZGRF1",1.58390627605207,0.000120461313383558
"MYC",2.22918190380329,0.000120461313383558
"TMOD3",1.14882644559525,0.000121658416186833
"GPR173",1.58703356382479,0.000122186895238607
"S100A4",2.68616663356154,0.00012230867633193
"ATP11C",1.62465004475943,0.000122558968569948
"PLA1A",-1.19144753614478,0.000122558968569948
"LOC100131262",1.02146318106002,0.000123200786448983
"CYBA",1.83936542323767,0.000123251124383936
"SLC2A10",2.86371020858981,0.000124308935464853
"RSU1",1.22041115618697,0.000124344492241643
"SCIN",3.27479605280342,0.000124412233183752
"EMILIN1",2.23221462511091,0.000124945771032633
"DNAAF2",1.28428552802471,0.000126635869765653
"TEAD3",1.32131295370059,0.000126635869765653
"MND1",2.13036329736607,0.000126860477548932
"SFMBT1",1.2864440831234,0.000127128414966021
"RPS6KL1",-2.08076905290954,0.000127858697453171
"MFAP4",3.97341879119026,0.000128030640520865
"SLITRK5",-2.80806872324898,0.000128030640520865
"NSUN7",2.12305200154109,0.000128254838653153
"MYEF2",1.10617303490998,0.000130406194610356
"AKNA",1.74372568749336,0.000130820956010467
"TMEM132A",-1.08498596803202,0.000131072058237377
"PITPNC1",-1.79439858909462,0.000132086371634468
"CAMSAP3",-1.81932455333715,0.000133046542355304
"TMEM8A",1.26612457658218,0.000133503899656417
"DPF1",-1.57152132565418,0.000133591563205027
"LCMT2",1.04621997025345,0.00013375007557451
"BMPR1A",1.11441242481131,0.000134157544711421
"PCDHA1",-1.39251094196128,0.000136495972493148
"FAM129A",2.66222722887107,0.000136786973699326
"JADE3",1.52429345920658,0.000138039302566497
"TNFAIP8L1",-1.8725590955645,0.000138109483582807
"ABHD14B",1.60953783071597,0.000138181601354237
"NDUFAF5",-1.17165297519685,0.000138181601354237
"LOC158402",2.1804476523023,0.000138309824720282
"LHFPL4",-2.96634651278456,0.000138326641997517
"HLA-DRA",2.45550303137843,0.000138621313775024
"WDR92",1.28824558407436,0.000139306895052675
"KBTBD8",-1.64258327612314,0.000139551858909145
"MOG",-3.03727809627357,0.000141049299092598
"DUSP2",-1.16868786946068,0.000141077658709711
"MYH11",-1.19948043117055,0.000141520758217407
"MRAP2",-2.79537335628422,0.00014177369735828
"GOLGA7B",-2.78100242982348,0.000142450343363955
"ZXDA",1.33469995138389,0.000143025211994907
"FCF1",1.32613500811722,0.000143025266470633
"MMD",-1.14631252669954,0.000143291227819077
"RGL1",-1.4760460148384,0.000144824872995249
"ASCC3",1.16881963550933,0.000145774180634309
"MTFR2",1.94562860374273,0.000145998878747716
"ATP8A1",-1.80307564128692,0.000146281843829377
"CENPL",1.18379319019855,0.000146341204353236
"HSPH1",-1.10355694130376,0.000146625708373444
"SNHG9",1.25843469775897,0.000148118930604645
"OSTF1",-1.8824451824459,0.000148247070517524
"RIPK2",1.27090577299447,0.0001482637046803
"MKI67",2.77758527783859,0.000148955177696027
"SCAPER",-1.02315698877621,0.000149084050237483
"ZNF114",1.45476235836864,0.000149100000245314
"ZNF256",1.33067775889375,0.000149312535275218
"NAT1",1.98308242853497,0.000149568673755027
"TRAF4",1.52082830456225,0.000150221964651448
"FANCE",1.43691749068823,0.000153173514837619
"PEX13",1.05666805165016,0.000153173514837619
"ZC3H12B",-2.02045457493564,0.000153540772954995
"CXorf23",1.05894413392544,0.0001543737419218
"MAP3K2",1.20141580677856,0.000155605278300251
"SAP30",1.04195573070203,0.000155956296749927
"MINA",1.02430894080407,0.000156252652280509
"SLCO4A1",-2.83598145114425,0.000156367441422415
"FAIM2",-3.36150442604439,0.000157465218476808
"NOL4",-2.56151064750769,0.000158274178647191
"SGK223",-1.64574453957818,0.000158728230743754
"JADE2",-2.69055669102051,0.000159638273956319
"CCDC28A",-1.07648632708797,0.000159781603053708
"PSMA3-AS1",1.0593798487806,0.000161111013006213
"RCBTB2",1.14493486715443,0.000161832034727689
"ZBTB20",1.21932028338882,0.000161922939864284
"CSDC2",-2.57922125064044,0.000161922939864284
"ELOVL7",-2.39794726099658,0.000162617511864388
"IDUA",1.65995778618967,0.000162923818815052
"MIR4640",1.45349211370052,0.000162957885656332
"ADGRA1",-2.85986055264576,0.000163725104073042
"MYO1E",1.55582757270617,0.000164229893771408
"CPNE8",-2.79084101947094,0.000164448429448438
"ADGRB3",-3.19978284605352,0.000164808440752595
"RFC5",1.18512954627981,0.000164957858442838
"OBSL1",1.29786136766495,0.000165742858796217
"FA2H",-3.34079446611473,0.00016601747092207
"SLC25A17",1.13687736266456,0.00016601747092207
"MOCS3",1.18795153606772,0.00016664923223175
"INF2",-1.09531769041105,0.000167174938282237
"SUSD1",1.69615620783918,0.000168193340717262
"RAD18",1.61263832932346,0.000170845569981927
"CXorf38",1.0928753302261,0.000171469078519373
"TNC",3.11486272404049,0.000171469078519373
"ARRDC3",1.28484208819,0.000173864372709457
"PATZ1",1.07168818013754,0.000173864372709457
"USP25",-1.11804600981552,0.00017569853862654
"POU2F1",1.12507317331709,0.000175980320656516
"NOS1",-3.34734324653879,0.000175980320656516
"ZNF280B",-1.51233857578284,0.000176354189252482
"LOC646762",-1.31561046243636,0.000176472447886415
"MAGI1",-1.12115880022006,0.000177496818078755
"PLEKHH1",-2.37528588308869,0.000177563934323682
"STK33",2.35437273267219,0.000177775070599385
"USP3",1.26143783725825,0.000178560398480285
"FAM175A",1.14972581757883,0.000180639907529654
"TRIM21",1.19981818597199,0.00018096925336368
"AHCYL1",-1.04598270676088,0.000181021194402558
"BTN3A2",2.59217550030591,0.000181378194271201
"ZNF195",1.2942046123992,0.000181423052301719
"LOC400043",2.69256695308665,0.000181922272530902
"FAM171B",-1.20947565608061,0.000182955987637046
"GEM",2.37094017484162,0.000183580918778357
"TTLL4",2.05924982625095,0.000184117229674765
"WDR73",1.1207911598286,0.000185069519915106
"MRRF",1.05377015828211,0.000186767594560027
"MESP1",-1.48709754111138,0.000187747652395827
"ETS2",-1.34831212008212,0.000188749883277724
"MGLL",-1.68312381645425,0.000190853391138488
"ADGRB2",-1.40303111419323,0.000191615399602267
"LOC102724951",1.84912598730999,0.00019348359298104
"LIN7A",-1.29990542916187,0.000194769817485231
"PCGF6",1.10850572246285,0.000194769817485231
"BEND7",1.65042587584523,0.000196213701699815
"MIGA1",-1.21483482532949,0.000199046279328072
"ZFP36L2",1.46380575801301,0.000199074316600135
"GIMAP2",2.22222001658704,0.000199212161072666
"GLI2",2.89487676481854,0.000199507330306872
"PRKAR1B",-1.97768663400099,0.000200581029275557
"FNDC10",-1.52638014375622,0.000200581029275557
"RBCK1",1.18736118104878,0.000200693746288589
"MAGEE2",-1.83280555018731,0.000200693746288589
"BEX2",-1.33729798203051,0.000200712757381442
"WDHD1",1.48392487463044,0.000201408236418918
"NR4A1",-1.72015822482966,0.000201531430481228
"HLA-DMA",2.90715390645798,0.000201784179245469
"CLN5",1.2885596507785,0.000202297538772478
"PLOD1",1.0449290414261,0.000203746439693587
"LRRC4C",-3.39555338516272,0.000204323697270389
"USP18",1.6143737486994,0.000204563594327543
"SEC31B",-1.8231861599073,0.000206949191368718
"HLA-G",1.26198259825811,0.000208543852471262
"ALYREF",1.43110230529145,0.000209832472464808
"BASP1",-1.55657477917233,0.000210193736155619
"MIS18A",1.37363376009914,0.000210360992307063
"C9orf16",-1.28180674670178,0.000210414980370394
"SOX11",2.71993857761163,0.000211320606460602
"SLN",-2.8911445052,0.000211641859992168
"ENPEP",2.15890574664753,0.000211644100137126
"RTN1",-1.55687363519323,0.00021226797927484
"TMEM204",1.67114335645681,0.000213493026299598
"NCAPD3",1.09665119716791,0.000213493026299598
"LOC284219",-1.56059159652906,0.000213493026299598
"FBN1",1.88851223021807,0.000213664352984024
"RAI14",1.28655919991926,0.000214569269725969
"GNG13",-1.67467623636818,0.000216051506605046
"UBASH3B",-2.61894162341743,0.000217231538516623
"ZDHHC23",-2.64051116345503,0.000217908097998987
"EMC10",1.12928476468717,0.000218021239844014
"SFXN5",-1.58684886526601,0.000218225489630342
"SLC2A3",-2.32395011761901,0.000218919606838749
"TNFRSF10B",1.93100288563687,0.000218919606838749
"LRRTM1",-2.64754546636753,0.000218919606838749
"CALD1",1.04247058807541,0.000219304016596003
"PIP4K2A",-1.61110959602498,0.000220445454182787
"TANC1",1.47194427538014,0.000220746813635064
"PCDHB2",2.50269777732695,0.000220746813635064
"C20orf194",-1.06611381706332,0.00022089018474857
"SIGMAR1",1.01217423089224,0.000221274992367159
"IGFBP7",1.19711434735305,0.000222297082132834
"UVSSA",1.2917149785046,0.000222397196275655
"ALKBH2",1.06281999426712,0.000223511762795142
"IGK",2.75385187774608,0.000225565557748776
"NPY1R",-2.37901150021749,0.000227173579057845
"PPP1R3C",-2.45615723905866,0.000228599375239498
"FBXL19",-1.33156837019304,0.00023050754574659
"NCBP1",1.24330852112998,0.000230667760766305
"B3GALT2",-3.01348689945667,0.000230861935676497
"NTNG2",-2.20364976632564,0.00023383652452122
"DNM2",1.24478343914096,0.000234529005369203
"NRXN2",-2.17040663604906,0.000234529005369203
"FAM184A",-1.38115012445562,0.000236795852543447
"CREB3L2",1.82026062283188,0.00023745432659827
"C1QTNF3-AMACR",-1.27252428099448,0.00023788271349501
"LNX1",-3.01558134265096,0.000238075076600544
"CACNA1G",-2.92508656281749,0.000238623427536808
"HSPBAP1",1.17040954443668,0.000239067147367856
"PLIN2",1.82411681538915,0.000239466624310291
"TMEM170B",-1.06232721793913,0.000240626673847606
"INPP5A",-1.46119490340716,0.000240812687296588
"TNNT1",-1.62698949526404,0.000240977522402499
"AGA",1.83406590628487,0.000242710541665169
"YPEL1",-1.80194769347291,0.000244505474882279
"HLA-A",1.02653398333213,0.000245134077178658
"CECR6",-1.98048693845378,0.000245134077178658
"CCL4",2.67455670404996,0.000246311871530127
"SDHAF3",1.36671663833228,0.000247801138737498
"EFEMP2",1.09868771141012,0.000247969094589711
"GLB1L",2.13069373397396,0.000248001410769993
"DYNLT3",-1.02106816092216,0.000250333196735942
"FAS",2.80997956783958,0.000252417787581569
"FAM78B",-2.72619309408435,0.000253266683517884
"A2M",1.28023759216778,0.000253570536957659
"MIR99AHG",1.38959878972472,0.000253814309639073
"L1CAM",-4.19750335229599,0.00025500435062086
"LOC100126784",-1.94875367671322,0.000255932787890449
"PCDHB16",2.52128871715417,0.000255932787890449
"GGACT",1.58741472309138,0.000256697474225189
"RGPD2",-1.4257993305979,0.000258719038939291
"SMPD3",-1.98453014275905,0.000259796090940178
"TMEM198",-1.210427670338,0.000262046137575992
"GAA",1.37750474199053,0.000263733330956499
"SLC27A4",-1.00896870801493,0.000265178430431386
"PPM1K",-1.44041672275622,0.000265950619848294
"PIGB",1.03117034186772,0.000266545202003851
"GPHN",-1.19511645939744,0.000266585807522624
"TIGD4",1.11320603531676,0.000267384618251919
"BNC2",2.69171118021788,0.000267644047702061
"SLC13A5",-1.77361902822972,0.000269353856695601
"PLIN3",1.60481389748711,0.000269551186133648
"KDELR3",2.73955412093326,0.00027693439770464
"ZNF343",1.35030827160098,0.000277718666534011
"ATOH7",-1.51128326079284,0.000278246008080144
"GABRG1",-3.90958645572328,0.000278702712019219
"LANCL2",-1.14896882459113,0.000281563825461359
"PRIM2",1.28071445038074,0.000283350863889646
"ZDHHC21",-1.10408974999494,0.000283999394843271
"ARG2",-2.08260145117719,0.000287246938642457
"DLX1",-3.29746074874076,0.000287496153457499
"HJURP",2.65346999448882,0.000288109610918729
"FSD1",-2.53257972075129,0.000288336067329951
"ADAM9",1.38596696477389,0.000288827200303845
"DENND5B",-1.16408264286483,0.000290049824902222
"SNRPB",1.06826094680855,0.000290796401364085
"CX3CL1",-2.00705978312696,0.000290837218225908
"EXTL1",-1.27740352891763,0.00029147146980553
"IDH1",1.00637746115739,0.000293266320682164
"WWTR1",1.83672858930282,0.000294203828814585
"FAM169A",-1.53050645217772,0.000294813699789051
"C4orf47",3.2953850559518,0.000296541380169907
"GPD1L",-2.22763740475142,0.00029723184248374
"SLC22A15",-2.12165401350888,0.000297573941579086
"TGDS",1.19663036525923,0.000298181894556845
"MT1M",-3.01354690720756,0.000298628389306009
"MCM3AP-AS1",1.68483268136568,0.000298628389306009
"DDX11",1.37368269535904,0.00030142529207019
"ZNF19",1.44837572202288,0.000303028776354605
"LIMK2",1.71858829315621,0.000304906801162354
"P3H1",1.15078398158718,0.000306192115666617
"ZNF287",1.49830387518875,0.000306999894995154
"CCR5",1.59138073279546,0.000307620303901942
"HN1L",1.31503937294003,0.000308057301670733
"ABCA17P",-1.68222907848074,0.000309034402940701
"CDK18",-1.99941668982347,0.000309556561792437
"E2F8",1.86557413998586,0.000309556561792437
"FKBP1A-SDCBP2",-1.27812583316726,0.000311082494830879
"BCL2L12",1.18636730031275,0.000315267861199464
"FXYD1",-3.87454909926062,0.000319166573803073
"RFXAP",1.16425608217685,0.000319319265727989
"LRRC20",-1.10778592557601,0.000323220145767634
"NBPF20",1.85422934009454,0.000324978997562803
"CDC20",3.1802958199927,0.000327787267058186
"CD248",1.81180659463741,0.000328732485726377
"CPVL",1.9756462111875,0.000328917900275241
"RAVER1",2.13304701530499,0.00032905309270539
"FSTL1",1.50555617394496,0.00033124080092646
"FSTL5",-4.09129559138317,0.000334462238220695
"DCBLD2",1.39581710417948,0.0003380234332505
"ZHX2",1.22521587472235,0.000338029783616289
"EPB41L4B",2.41633151640907,0.000338371954687531
"KHNYN",1.20460880705687,0.000339532848844983
"LRRC1",1.466533666562,0.00034079098943347
"NRXN1",-3.6750098806192,0.000341351552033899
"EDNRA",1.67082037321702,0.000342674329770964
"TRIM52-AS1",1.5333221338119,0.000343492971374944
"GSDMB",-1.12925758190546,0.000343595095138162
"TBC1D9",-1.46844577253597,0.000343595095138162
"C10orf35",-1.76053226250257,0.000343789753053203
"CNTN3",-3.53652921590474,0.000345458289893526
"SLC25A15",1.45204349700184,0.000346436560638269
"ZNF738",1.67106642176818,0.000346958821164784
"LIMA1",1.89021935282801,0.000347186802624123
"CXCL8",3.36584894250519,0.000347804491289493
"TRAPPC6B",-1.11068350061112,0.000348120063855199
"SCRN2",1.19097879589079,0.000348447158544784
"FCGBP",3.01520995629586,0.000350376734992404
"MSANTD2",1.02161671968271,0.000350456441659002
"ARNTL",-1.78185194831164,0.000351105441567529
"CEP152",2.11522312177797,0.000354884304480941
"VCPKMT",-1.22619732491585,0.000354963625848562
"SCAMP2",1.08649503002123,0.000355745900697702
"TCEA3",2.45946874577856,0.000360888077266796
"LPAR4",2.55872285465246,0.000360917865641996
"ZNF585A",-1.03815573682394,0.000361454466362672
"ZNF788",1.47085074827817,0.000361663779288735
"ERO1B",-1.52251582168922,0.000365582155231776
"P2RX5-TAX1BP3",1.36271945434443,0.000368923860481582
"CHST2",-1.40145679971329,0.000369922691775331
"SEPSECS",1.25392976039999,0.000370323955154499
"ENC1",-2.29962826728962,0.00037126349763675
"GEN1",1.63551555743517,0.00037126349763675
"ZNF416",1.21626877956594,0.000371921116465777
"TESK2",-1.17564567738429,0.000372629248344351
"PRKAA2",-1.47687283445707,0.000374436722393717
"PM20D2",1.6503266205434,0.000376080778007839
"PABPC1L",1.30780080220197,0.00037747987466177
"DBN1",1.12535501539263,0.000378345351474023
"PEG3-AS1",-1.95494209640664,0.000379283089465477
"RFC3",1.20774183479401,0.000381953878786511
"CAPN3",-2.05523262171375,0.000383158835620562
"NR1H3",1.17944947416995,0.000384951581329108
"TMA16",1.63112979001374,0.000384951581329108
"LOC284242",-1.09885873925569,0.000384963026313061
"C8orf46",-3.23492978911165,0.000385562262151343
"SMN2",1.21431945435765,0.000387448199378682
"LOC100507472",-2.41111993403669,0.000387448199378682
"TBC1D32",1.27329898619302,0.000390706153567935
"SLFN11",2.52700326028659,0.000391952965462678
"LOC202181",-1.25185944017653,0.000392974033703385
"XBP1",1.0472557181998,0.000394436890032529
"C6orf1",-1.14393728927213,0.00039671852056581
"RAB33A",-2.90621156529238,0.000396907734105349
"IFFO2",-1.34523816717403,0.000398180444489653
"VCAM1",3.18128107896226,0.000400739530790092
"TRIM59",1.81010116395233,0.000401042322117174
"GAB1",1.40337751677981,0.000402512719648426
"S100A11",1.91539658845561,0.000406663540111879
"SLC29A2",-1.22513824742788,0.000407979282072194
"PPP1R9A",-1.68126057185681,0.000408111718267861
"TMEM168",1.06936646145535,0.000408197108195484
"COL24A1",-1.02171063512124,0.000414851580033165
"LMTK3",-1.51598078453117,0.000415676378121341
"RUFY3",-1.11111488926082,0.000417795320211297
"NECTIN2",2.09081171886219,0.000418846150840637
"PCDH9",-2.60081812657601,0.000420932643335871
"KIAA0930",-1.17634858767246,0.000422772080193654
"CBARP",-1.05243483064464,0.00042902615167366
"FREM2",3.13588240363537,0.000429104166095184
"TP53I11",-1.17803884187095,0.000434423049821491
"SLC2A4RG",1.68568518989434,0.000440642306494949
"ZNF665",1.01624165348783,0.000442417070834644
"STAU2",-1.29034488792229,0.000442417070834644
"CROT",1.0575902749685,0.000445126620926687
"SPOCK1",-3.14314528017817,0.000446079295988532
"LINC01105",-3.24976296954129,0.000447280677315414
"GFOD2",-1.01245645275497,0.000447867793499155
"SERPINE1",3.05059296183201,0.000448156461479189
"FAM155A",-2.64102897092611,0.000450074305997332
"KIRREL",1.86660221529263,0.000450270146587036
"BCL2L11",1.27560776528408,0.000451473672188546
"CDT1",2.28338478683412,0.000451473672188546
"PLXNA2",-2.12491514927575,0.000451545986399528
"RNF135",1.43063714009204,0.000455377320116515
"AURKB",2.39153238219356,0.000457050598119668
"KHK",-1.58325778905543,0.000457913492624713
"ZBTB16",-2.3427191601382,0.000458136395964009
"FAM149A",-1.99149079488949,0.000460298070466927
"SCG5",-3.44953549202505,0.000460795984363663
"AGMAT",-1.4769945054094,0.000460992006690915
"LIG1",1.37942619435588,0.000465056816514266
"SDSL",1.32920739433064,0.000468536910667974
"CRYZ",1.41095716408547,0.000471026752209572
"RAB26",-2.57589974781046,0.000475000830996016
"IFI35",2.68475457446956,0.00047857280545772
"FGF14",-2.99396653586976,0.000478747491808803
"LOC81691",2.00483080718744,0.000479744936514873
"NUDT14",-1.42182787434477,0.000480555154468466
"SEMA5B",1.70111946531821,0.000483749261839296
"LINC00998",1.10651016854135,0.000483749261839296
"ALDH1L2",1.89352570403694,0.000485545745536749
"CDKN3",2.58296451496495,0.000486467606094058
"LAMA2",2.35518335812571,0.000489200561024808
"LOC102725271",-1.99622637368101,0.000490104374054243
"SLC2A12",-1.42342615958133,0.000492485591126168
"CDCA2",2.07148477470223,0.000492526618034878
"MXRA5",2.78627668535055,0.00049256707753311
"MGAT4C",-1.59136690510704,0.00049638112368742
"RPP25",-1.20810608426752,0.000498326702481945
"TMX2-CTNND1",1.06559893047678,0.000499013449571997
"PLEKHA4",2.0874388264541,0.000499075229857909
"TRIM14",2.65291415394675,0.000499075229857909
"BAG2",1.54512923021873,0.000500154462878292
"DDX19B",1.3747334860764,0.000507027494123963
"MEST",1.7444908135121,0.000512158946331776
"ZDHHC14",-2.34618515818363,0.000519631785987173
"LOC101927144",-1.09718116484865,0.00051994263117422
"RFC4",1.45048044075338,0.000525224665146668
"GATA2",-1.39532400861546,0.000525750234356081
"UNC79",-2.18470180434609,0.000527590550508704
"CHD3",-1.96775992406483,0.000527662309994388
"PIP4K2C",-1.09311903837029,0.000528276386726492
"ZDHHC8P1",-1.33299066162722,0.000528303649391679
"N4BP2L1",-1.61637797934498,0.000529097510507943
"ACTN2",-1.68886719004234,0.000530685464549204
"NDE1",2.16213798451624,0.000534779714222111
"LOC283516",-1.26415834233498,0.000537200467104403
"NES",2.25053521945253,0.000538110841082523
"LDOC1",-2.69352564800066,0.000539223452897683
"PMM2",1.06582602673274,0.000539223452897683
"TRIM6",1.89578329080308,0.000547210496720929
"SPSB2",1.03013154480881,0.000548176936743098
"QSOX1",1.29127671232853,0.00055077555329269
"PPP1R10",1.09802523178461,0.000552697100809395
"C10orf88",-1.12080023062236,0.000557562188564725
"C2orf81",1.69412066750046,0.000558845564268268
"MAP2",-1.08281604360638,0.000560971422180967
"PCYOX1L",-1.08189122802176,0.000560971422180967
"SESN1",-1.20419759312137,0.000567069332132158
"TMEM216",1.27892391577902,0.000567172094549912
"PDXK",-1.19869277731013,0.00056862178905877
"MLLT11",-1.78722449956542,0.000573318716158122
"CTDSP1",1.39349416283405,0.000573603972575925
"PLEKHG4",1.71610923078993,0.000573805569239337
"CDC42",1.2934111037061,0.000578662399483859
"ABCA7",-1.10658051594365,0.000581223142392735
"LRRTM2",-2.79133732395931,0.000581223142392735
"PYGO1",1.47265435219585,0.000586305797168439
"AQP11",-1.10960420818074,0.00058717325604402
"HYLS1",-1.6379475418935,0.000596420212612941
"NAA40",1.05666395987238,0.000596730753969381
"SEC61A2",-1.47543965891769,0.000597926975617033
"TSPAN7",-1.27139268760369,0.00060089475878967
"PTPRD",-2.06829483155536,0.000601405117230672
"SIPA1L1",-1.7090525371148,0.000601737344957561
"ZNF219",1.08921465724325,0.000604468127833484
"SNORD88C",1.13346779148994,0.000605469545645358
"SKP2",1.11801137866745,0.000605891050108204
"HECW2",-2.10604203052867,0.000610103157129947
"LACTB2",1.46031524709171,0.000611097555180445
"PTTG1",1.83849245362189,0.000612760007763343
"C8orf37",1.69415332175089,0.000613461650927867
"LINC01560",1.67952161639579,0.000618128670144984
"TCERG1L",-3.0350934948167,0.000618518912515829
"TLN1",1.89652543058967,0.000618518912515829
"SEPT3",-2.01504758870454,0.000622986746751731
"CLVS1",-1.17830376112676,0.000623375129466095
"CD44",2.39926142619651,0.000643082635975036
"APAF1",1.01699328954148,0.000645454617735671
"PCBD2",1.74771450531269,0.000647223772512315
"LINC00899",1.58210337492853,0.000653362102885831
"FAM129B",1.18215392744563,0.000654009195514386
"GLRB",-2.04901660075471,0.000655420582111864
"PDLIM1",2.13855200915319,0.000657114793374937
"ITCH",1.00691449791446,0.000658288252377582
"GPR3",-1.03430908875963,0.000664801898164918
"MYCN",2.27991508089566,0.000666304530105292
"ANKH",-1.31854852096273,0.000675679550955104
"RPGRIP1L",1.47235919935923,0.000675815195826573
"ZNF155",1.01495645880651,0.000676612584695737
"PPP4R3A",1.20515296935338,0.00067864417116218
"LYPLA1",1.01136407493359,0.00067864417116218
"LRRC28",1.32186538330743,0.000680581132706905
"FAM122C",1.06813811870835,0.00068143784715657
"OTUD6B-AS1",-1.22134389410421,0.000683495439793326
"KCNN2",-2.44689395435418,0.000684647406384264
"ZBED3-AS1",1.21511264685983,0.000686688421949704
"SS18L1",-1.11153946508647,0.0006874316693353
"MAP4K2",-1.31465240621749,0.00069639777194811
"PLBD1",2.28027922791045,0.000697601022597489
"ZNF300P1",2.19039440233267,0.00070181904190004
"SPC25",2.11765476539152,0.000703641728674055
"LOC101927057",-4.02605308694655,0.000707001662502148
"LOC101930416",-1.76063537112367,0.000707688416806595
"KALRN",-1.33217737009559,0.000707688416806595
"TP53TG1",1.13470943762735,0.000712075702491802
"CDKAL1",1.62332146019973,0.000712998670241903
"ZNF334",1.37066966636002,0.000713807851903223
"RBM4B",1.21360803873898,0.000717145037186274
"CALR",1.08208389875976,0.000718167572395317
"SHROOM1",-1.40592083163787,0.000718268495265809
"KCNQ5",-3.16749149947772,0.000720275912296624
"FKBP10",1.89541352328738,0.000722680341535908
"KBTBD11",-1.81224746941914,0.000727591828775953
"TYRO3",-1.77120530789941,0.000728352266713418
"PRKAR2B",-1.70612259973163,0.000728561101692072
"THBS3",1.59156300915035,0.000731776782830937
"ZNF844",1.137224574076,0.000732044055144345
"BRIP1",2.62590561205069,0.000733669457623496
"POGLUT1",1.10423119927443,0.000738784341992354
"SH2D3C",-1.24520795611144,0.000739228319729114
"CHST1",-2.17131275913926,0.000742730255538449
"PRR36",-2.05656396004306,0.000742730255538449
"EVC",1.74623946189507,0.000749240156559119
"PLP1",-3.68254595546102,0.000749900778710751
"BTN3A1",1.15720204646279,0.000752643791262535
"SATB1",-1.60534633147298,0.000752643791262535
"S100A10",2.09635556982977,0.000754080814702643
"IFIH1",1.8763923763783,0.000754190099554962
"CPNE5",-2.64194719291493,0.00075791920989822
"ZC3H7B",-1.34690684621604,0.00076502590689077
"HEATR5A",1.36279638731604,0.00076502590689077
"ZNF473",1.3998493646595,0.00076505415245146
"MEX3A",1.923766739709,0.000765072935403868
"CALML4",2.03984141642333,0.000776243440385872
"RASGEF1C",-1.96399701499001,0.000776665967539802
"PPP1R1A",-3.19067391264549,0.000779163689826398
"CLEC2B",2.07168654049586,0.000783544855554302
"CD58",1.75380791432077,0.000786842275336766
"FRRS1L",-2.28986573877436,0.000787299875545931
"ARL15",-1.51858771611236,0.000787299875545931
"ZSCAN16",1.30285967061998,0.000787913226534978
"GABRA5",-3.63248784366582,0.00079086518422444
"ANKDD1A",-1.58378854662683,0.000791276188048235
"FAT2",-1.42850914629915,0.000794405825263162
"DIAPH3",1.88664184993674,0.000794872539433003
"GTF2IRD1",1.19205444717297,0.000799172556623905
"ADAMTS6",1.84618763448448,0.000799302399018593
"CCDC88C",2.71981157559086,0.000806541031458562
"PCDH8",-3.10932154005287,0.000808270789232374
"RNF175",-2.45381076071769,0.000808270789232374
"OCLN",1.74392979310342,0.000809713787661244
"EMCN",1.33792893643912,0.000816327239452255
"ADGRL4",1.53038817313083,0.000819962959729806
"COL4A6",2.71852531756095,0.000820717580600423
"DDX31",1.52570837891979,0.000822602685521148
"HOXC4",1.96355767270079,0.000824321678345363
"FAM216A",-1.13003225708797,0.000825063689392526
"PLPPR4",-3.56669362046129,0.000826139153593957
"FGF9",-2.29653294486838,0.00082730246624053
"ZNF608",1.17272541738889,0.000828442566144374
"ST5",1.35144113423583,0.000831367351051597
"MFSD13A",-1.35629800988139,0.000835243985191988
"GNL3L",1.07769327826956,0.000842711230435326
"GUSBP9",1.55560167155075,0.000844051003871951
"LOC101927933",-1.32570705087771,0.000847170819578081
"ABLIM3",-2.0099737120146,0.000847707096357255
"BHLHE22",-4.33658102993347,0.000849720673837545
"EML4",1.3282592265495,0.000856495642671561
"ATCAY",-2.6902672447622,0.000870359343866512
"ARHGEF3",-1.24604767515418,0.000870359343866512
"SP100",1.83198490282025,0.000873656769727162
"NIT2",1.03118973658152,0.000876486638270626
"HLA-B",1.17045807197699,0.000881088676931433
"EFCAB11",1.33938369693721,0.000888056686061005
"ACOT9",1.11725080847777,0.000891377506537174
"INPP4B",2.52737446514799,0.000898216439122135
"C2CD4C",-1.12171512145733,0.000902496950206248
"H2AFJ",1.17562103764838,0.000905212852476493
"LINC01410",1.27393810087895,0.000908973760924403
"ATAD2",1.02184243204286,0.000908973760924403
"CRISPLD1",1.98182224959723,0.000914832492258612
"SLC4A7",1.02168959144818,0.000916716322524956
"PDK4",-1.91745715068429,0.000919498684854665
"SIGIRR",-1.54714446233221,0.000920376439610499
"SLC7A8",-1.43988824036015,0.000920835840193036
"ABCC1",1.14626219913885,0.000923069615633673
"NLRC5",1.91498996134385,0.000924980572309492
"BRICD5",-1.18240960227896,0.000931941389405896
"PRKX",1.96476561464707,0.000933869140190566
"WDR90",1.8860679474071,0.000943297118356192
"ADCY9",-1.2498976390144,0.00094656864835412
"TIFA",2.44892666077547,0.00095273765435616
"P3H2",2.6258779256576,0.000954402662213092
"SLC4A5",-1.18119431090783,0.000959063966749667
"STH",-1.07444492011157,0.000960824980975624
"ITGB8",1.36613190020447,0.000962890347987707
"CCDC138",1.17422601243892,0.0009728695353884
"APBA2",-1.4514128328572,0.000974841437569623
"MCM10",1.70789788438718,0.000976636745123731
"GALT",-1.00066479891203,0.000980525034512917
"LOC646903",1.7525481128299,0.00098833547758155
"TOM1L1",1.86073758692729,0.000989377713869233
"ME1",-2.89952800612545,0.000999054484463462
"IMPACT",1.12760236615371,0.00100038562797848
"PIFO",3.49712799531038,0.00100095275197066
"PMAIP1",2.10003697413951,0.00100297780070331
"SHISA6",-3.32132094808982,0.00100574353786996
"TBC1D24",-1.58648586816449,0.00100717776042253
"SHMT2",1.01782200678567,0.00100821679368217
"TAF1B",1.05104291465298,0.00101122317249566
"MALT1",1.01116278142669,0.0010118244888979
"TTBK1",-1.64298231299645,0.00101199511097166
"GON7",1.05164727184483,0.00101267717348707
"SUMF1",1.52037117209684,0.00101397324207749
"NAMPT",1.69461972663832,0.0010242629412451
"ABCD2",-1.18262042182498,0.00102569289258033
"LAMB2",1.89133630307455,0.00102906493049872
"SIAH3",-1.50423278735411,0.00103065955885813
"SP110",1.92232243466212,0.0010317275403787
"SERPINA3",2.88713819625521,0.00103243586955994
"LITAF",1.39962436336706,0.00103890236259568
"TFPI",2.47531363643208,0.0010436555428948
"FAM69B",-1.45240008049317,0.0010447219265484
"CFAP44",2.20103022619717,0.0010447219265484
"NEMP1",1.27939725369921,0.00105709398840339
"BMP2",2.17547364113931,0.0010610313816946
"NPHP1",1.01184803240677,0.0010610313816946
"TMEM198B",1.33523383704609,0.00106123045636879
"CYTIP",1.64738817308829,0.00106212131517775
"LAMA1",2.88098964896147,0.00108149340129194
"CNPPD1",1.10414898375818,0.00108779254672566
"RGS2",-1.46528299846129,0.00108785973635494
"SGK494",-2.26275427477383,0.00109154346305094
"CDH10",-2.34857388685918,0.00109179330189971
"TGFB1",2.10963877404359,0.00109179330189971
"HES1",2.22242273248021,0.00109284872816141
"IRF1",1.90798714970197,0.00110125026703397
"L3HYPDH",1.4753354629328,0.00110125026703397
"LGI1",-3.90843926771348,0.00111926173456929
"IQGAP3",2.03357573334714,0.00112053111709053
"SERINC5",1.00041035028382,0.00113262282631453
"AFDN",-2.38244937663617,0.00114095911342081
"ANO5",-2.07818962644951,0.0011528616893029
"SMC2",1.02576889701064,0.00116216187835334
"PPP2R5A",-1.30085585940152,0.00116325212874478
"CELSR3",-2.56564919900789,0.00117228093706554
"SPAG16",1.13010737133793,0.00117236362684881
"MAP7",-2.32273756538501,0.00117859723787702
"ZNF132",1.12602810092163,0.00117904575196809
"GBP2",2.18809689212321,0.00118850267131992
"EME2",-1.42136912872913,0.00119592226642139
"SPPL2B",1.03261644362301,0.00119782312169648
"CRIP2",1.76029639819697,0.00120679840533681
"TUFT1",-1.11428719107706,0.00120766468164681
"SCARF2",1.1024420457948,0.00120997356490934
"C1R",2.27263999070158,0.00121139372287691
"SULT1A1",-1.0244646934668,0.00121328833932128
"NALCN",-2.55064463257817,0.00122425660722929
"KIAA0485",2.15337465130486,0.00123207426466201
"SLC15A3",1.75161963530854,0.00123500210730525
"LOC101930361",-1.54414225706667,0.00123851328495859
"ZNF662",1.79842104683129,0.00124037018396518
"APPL2",1.15174120098007,0.00124369671706291
"ASPA",-3.12478178618054,0.00124381482983358
"GPSM2",1.0508433789681,0.00124433064708341
"GDA",-3.89412034498002,0.00125211465416297
"SPATA17",3.43180464123754,0.00125411388327434
"LMNB2",1.34600402829256,0.00125581522251578
"LOC100509445",2.67049120143057,0.00126163077367297
"PYGL",2.06691696074615,0.00126994819983185
"KCNK10",-1.63968391162499,0.00127128492923534
"GJB1",-1.13372763374859,0.00127974856890823
"CCDC177",-2.43180273976805,0.00128240754857155
"CHEK2",1.21330745816969,0.00128938720682053
"SPTAN1",-1.00542613222111,0.00129477780558166
"TAF7L",-1.11802784299343,0.00129916765456437
"TMEM229B",-2.17968914664169,0.00130431723618793
"CDK16",-1.04992969062959,0.00130431723618793
"FRMD4B",1.54329211844293,0.00130771783090868
"CCDC102B",1.45745403337751,0.00130771783090868
"TTC25",2.17684378865489,0.00132904195903596
"SLITRK3",-3.16636994657561,0.00132974118649587
"TP53INP2",-1.16533053093794,0.00133217803436804
"CCDC146",2.66418766351459,0.00133380008464381
"FAM86DP",1.2894712294186,0.00133655226809945
"MYOF",2.18837266916811,0.00133699307115577
"SELM",-1.72805232251098,0.00134239025115574
"SLC1A1",-2.87850948340329,0.0013431218210168
"CADPS",-3.15808751863952,0.00134365787178635
"HHIP",-2.84520428712308,0.00134763434371537
"GOLIM4",1.00943670239243,0.00134836258185429
"RNF112",-2.5847217672958,0.00135991284438354
"KIAA0922",1.72399492873682,0.00136130199271536
"MAPKAPK3",1.36894648736371,0.00136509565451448
"ZNF235",1.0996029556852,0.00136753080463083
"NR4A3",-2.29689082834911,0.00136785953760448
"CORO1A",-1.60545090609271,0.0013746421342689
"ZNF880",1.87449286516653,0.00137654493911714
"HENMT1",-2.07375115853426,0.00137737047977096
"CTSC",1.7337683822117,0.00137814181302819
"GBP3",2.82643833208303,0.00137939844523951
"PBX3",2.15750212507949,0.00138520221946338
"PUM3",1.19591286057679,0.0013897258673386
"SLC2A14",-1.95869457556963,0.0013964433616352
"PLK4",1.59002828779007,0.00139707785794932
"SLC16A1",1.11306682649566,0.0013994246886402
"PEMT",1.04493547310861,0.00140664705106474
"PAQR6",-2.45116701271657,0.00141038949706994
"CMTM4",-1.4847557344223,0.0014173480025727
"MAPK10",-1.43123752467614,0.00142233967727819
"OLFML3",1.58926465418204,0.00143022149467473
"ANGPT1",2.93986997171077,0.0014369001832961
"FAM19A5",-1.77222443464195,0.00143874583132208
"CSPG4",2.57625435959592,0.00144172064299854
"PLCH2",-2.27370694291322,0.00144278885396282
"MXD1",-1.35362086184044,0.00144739674729002
"ROBO2",-2.83415471647561,0.00145468501968073
"FAM72A",1.86556703587613,0.00145890065724382
"SYNE1",-1.38744275986496,0.00145890065724382
"ACVR2A",-1.16476501996805,0.0014620315892955
"NACAD",-1.31642095547094,0.00146385056321157
"HERC5",2.13970252852919,0.00146896809153173
"LOC101928269",2.2375993588946,0.00147424477281341
"RPS6KA2",-1.43259762559626,0.00147540072822606
"ST8SIA5",-1.98850260703866,0.00147900835923602
"FKBP7",1.35426540757146,0.00147953777161968
"FAM57B",-1.32339093751177,0.00148215129565484
"LY6E",-1.63606850559041,0.00149193185103474
"PALMD",2.21367307333622,0.00149673268455271
"GUSBP3",1.32068693415772,0.00150006829164592
"LOC286437",-1.018638108895,0.00150737100222541
"EPB41L3",-1.51385826415385,0.0015091916005417
"SNTA1",-2.21897954677141,0.00151065914004436
"MOCS1",-1.10188526530875,0.00152721276857923
"PIK3C2B",-1.38168469237812,0.00152880785272165
"PHACTR1",-1.42426433555957,0.00153106117657127
"CTSF",-1.04199805156523,0.00153161142108018
"CAV1",2.20463402776463,0.00153534035273567
"NELL2",-2.82979317438968,0.00154174391810792
"P2RX5",-2.59741901101598,0.00154875075868589
"HS1BP3",1.23929174300243,0.00155144475660829
"RARRES1",2.57451181216864,0.00155165563972179
"PRRX1",1.94436777478684,0.00155218090383376
"CNP",-1.11057906054471,0.0015548636406427
"CEP126",-2.40118501971171,0.00155499214764063
"TCEAL2",-1.96626245185294,0.00155819500035575
"SIRPA",-1.85028805408935,0.00155951091699307
"LPXN",1.44785255649947,0.00156181287265403
"ZNF628",1.15670497050387,0.00156498732743698
"COTL1",1.09183547793096,0.00156723623637705
"MXRA8",1.97386408815371,0.00156820338699485
"FAM107A",-2.25477379008041,0.00156976778552592
"HMCN1",1.3288760149282,0.00157106291937567
"RAB27A",1.36760043915181,0.00157913654091633
"NPIPB15",1.21311841805207,0.00158249810389439
"RMST",3.74877440626509,0.00158684638889331
"KCTD17",-1.04853302399566,0.00159457557028503
"ERO1A",1.39609933370145,0.00160725801740531
"GRIA4",-2.87749151007791,0.00160729744277327
"SULT1C4",2.45139932868362,0.00161498234430915
"ADAT3",1.19363183151578,0.00162238122721706
"PXK",-1.00883827361467,0.00163640730002097
"DPY19L2P2",-1.45005999742433,0.00164013357471045
"FAM84B",1.74116396132031,0.00164013357471045
"PTPDC1",-1.28449630580625,0.00164172308497091
"HSPA12B",-1.07967453086727,0.00165206649685238
"ECSCR",1.49370522476752,0.00166307693831418
"CDCA8",1.97006711099552,0.00166307693831418
"DHCR24",-1.73652270428929,0.00166418582266674
"ZNF37BP",-1.10638046236831,0.00166422226142856
"PPIC",1.99736219181493,0.00166530662727585
"SLCO2A1",1.60648496810578,0.00166939122893453
"PRRG1",-1.19792688188771,0.00167926891111829
"SLC24A3",-2.05057224502105,0.00167926891111829
"TUBB6",1.57045203916535,0.00167961971588186
"OLMALINC",1.16479772897758,0.00167961971588186
"CDK6",2.65746508426607,0.00170259999521421
"ZFP69",1.13930664840381,0.00172811118045021
"NINJ2",-1.75599967620368,0.00174982408583247
"ABCA2",-1.44873708757653,0.00175719147669768
"ZNF823",1.26331433406397,0.00177012174055587
"CHST9",2.81776169283241,0.00177130117711537
"PCDH19",-1.56564946913321,0.00177575111123064
"PFKFB4",1.47634687809856,0.00177579917512679
"MGP",2.23352977387619,0.00177666385266629
"HOPX",-2.4368422615476,0.00178101695199648
"DDIAS",1.83927336813452,0.00178262174415423
"PROM1",2.95722985162518,0.00178297755661243
"GABRA6",-1.5038483359315,0.00179633307930192
"C8orf76",1.20443266966726,0.00180233622737729
"CENPM",1.51614659075825,0.00180742866330587
"NEUROD2",-2.81066509110763,0.00181062166550171
"C7orf31",1.46113023291156,0.00181370839194609
"G2E3",1.02615021461485,0.00181392212726373
"CRABP1",-2.73348274090349,0.00182171805064799
"SNX10",-1.86878406932887,0.00183311636879084
"C1orf204",-1.75717405230835,0.00183423216955002
"TPCN1",-1.16317749339639,0.00183479955654622
"LOC100505938",-1.0334038871856,0.00183904406959388
"CADM2",-2.861433085896,0.00184193636092189
"FOXP1",-1.03234777571742,0.00185108011057579
"CPNE4",-3.29019338512374,0.00186729178495779
"PLD3",-1.21595582789613,0.00187470997260389
"EVI5L",-1.22775931806102,0.00187976984668971
"ERCC6L",1.3180476581311,0.00188870847630274
"EMX2OS",-2.41790679279836,0.00188970752066039
"LRBA",1.34403612235831,0.00188997769182378
"GLIPR2",1.38602306289238,0.0019157713707629
"HMGCLL1",-2.5424783307284,0.00192153471806173
"TRIP6",1.5993217762998,0.0019242229161839
"BCR",-1.00020180518653,0.00193042632819743
"CD84",2.01559816570598,0.0019400336286763
"ZIK1",1.35071371111617,0.0019459928431267
"TMEM220",1.26052610830545,0.00194687566460705
"LURAP1L",-1.78755330847462,0.00194868592248093
"ARAP1",1.01630856705318,0.00195461894654992
"TRIM24",1.0567654970136,0.00195805876499252
"TNFRSF11B",3.07300176412373,0.00197032428479111
"C10orf2",1.18767496809132,0.0019852350908668
"STMN1",-1.28800365492039,0.00198647845807022
"ZNF385D",-1.88735211445286,0.00199340692048897
"LOC101928718",-1.52070282156069,0.00199340692048897
"WDR78",2.82381798426397,0.00201572396956239
"FILIP1L",1.71336400786166,0.00202667245832894
"TOX2",-2.36093582421165,0.00202915564508812
"EIF4E3",-1.19485969929192,0.00203459597765251
"PRUNE2",-2.14521624550573,0.00205033813532345
"PCDH18",1.371165985185,0.00205698341044865
"SPHK1",1.81693851986548,0.00205800922981245
"FOLH1B",-2.23577375323925,0.00206641097950896
"VIT",-1.01454074424878,0.00207220743505979
"EVC2",1.27756455403918,0.00208233858105138
"ABHD6",-1.05046477157502,0.0020991709004396
"MYRF",-2.61760883328659,0.002103706430196
"RGS18",1.48378571677488,0.00210448760793958
"ITPKC",1.17248108812282,0.00210448760793958
"LOC100509457",3.13999597852715,0.00210774912000895
"ZIC1",1.85323008007921,0.00211500299079151
"PDLIM7",1.28055559785779,0.00211814874818531
"RDH10",1.71344037994174,0.00212977814816709
"MTCL1",-1.64929644460132,0.00214394469355398
"BTBD19",1.80087129229047,0.00215427715122502
"CPS1",1.50004652353491,0.00216111127436352
"CSPP1",1.20380493953024,0.00216878609312474
"NMT2",-1.04066015618936,0.00219314320883708
"FAM226B",-1.68114742123307,0.00219314320883708
"DRG2",1.19328884556509,0.00219348321303628
"MMRN1",2.08794953560026,0.00219410486842419
"EMX2",-3.24506225438633,0.00220946905335693
"APITD1-CORT",1.2799335407253,0.00221040795584829
"LRRC34",2.57243937438132,0.00223018151142289
"DTX4",-1.36968084652249,0.00223252501961597
"SHC2",-1.05502473293538,0.00223670226893313
"CPNE2",1.23842170016811,0.00223783551546381
"FAM174B",-1.11063554156331,0.00224191748073564
"LOC101929819",1.32462974628592,0.00226286623454882
"SLC29A1",1.96129970829303,0.00228520513995397
"TMEM35A",-2.49769184776069,0.00231641307750286
"IAH1",1.03071898377994,0.00232978009617604
"HFM1",1.50174028575923,0.00233686194246992
"LOC101928361",1.45231645653537,0.00234985651085673
"TYW3",1.03736679485496,0.00235279921867136
"STS",-1.35396665104445,0.00235415103925928
"C7orf57",3.3468736916065,0.00235440796178648
"ID3",1.71587329060335,0.00235888111766127
"LOC202025",1.10738060806633,0.00236412796222456
"ARL4A",1.3654666412904,0.00236482268716202
"ADPRH",1.15646020281381,0.00236548569855234
"LINC00092",1.49220464349164,0.00236846959256218
"BEX1",-1.25948862654282,0.00237249228052242
"CTNNA2",-1.70854905824787,0.00237955065030517
"APCDD1",1.32057900491722,0.00238022721506693
"ULK4",1.01786514101256,0.00238195197661657
"PGM5-AS1",-1.46504184466207,0.00238939503988105
"MAP3K1",1.53273139666371,0.00239034524873521
"PPM1J",-1.4414889793004,0.00239176715389734
"TMEM98",1.88462095424233,0.00239865955192723
"MDFIC",1.70060153092669,0.00239870222174497
"NFIA",1.03641646252551,0.00239914866241065
"SCUBE3",1.73709088408553,0.00240099582807779
"POLG2",1.27690435642445,0.00240366680701379
"TMEM64",1.32092226368975,0.00241235559775739
"TTTY14",-1.90482288599488,0.00241452908756837
"ADGRE5",1.64106243693708,0.00241810656897469
"LRRN4CL",2.25214936926462,0.00242712651330316
"GALNT3",2.77262635407298,0.00242753180841411
"EFNA3",-1.50337252213202,0.0024337153548034
"TCEAL7",-1.6658867333668,0.00244047617311647
"PTGR2",1.43536828967133,0.00245287078224313
"LOC100287387",-1.23981376406903,0.00245287078224313
"COL6A3",2.86475221329244,0.00245287078224313
"STC2",2.20258163228448,0.00245591788543943
"GPR65",1.72499611981565,0.00245652043159836
"IKZF1",1.67321523071334,0.0024575903582436
"C2orf80",-3.3467251587069,0.0024575903582436
"GCK",-1.52696570686299,0.00247757927792576
"RIDA",-1.22207072522729,0.00248099460333717
"ALG14",1.05453265698829,0.00248302618515621
"TK1",1.41150677510355,0.00248565053977767
"GNAL",-2.51700153893301,0.0024878113119818
"SERPINA5",2.95043145222926,0.00249432411609964
"PALM",-1.60299738162137,0.0024945429274095
"HES6",2.04114342440236,0.00250189112340262
"PLPPR5",-3.21323454333255,0.00251898880708048
"ZNF324",-1.20061993118297,0.00251963800611258
"EID2B",-1.01250762624978,0.00252175660250615
"OR2A9P",1.15089473005161,0.00252275284717515
"RACGAP1",1.21573335590874,0.00252653992600117
"GDPD1",-1.14603589585188,0.00253053577381458
"DPP6",-1.88008524865438,0.00255243381848153
"OSGIN2",1.55899836284319,0.00256260612352871
"IRX1",3.2505859448466,0.00256786728075627
"SOCS7",-1.06768292154695,0.00256984592415902
"CTH",-1.41715148092361,0.00258492107571888
"SERPINB1",1.6762425166877,0.00260905806721686
"FOXJ1",3.06808929359625,0.0026205508628654
"GYPC",1.44703376772267,0.00262105386793541
"CSTA",2.15763285922472,0.00262651700376261
"SLC31A2",-1.5183813292144,0.00262777825290451
"NUP62CL",2.87957202119171,0.00264006406192951
"ANG",1.57211409277791,0.00264520324048995
"LINC00997",1.11904577440434,0.0026782357514057
"RAB42",1.13146625758461,0.0026915288163703
"ST6GAL1",1.08821389258133,0.00272347984377991
"BORCS8",1.68681345904444,0.00272713299414167
"IGFBP1",1.40300653757377,0.00272836228617546
"ULK1",-1.2878210681856,0.00273117695612328
"SIX5",1.81757594983576,0.00273352862394095
"TMEM221",-1.04269422498028,0.00275915753004837
"DRC3",2.25580615046963,0.00276925111987273
"CTSK",1.88760242750157,0.00277405112956199
"SDC4",-2.12375843621749,0.00281200739675203
"LINC01000",1.05996210379855,0.00281651636118328
"TMED4",1.112021807967,0.00282447237174318
"MGC70870",1.15678572430966,0.00283980302898224
"MCM8",1.28970629413411,0.00285067433328988
"TAGAP",1.66077392126489,0.00285778312849137
"ITGA1",1.39973150813425,0.00287972136456934
"LINGO1",-1.60248404594228,0.00287972136456934
"EMP1",2.02517739998145,0.00289178199460887
"ECT2",1.50385249807573,0.00290440446397907
"TMEM231",1.5533553912374,0.00293508286134602
"OAS1",1.87387165430769,0.00293559866387246
"RGS17",-2.15863467705931,0.00293697288107463
"CD99",1.17837880123727,0.00294211931419931
"RPS6KA6",-1.3622947021693,0.00295365277649656
"MAP1LC3C",1.71358451904931,0.00296228289393475
"CRTAM",-1.49346944921512,0.00298160891300058
"USP9Y",-2.94538377631815,0.00298594983915699
"SMAP2",-1.01823717576799,0.00298921008647016
"STK32B",2.73624889100624,0.00300434418286704
"ROR2",2.83769124487041,0.0030168664046371
"LIF",1.84979790471105,0.0030236281492587
"IL17RA",1.19572121739349,0.00304371582732641
"ICAM1",2.15480392806305,0.00304537481218277
"FRMD6",1.3308797349163,0.00305109317671556
"AOX1",1.81002545206831,0.00306006799869296
"NPAS2",-1.92401074422472,0.00307381255149321
"DHX38",1.03895308405253,0.00307442464452496
"EMILIN3",1.73847195501124,0.003100839535387
"CCND1",2.31908348107488,0.00310241685719949
"ABCC3",2.25049941089421,0.00310762462985124
"EML3",1.09934269580572,0.00311823289331093
"NCKAP1L",1.44852792685121,0.00317313636054619
"IGSF10",-1.3427197872693,0.0031767201086379
"LATS2",1.23760086734602,0.00319148133750571
"LRRC17",2.43032216936837,0.00319904836968653
"FAM46A",1.93977817083918,0.00319904836968653
"TRPC3",-1.53646157592591,0.00321434867169687
"TMEM35B",1.05846260778343,0.00321965694559178
"PHLDA1",1.90527506481256,0.00327123647855974
"FGFBP3",1.32654636269921,0.00327348272987885
"EFHB",1.81024410992834,0.00329467879952532
"PRIM1",1.96422295563872,0.00330927100569223
"C15orf65",1.45773360377823,0.00330927100569223
"RTP4",1.87727359329592,0.00332648300828072
"LOC374443",1.09645841268764,0.00332675455138468
"SPTLC2",-1.16000079778153,0.00333006839285443
"KCNQ4",-1.45848857698528,0.00334760050471672
"RSAD2",1.85592500577744,0.00336789454132761
"IGSF6",1.0342485512213,0.00336845996508504
"COL18A1",1.65398524715364,0.00338952572400296
"MARVELD2",1.75643436438527,0.00341224463479294
"POSTN",3.89419132198041,0.00341376666522805
"SYNJ2",-2.15332015837121,0.00342628879135312
"SERPINB6",1.06636719733786,0.00342628879135312
"NOTCH1",1.5525900402021,0.00345605123206673
"CKAP2L",2.11310591316863,0.00346128526377277
"ALG6",1.02011355951663,0.00347282171640433
"SLC12A7",1.35265536502544,0.00352276884280634
"ITPRIPL2",1.55740049723596,0.00352632323652122
"ZFR2",-1.92875641389441,0.00354717405927125
"MOK",1.40994980493866,0.00355412881957934
"SORCS2",-1.68454205878291,0.00356892588194644
"PRSS23",1.78551406533168,0.00360152149066717
"COL8A2",1.88192091970848,0.00361404366007964
"RAC2",1.86576455126226,0.00362172791145042
"KDM5D",-3.2426275897599,0.00363120763697264
"PCSK1",-2.71535575001046,0.00363120763697264
"MTMR11",1.9794911828332,0.00363839960272964
"PLXNA4",-1.91822578774189,0.00364897532917914
"NDRG2",-1.54008116761598,0.00367565760071815
"IFT74",1.22509878572866,0.00369241042409555
"RTTN",1.06337546907114,0.00370324873548318
"RHOC",1.43962667942057,0.00370762636333689
"FDXR",1.08422392222123,0.00370762636333689
"MR1",1.7513190527236,0.00371386712587705
"PSMC3IP",1.01124004008869,0.00371386712587705
"FBXO2",-2.32455002466161,0.00374003289774354
"ASF1B",1.75880288453589,0.00374155211642364
"CHRM3",-3.241503736767,0.00374864438036301
"OR7E14P",2.30021323089532,0.00375402163808394
"SHC3",-2.63136791702217,0.00379873865735547
"C12orf60",1.00901079526081,0.00380965365446187
"IP6K3",-1.37774532818797,0.00382997455173281
"VAX2",1.19721743921426,0.00385565914581868
"FERMT1",2.30487871939165,0.0038634909483671
"TSPAN13",-1.26908863647772,0.00390609944048269
"RCSD1",1.54677635040743,0.0039422804540019
"KDR",1.44881671436752,0.00395706384792601
"ITGA2",2.29204138920032,0.00398484041862458
"DAAM2",-2.19423306266549,0.00398571737796153
"TANC2",-1.18876438296543,0.00400484285974467
"KCNE4",1.87622524942301,0.00404147234923927
"RNF150",-1.55453235783623,0.00405441150434878
"PCOLCE2",2.34722870483234,0.00410208359310852
"CASP1",1.80812627221643,0.00410210359934767
"CTSO",1.54324001484918,0.00412740405640761
"COL5A2",1.40177206091775,0.00414701343906235
"SLC38A5",1.81630585849191,0.00416384420402227
"KCNJ8",1.17150400024984,0.00417116146594648
"MIR9-3HG",-2.31482187824122,0.00418314332823614
"CELSR1",2.66872445035778,0.00421076858332494
"PTCHD1",-2.22139734648482,0.00423152997156914
"CD109",2.34824049644214,0.00423807978191315
"TNFRSF12A",1.99663399799119,0.00424474017090759
"SPSB1",1.78922265516495,0.00427247190996142
"LOC100506558",1.95398279963826,0.00429068929323554
"GTF2I",2.20399819267678,0.00429406661475561
"MDFI",1.35391777649079,0.00429831602550589
"PDGFC",1.50911873382169,0.004308557321106
"TENM1",-2.56781455717772,0.00432614340379887
"RNASE2",1.84654752428382,0.00433868872723526
"DDB2",1.20770227298369,0.00434588813143831
"INTS6",-1.3346345193643,0.0043664056328392
"TCF7L1",2.18197159537699,0.0043860914393609
"PDAP1",1.0892595149522,0.00443893460644871
"TSNAX-DISC1",1.88919781407962,0.00445320757201564
"GPIHBP1",-1.28664512367475,0.00447854308664023
"HACD4",1.76419624263142,0.00449692764090498
"PPP1R12B",-1.30011140857805,0.00449710979928456
"ARL6",-1.17815961411394,0.00450323440998134
"EXO1",1.78557290672071,0.00450576006482088
"WDR76",1.48562527835943,0.00450764235267417
"LOC101060275",-1.0617218776555,0.0045472235858073
"GPR19",-1.04182941787831,0.0045472235858073
"METTL2B",-1.12492879899034,0.00457192629211681
"DAB1",-3.13378384979632,0.00457710793595245
"VAMP8",1.33659185073753,0.00459369808938392
"SNX20",1.12622399534096,0.00462210976287837
"SIDT1",-2.17697826834208,0.00464105962001222
"CHODL",2.73506808110842,0.0046468415017516
"MYO7A",1.76003772610749,0.00465007051649364
"CDH13",-1.82314749346891,0.00465076704000492
"LOC101926921",1.63587240672563,0.004651888223951
"AASS",1.03805502722997,0.0046805555003076
"OXR1",-1.86001968161434,0.00468642340600931
"IGF1",-1.89183501878054,0.0046972943025275
"LUM",2.000659073247,0.00470952584575079
"FAM24B",-1.12100235202288,0.00476637425273371
"FBXO31",-1.39839909306193,0.00478143269870077
"SYTL4",2.05420099633944,0.00478585701244992
"NR2E1",-3.04852291176424,0.00481232334013016
"NPHP4",1.1446924736808,0.00481782988683983
"C16orf87",1.10437786112274,0.00482139512502091
"SETD9",1.42133291885338,0.00482667168419567
"KLHDC3",-1.04216332648126,0.00483037892952407
"ATRIP",1.01466363015082,0.00483880602498141
"HLA-F",1.0260773637453,0.00489976704708727
"PPP1R3D",-1.13658083962886,0.00490070771475202
"FAXC",-2.3034374803052,0.00493544244933851
"LIMCH1",-1.18138479792387,0.00494469958313192
"EGFEM1P",1.32497939773202,0.00496270380802698
"CLEC18A",1.68304716619053,0.00498207276743658
"LINC00461",1.31101977497441,0.00499825857240772
"ACTA2",1.26558449827139,0.00500251124389249
"ABHD14A",-1.07621083749566,0.00501217665171454
"COL22A1",2.12821105350716,0.00501722107010854
"WIF1",-3.58390022636135,0.00504161016828946
"PTPRB",-1.21032337557916,0.00504562418165526
"PDE1C",-2.36347231406095,0.00507588954062391
"ALDH2",-1.00624437891427,0.00509685616723483
"WFDC1",-2.62675999763866,0.00515231413909515
"NMNAT3",1.12838209380164,0.00516755101288334
"FBLL1",-1.89239355249297,0.0051811901300594
"PLAU",2.67384660721348,0.0051811901300594
"EPDR1",-1.52712112394919,0.00522397382150378
"CPEB3",-1.38883588524148,0.0052391978810462
"ABHD4",1.11540437737035,0.00531523008684394
"ZNF93",1.25218672766055,0.00533822336577667
"IGSF21",-2.83078850002512,0.00534941570725869
"DHRS11",-1.19317806200763,0.00535156368910341
"MAK",2.78790028255956,0.00535156368910341
"LRRC4",-1.37557720761947,0.00535460184438344
"SNRNP40",1.24786310266864,0.00536695462501572
"SORL1",-1.39766921135754,0.00539585770701505
"BICD1",-1.53090717343188,0.00542677604226126
"KIF7",1.30495376470072,0.00543261651195923
"SBK1",-1.74437936927765,0.00543309298456306
"TEX26",2.55674075730493,0.00546483688355228
"NCKAP5L",1.03102431547126,0.00550054836720829
"CLUL1",-1.00910282656509,0.00550268956106463
"RPGR",1.34019264824681,0.00553912077956946
"IQCH",1.81285804116443,0.0055429750405834
"ASNS",-1.08758276018929,0.00555492910635175
"DCDC5",2.27508953287633,0.00556159950611051
"HCG8",-1.46038460745608,0.00556159950611051
"C1orf106",2.41740908400375,0.005562014138911
"PTGFRN",1.43140843230243,0.00556818084628326
"HS6ST2",-2.34786072082309,0.0055687819148154
"LOC101927151",-1.0405630813929,0.00557994256965181
"CARHSP1",1.13024050538159,0.00558722087697703
"COL8A1",2.58327407141065,0.00561735811871312
"GMCL1P1",1.10368768540933,0.0056748401249414
"PCYT2",-1.02517156688422,0.00567675875062719
"NLGN4Y",-2.12668998774787,0.00569542872518105
"GRIK2",-2.2806832485209,0.00569687679711154
"IGSF9",1.75816969434681,0.0057067240224762
"S100A2",2.20899297907988,0.00570723319474353
"LDHD",-1.36069189015135,0.00570823597326994
"CENPE",2.19390700051821,0.00571803233824105
"HMOX1",2.08182762321854,0.00572532021919942
"THAP9",1.00562217617574,0.00573548142666165
"KIAA1211L",-1.97253414130862,0.00575107093212483
"UNC93B1",1.09144075916265,0.00577980518155204
"LMO2",1.09001145090078,0.00578395801885536
"SLC7A7",1.46905933787988,0.00578480409600713
"EPHA7",-2.56371548450131,0.00581068291563303
"FGF1",-2.32154787559547,0.00582765917781288
"HCP5",1.4611116240119,0.00583147250787326
"GGH",1.10378480899683,0.00584108098240475
"MIR5193",1.2994092877689,0.00585774593595466
"HINT3",-1.1561426212601,0.00585863951563569
"RET",-1.96958619493971,0.00587056097157099
"SPECC1",-1.53096661467976,0.00588377532415827
"EFHD2",-1.00125406036733,0.0059390541538359
"ZNF687",1.16622426660973,0.00595487400737619
"CDON",2.11567586839961,0.00596647063398007
"KLHL35",-1.62688717311203,0.00597633897888224
"PHEX",2.19505487980618,0.00597633897888224
"CFB",2.72479228649652,0.00599805475060864
"MIS18BP1",1.27181806301795,0.00600201388606381
"PIH1D2",2.02944568617449,0.00603513687532573
"PHTF1",1.42005114746179,0.00605105151482361
"ANGPT2",1.6281058727115,0.00607428547255875
"CENPW",1.99276085941341,0.00609069824637491
"CA3",2.96257684988139,0.00613315872874121
"SLC35G1",-1.45193934186581,0.00613315872874121
"PLOD2",1.2487096680067,0.00614646566166471
"FREM1",2.30386695952675,0.00615194940564068
"PLVAP",1.34529114943708,0.00616516572327963
"LPP",1.01337162478552,0.00617028016746241
"MIR8071-2",3.18739480023846,0.00618171601526423
"CYTL1",1.98081493042426,0.00618860562418486
"LRRK1",-1.04730770911894,0.00622269143195484
"MASTL",1.18465835741492,0.00623122462783042
"RAB9B",-1.35381900223853,0.00623215857503924
"PARPBP",1.05699389219204,0.00626866065596544
"GDF15",1.99565987371624,0.00626866065596544
"KCNS3",-1.45170293531762,0.00628094011098088
"RBM4",1.01593811232643,0.00628445316704351
"DYRK2",1.12408002396219,0.00636847183096069
"KIF22",1.05423871706331,0.006384482946466
"FAM69A",-1.52391860500481,0.00642015907907068
"GRIA2",-3.37310993014747,0.00642848734276483
"PDE5A",1.71357039040322,0.0064438885320696
"ZC3HAV1",1.44222989969014,0.00647216968812742
"IRX5",2.2966977205472,0.00647473587594126
"HBA2",-1.29741017743913,0.00651959538981908
"UFL1",1.11486470786811,0.00652087731313786
"RHOJ",1.68875587614563,0.00654290598083795
"KIAA0040",1.58047648692873,0.0065480292228583
"IGSF5",1.57425339627048,0.0065488160933926
"IGFBP7-AS1",2.71871778767205,0.00659312560169728
"CA10",-3.08554870535622,0.0066313965396475
"GLUD1",-1.01760878597621,0.0066313965396475
"MAPK8",-1.0080309083459,0.00663185613011909
"ABHD15",1.14304580922596,0.00666239490013759
"CFAP69",1.85916261821624,0.00667178370940471
"NEK11",2.42283481914529,0.00677971061022692
"SLC6A11",-1.72393697507627,0.00678665220830466
"ESM1",1.36440695718744,0.00679025074464952
"ATF7IP2",-1.11723668074379,0.0068226238480007
"MTHFD2",1.34020724531097,0.00686093115141736
"ZNF674-AS1",1.01142665985371,0.00687501240508144
"ODF3B",2.92115098717015,0.00687977517045699
"NBEA",-1.64252528521901,0.00692488640461889
"LRRC37A4P",1.17619469684773,0.00693130057964176
"RAD54B",1.14158999815022,0.00697022004466283
"CLDN10",-2.59964869244241,0.00704217249124363
"BVES",2.0718565659708,0.0070532252826636
"IQCG",2.18474299013051,0.00705915788979595
"HMGB3P1",1.24621409602097,0.00706857133780239
"PARM1",-2.31063456874523,0.00710516805283825
"CD48",1.09875060871177,0.00713155654045182
"IL18",1.37855737161045,0.0071392809513749
"GIMAP7",1.25534229049178,0.00713982817730467
"EYA2",2.42788565628034,0.00718742029849064
"GPC2",1.56965516413819,0.00721422203822628
"ZNF804A",-2.43839069819613,0.00722579713514488
"C1RL",1.7108761614403,0.00725627885604223
"AIM2",1.28675243189658,0.00730065252601835
"ERBB2",1.75522599740111,0.00731754855676783
"SSTR2",-2.32984583052419,0.00734220988255302
"ROR1",2.33896238282058,0.00734478653094949
"NIPAL2",-1.64422330062722,0.00739383781258124
"ISG20",1.19683771639342,0.00739488688088915
"ART3",-2.07633320766285,0.00742139215986838
"CTNND2",-1.21443883704688,0.00744046347334898
"CD9",1.37228077207317,0.00746205567881545
"RUNX1T1",-2.09913911275115,0.00751923258143226
"EML6",-1.49171999211539,0.00753050050753989
"PYCR1",1.09404047306048,0.00755169515806354
"TTTY15",-1.80399102454668,0.00755211564398218
"PLAUR",1.6354859643307,0.0075696560493609
"TMEM27",1.03348753838606,0.00765488855951537
"EVI2A",-1.85697092073025,0.00767555073297946
"MECOM",2.75095849594818,0.00768097879904921
"BRPF3",-1.20774293468495,0.0077021268253507
"TF",-2.99300147508758,0.00771922092190458
"GNAI1",-1.06989363819935,0.00773033422585966
"HLA-DQA1",2.04086826618001,0.00776617972974375
"GRIA3",-2.71914275809192,0.0078259573725969
"HLA-DPA1",1.59617652237632,0.00784521740558356
"SRSF3",1.52035711474694,0.00785871628928162
"WDR49",2.31326099000763,0.00789551366202386
"SEC24D",1.36561941855319,0.00789551366202386
"KLHL29",-2.33790414272105,0.00791091158902855
"MBOAT1",1.19728687960697,0.00791095728871315
"MMP9",2.21885732045134,0.00796069821152247
"SPOCD1",2.30672067479494,0.00797297798459034
"CHST3",1.62780516380532,0.00798165765132177
"FNBP1L",1.11958812737238,0.00799731943234915
"IL1RAP",1.72747328926364,0.00804808012226066
"PHKG1",1.72225976034293,0.00806214706928027
"ELAVL3",-2.71302408008159,0.00808759595936579
"EVI2B",1.84215353774832,0.00811541193342515
"PRKD1",1.64905199967008,0.00811902390845475
"PIK3AP1",1.62228480623497,0.00813342077496894
"PTH1R",-1.27885304519685,0.00814535484311237
"ZNF91",-1.06269221453229,0.00816198377300435
"CCDC3",-1.89434717630894,0.00818659606460017
"FST",1.742058918052,0.00819950461255239
"IGFBP4",1.65348125579533,0.00820677191549789
"HBB",-1.55404847542295,0.00821072365496082
"LRRC55",2.03325012653274,0.0082397477413436
"CRTAC1",1.60924728147686,0.00825195674449236
"LINC01114",1.85335630794714,0.0082946752489589
"GNA14",-1.48918988370112,0.0083045435308691
"PDE7B",-1.71137777611092,0.00832476117813857
"CACNA2D1",-2.08198112966805,0.00834369167460759
"PEX11A",1.17551000241965,0.00839648342836584
"VEGFA",1.51739543675383,0.00842580574048284
"AIM1",2.19844291435529,0.00842580574048284
"SOX5",1.63970963301367,0.00846937484865136
"CLEC14A",1.07696573678869,0.00850188936520143
"ACADL",1.5038156244478,0.00851905204956841
"WHRN",-1.31931681175096,0.00852637282492453
"LOC102724851",-1.14815665168002,0.00854978326679938
"SIRT6",1.00018816231005,0.00855810470487681
"OCIAD2",1.45561926540577,0.00856649063697318
"LRP10",1.14063249299941,0.0085665161441056
"ITGA5",1.63148557456265,0.00857833001853832
"STARD4",-1.47453794130329,0.00866551491662842
"GDAP1L1",-2.08001021601329,0.00867478899453353
"ABR",-1.09864761423794,0.00869540018741439
"CASP4",1.26797432512367,0.00871631551905805
"YBEY",1.36054467895424,0.00872011566529785
"DPP10",-2.43891658447298,0.0087216110162119
"C1GALT1C1L",1.36583481259408,0.0087221959362273
"CCDC89",1.4667779790685,0.00878443838874699
"RGCC",-1.1745134681004,0.00882414580384135
"LIMK1",-1.17564452368219,0.00886442988347168
"NGEF",-1.6551831769522,0.00887814012589452
"PCDH7",-2.58090770928285,0.00891078203913069
"PPP2R2B",-1.48172373956392,0.00893251727797784
"MEIS3",-1.40553699613616,0.00894090571399293
"DLGAP1-AS2",1.02464136174484,0.0090256177690422
"NFATC1",2.10834165727067,0.0090256177690422
"WLS",1.50449460443746,0.00906624925573001
"RIBC1",2.2669169733092,0.0090803679406129
"RBM47",1.63409343692511,0.00909695197241629
"P2RX4",1.05933011632571,0.00916481388124181
"KDM6B",1.2639583956117,0.00919038111132863
"B3GNT9",1.4359649680023,0.00925866485870235
"BRINP2",-2.43596521006227,0.00928668422025746
"DCUN1D2",-1.19217526620158,0.00930974235786901
"CTSS",1.59113046327863,0.00942622711141999
"SAXO2",1.32616886493556,0.00945392817430079
"TRPM8",2.61845774957423,0.00957476552167094
"GPRIN1",-1.98019179301256,0.0096236337043838
"DNAH5",2.17275148448593,0.00963587020426367
"ABCB4",1.6822090223716,0.0096621188168454
"LOC100129550",-1.21993365012269,0.00968434898002062
"RNF32",1.54551494116331,0.00976517728249502
"HSD17B8",1.3256075127307,0.00979584178029408
"STEAP1",1.56211968433373,0.00982479793957619
"DISP2",-1.71797072252164,0.00987396047570758
"CP",2.69977697525128,0.00987440044641096
"DPYD",1.94597417467113,0.00989309683611229
"HSPA6",2.4267461879806,0.00993352371314432
"ACOX2",1.59235445698468,0.00995694165223303
"SNHG1",1.02271694433011,0.0100013154038275
"MYRIP",-1.4218415392791,0.0100151819657156
"DCAF15",1.23075832938823,0.0100435763533964
"CACNA2D2",-1.66589485421407,0.0100778284522824
"DOCK5",-1.89662364080848,0.0100958797034756
"ZNF43",1.23669960993168,0.0100958797034756
"DUBR",1.0031709480593,0.0101608875366161
"CENPI",1.04340062352091,0.0101759159968365
"GIMAP6",1.06000627028126,0.0101847062606359
"CFAP43",2.51591208202294,0.0102071382245789
"RASSF5",-1.46507583071072,0.0102236998825862
"CASC10",1.3360416335975,0.010230096522705
"NAT8L",-1.26848159724399,0.0103245186360874
"RPRM",-2.03689180599349,0.0103277745901504
"SETSIP",1.1881445335309,0.010333705734136
"HLA-DRB6",1.12057134024858,0.0103584354634133
"DSC2",1.65891473053662,0.0103633134033717
"CDKN2B",2.34404412580144,0.0104197630393637
"LOC102724250",1.42274426055515,0.0104294899092013
"DEPTOR",-1.24502604401401,0.0104294899092013
"PALLD",1.03418083066093,0.0104294899092013
"C12orf75",1.15524183499414,0.0104421513951678
"ANKRD37",-1.07428033269777,0.0104540938060328
"EIF5A",2.06572614588961,0.0105051722554987
"IFNLR1",1.45223436089296,0.0105791769883993
"ALDH6A1",-1.01438091652164,0.0106096477577893
"SH3KBP1",-1.36847057735937,0.010653026217397
"CNIH3",-1.96647304244129,0.0106875008711275
"DENND2D",1.04075399141893,0.0107235483879298
"GLB1L2",1.48680764499638,0.0107375271000009
"ACTG2",1.45038157776436,0.0107446637893631
"CYS1",-1.6034048769407,0.0107551425416582
"VAMP5",1.30243151003043,0.0107889489526836
"NMRK1",-1.07041175918252,0.0108298106056396
"LOC101926951",-2.367880422529,0.0108570824527017
"ANXA4",1.44271714457422,0.0109358808945042
"CAPG",1.54578569684444,0.0109358808945042
"NCAPH",1.4668746096186,0.0111602530477224
"ACKR1",-1.98374674088922,0.0111617488540182
"LDB2",-1.76978736987049,0.0111685080408193
"CRTAP",1.36763693404885,0.01117264249117
"ZSCAN2",1.16461040931486,0.0111949754839071
"CETN2",1.05446434801479,0.0112212484202616
"DNAH14",1.24164708225042,0.0112241951591049
"LOXL1-AS1",1.36491708035069,0.0113227130887392
"SLC16A6",-1.19078737511019,0.0113274521919733
"KYNU",1.29265303882538,0.0113894664591761
"PAX3",3.49325021918672,0.0114276002974196
"KHDRBS2",-1.46918835960671,0.0114811877067402
"SEL1L2",-2.22926007189606,0.011510224861828
"MIR6883",-1.06971433716732,0.0115347423341556
"SDPR",-1.17328103207896,0.0115999957566322
"CHI3L2",3.14676334695982,0.0116157208429418
"PLA2G5",-1.54587131535319,0.0116976215331814
"TPM4",1.04296757887718,0.0117817597375537
"CEP128",1.51133580344273,0.0117819249360231
"KCND3",-1.48900642091507,0.0117918694466323
"LOC401261",1.18270771234115,0.0118123268308235
"GPC4",2.13598430479493,0.0118328280568454
"TMEM154",1.04338659326075,0.0118825936876354
"C5AR1",1.77432461520052,0.0119491085415094
"CDH22",-1.76930221530809,0.0119657172745677
"MT1E",-1.28869510326154,0.0120652309096097
"ADGRA3",1.05771605607304,0.0120902244331833
"MAFK",-1.7847575701171,0.0121019255304409
"MT3",-1.9908276118311,0.0121027777654685
"DLX2",-1.90619442578863,0.0121284898845307
"BACE2",1.58706392734484,0.0121612662999566
"CXCL2",2.36464556163228,0.0121684954213661
"ARHGAP25",1.10222973394536,0.0121867710028387
"PAGR1",1.03504866491525,0.0122403781413951
"JAK3",-1.39490390759165,0.0124881034949138
"TBX15",1.0286481818073,0.0125188583772057
"NME7",-1.62430380927653,0.0125234058263347
"BTC",1.59805993572248,0.0125420233766474
"TRAF3IP2",1.21501096941683,0.0125439180129955
"LOC100996809",1.69859292839987,0.0126095322161254
"LOC102725051",-1.84061813629757,0.012624446502494
"ADORA1",-2.00701853389014,0.0126805502855424
"MMP19",1.31293504490355,0.0126878273527302
"SLPI",2.21635914810407,0.0127149259967479
"FNDC1",2.06947912808639,0.0127244017603581
"ZNF536",-2.16691752379829,0.0127712872151382
"CXCL10",1.85571223799,0.0127809921851531
"RPE65",1.97592479092544,0.0127829360054428
"PRR5L",1.68523403632945,0.0127955718030086
"KANK4",-1.29076478982663,0.0128197218012377
"CSRNP3",-1.42399155510658,0.0128886534616499
"GSTM5",-1.03166765232795,0.0129126344561705
"FAM81B",3.57985613259264,0.0129486630178193
"DRC1",2.28111233341683,0.0129882739800465
"CCDC80",1.85506709795595,0.0129889421757697
"ANGPTL4",-1.80130142263169,0.0129979936545964
"PROCR",1.02446379279796,0.0130097394812857
"FBXO16",1.16263301818921,0.0130926357806382
"ARRDC4",1.33782164306121,0.0131095260729507
"PLEKHH2",1.77900643684563,0.0131304878948037
"LOC100506718",-1.93443138446412,0.0131786174903162
"ASTN1",-1.72133252647443,0.0133804805462602
"BCAS1",-2.10051311319204,0.0133919837894811
"FZD1",1.22983541591473,0.0134408718395135
"RCOR2",1.88998237919487,0.0135432188054617
"LAYN",1.43539819085128,0.0137017542852222
"CDC25A",1.24483108911196,0.0137058891525504
"MAGEL2",-1.50678585639027,0.0137731556715117
"ITGBL1",1.52429241318816,0.013901366365218
"HDAC9",-1.18733652992637,0.0139120593828949
"TMEM110-MUSTN1",-1.01961432683708,0.0139533363293163
"ARHGEF2",-1.04423073637397,0.0139668257566341
"MAP3K5",-1.23157167143708,0.0139963056868824
"STXBP5L",-1.97119152545411,0.014012979700528
"FAM50B",-1.36282546038771,0.0140786846308521
"SYNE3",1.62692277131413,0.0140869519859377
"SZRD1",1.04417411966746,0.0141516288853221
"CRB2",1.669437261238,0.0141525977411126
"ARMCX4",-1.27964980457541,0.0142057774197507
"MOB3B",-1.86355003034412,0.0142105195974197
"NFASC",-1.1693242578077,0.0142112767656705
"CBLN3",-1.24493941391263,0.0142315697790539
"EOGT",1.177241894357,0.0142764479916514
"SHPK",-1.00065843684984,0.0142764479916514
"GRIA1",-2.01419887846634,0.0144168269614172
"LOC100507855",-1.41607828693491,0.0144227817703375
"SLCO1C1",-2.16335477170217,0.014423950029507
"APOBEC3F",1.04797515355437,0.0144349601557284
"ZNF702P",-1.31759938773373,0.0144392683268505
"HLA-DRB1",1.2819935793096,0.0144507825370476
"DCHS1",1.02023325080552,0.0144507825370476
"KCNF1",-1.71657312222242,0.0144569633631431
"HIST2H2BE",-1.31696714417897,0.0144765658865145
"LACC1",-1.39720724587587,0.0145167775088244
"C20orf27",1.14483538026587,0.0145526809840692
"UBE2E2",-1.26695199723432,0.0145664447177641
"MIR675",2.88593103228823,0.0145707473769002
"UBL7-AS1",1.00256643088744,0.0147145633968717
"LOC101928916",2.5470008201236,0.0147530232655697
"GALNT6",-1.10400687278317,0.0147572331867361
"STOX1",-1.50670163758712,0.0147631438675646
"ARAP3",1.38067735954312,0.0147791791521564
"BRCA2",1.11764199382064,0.0148453923030117
"TNFRSF1A",1.35350790178928,0.0148578338770723
"CCDC160",1.25108279465759,0.0148768089058196
"INS-IGF2",3.2674469535568,0.0149081253829792
"PDE10A",-1.72647000328482,0.0149450118960281
"TACR1",-1.08370045753846,0.0150127585936123
"PYGM",-2.71689435623202,0.0151055331606315
"RSPH4A",2.11774530494228,0.0151341085549034
"IL1B",1.52482022708803,0.0151866451356718
"ATP1B2",-1.63022269000645,0.0152145565541683
"FGFR2",-2.31494107382985,0.0152292200830659
"DNAH9",1.30490068923609,0.0152475844603601
"MAP3K7CL",1.44341395377495,0.0152687632194729
"ASAH2B",-1.1983044327357,0.0152808476584133
"VMP1",1.73254536930374,0.0153140016335262
"C6orf52",1.54087760394379,0.0153183486050293
"STX3",-1.52262194494142,0.0153649291594714
"POLQ",1.08988427001545,0.0154592635062661
"EBF1",2.02110460977942,0.0154634281645768
"FBLN5",2.01832627917054,0.0154768569182284
"ANKFN1",1.4620710974543,0.0155223062334237
"MAP3K19",2.85107918278547,0.0155529343384044
"ACTC1",1.55005597944707,0.0156557253367557
"ABCB9",-1.21600601770835,0.01567182452637
"SH3GLB2",-1.28204206327443,0.0156986771612274
"CFAP126",3.62808735996646,0.0157030940350658
"IBSP",2.53188234704438,0.0157238700695819
"SDC1",1.54142212763806,0.0157272480230286
"HIP1",1.18139793587949,0.0158652338048264
"IFT88",1.03415933465805,0.0158899459072612
"INHBB",1.72014885908244,0.0159751791809367
"NR2F2",1.0852071126088,0.0159948023787406
"TKTL1",2.59608330161367,0.0159984226024761
"RASSF8",1.06537810545358,0.0160012878693937
"SCUBE2",2.48414686171781,0.0160093342454833
"COL28A1",2.30479454665522,0.0160101281735905
"LOC100996756",1.11017609743123,0.0160153724031323
"LRP2BP",2.39544806033806,0.0160153724031323
"SSTR1",-2.84046811273472,0.0160521546235599
"MAPK12",-1.13843478084661,0.0160557501975933
"AKAP13",1.5434601329211,0.0160575384602836
"NPC2",1.02627476124043,0.0160960783843039
"SNORD114-3",-1.02586466990013,0.0161221585081206
"PXDC1",1.00543860670171,0.0161319362801017
"LOC101930373",2.45712079570769,0.0161975433400969
"PLCH1",-1.72782726644675,0.0162204568936427
"PRDM1",1.277295236857,0.0162246188798465
"RASSF9",1.94599616797784,0.016246696855619
"HLA-DOA",1.57131910013103,0.016246696855619
"PQLC3",1.33495435297757,0.0163501726812718
"SLC25A53",1.45154052556745,0.0164122916511824
"GPR137C",-1.51494695600381,0.0165939238439448
"TMEM55A",-1.0066592816595,0.0167476254684155
"WDR54",1.05874789469085,0.0167612747322012
"MSR1",1.38211065693168,0.016767122453124
"KCNJ16",-2.89447880438732,0.0167884678006027
"LRRC46",1.79129876740538,0.0167958058458179
"PLXDC2",1.55360928181564,0.0168363612372201
"APOBEC3G",1.4187522567213,0.0168875733336058
"MERTK",-1.3659831933478,0.0169059369520175
"SPOCK2",-1.33613158748679,0.0169138886178429
"LOC101928000",-1.0329961632079,0.0169659835014817
"PLEKHA7",1.89883090242149,0.016970110883357
"IL18BP",1.42643496214398,0.017011384388476
"OGFRL1",-1.17605675850632,0.0170713415566265
"TPST2",-1.11972675653465,0.0170998830379536
"NR3C2",-1.68137958480217,0.0172138624293998
"NUP58",-1.15140739509093,0.0172500380684229
"RFX2",1.51931145178047,0.0172670458877542
"ARPC1B",1.00857378157633,0.017268630555862
"ERV3-2",1.01121117188192,0.0172806556027305
"CDCA5",1.66143760090775,0.0173474848516838
"LDLRAD4",-1.25064432119632,0.0173611616101154
"RGS9",1.48799292689704,0.0174513514383668
"TMEM176A",1.37664247665969,0.0174513514383668
"XIST",4.03971314271538,0.0174884836573432
"CISH",1.09670954087679,0.0174884836573432
"ARAP2",-1.99993437513689,0.0175629541968882
"GSN",1.00788752425615,0.0175684753886785
"CLEC5A",1.66457650979993,0.0175716534248578
"MIR21",1.74740145894917,0.0176393760609251
"CFAP206",1.97637126508442,0.0176393760609251
"GPR155",-1.38700037824214,0.0176494981119399
"CXCL16",1.77622589674253,0.0176869889001571
"CCDC81",2.0486521021572,0.0177998444334166
"WDR63",2.18523664466396,0.0178135316728337
"MFAP3L",-1.78261836360941,0.0178687966768295
"CEP170P1",1.8677229058952,0.0179079968980417
"NOV",-1.58096482502591,0.0179083164116715
"ZNF474",2.14667859758645,0.0179909252043503
"KAZN",-1.61251660975266,0.0180205863237243
"BLM",1.91921025428796,0.0180280922724301
"FAT3",-1.79384516983196,0.0180701469836538
"MST1",1.1096334942526,0.0181282093518328
"SMIM5",1.52087482463813,0.0183544430756659
"ZNF516",1.12911592490453,0.0184849278123391
"LEF1-AS1",1.17767530959632,0.0185390404476765
"ACTR3B",-1.46272212277621,0.0185425758706744
"ARHGEF6",1.22948242410243,0.018689794466629
"ARHGAP33",-1.44035444986924,0.0186925554794468
"C6orf118",2.11330987770809,0.0187096323237913
"CPLX3",-1.12245819759823,0.0188274846281837
"TLR8",1.30938875624845,0.0189321017757988
"ARMC2",1.75344528821558,0.0190290796127131
"PADI2",-1.78507338524209,0.0190677900308399
"ARMC3",2.96412915129881,0.0190853730393402
"SVIL",1.47058012875056,0.0191637396805849
"NARR",1.17171000091367,0.0192246374384456
"SPATA24",1.19732842337679,0.019252640902433
"HIST1H2AH",1.13402596586101,0.0193071425554825
"PLEKHG4B",1.54864510960453,0.0194206371597907
"CCDC151",1.27245583575582,0.0194533826003825
"CSRP1",-1.42874806316424,0.0194541259414575
"MELTF",-1.11419363148705,0.0194639910114589
"C1orf158",2.68878354033518,0.0195214854553994
"SERPINI2",1.39233044781302,0.0195711728557013
"SLC35E2B",-1.19343475552439,0.0196401869800759
"SORBS2",-1.28610029925287,0.0197243466838601
"LCP1",1.08333590915417,0.0197828960302306
"IQUB",1.53034675673774,0.0197957018191037
"GULP1",-1.67856379490428,0.0198121584375846
"DPEP1",1.25934021170375,0.0198522285269892
"TEKT2",1.46972163583359,0.0199674982923707
"TEKT1",2.59048143538862,0.0200022149365454
"VAT1L",-2.32541783406641,0.0201173804825638
"CNTNAP5",-2.22416960133084,0.0201173804825638
"ENPP5",-1.98959481179474,0.0201206576101723
"HOXA3",2.8587684533668,0.0201788362378821
"SHB",1.04726570268494,0.0202061908657795
"RUNX3",1.47740480901545,0.0202459108680946
"TRIB3",1.33688974796239,0.0204904860666263
"MAP3K8",1.05718248149289,0.0205795212032595
"SLC26A7",1.62727283756529,0.0206203916738786
"OAS2",1.66727039896666,0.0206701749403999
"GRID1",-1.22796002552387,0.0207043960417669
"TSPAN18",2.06533274603675,0.020811206257233
"DDX3Y",-3.25084208745326,0.0208566306872725
"PPP1R1B",-3.38026401203012,0.0209277111435976
"LOC90768",1.1530057553328,0.0209549240164869
"FMN2",-1.05881898721591,0.0210136532534617
"RUNX2",2.06704582183155,0.0210157854979308
"MICB",1.34425890611966,0.0211301516265747
"SPSB4",1.55069831371486,0.0211825599971129
"ECHDC3",1.44241032314089,0.0212051164500115
"PTRF",1.41053139625969,0.0213109845947177
"GMFG",1.05946530809961,0.0213806175531527
"CORO2B",-1.20613750000869,0.0213818327302
"DEPDC1B",1.72951045633715,0.0214872078556626
"AGBL2",1.83795268401565,0.0216107634836972
"CCDC74B",1.65488978088356,0.0216140118015888
"EHF",2.13125374563873,0.0216317703865534
"ZYX",1.29139160248665,0.0216332580781414
"MMP2",1.68905012454391,0.0216517159704782
"ANKRD45",1.47649651070204,0.0216850095820252
"NEBL",-2.15984945529442,0.0216898862297871
"LY75",1.60383152812222,0.0219124133018443
"PLLP",-2.22185231191533,0.0219548282714049
"ZFHX3",1.01733924108105,0.0219548282714049
"CCDC173",1.60865195838823,0.0219884129803967
"DYRK3",1.0775193946307,0.0219988753413054
"CDKN2A",1.75015587774194,0.0220541714902838
"GPR183",1.29485119399973,0.0220595841927539
"LPAR2",1.61944893943464,0.0220851804214237
"TTC29",1.92173332867357,0.0221349689095278
"TCTEX1D1",2.80374010282438,0.0222504972016895
"KLHL4",-1.89993617912749,0.0222890043087081
"ZNF33B",1.08785522097935,0.0223443084820798
"ZDHHC11B",-1.2773014464841,0.0225697001403663
"FBXW9",1.14221853394609,0.0226670356813046
"MASP1",2.27928532768935,0.0226883437031796
"TTC21A",1.32951590151604,0.0227059717771756
"ATP1A2",-1.55955345862584,0.0227806933142794
"SLC22A4",1.24552507319,0.0228616840023555
"VRK2",1.11235536810644,0.0229259436745369
"EDIL3",-1.92274180571814,0.0230335223168816
"PCDH10",-1.94758091504458,0.0230627975804276
"VWA3B",2.581399980533,0.0230776397181612
"DNMT3B",1.08006449824628,0.0230940861450021
"GLDN",-1.85815088992518,0.023181449592052
"ANGPTL1",2.32693759891341,0.023188899265736
"GRHL1",-1.53207861049902,0.0232560754482117
"CCDC18-AS1",1.18790983295509,0.0233507992824445
"FAP",1.78637453674727,0.0234356752103194
"SLC27A6",2.24220288335312,0.0235191685377645
"CXCL3",2.10318030074477,0.0235225185761745
"APOL6",1.16003897836173,0.0235338578101096
"SCAF11",1.01097069650835,0.0237792747889369
"LOC283588",-1.30540939904859,0.0238283264791619
"CTGF",1.05976830837423,0.0239253667412683
"SUSD4",-1.46651549536516,0.0239299450351046
"ADCY8",-1.56397050357897,0.024195896028398
"H2AFY2",1.09565664747685,0.024195896028398
"SORCS3",-1.93084063625951,0.024195896028398
"IFIT2",1.37053811887067,0.0242528330540154
"LGALS1",1.01435495941222,0.0242588833911956
"DEPDC7",1.40236993637606,0.0243043991760095
"HOXB2",2.09728444736528,0.0244076301252822
"SUZ12P1",-1.06454036767732,0.0244337044552606
"CCDC65",1.66213949523873,0.024465699981744
"DNAH12",2.12867016322353,0.0245002944295026
"OSBPL6",-1.34487955635707,0.0245381678803667
"F8",-1.01369470921361,0.0245463778624436
"ZNF423",1.43310133180861,0.0246436705175709
"CDC25C",1.33133320908705,0.0246533345910062
"PRRG4",1.13828541509211,0.0247049500550625
"DOCK11",1.18190624046167,0.0248118419540793
"FGFR3",-2.5584649164887,0.0248366956931404
"DBF4",1.32295371522537,0.024844251250927
"KCNMB1",1.26923279734826,0.0249303439743161
"LTBP2",1.80714280770479,0.0249824052265822
"MYLIP",-1.14375173625155,0.0249824052265822
"TNFSF13",-1.37462211044747,0.0250554921074603
"NCALD",-1.53464216307134,0.0250894792601005
"KIAA1024",-1.09524782142315,0.0251283343172134
"SOX3",1.55892463804398,0.0251653490888541
"FBXL13",1.23760357892984,0.0251976253374711
"C4B_2",1.8972589165092,0.0252599625966345
"CA9",1.51880894584799,0.0254089351743186
"CFAP45",2.28047942020145,0.0254777905272791
"CD69",1.19312381691144,0.0254951919946106
"HPGDS",1.36910361724365,0.0255012460387291
"RNASE1",-1.37633409809422,0.0256147407826619
"HNF4G",1.01029566039592,0.0256277665928043
"SLC4A4",-1.81757927119021,0.0256368535218491
"ERBB4",-2.02059556767404,0.0256438555752033
"OLFML1",2.11206976862064,0.0256797955383851
"CLDN11",-1.73654188230953,0.0257429455409035
"ADCY2",-1.97365375325023,0.0257620932563396
"BICC1",1.5722932688614,0.025764187149026
"CASC1",2.26810468399375,0.0258966737329294
"CYP4F12",1.63796774035857,0.025905824546858
"ANKEF1",1.18126975680348,0.025960905820222
"TRIM56",1.23074410527291,0.0260435812419838
"TES",1.12237561590341,0.026051333613551
"GIMAP8",1.06825653545391,0.026099251089243
"DOCK8",1.63611501027698,0.026307551997652
"LY96",1.64195976023997,0.0263172307584798
"CAPSL",3.00154285111821,0.0265872124008044
"SCG2",-1.69512424842367,0.0267339739229311
"ACACB",-1.22120421930763,0.0268725218081438
"SPAG4",1.41835531582807,0.0269055213577063
"ST6GALNAC2",1.93392883625345,0.0269596365700933
"CCDC170",1.83474776066055,0.0270002308972819
"TRIM25",1.01990863424819,0.0270102210523199
"LOC102724788",-1.78317930711355,0.0270418218449037
"RIBC2",1.7357400455282,0.0270868988357629
"SERPINA1",1.65318587104569,0.0272120563457133
"LRP1B",-1.74066177348817,0.02734255159752
"SIX1",2.29005801135634,0.0273699164232094
"SPAG17",2.20972454869703,0.0275937727463403
"SLC6A9",1.51648539129921,0.0276767816468415
"RNF165",-1.64926873004787,0.0276767816468415
"FCGR3B",1.89944180997995,0.0276776010698838
"AK7",2.0158735175282,0.0277145251759235
"CHST6",1.78647759353005,0.027755582819701
"C11orf88",2.45483327156121,0.0278219586774637
"DAW1",2.77086830812281,0.0279300670091257
"KRT17",-1.09655015457633,0.028021460190787
"MTTP",1.50493427694931,0.02812039301601
"LOC101928882",2.16516368462235,0.0281416555513762
"TTC28-AS1",1.03075480312748,0.0281827962218166
"ITGB2",1.39771695462952,0.0282293642655896
"AMER2",-1.39357362280527,0.0283782766239162
"GPR82",1.18829129882176,0.0284566432128487
"MYO18A",-1.03151884538639,0.0285103580998698
"SUCLG2",1.05953447118514,0.028597084902749
"BCL11B",-1.35267058942584,0.0286153382382466
"SLC16A10",1.56234061421249,0.0286477185666596
"IL1R2",1.43978631273872,0.028660561806462
"NRCAM",-1.20883807596424,0.0287227644808656
"GDPD2",1.39662947684227,0.0287395116754682
"SYNC",1.81194966496798,0.0287641801205017
"CYP3A5",1.20283246295148,0.0288695229205852
"LINC01279",1.96595043748126,0.0289213125932456
"MDGA1",-1.01935762586476,0.0289410282341325
"TDRD6",-1.18141952893518,0.0290121032679048
"CCM2L",-1.10224293928534,0.0290380338040514
"HMGA2",1.80958063248343,0.0291570194314386
"CD36",2.46450021245844,0.0293099178188734
"IFI16",1.42371346770275,0.0293312286606517
"PPBP",1.5676577694263,0.0293884246442836
"MPEG1",1.39750964312353,0.0294440473579043
"ADAMTS2",1.75519718190177,0.0294903154453378
"AKR1C1",-1.88330791287009,0.0294903154453378
"ARMC4",2.01049507383247,0.0295021408648971
"KCNJ2",-1.29423710797035,0.0295083148281736
"MYBL2",1.28636792344115,0.0295407913334605
"C15orf52",1.14623668065969,0.0295610698901987
"SOSTDC1",-1.54530110624931,0.0295610698901987
"MYO16",-1.63010873314044,0.0296815006545172
"C1orf61",-1.57522790612479,0.0298706949071752
"FBN3",1.16989474299921,0.0299356008284176
"CNR1",-2.24640210593899,0.0299586775456297
"DNAAF3",1.84865014561926,0.0299586775456297
"TMEM71",1.14701454632636,0.0299818260387184
"KANSL1-AS1",-1.16620724278074,0.0300234354190629
"ZC2HC1C",1.73544112574234,0.0300459803268238
"CCDC40",1.81985506308126,0.0302376860776898
"GAP43",-1.73669579253268,0.0303194810630028
"LOC388780",1.53747923482123,0.0303194810630028
"LCAT",1.55667395192629,0.0304224839772337
"PTGS2",-1.96241198275615,0.0304838136728341
"ZNF124",1.21726420642425,0.0305795706790994
"KLHDC8A",1.62893440012419,0.0306430380144464
"BMP5",2.16938172921091,0.0307553513961476
"LGALS3",1.33419459103858,0.03083424202804
"PURG",-1.10183766513952,0.0310908542726004
"SLAMF8",1.14052075326029,0.0310981830642212
"SCRN1",-1.00343664128371,0.0311443422188
"LMO3",-2.18351403961566,0.0314186794822976
"SAMSN1",1.49046694332372,0.0315995617894017
"KLHL26",-1.0773570237288,0.0316284735426609
"WDFY3-AS2",-1.1111388814816,0.0317689657496721
"ZNF185",1.47435437285574,0.0318501391008515
"CXCL6",2.00515939032728,0.0319232494650556
"FRZB",1.66173957000157,0.0321687010298937
"ZMYND10",1.92492359870395,0.0322417913227886
"EFHC2",2.495288549752,0.0323358897515628
"NXPH1",-2.56518959854872,0.0323428828516874
"SOD3",1.28334296757949,0.0324143139390103
"KCNMB2",-1.40283615266141,0.0324642630736373
"CRACR2A",1.28999724437718,0.0325272710899339
"TBX1",1.36995261576278,0.0325372827166799
"UBALD1",-1.02595814086713,0.0325842333448433
"TTC12",1.47054123373991,0.0326745061128121
"AKAP14",2.22747747681091,0.0327281223386734
"MAEL",-1.41665774002452,0.0330433406537285
"NDUFC2-KCTD14",1.28866490794266,0.0330747715396224
"NEUROD1",-2.95070721089231,0.0331141740217747
"CCDC8",1.22303063703399,0.0332319394750678
"ST6GALNAC5",-2.19657216341742,0.0332535854043621
"TREM1",1.55196010212071,0.0332535854043621
"TBC1D8",-1.2411911152551,0.033253692482306
"ZNF493",-1.09980158818515,0.0333309278428623
"FAR2",-1.44227041480585,0.0335015826401521
"STK17A",1.24960597040591,0.0336420946267911
"GPR85",-1.64478424562097,0.0338376027710781
"CAV2",1.40016951654023,0.0339495448979341
"CXCL5",2.66418105434543,0.0339495448979341
"SCG3",-1.59537606975556,0.033997163344363
"CCDC96",1.76586047174609,0.0340176131672664
"FSIP1",1.21501775038915,0.0340968290640125
"COL21A1",1.64911284772235,0.0341360157289847
"C11orf63",1.81032676739211,0.0342407391071704
"ST3GAL5",-1.04978745022801,0.0342846273732016
"OSBPL10",-1.3891583849739,0.0343522613014356
"TET1",1.58417517440796,0.0344059874236005
"EGR3",-1.552618304924,0.03446951959841
"HR",-1.20360617173761,0.0344752402435426
"KRBOX1",1.51425997944799,0.0346229094363553
"GJA1",-1.2559747483837,0.034635070681873
"TLR5",1.05518452944227,0.0346516376051853
"MVP",1.23362687918784,0.034745063158092
"PLK2",-1.30262147062472,0.0348836695040111
"EFCAB12",1.55634934960355,0.0348985582872263
"TM6SF1",-1.12846363360796,0.0349300007676768
"PDK1",1.12176968351479,0.0349551398034522
"TSPAN2",1.61718522324076,0.0350777586414759
"GALNT14",-1.4257540476073,0.0350777586414759
"LOC100506725",-1.48694215281657,0.0351191570851647
"SFRP2",2.56261554712676,0.0351592690904748
"ARHGEF37",-1.07154768898409,0.0351776156251727
"PDLIM3",1.9613369767543,0.0352409841340504
"NCF2",1.28210983871538,0.0353119482925503
"SCN3A",-2.12614959299409,0.0354191145255128
"PRKCA",-1.09486376204793,0.0354965549539671
"PASK",1.14330252234188,0.0356639974475947
"CDCP1",1.01024342866371,0.0357177497298896
"ADAMTS18",-1.95735154547495,0.0357653240894392
"LEF1",1.31286169677935,0.0359024013748343
"CLEC7A",1.25231232936147,0.0359145917388709
"VASH2",1.89306831030657,0.0359207369087811
"CD74",1.420624774323,0.0361176498141362
"PSPH",1.66832074357159,0.0363222210335446
"COL23A1",-1.55883446766647,0.0363434247794397
"LOC728485",-1.03059242401059,0.0363434247794397
"NUPR1",1.26343171565325,0.0364071287788542
"LCP2",1.09476572619151,0.0364071287788542
"G0S2",1.38250822418797,0.036486395604597
"DLL1",1.44400769170328,0.0365814141319248
"BEST4",1.54667532759914,0.0366331858611886
"NSG1",-1.7333670427549,0.0367437930148801
"ERFE",-1.25516939671381,0.036750399441185
"SBSPON",1.02152491689579,0.0367684316916849
"RNF128",-2.04117922305372,0.0368896734004667
"OLR1",1.57409466892097,0.0369047639681887
"SYTL2",-1.57140771898837,0.0371606161705249
"PLEK",1.01420914356141,0.0374078438864179
"P2RY1",1.03873277243623,0.0374782042175887
"PCDHB7",1.54838457549013,0.0376115558979026
"ENKUR",1.90787584591571,0.037637206984967
"RALGPS2",1.32488222088678,0.0379049220244171
"VEGFC",1.39467875640131,0.0381031567643147
"TBR1",-1.76879359730211,0.0381182396434229
"LRP8",-1.20465417506562,0.0384650867574513
"LGALSL",-1.0028550765171,0.0386725200800678
"NOG",-1.17197590156161,0.0386829353845426
"GALNT16",-1.16798587651967,0.0387232935489719
"IL17D",-1.45243332903136,0.0387297075920594
"PACRG",1.60446920772643,0.0389977065474211
"TSPYL5",-1.42875846180876,0.0390472776127395
"FCGR2C",1.153177202857,0.0391695677178875
"SEMA3A",1.50934563863478,0.0391910374952991
"CLIC6",1.92181856310032,0.0394637663638967
"AQP1",2.62793015731807,0.0395941305139555
"BAALC",-1.63690062391723,0.0398288228424304
"GALNT10",1.41336029141256,0.0399209480449851
"PIRT",2.6579246284541,0.0400550465626511
"ERBB3",-2.37910145338291,0.0400993029740639
"DALRD3",1.07755372015345,0.04018254143989
"ADAMTS15",1.4032476118188,0.0402271254240015
"MAOA",-1.07680112239363,0.0402578929613745
"S100A6",1.07840489298021,0.0405690116865016
"BRINP3",-2.32675844009382,0.0406624069684903
"PRPH",1.98396961592833,0.040735962654298
"SRGAP1",1.17749928326626,0.0409338399296043
"KIF21B",-1.64853933065378,0.0410590869934998
"WDR38",2.06962637312649,0.0412460074570274
"HKDC1",1.51264773510743,0.0413514552743615
"CDH1",1.57400420137179,0.041425572067153
"CFAP100",1.6554378742142,0.0415222132569363
"DOK4",-1.11454361872972,0.0415947874225946
"SOCS3",1.68644958011268,0.041609896282507
"ADAM19",-1.11053076071795,0.0416845715768462
"ADAMTSL4",1.77222766650269,0.0417071744612807
"FAM181A",1.29730946130243,0.0417422814685872
"SYT9",-1.41903110983892,0.0418475603809496
"FMO1",2.1898147280286,0.0420520356785511
"CH25H",1.73047986227298,0.0421039376460765
"ABAT",-1.18168211448785,0.0421431478698539
"LOC101930489",1.56932301553398,0.042225879100072
"CCR1",1.50557310604372,0.0424938174302268
"AHR",1.20839661240249,0.0425057728546934
"PLCL2",-1.04470455112367,0.0425069704299671
"GADD45B",-1.44019530676982,0.0425131966182132
"ROPN1L",2.10876874213609,0.0426211957864273
"LYPD1",2.30076759430926,0.042642316950259
"ALCAM",-1.67682688350191,0.0427611186681888
"NDUFA4L2",1.12401568299125,0.0428799213177162
"ELFN2",-1.89585462473577,0.0429468047988879
"TIMP4",2.27458737421341,0.0430003385776014
"LRRC18",1.17057755159474,0.0434003944392842
"MFGE8",1.13352048122347,0.0434003944392842
"DRC7",1.49173240182235,0.0434395132035499
"CAPS",1.96086902745792,0.0437032779400389
"LOC100653137",1.31825098820217,0.0437713066269396
"DNAH6",1.57613102793373,0.0438848704254085
"PLTP",1.33842716109328,0.0439098985265906
"ACAN",1.36919251022176,0.0440517362081385
"RBM20",1.45143090683898,0.0444438668105494
"C4orf19",-1.03160173003643,0.0444654938280305
"CPT1C",-1.20458584482578,0.0444717930576657
"HLA-DPB1",1.12934286031176,0.0448428356118013
"CLDN1",1.54379591636035,0.0452601715280342
"TSHZ2",-1.15671600386114,0.0453666561194648
"EFHD1",-1.73260153461355,0.0454615458654601
"LOC100996412",1.13204484567534,0.0456374219086999
"WDR72",1.91591475529401,0.0460244368705455
"IFI44L",1.94789188590355,0.0461087896908876
"GALR1",1.44448193244444,0.0461187830334545
"C15orf48",1.25356005946535,0.0463814227187079
"BEST3",1.59963884736962,0.0463869635850759
"SEZ6L",-1.97488919458502,0.0464747108178909
"BCL7A",-1.20090729383334,0.0467508117798954
"OSMR",1.30982049541242,0.0468637073629899
"ACKR3",1.33930597296094,0.0468775637662601
"KIF9",1.10532377242629,0.0468946911738564
"F2RL2",1.38003417740992,0.0471087256683508
"TMEM255A",1.76002199503688,0.0471650800666121
"BTNL9",-1.11431454490046,0.0471650800666121
"DCDC2",1.82907242341426,0.04735921520031
"CYP27C1",1.51879246593136,0.0474020124727931
"MIR3658",1.1445212977825,0.0474940312138129
"GFRA2",-1.2280484637643,0.0475945251425577
"GSTT1",-1.63339535617436,0.0477740571535144
"PNPLA4",-1.22591556933407,0.0478913181179494
"TRAC",1.26081938724333,0.0481744563993698
"HEPN1",-1.81375973347753,0.0481981597250291
"PHYHIPL",-1.04276363146318,0.0486444048123893
"WDR66",1.73085659958533,0.0486917567645184
"MIR155",1.22387744501045,0.0490347759355914
"CACNG4",1.41276365279869,0.049339714697807
"C22orf23",1.33468694099171,0.0495591682218756
"AZGP1P1",1.46200236007797,0.049586617572556
"RPS4Y1",-3.39185113714543,0.0497712501256603
"PPIL6",1.00787291483208,0.0497755905002129
