"ID","Term_Description","Fold_Enrichment","occurrence","support","lowest_p","highest_p","Up_regulated","Down_regulated"
"R-HSA-9013148","CDC42 GTPase cycle",2.07685245634079,10,0.148605257876781,3.26476450519709e-52,7.4548969579996e-10,"ARAP1, ARAP3, ARFGAP3, ARHGAP17, ARHGAP42, ARHGEF6, CAV1, CDC42, DEPDC1B, DIAPH3, DOCK11, DOCK7, DOCK8, ECT2, FMNL3, FNBP1L, GNA13, IQGAP1, IQGAP2, IQGAP3, KCTD3, LBR, MYO9B, PAK2, PLEKHG4, PLEKHG4B, RACGAP1, SCRIB, SPATA13, SRGAP1, STEAP3, SYDE1, TAGAP, TMPO, VANGL1","ABR, ARAP2, ARHGAP20, ARHGAP26, ARHGAP32, ARHGAP33, ARHGAP44, ARHGDIG, ARHGEF25, ARHGEF9, BAIAP2, BCR, CDC42BPA, CHN1, CPNE8, DOCK9, FMNL1, MCF2, MCF2L, NGEF, PAK1, PAK3, PAK6, PARD6A, RASGRF2, SRGAP3, TIAM1, WIPF3"
"R-HSA-9013149","RAC1 GTPase cycle",2.10362587658827,10,0.14024349454813,1.46979989225853e-36,2.51172196242617e-13,"ARAP1, ARAP3, ARHGAP12, ARHGAP17, ARHGAP25, ARHGAP42, ARHGEF6, CAV1, CDC42, CYBA, DEPDC1B, DIAPH3, DOCK11, DOCK7, DOCK8, ECT2, GNA13, IQGAP1, IQGAP2, IQGAP3, ITGB1, JAG1, LBR, MYO9B, NCF2, NCKAP1L, PAK2, PKN2, PLEKHG4, RACGAP1, SPATA13, SRGAP1, SWAP70, TAGAP, TMPO, VANGL1, VRK2, WASF2","ABR, ARAP2, ARHGAP20, ARHGAP23, ARHGAP26, ARHGAP32, ARHGAP33, ARHGAP44, ARHGEF25, BAIAP2, BCR, CDC42BPA, CHN1, CHN2, CYFIP2, DOCK3, DOCK4, DOCK5, DOCK9, FMNL1, KALRN, MCF2, MCF2L, MPP7, NGEF, NOXA1, PAK1, PAK3, PAK6, PARD6A, RASGRF2, SRGAP3, TIAM1, TIAM2, WASF1, WASF3, WIPF3"
"R-HSA-2990846","SUMOylation",1.5438071540311,10,0.363827114294879,1.50323126225166e-33,3.50744490194517e-28,"AURKA, AURKB, BIRC5, BLM, BRCA1, CBX2, CDCA8, CDKN2A, CETN2, DNMT3A, DNMT3B, HDAC1, HNRNPC, MDC1, NR1H3, NSMCE4A, NUP107, NUP160, NUP205, NUP35, NUP37, NUP54, NUP62, NUP85, NUP88, PCGF2, PCNA, PHC1, RARA, RELA, SENP1, SIN3A, SMC1A, SMC3, SMC5, SP100, SP3, STAG1, TDG, TOP2A, TP53, UBE2I, WRN, XRCC4","CHD3, NR3C2, NR4A2, RANGAP1, RORA, SATB1, SENP5, THRB"
"R-HSA-3108232","SUMO E3 ligases SUMOylate target proteins",1.5384092269191,10,0.362872340425532,1.62371601464371e-32,4.01125874084334e-27,"AURKA, AURKB, BIRC5, BLM, BRCA1, CBX2, CDCA8, CDKN2A, CETN2, DNMT3A, DNMT3B, HDAC1, HNRNPC, MDC1, NR1H3, NSMCE4A, NUP107, NUP160, NUP205, NUP35, NUP37, NUP54, NUP62, NUP85, NUP88, PCGF2, PCNA, PHC1, RARA, RELA, SIN3A, SMC1A, SMC3, SMC5, SP100, SP3, STAG1, TDG, TOP2A, TP53, UBE2I, WRN, XRCC4","CHD3, NR3C2, NR4A2, RANGAP1, RORA, SATB1, THRB"
"R-HSA-9013409","RHOJ GTPase cycle",2.30761384037865,10,0.146968085106383,6.01657055177159e-31,4.18211443288464e-09,"ARL13B, CAV1, CDC42, DEPDC1B, DIAPH3, DOCK8, FMNL3, FNBP1L, IQGAP3, PAK2, RHOJ, SCRIB, SLC4A7, STEAP3, SYDE1, TMPO, VANGL1","ARHGAP26, ARHGAP32, CDC42BPA, CPNE8, GJA1, MPP7, PAK1, PAK3"
"R-HSA-69620","Cell Cycle Checkpoints",1.72569382845708,10,0.509949494949495,3.57540865231597e-29,1.28604709189699e-17,"ATM, ATRIP, AURKB, BARD1, BIRC5, BLM, BRCA1, BRIP1, BUB1, BUB1B, CCNA2, CCNB1, CCNB2, CDC20, CDC25A, CDC25C, CDCA8, CDK1, CDK2, CDKN2A, CENPE, CENPF, CENPH, CENPI, CENPK, CENPL, CENPM, CENPQ, CENPU, CHEK1, CHEK2, DBF4, ERCC6L, EXO1, FAM175A, KIF18A, KIF2C, KNTC1, MAD2L1, MAPRE1, MCM10, MCM2, MCM3, MCM4, MCM5, MCM7, MCM8, MDC1, MIS12, NDC80, NDE1, NUF2, NUP107, NUP160, NUP37, NUP85, ORC2, PSMB8, PSMB9, PSME1, PSMF1, RBBP8, RCC2, RFC2, RFC3, RFC4, RFC5, RHNO1, RMI1, SFN, SPC25, SPDL1, TP53, UBE2C, WEE1, WRN, ZWINT","ANAPC15, DYNC1I1, DYNC1LI1, NDEL1, PPP2R5A, PPP2R5B, RANGAP1, YWHAG, YWHAH"
"R-HSA-5693532","DNA Double-Strand Break Repair",1.87038174430691,10,0.319040404040404,9.14059035613833e-29,1.04792303758486e-18,"ABL1, ATM, ATRIP, BARD1, BLM, BRCA1, BRCA2, BRIP1, CCNA2, CDK2, CHEK1, CHEK2, ERCC4, EXO1, EYA2, FAM175A, GEN1, MDC1, PCNA, POLD1, POLD3, POLE2, POLM, POLQ, PPP4C, PPP4R2, PRKDC, RAD51, RAD51AP1, RBBP8, RFC1, RFC2, RFC3, RFC4, RFC5, RHNO1, RMI1, SIRT6, TIMELESS, TIPIN, TP53, UBE2I, WRN, XRCC4, XRCC5","APBB1, BAP1, EME2, MAPK8"
"R-HSA-5693567","HDR through Homologous Recombination (HRR) or Single Strand Annealing (SSA)",1.98883007273871,10,0.196449418811228,1.70602364834028e-25,3.32220804032605e-11,"ABL1, ATM, ATRIP, BARD1, BLM, BRCA1, BRCA2, BRIP1, CCNA2, CDK2, CHEK1, ERCC4, EXO1, FAM175A, GEN1, MDC1, PCNA, POLD1, POLD3, POLE2, PPP4C, PPP4R2, RAD51, RAD51AP1, RBBP8, RFC1, RFC2, RFC3, RFC4, RFC5, RHNO1, RMI1, SIRT6, TIMELESS, TIPIN, UBE2I, WRN","EME2"
"R-HSA-69481","G2/M Checkpoints",1.65378991893803,10,0.384318181818182,3.57007765947225e-25,1.73279330315653e-09,"ATM, ATRIP, BARD1, BLM, BRCA1, BRIP1, CCNB1, CCNB2, CDC25A, CDC25C, CDK1, CDK2, CHEK1, CHEK2, DBF4, EXO1, FAM175A, MCM10, MCM2, MCM3, MCM4, MCM5, MCM7, MCM8, MDC1, ORC2, PSMB8, PSMB9, PSME1, PSMF1, RBBP8, RFC2, RFC3, RFC4, RFC5, RHNO1, RMI1, SFN, TP53, WEE1, WRN","YWHAG, YWHAH"
"R-HSA-5693538","Homology Directed Repair",1.92226473305328,10,0.188415481663637,9.69434501099551e-25,7.85940373773085e-11,"ABL1, ATM, ATRIP, BARD1, BLM, BRCA1, BRCA2, BRIP1, CCNA2, CDK2, CHEK1, ERCC4, EXO1, FAM175A, GEN1, MDC1, PCNA, POLD1, POLD3, POLE2, POLQ, PPP4C, PPP4R2, RAD51, RAD51AP1, RBBP8, RFC1, RFC2, RFC3, RFC4, RFC5, RHNO1, RMI1, SIRT6, TIMELESS, TIPIN, UBE2I, WRN","EME2"
"R-HSA-9013406","RHOQ GTPase cycle",2.15116544442078,10,0.125413907284768,1.07771020091771e-24,1.18812621474227e-08,"ARHGAP17, ARL13B, CAV1, CDC42, DEPDC1B, DIAPH3, IQGAP1, IQGAP3, PAK2, SCRIB, SLC4A7, STEAP3, SYDE1, TRIP10, VANGL1","ARHGAP26, ARHGAP32, ARHGAP33, ARHGEF9, CDC42BPA, CPNE8, GFOD1, GJA1, MPP7, PAK1"
"R-HSA-69473","G2/M DNA damage checkpoint",2.28453770197487,10,0.306436170212766,4.05963716270071e-24,3.91669872601512e-10,"ATM, ATRIP, BARD1, BLM, BRCA1, BRIP1, CCNB1, CDC25C, CDK1, CHEK1, CHEK2, EXO1, FAM175A, MDC1, RBBP8, RFC2, RFC3, RFC4, RFC5, RHNO1, RMI1, SFN, TP53, WEE1, WRN","YWHAG, YWHAH"
"R-HSA-8980692","RHOA GTPase cycle",1.69225014961101,10,0.0821341463414634,5.91061045116449e-24,7.27264840912243e-06,"ACTC1, AKAP13, ARAP1, ARAP3, ARHGAP18, ARHGAP19, ARHGAP42, ARHGEF40, CAV1, DEPDC1B, DIAPH3, ECT2, FMNL3, IQGAP1, IQGAP3, LBR, MYO9B, PKN2, PLEKHG4, PTRF, RACGAP1, ROCK1, SOWAHC, SRGAP1, TAGAP, TMPO, VANGL1","ABR, ARAP2, ARHGAP20, ARHGAP23, ARHGAP26, ARHGAP32, ARHGAP44, ARHGEF2, ARHGEF25, ARHGEF3, BCR, HMOX2, KALRN, MCF2, MCF2L, MYO9A, NGEF, PCDH7, RASGRF2, ROCK2, SLK, TIAM1"
"R-HSA-1474244","Extracellular matrix organization",1.8167635385456,10,0.0644148936170213,9.2682536301449e-24,5.5344114821695e-14,"A2M, ACAN, ADAM12, ADAM9, ADAMTS2, BGN, BMP2, CAPN2, CD151, CD44, CDH1, COL18A1, COL1A1, COL1A2, COL21A1, COL22A1, COL28A1, COL3A1, COL4A1, COL4A2, COL4A6, COL5A1, COL5A2, COL6A1, COL6A2, COL6A3, COL8A1, COL8A2, CRTAP, CTSK, CTSS, EFEMP2, ELN, EMILIN1, EMILIN3, FBLN5, FBN1, FBN2, FBN3, FN1, HSPG2, IBSP, ICAM1, ITGA1, ITGA2, ITGA4, ITGA5, ITGB1, ITGB2, ITGB8, KDR, LAMA1, LAMA2, LAMA4, LAMB2, LAMC1, LOX, LOXL1, LOXL2, LOXL3, LTBP2, LTBP3, LUM, MFAP2, MFAP4, MMP19, MMP2, MMP9, NCSTN, NID1, NID2, P3H1, P3H2, P4HA1, P4HB, PCOLCE, PCOLCE2, PLOD1, PLOD2, PLOD3, PPIB, PXDN, SCUBE3, SDC1, SERPINE1, SERPINH1, SPARC, TGFB1, TIMP1, TNC, VCAM1, VCAN","ADAM19, ADAMTS18, ADAMTS8, CAPN3, COL23A1, COL24A1, FGF2, ICAM2, ICAM5, NRXN1, PRKCA, PRSS2, SDC4, SPOCK3, TLL2"
"R-HSA-5633007","Regulation of TP53 Activity",1.59646240529341,10,0.338260451192131,1.86264666178767e-23,1.31199399549384e-17,"AKT2, ATM, ATRIP, AURKA, AURKB, BARD1, BLM, BRCA1, BRIP1, CCNA2, CDK1, CDK2, CDKN2A, CHEK1, CHEK2, DYRK2, EHMT1, EXO1, HDAC1, PRDM1, PRMT5, RBBP4, RBBP8, RFC2, RFC3, RFC4, RFC5, RHNO1, RMI1, SETD9, SSRP1, TP53, TP53INP1, TP53RK, TPX2, WRN","BRPF3, CDK5, CDK5R1, CHD3, MAPK11, NUAK1, PIN1, PIP4K2A, PIP4K2B, PIP4K2C, PPP1R13B, PRKAA2, TAF4B, TAF7L"
"R-HSA-69190","DNA strand elongation",3.17296903052065,10,0.231060606060606,4.31315724091706e-23,7.32654246736139e-15,"GINS2, GINS3, LIG1, MCM2, MCM3, MCM4, MCM5, MCM7, MCM8, PCNA, POLA1, POLD1, POLD3, PRIM1, PRIM2, RFC1, RFC2, RFC3, RFC4, RFC5",""
"R-HSA-195258","RHO GTPase Effectors",1.95259632647424,10,0.579574468085106,3.56520060096408e-22,3.09945275183761e-14,"ABL1, ARPC1B, AURKB, BIRC5, BUB1, BUB1B, CDC20, CDC25C, CDC42, CDCA8, CDH1, CENPE, CENPF, CENPH, CENPI, CENPK, CENPL, CENPM, CENPQ, CENPU, CTNNA1, CYBA, DIAPH3, DVL3, ERCC6L, FLNA, FMNL3, IQGAP1, IQGAP2, IQGAP3, ITGB1, KIF14, KIF18A, KIF2C, KNTC1, LIMK2, MAD2L1, MAPRE1, MIS12, NCF2, NCKAP1L, NDC80, NDE1, NUF2, NUP107, NUP160, NUP37, NUP85, PAK2, PFN1, PKN2, PRC1, RAC2, RCC2, RHOC, ROCK1, SFN, SPC25, SPDL1, TUBB6, WASF2, ZWINT","BAIAP2, CYFIP2, DLG4, DYNC1I1, DYNC1LI1, EVL, FMNL1, KIF5A, KLC1, KLC2, LIMK1, LIN7B, MAPK11, MYH11, NCKIPSD, NDEL1, NOXA1, PAK1, PAK3, PIN1, PPP1R12B, PPP1R14A, PPP2R5A, PPP2R5B, PRKCA, PRKCB, PRKCZ, RANGAP1, ROCK2, SCAI, TUBA4A, TUBB2A, TUBB4A, WASF1, WASF3, WIPF3, YWHAG, YWHAH"
"R-HSA-2565942","Regulation of PLK1 Activity at G2/M Transition",1.59386351300572,10,0.146035053315357,8.08734639008389e-22,2.63789286827585e-11,"AJUBA, ALMS1, AURKA, BORA, CCNB1, CCNB2, CDK1, CEP135, CEP152, CEP192, CEP57, CETN2, CNTRL, HAUS1, MAPRE1, NDE1, NEDD1, NINL, ODF2, PLK4","BTRC, OPTN, PPP1R12B, PRKAR2B, TUBA4A, TUBB4A, YWHAG"
"R-HSA-69242","S Phase",1.48203273972144,10,0.246161616161616,1.34802638390041e-21,3.08462514643793e-11,"AKT2, CCNA2, CCND1, CDC25A, CDCA5, CDK2, CDK4, CDT1, CKS1B, E2F5, GINS2, GINS3, LIG1, MCM2, MCM3, MCM4, MCM5, MCM7, MCM8, MYC, ORC2, PCNA, POLA1, POLD1, POLD3, POLE2, PRIM1, PRIM2, PSMB8, PSMB9, PSME1, PSMF1, RB1, RBBP4, RFC1, RFC2, RFC3, RFC4, RFC5, SKP2, SMC1A, SMC3, STAG1, UBE2C, WEE1","ANAPC15, CABLES1"
"R-HSA-6804756","Regulation of TP53 Activity through Phosphorylation",1.93137245336039,10,0.268813131313131,1.58310617653106e-21,8.92265924159749e-13,"ATM, ATRIP, AURKA, AURKB, BARD1, BLM, BRCA1, BRIP1, CCNA2, CDK2, CHEK1, CHEK2, DYRK2, EXO1, RBBP8, RFC2, RFC3, RFC4, RFC5, RHNO1, RMI1, SSRP1, TP53, TP53INP1, TP53RK, TPX2, WRN","CDK5, CDK5R1, MAPK11, NUAK1, PIN1, PRKAA2, TAF4B, TAF7L"
"R-HSA-9013404","RAC2 GTPase cycle",1.94805540478477,10,0.17381097406223,3.31889477845572e-21,1.08126318422388e-10,"ARHGAP17, ARHGAP42, CAV1, CDC42, CYBA, DEPDC1B, DIAPH3, DSG2, IQGAP1, ITGB1, LBR, NCF2, NCKAP1L, PAK2, RAC2, RACGAP1, SWAP70, SYDE1, TMPO, VANGL1, VRK2, WASF2","ABR, ARHGAP26, ARHGAP32, BCR, DOCK3, DOCK4, MCF2, MPP7, PAK1, SLITRK5, TIAM1"
"R-HSA-68877","Mitotic Prometaphase",1.89083052431026,10,0.364318181818182,4.73141051819252e-21,1.44791942053512e-17,"ALMS1, AURKB, BIRC5, BUB1, BUB1B, CCNB1, CCNB2, CDC20, CDCA5, CDCA8, CDK1, CENPE, CENPF, CENPH, CENPI, CENPK, CENPL, CENPM, CENPQ, CENPU, CEP135, CEP152, CEP192, CEP57, CETN2, CNTRL, EML4, ERCC6L, HAUS1, KIF18A, KIF2C, KNTC1, MAD2L1, MAPRE1, MIS12, NCAPD2, NCAPG, NCAPH, NDC80, NDE1, NEDD1, NINL, NUF2, NUP107, NUP160, NUP37, NUP85, ODF2, PLK4, RCC2, SMC1A, SMC2, SMC3, SMC4, SPC25, SPDL1, STAG1, TUBB6, ZWINT","DYNC1I1, DYNC1LI1, MZT1, NDEL1, NME7, PPP2R5A, PPP2R5B, PRKAR2B, RANGAP1, TUBA4A, TUBB2A, TUBB4A, TUBG2, YWHAG"
"R-HSA-180786","Extension of Telomeres",2.13223518850987,10,0.133156565656566,6.97375729738451e-21,8.09408732406715e-09,"BLM, CCNA2, CDK2, DSCC1, GAR1, LIG1, PCNA, POLA1, POLD1, POLD3, POT1, PRIM1, PRIM2, RFC1, RFC2, RFC3, RFC4, RFC5, RUVBL1, WRAP53, WRN",""
"R-HSA-2995410","Nuclear Envelope (NE) Reassembly",1.59952411401589,10,0.292167910258363,1.06537085297448e-20,4.1037628020451e-10,"CCNB1, CCNB2, CDK1, LBR, LMNA, LMNB1, NUP107, NUP160, NUP205, NUP35, NUP37, NUP54, NUP62, NUP85, RCC1, TMPO, TUBB6, UBE2I, VRK2","RANGAP1, TUBA4A, TUBB2A, TUBB4A"
"R-HSA-9013423","RAC3 GTPase cycle",1.9865545234564,10,0.1375,1.99873077734449e-20,3.80303832340868e-11,"ARAP3, ARHGAP17, ARHGAP42, CAV1, CDC42, CYBA, DEPDC1B, DIAPH3, DSG2, ITGB1, JAG1, LBR, NCF2, NCKAP1L, PAK2, RACGAP1, SWAP70, SYDE1, TMPO, VANGL1, VRK2, WASF2","ABR, ARAP2, ARHGAP26, ARHGAP32, BAIAP2, BCR, MCF2, MPP7, NOXA1, PAK1, SLITRK3, SLITRK5, TIAM1, WASF1"
"R-HSA-72163","mRNA Splicing - Major Pathway",0.804237694864639,10,0.192925531914894,2.24065229841275e-20,2.27069582132966e-11,"ALYREF, AQR, BUD13, CWF19L2, DHX38, FUS, HNRNPC, HNRNPD, HNRNPF, HNRNPM, LSM2, LSM5, LSM7, LSM8, NCBP1, NSRP1, PPIL4, PRPF40A, RBM7, SF3A2, SF3B6, SNIP1, SNRNP40, SNRPA, SNRPB, SNRPD1, SNRPE, SNRPF, SNRPG, SRSF10, SRSF3, YBX1",""
"R-HSA-112315","Transmission across Chemical Synapses",2.45151067301063,10,0.0701758793969849,3.28946845904545e-20,3.09600944415691e-13,"CACNG4, GLS, GNAI3, GNG12, GNG5, PRKX, TUBB6","ABAT, ACTN2, ADCY1, ADCY2, ADCY5, ADCY8, ADCY9, AKAP5, ALDH2, APBA1, ARHGEF9, CACNA1B, CACNA1E, CACNA2D1, CACNA2D2, CACNA2D3, CACNB1, CACNB2, CACNB3, CACNB4, CACNG2, CACNG3, CACNG8, CAMK1, CAMK2A, CAMK2B, CAMK2G, CAMK4, CAMKK1, CAMKK2, CHRNA3, CPLX1, DLG1, DLG2, DLG3, DLG4, DNAJC5, EPB41L1, ERBB4, GABBR1, GABBR2, GABRA1, GABRA2, GABRA4, GABRA5, GABRA6, GABRB1, GABRB2, GABRB3, GABRG2, GAD1, GAD2, GLRB, GLS2, GNAI1, GNAL, GNB5, GNG13, GNG3, GNG7, GRIA1, GRIA2, GRIA3, GRIA4, GRIK2, GRIN1, GRIN2A, GRIN2C, KCNJ16, KCNJ2, KCNJ3, KCNJ4, KCNJ6, KCNJ9, LIN7A, LIN7B, LRRC7, MAOA, MAPT, NBEA, NCALD, NEFL, NPTN, NRG1, NRGN, PICK1, PLCB1, PPFIA2, PPFIA3, PPFIA4, PPM1E, PRKAA2, PRKACB, PRKAR1B, PRKAR2B, PRKCA, PRKCB, PRKCG, RAB3A, RASGRF2, RIMS1, RPS6KA2, RPS6KA6, SLC17A7, SLC1A1, SLC1A2, SLC1A6, SLC32A1, SLC6A1, SNAP25, STX1A, STXBP1, SYN1, SYN2, SYT1, TSPAN7, TUBA4A, TUBB2A, TUBB4A, VAMP2"
"R-HSA-174417","Telomere C-strand (Lagging Strand) Synthesis",2.46145476307056,10,0.087779322142628,4.39477456375876e-20,8.54588224376268e-08,"BLM, DSCC1, LIG1, PCNA, POLA1, POLD1, POLD3, POT1, PRIM1, PRIM2, RFC1, RFC2, RFC3, RFC4, RFC5, WRN",""
"R-HSA-8854518","AURKA Activation by TPX2",1.57307760386376,10,0.121581670362158,6.13325517758905e-20,2.22496534262481e-09,"ALMS1, AURKA, CDK1, CEP135, CEP152, CEP192, CEP57, CETN2, CNTRL, HAUS1, HMMR, MAPRE1, NDE1, NEDD1, NINL, ODF2, PLK4, TPX2","PRKAR2B, TUBA4A, TUBB4A, YWHAG"
"R-HSA-453279","Mitotic G1 phase and G1/S transition",1.78372313067107,10,0.392873458200091,6.98400882706428e-20,2.36590862044047e-16,"ABL1, AKT2, CCNA2, CCNB1, CCND1, CDC25A, CDK1, CDK2, CDK4, CDK6, CDKN2A, CDKN2B, CDKN2C, CDT1, CKS1B, DBF4, DHFR, E2F5, E2F6, FBXO5, HDAC1, MCM10, MCM2, MCM3, MCM4, MCM5, MCM7, MCM8, MYBL2, MYC, ORC2, PCNA, POLA1, POLE2, PPP2R3B, PRIM1, PRIM2, PSMB8, PSMB9, PSME1, PSMF1, RB1, RBBP4, RBL1, RRM2, SKP2, TK1, TOP2A, TYMS, WEE1","CABLES1, CDKN2D"
"R-HSA-72172","mRNA Splicing",0.786538801931879,10,0.188383838383838,9.49107794999066e-20,1.0034692708051e-10,"ALYREF, AQR, BUD13, CWF19L2, DHX38, FUS, HNRNPC, HNRNPD, HNRNPF, HNRNPM, LSM2, LSM5, LSM7, LSM8, NCBP1, NSRP1, PPIL4, PRPF40A, RBM7, SF3A2, SF3B6, SNIP1, SNRNP40, SNRPA, SNRPB, SNRPD1, SNRPE, SNRPF, SNRPG, SRSF10, SRSF3, YBX1","SNRNP25"
"R-HSA-69109","Leading Strand Synthesis",3.98887535265453,10,0.115869752804426,1.31472076606686e-19,2.5049127550215e-09,"PCNA, POLA1, POLD1, POLD3, PRIM1, PRIM2, RFC1, RFC2, RFC3, RFC4, RFC5",""
"R-HSA-69091","Polymerase switching",3.98887535265453,10,0.115869752804426,1.31472076606686e-19,2.5049127550215e-09,"PCNA, POLA1, POLD1, POLD3, PRIM1, PRIM2, RFC1, RFC2, RFC3, RFC4, RFC5",""
"R-HSA-69186","Lagging Strand Synthesis",3.04605026929982,10,0.0931932389218821,2.43318951166859e-19,1.95274409164735e-08,"LIG1, PCNA, POLA1, POLD1, POLD3, PRIM1, PRIM2, RFC1, RFC2, RFC3, RFC4, RFC5",""
"R-HSA-5620912","Anchoring of the basal body to the plasma membrane",1.65662383067183,10,0.0777724049000645,3.0485126171408e-19,5.92446014071947e-08,"ALMS1, CC2D2A, CDK1, CEP135, CEP152, CEP162, CEP192, CEP57, CETN2, CNTRL, HAUS1, MAPRE1, MKS1, NDE1, NEDD1, NINL, NPHP1, NPHP4, ODF2, PLK4, RPGRIP1L, TCTN1, TCTN3, TMEM216, TMEM67","MARK4, PRKAR2B, TTBK2, TUBA4A, TUBB4A, YWHAG"
"R-HSA-5693607","Processing of DNA double-strand break ends",2.09516685189935,10,0.144819843900353,3.6833874449526e-19,2.52888747074118e-09,"ATM, ATRIP, BARD1, BLM, BRCA1, BRIP1, CCNA2, CDK2, CHEK1, EXO1, FAM175A, MDC1, PPP4C, PPP4R2, RBBP8, RFC2, RFC3, RFC4, RFC5, RHNO1, RMI1, SIRT6, TIMELESS, TIPIN, UBE2I, WRN",""
"R-HSA-72203","Processing of Capped Intron-Containing Pre-mRNA",0.831069468492241,10,0.231542553191489,4.74781858594111e-19,4.68328398822566e-14,"ALYREF, AQR, BUD13, CPSF3, CWF19L2, DDX39A, DHX38, FUS, GLE1, HNRNPC, HNRNPD, HNRNPF, HNRNPM, LSM2, LSM5, LSM7, LSM8, NCBP1, NSRP1, NUP107, NUP160, NUP205, NUP35, NUP37, NUP54, NUP62, NUP85, NUP88, NXT1, PPIL4, PRPF40A, RBM7, SF3A2, SF3B6, SNIP1, SNRNP40, SNRPA, SNRPB, SNRPD1, SNRPE, SNRPF, SNRPG, SRSF10, SRSF3, YBX1","SNRNP25"
"R-HSA-9013106","RHOC GTPase cycle",1.93059524110552,10,0.136225165562914,6.33551092981727e-19,8.54849458206755e-07,"AKAP13, ARHGAP18, ARHGEF40, CAV1, DEPDC1B, DIAPH3, FMNL3, IQGAP1, IQGAP3, LBR, MYO9B, PKN2, PTRF, RACGAP1, RHOC, ROCK1, TMPO, VANGL1","ABR, ARHGAP26, ARHGAP32, ARHGEF25, BCR, MCF2, MCF2L, ROCK2, SLK"
"R-HSA-2500257","Resolution of Sister Chromatid Cohesion",2.11531268701376,10,0.304015151515152,7.28692594139287e-19,3.22357662374863e-12,"AURKB, BIRC5, BUB1, BUB1B, CCNB1, CCNB2, CDC20, CDCA5, CDCA8, CDK1, CENPE, CENPF, CENPH, CENPI, CENPK, CENPL, CENPM, CENPQ, CENPU, ERCC6L, KIF18A, KIF2C, KNTC1, MAD2L1, MAPRE1, MIS12, NDC80, NDE1, NUF2, NUP107, NUP160, NUP37, NUP85, RCC2, SMC1A, SMC3, SPC25, SPDL1, STAG1, TUBB6, ZWINT","DYNC1I1, DYNC1LI1, NDEL1, PPP2R5A, PPP2R5B, RANGAP1, TUBA4A, TUBB2A, TUBB4A"
"R-HSA-5685938","HDR through Single Strand Annealing (SSA)",2.46977048862148,10,0.0856428607684889,8.14079335671103e-19,1.79507026760851e-05,"ABL1, ATM, ATRIP, BARD1, BLM, BRCA1, BRIP1, ERCC4, EXO1, RAD51, RBBP8, RFC2, RFC3, RFC4, RFC5, RHNO1, RMI1, WRN",""
"R-HSA-157579","Telomere Maintenance",1.64018091423836,10,0.100743617075275,8.51910859332464e-19,5.02246361713464e-07,"BLM, CCNA2, CDK2, DSCC1, GAR1, LIG1, PCNA, POLA1, POLD1, POLD3, POT1, PRIM1, PRIM2, RFC1, RFC2, RFC3, RFC4, RFC5, RUVBL1, WRAP53, WRN",""
"R-HSA-194441","Metabolism of non-coding RNA",1.79179427605872,10,0.146648936170213,1.28912465267865e-18,2.89300872806756e-10,"DDX20, GEMIN6, NCBP1, NUP107, NUP160, NUP205, NUP35, NUP37, NUP54, NUP62, NUP85, NUP88, PRMT5, SNRPB, SNRPD1, SNRPE, SNRPF, SNRPG",""
"R-HSA-191859","snRNP Assembly",1.79179427605872,10,0.146648936170213,1.28912465267865e-18,2.89300872806756e-10,"DDX20, GEMIN6, NCBP1, NUP107, NUP160, NUP205, NUP35, NUP37, NUP54, NUP62, NUP85, NUP88, PRMT5, SNRPB, SNRPD1, SNRPE, SNRPF, SNRPG",""
"R-HSA-5685942","HDR through Homologous Recombination (HRR)",1.97008226372625,10,0.115869752804426,1.39370999021562e-18,2.44546702379563e-07,"ATM, ATRIP, BARD1, BLM, BRCA1, BRCA2, BRIP1, CHEK1, EXO1, GEN1, PCNA, POLD1, POLD3, POLE2, RAD51, RAD51AP1, RBBP8, RFC1, RFC2, RFC3, RFC4, RFC5, RHNO1, RMI1, WRN","EME2"
"R-HSA-5693616","Presynaptic phase of homologous DNA pairing and strand exchange",2.34311559176909,10,0.100783171175024,2.33670565589417e-18,1.26946461591094e-05,"ATM, ATRIP, BARD1, BLM, BRCA1, BRCA2, BRIP1, CHEK1, EXO1, RAD51, RBBP8, RFC2, RFC3, RFC4, RFC5, RHNO1, RMI1, WRN",""
"R-HSA-174411","Polymerase switching on the C-strand of the telomere",2.63991023339318,10,0.0753768844221105,9.79499603461195e-18,2.12855386776684e-07,"DSCC1, PCNA, POLA1, POLD1, POLD3, POT1, PRIM1, PRIM2, RFC1, RFC2, RFC3, RFC4, RFC5",""
"R-HSA-9013026","RHOB GTPase cycle",2.06013061691775,10,0.0829040404040404,9.91408117150486e-18,3.05281099470859e-06,"ACTC1, AKAP13, CAV1, DEPDC1B, DIAPH3, ECT2, IQGAP3, MYO9B, PKN2, PTRF, RACGAP1, ROCK1, SOWAHC, VANGL1","ABR, ARHGAP26, ARHGAP32, ARHGDIG, ARHGEF2, ARHGEF25, ARHGEF3, BCR, MCF2, MCF2L, MYO9A, PCDH7, ROCK2, SLK"
"R-HSA-5693579","Homologous DNA Pairing and Strand Exchange",2.29662520304352,10,0.100251256281407,1.00099463863261e-17,2.77132122556628e-05,"ATM, ATRIP, BARD1, BLM, BRCA1, BRCA2, BRIP1, CHEK1, EXO1, RAD51, RAD51AP1, RBBP8, RFC2, RFC3, RFC4, RFC5, RHNO1, RMI1, WRN",""
"R-HSA-5663220","RHO GTPases Activate Formins",2.0079684611056,10,0.276388888888889,1.03290909707792e-17,3.61488832445973e-10,"AURKB, BIRC5, BUB1, BUB1B, CDC20, CDC42, CDCA8, CENPE, CENPF, CENPH, CENPI, CENPK, CENPL, CENPM, CENPQ, CENPU, DIAPH3, DVL3, ERCC6L, FMNL3, ITGB1, KIF18A, KIF2C, KNTC1, MAD2L1, MAPRE1, MIS12, NDC80, NDE1, NUF2, NUP107, NUP160, NUP37, NUP85, PFN1, RCC2, RHOC, SPC25, SPDL1, TUBB6, ZWINT","DYNC1I1, DYNC1LI1, EVL, FMNL1, NDEL1, PPP2R5A, PPP2R5B, RANGAP1, SCAI, TUBA4A, TUBB2A, TUBB4A"
"R-HSA-9709570","Impaired BRCA2 binding to RAD51",2.53837522441652,10,0.0956110338928686,1.11851009896704e-17,2.541233664542e-05,"ATM, ATRIP, BARD1, BLM, BRCA1, BRCA2, BRIP1, EXO1, RAD51, RBBP8, RFC2, RFC3, RFC4, RFC5, RHNO1, RMI1, WRN",""
"R-HSA-69275","G2/M Transition",1.33460965407466,10,0.235111728857051,1.61590878384296e-17,1.3697248046136e-12,"AJUBA, ALMS1, AURKA, BORA, CCNA2, CCNB1, CCNB2, CDC25A, CDC25C, CDK1, CDK2, CENPF, CEP135, CEP152, CEP192, CEP57, CETN2, CNTRL, FOXM1, HAUS1, HMMR, MAPRE1, MYBL2, NDE1, NEDD1, NINL, ODF2, PHLDA1, PLK4, PPP2R3B, PSMB8, PSMB9, PSME1, PSMF1, RBBP4, TP53, TPX2, TUBB6, WEE1","BTRC, FBXL18, MZT1, NME7, OPTN, PPP1R12B, PRKAR2B, TUBA4A, TUBB2A, TUBB4A, TUBG2, YWHAG"
"R-HSA-453274","Mitotic G2-G2/M phases",1.32099118821676,10,0.231747698271685,2.00882322964504e-17,1.6431986032675e-12,"AJUBA, ALMS1, AURKA, BORA, CCNA2, CCNB1, CCNB2, CDC25A, CDC25C, CDK1, CDK2, CENPF, CEP135, CEP152, CEP192, CEP57, CETN2, CNTRL, FOXM1, HAUS1, HMMR, MAPRE1, MYBL2, NDE1, NEDD1, NINL, ODF2, PHLDA1, PLK4, PPP2R3B, PSMB8, PSMB9, PSME1, PSMF1, RBBP4, TP53, TPX2, TUBB6, WEE1","BTRC, FBXL18, MZT1, NME7, OPTN, PPP1R12B, PRKAR2B, TUBA4A, TUBB2A, TUBB4A, TUBG2, YWHAG"
"R-HSA-68882","Mitotic Anaphase",1.54315322012986,10,0.344166666666667,2.47037530117026e-17,1.39195698921751e-13,"AURKB, BIRC5, BUB1, BUB1B, CCNB1, CCNB2, CDC20, CDCA5, CDCA8, CDK1, CENPE, CENPF, CENPH, CENPI, CENPK, CENPL, CENPM, CENPQ, CENPU, ERCC6L, ESPL1, KIF18A, KIF2C, KNTC1, LBR, LMNA, LMNB1, MAD2L1, MAPRE1, MIS12, NDC80, NDE1, NUF2, NUP107, NUP160, NUP205, NUP35, NUP37, NUP54, NUP62, NUP85, PSMB8, PSMB9, PSME1, PSMF1, PTTG1, RCC1, RCC2, SMC1A, SMC3, SPC25, SPDL1, STAG1, TMPO, TUBB6, UBE2C, UBE2I, VRK2, ZWINT","ANAPC15, DYNC1I1, DYNC1LI1, NDEL1, PPP2R5A, PPP2R5B, RANGAP1, TUBA4A, TUBB2A, TUBB4A"
"R-HSA-2555396","Mitotic Metaphase and Anaphase",1.55865145358909,10,0.347571189279732,2.78741573972668e-17,1.55794742386978e-13,"AURKB, BIRC5, BUB1, BUB1B, CCNB1, CCNB2, CDC20, CDCA5, CDCA8, CDK1, CENPE, CENPF, CENPH, CENPI, CENPK, CENPL, CENPM, CENPQ, CENPU, ERCC6L, ESPL1, FBXO5, KIF18A, KIF2C, KNTC1, LBR, LMNA, LMNB1, MAD2L1, MAPRE1, MIS12, NDC80, NDE1, NUF2, NUP107, NUP160, NUP205, NUP35, NUP37, NUP54, NUP62, NUP85, PSMB8, PSMB9, PSME1, PSMF1, PTTG1, RCC1, RCC2, SMC1A, SMC3, SPC25, SPDL1, STAG1, TMPO, TUBB6, UBE2C, UBE2I, VRK2, ZWINT","ANAPC15, DYNC1I1, DYNC1LI1, NDEL1, PPP2R5A, PPP2R5B, RANGAP1, TUBA4A, TUBB2A, TUBB4A"
"R-HSA-380287","Centrosome maturation",1.39610637342908,10,0.0551381909547739,2.90707673377077e-17,8.65300986096829e-09,"ALMS1, CDK1, CEP135, CEP152, CEP192, CEP57, CETN2, CNTRL, HAUS1, MAPRE1, NDE1, NEDD1, NINL, ODF2, PLK4","MZT1, NME7, PRKAR2B, TUBA4A, TUBB4A, TUBG2, YWHAG"
"R-HSA-380270","Recruitment of mitotic centrosome proteins and complexes",1.39610637342908,10,0.0551381909547739,2.90707673377077e-17,8.65300986096829e-09,"ALMS1, CDK1, CEP135, CEP152, CEP192, CEP57, CETN2, CNTRL, HAUS1, MAPRE1, NDE1, NEDD1, NINL, ODF2, PLK4","MZT1, NME7, PRKAR2B, TUBA4A, TUBB4A, TUBG2, YWHAG"
"R-HSA-69239","Synthesis of DNA",1.35380011968881,10,0.125606060606061,3.03114480475069e-17,3.06136136141829e-07,"CCNA2, CDK2, CDT1, GINS2, GINS3, LIG1, MCM2, MCM3, MCM4, MCM5, MCM7, MCM8, ORC2, PCNA, POLA1, POLD1, POLD3, POLE2, PRIM1, PRIM2, PSMB8, PSMB9, PSME1, PSMF1, RFC1, RFC2, RFC3, RFC4, RFC5, SKP2, UBE2C","ANAPC15"
"R-HSA-69206","G1/S Transition",1.71828476729733,10,0.35558892021081,3.90389134869153e-17,4.51027468115054e-12,"AKT2, CCNA2, CCNB1, CCND1, CDC25A, CDK1, CDK2, CDK4, CDT1, CKS1B, DBF4, DHFR, E2F5, E2F6, FBXO5, HDAC1, MCM10, MCM2, MCM3, MCM4, MCM5, MCM7, MCM8, MYC, ORC2, PCNA, POLA1, POLE2, PPP2R3B, PRIM1, PRIM2, PSMB8, PSMB9, PSME1, PSMF1, RB1, RBBP4, RBL1, RRM2, SKP2, TK1, TYMS, WEE1","CABLES1"
"R-HSA-4615885","SUMOylation of DNA replication proteins",1.96147176432185,10,0.180833333333333,6.24273265697343e-17,2.68644498312157e-16,"AURKA, AURKB, BIRC5, CDCA8, NUP107, NUP160, NUP205, NUP35, NUP37, NUP54, NUP62, NUP85, NUP88, PCNA, TOP2A, UBE2I","RANGAP1"
"R-HSA-380259","Loss of Nlp from mitotic centrosomes",1.41850380187982,10,0.0730546672757728,9.5841324064367e-17,4.12888975590107e-08,"ALMS1, CDK1, CEP135, CEP152, CEP192, CEP57, CETN2, CNTRL, HAUS1, MAPRE1, NDE1, NEDD1, NINL, ODF2, PLK4","PRKAR2B, TUBA4A, TUBB4A, YWHAG"
"R-HSA-380284","Loss of proteins required for interphase microtubule organization from the centrosome",1.41850380187982,10,0.0730546672757728,9.5841324064367e-17,4.12888975590107e-08,"ALMS1, CDK1, CEP135, CEP152, CEP192, CEP57, CETN2, CNTRL, HAUS1, MAPRE1, NDE1, NEDD1, NINL, ODF2, PLK4","PRKAR2B, TUBA4A, TUBB4A, YWHAG"
"R-HSA-69306","DNA Replication",1.33805825783196,10,0.125580808080808,1.17591580031555e-16,1.1585281766487e-06,"CCNA2, CDK2, CDT1, DBF4, GINS2, GINS3, LIG1, MCM10, MCM2, MCM3, MCM4, MCM5, MCM7, MCM8, ORC2, PCNA, POLA1, POLD1, POLD3, POLE2, PRIM1, PRIM2, PSMB8, PSMB9, PSME1, PSMF1, RFC1, RFC2, RFC3, RFC4, RFC5, SKP2, UBE2C","ANAPC15"
"R-HSA-8951664","Neddylation",1.01113701885471,10,0.0398675496688742,1.22596000073371e-16,4.49776227630915e-10,"BIRC5, BRCA1, CCDC8, CISH, COMMD4, DCAF13, DCAF16, DDB2, DTL, ERCC8, FBXL13, FBXO22, FBXO30, FBXO4, FBXW9, LRR1, OBSL1, PSMB8, PSMB9, PSME1, PSMF1, SKP2, SOCS2, SOCS3, SPSB1, SPSB2, SPSB4","ANKRD9, BTBD6, BTRC, DCAF6, DCUN1D2, FBXL15, FBXL16, FBXL18, FBXL19, FBXL20, FBXO2, FBXO31, FBXO44, FBXO9, FBXW7, KBTBD8, KLHL2, KLHL3, LMO7, WSB2, ZBTB16"
"R-HSA-5688426","Deubiquitination",0.913815080789946,10,0.206550428912238,1.85362816738625e-16,4.00869043915628e-15,"ACTL6A, ASXL1, BARD1, BRCA1, CCNA2, CDC20, CDC25A, CDK1, DDB2, FAM175A, IFIH1, MBD6, MYC, PSMB8, PSMB9, PSME1, PSMF1, RIPK2, RNF135, RUVBL1, SKP2, SMAD1, SMAD4, TGFB1, TGFBR1, TGFBR2, TNFAIP3, TNIP2, TP53, TRIM25, TRIM4, USP18, USP3","APC, ARRB1, BAP1, CYLD, OTUD3, OTUD7A, RNF128, UCHL1, USP12, USP20, USP25, VCPIP1"
"R-HSA-1474290","Collagen formation",2.33872773485567,10,0.049390243902439,2.13368994909206e-16,1.3206340477725e-10,"ADAMTS2, CD151, COL18A1, COL1A1, COL1A2, COL21A1, COL22A1, COL28A1, COL3A1, COL4A1, COL4A2, COL4A6, COL5A1, COL5A2, COL6A1, COL6A2, COL6A3, COL8A1, COL8A2, CRTAP, CTSS, LOX, LOXL1, LOXL2, LOXL3, MMP9, P3H1, P3H2, P4HA1, P4HB, PCOLCE, PCOLCE2, PLOD1, PLOD2, PLOD3, PPIB, PXDN, SERPINH1","COL23A1, COL24A1, TLL2"
"R-HSA-5617833","Cilium Assembly",1.36991678778034,10,0.0753787878787879,2.26225577272936e-16,9.13197205000975e-05,"ALMS1, ARL13B, CC2D2A, CDK1, CEP135, CEP152, CEP162, CEP192, CEP57, CETN2, CNTRL, HAUS1, IFT52, IFT74, IFT81, IFT88, MAPRE1, MKS1, NDE1, NEDD1, NINL, NPHP1, NPHP3, NPHP4, ODF2, PLK4, RP2, RPGRIP1L, SMO, TCTN1, TCTN3, TMEM216, TMEM67, TRIP11, TTC26, TTC8, TUBB6, UNC119B, WDR35","ARL6, CYS1, EXOC6, KIF3A, KIF3C, MARK4, PRKAR2B, TTBK2, TUBA4A, TUBB2A, TUBB4A, YWHAG"
"R-HSA-9701190","Defective homologous recombination repair (HRR) due to BRCA2 loss of function",2.28453770197487,10,0.0952386934673367,2.28184420240993e-16,0.000141707498475687,"ATM, ATRIP, BARD1, BLM, BRCA1, BRCA2, BRIP1, EXO1, RAD51, RAD51AP1, RBBP8, RFC2, RFC3, RFC4, RFC5, RHNO1, RMI1, WRN",""
"R-HSA-9675136","Diseases of DNA Double-Strand Break Repair",2.28453770197487,10,0.0952386934673367,2.28184420240993e-16,0.000141707498475687,"ATM, ATRIP, BARD1, BLM, BRCA1, BRCA2, BRIP1, EXO1, RAD51, RAD51AP1, RBBP8, RFC2, RFC3, RFC4, RFC5, RHNO1, RMI1, WRN",""
"R-HSA-9035034","RHOF GTPase cycle",2.05487518167051,10,0.0987804878048781,2.53223114429582e-16,2.9877505811869e-08,"ARHGAP12, CAV1, DEPDC1B, DIAPH3, LMNB1, MYO9B, SENP1, SLC4A7, SOWAHC, STEAP3, SYDE1, TMPO, VANGL1","ARHGAP32, BASP1, FAM169A, RHOF"
"R-HSA-3108214","SUMOylation of DNA damage response and repair proteins",1.85232786646611,10,0.175265957446809,2.69108532559474e-16,5.33803605081155e-13,"BLM, BRCA1, CBX2, CDKN2A, CETN2, MDC1, NSMCE4A, NUP107, NUP160, NUP205, NUP35, NUP37, NUP54, NUP62, NUP85, NUP88, PCGF2, PHC1, SMC1A, SMC3, SMC5, SP100, STAG1, TDG, UBE2I, WRN, XRCC4",""
"R-HSA-9675135","Diseases of DNA repair",1.92916517055655,10,0.103030303030303,2.73048404258357e-16,0.0001336045527081,"ATM, ATRIP, BARD1, BLM, BRCA1, BRCA2, BRIP1, EXO1, MSH6, RAD51, RAD51AP1, RBBP8, RFC2, RFC3, RFC4, RFC5, RHNO1, RMI1, WRN",""
"R-HSA-73886","Chromosome Maintenance",1.89680786000355,10,0.140681818181818,3.00862272816237e-16,9.04050890684948e-06,"BLM, CCNA2, CDK2, CENPH, CENPI, CENPK, CENPL, CENPM, CENPQ, CENPU, CENPW, DSCC1, GAR1, HJURP, LIG1, MIS18A, MIS18BP1, OIP5, PCNA, POLA1, POLD1, POLD3, POT1, PRIM1, PRIM2, RBBP4, RFC1, RFC2, RFC3, RFC4, RFC5, RUVBL1, WRAP53, WRN",""
"R-HSA-380320","Recruitment of NuMA to mitotic centrosomes",1.32436968230427,10,0.0902127659574468,3.20461273279959e-16,4.14808989924615e-08,"ALMS1, CDK1, CEP135, CEP152, CEP192, CEP57, CETN2, CNTRL, HAUS1, MAPRE1, NDE1, NEDD1, NINL, ODF2, PLK4, TUBB6","MZT1, NME7, PRKAR2B, TUBA4A, TUBB2A, TUBB4A, TUBG2, YWHAG"
"R-HSA-3247509","Chromatin modifying enzymes",0.934526202023991,10,0.098231054261205,5.48161090543316e-16,1.38042812245833e-12,"ACTL6A, CCND1, CDK4, DNMT3A, EHMT1, ELP2, EZH2, HAT1, HDAC1, HMG20B, JADE3, KDM5A, KDM6A, KDM6B, MECOM, MINA, PAX3, PRMT3, PRMT5, RBBP4, RELA, REST, RUVBL1, SAP30, SETDB1, SMARCC1, SMARCE1, SUV39H2, YEATS4","ACTL6B, ATXN7L3, BRPF3, CHD3, JADE2, KDM5D, MTA3, PADI2"
"R-HSA-4839726","Chromatin organization",0.934526202023991,10,0.098231054261205,5.48161090543316e-16,1.38042812245833e-12,"ACTL6A, CCND1, CDK4, DNMT3A, EHMT1, ELP2, EZH2, HAT1, HDAC1, HMG20B, JADE3, KDM5A, KDM6A, KDM6B, MECOM, MINA, PAX3, PRMT3, PRMT5, RBBP4, RELA, REST, RUVBL1, SAP30, SETDB1, SMARCC1, SMARCE1, SUV39H2, YEATS4","ACTL6B, ATXN7L3, BRPF3, CHD3, JADE2, KDM5D, MTA3, PADI2"
"R-HSA-9615933","Postmitotic nuclear pore complex (NPC) reformation",2.14785595912167,10,0.110819247753921,5.67502933314156e-16,2.81105011981828e-10,"NUP107, NUP160, NUP205, NUP35, NUP37, NUP54, NUP62, NUP85, RCC1, UBE2I","RANGAP1"
"R-HSA-2980766","Nuclear Envelope Breakdown",1.79179427605872,10,0.200959595959596,7.02897778633505e-16,6.60643092987915e-09,"CCNB1, CCNB2, CDK1, LMNA, LMNB1, NUP107, NUP160, NUP205, NUP35, NUP37, NUP54, NUP62, NUP85, NUP88, TMPO, VRK2","PRKCA, PRKCB"
"R-HSA-73893","DNA Damage Bypass",1.72825547194316,10,0.097979797979798,1.29728524590502e-15,3.27247497878379e-07,"DTL, MAD2L2, PCNA, POLD1, POLD3, POLE2, POLI, RAD18, REV3L, RFC1, RFC2, RFC3, RFC4, RFC5, SPRTN, TRIM25",""
"R-HSA-9648025","EML4 and NUDC in mitotic spindle formation",1.99443767632726,10,0.213027638190955,1.72837637633757e-15,6.19493210447074e-08,"AURKB, BIRC5, BUB1, BUB1B, CDC20, CDCA8, CENPE, CENPF, CENPH, CENPI, CENPK, CENPL, CENPM, CENPQ, CENPU, EML4, ERCC6L, KIF18A, KIF2C, KNTC1, MAD2L1, MAPRE1, MIS12, NDC80, NDE1, NUF2, NUP107, NUP160, NUP37, NUP85, RCC2, SPC25, SPDL1, TUBB6, ZWINT","DYNC1I1, DYNC1LI1, NDEL1, PPP2R5A, PPP2R5B, RANGAP1, TUBA4A, TUBB2A, TUBB4A"
"R-HSA-73933","Resolution of Abasic Sites (AP sites)",1.78372313067107,10,0.0802010050251256,3.28464659270331e-15,1.4928419937419e-05,"APEX1, LIG1, PCNA, POLD1, POLD3, POLE2, RFC1, RFC2, RFC3, RFC4, RFC5, TDG, UNG",""
"R-HSA-212676","Dopamine Neurotransmitter Release Cycle",3.69218214460584,10,0.0201512613572915,3.39619498717841e-15,1.57858016919902e-08,"","APBA1, CPLX1, LIN7A, LIN7B, PPFIA2, PPFIA3, PPFIA4, RAB3A, RIMS1, SNAP25, STX1A, STXBP1, SYN1, SYN2, SYT1, VAMP2"
"R-HSA-2467813","Separation of Sister Chromatids",1.51750692764031,10,0.182952261306533,4.00540248843823e-15,6.96143578904685e-08,"AURKB, BIRC5, BUB1, BUB1B, CDC20, CDCA5, CDCA8, CENPE, CENPF, CENPH, CENPI, CENPK, CENPL, CENPM, CENPQ, CENPU, ERCC6L, ESPL1, KIF18A, KIF2C, KNTC1, MAD2L1, MAPRE1, MIS12, NDC80, NDE1, NUF2, NUP107, NUP160, NUP37, NUP85, PSMB8, PSMB9, PSME1, PSMF1, PTTG1, RCC2, SMC1A, SMC3, SPC25, SPDL1, STAG1, TUBB6, UBE2C, ZWINT","ANAPC15, DYNC1I1, DYNC1LI1, NDEL1, PPP2R5A, PPP2R5B, RANGAP1, TUBA4A, TUBB2A, TUBB4A"
"R-HSA-3000157","Laminin interactions",2.53837522441652,10,0.02,4.77602884176368e-15,5.96101911839949e-05,"COL18A1, COL4A1, COL4A2, COL4A6, HSPG2, ITGA1, ITGA2, ITGB1, LAMA1, LAMA2, LAMA4, LAMB2, LAMC1, NID1, NID2",""
"R-HSA-181429","Serotonin Neurotransmitter Release Cycle",3.88222093146056,10,0.0200502512562814,6.22056453002521e-15,1.15471147821313e-07,"","CPLX1, PPFIA2, PPFIA3, PPFIA4, RAB3A, RIMS1, SNAP25, STX1A, STXBP1, SYN1, SYN2, SYT1, VAMP2"
"R-HSA-9013408","RHOG GTPase cycle",1.62173972671055,10,0.110154430690036,7.69312341917641e-15,1.59757452238872e-08,"ARFGAP3, CAV1, CDC42, DEPDC1B, DIAPH3, DSG2, IQGAP2, ITGB1, LBR, PAK2, SHMT2, TMPO, VANGL1, VRK2","ARHGAP32, ARHGDIG, DOCK3, DOCK4, DOCK5, KALRN, MCF2, MCF2L, MPP7"
"R-HSA-112310","Neurotransmitter release cycle",3.00460740849302,10,0.0200502512562814,8.16209572540714e-15,2.42153667312694e-08,"GLS","ABAT, APBA1, CPLX1, DNAJC5, GAD1, GAD2, GLS2, LIN7A, LIN7B, MAOA, PPFIA2, PPFIA3, PPFIA4, RAB3A, RIMS1, SLC17A7, SLC1A1, SLC1A2, SLC1A6, SLC32A1, SLC6A1, SNAP25, STX1A, STXBP1, SYN1, SYN2, SYT1, VAMP2"
"R-HSA-1852241","Organelle biogenesis and maintenance",1.27887606726328,10,0.0526915496427692,8.64460721608116e-15,0.000308586095308045,"ALMS1, ARL13B, CC2D2A, CDK1, CEP135, CEP152, CEP162, CEP192, CEP57, CETN2, CNTRL, GABPA, GABPB1, HAUS1, IFT52, IFT74, IFT81, IFT88, MAPRE1, MED1, MKS1, NDE1, NEDD1, NINL, NPHP1, NPHP3, NPHP4, ODF2, PLK4, POLG2, RP2, RPGRIP1L, SMO, SSBP1, TCTN1, TCTN3, TMEM216, TMEM67, TRIP11, TTC26, TTC8, TUBB6, UNC119B, WDR35","ARL6, CAMK4, CHCHD6, CYS1, EXOC6, GLUD1, KIF3A, KIF3C, MAPK11, MAPK12, MARK4, MEF2C, MEF2D, NR1D1, PPARGC1B, PRKAA2, PRKAR2B, TTBK2, TUBA4A, TUBB2A, TUBB4A, YWHAG"
"R-HSA-9013405","RHOD GTPase cycle",1.85496651015053,10,0.098123596706939,1.32217104187844e-14,4.97984140490636e-07,"ARHGAP12, ARHGAP17, CAV1, DBN1, DEPDC1B, DIAPH3, LBR, LMNB1, RACGAP1, SLC4A7, STEAP3, TMPO, VANGL1, VRK2","ARHGAP26, ARHGAP32, CPNE8, EFHD2, PAK6"
"R-HSA-2559583","Cellular Senescence",1.49994899624612,10,0.162914572864322,1.43955335957722e-14,3.81953301957064e-09,"ATM, CBX2, CCNA2, CDK2, CDK4, CDK6, CDKN2A, CDKN2B, CDKN2C, CXCL8, EHMT1, ETS1, EZH2, HMGA2, IGFBP7, KDM6B, LMNB1, MAPK7, MAPKAPK3, MOV10, PHC1, POT1, RB1, RBBP4, RELA, TP53, UBE2C","ANAPC15, CBX6, CDKN2D, ETS2, MAP2K4, MAP3K5, MAPK10, MAPK11, MAPK8, MAPK9, MINK1, RPS6KA2"
"R-HSA-165054","Rev-mediated nuclear export of HIV RNA",1.64247808638716,10,0.0929292929292929,2.02960711452133e-14,4.48243633770206e-09,"NUP107, NUP160, NUP205, NUP35, NUP37, NUP54, NUP62, NUP85, NUP88, RCC1","RANGAP1"
"R-HSA-5651801","PCNA-Dependent Long Patch Base Excision Repair",2.65925023510302,10,0.115530303030303,2.21352376379698e-14,1.60986034760567e-06,"APEX1, LIG1, PCNA, POLD1, POLD3, POLE2, RFC1, RFC2, RFC3, RFC4, RFC5",""
"R-HSA-177243","Interactions of Rev with host cellular proteins",1.55122930381009,10,0.0881427338713771,4.22526896825975e-14,7.94268959212321e-09,"NUP107, NUP160, NUP205, NUP35, NUP37, NUP54, NUP62, NUP85, NUP88, RCC1","RANGAP1"
"R-HSA-8856828","Clathrin-mediated endocytosis",1.38456830422719,10,0.0222961320522296,4.79133555830078e-14,1.6438323687396e-05,"BTC, DNM2, FNBP1L, HIP1, NECAP2, SNX18, STON1, TRIP10, VAMP8, WNT5A","AMPH, ARRB1, BIN1, CLTB, DNAJC6, DNM1, DNM3, EPS15L1, FCHO1, KIAA0319, NECAP1, PACSIN1, PIP5K1C, REPS2, SGIP1, SH3GL2, SH3GL3, SH3KBP1, SLC2A8, SNAP91, SYNJ1, SYNJ2, SYT1, SYT2, SYT9, TACR1, TF, VAMP2, VAMP4"
"R-HSA-73884","Base Excision Repair",1.57943347297028,10,0.0651507537688442,4.89809820592289e-14,7.68635056454716e-05,"APEX1, LIG1, PCNA, POLD1, POLD3, POLE2, POT1, RFC1, RFC2, RFC3, RFC4, RFC5, TDG, UNG",""
"R-HSA-1538133","G0 and Early G1",2.25633353281468,10,0.245014968459318,8.68256695235365e-14,1.7227676833575e-06,"CCNA2, CDC25A, CDK1, CDK2, E2F5, HDAC1, MYBL2, MYC, PCNA, RBBP4, RBL1, TOP2A",""
"R-HSA-75035","Chk1/Chk2(Cds1) mediated inactivation of Cyclin B:Cdk1 complex",3.51467338765364,10,0.176092715231788,9.66913120615966e-14,5.16190134589351e-08,"CCNB1, CDC25C, CDK1, CHEK1, CHEK2, SFN, WEE1","YWHAG, YWHAH"
"R-HSA-4551638","SUMOylation of chromatin organization proteins",1.47687285784234,10,0.0728535353535354,1.13503568899142e-13,4.33878219124369e-13,"CBX2, HDAC1, NUP107, NUP160, NUP205, NUP35, NUP37, NUP54, NUP62, NUP85, NUP88, PCGF2, PHC1, UBE2I","CHD3, SATB1"
"R-HSA-110373","Resolution of AP sites via the multiple-nucleotide patch replacement pathway",2.32684395571514,10,0.100743617075275,1.21235363318026e-13,6.68602594852917e-06,"APEX1, LIG1, PCNA, POLD1, POLD3, POLE2, RFC1, RFC2, RFC3, RFC4, RFC5",""
"R-HSA-1500620","Meiosis",1.86147516457211,10,0.156159585807827,2.46625500873586e-13,1.52969177675322e-09,"ATM, BLM, BRCA1, BRCA2, CDK2, CDK4, DIDO1, LMNA, LMNB1, MND1, POT1, PSMC3IP, RAD51, RBBP8, REC8, SMC1A, SMC3, STAG1, SYNE2, UBE2I","SYCE1, SYNE1"
"R-HSA-141444","Amplification  of signal from unattached  kinetochores via a MAD2  inhibitory signal",2.17575019235701,10,0.139500694964183,3.26573282315236e-13,3.63167903730533e-08,"AURKB, BIRC5, BUB1, BUB1B, CDC20, CDCA8, CENPE, CENPF, CENPH, CENPI, CENPK, CENPL, CENPM, CENPQ, CENPU, ERCC6L, KIF18A, KIF2C, KNTC1, MAD2L1, MAPRE1, MIS12, NDC80, NDE1, NUF2, NUP107, NUP160, NUP37, NUP85, RCC2, SPC25, SPDL1, ZWINT","DYNC1I1, DYNC1LI1, NDEL1, PPP2R5A, PPP2R5B, RANGAP1"
"R-HSA-141424","Amplification of signal from the kinetochores",2.17575019235701,10,0.139500694964183,3.26573282315236e-13,3.63167903730533e-08,"AURKB, BIRC5, BUB1, BUB1B, CDC20, CDCA8, CENPE, CENPF, CENPH, CENPI, CENPK, CENPL, CENPM, CENPQ, CENPU, ERCC6L, KIF18A, KIF2C, KNTC1, MAD2L1, MAPRE1, MIS12, NDC80, NDE1, NUF2, NUP107, NUP160, NUP37, NUP85, RCC2, SPC25, SPDL1, ZWINT","DYNC1I1, DYNC1LI1, NDEL1, PPP2R5A, PPP2R5B, RANGAP1"
"R-HSA-110313","Translesion synthesis by Y family DNA polymerases bypasses lesions on DNA template",1.87038174430691,10,0.098231054261205,3.85106327150276e-13,8.99256136344484e-07,"MAD2L2, PCNA, POLD1, POLD3, POLE2, POLI, REV3L, RFC1, RFC2, RFC3, RFC4, RFC5, SPRTN, TRIM25",""
"R-HSA-68875","Mitotic Prophase",1.56689828667686,10,0.203459595959596,4.86585765384015e-13,4.48685992383757e-09,"CCNB1, CCNB2, CDK1, LMNA, LMNB1, MASTL, MCPH1, NCAPD3, NCAPG2, NUP107, NUP160, NUP205, NUP35, NUP37, NUP54, NUP62, NUP85, NUP88, RB1, SMC2, SMC4, TMPO, VRK2","PRKCA, PRKCB"
"R-HSA-9704331","Defective HDR through Homologous Recombination Repair (HRR) due to PALB2 loss of BRCA1 binding function",2.53837522441652,10,0.0680041622252678,5.0346827651877e-13,0.000357061683823698,"ATM, BARD1, BLM, BRCA1, BRCA2, BRIP1, EXO1, RAD51, RAD51AP1, RBBP8, RMI1, WRN",""
"R-HSA-9704646","Defective HDR through Homologous Recombination Repair (HRR) due to PALB2 loss of BRCA2/RAD51/RAD51C binding function",2.53837522441652,10,0.0680041622252678,5.0346827651877e-13,0.000357061683823698,"ATM, BARD1, BLM, BRCA1, BRCA2, BRIP1, EXO1, RAD51, RAD51AP1, RBBP8, RMI1, WRN",""
"R-HSA-9701192","Defective homologous recombination repair (HRR) due to BRCA1 loss of function",2.53837522441652,10,0.0680041622252678,5.0346827651877e-13,0.000357061683823698,"ATM, BARD1, BLM, BRCA1, BRCA2, BRIP1, EXO1, RAD51, RAD51AP1, RBBP8, RMI1, WRN",""
"R-HSA-9701193","Defective homologous recombination repair (HRR) due to PALB2 loss of function",2.53837522441652,10,0.0680041622252678,5.0346827651877e-13,0.000357061683823698,"ATM, BARD1, BLM, BRCA1, BRCA2, BRIP1, EXO1, RAD51, RAD51AP1, RBBP8, RMI1, WRN",""
"R-HSA-9709603","Impaired BRCA2 binding to PALB2",2.53837522441652,10,0.0680041622252678,5.0346827651877e-13,0.000357061683823698,"ATM, BARD1, BLM, BRCA1, BRCA2, BRIP1, EXO1, RAD51, RAD51AP1, RBBP8, RMI1, WRN",""
"R-HSA-210500","Glutamate Neurotransmitter Release Cycle",3.75238076652876,10,0.0179787234042553,6.39941285233204e-13,0.0025308372173345,"GLS","CPLX1, GLS2, PPFIA2, PPFIA3, PPFIA4, RAB3A, RIMS1, SLC17A7, SLC1A1, SLC1A2, SLC1A6, SNAP25, STX1A, STXBP1, SYT1, VAMP2"
"R-HSA-4420097","VEGFA-VEGFR2 Pathway",1.89737137986689,10,0.10459308738816,1.08281854163947e-12,2.40161386869228e-06,"AKT2, CAV1, CDC42, CTNNA1, CYBA, HSBP1, KDR, MAPKAPK3, NCF2, NCKAP1L, PAK2, PXN, ROCK1, SHB, SPHK1, TRIB3, VEGFA, WASF2","AHCYL1, BAIAP2, CYFIP2, ELMO1, ITPR1, MAPK11, MAPK12, PAK1, PAK3, PIK3CB, PRKACB, PRKCA, PRKCB, PRKCZ, PTK2B, ROCK2, SHC2, WASF1, WASF3"
"R-HSA-975871","MyD88 cascade initiated on plasma membrane",1.67480427177997,10,0.0495158720431425,1.18354663107224e-12,0.000196333110078651,"ATF1, CASP8, IKBIP, IKBKB, IRAK4, MAP3K1, MAP3K8, MAPK7, MAPKAPK3, MYD88, NLRC5, RELA, RIPK2, TIFA, TLR5, TNIP2, TP53, USP18","BTRC, DUSP3, DUSP7, MAP2K1, MAP2K4, MAPK10, MAPK11, MAPK8, MAPK9, MEF2A, MEF2C, NKIRAS1, PELI3, RPS6KA2"
"R-HSA-168142","Toll Like Receptor 10 (TLR10) Cascade",1.67480427177997,10,0.0495158720431425,1.18354663107224e-12,0.000196333110078651,"ATF1, CASP8, IKBIP, IKBKB, IRAK4, MAP3K1, MAP3K8, MAPK7, MAPKAPK3, MYD88, NLRC5, RELA, RIPK2, TIFA, TLR5, TNIP2, TP53, USP18","BTRC, DUSP3, DUSP7, MAP2K1, MAP2K4, MAPK10, MAPK11, MAPK8, MAPK9, MEF2A, MEF2C, NKIRAS1, PELI3, RPS6KA2"
"R-HSA-168176","Toll Like Receptor 5 (TLR5) Cascade",1.67480427177997,10,0.0495158720431425,1.18354663107224e-12,0.000196333110078651,"ATF1, CASP8, IKBIP, IKBKB, IRAK4, MAP3K1, MAP3K8, MAPK7, MAPKAPK3, MYD88, NLRC5, RELA, RIPK2, TIFA, TLR5, TNIP2, TP53, USP18","BTRC, DUSP3, DUSP7, MAP2K1, MAP2K4, MAPK10, MAPK11, MAPK8, MAPK9, MEF2A, MEF2C, NKIRAS1, PELI3, RPS6KA2"
"R-HSA-5693554","Resolution of D-loop Structures through Synthesis-Dependent Strand Annealing (SDSA)",2.34311559176909,10,0.0651633165829146,1.19501367314044e-12,0.000599324669748384,"ATM, BARD1, BLM, BRCA1, BRCA2, BRIP1, EXO1, RAD51, RAD51AP1, RBBP8, RMI1, WRN",""
"R-HSA-1650814","Collagen biosynthesis and modifying enzymes",2.53837522441652,10,0.0451130653266332,1.34661469633674e-12,2.28539468068782e-09,"ADAMTS2, COL18A1, COL1A1, COL1A2, COL21A1, COL22A1, COL28A1, COL3A1, COL4A1, COL4A2, COL4A6, COL5A1, COL5A2, COL6A1, COL6A2, COL6A3, COL8A1, COL8A2, CRTAP, P3H1, P3H2, P4HA1, P4HB, PCOLCE, PCOLCE2, PLOD1, PLOD2, PLOD3, PPIB, SERPINH1","COL23A1, COL24A1, TLL2"
"R-HSA-180746","Nuclear import of Rev protein",1.5384092269191,10,0.0652525252525253,1.37468173811418e-12,1.65802440586421e-07,"NUP107, NUP160, NUP205, NUP35, NUP37, NUP54, NUP62, NUP85, NUP88, RCC1",""
"R-HSA-4085377","SUMOylation of SUMOylation proteins",1.5384092269191,10,0.0627525252525253,1.37468173811418e-12,1.65802440586421e-07,"NUP107, NUP160, NUP205, NUP35, NUP37, NUP54, NUP62, NUP85, NUP88, UBE2I",""
"R-HSA-174143","APC/C-mediated degradation of cell cycle proteins",1.16706906869725,10,0.0803787878787879,1.64213129151936e-12,1.04639859319502e-07,"AURKA, AURKB, BUB1B, CCNA2, CCNB1, CDC20, CDK1, CDK2, FBXO5, MAD2L1, PSMB8, PSMB9, PSME1, PSMF1, PTTG1, RB1, SKP2, UBE2C","ANAPC15, BTRC"
"R-HSA-453276","Regulation of mitotic cell cycle",1.16706906869725,10,0.0803787878787879,1.64213129151936e-12,1.04639859319502e-07,"AURKA, AURKB, BUB1B, CCNA2, CCNB1, CDC20, CDK1, CDK2, FBXO5, MAD2L1, PSMB8, PSMB9, PSME1, PSMF1, PTTG1, RB1, SKP2, UBE2C","ANAPC15, BTRC"
"R-HSA-110314","Recognition of DNA damage by PCNA-containing replication complex",1.86147516457211,10,0.0755672300898431,1.80193695008125e-12,8.05485999349956e-05,"DTL, PCNA, POLD1, POLD3, POLE2, RAD18, RFC1, RFC2, RFC3, RFC4, RFC5",""
"R-HSA-975138","TRAF6 mediated induction of NFkB and MAP kinases upon TLR7/8 or 9 activation",1.5927060231633,10,0.0426130653266332,2.3303611369919e-12,0.000290570982895347,"ATF1, CASP8, IKBIP, IKBKB, IRAK4, LY96, MAP3K1, MAP3K8, MAPK7, MAPKAPK3, MYD88, NLRC5, RELA, RIPK2, TIFA, TNIP2, TP53, USP18","BTRC, DUSP3, DUSP7, MAP2K1, MAP2K4, MAPK10, MAPK11, MAPK8, MAPK9, MEF2A, MEF2C, NKIRAS1, PELI3, RPS6KA2"
"R-HSA-176187","Activation of ATR in response to replication stress",2.46977048862148,10,0.195934343434343,2.57369610545391e-12,3.84535909231185e-07,"ATRIP, CDC25A, CDC25C, CDK2, CHEK1, DBF4, MCM10, MCM2, MCM3, MCM4, MCM5, MCM7, MCM8, ORC2, RFC2, RFC3, RFC4, RFC5",""
"R-HSA-5656169","Termination of translesion DNA synthesis",1.80142757861817,10,0.0957184914471347,2.64663486287582e-12,3.97883930983622e-06,"PCNA, POLD1, POLD3, POLE2, POLI, RFC1, RFC2, RFC3, RFC4, RFC5, TRIM25",""
"R-HSA-975155","MyD88 dependent cascade initiated on endosome",1.57724285788987,10,0.0426130653266332,2.65687247978561e-12,0.000313471261949849,"ATF1, CASP8, IKBIP, IKBKB, IRAK4, LY96, MAP3K1, MAP3K8, MAPK7, MAPKAPK3, MYD88, NLRC5, RELA, RIPK2, TIFA, TNIP2, TP53, USP18","BTRC, DUSP3, DUSP7, MAP2K1, MAP2K4, MAPK10, MAPK11, MAPK8, MAPK9, MEF2A, MEF2C, NKIRAS1, PELI3, RPS6KA2"
"R-HSA-168181","Toll Like Receptor 7/8 (TLR7/8) Cascade",1.61089196934125,10,0.0426130653266332,3.02493041676481e-12,0.000337902785517268,"ATF1, CASP8, IKBIP, IKBKB, IRAK4, LY96, MAP3K1, MAP3K8, MAPK7, MAPKAPK3, MYD88, NLRC5, RELA, RIPK2, TIFA, TLR8, TNIP2, TP53, USP18","BTRC, DUSP3, DUSP7, MAP2K1, MAP2K4, MAPK10, MAPK11, MAPK8, MAPK9, MEF2A, MEF2C, NKIRAS1, PELI3, RPS6KA2"
"R-HSA-114608","Platelet degranulation",1.7057881508079,10,0.0310328236929327,3.32758951447164e-12,1.07247327536259e-08,"A2M, ABCC4, ANXA5, CD109, CD36, CD63, CD9, FLNA, FN1, LGALS3BP, LHFPL2, MAGED2, MMRN1, PFN1, PLEK, PPBP, PROS1, QSOX1, SERPINA1, SERPINA3, SERPINE1, SERPING1, SPARC, SYTL4, TAGLN2, TGFB1, TIMP1, TLN1, VEGFA, VEGFC","ACTN2, BRPF3, CDC37L1, F8, HABP4, IGF1, PCDH7, PCYOX1L, RAB27B, SCG3, TF, TUBA4A"
"R-HSA-168138","Toll Like Receptor 9 (TLR9) Cascade",1.51828050806222,10,0.0426130653266332,4.42846982218961e-12,0.000421244156316545,"ATF1, CASP8, IKBIP, IKBKB, IRAK4, LY96, MAP3K1, MAP3K8, MAPK7, MAPKAPK3, MYD88, NLRC5, RELA, RIPK2, TIFA, TNIP2, TP53, USP18","BTRC, DUSP3, DUSP7, MAP2K1, MAP2K4, MAPK10, MAPK11, MAPK8, MAPK9, MEF2A, MEF2C, NKIRAS1, PELI3, RPS6KA2"
"R-HSA-3232142","SUMOylation of ubiquitinylation proteins",1.37209471590082,10,0.0553905893101873,5.08399343018315e-12,4.49431975854975e-07,"NUP107, NUP160, NUP205, NUP35, NUP37, NUP54, NUP62, NUP85, NUP88, UBE2I",""
"R-HSA-69618","Mitotic Spindle Checkpoint",1.92728489261254,10,0.126170212765957,5.14971872373471e-12,1.95525230511819e-07,"AURKB, BIRC5, BUB1, BUB1B, CDC20, CDCA8, CENPE, CENPF, CENPH, CENPI, CENPK, CENPL, CENPM, CENPQ, CENPU, ERCC6L, KIF18A, KIF2C, KNTC1, MAD2L1, MAPRE1, MIS12, NDC80, NDE1, NUF2, NUP107, NUP160, NUP37, NUP85, RCC2, SPC25, SPDL1, UBE2C, ZWINT","ANAPC15, DYNC1I1, DYNC1LI1, NDEL1, PPP2R5A, PPP2R5B, RANGAP1"
"R-HSA-194138","Signaling by VEGF",1.89785063507777,10,0.108306684939851,6.18282002531795e-12,5.17096395585997e-06,"AKT2, CAV1, CDC42, CTNNA1, CYBA, HSBP1, KDR, MAPKAPK3, NCF2, NCKAP1L, NRP1, PAK2, PXN, ROCK1, SHB, SPHK1, TRIB3, VEGFA, VEGFC, WASF2","AHCYL1, BAIAP2, CYFIP2, ELMO1, FLT1, ITPR1, MAPK11, MAPK12, PAK1, PAK3, PIK3CB, PRKACB, PRKCA, PRKCB, PRKCZ, PTK2B, ROCK2, SHC2, WASF1, WASF3"
"R-HSA-76005","Response to elevated platelet cytosolic Ca2+",1.75733669382682,10,0.0471175166297118,7.02211010658053e-12,1.97417532801583e-08,"A2M, ABCC4, ANXA5, CD109, CD36, CD63, CD9, FLNA, FN1, LGALS3BP, LHFPL2, MAGED2, MMRN1, PFN1, PLEK, PPBP, PROS1, QSOX1, SERPINA1, SERPINA3, SERPINE1, SERPING1, SPARC, SYTL4, TAGLN2, TGFB1, TIMP1, TLN1, VEGFA, VEGFC","ACTN2, BRPF3, CDC37L1, F8, HABP4, IGF1, PCDH7, PCYOX1L, PRKCA, PRKCB, PRKCG, RAB27B, SCG3, TF, TUBA4A"
"R-HSA-195721","Signaling by WNT",1.18457510472771,10,0.0365853658536585,7.06803314930092e-12,1.66625277417018e-10,"AKT2, CAV1, CCDC88C, DVL3, FZD1, FZD2, FZD6, GNG12, GNG5, HDAC1, LEF1, LRP5, LRP6, MOV10, MYC, NFATC1, PFN1, PSMB8, PSMB9, PSME1, PSMF1, PYGO1, RAC2, ROR1, ROR2, RUNX3, RUVBL1, RYK, SCRIB, SFRP2, SOX3, SOX4, TCF7L1, VANGL2, WLS, WNT5A","APC, BTRC, CAMK2A, CLTB, GNB5, GNG13, GNG3, GNG7, HECW1, ITPR1, NLK, PARD6A, PIP5K1B, PLCB1, PORCN, PPP2R5A, PPP2R5B, PPP3CA, PPP3CB, PPP3R1, PRICKLE1, PRKCA, PRKCB, PRKCG, SMURF1, WIF1, WNT10B"
"R-HSA-72312","rRNA processing",0.637782719702643,10,0.0477525252525253,7.55224609962263e-12,7.55607730978184e-05,"DCAF13, ERI1, EXOSC8, FBL, FCF1, FTSJ3, GAR1, HEATR1, HSD17B10, LAS1L, NIP7, NOB1, NOL12, NOP2, RBM28, RPL22L1, RPLP0, RPP38, RPS27L, RRP36, TSR1, UTP15, XRN2","RPP25, RPS4Y1"
"R-HSA-166058","MyD88:MAL(TIRAP) cascade initiated on plasma membrane",1.60318435226306,10,0.0401005025125628,1.03166605992429e-11,0.000686816156631991,"ATF1, CASP8, CD36, IKBIP, IKBKB, IRAK4, LY96, MAP3K1, MAP3K8, MAPK7, MAPKAPK3, MYD88, NLRC5, RELA, RIPK2, TIFA, TLR1, TNIP2, TP53, USP18","BTRC, DUSP3, DUSP7, MAP2K1, MAP2K4, MAPK10, MAPK11, MAPK8, MAPK9, MEF2A, MEF2C, NKIRAS1, PELI3, RPS6KA2, S100A1, SIGIRR"
"R-HSA-168188","Toll Like Receptor TLR6:TLR2 Cascade",1.60318435226306,10,0.0401005025125628,1.03166605992429e-11,0.000686816156631991,"ATF1, CASP8, CD36, IKBIP, IKBKB, IRAK4, LY96, MAP3K1, MAP3K8, MAPK7, MAPKAPK3, MYD88, NLRC5, RELA, RIPK2, TIFA, TLR1, TNIP2, TP53, USP18","BTRC, DUSP3, DUSP7, MAP2K1, MAP2K4, MAPK10, MAPK11, MAPK8, MAPK9, MEF2A, MEF2C, NKIRAS1, PELI3, RPS6KA2, S100A1, SIGIRR"
"R-HSA-5693568","Resolution of D-loop Structures through Holliday Junction Intermediates",2.15377291768674,10,0.0451130653266332,1.44045339535537e-11,0.00269869962239722,"ATM, BARD1, BLM, BRCA1, BRCA2, BRIP1, EXO1, GEN1, RAD51, RAD51AP1, RBBP8, RMI1, WRN","EME2"
"R-HSA-181438","Toll Like Receptor 2 (TLR2) Cascade",1.5620770611794,10,0.0375879396984925,1.45702517770916e-11,0.000838390341927202,"ATF1, CASP8, CD36, IKBIP, IKBKB, IRAK4, LY96, MAP3K1, MAP3K8, MAPK7, MAPKAPK3, MYD88, NLRC5, RELA, RIPK2, TIFA, TLR1, TNIP2, TP53, USP18","BTRC, DUSP3, DUSP7, MAP2K1, MAP2K4, MAPK10, MAPK11, MAPK8, MAPK9, MEF2A, MEF2C, NKIRAS1, PELI3, RPS6KA2, S100A1, SIGIRR"
"R-HSA-168179","Toll Like Receptor TLR1:TLR2 Cascade",1.5620770611794,10,0.0375879396984925,1.45702517770916e-11,0.000838390341927202,"ATF1, CASP8, CD36, IKBIP, IKBKB, IRAK4, LY96, MAP3K1, MAP3K8, MAPK7, MAPKAPK3, MYD88, NLRC5, RELA, RIPK2, TIFA, TLR1, TNIP2, TP53, USP18","BTRC, DUSP3, DUSP7, MAP2K1, MAP2K4, MAPK10, MAPK11, MAPK8, MAPK9, MEF2A, MEF2C, NKIRAS1, PELI3, RPS6KA2, S100A1, SIGIRR"
"R-HSA-5693537","Resolution of D-Loop Structures",2.09042665540184,10,0.0451130653266332,1.95238834644966e-11,0.00324620496608797,"ATM, BARD1, BLM, BRCA1, BRCA2, BRIP1, EXO1, GEN1, RAD51, RAD51AP1, RBBP8, RMI1, WRN","EME2"
"R-HSA-4570464","SUMOylation of RNA binding proteins",1.57943347297028,10,0.0735365853658537,1.95743274229553e-11,6.0516450661855e-11,"CBX2, HNRNPC, NUP107, NUP160, NUP205, NUP35, NUP37, NUP54, NUP62, NUP85, NUP88, PCGF2, PHC1, UBE2I",""
"R-HSA-5696397","Gap-filling DNA repair synthesis and ligation in GG-NER",2.03070017953321,10,0.080605045429166,2.24412330632692e-11,2.30362427945851e-05,"LIG1, PCNA, POLD1, POLD3, POLE2, RFC1, RFC2, RFC3, RFC4, RFC5",""
"R-HSA-1489509","DAG and IP3 signaling",3.04605026929982,10,0.0334574468085106,2.94566629482052e-11,2.34746453159507e-09,"PRKX","ADCY1, ADCY2, ADCY5, ADCY8, ADCY9, AHCYL1, CAMK2A, CAMK2B, CAMK2G, CAMK4, CAMKK1, CAMKK2, ITPR1, NBEA, PDE1A, PDE1B, PDE1C, PRKACB, PRKAR1B, PRKAR2B, PRKCA, PRKCE, PRKCG"
"R-HSA-8868773","rRNA processing in the nucleus and cytosol",0.634593806104129,10,0.0493230174081238,3.9960608205964e-11,0.000195412835207799,"DCAF13, ERI1, EXOSC8, FBL, FCF1, FTSJ3, GAR1, HEATR1, LAS1L, NIP7, NOB1, NOL12, NOP2, RBM28, RPL22L1, RPLP0, RPP38, RPS27L, RRP36, TSR1, UTP15, XRN2","RPP25, RPS4Y1"
"R-HSA-216083","Integrin cell surface interactions",2.09042665540184,10,0.0247579360215713,4.36807059397256e-11,0.00996784102324653,"CD44, CDH1, COL18A1, COL1A1, COL1A2, COL3A1, COL4A1, COL4A2, COL4A6, COL5A1, COL5A2, COL6A1, COL6A2, COL6A3, COL8A1, COL8A2, FBN1, FN1, HSPG2, IBSP, ICAM1, ITGA1, ITGA2, ITGA4, ITGA5, ITGB1, ITGB2, ITGB8, KDR, LUM, TNC, VCAM1","COL23A1, ICAM2, ICAM5"
"R-HSA-9705683","SARS-CoV-2-host interactions",0.989966337522442,10,0.0772340425531915,4.40545412178908e-11,1.12609165503405e-05,"AKT2, CAV1, DDX20, GEMIN6, HLA-A, HLA-B, HLA-F, HLA-G, IFIH1, IKBKB, IL17RA, MASP1, NUP107, NUP160, NUP205, NUP35, NUP37, NUP54, NUP62, NUP85, NUP88, RIPK2, RNF135, RPS27L, SEC24D, SFN, SNRPB, SNRPD1, SNRPE, SNRPF, SNRPG, TLR1, TLR8, TRIM25, TRIM4","GJA1, RPS4Y1, YWHAG, YWHAH"
"R-HSA-5619107","Defective TPR may confer susceptibility towards thyroid papillary carcinoma (TPC)",1.69225014961101,10,0.0602777777777778,4.44709924002484e-11,3.42127026098154e-06,"NUP107, NUP160, NUP205, NUP35, NUP37, NUP54, NUP62, NUP85, NUP88","GCK"
"R-HSA-170822","Regulation of Glucokinase by Glucokinase Regulatory Protein",1.69225014961101,10,0.0602777777777778,4.44709924002484e-11,3.42127026098154e-06,"NUP107, NUP160, NUP205, NUP35, NUP37, NUP54, NUP62, NUP85, NUP88","GCK"
"R-HSA-168271","Transport of Ribonucleoproteins into the Host Nucleus",1.52302513464991,10,0.0602777777777778,4.44709924002484e-11,3.42127026098154e-06,"NUP107, NUP160, NUP205, NUP35, NUP37, NUP54, NUP62, NUP85, NUP88",""
"R-HSA-264642","Acetylcholine Neurotransmitter Release Cycle",3.49026593357271,10,0.0200502512562814,4.75542862822044e-11,0.000345585439495335,"","CPLX1, PPFIA2, PPFIA3, PPFIA4, RAB3A, RIMS1, SNAP25, STX1A, STXBP1, SYT1, VAMP2"
"R-HSA-111885","Opioid Signalling",2.3957698747302,10,0.0359694506035969,5.50439613585911e-11,1.84190973337501e-09,"GNAI3, GNG12, GNG5, PRKX","ADCY1, ADCY2, ADCY5, ADCY8, ADCY9, AHCYL1, CAMK2A, CAMK2B, CAMK2G, CAMK4, CAMKK1, CAMKK2, CDK5, GNA14, GNAI1, GNAL, GNB5, GNG13, GNG3, GNG7, ITPR1, NBEA, PDE1A, PDE1B, PDE1C, PDE4A, PDYN, PLCB1, PLCB4, PPP1R1B, PPP3CA, PPP3CB, PPP3R1, PRKACB, PRKAR1B, PRKAR2B, PRKCA, PRKCG"
"R-HSA-373760","L1CAM interactions",2.19418875330919,10,0.1,5.51290937185635e-11,1.81622716081891e-10,"DNM2, ITGA1, ITGA2, ITGA5, ITGB1, KIF4A, LAMA1, LAMC1, MSN, NRP1, RDX, TUBB6","ALCAM, ANK1, ANK2, ANK3, CNTN2, CNTN6, CNTNAP1, DLG1, DLG3, DLG4, DNM1, DNM3, GAP43, KCNQ2, KCNQ3, L1CAM, MAP2K1, NFASC, NRCAM, PAK1, RPS6KA2, RPS6KA4, RPS6KA6, SCN1A, SCN1B, SCN2A, SCN2B, SCN3A, SCN3B, SCN4B, SCN8A, SH3GL2, SPTAN1, SPTB, SPTBN2, SPTBN4, TUBA4A, TUBB2A, TUBB4A"
"R-HSA-168333","NEP/NS2 Interacts with the Cellular Export Machinery",1.47389529159669,10,0.0527525252525253,6.23918466373513e-11,4.39131107065845e-06,"NUP107, NUP160, NUP205, NUP35, NUP37, NUP54, NUP62, NUP85, NUP88",""
"R-HSA-168274","Export of Viral Ribonucleoproteins from Nucleus",1.42783606373429,10,0.0477272727272727,8.64294991725369e-11,5.58548279154276e-06,"NUP107, NUP160, NUP205, NUP35, NUP37, NUP54, NUP62, NUP85, NUP88",""
"R-HSA-181430","Norepinephrine Neurotransmitter Release Cycle",3.58358855211744,10,0.0200502512562814,1.00055849522131e-10,0.000486050451808601,"","CPLX1, MAOA, PPFIA2, PPFIA3, PPFIA4, RAB3A, RIMS1, SNAP25, STX1A, STXBP1, SYT1, VAMP2"
"R-HSA-442755","Activation of NMDA receptors and postsynaptic events",2.42801108422449,10,0.0676633165829146,1.17680345712485e-10,3.0443926118572e-09,"PRKX, TUBB6","ACTN2, ADCY1, ADCY8, APBA1, CAMK1, CAMK2A, CAMK2B, CAMK2G, CAMK4, CAMKK1, CAMKK2, DLG1, DLG2, DLG3, DLG4, ERBB4, GRIA1, GRIA2, GRIA3, GRIA4, GRIN1, GRIN2A, GRIN2C, LIN7A, LIN7B, LRRC7, MAPT, NBEA, NEFL, NRG1, NRGN, PPM1E, PRKAA2, PRKACB, PRKAR1B, PRKAR2B, RASGRF2, RPS6KA2, RPS6KA6, TUBA4A, TUBB2A, TUBB4A"
"R-HSA-159227","Transport of the SLBP independent Mature mRNA",1.69225014961101,10,0.0878787878787879,1.18325055710445e-10,1.65802440586421e-07,"ALYREF, NCBP1, NUP107, NUP160, NUP205, NUP35, NUP37, NUP54, NUP62, NUP85, NUP88",""
"R-HSA-168164","Toll Like Receptor 3 (TLR3) Cascade",1.38892229260526,10,0.0465492355393991,1.30588737474477e-10,0.000391699649341173,"ATF1, CASP8, IKBIP, IKBKB, MAP3K8, MAPK7, MAPKAPK3, NLRC5, RELA, RIPK2, TIFA, TLR3, TNIP2, TP53, USP18","BTRC, DUSP3, DUSP7, MAP2K1, MAP2K4, MAPK10, MAPK11, MAPK8, MAPK9, MEF2A, MEF2C, NKIRAS1, OPTN, RPS6KA2"
"R-HSA-3301854","Nuclear Pore Complex (NPC) Disassembly",1.79179427605872,10,0.0853535353535353,1.6022403249044e-10,2.05511980093797e-07,"CCNB1, CCNB2, CDK1, NUP107, NUP160, NUP205, NUP35, NUP37, NUP54, NUP62, NUP85, NUP88",""
"R-HSA-159230","Transport of the SLBP Dependant Mature mRNA",1.64247808638716,10,0.0878787878787879,1.6022403249044e-10,2.15439364970641e-07,"ALYREF, NCBP1, NUP107, NUP160, NUP205, NUP35, NUP37, NUP54, NUP62, NUP85, NUP88",""
"R-HSA-3000178","ECM proteoglycans",1.93718109231787,10,0.0182926829268293,1.75651508635721e-10,1.47249198855326e-05,"ACAN, BGN, COL1A1, COL1A2, COL3A1, COL4A1, COL4A2, COL4A6, COL5A1, COL5A2, COL6A1, COL6A2, COL6A3, FN1, HSPG2, IBSP, ITGA2, ITGB1, LAMA1, LAMA2, LAMA4, LAMB2, LAMC1, LUM, SERPINE1, SPARC, TGFB1, TNC, VCAN",""
"R-HSA-166166","MyD88-independent TLR4 cascade",1.33841602741962,10,0.043936170212766,2.05551309195632e-10,0.000521617357329703,"ATF1, CASP8, IKBIP, IKBKB, LY96, MAP3K8, MAPK7, MAPKAPK3, NLRC5, RELA, RIPK2, TIFA, TNIP2, TP53, USP18","BTRC, DUSP3, DUSP7, MAP2K1, MAP2K4, MAPK10, MAPK11, MAPK8, MAPK9, MEF2A, MEF2C, NKIRAS1, OPTN, RPS6KA2"
"R-HSA-937061","TRIF (TICAM1)-mediated TLR4 signaling",1.33841602741962,10,0.043936170212766,2.05551309195632e-10,0.000521617357329703,"ATF1, CASP8, IKBIP, IKBKB, LY96, MAP3K8, MAPK7, MAPKAPK3, NLRC5, RELA, RIPK2, TIFA, TNIP2, TP53, USP18","BTRC, DUSP3, DUSP7, MAP2K1, MAP2K4, MAPK10, MAPK11, MAPK8, MAPK9, MEF2A, MEF2C, NKIRAS1, OPTN, RPS6KA2"
"R-HSA-73887","Death Receptor Signaling",1.61532968826506,10,0.0517213728215546,2.09001271776516e-10,1.44590636065828e-06,"AKAP13, APH1A, ARHGEF40, ARHGEF6, BCL2L11, CASP2, CASP8, CFLAR, ECT2, FAS, GNA13, HDAC1, IKBKB, MYD88, NCSTN, PSENEN, RBCK1, RELA, RIPK2, SPPL2A, SPPL2B, TNFAIP3, TNFRSF10B, TNFRSF1A, TNFSF10","ABR, ARHGEF2, ARHGEF3, ARHGEF37, ARHGEF9, CLIP3, CYLD, KALRN, LINGO1, MADD, MAG, MAPK8, MCF2, MCF2L, NGEF, OPTN, RASGRF2, RTN4R, SMPD3, SORCS3, SPATA2, TIAM1, TIAM2, ULK1"
"R-HSA-913531","Interferon Signaling",1.3588328338884,10,0.260640703517588,2.5898645395872e-10,3.57705133500506e-09,"CD44, CDK1, EIF4E2, FANCE, FANCF, FANCG, FLNA, GBP1, GBP2, GBP3, HERC5, HLA-A, HLA-B, HLA-DPA1, HLA-DPB1, HLA-DQA1, HLA-DRA, HLA-DRB1, HLA-F, HLA-G, ICAM1, IFI30, IFI35, IFIT2, IKBKB, ILF2, IRF1, ISG20, NEDD4, NUP107, NUP160, NUP205, NUP35, NUP37, NUP54, NUP62, NUP85, NUP88, OAS1, OAS2, OAS3, PSMB8, RSAD2, SOCS3, SP100, SPHK1, TARBP2, TP53, TRIM14, TRIM21, TRIM25, TRIM45, TRIM5, TRIM6, TUBB6, UBE2I, USP18, VCAM1, YBX1","CAMK2A, CAMK2B, CAMK2G, EIF4E3, MAPT, PIN1, PPP2R5A, SNCA, TRIM3, TRIM46, TUBA4A, TUBB2A, TUBB4A"
"R-HSA-166016","Toll Like Receptor 4 (TLR4) Cascade",1.45050012823801,10,0.0362937889533634,2.92342021248697e-10,0.00471599924910957,"ATF1, CASP8, CD36, DNM2, IKBIP, IKBKB, IRAK4, ITGB2, LY96, MAP3K1, MAP3K8, MAPK7, MAPKAPK3, MYD88, NLRC5, RELA, RIPK2, TIFA, TLR1, TNIP2, TP53, USP18","BTRC, DNM1, DNM3, DUSP3, DUSP7, MAP2K1, MAP2K4, MAPK10, MAPK11, MAPK8, MAPK9, MEF2A, MEF2C, NKIRAS1, OPTN, PELI3, PTPN4, RPS6KA2, S100A1, SIGIRR"
"R-HSA-1474165","Reproduction",1.45821555445204,10,0.108030303030303,2.95217073912622e-10,7.60913976546355e-08,"ATM, BLM, BRCA1, BRCA2, CD9, CDK2, CDK4, CXCR4, DIDO1, LMNA, LMNB1, MND1, PDPN, POT1, PRDM1, PSMC3IP, RAD51, RBBP8, REC8, SMC1A, SMC3, STAG1, SYNE2, TET2, UBE2I","SYCE1, SYNE1"
"R-HSA-111997","CaM pathway",3.13563998310276,10,0.0285202608788624,3.19913894492343e-10,2.02955570304539e-08,"PRKX","ADCY1, ADCY2, ADCY5, ADCY8, ADCY9, CAMK2A, CAMK2B, CAMK2G, CAMK4, CAMKK1, CAMKK2, NBEA, PDE1A, PDE1B, PDE1C, PRKACB, PRKAR1B, PRKAR2B, PRKCA, PRKCG"
"R-HSA-111933","Calmodulin induced events",3.13563998310276,10,0.0285202608788624,3.19913894492343e-10,2.02955570304539e-08,"PRKX","ADCY1, ADCY2, ADCY5, ADCY8, ADCY9, CAMK2A, CAMK2B, CAMK2G, CAMK4, CAMKK1, CAMKK2, NBEA, PDE1A, PDE1B, PDE1C, PRKACB, PRKAR1B, PRKAR2B, PRKCA, PRKCG"
"R-HSA-438064","Post NMDA receptor activation events",2.37771856464332,10,0.0825531914893617,3.28526128347159e-10,9.12796799471128e-09,"PRKX, TUBB6","ACTN2, ADCY1, ADCY8, CAMK1, CAMK2A, CAMK2B, CAMK2G, CAMK4, CAMKK1, CAMKK2, DLG1, DLG2, DLG3, DLG4, ERBB4, GRIA1, GRIA2, GRIN1, GRIN2A, GRIN2C, LRRC7, MAPT, NEFL, NRG1, NRGN, PRKAA2, PRKACB, PRKAR1B, PRKAR2B, RASGRF2, RPS6KA2, RPS6KA6, TUBA4A, TUBB2A, TUBB4A"
"R-HSA-75153","Apoptotic execution phase",1.9865545234564,10,0.225565326633166,3.61327246905439e-10,1.35632476970419e-08,"CASP6, CASP8, CDH1, DSG2, GSN, HMGB2, LMNA, LMNB1, OCLN, PAK2, ROCK1, VIM","APC, DNM1L, MAPT, PRKCQ, SATB1, SPTAN1"
"R-HSA-112043","PLC beta mediated events",2.74990649311789,10,0.0251256281407035,4.08970058127887e-10,1.94224547059781e-08,"PRKX","ADCY1, ADCY2, ADCY5, ADCY8, ADCY9, AHCYL1, CAMK2A, CAMK2B, CAMK2G, CAMK4, CAMKK1, CAMKK2, GNA14, ITPR1, NBEA, PDE1A, PDE1B, PDE1C, PLCB1, PLCB4, PRKACB, PRKAR1B, PRKAR2B, PRKCA, PRKCG"
"R-HSA-1169410","Antiviral mechanism by IFN-stimulated genes",1.26918761220826,10,0.261941018222425,4.15130000490283e-10,1.06722837746604e-08,"CDK1, EIF4E2, FANCE, FANCF, FANCG, FLNA, HERC5, IKBKB, ILF2, NEDD4, NUP107, NUP160, NUP205, NUP35, NUP37, NUP54, NUP62, NUP85, NUP88, OAS1, OAS2, OAS3, SPHK1, TARBP2, TP53, TRIM25, TUBB6, UBE2I, USP18","EIF4E3, MAPT, PIN1, PPP2R5A, SNCA, TUBA4A, TUBB2A, TUBB4A"
"R-HSA-76002","Platelet activation, signaling and aggregation",1.61981920935529,10,0.0777010050251256,4.24805693702376e-10,1.29623904294315e-07,"A2M, ABCC4, ANXA5, CD109, CD36, CD63, CD9, CDC42, COL1A1, COL1A2, CSK, F2R, FLNA, FN1, GNA13, GNAI3, GNG12, GNG5, LCP2, LGALS3BP, LHFPL2, MAGED2, MMRN1, P2RY1, PDPN, PFN1, PLEK, PPBP, PROS1, QSOX1, RAC2, SERPINA1, SERPINA3, SERPINE1, SERPING1, SPARC, SYTL4, TAGLN2, TGFB1, TIMP1, TLN1, VEGFA, VEGFC","ABHD6, ACTN2, ADRA2A, ARRB1, BRPF3, CDC37L1, DGKB, DGKE, DGKH, DGKQ, DGKZ, F8, GNA14, GNAI1, GNB5, GNG13, GNG3, GNG7, GP1BB, HABP4, IGF1, ITPR1, MGLL, PCDH7, PCYOX1L, PIK3CB, PRKCA, PRKCB, PRKCE, PRKCG, PRKCQ, PRKCZ, RAB27B, RAPGEF4, RASGRP1, SCG3, TF, TRPC3, TUBA4A"
"R-HSA-180910","Vpr-mediated nuclear import of PICs",1.2023882641973,10,0.0336342144852783,4.89371415718851e-10,2.01639855246236e-05,"NUP107, NUP160, NUP205, NUP35, NUP37, NUP54, NUP62, NUP85, NUP88",""
"R-HSA-9730414","MITF-M-regulated melanocyte development",1.43072058103476,10,0.0904040404040404,5.03718563067067e-10,4.76315384369996e-06,"ACTL6A, AIMP1, AIMP2, AKT2, BCL7C, CCNB1, CCND1, CDK2, CDKN2A, HDAC1, LEF1, LIG1, MOV10, PAX3, RAB27A, SIN3A, SMARCC1, SMARCE1, SS18, TCF7L1","ATP6V0A1, ATP6V1A, ATP6V1B2, ATP6V1D, ATP6V1E1, ATP6V1H, BCL7A, DPF1, KIT, MYO5A, SS18L1"
"R-HSA-68962","Activation of the pre-replicative complex",2.30761384037865,10,0.133156565656566,5.78494896908706e-10,3.00240461784404e-05,"CDK2, CDT1, DBF4, MCM10, MCM2, MCM3, MCM4, MCM5, MCM7, MCM8, ORC2, POLA1, POLE2, PRIM1, PRIM2",""
"R-HSA-111996","Ca-dependent events",2.96143776181927,10,0.0278067165093761,6.109553360453e-10,3.58738610685705e-08,"PRKX","ADCY1, ADCY2, ADCY5, ADCY8, ADCY9, CAMK2A, CAMK2B, CAMK2G, CAMK4, CAMKK1, CAMKK2, NBEA, PDE1A, PDE1B, PDE1C, PRKACB, PRKAR1B, PRKAR2B, PRKCA, PRKCG"
"R-HSA-2559580","Oxidative Stress Induced Senescence",1.66699268469144,10,0.0904388966107131,6.22868569773521e-10,2.16959651810242e-06,"CBX2, CDK4, CDK6, CDKN2A, CDKN2B, CDKN2C, EZH2, KDM6B, MAPKAPK3, MOV10, PHC1, RBBP4, TP53","CBX6, CDKN2D, MAP2K4, MAP3K5, MAPK10, MAPK11, MAPK8, MAPK9, MINK1"
"R-HSA-168276","NS1 Mediated Effects on Host Pathways",1.17155779588455,10,0.031201349247535,6.33423289802462e-10,2.44201768802789e-05,"NUP107, NUP160, NUP205, NUP35, NUP37, NUP54, NUP62, NUP85, NUP88",""
"R-HSA-442982","Ras activation upon Ca2+ influx through NMDA receptor",3.04605026929982,10,0.0318001938297529,7.45162058602417e-10,6.71745578414997e-08,"","ACTN2, CAMK2A, CAMK2B, CAMK2G, DLG1, DLG2, DLG3, DLG4, GRIN1, LRRC7, NEFL, RASGRF2"
"R-HSA-5693565","Recruitment and ATM-mediated phosphorylation of repair and signaling proteins at DNA double strand breaks",1.53483153104255,10,0.165,7.99626960920095e-10,1.40685661596635e-07,"ABL1, ATM, BARD1, BRCA1, CHEK2, EYA2, FAM175A, MDC1, TP53, UBE2I","APBB1, BAP1, MAPK8"
"R-HSA-159231","Transport of Mature mRNA Derived from an Intronless Transcript",1.52302513464991,10,0.0828787878787879,8.1377512583678e-10,8.37995224234581e-07,"ALYREF, CPSF3, NCBP1, NUP107, NUP160, NUP205, NUP35, NUP37, NUP54, NUP62, NUP85, NUP88",""
"R-HSA-3371556","Cellular response to heat stress",1.15142793684873,10,0.0604537840718745,9.34290319290745e-10,0.000834375409082033,"ATM, BAG2, COL4A6, HSBP1, HSPA6, NUP107, NUP160, NUP205, NUP35, NUP37, NUP54, NUP62, NUP85, NUP88, SERPINH1","CAMK2A, CAMK2B, CAMK2G, DEDD2, HSPA12A, HSPA12B, HSPH1"
"R-HSA-6791226","Major pathway of rRNA processing in the nucleolus and cytosol",0.613673131177619,10,0.0337685364281109,9.38481990932736e-10,0.00113850065631547,"DCAF13, ERI1, EXOSC8, FBL, FCF1, FTSJ3, HEATR1, LAS1L, NIP7, NOB1, NOL12, RBM28, RPL22L1, RPLP0, RPP38, RPS27L, RRP36, TSR1, UTP15, XRN2","RPP25, RPS4Y1"
"R-HSA-5693606","DNA Double Strand Break Response",1.49994899624612,10,0.157157739919108,1.00124452544428e-09,1.80112824540711e-07,"ABL1, ATM, BARD1, BRCA1, CHEK2, EYA2, FAM175A, MDC1, TP53, UBE2I","APBB1, BAP1, MAPK8"
"R-HSA-159234","Transport of Mature mRNAs Derived from Intronless Transcripts",1.48587818014625,10,0.0803787878787879,1.03812675607321e-09,1.03456547881478e-06,"ALYREF, CPSF3, NCBP1, NUP107, NUP160, NUP205, NUP35, NUP37, NUP54, NUP62, NUP85, NUP88",""
"R-HSA-176033","Interactions of Vpr with host cellular proteins",1.23823181678855,10,0.0451130653266332,1.03812675607321e-09,3.52464951284834e-05,"NUP107, NUP160, NUP205, NUP35, NUP37, NUP54, NUP62, NUP85, NUP88","SLC25A4"
"R-HSA-9662360","Sensory processing of sound by inner hair cells of the cochlea",1.94111046573028,10,0.036909704203425,1.04975314486881e-09,0.0144108972983269,"KCNMB1, MSN, MYO7A, RDX, TWF1","ATP2B2, BSN, CABP1, CACNA1D, CACNA2D2, CACNB2, CLIC5, DNAJC5, EPB41L1, EPB41L3, KCNQ4, PCLO, PLS1, RAB3A, SNAP25, SPTAN1, STX1A, SYN1, SYP, TPRN, VAMP2"
"R-HSA-397014","Muscle contraction",1.94865168743086,10,0.0452261306532663,1.17052629785369e-09,4.67326518188476e-08,"ACTA2, ACTC1, ACTG2, ANXA1, ANXA2, CACNG4, CALD1, ITGA1, KCNE4, PAK2, PDE5A, PXN, TLN1, TMOD3, TPM4, VIM, WWTR1","ACTN2, AHCYL1, ALDH2, ATP1A1, ATP1A2, ATP1B1, ATP1B2, ATP2B2, ATP2B3, CACNA1G, CACNA1I, CACNA2D2, CACNB1, CACNB2, CACNG8, CAMK2A, CAMK2B, CAMK2G, CASQ1, FGF12, FGF13, FGF14, FKBP1B, FXYD1, FXYD7, GUCY1A3, GUCY1B3, ITPR1, KCND3, KCNIP2, KCNIP4, KCNJ2, KCNJ4, KCNK1, KCNK10, KCNK12, KCNK3, KCNK9, MYBPC1, MYH11, NOS1, NPPA, PAK1, RYR1, RYR2, SCN1A, SCN1B, SCN2A, SCN2B, SCN3A, SCN3B, SCN4B, SCN8A, SLC8A2, SLC8A3, SLN, TCAP, TMOD2, TNNT1"
"R-HSA-9645723","Diseases of programmed cell death",1.94428740593606,10,0.145732323232323,1.18468864647706e-09,8.73899243836753e-06,"BCL2L11, CAPN2, CASP8, CDC25A, CDC25C, CDKN2A, DNMT3A, DNMT3B, EZH2, LMNA, LMNB1, POLA1, PRIM1, PRIM2, RBBP4, TP53","CDK5, CDK5R1"
"R-HSA-168325","Viral Messenger RNA Synthesis",1.08787509617851,10,0.0303954175905395,1.31552116411214e-09,4.20296260712947e-05,"NUP107, NUP160, NUP205, NUP35, NUP37, NUP54, NUP62, NUP85, NUP88",""
"R-HSA-112040","G-protein mediated events",2.77784458521053,10,0.0282450331125828,1.32896964169766e-09,5.57149320995322e-08,"GNAI3, PRKX","ADCY1, ADCY2, ADCY5, ADCY8, ADCY9, AHCYL1, CAMK2A, CAMK2B, CAMK2G, CAMK4, CAMKK1, CAMKK2, GNA14, GNAI1, GNAL, ITPR1, NBEA, PDE1A, PDE1B, PDE1C, PLCB1, PLCB4, PRKACB, PRKAR1B, PRKAR2B, PRKCA, PRKCG"
"R-HSA-9856651","MITF-M-dependent gene expression",1.59386351300572,10,0.0823936170212766,1.34825444015051e-09,3.82820559377279e-06,"ACTL6A, AKT2, BCL7C, CCNB1, CCND1, CDK2, CDKN2A, HDAC1, LEF1, LIG1, MOV10, RAB27A, SIN3A, SMARCC1, SMARCE1, SS18, TCF7L1","ATP6V0A1, ATP6V1A, ATP6V1B2, ATP6V1D, ATP6V1E1, ATP6V1H, BCL7A, DPF1, MYO5A, SS18L1"
"R-HSA-111465","Apoptotic cleavage of cellular proteins",2.00398044032883,10,0.2125,1.59332312692761e-09,6.6839230593392e-08,"CASP6, CASP8, CDH1, DSG2, GSN, LMNA, LMNB1, OCLN, ROCK1, VIM","APC, MAPT, PRKCQ, SATB1, SPTAN1"
"R-HSA-168898","Toll-like Receptor Cascades",1.48071888090963,10,0.0340562913907285,1.64281740477811e-09,0.0126688856646558,"ATF1, CASP8, CD36, CNPY3, CTSK, CTSS, DNM2, IKBIP, IKBKB, IRAK4, ITGB2, LY96, MAP3K1, MAP3K8, MAPK7, MAPKAPK3, MYD88, NLRC5, RELA, RIPK2, TIFA, TLR1, TLR3, TLR5, TLR8, TNIP2, TP53, UNC93B1, USP18","BTRC, DNM1, DNM3, DUSP3, DUSP7, MAP2K1, MAP2K4, MAPK10, MAPK11, MAPK8, MAPK9, MEF2A, MEF2C, NKIRAS1, OPTN, PELI3, PTPN4, RPS6KA2, S100A1, SIGIRR"
"R-HSA-5696399","Global Genome Nucleotide Excision Repair (GG-NER)",1.02743759083526,10,0.0503781533932288,1.78777038309443e-09,0.000341266357097969,"ACTL6A, CETN2, CHD1L, DDB2, ERCC4, LIG1, PCNA, POLD1, POLD3, POLE2, RFC1, RFC2, RFC3, RFC4, RFC5, RUVBL1, UBE2I",""
"R-HSA-8953750","Transcriptional Regulation by E2F6",2.09042665540184,10,0.118080808080808,1.82150402501385e-09,5.08096327251863e-08,"APAF1, BRCA1, CBX3, CHEK1, E2F6, EHMT1, EZH2, PCGF2, PCGF6, PHC1, RAD51, RBBP4, RBBP8, RRM2",""
"R-HSA-9634597","GPER1 signaling",2.25633353281468,10,0.0141225165562914,1.88162117257941e-09,0.0342735527991126,"FN1, GNAI3, GNG12, GNG5, ITGA5, ITGB1","ADCY1, ADCY2, ADCY5, ADCY8, ADCY9, GNAI1, GNAZ, GNB5, GNG13, GNG3, GNG7, PRKACB, PRKAR1B, PRKAR2B"
"R-HSA-177929","Signaling by EGFR",1.14945293181125,10,0.0083112582781457,2.06720041050289e-09,6.37252117300533e-06,"ADAM12, BTC, CDC42, CSK, FAM83D, GAB1, PXN, SPRY1","EPS15L1, SH3GL2, SH3GL3, SH3KBP1"
"R-HSA-392518","Signal amplification",1.69225014961101,6,0.00503781533932288,2.25858789396398e-09,1.2219527855304e-08,"GNA13, GNAI3, GNG12, GNG5, P2RY1","GNA14, GNAI1, GNB5, GNG13, GNG3, GNG7"
"R-HSA-168643","Nucleotide-binding domain, leucine rich repeat containing receptor (NLR) signaling pathways",1.33598696021922,10,0.017626008832039,2.29561637114147e-09,0.000182886034646186,"AIM2, CASP1, CASP2, CASP4, CASP8, HMOX1, IKBKB, ITCH, PYCARD, RELA, RIPK2, TNFAIP3","CYLD, MAPK11, MAPK12"
"R-HSA-69183","Processive synthesis on the lagging strand",2.36915020945542,10,0.0201512613572915,2.31620415492462e-09,0.00295781110025517,"LIG1, PCNA, POLA1, POLD1, POLD3, PRIM1, PRIM2",""
"R-HSA-3371453","Regulation of HSF1-mediated heat shock response",1.2209906142763,10,0.0676758793969849,2.35214880096744e-09,0.00127995976490683,"ATM, BAG2, COL4A6, HSBP1, HSPA6, NUP107, NUP160, NUP205, NUP35, NUP37, NUP54, NUP62, NUP85, NUP88, SERPINH1","DEDD2, HSPA12A, HSPA12B, HSPH1"
"R-HSA-9620244","Long-term potentiation",3.97310904691281,10,0.036909704203425,2.65547509518215e-09,4.93906122298666e-09,"","ACTN2, CAMK2A, CAMK2B, CAMK2G, DLG1, DLG2, DLG3, DLG4, ERBB4, GRIA1, GRIA2, GRIN1, GRIN2A, GRIN2C, LRRC7, NEFL, NRG1, NRGN"
"R-HSA-168638","NOD1/2 Signaling Pathway",1.5093041874909,10,0.017626008832039,2.8563034065416e-09,0.000246527346925041,"CASP1, CASP2, CASP4, CASP8, IKBKB, ITCH, RIPK2, TNFAIP3","CYLD, MAPK11, MAPK12"
"R-HSA-2022090","Assembly of collagen fibrils and other multimeric structures",2.0806354298496,10,0.00503781533932288,2.95205863390599e-09,0.00946431587355705,"CD151, COL18A1, COL1A1, COL1A2, COL3A1, COL4A1, COL4A2, COL4A6, COL5A1, COL5A2, COL6A1, COL6A2, COL6A3, COL8A1, COL8A2, CTSS, LOX, LOXL1, LOXL2, LOXL3, MMP9, PCOLCE, PXDN","COL24A1, TLL2"
"R-HSA-5357956","TNFR1-induced NF-kappa-B signaling pathway",1.11053916068223,10,0.01712506486767,2.98807667626056e-09,0.00208088547886753,"IKBKB, RBCK1, TNFAIP3, TNFRSF1A","CYLD, OPTN, SPATA2"
"R-HSA-983231","Factors involved in megakaryocyte development and platelet production",1.85815702702386,10,0.273838383838384,3.27619550578143e-09,3.24531435344093e-07,"ABL1, CDC42, CDK2, CENPE, DOCK11, DOCK7, DOCK8, HDAC1, HMG20B, IRF1, KIF11, KIF15, KIF18A, KIF18B, KIF20A, KIF22, KIF23, KIF2C, KIF4A, KIF9, KIFC1, RACGAP1, SIN3A, TP53, TUBB6, WEE1","AKAP10, CABLES1, CDK5, DOCK3, DOCK4, DOCK5, DOCK9, EHD3, GATA2, HBB, HBG2, ITPK1, KIF1A, KIF1B, KIF21B, KIF3A, KIF3C, KIF5A, KIF5C, KIFC2, KLC1, KLC2, MAFG, MAFK, PRKACB, PRKAR1B, PRKAR2B, TUBA4A, TUBB2A, TUBB4A"
"R-HSA-9609690","HCMV Early Events",0.893132023405812,10,0.0653030303030303,3.45779022155737e-09,0.00101291436218734,"EZH2, ITGB1, NUP107, NUP160, NUP205, NUP35, NUP37, NUP54, NUP62, NUP85, NUP88, RBBP4, TUBB6","DBP, DYNC1I1, DYNC1LI1, TUBA4A, TUBB2A, TUBB4A"
"R-HSA-5696398","Nucleotide Excision Repair",0.940138972006118,10,0.0478655905791584,3.45779022155737e-09,0.00110501150215676,"ACTL6A, AQR, CETN2, CHD1L, DDB2, ERCC4, ERCC8, LIG1, PCNA, POLD1, POLD3, POLE2, RFC1, RFC2, RFC3, RFC4, RFC5, RUVBL1, UBE2I, UVSSA",""
"R-HSA-5696400","Dual Incision in GG-NER",1.48587818014625,10,0.0552763819095477,3.55101836244423e-09,0.000364606494529649,"CHD1L, DDB2, ERCC4, PCNA, POLD1, POLD3, POLE2, RFC1, RFC2, RFC3, RFC4, RFC5",""
"R-HSA-5578749","Transcriptional regulation by small RNAs",0.972143702968028,10,0.0283732492248476,3.93380706931547e-09,9.49351162438544e-05,"NUP107, NUP160, NUP205, NUP35, NUP37, NUP54, NUP62, NUP85, NUP88",""
"R-HSA-9659379","Sensory processing of sound",1.93718109231787,10,0.0302268920359373,4.20895885635555e-09,0.00274410276574674,"GSN, KCNMB1, MSN, MYO7A, RDX, TWF1","ATP2B2, BSN, CABP1, CACNA1D, CACNA2D2, CACNB2, CLIC5, DNAJC5, EPB41L1, EPB41L3, KCNN2, KCNQ4, MPP1, PCLO, PLS1, RAB3A, SNAP25, SPTAN1, STX1A, SYN1, SYP, TPRN, VAMP2"
"R-HSA-8943724","Regulation of PTEN gene transcription",1.16515584071578,10,0.11890243902439,4.46904207449128e-09,2.10973422614398e-06,"CBX2, EZH2, HDAC1, MECOM, PHC1, RBBP4, REST, SNAI2, TP53","CBX6, CHD3, HDAC5, MTA3, NR2E1"
"R-HSA-9755779","SARS-CoV-2 targets host intracellular signalling and regulatory pathways",1.81312516029751,10,0.0902127659574468,5.43995252402678e-09,0.0017370462872644,"AKT2, CAV1, SFN","YWHAG, YWHAH"
"R-HSA-6782210","Gap-filling DNA repair synthesis and ligation in TC-NER",1.06447993281983,10,0.0325753768844221,5.48833043348914e-09,0.0044667282940483,"AQR, ERCC8, LIG1, PCNA, POLD1, POLD3, POLE2, RFC1, RFC2, RFC3, RFC4, RFC5, UVSSA",""
"R-HSA-176974","Unwinding of DNA",3.38450029922202,10,0.145732323232323,6.03554329652721e-09,1.39984986031591e-06,"GINS2, GINS3, MCM2, MCM3, MCM4, MCM5, MCM7, MCM8",""
"R-HSA-2559585","Oncogene Induced Senescence",1.64247808638716,10,0.0581259958328227,6.41314428779938e-09,4.42886850892527e-06,"CDK4, CDK6, CDKN2A, CDKN2B, CDKN2C, ETS1, MOV10, RB1, TP53","CDKN2D, ETS2"
"R-HSA-69273","Cyclin A/B1/B2 associated events during G2/M transition",2.03070017953321,10,0.0509859885832901,6.45057073824608e-09,8.0736219936537e-05,"CCNA2, CCNB1, CCNB2, CDC25A, CDC25C, CDK1, CDK2, FOXM1, PPP2R3B, WEE1",""
"R-HSA-390466","Chaperonin-mediated protein folding",1.48309563673774,10,0.0484313331995451,6.48925884509187e-09,1.68053985106501e-07,"AP3M1, CCT6A, CCT6B, FBXO4, FBXW9, FKBP9, GNG12, GNG5, RGS9, SPHK1, TP53, TUBB6, WRAP53, XRN2","FBXW7, GNA14, GNB5, GNG13, GNG3, GNG7, RGS11, RGS6, RGS7, TUBA4A, TUBB2A, TUBB4A"
"R-HSA-159236","Transport of Mature mRNA derived from an Intron-Containing Transcript",1.12816676640734,10,0.0673013245033112,6.72041707626085e-09,2.56831579018609e-07,"ALYREF, DDX39A, DHX38, GLE1, NCBP1, NUP107, NUP160, NUP205, NUP35, NUP37, NUP54, NUP62, NUP85, NUP88, NXT1, SRSF3",""
"R-HSA-1169408","ISG15 antiviral mechanism",1.12816676640734,10,0.0464670915553377,6.72041707626085e-09,5.69885877097561e-06,"EIF4E2, HERC5, NEDD4, NUP107, NUP160, NUP205, NUP35, NUP37, NUP54, NUP62, NUP85, NUP88, TRIM25, USP18","EIF4E3, PIN1"
"R-HSA-5656121","Translesion synthesis by POLI",2.68769141408808,10,0.085213567839196,6.93094349147438e-09,9.5968879785884e-07,"MAD2L2, PCNA, POLI, REV3L, RFC1, RFC2, RFC3, RFC4, RFC5",""
"R-HSA-392170","ADP signalling through P2Y purinoceptor 12",1.84609107230292,6,0.0050251256281407,6.99711400495122e-09,3.06332198723671e-08,"GNAI3, GNG12, GNG5","GNAI1, GNB5, GNG13, GNG3, GNG7"
"R-HSA-5357905","Regulation of TNFR1 signaling",1.48071888090963,10,0.031201349247535,7.04013686448494e-09,8.86088296112617e-05,"CASP8, CFLAR, IKBKB, RBCK1, SPPL2A, SPPL2B, TNFAIP3, TNFRSF1A","CLIP3, CYLD, MADD, OPTN, SPATA2, ULK1"
"R-HSA-9020702","Interleukin-1 signaling",1.15785536552332,10,0.0361170212765957,7.15457970958449e-09,0.00161427746776057,"CASP8, IKBIP, IKBKB, IL1B, IL1R2, IL1RAP, IRAK4, MAP3K8, MYD88, NLRC5, PSMB8, PSMB9, PSME1, PSMF1, RELA, RIPK2, TIFA, TNIP2, TP53, USP18","BTRC, MAP2K1, MAP2K4, NKIRAS1, PELI3, TOLLIP"
"R-HSA-6814122","Cooperation of PDCL (PhLP1) and TRiC/CCT in G-protein beta folding",1.73678304828499,6,0.0050251256281407,7.81253278285294e-09,4.20766867993718e-08,"CCT6A, CCT6B, GNG12, GNG5, RGS9","GNA14, GNB5, GNG13, GNG3, GNG7, RGS11, RGS6, RGS7"
"R-HSA-2559582","Senescence-Associated Secretory Phenotype (SASP)",1.50422235520979,10,0.0350879396984925,7.84606257664392e-09,4.52274923390481e-07,"CCNA2, CDK2, CDK4, CDK6, CDKN2A, CDKN2B, CDKN2C, CXCL8, EHMT1, IGFBP7, MAPK7, RELA, UBE2C","ANAPC15, CDKN2D, RPS6KA2"
"R-HSA-2243919","Crosslinking of collagen fibrils",3.38450029922202,10,0.00503781533932288,8.65576547930927e-09,0.000192722633442064,"COL1A1, COL1A2, COL4A1, COL4A2, COL4A6, LOX, LOXL1, LOXL2, LOXL3, PCOLCE, PXDN","TLL2"
"R-HSA-5626467","RHO GTPases activate IQGAPs",1.69225014961101,10,0.11942270385979,8.70979907109991e-09,1.09610440013765e-05,"CDC42, CDH1, CTNNA1, IQGAP1, IQGAP2, IQGAP3, TUBB6","TUBA4A, TUBB2A, TUBB4A"
"R-HSA-8878159","Transcriptional regulation by RUNX3",1.38942643862799,10,0.0751884422110553,1.03490254756552e-08,0.000396393348206562,"BCL2L11, CBFB, CCND1, CDKN2A, CTGF, HES1, ITGA4, JAG1, LEF1, MAML2, MYC, NOTCH1, PSMB8, PSMB9, PSME1, PSMF1, RUNX3, SMAD4, TCF7L1, TEAD1, TEAD3, TGFB1, TP53, WWTR1, ZFHX3","SMURF1"
"R-HSA-2514853","Condensation of Prometaphase Chromosomes",3.69218214460584,10,0.148596517943252,1.11298956075642e-08,1.38608612178817e-06,"CCNB1, CCNB2, CDK1, NCAPD2, NCAPG, NCAPH, SMC2, SMC4",""
"R-HSA-450294","MAP kinase activation",1.53108346869568,10,0.0207393079733505,1.17121393185144e-08,0.00337567925486579,"ATF1, IKBKB, MAP3K8, MAPK7, MAPKAPK3, RIPK2, TNIP2","BTRC, DUSP3, DUSP7, MAP2K1, MAP2K4, MAPK10, MAPK11, MAPK8, MAPK9, MEF2A, MEF2C, RPS6KA2"
"R-HSA-391251","Protein folding",1.38942643862799,10,0.042713567839196,1.34745574520144e-08,3.24327902230943e-07,"AP3M1, CCT6A, CCT6B, FBXO4, FBXW9, FKBP9, GNG12, GNG5, RGS9, SPHK1, TP53, TUBB6, WRAP53, XRN2","FBXW7, GNA14, GNB5, GNG13, GNG3, GNG7, RGS11, RGS6, RGS7, TUBA4A, TUBB2A, TUBB4A"
"R-HSA-162599","Late Phase of HIV Life Cycle",0.693944305955595,10,0.0327439024390244,1.4244931143552e-08,0.000165689315394394,"MVB12A, NCBP1, NUP107, NUP160, NUP205, NUP35, NUP37, NUP54, NUP62, NUP85, NUP88, PDCD6IP, RCC1, SSRP1","NEDD4L, NMT2, RANGAP1, TAF4B, TAF7L"
"R-HSA-5689896","Ovarian tumor domain proteases",1.87038174430691,10,0.0501256281407035,1.4385624042617e-08,3.28824366670724e-08,"CDK1, IFIH1, RIPK2, RNF135, TNFAIP3, TNIP2, TP53, TRIM25, TRIM4","APC, OTUD3, OTUD7A, RNF128, VCPIP1"
"R-HSA-9725370","Signaling by ALK fusions and activated point mutants",1.22734626235524,10,0.0777010050251256,1.52422657392556e-08,2.96635048555388e-07,"CCNB1, EML4, FN1, FOXM1, HDAC1, HIP1, MIR21, MOV10, MSN, NOTCH1, RB1, RNF213, STAT5A, TP53, TPM4, ZC3HC1","KLC1, LMO7, MAPK8, MAPK9, MECP2, PIK3CB"
"R-HSA-9700206","Signaling by ALK in cancer",1.22734626235524,10,0.0777010050251256,1.52422657392556e-08,2.96635048555388e-07,"CCNB1, EML4, FN1, FOXM1, HDAC1, HIP1, MIR21, MOV10, MSN, NOTCH1, RB1, RNF213, STAT5A, TP53, TPM4, ZC3HC1","KLC1, LMO7, MAPK8, MAPK9, MECP2, PIK3CB"
"R-HSA-888590","GABA synthesis, release, reuptake and degradation",3.94858368242569,10,0.0201005025125628,1.60490737919936e-08,1.26103470903932e-05,"","ABAT, CPLX1, DNAJC5, GAD1, GAD2, RAB3A, RIMS1, SLC32A1, SLC6A1, SNAP25, STX1A, STXBP1, SYT1, VAMP2"
"R-HSA-109581","Apoptosis",1.27660976198725,10,0.205515075376884,1.66437901920869e-08,3.07149992576941e-07,"AKT2, APAF1, BCL2L11, CARD8, CASP6, CASP8, CDH1, CDKN2A, CFLAR, DSG2, FAS, GSN, HMGB2, LMNA, LMNB1, LY96, OCLN, PAK2, PMAIP1, PSMB8, PSMB9, PSME1, PSMF1, ROCK1, SFN, TNFRSF10B, TNFSF10, TP53, VIM","APC, DNM1L, MAPK8, MAPT, OPA1, PPP1R13B, PPP3R1, PRKCQ, SATB1, SEPT4, SPTAN1, UNC5A, YWHAG, YWHAH"
"R-HSA-6784531","tRNA processing in the nucleus",1.29226375061205,10,0.0284889355516072,1.77286051028581e-08,0.000258862760346886,"NUP107, NUP160, NUP205, NUP35, NUP37, NUP54, NUP62, NUP85, NUP88, POP5, RPP38, TSEN15, TSEN34","RPP25"
"R-HSA-110320","Translesion Synthesis by POLH",1.87038174430691,10,0.0703535353535354,1.77800922426698e-08,2.43580675210509e-06,"PCNA, RFC1, RFC2, RFC3, RFC4, RFC5, SPRTN",""
"R-HSA-1474228","Degradation of the extracellular matrix",1.55928763785586,10,0.00609756097560976,1.89695558580979e-08,0.00209003114168928,"A2M, ACAN, ADAM9, CAPN2, CD44, CDH1, COL18A1, COL1A1, COL1A2, COL3A1, COL4A1, COL4A2, COL4A6, COL5A1, COL5A2, COL6A1, COL6A2, COL6A3, COL8A1, COL8A2, CTSK, CTSS, ELN, FBN1, FBN2, FBN3, FN1, HSPG2, LAMC1, MMP19, MMP2, MMP9, NCSTN, NID1, SCUBE3, TIMP1","ADAMTS18, ADAMTS8, CAPN3, COL23A1, PRSS2, SPOCK3, TLL2"
"R-HSA-72202","Transport of Mature Transcript to Cytoplasm",1.06549083494027,10,0.0678030303030303,1.92482429384247e-08,6.46816829209468e-07,"ALYREF, CPSF3, DDX39A, DHX38, GLE1, NCBP1, NUP107, NUP160, NUP205, NUP35, NUP37, NUP54, NUP62, NUP85, NUP88, NXT1, SRSF3",""
"R-HSA-6804758","Regulation of TP53 Activity through Acetylation",1.69225014961101,10,0.0793692456792118,1.98063272539961e-08,1.28557951162625e-07,"AKT2, HDAC1, RBBP4, TP53","BRPF3, CHD3, PIN1, PIP4K2A, PIP4K2B, PIP4K2C"
"R-HSA-3000171","Non-integrin membrane-ECM interactions",2.06511882664395,10,0.0174714632766481,1.98336702525911e-08,0.000629611187125747,"COL1A1, COL1A2, COL3A1, COL4A1, COL4A2, COL4A6, COL5A1, COL5A2, FN1, HSPG2, ITGA2, ITGB1, LAMA1, LAMA2, LAMA4, LAMB2, LAMC1, SDC1, TGFB1, TNC","FGF2, NRXN1, PRKCA, SDC4"
"R-HSA-69205","G1/S-Specific Transcription",2.62590540456881,10,0.107979797979798,2.05899091110909e-08,1.11961940318313e-05,"CDC25A, CDK1, CDT1, DHFR, E2F5, E2F6, FBXO5, HDAC1, PCNA, POLA1, RBBP4, RBL1, RRM2, TK1, TYMS",""
"R-HSA-8856825","Cargo recognition for clathrin-mediated endocytosis",1.23222098272646,9,0.0100502512562814,2.10724587564485e-08,0.0472602083326693,"BTC, NECAP2, STON1, VAMP8, WNT5A","ARRB1, CLTB, EPS15L1, FCHO1, KIAA0319, NECAP1, REPS2, SGIP1, SH3GL2, SH3GL3, SH3KBP1, SLC2A8, SNAP91, SYT1, SYT2, SYT9, TACR1, TF, VAMP2, VAMP4"
"R-HSA-69202","Cyclin E associated events during G1/S transition",1.11440863510969,10,0.0628030303030303,2.16128005375571e-08,7.17167517880483e-07,"AKT2, CCNA2, CCND1, CDC25A, CDK2, CDK4, CKS1B, E2F5, MYC, PSMB8, PSMB9, PSME1, PSMF1, RB1, RBBP4, SKP2, WEE1","CABLES1"
"R-HSA-437239","Recycling pathway of L1",1.65546210288034,10,0.048326414115205,2.21421187429912e-08,4.77928821252753e-08,"DNM2, KIF4A, MSN, RDX, TUBB6","DNM1, DNM3, L1CAM, RPS6KA2, RPS6KA4, RPS6KA6, SH3GL2, TUBA4A, TUBB2A, TUBB4A"
"R-HSA-9660821","ADORA2B mediated anti-inflammatory cytokines production",2.12515135067429,6,0.0050251256281407,2.27499375303804e-08,1.21972744441634e-07,"GNAI3, GNG12, GNG5, PRKX","ADCY1, ADCY2, ADCY5, ADCY8, ADCY9, GNAI1, GNAZ, GNB5, GNG13, GNG3, GNG7, PRKACB, PRKAR1B, PRKAR2B"
"R-HSA-991365","Activation of GABAB receptors",2.59740720637969,6,0.0050251256281407,2.27499375303804e-08,1.21972744441634e-07,"GNAI3, GNG12, GNG5","ADCY1, ADCY2, ADCY5, ADCY8, ADCY9, GABBR1, GABBR2, GNAI1, GNAL, GNB5, GNG13, GNG3, GNG7, KCNJ16, KCNJ2, KCNJ3, KCNJ4, KCNJ6, KCNJ9"
"R-HSA-977444","GABA B receptor activation",2.59740720637969,6,0.0050251256281407,2.27499375303804e-08,1.21972744441634e-07,"GNAI3, GNG12, GNG5","ADCY1, ADCY2, ADCY5, ADCY8, ADCY9, GABBR1, GABBR2, GNAI1, GNAL, GNB5, GNG13, GNG3, GNG7, KCNJ16, KCNJ2, KCNJ3, KCNJ4, KCNJ6, KCNJ9"
"R-HSA-389960","Formation of tubulin folding intermediates by CCT/TriC",1.21842010771993,10,0.0476005025125628,2.58193684325112e-08,2.23818127902223e-07,"CCT6A, CCT6B, TUBB6","TUBA4A, TUBB2A, TUBB4A"
"R-HSA-5578775","Ion homeostasis",2.01154263066969,10,0.0111480660261148,2.58438579003887e-08,5.85149180579487e-08,"","AHCYL1, ATP1A1, ATP1A2, ATP1B1, ATP1B2, ATP2B2, ATP2B3, CAMK2A, CAMK2B, CAMK2G, CASQ1, FKBP1B, FXYD1, FXYD7, ITPR1, NOS1, RYR1, RYR2, SLC8A2, SLC8A3, SLN"
"R-HSA-70171","Glycolysis",1.26918761220826,10,0.0272704988356416,2.60264254969351e-08,0.00189938065857097,"HK2, HKDC1, NUP107, NUP160, NUP205, NUP35, NUP37, NUP54, NUP62, NUP85, NUP88, PFKFB4","ALDOC, ENO2, GCK, PGM2L1, PGP, PRKACB"
"R-HSA-72306","tRNA processing",1.256621398226,10,0.0283204099970049,2.66363415635224e-08,1.41224848095346e-05,"ADAT3, CDKAL1, HSD17B10, LCMT2, NUP107, NUP160, NUP205, NUP35, NUP37, NUP54, NUP62, NUP85, NUP88, POP5, RPP38, THADA, THG1L, TP53RK, TPRKB, TRDMT1, TRMT13, TSEN15, TSEN34, TYW3","RPP25"
"R-HSA-1362277","Transcription of E2F targets under negative control by DREAM complex",2.13757913635075,10,0.115530303030303,2.74500384266884e-08,7.54626527244028e-05,"CDC25A, E2F5, HDAC1, MYC, PCNA, RBBP4, RBL1, TOP2A",""
"R-HSA-442742","CREB1 phosphorylation through NMDA receptor-mediated activation of RAS signaling",2.53837522441652,10,0.0301515151515152,2.82798626840609e-08,1.52587526879523e-06,"","ACTN2, CAMK2A, CAMK2B, CAMK2G, DLG1, DLG2, DLG3, DLG4, GRIN1, LRRC7, NEFL, RASGRF2, RPS6KA2, RPS6KA6"
"R-HSA-69656","Cyclin A:Cdk2-associated events at S phase entry",1.08787509617851,10,0.0604878048780488,2.83261058147604e-08,9.14111533565977e-07,"AKT2, CCNA2, CCND1, CDC25A, CDK2, CDK4, CKS1B, E2F5, MYC, PSMB8, PSMB9, PSME1, PSMF1, RB1, RBBP4, SKP2, WEE1","CABLES1"
"R-HSA-114452","Activation of BH3-only proteins",1.69225014961101,10,0.0650274763984782,2.89711216569487e-08,0.000323856754553471,"AKT2, BCL2L11, PMAIP1, SFN, TP53","MAPK8, PPP1R13B, PPP3R1, YWHAG, YWHAH"
"R-HSA-912446","Meiotic recombination",1.81312516029751,10,0.0631511214609634,3.05478973905971e-08,0.000962351860163141,"ATM, BLM, BRCA1, BRCA2, CDK2, CDK4, MND1, PSMC3IP, RAD51, RBBP8",""
"R-HSA-448424","Interleukin-17 signaling",1.45050012823801,10,0.0222453732075009,3.13926373215138e-08,0.00629530123090786,"ATF1, IKBKB, IL17RA, MAP3K8, MAPK7, MAPKAPK3, RIPK2, TNIP2","BTRC, DUSP3, DUSP7, MAP2K1, MAP2K4, MAPK10, MAPK11, MAPK8, MAPK9, MEF2A, MEF2C, RPS6KA2"
"R-HSA-112314","Neurotransmitter receptors and postsynaptic signal transmission",2.30992145421903,10,0.0626507537688442,3.39944044923497e-08,5.47667473113128e-06,"CACNG4, GNAI3, GNG12, GNG5, PRKX, TUBB6","ACTN2, ADCY1, ADCY2, ADCY5, ADCY8, ADCY9, AKAP5, APBA1, ARHGEF9, CACNG2, CACNG3, CACNG8, CAMK1, CAMK2A, CAMK2B, CAMK2G, CAMK4, CAMKK1, CAMKK2, CHRNA3, DLG1, DLG2, DLG3, DLG4, EPB41L1, ERBB4, GABBR1, GABBR2, GABRA1, GABRA2, GABRA4, GABRA5, GABRA6, GABRB1, GABRB2, GABRB3, GABRG2, GLRB, GNAI1, GNAL, GNB5, GNG13, GNG3, GNG7, GRIA1, GRIA2, GRIA3, GRIA4, GRIK2, GRIN1, GRIN2A, GRIN2C, KCNJ16, KCNJ2, KCNJ3, KCNJ4, KCNJ6, KCNJ9, LIN7A, LIN7B, LRRC7, MAPT, NBEA, NCALD, NEFL, NPTN, NRG1, NRGN, PICK1, PLCB1, PPM1E, PRKAA2, PRKACB, PRKAR1B, PRKAR2B, PRKCA, PRKCB, PRKCG, RASGRF2, RPS6KA2, RPS6KA6, TSPAN7, TUBA4A, TUBB2A, TUBB4A"
"R-HSA-75893","TNF signaling",1.33598696021922,10,0.0207393079733505,3.62512153430467e-08,0.000355898925969086,"CASP8, CFLAR, IKBKB, RBCK1, SPPL2A, SPPL2B, TNFAIP3, TNFRSF1A","CLIP3, CYLD, MADD, OPTN, SMPD3, SPATA2, ULK1"
"R-HSA-446652","Interleukin-1 family signaling",1.14310937258492,10,0.0276381909547739,3.94851918207289e-08,0.00174432958025669,"CASP1, CASP8, IKBIP, IKBKB, IL18, IL18BP, IL1B, IL1R2, IL1RAP, IRAK4, MAP3K8, MYD88, NLRC5, PSMB8, PSMB9, PSME1, PSMF1, RELA, RIPK2, TIFA, TNIP2, TP53, USP18","BTRC, IL1RAPL1, MAP2K1, MAP2K4, MAPK8, NKIRAS1, PELI3, PTPN4, PTPN5, SIGIRR, TOLLIP"
"R-HSA-9656223","Signaling by RAF1 mutants",1.48587818014625,10,0.0518482699333763,4.02141912367144e-08,9.34271276139312e-08,"ARAF, CSK, FN1, IQGAP1, TLN1","ARRB1, CAMK2A, CAMK2B, CAMK2G, CNKSR2, KSR2, MAP2K1"
"R-HSA-162587","HIV Life Cycle",0.801592176131532,10,0.0526507537688442,4.10866669540049e-08,3.97007980652386e-05,"CCR5, CXCR4, LIG1, MVB12A, NCBP1, NUP107, NUP160, NUP205, NUP35, NUP37, NUP54, NUP62, NUP85, NUP88, PDCD6IP, RCC1, SSRP1, XRCC4, XRCC5","NEDD4L, NMT2, RANGAP1, TAF4B, TAF7L"
"R-HSA-9006936","Signaling by TGFB family members",1.59671989922974,10,0.0514900662251656,4.14243834242771e-08,2.04399767870796e-05,"BMP2, BMPR1A, CDKN2B, COL1A2, E2F5, FBN1, FST, FSTL1, HDAC1, INHBB, ITGB1, ITGB8, LTBP2, LTBP3, MYC, RBL1, SERPINE1, SMAD1, SMAD4, SMAD5, TGFB1, TGFBR1, TGFBR2, TGIF1, TGIF2, WWTR1, YBX1","ACVR1B, ACVR1C, ACVR2A, GREM2, NEDD4L, NOG, PARD6A, PPM1A, PRKCZ, SMURF1, USP25, ZFYVE9"
"R-HSA-1362300","Transcription of E2F targets under negative control by p107 (RBL1) and p130 (RBL2) in complex with HDAC1",2.22107832136445,10,0.0275,4.51761679612567e-08,0.00124223536607119,"CCNA2, CDK1, E2F5, HDAC1, MYBL2, RBBP4, RBL1",""
"R-HSA-6781827","Transcription-Coupled Nucleotide Excision Repair (TC-NER)",0.935190872153454,10,0.0250628140703518,4.54062331640053e-08,0.0147655007049734,"AQR, ERCC4, ERCC8, LIG1, PCNA, POLD1, POLD3, POLE2, RFC1, RFC2, RFC3, RFC4, RFC5, UVSSA",""
"R-HSA-400042","Adrenaline,noradrenaline inhibits insulin secretion",2.35706270838677,6,0.0050251256281407,4.75399514463733e-08,2.0701788982368e-07,"GNG12, GNG5","ADCY5, ADRA2A, CACNA1D, CACNA2D2, CACNB2, CACNB3, GNAI1, GNB5, GNG13, GNG3, GNG7"
"R-HSA-9663891","Selective autophagy",1.04138470745293,10,0.0402020202020202,5.1052592210467e-08,7.34754732109862e-05,"ARL13B, ATM, IFT88, PLIN2, PLIN3, TUBB6, VIM","DYNC1I1, DYNC1LI1, MAP1LC3A, PINK1, PRKAA2, TUBA4A, TUBB2A, TUBB4A, ULK1"
"R-HSA-399721","Glutamate binding, activation of AMPA receptors and synaptic plasticity",3.27532287021486,10,0.03,5.75869915926971e-08,0.000297552396423605,"CACNG4","AKAP5, CACNG2, CACNG3, CACNG8, CAMK2A, CAMK2B, CAMK2G, DLG1, DLG4, EPB41L1, GRIA1, GRIA2, GRIA3, GRIA4, PICK1, PRKCA, PRKCB, PRKCG, TSPAN7"
"R-HSA-399719","Trafficking of AMPA receptors",3.27532287021486,10,0.03,5.75869915926971e-08,0.000297552396423605,"CACNG4","AKAP5, CACNG2, CACNG3, CACNG8, CAMK2A, CAMK2B, CAMK2G, DLG1, DLG4, EPB41L1, GRIA1, GRIA2, GRIA3, GRIA4, PICK1, PRKCA, PRKCB, PRKCG, TSPAN7"
"R-HSA-418597","G alpha (z) signalling events",2.43260959006583,8,0.00804878048780488,5.81386440649178e-08,0.0322516286655289,"GNAI3, GNG12, GNG5","ADCY1, ADCY2, ADCY5, ADCY8, ADCY9, ADRA2A, GNAI1, GNAZ, GNB5, GNG13, GNG3, GNG7, PRKCA, PRKCB, PRKCE, PRKCG, PRKCQ, RGS17, RGS20, RGS4"
"R-HSA-5357801","Programmed Cell Death",1.25043114503277,10,0.219756097560976,6.19181188484614e-08,6.50575416674998e-07,"AKT2, APAF1, BCL2L11, CARD8, CASP1, CASP4, CASP6, CASP8, CDH1, CDKN2A, CFLAR, DSG2, FAS, GSN, HMGB2, IL18, IL1B, IRF1, ITCH, LMNA, LMNB1, LY96, OCLN, PAK2, PDCD6IP, PMAIP1, PSMB8, PSMB9, PSME1, PSMF1, ROCK1, SFN, TNFRSF10B, TNFSF10, TP53, VIM","APC, DNM1L, MAPK8, MAPT, OPA1, PPP1R13B, PPP3R1, PRKCQ, SATB1, SEPT4, SPTAN1, UNC5A, YWHAG, YWHAH"
"R-HSA-9617324","Negative regulation of NMDA receptor-mediated neuronal transmission",3.86800034196803,10,0.0302268920359373,6.19489015838515e-08,1.07396464488168e-07,"","ACTN2, CAMK1, CAMK2A, CAMK2B, CAMK2G, CAMK4, DLG1, DLG2, DLG3, DLG4, GRIN1, GRIN2A, GRIN2C, LRRC7, NEFL, PPM1E"
"R-HSA-438066","Unblocking of NMDA receptors, glutamate binding and activation",4.10975036334103,10,0.0302268920359373,6.19489015838515e-08,1.07396464488168e-07,"","ACTN2, CAMK2A, CAMK2B, CAMK2G, DLG1, DLG2, DLG3, DLG4, GRIA1, GRIA2, GRIA3, GRIA4, GRIN1, GRIN2A, GRIN2C, LRRC7, NEFL"
"R-HSA-4419969","Depolymerization of the Nuclear Lamina",2.36915020945542,10,0.125326633165829,6.41965569889754e-08,5.5484250799573e-05,"CCNB1, CDK1, LMNA, LMNB1, TMPO","PRKCA, PRKCB"
"R-HSA-5625740","RHO GTPases activate PKNs",1.41020845800918,10,0.0258712957388454,6.49025704488015e-08,0.0008186025889861,"CDC25C, PKN2, RHOC, SFN","MYH11, PAK1, PPP1R12B, PPP1R14A, YWHAG, YWHAH"
"R-HSA-9013407","RHOH GTPase cycle",1.55122930381009,10,0.0226010101010101,6.49025704488015e-08,0.00109232826554078,"CAV1, CSK, DBN1, PAK2, ROCK1, SLC4A7, VANGL1","ARHGDIG, PAK1, PAK6, ROCK2"
"R-HSA-5673001","RAF/MAP kinase cascade",1.17721749538157,10,0.0326515151515152,7.2790683936525e-08,0.000337130467159132,"ANGPT1, ARAF, BTC, CSK, ERBB2, FN1, IL17RD, IQGAP1, LYPLA1, PSMB8, PSMB9, PSME1, PSMF1, RGL2, TLN1","ACTN2, ARRB1, CAMK2A, CAMK2B, CAMK2G, CNKSR2, DLG1, DLG2, DLG3, DLG4, DUSP2, DUSP7, ERBB3, ERBB4, FGF1, FGF2, FGF9, FGFR2, FGFR3, GFRA2, GRIN1, JAK3, KIT, KSR2, LRRC7, MAP2K1, MAPK12, MRAS, NEFL, NRG1, NRG3, PIK3CB, PPP2R5A, PPP2R5B, PRKCQ, RAPGEF2, RASAL1, RASGEF1A, RASGRF2, RASGRP1, RET, RGL1, SHC2, SHC3, SPTAN1, SPTB, SPTBN2, SPTBN4, SYNGAP1"
"R-HSA-416993","Trafficking of GluR2-containing AMPA receptors",2.68769141408808,3,0.00609756097560976,7.44170617159424e-08,0.00108297959570285,"","GRIA1, GRIA2, GRIA3, GRIA4, PICK1, PRKCA, PRKCB, PRKCG, TSPAN7"
"R-HSA-9735871","SARS-CoV-1 targets host intracellular signalling and regulatory pathways",1.97429184121285,10,0.0699604264254563,7.55495411032148e-08,0.000114073460467704,"CAV1, SERPINE1, SFN, SMAD4, UBE2I","YWHAG, YWHAH"
"R-HSA-2454202","Fc epsilon receptor (FCERI) signaling",0.729256970550602,10,0.0103696539866753,7.92714902613737e-08,0.0006855775191055,"IKBKB, LCP2, MALT1, MAP3K1, NFATC1, NFATC3, PAK2, PSMB8, PSMB9, PSME1, PSMF1, RELA","AHCYL1, BTRC, ITPR1, MAP2K4, MAPK10, MAPK8, MAPK9, PAK1, PIK3CB, PPP3CA, PPP3CB, PPP3R1, PRKCQ, RASGRP1"
"R-HSA-71387","Metabolism of carbohydrates",1.57180529910489,10,0.02,8.03705082267398e-08,0.000402320885959482,"ACAN, B4GALT4, BGN, CD44, CHST12, CHST14, CHST3, CHST6, CHST9, CHSY1, CSPG4, DERA, DSE, FUT11, G6PC3, GAA, GLB1L, GLB1L2, GNS, GPC2, GPC4, GUSB, HAS2, HK2, HKDC1, HMMR, HSPG2, IDUA, LUM, MAN2B1, NAGLU, NUP107, NUP160, NUP205, NUP35, NUP37, NUP54, NUP62, NUP85, NUP88, PFKFB4, PGD, PGLS, PGM2, PHKG1, PYGL, RPEL1, SDC1, SGSH, SLC26A2, SLC35D2, SLC37A4, VCAN","ABCC5, ALDH1A1, ALDOC, B3GALT2, B3GAT1, B3GNT4, B4GALT6, B4GAT1, CHST1, CHST2, CHSY3, ENO2, FUT1, FUT9, GALT, GCK, GPC5, HS3ST2, HS3ST4, HS6ST2, HS6ST3, IDS, KHK, NDST3, PC, PGM2L1, PGP, PPP1R3C, PRKACB, PYGM, SDC4, SHPK, ST3GAL3, ST6GALNAC6"
"R-HSA-9833482","PKR-mediated signaling",1.28611011370437,10,0.193434343434343,8.0565452736677e-08,2.00393441405528e-06,"CDK1, FANCE, FANCF, FANCG, HERC5, IKBKB, ILF2, SPHK1, TARBP2, TP53, TRIM25, TUBB6, UBE2I","MAPT, PPP2R5A, SNCA, TUBA4A, TUBB2A, TUBB4A"
"R-HSA-9609646","HCMV Infection",0.756111768975133,10,0.0502272727272727,8.36414981735041e-08,0.00920604661004973,"EZH2, ITGB1, MVB12A, NUP107, NUP160, NUP205, NUP35, NUP37, NUP54, NUP62, NUP85, NUP88, RBBP4, TUBB6","DBP, DYNC1I1, DYNC1LI1, TUBA4A, TUBB2A, TUBB4A, VPS36"
"R-HSA-2299718","Condensation of Prophase Chromosomes",2.90100025647602,10,0.103005050505051,8.39156405501907e-08,0.00124126919267511,"CCNB1, CDK1, MCPH1, NCAPD3, NCAPG2, RB1, SMC2, SMC4",""
"R-HSA-182971","EGFR downregulation",1.1463630045752,10,0.00503781533932288,8.40518434750375e-08,0.00420719017405135,"BTC, CDC42, SPRY1","EPS15L1, SH3GL2, SH3GL3, SH3KBP1"
"R-HSA-201681","TCF dependent signaling in response to WNT",0.933655254957799,10,0.00518482699333763,8.47578855664911e-08,1.57580760759542e-06,"AKT2, CAV1, CCDC88C, DVL3, FZD1, FZD2, FZD6, HDAC1, LEF1, LRP5, LRP6, MYC, PSMB8, PSMB9, PSME1, PSMF1, PYGO1, RUNX3, RUVBL1, RYK, SFRP2, SOX3, SOX4, TCF7L1, WNT5A","APC, BTRC, HECW1, PIP5K1B, PPP2R5A, PPP2R5B, WIF1"
"R-HSA-418990","Adherens junctions interactions",1.50422235520979,10,0.00804878048780488,8.64674744620087e-08,0.000769894286316607,"ANG, CDH1, CDH11, CTNNA1, MOV10","ADAM19, ANGPTL4, BHLHE22, CADM2, CDH10, CDH12, CDH13, CDH18, CDH8, CDH9, PVR"
"R-HSA-70326","Glucose metabolism",1.31619456080856,10,0.0272704988356416,8.71315747555441e-08,0.0042363612811132,"G6PC3, HK2, HKDC1, NUP107, NUP160, NUP205, NUP35, NUP37, NUP54, NUP62, NUP85, NUP88, PFKFB4, SLC37A4","ALDOC, ENO2, GCK, PC, PGM2L1, PGP, PRKACB"
"R-HSA-9013424","RHOV GTPase cycle",1.64651365908098,10,0.0401005025125628,8.78624885595955e-08,0.00196200092104171,"ARHGAP12, CDC42, DEPDC1B, IQGAP1, PAK2, TPM4, VANGL1","MYO9A, PAK1, PAK6, PARD6A, SPTAN1"
"R-HSA-111932","CaMK IV-mediated phosphorylation of CREB",3.04605026929982,10,0.0251890766966144,9.46794382199705e-08,1.5597445528799e-07,"","CAMK2A, CAMK2B, CAMK2G, CAMK4, CAMKK1, CAMKK2"
"R-HSA-5684996","MAPK1/MAPK3 signaling",1.17017297579485,10,0.0302268920359373,1.00263073942903e-07,0.000126013627934325,"ANGPT1, ARAF, BTC, CDK1, CSK, ERBB2, FN1, IL17RD, IQGAP1, LYPLA1, PSMB8, PSMB9, PSME1, PSMF1, RGL2, TLN1","ACTN2, ARRB1, CAMK2A, CAMK2B, CAMK2G, CNKSR2, DLG1, DLG2, DLG3, DLG4, DUSP2, DUSP7, ERBB3, ERBB4, FGF1, FGF2, FGF9, FGFR2, FGFR3, GFRA2, GRIN1, JAK3, KIT, KSR2, LRRC7, MAP2K1, MAPK12, MRAS, NEFL, NRG1, NRG3, PIK3CB, PPP2R5A, PPP2R5B, PRKCQ, RAPGEF2, RASAL1, RASGEF1A, RASGRF2, RASGRP1, RET, RGL1, SHC2, SHC3, SPTAN1, SPTB, SPTBN2, SPTBN4, SYNGAP1"
"R-HSA-3214815","HDACs deacetylate histones",1.07688645884337,10,0.02,1.05939976175199e-07,0.000103407650128981,"HDAC1, HMG20B, RBBP4, REST, SAP30","CHD3, MTA3"
"R-HSA-983189","Kinesins",2.28453770197487,10,0.116592898266165,1.06123833751952e-07,1.2427735758918e-05,"CENPE, KIF11, KIF15, KIF18A, KIF18B, KIF20A, KIF22, KIF23, KIF2C, KIF4A, KIF9, KIFC1, RACGAP1, TUBB6","KIF1A, KIF1B, KIF21B, KIF3A, KIF3C, KIF5A, KIF5C, KIFC2, KLC1, KLC2, TUBA4A, TUBB2A, TUBB4A"
"R-HSA-6802955","Paradoxical activation of RAF signaling by kinase inactive BRAF",1.35380011968881,10,0.04,1.09961321484466e-07,2.5451766017043e-07,"ARAF, CSK, FN1, IQGAP1, TLN1","ARRB1, CAMK2A, CAMK2B, CAMK2G, CNKSR2, KSR2, MAP2K1"
"R-HSA-6802949","Signaling by RAS mutants",1.35380011968881,10,0.04,1.09961321484466e-07,2.5451766017043e-07,"ARAF, CSK, FN1, IQGAP1, TLN1","ARRB1, CAMK2A, CAMK2B, CAMK2G, CNKSR2, KSR2, MAP2K1"
"R-HSA-6802946","Signaling by moderate kinase activity BRAF mutants",1.35380011968881,10,0.04,1.09961321484466e-07,2.5451766017043e-07,"ARAF, CSK, FN1, IQGAP1, TLN1","ARRB1, CAMK2A, CAMK2B, CAMK2G, CNKSR2, KSR2, MAP2K1"
"R-HSA-9649948","Signaling downstream of RAS mutants",1.35380011968881,10,0.04,1.09961321484466e-07,2.5451766017043e-07,"ARAF, CSK, FN1, IQGAP1, TLN1","ARRB1, CAMK2A, CAMK2B, CAMK2G, CNKSR2, KSR2, MAP2K1"
"R-HSA-5357786","TNFR1-induced proapoptotic signaling",1.36681742853197,10,0.0190801162978517,1.1604862799496e-07,0.00259402037764154,"CASP8, RBCK1, TNFAIP3, TNFRSF1A","CYLD, OPTN, SPATA2"
"R-HSA-1566948","Elastic fibre formation",2.53837522441652,10,0.0150753768844221,1.21598141231045e-07,0.0105683684529412,"BMP2, EFEMP2, ELN, EMILIN1, EMILIN3, FBLN5, FBN1, FBN2, FBN3, FN1, ITGA5, ITGB1, ITGB8, LOX, LOXL1, LOXL2, LOXL3, LTBP2, LTBP3, MFAP2, MFAP4, TGFB1",""
"R-HSA-5693571","Nonhomologous End-Joining (NHEJ)",1.34384570704404,10,0.0451130653266332,1.26017060576772e-07,0.000335752510223414,"ATM, BARD1, BRCA1, FAM175A, MDC1, POLM, PRKDC, XRCC4, XRCC5",""
"R-HSA-5663213","RHO GTPases Activate WASPs and WAVEs",1.55122930381009,10,0.025,1.301741695946e-07,9.66528495733593e-06,"ABL1, ARPC1B, CDC42, NCKAP1L, WASF2","BAIAP2, CYFIP2, NCKIPSD, WASF1, WASF3, WIPF3"
"R-HSA-2995383","Initiation of Nuclear Envelope (NE) Reformation",2.13757913635075,10,0.150732323232323,1.30539271402699e-07,6.32320158793746e-05,"CCNB1, CCNB2, CDK1, LBR, LMNA, LMNB1, TMPO, VRK2",""
"R-HSA-9609736","Assembly and cell surface presentation of NMDA receptors",2.53837522441652,10,0.0503781533932288,1.35629147718063e-07,1.93906346703102e-06,"TUBB6","ACTN2, APBA1, CAMK2A, CAMK2B, CAMK2G, DLG1, DLG2, DLG3, DLG4, GRIN1, GRIN2A, GRIN2C, LIN7A, LIN7B, LRRC7, NBEA, NEFL, TUBA4A, TUBB2A, TUBB4A"
"R-HSA-6796648","TP53 Regulates Transcription of DNA Repair Genes",0.787771621370643,10,0.0554159687325516,1.44728800981853e-07,0.000106920345356065,"ATM, BRCA1, CHEK1, DDB2, FANCD2, FANCI, MDC1, SSRP1, TP53",""
"R-HSA-109606","Intrinsic Pathway for Apoptosis",1.41020845800918,10,0.0594060729177804,1.46904584634006e-07,0.0001222282090982,"AKT2, APAF1, BCL2L11, CARD8, CASP8, CDKN2A, PMAIP1, SFN, TP53","MAPK8, PPP1R13B, PPP3R1, SEPT4, YWHAG, YWHAH"
"R-HSA-389958","Cooperation of Prefoldin and TriC/CCT  in actin and tubulin folding",0.951890709156194,10,0.0381602325957034,1.76092613505979e-07,1.51122414467413e-06,"CCT6A, CCT6B, TUBB6","TUBA4A, TUBB2A, TUBB4A"
"R-HSA-9687139","Aberrant regulation of mitotic cell cycle due to RB1 defects",1.12816676640734,10,0.015,1.81395974056893e-07,0.00790047441990631,"CCND1, CDK2, CDK4, CDK6, RB1, SKP2, UBE2C","ANAPC15"
"R-HSA-9646399","Aggrephagy",1.08787509617851,10,0.0326633165829146,1.87203843528298e-07,0.00344052317699449,"ARL13B, IFT88, TUBB6, VIM","DYNC1I1, DYNC1LI1, TUBA4A, TUBB2A, TUBB4A"
"R-HSA-162909","Host Interactions of HIV factors",0.833496342345722,10,0.0376767676767677,1.88739228164798e-07,0.00131256027142972,"APOBEC3G, HLA-A, NUP107, NUP160, NUP205, NUP35, NUP37, NUP54, NUP62, NUP85, NUP88, PAK2, PSMB8, PSMB9, PSME1, PSMF1, RCC1","ATP6V1H, BTRC, ELMO1, RANGAP1, SLC25A4"
"R-HSA-69166","Removal of the Flap Intermediate",2.17575019235701,10,0.0121951219512195,1.89597418476361e-07,0.00250728895134249,"PCNA, POLA1, POLD1, POLD3, PRIM1, PRIM2",""
"R-HSA-5358565","Mismatch repair (MMR) directed by MSH2:MSH6 (MutSalpha)",2.17575019235701,9,0.0151515151515152,1.89597418476361e-07,0.0484075567143658,"EXO1, LIG1, MSH6, PCNA, POLD1, POLD3",""
"R-HSA-69231","Cyclin D associated events in G1",1.62023950494671,10,0.0576507537688442,2.03517397836419e-07,2.94274431278781e-06,"ABL1, CCND1, CDK2, CDK4, CDK6, CDKN2A, CDKN2B, CDKN2C, CKS1B, E2F5, PPP2R3B, RB1, RBL1, SKP2","CDKN2D"
"R-HSA-69236","G1 Phase",1.62023950494671,10,0.0576507537688442,2.03517397836419e-07,2.94274431278781e-06,"ABL1, CCND1, CDK2, CDK4, CDK6, CDKN2A, CDKN2B, CDKN2C, CKS1B, E2F5, PPP2R3B, RB1, RBL1, SKP2","CDKN2D"
"R-HSA-9013420","RHOU GTPase cycle",1.39610637342908,10,0.0200502512562814,2.12676873328633e-07,0.000541257821476533,"ARHGEF6, CDC42, DEPDC1B, IQGAP1, PAK2, VANGL1","PAK1, PAK3, PARD6A, PTK2B, SPTAN1"
"R-HSA-6782135","Dual incision in TC-NER",1.04758342594967,10,0.0250628140703518,2.1478509940441e-07,0.0155999840554993,"AQR, ERCC4, ERCC8, PCNA, POLD1, POLD3, POLE2, RFC1, RFC2, RFC3, RFC4, RFC5, UVSSA",""
"R-HSA-9824585","Regulation of MITF-M-dependent genes involved in pigmentation",1.69225014961101,10,0.025,2.17715632637571e-07,0.000365954665812627,"ACTL6A, AKT2, BCL7C, LEF1, RAB27A, SMARCC1, SMARCE1, SS18","BCL7A, DPF1, MYO5A, SS18L1"
"R-HSA-389957","Prefoldin mediated transfer of substrate  to CCT/TriC",1.12816676640734,10,0.0451200749213994,2.43542862532422e-07,4.09201735315326e-07,"CCT6A, CCT6B, TUBB6","TUBA4A, TUBB2A, TUBB4A"
"R-HSA-110312","Translesion synthesis by REV1",2.53837522441652,10,0.0802010050251256,2.44697934833821e-07,3.36571009317438e-05,"MAD2L2, PCNA, REV3L, RFC1, RFC2, RFC3, RFC4, RFC5",""
"R-HSA-977443","GABA receptor activation",2.88849594502569,10,0.0083112582781457,2.84818831510402e-07,0.00380758290011967,"GNAI3, GNG12, GNG5","ADCY1, ADCY2, ADCY5, ADCY8, ADCY9, ARHGEF9, GABBR1, GABBR2, GABRA1, GABRA2, GABRA4, GABRA5, GABRA6, GABRB1, GABRB2, GABRB3, GABRG2, GNAI1, GNAL, GNB5, GNG13, GNG3, GNG7, KCNJ16, KCNJ2, KCNJ3, KCNJ4, KCNJ6, KCNJ9, NPTN"
"R-HSA-422356","Regulation of insulin secretion",2.4082021359849,10,0.0222453732075009,2.87462804805968e-07,0.00067479103622664,"CD36, GNG12, GNG5, IQGAP1","ABCC8, ACSL3, ADCY5, ADCY8, ADRA2A, AHCYL1, AKAP5, CACNA1D, CACNA1E, CACNA2D2, CACNB2, CACNB3, CHRM3, GNA14, GNAI1, GNB5, GNG13, GNG3, GNG7, ITPR1, KCNB1, KCNS3, PLCB1, PRKACB, PRKAR1B, PRKAR2B, PRKCA, RAPGEF4, SNAP25, STX1A, STXBP1, SYT5, VAMP2"
"R-HSA-72165","mRNA Splicing - Minor Pathway",0.957877443176044,10,0.0645782101999358,2.9006889170449e-07,0.00337897757270203,"NCBP1, SF3B6, SNRNP40, SNRPB, SNRPD1, SNRPE, SNRPF, SNRPG, YBX1","SNRNP25"
"R-HSA-8874081","MET activates PTK2 signaling",2.36915020945542,7,0.00609756097560976,2.96241479265119e-07,0.0169353844162047,"COL1A1, COL1A2, COL3A1, COL5A1, COL5A2, FN1, ITGA2, ITGB1, LAMA1, LAMA2, LAMA4, LAMB2, LAMC1","COL24A1"
"R-HSA-9675126","Diseases of mitotic cell cycle",1.06878956817538,10,0.015,3.08327249946696e-07,0.0109676032745803,"CCND1, CDK2, CDK4, CDK6, RB1, SKP2, UBE2C","ANAPC15"
"R-HSA-5358508","Mismatch Repair",2.03070017953321,7,0.0100502512562814,3.1445156135732e-07,0.0414688642451393,"EXO1, LIG1, MSH6, PCNA, POLD1, POLD3",""
"R-HSA-9696264","RND3 GTPase cycle",1.32962511755151,10,0.04,3.7162854028117e-07,0.00189430457202839,"CAV1, CKAP4, DEPDC1B, ROCK1, SCRIB, TMOD3, VANGL1, VANGL2","KCTD13, PKP4, SEMA4F"
"R-HSA-156711","Polo-like kinase mediated events",2.85567212746858,10,0.0191463414634146,3.83707915594296e-07,0.0047663183634423,"CCNB1, CCNB2, CDC25A, CDC25C, CENPF, FOXM1, MYBL2, RBBP4, WEE1",""
"R-HSA-6791312","TP53 Regulates Transcription of Cell Cycle Genes",1.55410728025501,10,0.0906806761078118,3.93993240933275e-07,0.000122016344161022,"AURKA, CCNA2, CCNB1, CDC25C, CDK1, CDK2, CNOT10, E2F7, E2F8, PCNA, RBL1, SFN, TP53","PLK2, RGCC"
"R-HSA-5655862","Translesion synthesis by POLK",2.38905903474496,10,0.0751884422110553,4.12223881530517e-07,5.14920530047716e-05,"MAD2L2, PCNA, REV3L, RFC1, RFC2, RFC3, RFC4, RFC5",""
"R-HSA-2173796","SMAD2/SMAD3:SMAD4 heterotrimer regulates transcription",1.69225014961101,10,0.0300753768844221,4.50101573527853e-07,0.00411518891798711,"CDKN2B, COL1A2, E2F5, HDAC1, MYC, RBL1, SERPINE1, SMAD4, TGIF1, TGIF2, WWTR1, YBX1",""
"R-HSA-212165","Epigenetic regulation of gene expression",0.85289407540395,10,0.055,4.85191493123477e-07,0.000130802970863882,"CBX3, DEK, DNMT3A, DNMT3B, EZH2, HDAC1, KDM6A, PAGR1, PHF19, POLR1B, RBBP4, SAP30, SIN3A, TAF1A, TAF1B, TDG, TET1, TET2, UHRF1","CHD3, MTA3"
"R-HSA-3858494","Beta-catenin independent WNT signaling",1.43549495449762,10,0.035,5.94258870134623e-07,9.7318242307064e-05,"DVL3, FZD1, FZD2, FZD6, GNG12, GNG5, LEF1, MOV10, MYC, NFATC1, PFN1, PSMB8, PSMB9, PSME1, PSMF1, RAC2, ROR1, ROR2, RYK, SCRIB, TCF7L1, VANGL2, WNT5A","CAMK2A, CLTB, GNB5, GNG13, GNG3, GNG7, ITPR1, NLK, PARD6A, PLCB1, PPP3CA, PPP3CB, PPP3R1, PRICKLE1, PRKCA, PRKCB, PRKCG, SMURF1"
"R-HSA-1632852","Macroautophagy",0.839763232137795,10,0.0282978723404255,6.36936458719789e-07,0.000780015275594205,"ARL13B, ATM, IFT88, MAP1LC3C, PLIN2, PLIN3, TUBB6, VIM","ATG13, ATG9A, DYNC1I1, DYNC1LI1, GABARAPL1, GABARAPL3, MAP1LC3A, PINK1, PRKAA2, TSC1, TUBA4A, TUBB2A, TUBB4A, ULK1"
"R-HSA-211000","Gene Silencing by RNA",1.00281490347319,10,0.0231382978723404,6.4968411306255e-07,0.0042363612811132,"ANG, BCDIN3D, NUP107, NUP160, NUP205, NUP35, NUP37, NUP54, NUP62, NUP85, NUP88, TARBP2, XPO5","HENMT1, MAEL, TDRD6"
"R-HSA-168799","Neurotoxicity of clostridium toxins",5.07675044883303,10,0.0166463414634146,6.66667521757483e-07,0.00198091932858661,"","SNAP25, STX1A, STX1B, SV2A, SV2B, SV2C, SYT1, SYT2, VAMP1, VAMP2"
"R-HSA-9610379","HCMV Late Events",0.742939090073127,10,0.0151134460179686,7.26617365665174e-07,0.00460268741107424,"MVB12A, NUP107, NUP160, NUP205, NUP35, NUP37, NUP54, NUP62, NUP85, NUP88","DBP, VPS36"
"R-HSA-416482","G alpha (12/13) signalling events",1.64994389587074,9,0.015,8.41679158806499e-07,0.0273407998663471,"AKAP13, ARHGEF40, ARHGEF6, ECT2, GNA13, GNG12, GNG5, RHOC, ROCK1","ABR, ARHGEF2, ARHGEF3, ARHGEF37, ARHGEF9, GNB5, GNG13, GNG3, GNG7, KALRN, MCF2, MCF2L, NGEF, RASGRF2, ROCK2, TIAM1, TIAM2"
"R-HSA-111447","Activation of BAD and translocation to mitochondria",1.69225014961101,10,0.0301507537688442,8.44848668563858e-07,0.0034964749962212,"AKT2, SFN","PPP3R1, YWHAG, YWHAH"
"R-HSA-1227986","Signaling by ERBB2",1.34689297622101,10,0.0258078471829345,9.65620640298227e-07,0.00092155192744771,"AKT2, BTC, ERBB2, GAB1, YES1","ERBB3, ERBB4, MATK, NRG1, NRG3, PRKCA, PRKCE, RNF41"
"R-HSA-381676","Glucagon-like Peptide-1 (GLP1) regulates insulin secretion",2.05487518167051,7,0.01,1.02991464629257e-06,2.76212741260868e-06,"GNG12, GNG5, IQGAP1","ADCY5, ADCY8, AKAP5, GNB5, GNG13, GNG3, GNG7, ITPR1, KCNB1, KCNS3, PRKACB, PRKAR1B, PRKAR2B, RAPGEF4"
"R-HSA-1257604","PIP3 activates AKT signaling",0.923045536151461,10,0.045,1.15837968090295e-06,0.000681877278184301,"AKT2, BTC, CBX2, ERBB2, EZH2, GAB1, HDAC1, IL1RAP, IRAK4, MECOM, MIR21, MOV10, MYD88, NEDD4, PHC1, PIK3AP1, PSMB8, PSMB9, PSME1, PSMF1, RAC2, RBBP4, REST, SNAI2, TP53, TRIB3","CBX6, CHD3, ERBB3, ERBB4, FGF1, FGF2, FGF9, FGFR2, FGFR3, HDAC5, KIT, MTA3, NR2E1, NR4A1, NRG1, NRG3, OTUD3, PHLPP2, PIK3CB, PIP4K2A, PIP4K2B, PIP4K2C, PIP5K1B, PIP5K1C, PPP2R5A, PPP2R5B"
"R-HSA-9843745","Adipogenesis",1.07124092039596,10,0.035,1.16612064762917e-06,0.000834452780931299,"CD36, CDK4, EBF1, HDAC1, MED1, MED14, MED17, MED20, NR2F2, RBBP4, RELA, SMAD1, SMAD4, TGFB1, ZNF423","ANGPTL4, CHD3, COX7A1, DIO2, MED8, MTA3, PPARGC1B, WNT10B"
"R-HSA-202424","Downstream TCR signaling",0.923045536151461,4,0.00609756097560976,1.18089025565408e-06,1.66300593290985e-06,"HLA-DPA1, HLA-DPB1, HLA-DQA1, HLA-DRA, HLA-DRB1, IKBKB, MALT1, PSMB8, PSMB9, PSME1, PSMF1, RELA, RIPK2, TRAC","BTRC, PIK3CB, PRKCQ, TRBC1"
"R-HSA-6804757","Regulation of TP53 Degradation",1.12816676640734,10,0.0645782101999358,1.25446858503531e-06,6.03039267819994e-05,"AKT2, ATM, CCNA2, CDK1, CDK2, CDKN2A, CHEK2, TP53",""
"R-HSA-1445148","Translocation of SLC2A4 (GLUT4) to the plasma membrane",1.08787509617851,10,0.0478529008679763,1.26319687164005e-06,0.00238070111481233,"AKT2, RAB13, SFN, TBC1D1, TUBB6","EXOC6, KIF3A, MYO5A, PRKAA2, TUBA4A, TUBB2A, TUBB4A, VAMP2, YWHAG, YWHAH"
"R-HSA-428930","Thromboxane signalling through TP receptor",1.69225014961101,6,0.0050251256281407,1.31519939797559e-06,4.61519649120801e-06,"GNA13, GNG12, GNG5","GNA14, GNB5, GNG13, GNG3, GNG7"
"R-HSA-6804114","TP53 Regulates Transcription of Genes Involved in G2 Cell Cycle Arrest",2.25633353281468,10,0.125606060606061,1.36593706032994e-06,1.01990592630483e-05,"AURKA, CCNB1, CDC25C, CDK1, PCNA, RBL1, SFN, TP53",""
"R-HSA-9837999","Mitochondrial protein degradation",0.804850680912554,10,0.0275753768844221,1.40302097119272e-06,0.000524834317143688,"HSD17B10, PDK1, SHMT2, SSBP1, SUCLG2","ACADSB, ALDH2, ARG2, BDH1, GLUD1, OPA1, OXCT1, STAR"
"R-HSA-187577","SCF(Skp2)-mediated degradation of p27/p21",0.860466177768311,10,0.0150753768844221,1.42403105374227e-06,2.57244835094511e-05,"CCNA2, CCND1, CDK2, CDK4, CKS1B, PSMB8, PSMB9, PSME1, PSMF1, SKP2",""
"R-HSA-176408","Regulation of APC/C activators between G1/S and early anaphase",0.951890709156194,10,0.0259241349666882,1.42474162871075e-06,0.000293440505631314,"BUB1B, CCNA2, CCNB1, CDC20, CDK1, CDK2, FBXO5, MAD2L1, PSMB8, PSMB9, PSME1, PSMF1, UBE2C","ANAPC15, BTRC"
"R-HSA-6806003","Regulation of TP53 Expression and Degradation",1.23488524431074,10,0.0645782101999358,1.54035997110884e-06,7.16597410405956e-05,"AKT2, ATM, CCNA2, CDK1, CDK2, CDKN2A, CHEK2, PRDM1, TP53",""
"R-HSA-9705671","SARS-CoV-2 activates/modulates innate and adaptive immune responses",0.982596861064458,10,0.0200502512562814,1.63088909749906e-06,0.00736446284108824,"HLA-A, HLA-B, HLA-F, HLA-G, IFIH1, IKBKB, IL17RA, MASP1, NUP107, NUP160, NUP205, NUP35, NUP37, NUP54, NUP62, NUP85, NUP88, RIPK2, RNF135, SEC24D, TLR1, TLR8, TRIM25, TRIM4",""
"R-HSA-3214858","RMTs methylate histone arginines",1.42783606373429,10,0.025,1.66055877290711e-06,4.79533258221959e-05,"ACTL6A, CCND1, CDK4, DNMT3A, PRMT3, PRMT5, SMARCC1, SMARCE1","ACTL6B"
"R-HSA-6807070","PTEN Regulation",0.753324260149418,10,0.048326414115205,1.69840641081056e-06,0.000524484139973721,"AKT2, CBX2, EZH2, HDAC1, MECOM, MIR21, MOV10, NEDD4, PHC1, PSMB8, PSMB9, PSME1, PSMF1, RBBP4, REST, SNAI2, TP53","CBX6, CHD3, HDAC5, MTA3, NR2E1, OTUD3"
"R-HSA-9612973","Autophagy",0.857559197438013,10,0.0206885491286218,2.00195906667067e-06,0.00208660599636843,"ARL13B, ATM, IFT88, MAP1LC3C, MVB12A, PLIN2, PLIN3, TUBB6, VIM","ATG13, ATG9A, DYNC1I1, DYNC1LI1, GABARAPL1, GABARAPL3, HBB, MAP1LC3A, PINK1, PRKAA2, RNASE1, TSC1, TUBA4A, TUBB2A, TUBB4A, ULK1"
"R-HSA-9706574","RHOBTB GTPase Cycle",1.59555014106181,10,0.07,2.16486528688209e-06,0.000326927451681026,"CCT6A, DBN1, HNRNPC, PDE5A, RHOBTB1, ROCK1, TMOD3, TWF1, VIM","RHOBTB2, ROCK2"
"R-HSA-1500931","Cell-Cell communication",1.27759282818315,10,0.0250628140703518,2.19199407829839e-06,0.000192917926605636,"ANG, ARHGEF6, CD151, CD2AP, CDH1, CDH11, CLDN1, CTNNA1, FBLIM1, FLNA, FLNC, IQGAP1, ITGB1, KIRREL, MOV10, PARD6G, PXN, RSU1","ACTN2, ADAM19, ANGPTL4, BHLHE22, CADM2, CDH10, CDH12, CDH13, CDH18, CDH8, CDH9, CLDN10, CLDN11, KIRREL3, PARD6A, PIK3CB, PTK2B, PVR, SIRPA, SPTAN1"
"R-HSA-9009391","Extra-nuclear estrogen signaling",1.35380011968881,6,0.00503781533932288,2.3572070596746e-06,1.22774099139116e-05,"AKT2, BTC, CAV1, CAV2, CCND1, GNAI3, GNG12, GNG5, HSBP1, MMP2, MMP9, S1PR3, SPHK1","GNAI1, GNB5, GNG13, GNG3, GNG7, PRKCZ, ZDHHC21"
"R-HSA-1799339","SRP-dependent cotranslational protein targeting to membrane",0.679921935111567,10,0.0395692786715101,2.38741721802038e-06,0.0100191624336042,"DDOST, RPL22L1, RPLP0, RPN1, RPN2, RPS27L, SEC11A, SEC61A1, SEC61B, SEC61G, SSR1, SSR4, TRAM1","RPS4Y1, SEC61A2"
"R-HSA-9696270","RND2 GTPase cycle",1.32962511755151,10,0.0302268920359373,2.49181907190737e-06,0.00116292000107102,"CAV1, CKAP4, DEPDC1B, KIF14, LRRC1, SCRIB, VANGL1, VANGL2","KCTD13, PKP4, SGK223"
"R-HSA-5619102","SLC transporter disorders",1.18817563696092,10,0.0150757575757576,2.50335366107434e-06,0.0114910074893861,"CP, NUP107, NUP160, NUP205, NUP35, NUP37, NUP54, NUP62, NUP85, NUP88, SLC16A1, SLC24A1, SLC26A2, SLC2A10, SLC7A7","GCK, SLC1A1, SLC24A4, SLC26A4, SLC27A4, SLC4A4, SLC9A6"
"R-HSA-73856","RNA Polymerase II Transcription Termination",0.909268737104424,10,0.0437765957446808,2.52615199201427e-06,0.00738164676816381,"ALYREF, CPSF3, DDX39A, DHX38, NCBP1, SNRPB, SNRPE, SNRPF, SNRPG, SRSF3, ZNF473","LSM11"
"R-HSA-9755511","KEAP1-NFE2L2 pathway",1.15020127356373,10,0.0409057482534624,2.62852701161249e-06,0.000891329510243735,"ABCC1, ABCC3, AKT2, BACH1, BRCA1, CCL2, CDKN2A, HMOX1, IDH1, MIR155, MYC, NOTCH1, PGD, PSMB8, PSMB9, PSME1, PSMF1, RELA, SKP2, SOD3, TRIM21","BTRC, FBXL17, MAFG, MAFK, ME1, PRKAA2, SESN1, SRXN1"
"R-HSA-2206281","Mucopolysaccharidoses",2.76913660845438,10,0.0141225165562914,2.8280769894156e-06,0.0118396033052872,"GNS, GUSB, IDUA, NAGLU, SGSH","IDS"
"R-HSA-264870","Caspase-mediated cleavage of cytoskeletal proteins",2.53837522441652,10,0.0358806226253217,2.87783402991341e-06,0.00324013593639194,"CASP6, CASP8, GSN, VIM","MAPT, SPTAN1"
"R-HSA-8964539","Glutamate and glutamine metabolism",2.34311559176909,10,0.0222961320522296,2.94993411683134e-06,0.00347474061035773,"GLS, PYCR1","GLS2, GLUD1, GOT2, OAT"
"R-HSA-5218900","CASP8 activity is inhibited",2.30761384037865,9,0.0121951219512195,3.07467936636836e-06,4.40549754865027e-06,"CASP8, CFLAR, FAS, TNFRSF10B, TNFSF10",""
"R-HSA-69416","Dimerization of procaspase-8",2.30761384037865,9,0.0121951219512195,3.07467936636836e-06,4.40549754865027e-06,"CASP8, CFLAR, FAS, TNFRSF10B, TNFSF10",""
"R-HSA-3371378","Regulation by c-FLIP",2.30761384037865,9,0.0121951219512195,3.07467936636836e-06,4.40549754865027e-06,"CASP8, CFLAR, FAS, TNFRSF10B, TNFSF10",""
"R-HSA-68884","Mitotic Telophase/Cytokinesis",2.11531268701376,10,0.0598013245033113,3.10837773243703e-06,0.00247677076196771,"KIF20A, KIF23, SMC1A, SMC3, STAG1",""
"R-HSA-8875878","MET promotes cell motility",1.98117090686167,9,0.01,3.11767312453906e-06,0.0368312017470569,"COL1A1, COL1A2, COL3A1, COL5A1, COL5A2, DOCK7, FN1, GAB1, ITGA2, ITGB1, LAMA1, LAMA2, LAMA4, LAMB2, LAMC1","COL24A1"
"R-HSA-8986944","Transcriptional Regulation by MECP2",2.37460908090577,10,0.0401005025125628,3.20558244260188e-06,6.61591796872176e-06,"AURKB, DLL1, HDAC1, LBR, MOV10, NOTCH1, SIN3A","BDNF, CAMK2A, CAMK2B, CAMK2G, CAMK4, CRH, GAD1, GAD2, GPRIN1, GRIA2, GRIN2A, HTT, MECP2, MEF2C, MOBP, OPRK1, PTPN4, PVALB, RBFOX1, SLC2A3, SST, TRPC3"
"R-HSA-9022692","Regulation of MECP2 expression and activity",1.74513296678636,10,0.0719389012071939,3.36217987459527e-06,6.58999613388964e-06,"AURKB, HDAC1, LBR, MOV10, SIN3A","CAMK2A, CAMK2B, CAMK2G, CAMK4, HTT, MECP2"
"R-HSA-917977","Transferrin endocytosis and recycling",1.52302513464991,10,0.0258078471829345,3.44027456260649e-06,0.00534719903698801,"STEAP3","ATP6V0A1, ATP6V1A, ATP6V1B2, ATP6V1D, ATP6V1E1, ATP6V1G2, ATP6V1H, TF"
"R-HSA-9619483","Activation of AMPK downstream of NMDARs",1.31619456080856,10,0.0275628140703518,3.6310524684873e-06,0.00102969970018598,"TUBB6","CAMKK2, MAPT, PRKAA2, TUBA4A, TUBB2A, TUBB4A"
"R-HSA-8939243","RUNX1 interacts with co-factors whose precise effect on RUNX1 targets is not known",1.09767577272066,4,0.00765957446808511,3.6828953381603e-06,0.0218039388136151,"ACTL6A, CBFB, CBX2, PHC1, SMARCC1, SMARCE1","ACTL6B, CBX6"
"R-HSA-8878166","Transcriptional regulation by RUNX2",1.24767595776405,10,0.0539900662251656,3.75196627316509e-06,0.00189268928603228,"ABL1, AKT2, BMP2, CBFB, CCNB1, CCND1, CDK1, CDK4, COL1A1, GLI2, HES1, HEY2, ITGA5, ITGBL1, LGALS3, PSMB8, PSMB9, PSME1, PSMF1, RB1, RUNX2, SKP2, SMAD1, SMAD4, WWTR1, YES1","HIVEP3, PPARGC1B, SMURF1"
"R-HSA-427389","ERCC6 (CSB) and EHMT2 (G9a) positively regulate rRNA expression",1.41020845800918,10,0.0302268920359373,4.00106149939464e-06,0.00216237639145203,"CBX3, HDAC1, RBBP4","CHD3, MTA3"
"R-HSA-6802952","Signaling by BRAF and RAF1 fusions",1.74513296678636,10,0.138181818181818,4.32092090100442e-06,9.82637578711663e-06,"AGTRAP, AP3B1, ARAF, BCL2L11, CSK, FAM114A2, FN1, IQGAP1, LMNA, TLN1, TRIM24, ZC3HAV1","AGK, ARRB1, CAMK2A, CAMK2B, CAMK2G, CLCN6, CNKSR2, FAM131B, KSR2, MAP2K1"
"R-HSA-4086398","Ca2+ pathway",1.80142757861817,10,0.0150376884422111,4.43617725819627e-06,0.000123156362288829,"FZD2, FZD6, GNG12, GNG5, LEF1, MOV10, MYC, NFATC1, TCF7L1, WNT5A","CAMK2A, GNB5, GNG13, GNG3, GNG7, ITPR1, NLK, PLCB1, PPP3CA, PPP3CB, PPP3R1, PRKCA"
"R-HSA-9734009","Defective Intrinsic Pathway for Apoptosis",2.03070017953321,10,0.0771341463414634,4.46902755074021e-06,0.000135981511818834,"BCL2L11, CAPN2, CDC25A, CDC25C, CDKN2A, LMNA, LMNB1, TP53","CDK5, CDK5R1"
"R-HSA-111367","SLBP independent Processing of Histone Pre-mRNAs",3.55372531418312,10,0.0728535353535354,4.46942427935252e-06,0.000135503920544502,"NCBP1, SNRPB, SNRPE, SNRPF, SNRPG, ZNF473","LSM11"
"R-HSA-8941326","RUNX2 regulates bone development",1.96519372212892,10,0.0200502512562814,4.76409944453047e-06,0.0016292100137766,"ABL1, CBFB, COL1A1, GLI2, HES1, HEY2, RB1, RUNX2, SMAD1, SMAD4, WWTR1, YES1",""
"R-HSA-2219528","PI3K/AKT Signaling in Cancer",0.870300076942806,10,0.0135975609756098,4.86823233932705e-06,0.0105292563291999,"AKT2, BTC, ERBB2, GAB1, PIK3AP1, RAC2","ERBB3, ERBB4, FGF1, FGF2, FGF9, FGFR2, FGFR3, KIT, NR4A1, NRG1, NRG3, PIK3CB"
"R-HSA-69002","DNA Replication Pre-Initiation",1.05556197450984,10,0.0350879396984925,5.15119369157987e-06,0.00657003715087998,"CDK2, CDT1, DBF4, MCM10, MCM2, MCM3, MCM4, MCM5, MCM7, MCM8, ORC2, POLA1, POLE2, PRIM1, PRIM2, PSMB8, PSMB9, PSME1, PSMF1, UBE2C","ANAPC15"
"R-HSA-163685","Integration of energy metabolism",2.02129878981315,10,0.0276381909547739,5.45085620324455e-06,0.00810003319033706,"ACLY, CD36, GNG12, GNG5, IQGAP1","ABCC8, ACACB, ACSL3, ADCY1, ADCY2, ADCY5, ADCY8, ADCY9, ADRA2A, AHCYL1, AKAP5, CACNA1D, CACNA1E, CACNA2D2, CACNB2, CACNB3, CHRM3, GNA14, GNAI1, GNB5, GNG13, GNG3, GNG7, ITPR1, KCNB1, KCNS3, PLCB1, PRKAA2, PRKACB, PRKAR1B, PRKAR2B, PRKCA, RAPGEF4, SNAP25, STX1A, STXBP1, SYT5, VAMP2"
"R-HSA-2219530","Constitutive Signaling by Aberrant PI3K in Cancer",1.04138470745293,10,0.0150376884422111,5.52445247794968e-06,0.00192747011280434,"BTC, ERBB2, GAB1, PIK3AP1, RAC2","ERBB3, ERBB4, FGF1, FGF2, FGF9, FGFR2, FGFR3, KIT, NRG1, NRG3, PIK3CB"
"R-HSA-1221632","Meiotic synapsis",1.94111046573028,10,0.0959829635984802,5.69082816769815e-06,1.02349926467902e-05,"BRCA1, DIDO1, LMNA, LMNB1, POT1, REC8, SMC1A, SMC3, STAG1, SYNE2, UBE2I","SYCE1, SYNE1"
"R-HSA-162906","HIV Infection",0.762601998751743,10,0.0376767676767677,5.69291311463752e-06,0.00263687788983546,"APOBEC3G, CCR5, CXCR4, HLA-A, LIG1, MVB12A, NCBP1, NUP107, NUP160, NUP205, NUP35, NUP37, NUP54, NUP62, NUP85, NUP88, PAK2, PDCD6IP, PSMB8, PSMB9, PSME1, PSMF1, RCC1, SSRP1, XRCC4, XRCC5","ATP6V1H, BTRC, ELMO1, NEDD4L, NMT2, RANGAP1, SLC25A4, TAF4B, TAF7L"
"R-HSA-450282","MAPK targets/ Nuclear events mediated by MAP kinases",1.80142757861817,9,0.0159574468085106,6.20814643407957e-06,0.000446129221582835,"ATF1, MAPK7","DUSP3, DUSP7, MAPK10, MAPK11, MAPK8, MAPK9, MEF2A, MEF2C, RPS6KA2"
"R-HSA-8956320","Nucleotide biosynthesis",1.81312516029751,10,0.0375753768844221,6.46425987272656e-06,0.0181963067627326,"CAD, GART, IMPDH2, PAICS, UMPS",""
"R-HSA-74752","Signaling by Insulin receptor",1.00281490347319,10,0.00556134330187523,6.93232710631674e-06,0.0081890598362694,"AKT2, GAB1, TRIB3","ATP6V0A1, ATP6V1A, ATP6V1B2, ATP6V1D, ATP6V1E1, ATP6V1G2, ATP6V1H, FGF1, FGF2, FGF9, FGFR2, FGFR3, PIK3CB"
"R-HSA-456926","Thrombin signalling through proteinase activated receptors (PARs)",1.63766143510743,6,0.0050251256281407,7.01716265954358e-06,2.44741056267789e-05,"F2R, GNA13, GNG12, GNG5","ARRB1, GNA14, GNB5, GNG13, GNG3, GNG7"
"R-HSA-202403","TCR signaling",1.0489153819903,4,0.00636003876595057,7.09653964789132e-06,9.95887698996743e-06,"CSK, ENAH, HLA-DPA1, HLA-DPB1, HLA-DQA1, HLA-DRA, HLA-DRB1, IKBKB, LCP2, MALT1, PAK2, PSMB8, PSMB9, PSME1, PSMF1, RELA, RIPK2, TRAC","BTRC, EVL, PAK1, PAK3, PIK3CB, PRKCQ, TRBC1"
"R-HSA-6783310","Fanconi Anemia Pathway",1.30545011541421,9,0.0050251256281407,7.30495999010183e-06,0.0224850960253941,"ATRIP, DCLRE1B, ERCC4, FANCD2, FANCE, FANCF, FANCG, FANCI","EME2"
"R-HSA-9725371","Nuclear events stimulated by ALK signaling in cancer",1.45050012823801,10,0.0325,7.30495999010183e-06,0.00121918322152482,"CCNB1, FOXM1, HDAC1, MIR21, MOV10, NOTCH1, RB1, STAT5A, ZC3HC1","MECP2"
"R-HSA-1630316","Glycosaminoglycan metabolism",1.85341683052635,10,0.0191463414634146,7.68444477453375e-06,0.0234571726212968,"ACAN, B4GALT4, BGN, CD44, CHST12, CHST14, CHST3, CHST6, CHST9, CHSY1, CSPG4, DSE, GLB1L, GLB1L2, GNS, GPC2, GPC4, GUSB, HAS2, HMMR, HSPG2, IDUA, LUM, NAGLU, SDC1, SGSH, SLC26A2, SLC35D2, VCAN","ABCC5, B3GAT1, B3GNT4, B4GALT6, B4GAT1, CHST1, CHST2, CHSY3, GPC5, HS3ST2, HS3ST4, HS6ST2, HS6ST3, IDS, NDST3, SDC4, ST3GAL3"
"R-HSA-77588","SLBP Dependent Processing of Replication-Dependent Histone Pre-mRNAs",3.23065937653011,10,0.0720744680851064,8.15079603093436e-06,0.000212189604225758,"NCBP1, SNRPB, SNRPE, SNRPF, SNRPG, ZNF473","LSM11"
"R-HSA-525793","Myogenesis",2.10072432365505,10,0.0246951219512195,9.06855416614829e-06,0.00150420297073822,"ABL1, CDC42, CDON, CTNNA1, TCF12, TCF3","CTNNA2, MAPK11, MAPK12, MEF2A, MEF2C, MEF2D"
"R-HSA-421270","Cell-cell junction organization",1.23967162122667,10,0.00503781533932288,9.93689995750406e-06,0.018400878525534,"ANG, CDH1, CDH11, CLDN1, CTNNA1, MOV10, PARD6G","ADAM19, ANGPTL4, BHLHE22, CADM2, CDH10, CDH12, CDH13, CDH18, CDH8, CDH9, CLDN10, CLDN11, PARD6A, PVR"
"R-HSA-163359","Glucagon signaling in metabolic regulation",1.99993199499483,7,0.01,1.0480724351052e-05,0.0272876836872516,"GNG12, GNG5","ADCY1, ADCY2, ADCY5, ADCY8, ADCY9, GNG13, GNG3, GNG7, PRKACB, PRKAR1B, PRKAR2B"
"R-HSA-4641262","Disassembly of the destruction complex and recruitment of AXIN to the membrane",1.47389529159669,10,0.00609756097560976,1.0606806332839e-05,2.23756109055543e-05,"CAV1, DVL3, FZD1, FZD2, LRP5, LRP6","APC, PPP2R5A, PPP2R5B"
"R-HSA-68949","Orc1 removal from chromatin",1.08787509617851,10,0.075554540378661,1.06603452313677e-05,0.000146431338350792,"CCNA2, CDK2, CDT1, MCM2, MCM3, MCM4, MCM5, MCM7, MCM8, ORC2, PSMB8, PSMB9, PSME1, PSMF1, SKP2",""
"R-HSA-8939211","ESR-mediated signaling",0.984581905228225,10,0.019196592719696,1.10642400588686e-05,0.00490651484100715,"AKT2, BTC, CAV1, CAV2, CBFB, CCND1, CHD1, GNAI3, GNG12, GNG5, HDAC1, HSBP1, MED1, MMP2, MMP9, MOV10, MYC, POU2F1, S1PR3, SMC1A, SMC3, SPHK1, STAG1, ZNF217","ERBB4, GNAI1, GNB5, GNG13, GNG3, GNG7, PRKCZ, ZDHHC21"
"R-HSA-446728","Cell junction organization",1.30288285855007,10,0.00804878048780488,1.14835785204368e-05,0.0122105496200236,"ANG, ARHGEF6, CD151, CDH1, CDH11, CLDN1, CTNNA1, FBLIM1, FLNA, FLNC, ITGB1, MOV10, PARD6G, PXN, RSU1","ADAM19, ANGPTL4, BHLHE22, CADM2, CDH10, CDH12, CDH13, CDH18, CDH8, CDH9, CLDN10, CLDN11, PARD6A, PVR"
"R-HSA-5576891","Cardiac conduction",2.03070017953321,10,0.00503781533932288,1.15337430887661e-05,0.000291279836964076,"CACNG4, KCNE4, WWTR1","AHCYL1, ATP1A1, ATP1A2, ATP1B1, ATP1B2, ATP2B2, ATP2B3, CACNA2D2, CACNB1, CACNB2, CACNG8, CAMK2A, CAMK2B, CAMK2G, CASQ1, FGF12, FGF13, FGF14, FKBP1B, FXYD1, FXYD7, ITPR1, KCND3, KCNIP2, KCNIP4, KCNJ2, KCNJ4, KCNK1, KCNK10, KCNK12, KCNK3, KCNK9, NOS1, NPPA, RYR1, RYR2, SCN1A, SCN1B, SCN2A, SCN2B, SCN3A, SCN3B, SCN4B, SCN8A, SLC8A2, SLC8A3, SLN"
"R-HSA-8950505","Gene and protein expression by JAK-STAT signaling after Interleukin-12 stimulation",1.5093041874909,10,0.0604537840718745,1.17501488969351e-05,0.00609970995381275,"ANXA2, CDC42, HNRNPDL, HNRNPF, LCP1, LMNB1, MSN, PAK2, RPLP0","CA1, STAT4"
"R-HSA-8856688","Golgi-to-ER retrograde transport",1.41232907223175,10,0.0453403380539059,1.20456681390741e-05,0.00131804082481793,"ARFGAP3, CENPE, GALNT1, KDELR2, KDELR3, KIF11, KIF15, KIF18A, KIF18B, KIF20A, KIF22, KIF23, KIF2C, KIF4A, KIF9, KIFC1, RACGAP1, TUBB6","BICD1, DYNC1I1, DYNC1LI1, KIF1A, KIF1B, KIF21B, KIF3A, KIF3C, KIF5A, KIF5C, KIFC2, KLC1, KLC2, NAPB, NAPG, RAB6B, TUBA4A, TUBB2A, TUBB4A"
"R-HSA-2173793","Transcriptional activity of SMAD2/SMAD3:SMAD4 heterotrimer",1.39361777026789,10,0.025,1.24635576390758e-05,0.0078205453557296,"CDKN2B, COL1A2, E2F5, HDAC1, MYC, RBL1, SERPINE1, SMAD4, TGIF1, TGIF2, WWTR1, YBX1","NEDD4L, PPM1A"
"R-HSA-5602358","Diseases associated with the TLR signaling cascade",1.69225014961101,4,0.00636003876595057,1.25327798990883e-05,1.57759492291379e-05,"CD36, IKBKB, IRAK4, LY96, MYD88, RELA, TLR1, TLR3, TLR5, UNC93B1","S100A1"
"R-HSA-5260271","Diseases of Immune System",1.69225014961101,4,0.00636003876595057,1.25327798990883e-05,1.57759492291379e-05,"CD36, IKBKB, IRAK4, LY96, MYD88, RELA, TLR1, TLR3, TLR5, UNC93B1","S100A1"
"R-HSA-400253","Circadian Clock",0.956489214997528,6,0.00501256281407035,1.28215454648912e-05,0.0270559226347958,"MED1, NAMPT, RBM4, SERPINE1","ARNTL, BTRC, CRY2, DBP, MEF2C, MEF2D, NPAS2, NR1D1, RORA"
"R-HSA-6811434","COPI-dependent Golgi-to-ER retrograde traffic",1.64096984204704,10,0.048326414115205,1.31958746555618e-05,0.000547659092603284,"ARFGAP3, CENPE, KDELR2, KDELR3, KIF11, KIF15, KIF18A, KIF18B, KIF20A, KIF22, KIF23, KIF2C, KIF4A, KIF9, KIFC1, RACGAP1, TUBB6","KIF1A, KIF1B, KIF21B, KIF3A, KIF3C, KIF5A, KIF5C, KIFC2, KLC1, KLC2, NAPB, NAPG, TUBA4A, TUBB2A, TUBB4A"
"R-HSA-9020591","Interleukin-12 signaling",1.43473382249629,10,0.080605045429166,1.4570094904206e-05,0.00145067900442777,"ANXA2, CDC42, HNRNPDL, HNRNPF, LCP1, LMNB1, MSN, P4HB, PAK2, RPLP0","CA1, IL12RB2, STAT4"
"R-HSA-168273","Influenza Viral RNA Transcription and Replication",0.485277616432569,10,0.00863040721431591,1.49466939060786e-05,0.0236765409396972,"NUP107, NUP160, NUP205, NUP35, NUP37, NUP54, NUP62, NUP85, NUP88, RPL22L1, RPLP0, RPS27L","RPS4Y1"
"R-HSA-69052","Switching of origins to a post-replicative state",0.948403930001776,10,0.0477386934673367,1.62026355578084e-05,0.000901972444862953,"CCNA2, CDK2, CDT1, MCM2, MCM3, MCM4, MCM5, MCM7, MCM8, ORC2, PSMB8, PSMB9, PSME1, PSMF1, SKP2, UBE2C","ANAPC15"
"R-HSA-1810476","RIP-mediated NFkB activation via ZBP1",1.4931618967156,10,0.00503781533932288,1.70905691490004e-05,0.0401612646089064,"IKBKB, MYD88, RELA, TLR3","NKIRAS1"
"R-HSA-2559586","DNA Damage/Telomere Stress Induced Senescence",1.4004828824367,10,0.0465492355393991,1.77964499721895e-05,0.00399254886019346,"ATM, CCNA2, CDK2, HMGA2, LMNB1, POT1, RB1, TP53",""
"R-HSA-193648","NRAGE signals death through JNK",1.63488573775979,9,0.01,1.7871952475723e-05,0.0301027322283351,"AKAP13, ARHGEF40, ARHGEF6, BCL2L11, ECT2, GNA13","ABR, ARHGEF2, ARHGEF3, ARHGEF37, ARHGEF9, KALRN, MAPK8, MCF2, MCF2L, NGEF, RASGRF2, TIAM1, TIAM2"
"R-HSA-6785807","Interleukin-4 and Interleukin-13 signaling",1.41783120643085,10,0.0333680598112514,1.88018697354381e-05,0.0011307707015389,"ANXA1, BIRC5, CCL2, CCND1, CD36, COL1A2, CXCL8, FN1, HMOX1, ICAM1, IL18, IL1B, ITGB1, ITGB2, LIF, MMP2, MMP9, MYC, POU2F1, SOCS3, TGFB1, TIMP1, TP53, VCAM1, VEGFA, VIM","FGF2, JAK3, MAOA, PTGS2, RORA"
"R-HSA-168928","DDX58/IFIH1-mediated induction of interferon-alpha/beta",1.01535008976661,10,0.0350879396984925,1.93363563967711e-05,0.000439739046635199,"CASP8, HERC5, IFIH1, IKBKB, ITCH, MAP3K1, NLRC5, RELA, RNF135, TNFAIP3, TRIM25, TRIM4","CYLD, NKIRAS1, PIN1, UBE2K"
"R-HSA-9018519","Estrogen-dependent gene expression",0.702103785476909,10,0.0275,1.9359448495044e-05,0.00168101461433124,"CBFB, CCND1, CHD1, HDAC1, MED1, MOV10, MYC, POU2F1, SMC1A, SMC3, STAG1, ZNF217","ERBB4"
"R-HSA-8964315","G beta:gamma signalling through BTK",1.69225014961101,6,0.0050251256281407,2.03072846179753e-05,5.76405625955569e-05,"GNG12, GNG5","GNB5, GNG13, GNG3, GNG7"
"R-HSA-204174","Regulation of pyruvate dehydrogenase (PDH) complex",1.69225014961101,5,0.0050251256281407,2.04680082347873e-05,2.60146250910888e-05,"PDK1","PDK2, PDK3, PDK4, PDP1"
"R-HSA-1834949","Cytosolic sensors of pathogen-associated DNA",1.06447993281983,10,0.0100756306786458,2.14855591755761e-05,0.0440844033291444,"AIM2, IFI16, IKBKB, MYD88, POLR3C, PRKDC, RELA, TLR3, TRIM21, TRIM56, XRCC5","DTX4, NKIRAS1"
"R-HSA-9710421","Defective pyroptosis",2.53837522441652,10,0.02,2.17641260422067e-05,0.0484075567143658,"DNMT3A, DNMT3B, EZH2, POLA1, PRIM1, PRIM2, RBBP4",""
"R-HSA-5358606","Mismatch repair (MMR) directed by MSH2:MSH3 (MutSbeta)",1.81312516029751,4,0.00515957446808511,2.19026932819588e-05,0.0348676091968344,"EXO1, LIG1, PCNA, POLD1, POLD3",""
"R-HSA-8852276","The role of GTSE1 in G2/M progression after G2 checkpoint",0.868391524142493,10,0.0375,2.24573006246537e-05,4.00078385796999e-05,"CCNB1, CCNB2, CDK1, MAPRE1, PSMB8, PSMB9, PSME1, PSMF1, TP53, TUBB6","TUBA4A, TUBB2A, TUBB4A"
"R-HSA-5358351","Signaling by Hedgehog",1.31235725888201,10,0.019196592719696,2.36511179032163e-05,4.79148017672391e-05,"CDON, EVC, EVC2, GAS1, GLI2, IFT52, IFT88, ITCH, KIF7, MKS1, P4HB, PSMB8, PSMB9, PSME1, PSMF1, RPGRIP1L, SCUBE2, SMO, TUBB6, WDR35","ADCY1, ADCY2, ADCY5, ADCY8, ADCY9, ARRB1, BTRC, DISP2, GPC5, HHIP, KIF3A, PRKACB, PRKAR1B, PRKAR2B, SMURF1, TUBA4A, TUBB2A, TUBB4A"
"R-HSA-190840","Microtubule-dependent trafficking of connexons from Golgi to the plasma membrane",1.41020845800918,10,0.0376767676767677,2.4757426369765e-05,0.00582422606623856,"TUBB6","GJA1, TUBA4A, TUBB2A, TUBB4A"
"R-HSA-5607763","CLEC7A (Dectin-1) induces NFAT activation",3.23065937653011,10,0.0141602049985024,2.5697750782818e-05,3.88526194533057e-05,"NFATC1, NFATC3","AHCYL1, ITPR1, PPP3CA, PPP3CB, PPP3R1"
"R-HSA-5684264","MAP3K8 (TPL2)-dependent MAPK1/3 activation",1.90378141831239,10,0.0282978723404255,2.63213575602864e-05,0.00157184130342601,"IKBKB, MAP3K8, TNIP2","BTRC, MAP2K1, MAP2K4"
"R-HSA-392851","Prostacyclin signalling through prostacyclin receptor",1.60318435226306,6,0.0050251256281407,2.74634969572299e-05,7.78867553928212e-05,"GNG12, GNG5","GNB5, GNG13, GNG3, GNG7"
"R-HSA-8939236","RUNX1 regulates transcription of genes involved in differentiation of HSCs",0.786538801931878,4,0.00863040721431591,2.75405044721867e-05,3.43932099434564e-05,"ABL1, CBFB, ITCH, LMO2, PSMB8, PSMB9, PSME1, PSMF1, TCF12, TCF3","GATA2"
"R-HSA-140534","Caspase activation via Death Receptors in the presence of ligand",1.90378141831239,9,0.00505050505050505,2.8448914934484e-05,4.06947890403958e-05,"CASP8, CFLAR, FAS, LY96, TNFRSF10B, TNFSF10",""
"R-HSA-9843743","Transcriptional regulation of brown and beige adipocyte differentiation",1.69225014961101,10,0.0246951219512195,2.95144360996576e-05,0.00135732930509956,"HDAC1, RBBP4, SMAD1, SMAD4, ZNF423","CHD3, COX7A1, DIO2, MTA3, PPARGC1B"
"R-HSA-9844594","Transcriptional regulation of brown and beige adipocyte differentiation by EBF2",1.69225014961101,10,0.0246951219512195,2.95144360996576e-05,0.00135732930509956,"HDAC1, RBBP4, SMAD1, SMAD4, ZNF423","CHD3, COX7A1, DIO2, MTA3, PPARGC1B"
"R-HSA-109704","PI3K Cascade",1.03842622817039,9,0.01,2.98018767845419e-05,0.0150718353791748,"AKT2, GAB1, TRIB3","FGF1, FGF2, FGF9, FGFR2, FGFR3, PIK3CB"
"R-HSA-373755","Semaphorin interactions",2.01458351144168,10,0.0222961320522296,2.9845393679141e-05,0.00152102708481484,"DPYSL3, ERBB2, ITGA1, ITGB1, LIMK2, NRP1, PAK2, PLXNA3, RHOC, ROCK1, SEMA3A, TLN1","CDK5, CDK5R1, LIMK1, MYH11, PAK1, PAK3, PIP5K1C, PLXNA2, PLXNA4, RND1, ROCK2, SEMA4A, SEMA7A"
"R-HSA-8876384","Listeria monocytogenes entry into host cells",1.01535008976661,2,0.00570835495588998,3.12872919142964e-05,0.00290304689961854,"CDH1","SH3GL2, SH3GL3, SH3KBP1"
"R-HSA-5663084","Diseases of carbohydrate metabolism",1.69225014961101,4,0.00501256281407035,3.14634880096449e-05,0.000297816120203479,"G6PC3, GAA, GNS, GUSB, IDUA, NAGLU, SGSH, SLC37A4","IDS, KHK, PPP1R3C"
"R-HSA-6802957","Oncogenic MAPK signaling",1.50422235520979,10,0.0876829268292683,3.20870381433151e-05,0.000101284689425832,"AGTRAP, AP3B1, ARAF, BCL2L11, CSK, FAM114A2, FN1, IQGAP1, LMNA, TLN1, TRIM24, ZC3HAV1","AGK, ARRB1, CAMK2A, CAMK2B, CAMK2G, CLCN6, CNKSR2, DUSP7, FAM131B, KSR2, MAP2K1, MRAS"
"R-HSA-6811442","Intra-Golgi and retrograde Golgi-to-ER traffic",1.18122411433244,10,0.0232011119426922,3.31140857247955e-05,0.00203557526818554,"ARFGAP3, CENPE, COG7, GALNT1, GCC1, GOLIM4, KDELR2, KDELR3, KIF11, KIF15, KIF18A, KIF18B, KIF20A, KIF22, KIF23, KIF2C, KIF4A, KIF9, KIFC1, PLIN3, RACGAP1, TRIP11, TUBB6, USP6NL","BICD1, DYNC1I1, DYNC1LI1, KIF1A, KIF1B, KIF21B, KIF3A, KIF3C, KIF5A, KIF5C, KIFC2, KLC1, KLC2, MAN2A2, NAPB, NAPG, RAB6B, RAB9B, TUBA4A, TUBB2A, TUBB4A, VAMP4, VPS53"
"R-HSA-190872","Transport of connexons to the plasma membrane",1.33598696021922,10,0.0340562913907285,3.34769112280108e-05,0.0073429865042397,"TUBB6","GJA1, TUBA4A, TUBB2A, TUBB4A"
"R-HSA-1169091","Activation of NF-kappaB in B cells",0.692284152113596,5,0.0121951219512195,3.35216091066195e-05,0.0433411519128704,"IKBKB, MALT1, PSMB8, PSMB9, PSME1, PSMF1, RELA","BTRC, PRKCB"
"R-HSA-1638091","Heparan sulfate/heparin (HS-GAG) metabolism",2.0485133390028,4,0.00501256281407035,3.41844135305467e-05,0.00836807325286151,"BGN, CSPG4, GLB1L, GLB1L2, GPC2, GPC4, GUSB, HSPG2, IDUA, NAGLU, SDC1, SGSH, SLC35D2, VCAN","B3GAT1, GPC5, HS3ST2, HS3ST4, HS6ST2, HS6ST3, IDS, NDST3, SDC4"
"R-HSA-187037","Signaling by NTRK1 (TRKA)",1.38051985889319,10,0.0150376884422111,3.45296723478447e-05,0.00273515439664455,"ATF1, DNM2, ID3, MAPK7, MAPKAPK3, REST, RIT1, TCF12","ADCYAP1, CDK5, CDK5R1, CDK5R2, DNM1, DNM3, DUSP3, DUSP7, EGR4, MAP2K1, MAPK11, MAPK12, MEF2A, MEF2C, MEF2D, PIK3CB, RIT2, RPS6KA2, SH3GL2, SH3GL3, SHC2, SHC3, TF"
"R-HSA-5628897","TP53 Regulates Metabolic Genes",0.725250064119005,10,0.0111480660261148,3.5559893571073e-05,0.0284773366245795,"AKT2, COX20, GLS, MOV10, SFN, TP53","GLS2, PRKAA2, SESN1, TSC1, YWHAG, YWHAH"
"R-HSA-2132295","MHC class II antigen presentation",1.74640215439856,10,0.0548780487804878,3.59792252676925e-05,0.00517900120249861,"CD74, CENPE, CTSC, CTSK, CTSO, CTSS, DNM2, HLA-DMA, HLA-DOA, HLA-DPA1, HLA-DPB1, HLA-DQA1, HLA-DRA, HLA-DRB1, IFI30, KIF11, KIF15, KIF18A, KIF20A, KIF22, KIF23, KIF2C, KIF4A, RACGAP1, SEC24D, TUBB6","CTSF, DNM1, DNM3, DYNC1I1, DYNC1LI1, KIF3A, KIF3C, KIF5A, KIF5C, KLC1, KLC2, OSBPL1A, SH3GL2, SPTBN2, TUBA4A, TUBB2A, TUBB4A"
"R-HSA-6802948","Signaling by high-kinase activity BRAF mutants",1.26918761220826,10,0.040302522714583,3.61011235559488e-05,0.000374026262812345,"ARAF, CSK, FN1, IQGAP1, TLN1","ARRB1, CNKSR2, KSR2, MAP2K1"
"R-HSA-8964616","G beta:gamma signalling through CDC42",2.28453770197487,6,0.0050251256281407,3.64899345077227e-05,0.000103398051108385,"ARHGEF6, CDC42, GNG12, GNG5","GNB5, GNG13, GNG3, GNG7, PAK1"
"R-HSA-418217","G beta:gamma signalling through PLC beta",1.77686265709156,6,0.0050251256281407,3.64899345077227e-05,0.000103398051108385,"GNG12, GNG5","GNB5, GNG13, GNG3, GNG7, PLCB1"
"R-HSA-381426","Regulation of Insulin-like Growth Factor (IGF) transport and uptake by Insulin-like Growth Factor Binding Proteins (IGFBPs)",1.45644480089472,10,0.0150753768844221,3.83534173742512e-05,0.00828347627436119,"CKAP4, CP, FBN1, FN1, FSTL1, GOLM1, IGFBP1, IGFBP2, IGFBP4, IGFBP5, IGFBP7, LAMB2, LAMC1, LGALS1, MFGE8, MMP2, MXRA8, P4HB, PDIA6, PRSS23, QSOX1, RCN1, SERPINA1, STC2, TIMP1, TNC, VCAN","CHGB, IGF1, MGAT4A, PENK, SCG2, SCG3, TF, TMEM132A"
"R-HSA-1442490","Collagen degradation",1.66580874102334,5,0.00531914893617021,4.04369680386689e-05,0.00232947110598901,"ADAM9, COL18A1, COL1A1, COL1A2, COL3A1, COL4A1, COL4A2, COL4A6, COL5A1, COL5A2, COL6A1, COL6A2, COL6A3, COL8A1, COL8A2, CTSK, MMP19, MMP2, MMP9","COL23A1, PRSS2"
"R-HSA-445989","TAK1-dependent IKK and NF-kappa-B activation",1.12816676640734,10,0.0151134460179686,4.1847510546481e-05,0.011399836654079,"CASP8, IKBIP, IKBKB, NLRC5, RELA, RIPK2, TIFA, TP53, USP18","NKIRAS1"
"R-HSA-2029480","Fcgamma receptor (FCGR) dependent phagocytosis",0.809337028074832,10,0.0150757575757576,4.73042736017438e-05,0.00112259690681978,"ABL1, ARPC1B, CDC42, MYO9B, NCKAP1L, WASF2, YES1","AHCYL1, BAIAP2, CYFIP2, ELMO1, ITPR1, LIMK1, MYO5A, NCKIPSD, PAK1, PIK3CB, PLD3, PRKCE, WASF1, WASF3, WIPF3"
"R-HSA-500657","Presynaptic function of Kainate receptors",1.69225014961101,6,0.0050251256281407,4.77255569055716e-05,0.000135120684772924,"GNG12, GNG5","GNB5, GNG13, GNG3, GNG7, PLCB1"
"R-HSA-4655427","SUMOylation of DNA methylation proteins",1.90378141831239,10,0.00609756097560976,5.09577842312333e-05,0.00829344402750845,"CBX2, DNMT3A, DNMT3B, PCGF2, PHC1, UBE2I",""
"R-HSA-196757","Metabolism of folate and pterines",2.22107832136445,10,0.01,5.09577842312333e-05,0.0207165517051155,"ALDH1L2, DHFR, FPGS, MTHFD2, MTHFD2L, SHMT2, SLC19A1",""
"R-HSA-8864260","Transcriptional regulation by the AP-2 (TFAP2) family of transcription factors",1.59555014106181,10,0.0116476421844321,5.11862132494511e-05,0.0245222711601445,"ATAD2, DEK, ERBB2, MYBL2, MYC, NOP2, UBE2I, VEGFA, YEATS4","KCTD1, KIT"
"R-HSA-69615","G1/S DNA Damage Checkpoints",0.909268737104424,10,0.040302522714583,5.21017609536914e-05,0.000836027805020493,"ATM, CCNA2, CDC25A, CDK2, CDKN2A, CHEK1, CHEK2, PSMB8, PSMB9, PSME1, PSMF1, TP53",""
"R-HSA-8957275","Post-translational protein phosphorylation",1.54720013678721,10,0.01712506486767,5.43878943296425e-05,0.0062539838265414,"CKAP4, CP, FBN1, FN1, FSTL1, GOLM1, IGFBP1, IGFBP4, IGFBP5, IGFBP7, LAMB2, LAMC1, LGALS1, MFGE8, MXRA8, P4HB, PDIA6, PRSS23, QSOX1, RCN1, SERPINA1, STC2, TIMP1, TNC, VCAN","CHGB, MGAT4A, PENK, SCG2, SCG3, TF, TMEM132A"
"R-HSA-9662361","Sensory processing of sound by outer hair cells of the cochlea",1.50422235520979,10,0.0141225165562914,5.52851565390173e-05,0.00261080530204628,"GSN, KCNMB1, MSN, MYO7A, RDX, TWF1","ATP2B2, CLIC5, EPB41L1, EPB41L3, KCNN2, KCNQ4, MPP1, PLS1, SPTAN1, TPRN"
"R-HSA-1606322","ZBP1(DAI) mediated induction of type I IFNs",1.45050012823801,4,0.00609756097560976,5.53950395389219e-05,6.71119517867817e-05,"IKBKB, MYD88, RELA, TLR3","DTX4, NKIRAS1"
"R-HSA-432040","Vasopressin regulates renal water homeostasis via Aquaporins",1.88902342282159,6,0.0050251256281407,5.56693884020329e-05,0.000192140560190373,"AQP1, GNG12, GNG5","ADCY1, ADCY2, ADCY5, ADCY8, ADCY9, GNB5, GNG13, GNG3, GNG7, PRKACB, PRKAR1B, PRKAR2B, RAB11FIP2"
"R-HSA-168255","Influenza Infection",0.488149081618561,10,0.0103191489361702,5.57099816174581e-05,0.0269557360394891,"CALR, NUP107, NUP160, NUP205, NUP35, NUP37, NUP54, NUP62, NUP85, NUP88, RPL22L1, RPLP0, RPS27L, TGFB1","RPS4Y1"
"R-HSA-112399","IRS-mediated signalling",0.951890709156194,9,0.01,5.59722684360388e-05,0.0232759663019553,"AKT2, GAB1, TRIB3","FGF1, FGF2, FGF9, FGFR2, FGFR3, PIK3CB"
"R-HSA-8863795","Downregulation of ERBB2 signaling",1.63181264426776,10,0.0103696539866753,5.7668023515797e-05,0.0440641382444939,"AKT2, BTC, ERBB2","ERBB3, ERBB4, MATK, NRG1, NRG3, RNF41"
"R-HSA-5250913","Positive epigenetic regulation of rRNA expression",1.01535008976661,10,0.0155544809800129,5.88880039092303e-05,0.0174363526309191,"CBX3, DEK, HDAC1, POLR1B, RBBP4, TAF1A, TAF1B","CHD3, MTA3"
"R-HSA-9754678","SARS-CoV-2 modulates host translation machinery",0.913815080789946,9,0.035,6.10979206190597e-05,0.00890987951991782,"DDX20, GEMIN6, RPS27L, SNRPB, SNRPD1, SNRPE, SNRPF, SNRPG","RPS4Y1"
"R-HSA-9013418","RHOBTB2 GTPase cycle",1.32436968230427,10,0.0351767676767677,6.41486691426519e-05,0.00710246198037266,"CCT6A, DBN1, HNRNPC, TMOD3, TWF1","RHOBTB2"
"R-HSA-2129379","Molecules associated with elastic fibres",2.33256101703139,8,0.01,6.49095461745076e-05,0.0104254284379588,"BMP2, EFEMP2, ELN, EMILIN1, EMILIN3, FBLN5, FBN1, FBN2, FBN3, FN1, ITGB1, ITGB8, LTBP2, LTBP3, MFAP2, MFAP4, TGFB1",""
"R-HSA-1963642","PI3K events in ERBB2 signaling",2.22107832136445,10,0.0100505050505051,6.77362861588896e-05,0.00525958247921426,"BTC, ERBB2, GAB1","ERBB3, ERBB4, NRG1, NRG3"
"R-HSA-5674135","MAP2K and MAPK activation",1.26918761220826,10,0.0276381909547739,7.00073144996952e-05,0.00080124245756014,"ARAF, CSK, FN1, IL17RD, IQGAP1, TLN1","ARRB1, CNKSR2, KSR2, MAP2K1"
"R-HSA-381038","XBP1(S) activates chaperone genes",1.54509796268831,10,0.0141225165562914,7.27045830788007e-05,0.0426853435463751,"DDX11, DNAJB11, HDGF, KDELR3, LMNA, PDIA6, SSR1, TLN1, XBP1, YIF1A","EXTL1, KLHDC3, PPP2R5B, TSPYL2"
"R-HSA-447115","Interleukin-12 family signaling",1.17853135419338,10,0.0629790365971271,7.32853044114207e-05,0.00569981202496253,"ANXA2, CDC42, HNRNPDL, HNRNPF, LCP1, LMNB1, MSN, P4HB, PAK2, RPLP0","CA1, IL12RB2, STAT4"
"R-HSA-174414","Processive synthesis on the C-strand of the telomere",1.87038174430691,10,0.0150251256281407,7.4759294716821e-05,0.0190334322829708,"BLM, LIG1, PCNA, POLD1, POLD3, POT1, WRN",""
"R-HSA-389977","Post-chaperonin tubulin folding pathway",0.923045536151461,10,0.0136352494178208,7.49895583148227e-05,0.0157633644869445,"TUBB6","TUBA4A, TUBB2A, TUBB4A"
"R-HSA-15869","Metabolism of nucleotides",1.3084408373281,10,0.0103191489361702,7.84722543872628e-05,0.047478664478535,"AK2, AK7, CAD, CTPS2, DPYD, DTYMK, GART, IMPDH2, NUDT1, NUDT5, PAICS, RRM1, RRM2, TK1, TYMS, UMPS","AK5, AMPD2, ENTPD3, ENTPD4, ENTPD6, GDA, HPRT1, NUDT18, UPP2"
"R-HSA-198753","ERK/MAPK targets",1.61532968826506,9,0.00505050505050505,7.8689619370781e-05,0.000135515447276233,"MAPK7","DUSP3, DUSP7, MAPK11, MEF2A, MEF2C, RPS6KA2"
"R-HSA-5610787","Hedgehog 'off' state",1.23488524431074,10,0.0154787234042553,7.9508083085479e-05,0.000559332644968431,"GLI2, IFT52, IFT88, ITCH, KIF7, MKS1, PSMB8, PSMB9, PSME1, PSMF1, RPGRIP1L, SMO, TUBB6, WDR35","ADCY1, ADCY2, ADCY5, ADCY8, ADCY9, BTRC, KIF3A, PRKACB, PRKAR1B, PRKAR2B, TUBA4A, TUBB2A, TUBB4A"
"R-HSA-6794361","Neurexins and neuroligins",3.02823710983023,10,0.0167220990391722,8.07606416765748e-05,0.000601432150081979,"","APBA1, APBA2, BEGAIN, DLG2, DLG3, DLG4, DLGAP1, DLGAP2, EPB41L1, EPB41L3, GRIN1, GRIN2A, GRIN2C, GRM1, GRM5, HOMER1, LIN7A, LIN7B, LRRTM1, LRRTM2, NLGN4Y, NRXN1, NRXN2, NRXN3, SHANK1, SHANK2, SHANK3, SIPA1L1, STX1A, STXBP1, SYT1, SYT12, SYT2, SYT9"
"R-HSA-6804760","Regulation of TP53 Activity through Methylation",1.69225014961101,10,0.0182926829268293,8.21598767500306e-05,0.0137820665740727,"ATM, CHEK2, EHMT1, PRMT5, SETD9, TP53",""
"R-HSA-6811558","PI5P, PP2A and IER3 Regulate PI3K/AKT Signaling",1.24524067612886,10,0.015,8.44324770864207e-05,0.0151180871644212,"BTC, ERBB2, GAB1, IL1RAP, IRAK4, MYD88, PIK3AP1, RAC2","ERBB3, ERBB4, FGF1, FGF2, FGF9, FGFR2, FGFR3, KIT, NRG1, NRG3, PIK3CB, PIP4K2A, PIP4K2B, PIP4K2C, PIP5K1B, PIP5K1C, PPP2R5A, PPP2R5B"
"R-HSA-199992","trans-Golgi Network Vesicle Budding",1.1986771893078,10,0.0103442745643109,8.84415140663414e-05,0.000152256859959874,"AP3B1, BLOC1S4, DNM2, GNS, SNX5, VAMP8","AP1G2, AP4S1, ARRB1, CLTB, CLVS1, DNAJC6, NECAP1, SH3GL2, TPD52, TPD52L1, VAMP2"
"R-HSA-9692914","SARS-CoV-1-host interactions",0.880660792144506,10,0.0257450331125828,8.9444663872808e-05,0.0015950374409125,"CASP1, CAV1, IFIH1, ITCH, NMI, PPIB, PYCARD, RELA, RPS27L, SERPINE1, SFN, SMAD4, TRIM25, UBE2I","RPS4Y1, YWHAG, YWHAH"
"R-HSA-68867","Assembly of the pre-replicative complex",0.846125074805506,10,0.0100251256281407,8.98246928549839e-05,0.00926497593508344,"CDT1, MCM2, MCM3, MCM4, MCM5, MCM7, MCM8, ORC2, PSMB8, PSMB9, PSME1, PSMF1, UBE2C","ANAPC15"
"R-HSA-5689603","UCH proteinases",0.906562580148756,10,0.0150753768844221,8.98246928549839e-05,0.00115811507731169,"ACTL6A, ASXL1, BARD1, MBD6, PSMB8, PSMB9, PSME1, PSMF1, RUVBL1, TGFB1, TGFBR1, TGFBR2","BAP1, UCHL1, USP25"
"R-HSA-5675221","Negative regulation of MAPK pathway",0.826447747484447,9,0.00505050505050505,9.86303969415271e-05,0.00454241413324753,"ARAF","DUSP2, DUSP7, MAP2K1, MAPK12, PPP2R5A, PPP2R5B"
"R-HSA-202040","G-protein activation",1.69225014961101,6,0.0050251256281407,9.8644788760767e-05,0.000278573690695039,"GNG12, GNG5","GNA14, GNB5, GNG13, GNG3, GNG7, PDYN"
"R-HSA-75067","Processing of Capped Intronless Pre-mRNA",1.4004828824367,10,0.0233988824414356,9.92461023542497e-05,0.0143389654577131,"CPSF3, NCBP1, SNRPB, SNRPE, SNRPF, SNRPG, ZNF473","LSM11"
"R-HSA-2428928","IRS-related events triggered by IGF1R",0.976298163237122,9,0.00609756097560976,9.94131190052212e-05,0.0346038563079682,"AKT2, GAB1, TRIB3","FGF1, FGF2, FGF9, FGFR2, FGFR3, IGF1, PIK3CB"
"R-HSA-381070","IRE1alpha activates chaperones",1.48071888090963,9,0.0101010101010101,0.000103100844211167,0.0282770007364611,"DDX11, DNAJB11, HDGF, KDELR3, LMNA, PDIA6, SSR1, TLN1, XBP1, YIF1A","EXTL1, KLHDC3, PPP2R5B, TSPYL2"
"R-HSA-349425","Autodegradation of the E3 ubiquitin ligase COP1",0.597264758686239,4,0.00914634146341464,0.000103430481914406,0.000125150222556218,"ATM, PSMB8, PSMB9, PSME1, PSMF1, TP53",""
"R-HSA-5218921","VEGFR2 mediated cell proliferation",2.13757913635075,10,0.01,0.000108239800857228,0.0120204106018602,"KDR, SPHK1, VEGFA","AHCYL1, ITPR1, PRKCA, PRKCB, PRKCZ"
"R-HSA-9658195","Leishmania infection",1.15167024070749,9,0.0100502512562814,0.0001088674561068,0.0338758367160163,"ABL1, ARPC1B, CASP1, CDC42, CYBA, DPEP1, DVL3, GNAI3, GNG12, GNG5, HMOX1, IL18, IL1B, MYO9B, NCKAP1L, P2RX4, PRKX, PYCARD, RELA, WASF2, WNT5A, YES1","ADCY1, ADCY2, ADCY5, ADCY8, ADCY9, AHCYL1, BAIAP2, CYFIP2, ELMO1, GNAI1, GNAZ, GNB5, GNG13, GNG3, GNG7, ITPR1, MAPK8, MYO5A, NCKIPSD, NOXA1, PLK2, PRKACB, PRKAR1B, PRKAR2B, WASF1, WASF3, WIPF3"
"R-HSA-9824443","Parasitic Infection Pathways",1.15167024070749,9,0.0100502512562814,0.0001088674561068,0.0338758367160163,"ABL1, ARPC1B, CASP1, CDC42, CYBA, DPEP1, DVL3, GNAI3, GNG12, GNG5, HMOX1, IL18, IL1B, MYO9B, NCKAP1L, P2RX4, PRKX, PYCARD, RELA, WASF2, WNT5A, YES1","ADCY1, ADCY2, ADCY5, ADCY8, ADCY9, AHCYL1, BAIAP2, CYFIP2, ELMO1, GNAI1, GNAZ, GNB5, GNG13, GNG3, GNG7, ITPR1, MAPK8, MYO5A, NCKIPSD, NOXA1, PLK2, PRKACB, PRKAR1B, PRKAR2B, WASF1, WASF3, WIPF3"
"R-HSA-390471","Association of TriC/CCT with target proteins during biosynthesis",1.5093041874909,10,0.0155164118464664,0.000109627628952935,0.00427124516026858,"AP3M1, CCT6A, CCT6B, FBXO4, FBXW9, FKBP9, SPHK1, TP53, WRAP53, XRN2","FBXW7"
"R-HSA-450341","Activation of the AP-1 family of transcription factors",2.03070017953321,10,0.0141225165562914,0.000110827582214209,0.00739740006848677,"","MAPK10, MAPK11, MAPK8, MAPK9"
"R-HSA-2428924","IGF1R signaling cascade",0.957877443176044,9,0.00531914893617021,0.000113891317581916,0.0380110026188281,"AKT2, GAB1, TRIB3","FGF1, FGF2, FGF9, FGFR2, FGFR3, IGF1, PIK3CB"
"R-HSA-166520","Signaling by NTRKs",1.37415801622548,10,0.0182926829268293,0.000115445161137878,0.000821770119327137,"ATF1, DNM2, GAB1, ID3, MAPK7, MAPKAPK3, REST, RIT1, TCF12","ADCYAP1, BDNF, CDK5, CDK5R1, CDK5R2, DNM1, DNM3, DOCK3, DUSP3, DUSP7, EGR4, MAP2K1, MAPK11, MAPK12, MEF2A, MEF2C, MEF2D, PIK3CB, PTPRO, RIT2, RPS6KA2, SH3GL2, SH3GL3, SHC2, SHC3, TF, TIAM1"
"R-HSA-418555","G alpha (s) signalling events",1.24397196428359,6,0.0050251256281407,0.000120168167390761,0.00140707406575835,"CALCRL, FN1, GNAI3, GNG12, GNG5, ITGA5, ITGB1","ADCY1, ADCY2, ADCY5, ADCY8, ADCY9, ADCYAP1, ADRB1, ARRB1, CRH, GNAI1, GNAZ, GNB5, GNG13, GNG3, GNG7, GPR83, HTR7, PDE10A, PDE1A, PDE1B, PDE2A, PDE4A, PDE7B, PRKACB, PRKAR1B, PRKAR2B, PTH1R, RXFP1, VIP, VIPR1"
"R-HSA-2029482","Regulation of actin dynamics for phagocytic cup formation",0.706330497228944,10,0.0100756306786458,0.000122425373502363,0.00292193498184793,"ABL1, ARPC1B, CDC42, MYO9B, NCKAP1L, WASF2","BAIAP2, CYFIP2, ELMO1, LIMK1, MYO5A, NCKIPSD, PAK1, WASF1, WASF3, WIPF3"
"R-HSA-418592","ADP signalling through P2Y purinoceptor 1",1.62456014362657,6,0.0050251256281407,0.000122874894847931,0.000346705681907781,"GNG12, GNG5, P2RY1","GNA14, GNB5, GNG13, GNG3, GNG7"
"R-HSA-392451","G beta:gamma signalling through PI3Kgamma",1.42149012567325,6,0.0050251256281407,0.000122874894847931,0.000346705681907781,"AKT2, GNG12, GNG5","GNB5, GNG13, GNG3, GNG7"
"R-HSA-1168372","Downstream signaling events of B Cell Receptor (BCR)",0.951890709156194,4,0.0152439024390244,0.000129804382366358,0.000168911221239629,"IKBKB, MALT1, NFATC1, NFATC3, PSMB8, PSMB9, PSME1, PSMF1, RELA","BTRC, PPP3CA, PPP3CB, PPP3R1, PRKCB, RASGRP1"
"R-HSA-74751","Insulin receptor signalling cascade",0.846125074805506,9,0.00505050505050505,0.000130111456606913,0.041673259503048,"AKT2, GAB1, TRIB3","FGF1, FGF2, FGF9, FGFR2, FGFR3, PIK3CB"
"R-HSA-2404192","Signaling by Type 1 Insulin-like Growth Factor 1 Receptor (IGF1R)",0.940138972006118,9,0.00505050505050505,0.000130111456606913,0.041673259503048,"AKT2, GAB1, TRIB3","FGF1, FGF2, FGF9, FGFR2, FGFR3, IGF1, PIK3CB"
"R-HSA-202733","Cell surface interactions at the vascular wall",1.08593592488407,9,0.01,0.000131707445942713,0.0137796271777482,"ANGPT1, ANGPT2, CAV1, CD44, CD48, CD58, CD74, CD84, CD99, COL1A1, COL1A2, FN1, GYPC, ITGA4, ITGA5, ITGB1, ITGB2, OLR1, PROCR, PROS1, SDC1, SLC16A1, SLC7A7, TGFB1, TNFRSF10B, TREM1, YES1","ATP1B1, ATP1B2, EPCAM, L1CAM, MAG, MERTK, PICK1, PIK3CB, SDC4, SIRPA, SLC7A10, SLC7A8, TSPAN7"
"R-HSA-9616222","Transcriptional regulation of granulopoiesis",1.26918761220826,10,0.0200502512562814,0.000131987263945476,0.000758748523615174,"CBFB, CDK2, CDK4, DEK, LEF1, MYC, RARA","GATA2"
"R-HSA-174178","APC/C:Cdh1 mediated degradation of Cdc20 and other APC/C:Cdh1 targeted proteins in late mitosis/early G1",0.834534320356115,10,0.00503781533932288,0.000132831547031132,0.00109744916736248,"AURKA, AURKB, CDC20, PSMB8, PSMB9, PSME1, PSMF1, PTTG1, RB1, SKP2, UBE2C","ANAPC15"
"R-HSA-9659787","Aberrant regulation of mitotic G1/S transition in cancer due to RB1 defects",1.4931618967156,10,0.025,0.00013326267513365,0.00249691574354009,"CCND1, CDK2, CDK4, CDK6, RB1",""
"R-HSA-9661069","Defective binding of RB1 mutants to E2F1,(E2F2, E2F3)",1.4931618967156,10,0.025,0.00013326267513365,0.00249691574354009,"CCND1, CDK2, CDK4, CDK6, RB1",""
"R-HSA-157118","Signaling by NOTCH",1.04845933182421,10,0.0491886954652912,0.000134102947082578,0.00223788320845584,"ACTA2, APH1A, CCND1, DLGAP5, DLL1, HDAC1, HES1, HEY2, IKZF1, ITCH, JAG1, MAML2, MDK, MFNG, MOV10, MYC, NCSTN, NOTCH1, POFUT1, POGLUT1, PSENEN, PSMB8, PSMB9, PSME1, PSMF1, SIRT6, TACC3, TP53, YBX1","ARRB1, DTX4, FBXW7, HDAC11, HDAC5, HDAC9, NBEA, NEURL1, ST3GAL3"
"R-HSA-445355","Smooth Muscle Contraction",2.12515135067429,10,0.0315562913907285,0.000137164413589821,0.00385811255014774,"ACTA2, ACTG2, ANXA1, ANXA2, CALD1, ITGA1, PAK2, PDE5A, PXN, TLN1, TPM4","ALDH2, CACNA1G, CACNA1I, GUCY1A3, GUCY1B3, MYH11, PAK1"
"R-HSA-381119","Unfolded Protein Response (UPR)",1.22734626235524,7,0.00505050505050505,0.000140149809118674,0.0485859607021733,"CALR, CCL2, CREB3L2, CREB3L4, CXCL8, DDX11, DNAJB11, EXOSC8, HDGF, IGFBP1, KDELR3, LMNA, PDIA6, SSR1, TLN1, XBP1, YIF1A","ASNS, EXTL1, KLHDC3, PPP2R5B, TSPYL2"
"R-HSA-8854050","FBXL7 down-regulates AURKA during mitotic entry and in early mitosis",0.56408338320367,4,0.00609756097560976,0.000146868194258253,0.000177649062107648,"AURKA, PSMB8, PSMB9, PSME1, PSMF1","FBXL18"
"R-HSA-8941858","Regulation of RUNX3 expression and activity",0.846125074805506,4,0.00914634146341464,0.000146868194258253,0.000177649062107648,"CBFB, CDKN2A, PSMB8, PSMB9, PSME1, PSMF1, RUNX3, TGFB1","SMURF1"
"R-HSA-199418","Negative regulation of the PI3K/AKT network",1.30288285855007,10,0.0167220990391722,0.000147334349596201,0.019451581559594,"AKT2, BTC, ERBB2, GAB1, IL1RAP, IRAK4, MYD88, PIK3AP1, RAC2, TRIB3","ERBB3, ERBB4, FGF1, FGF2, FGF9, FGFR2, FGFR3, KIT, NRG1, NRG3, PHLPP2, PIK3CB, PIP4K2A, PIP4K2B, PIP4K2C, PIP5K1B, PIP5K1C, PPP2R5A, PPP2R5B"
"R-HSA-9696273","RND1 GTPase cycle",1.08787509617851,8,0.0135975609756098,0.000152820167698234,0.00365819327206677,"CAV1, DEPDC1B, EPSTI1, KIF14, VANGL1, VANGL2","PKP4, RND1, STMN2"
"R-HSA-170834","Signaling by TGF-beta Receptor Complex",1.45821555445204,10,0.0701758793969849,0.000153812101379406,0.000271227812585383,"CDKN2B, COL1A2, E2F5, FBN1, HDAC1, ITGB1, ITGB8, LTBP2, LTBP3, MYC, RBL1, SERPINE1, SMAD4, TGFB1, TGFBR1, TGFBR2, TGIF1, TGIF2, WWTR1, YBX1","NEDD4L, PARD6A, PPM1A, PRKCZ, SMURF1, USP25, ZFYVE9"
"R-HSA-9857377","Regulation of MITF-M-dependent genes involved in lysosome biogenesis and autophagy",1.90378141831239,10,0.0200502512562814,0.000155286503062385,0.0119102793347218,"","ATP6V0A1, ATP6V1A, ATP6V1B2, ATP6V1D, ATP6V1E1, ATP6V1H"
"R-HSA-445717","Aquaporin-mediated transport",1.69225014961101,6,0.0050251256281407,0.000159830144050288,0.000547818886492181,"AQP1, GNG12, GNG5","ADCY1, ADCY2, ADCY5, ADCY8, ADCY9, AQP11, GNB5, GNG13, GNG3, GNG7, PRKACB, PRKAR1B, PRKAR2B, RAB11FIP2"
"R-HSA-3928662","EPHB-mediated forward signaling",1.57137513892451,10,0.0179124982386924,0.00016445658258622,0.0295357803721987,"ARPC1B, CDC42, EPHB4, LIMK2, ROCK1, YES1","EPHB6, GRIN1, KALRN, LIMK1, PAK1, ROCK2, TIAM1"
"R-HSA-446353","Cell-extracellular matrix interactions",1.97429184121285,10,0.0135975609756098,0.0001664393965289,0.0113767739477292,"ARHGEF6, FBLIM1, FLNA, FLNC, ITGB1, PXN, RSU1",""
"R-HSA-2468052","Establishment of Sister Chromatid Cohesion",2.03070017953321,8,0.01,0.00017667403596681,0.047700040340465,"CDCA5, SMC1A, SMC3, STAG1",""
"R-HSA-5654710","PI-3K cascade:FGFR3",1.41020845800918,8,0.00518482699333763,0.000177665324590212,0.0102981278290215,"GAB1","FGF1, FGF2, FGF9, FGFR3"
"R-HSA-1222556","ROS and RNS production in phagocytes",1.64247808638716,9,0.01,0.000182776599684817,0.0216987666308377,"CYBA, NCF2, RAC2","ATP6V0A1, ATP6V1A, ATP6V1B2, ATP6V1D, ATP6V1E1, ATP6V1G2, ATP6V1H, NOS1"
"R-HSA-69541","Stabilization of p53",0.725250064119005,7,0.01,0.000183420580507308,0.0244865984337086,"ATM, CDKN2A, CHEK2, PSMB8, PSMB9, PSME1, PSMF1, TP53",""
"R-HSA-204998","Cell death signalling via NRAGE, NRIF and NADE",1.55687013764213,9,0.01,0.000192458872895224,0.022104385935079,"AKAP13, APH1A, ARHGEF40, ARHGEF6, BCL2L11, CASP2, ECT2, GNA13, NCSTN, PSENEN","ABR, ARHGEF2, ARHGEF3, ARHGEF37, ARHGEF9, KALRN, MAPK8, MCF2, MCF2L, NGEF, RASGRF2, TIAM1, TIAM2"
"R-HSA-9833110","RSV-host interactions",0.908471132949069,10,0.01,0.00019602709769242,0.0108687174502776,"GPC2, GPC4, HERC5, HSPG2, IFIH1, LY96, MED1, MED14, MED17, MED20, OAS2, SDC1, TLR3, TRIM25","GPC5, MED8, SDC4"
"R-HSA-9662851","Anti-inflammatory response favouring Leishmania parasite infection",0.891337865062289,6,0.0050251256281407,0.000197336392491221,0.000977197380071556,"DPEP1, GNAI3, GNG12, GNG5, PRKX, YES1","ADCY1, ADCY2, ADCY5, ADCY8, ADCY9, AHCYL1, GNAI1, GNAZ, GNB5, GNG13, GNG3, GNG7, ITPR1, PLK2, PRKACB, PRKAR1B, PRKAR2B"
"R-HSA-9664433","Leishmania parasite growth and survival",0.891337865062289,6,0.0050251256281407,0.000197336392491221,0.000977197380071556,"DPEP1, GNAI3, GNG12, GNG5, PRKX, YES1","ADCY1, ADCY2, ADCY5, ADCY8, ADCY9, AHCYL1, GNAI1, GNAZ, GNB5, GNG13, GNG3, GNG7, ITPR1, PLK2, PRKACB, PRKAR1B, PRKAR2B"
"R-HSA-3214841","PKMTs methylate histone lysines",0.911211619021314,10,0.015,0.000206158926620855,0.0075121574978175,"EHMT1, EZH2, MECOM, RBBP4, RELA, SETDB1, SUV39H2",""
"R-HSA-3371571","HSF1-dependent transactivation",1.26918761220826,10,0.01141670991178,0.000230622126992639,0.0240092599276899,"COL4A6, HSBP1, HSPA6, SERPINH1","CAMK2A, CAMK2B, CAMK2G, DEDD2, HSPH1"
"R-HSA-606279","Deposition of new CENPA-containing nucleosomes at the centromere",2.53837522441652,10,0.0100251256281407,0.00023765382383394,0.0162077446939727,"CENPH, CENPI, CENPK, CENPL, CENPM, CENPQ, CENPU, CENPW, HJURP, MIS18A, MIS18BP1, OIP5, RBBP4, RUVBL1",""
"R-HSA-774815","Nucleosome assembly",2.53837522441652,10,0.0100251256281407,0.00023765382383394,0.0162077446939727,"CENPH, CENPI, CENPK, CENPL, CENPM, CENPQ, CENPU, CENPW, HJURP, MIS18A, MIS18BP1, OIP5, RBBP4, RUVBL1",""
"R-HSA-5625970","RHO GTPases activate KTN1",1.84609107230292,9,0.00662251655629139,0.000238236106714632,0.0115112622655593,"CDC42","KIF5A, KLC1, KLC2"
"R-HSA-2024096","HS-GAG degradation",2.74990649311789,6,0.00609756097560976,0.000246223745440977,0.0295151981175896,"GLB1L, GLB1L2, GPC2, GPC4, GUSB, HSPG2, IDUA, NAGLU, SDC1, SGSH","GPC5, IDS, SDC4"
"R-HSA-2682334","EPH-Ephrin signaling",1.60028003278433,10,0.0251262626262626,0.000250630859545829,0.00435425505309258,"APH1A, ARPC1B, CDC42, EPHB4, LIMK2, MMP2, MMP9, NCSTN, PAK2, PSENEN, ROCK1, YES1","CLTB, DNM1, EFNA3, EPHA10, EPHA4, EPHA5, EPHA7, EPHB6, GRIN1, KALRN, LIMK1, MYH11, NGEF, PAK1, PAK3, ROCK2, TIAM1"
"R-HSA-432722","Golgi Associated Vesicle Biogenesis",1.08787509617851,10,0.00518482699333763,0.000269905699693478,0.000435090686080788,"AP3B1, BLOC1S4, DNM2, SNX5, VAMP8","ARRB1, DNAJC6, NECAP1, SH3GL2, TPD52, TPD52L1, VAMP2"
"R-HSA-1296041","Activation of G protein gated Potassium channels",2.45084504426422,6,0.0050251256281407,0.000270827164978064,0.000761584571471878,"GNG12, GNG5","GABBR1, GABBR2, GNB5, GNG13, GNG3, GNG7, KCNJ16, KCNJ2, KCNJ3, KCNJ4, KCNJ6, KCNJ9"
"R-HSA-1296059","G protein gated Potassium channels",2.45084504426422,6,0.0050251256281407,0.000270827164978064,0.000761584571471878,"GNG12, GNG5","GABBR1, GABBR2, GNB5, GNG13, GNG3, GNG7, KCNJ16, KCNJ2, KCNJ3, KCNJ4, KCNJ6, KCNJ9"
"R-HSA-997272","Inhibition  of voltage gated Ca2+ channels via Gbeta/gamma subunits",2.45084504426422,6,0.0050251256281407,0.000270827164978064,0.000761584571471878,"GNG12, GNG5","GABBR1, GABBR2, GNB5, GNG13, GNG3, GNG7, KCNJ16, KCNJ2, KCNJ3, KCNJ4, KCNJ6, KCNJ9"
"R-HSA-209543","p75NTR recruits signalling complexes",1.17155779588455,10,0.00503781533932288,0.000277033687582353,0.0124681877919687,"IKBKB, MYD88, RIPK2",""
"R-HSA-113510","E2F mediated regulation of DNA replication",2.07685245634079,9,0.0150753768844221,0.000277261442281823,0.02734101389974,"CCNB1, CDK1, MCM8, ORC2, POLA1, PPP2R3B, PRIM1, PRIM2, RB1",""
"R-HSA-9614085","FOXO-mediated transcription",1.07688645884337,8,0.00503781533932288,0.000279203945097693,0.0280221160877752,"AKT2, BCL2L11, BTG1, CAV1, HDAC1, IGFBP1, SFN, SIN3A, SMAD4","GCK, NPY, PINK1, PLXNA4, YWHAG"
"R-HSA-9711123","Cellular response to chemical stress",1.0202082241674,10,0.0300753768844221,0.00028495588279179,0.0231710579278988,"ABCC1, ABCC3, AKT2, ATP7A, BACH1, BRCA1, CCL2, CDKN2A, COX20, CYBA, GPX7, GPX8, GSTP1, HMOX1, IDH1, MED1, MIR155, MYC, NCF2, NOTCH1, NOX4, P4HB, PGD, PSMB8, PSMB9, PSME1, PSMF1, RELA, SIN3A, SKP2, SOD3, TRIM21","BTRC, FBXL17, HBB, HMOX2, MAFG, MAFK, ME1, PRKAA2, SESN1, SRXN1"
"R-HSA-5218920","VEGFR2 mediated vascular permeability",1.22542252213211,10,0.0150376884422111,0.000306278808842542,0.00633404804432667,"AKT2, CAV1, CTNNA1, PAK2, TRIB3","PAK1, PAK3"
"R-HSA-8853884","Transcriptional Regulation by VENTX",1.14226885098743,9,0.0150753768844221,0.000320736014599894,0.0419260105458945,"CCND1, CDKN2A, EHMT1, LEF1, MOV10, RELA, TP53, UBE2C","ANAPC15"
"R-HSA-451326","Activation of kainate receptors upon glutamate binding",2.03070017953321,6,0.0050251256281407,0.000323856754553471,0.000909936490763941,"GNG12, GNG5","DLG1, DLG3, DLG4, GNB5, GNG13, GNG3, GNG7, GRIK2, NCALD, PLCB1"
"R-HSA-9748787","Azathioprine ADME",1.54509796268831,2,0.00502525252525253,0.000327291934655295,0.0141976369933993,"ABCC4, IMPDH2, SLC29A1","ABCC5, HPRT1, SLC29A2, TPMT"
"R-HSA-6806834","Signaling by MET",1.34951594209486,2,0.0059708327462308,0.000340422910072058,0.0217259394207348,"COL1A1, COL1A2, COL3A1, COL5A1, COL5A2, DOCK7, FN1, GAB1, ITGA2, ITGB1, LAMA1, LAMA2, LAMA4, LAMB2, LAMC1","COL24A1, RAB4B, SH3GL2, SH3GL3, SH3KBP1, SPINT2"
"R-HSA-442720","CREB1 phosphorylation through the activation of Adenylate Cyclase",2.53837522441652,7,0.0100502512562814,0.000342726722632201,0.0274128281004747,"PRKX","ADCY1, ADCY8, PRKACB, PRKAR1B, PRKAR2B"
"R-HSA-1226099","Signaling by FGFR in disease",1.1463630045752,8,0.0100756306786458,0.000345237500949752,0.00736325352710429,"CNTRL, ERLIN2, GAB1, NCBP1, STAT5A, TRIM24","BCR, FGF1, FGF2, FGF9, FGFR1OP2, FGFR2, FGFR3, MYO18A"
"R-HSA-917937","Iron uptake and transport",1.05036216182752,10,0.01141670991178,0.000349611716798089,0.0161799192705488,"CP, HMOX1, STEAP3","ATP6V0A1, ATP6V1A, ATP6V1B2, ATP6V1D, ATP6V1E1, ATP6V1G2, ATP6V1H, HMOX2, TF"
"R-HSA-5633008","TP53 Regulates Transcription of Cell Death Genes",1.77095945889524,10,0.0083363839062864,0.000359902219076457,0.00933423378251826,"APAF1, ATM, BIRC5, CASP1, CASP2, CASP6, FAS, PMAIP1, STEAP3, TNFRSF10B, TP53, TP53I3, TP53INP1","CHM, PPP1R13B"
"R-HSA-5619115","Disorders of transmembrane transporters",0.920346572595462,8,0.00518482699333763,0.000380468340423986,0.017868668325162,"ABCA1, ABCB4, CP, ERLIN2, NUP107, NUP160, NUP205, NUP35, NUP37, NUP54, NUP62, NUP85, NUP88, PSMB8, PSMB9, PSME1, PSMF1, SLC16A1, SLC24A1, SLC26A2, SLC2A10, SLC7A7","ABCA3, ABCC8, GCK, SLC1A1, SLC24A4, SLC26A4, SLC27A4, SLC4A4, SLC9A6"
"R-HSA-9668328","Sealing of the nuclear envelope (NE) by ESCRT-III",0.676900059844405,9,0.01,0.000394128812830937,0.0465378052009063,"TUBB6","TUBA4A, TUBB2A, TUBB4A"
"R-HSA-177504","Retrograde neurotrophin signalling",1.45050012823801,6,0.00501256281407035,0.000404086633514874,0.00335600434479603,"DNM2","DNM1, DNM3, SH3GL2"
"R-HSA-5357769","Caspase activation via extrinsic apoptotic signalling pathway",1.36681742853197,9,0.00505050505050505,0.000410336077051397,0.000585020607009055,"CASP8, CFLAR, FAS, LY96, TNFRSF10B, TNFSF10","UNC5A"
"R-HSA-5654689","PI-3K cascade:FGFR1",0.967000085492007,9,0.00505050505050505,0.000415055326977677,0.0198176235053295,"GAB1","FGF1, FGF2, FGF9"
"R-HSA-2032785","YAP1- and WWTR1 (TAZ)-stimulated gene expression",2.03070017953321,6,0.00501256281407035,0.000437970257893647,0.0215229463914636,"CTGF, RUNX2, TEAD1, TEAD3, WWTR1","NPPA"
"R-HSA-8878171","Transcriptional regulation by RUNX1",0.915479589133826,10,0.0166463414634146,0.000452727453222347,0.0213564098350996,"ABL1, ACTL6A, CBFB, CBX2, CCND1, CDK6, CTSK, ELF1, HDAC1, ITCH, LGALS3, LMO2, MOV10, OCLN, PHC1, PSMB8, PSMB9, PSME1, PSMF1, RUNX2, SIN3A, SMARCC1, SMARCE1, SOCS3, SOCS4, TCF12, TCF3","ACTL6B, CBX6, GATA2, NR4A3, PRKCB, PRKCQ"
"R-HSA-69563","p53-Dependent G1 DNA Damage Response",0.781038530589698,10,0.0222453732075009,0.000452974491616729,0.0324710157812263,"ATM, CCNA2, CDK2, CDKN2A, CHEK2, PSMB8, PSMB9, PSME1, PSMF1, TP53",""
"R-HSA-69580","p53-Dependent G1/S DNA damage checkpoint",0.781038530589698,10,0.0222453732075009,0.000452974491616729,0.0324710157812263,"ATM, CCNA2, CDK2, CDKN2A, CHEK2, PSMB8, PSMB9, PSME1, PSMF1, TP53",""
"R-HSA-397795","G-protein beta:gamma signalling",1.74513296678636,6,0.0050251256281407,0.000454450718929227,0.00127470459411067,"AKT2, ARHGEF6, CDC42, GNG12, GNG5","GNB5, GNG13, GNG3, GNG7, PAK1, PLCB1"
"R-HSA-190828","Gap junction trafficking",1.29619160395737,10,0.0155544809800129,0.000461509173442741,0.0133242560871534,"DNM2, GJA9, TUBB6","CLTB, DNM1, GJA1, GJB1, GJB6, GJC2, TUBA4A, TUBB2A, TUBB4A"
"R-HSA-9006931","Signaling by Nuclear Receptors",1.03220237341419,10,0.0135975609756098,0.000483221383755935,0.0207356312682263,"ABCA1, AKT2, BTC, CAV1, CAV2, CBFB, CCND1, CHD1, GNAI3, GNG12, GNG5, HDAC1, HSBP1, MED1, MMP2, MMP9, MOV10, MYC, NR1H3, PDK1, PLTP, POU2F1, RARA, RDH10, S1PR3, SMC1A, SMC3, SPHK1, STAG1, ZNF217","ALDH1A1, ALDH8A1, CRABP1, CYP26A1, CYP26B1, ERBB4, FABP6, GNAI1, GNB5, GNG13, GNG3, GNG7, MYLIP, PDK2, PDK3, PDK4, PRKCZ, SDR16C5, ZDHHC21"
"R-HSA-202670","ERKs are inactivated",1.17155779588455,9,0.00505050505050505,0.000493282806370222,0.000762112475707902,"MAPK7","DUSP3, DUSP7"
"R-HSA-193639","p75NTR signals via NF-kB",1.26918761220826,10,0.0100756306786458,0.00050542679639236,0.000765928262727414,"IKBKB, MYD88, RELA, RIPK2",""
"R-HSA-201722","Formation of the beta-catenin:TCF transactivating complex",1.07688645884337,10,0.00752525252525253,0.000530370090021975,0.0205266126189882,"HDAC1, LEF1, MYC, PYGO1, RUNX3, RUVBL1, TCF7L1",""
"R-HSA-3899300","SUMOylation of transcription cofactors",0.590319819631748,3,0.005,0.000530704360935284,0.0125566279055869,"CBX2, PCGF2, PHC1, SIN3A, UBE2I",""
"R-HSA-420092","Glucagon-type ligand receptors",1.38456830422719,6,0.0050251256281407,0.000533731075103901,0.00149581426664804,"GNG12, GNG5","ADCYAP1, GNB5, GNG13, GNG3, GNG7, VIP, VIPR1"
"R-HSA-5655332","Signaling by FGFR3 in disease",1.15380692018933,8,0.00518482699333763,0.000534187320229761,0.0240908907319588,"GAB1","FGF1, FGF2, FGF9, FGFR3"
"R-HSA-877300","Interferon gamma signaling",1.76132158428901,10,0.01141670991178,0.000550163729032046,0.0263704683252794,"CD44, GBP1, GBP2, GBP3, HLA-A, HLA-B, HLA-DPA1, HLA-DPB1, HLA-DQA1, HLA-DRA, HLA-DRB1, HLA-F, HLA-G, ICAM1, IFI30, IRF1, OAS1, OAS2, OAS3, SOCS3, SP100, TRIM14, TRIM21, TRIM25, TRIM45, TRIM5, TRIM6, VCAM1, YBX1","CAMK2A, CAMK2B, CAMK2G, TRIM3, TRIM46"
"R-HSA-2173788","Downregulation of TGF-beta receptor signaling",1.36681742853197,10,0.0100756306786458,0.000559125349822646,0.0189158236244598,"TGFB1, TGFBR1, TGFBR2","NEDD4L, SMURF1, USP25, ZFYVE9"
"R-HSA-9614399","Regulation of localization of FOXO transcription factors",1.26918761220826,8,0.00518482699333763,0.000574930203129316,0.0342095899939425,"AKT2, SFN","YWHAG"
"R-HSA-198725","Nuclear Events (kinase and transcription factor activation)",1.60763764213046,9,0.00609756097560976,0.000574996504309306,0.00109032460923684,"ATF1, DNM2, ID3, MAPK7, REST, TCF12","CDK5, CDK5R1, CDK5R2, DUSP3, DUSP7, EGR4, MAPK11, MEF2A, MEF2C, MEF2D, RPS6KA2, SH3GL3, TF"
"R-HSA-1296065","Inwardly rectifying K+ channels",2.38905903474496,6,0.0050251256281407,0.000623567243378013,0.00174610748214716,"GNG12, GNG5, KCNJ8","ABCC8, GABBR1, GABBR2, GNB5, GNG13, GNG3, GNG7, KCNJ16, KCNJ2, KCNJ3, KCNJ4, KCNJ6, KCNJ9"
"R-HSA-9664565","Signaling by ERBB2 KD Mutants",1.48071888090963,10,0.01,0.000632454551882732,0.0346187944556952,"BTC, ERBB2, GAB1","ERBB3, ERBB4, NRG1, NRG3"
"R-HSA-2559584","Formation of Senescence-Associated Heterochromatin Foci (SAHF)",1.84609107230292,10,0.0121951219512195,0.000643223660034793,0.0225800371186679,"HMGA2, LMNB1, RB1, TP53",""
"R-HSA-201451","Signaling by BMP",1.63766143510743,10,0.0100756306786458,0.000648161188375967,0.00317700866233315,"BMP2, BMPR1A, FSTL1, SMAD1, SMAD4, SMAD5","ACVR2A, GREM2, NOG, SMURF1"
"R-HSA-9759194","Nuclear events mediated by NFE2L2",1.17566852499291,8,0.0135975609756098,0.000669714015883601,0.0188924097225419,"ABCC1, ABCC3, BACH1, CCL2, CDKN2A, HMOX1, IDH1, MYC, NOTCH1, PGD, PSMB8, PSMB9, PSME1, PSMF1, RELA, SOD3","BTRC, MAFG, MAFK, ME1, PRKAA2, SRXN1"
"R-HSA-157858","Gap junction trafficking and regulation",1.21842010771993,10,0.0151134460179686,0.00067343515045677,0.0181461368310898,"DNM2, GJA9, TUBB6","CLTB, DNM1, GJA1, GJB1, GJB6, GJC2, TUBA4A, TUBB2A, TUBB4A"
"R-HSA-8862803","Deregulated CDK5 triggers multiple neurodegenerative pathways in Alzheimer's disease models",1.84609107230292,10,0.01712506486767,0.000678166002102446,0.00230576658569978,"BCL2L11, CAPN2, CDC25A, CDC25C, LMNA, LMNB1","CDK5, CDK5R1"
"R-HSA-8863678","Neurodegenerative Diseases",1.84609107230292,10,0.01712506486767,0.000678166002102446,0.00230576658569978,"BCL2L11, CAPN2, CDC25A, CDC25C, LMNA, LMNB1","CDK5, CDK5R1"
"R-HSA-5654695","PI-3K cascade:FGFR2",1.10364140192022,9,0.00505050505050505,0.000678833122518493,0.0290053868837876,"GAB1","FGF1, FGF2, FGF9, FGFR2"
"R-HSA-8875360","InlB-mediated entry of Listeria monocytogenes into host cell",1.01535008976661,2,0.00570835495588998,0.000679839757779782,0.000832189444046277,"","SH3GL2, SH3GL3, SH3KBP1"
"R-HSA-9825892","Regulation of MITF-M-dependent genes involved in cell cycle and proliferation",2.17575019235701,9,0.0201005025125628,0.000683091116590436,0.0213838882109329,"CCNB1, CCND1, CDK2, CDKN2A, LEF1, TCF7L1",""
"R-HSA-5620924","Intraflagellar transport",1.43473382249629,10,0.0206382978723404,0.000694831079801374,0.0119629692597516,"IFT52, IFT74, IFT81, IFT88, TRIP11, TTC26, TUBB6, WDR35","KIF3A, KIF3C, TUBA4A, TUBB2A, TUBB4A"
"R-HSA-2173791","TGF-beta receptor signaling in EMT (epithelial to mesenchymal transition)",1.90378141831239,10,0.0200502512562814,0.000698692742772635,0.00226608630737279,"TGFB1, TGFBR1, TGFBR2","PARD6A, PRKCZ, SMURF1"
"R-HSA-2979096","NOTCH2 Activation and Transmission of Signal to the Nucleus",1.61532968826506,2,0.00556134330187523,0.000698830100208936,0.0170674705825406,"APH1A, DLL1, JAG1, MDK, NCSTN, PSENEN","NEURL1"
"R-HSA-8853659","RET signaling",1.60970136182511,10,0.01141670991178,0.000730294706695483,0.016996126729259,"GAB1, MAPK7, PDLIM7","DOK4, DOK6, GFRA2, PIK3CB, PRKACB, PRKCA, RAP1GAP, RET, SHANK3, SHC3"
"R-HSA-5689880","Ub-specific processing proteases",0.708383783558098,10,0.03,0.000753884003241252,0.00623503915788629,"CCNA2, CDC20, CDC25A, DDB2, IFIH1, MYC, PSMB8, PSMB9, PSME1, PSMF1, RUVBL1, SKP2, SMAD1, SMAD4, TGFBR1, TP53, USP18, USP3","ARRB1, CYLD, RNF128, USP12, USP20, USP25"
"R-HSA-6807878","COPI-mediated anterograde transport",0.964582585278277,10,0.0166840299056257,0.000759307295296136,0.00985823347257395,"ARFGAP3, COG7, KDELR2, KDELR3, TUBB6","ANK1, ANK2, ANK3, DYNC1I1, DYNC1LI1, NAPB, NAPG, SPTAN1, SPTB, SPTBN2, SPTBN4, TUBA4A, TUBB2A, TUBB4A"
"R-HSA-1227990","Signaling by ERBB2 in Cancer",1.42149012567325,10,0.0083112582781457,0.000786498824706385,0.0409906823826403,"BTC, ERBB2, GAB1","ERBB3, ERBB4, NRG1, NRG3"
"R-HSA-6811436","COPI-independent Golgi-to-ER retrograde traffic",0.895897138029359,10,0.0111226866037505,0.000794754491935991,0.0215271824134912,"GALNT1, TUBB6","BICD1, DYNC1I1, DYNC1LI1, RAB6B, TUBA4A, TUBB2A, TUBB4A"
"R-HSA-3000170","Syndecan interactions",2.63238912161713,9,0.00505050505050505,0.00081096471183683,0.0366013405633176,"COL1A1, COL1A2, COL3A1, COL5A1, COL5A2, FN1, ITGA2, ITGB1, SDC1, TGFB1, TNC","FGF2, PRKCA, SDC4"
"R-HSA-5213460","RIPK1-mediated regulated necrosis",1.11053916068223,10,0.0116476421844321,0.000814783596528669,0.0422130604559772,"CASP8, CFLAR, FAS, ITCH, PDCD6IP, TNFRSF10B, TNFSF10",""
"R-HSA-5675482","Regulation of necroptotic cell death",1.11053916068223,10,0.0116476421844321,0.000814783596528669,0.0422130604559772,"CASP8, CFLAR, FAS, ITCH, PDCD6IP, TNFRSF10B, TNFSF10",""
"R-HSA-9820952","Respiratory Syncytial Virus Infection Pathway",0.77441955999148,10,0.00503781533932288,0.000867139981966957,0.0460329146449132,"GPC2, GPC4, HERC5, HSPG2, IFIH1, LY96, MED1, MED14, MED17, MED20, OAS2, SDC1, SEC11A, TLR3, TRIM25","GPC5, MED8, SDC4"
"R-HSA-210991","Basigin interactions",2.03070017953321,9,0.00505050505050505,0.000875002409577735,0.0404830190264497,"CAV1, ITGB1, SLC16A1, SLC7A7","ATP1B1, ATP1B2, L1CAM, MAG, SLC7A10, SLC7A8"
"R-HSA-195253","Degradation of beta-catenin by the destruction complex",0.733988016698752,10,0.01,0.000901080907330663,0.0478484495903818,"HDAC1, LEF1, MYC, PSMB8, PSMB9, PSME1, PSMF1, TCF7L1","APC, BTRC, PPP2R5A, PPP2R5B"
"R-HSA-1433559","Regulation of KIT signaling",0.951890709156194,2,0.00570835495588998,0.000903474632279146,0.00110574440787852,"YES1","KIT, PRKCA"
"R-HSA-8948216","Collagen chain trimerization",2.19223314835972,5,0.00531914893617021,0.000924041167467609,0.015168236735633,"COL18A1, COL1A1, COL1A2, COL21A1, COL22A1, COL28A1, COL3A1, COL4A1, COL4A2, COL4A6, COL5A1, COL5A2, COL6A1, COL6A2, COL6A3, COL8A1, COL8A2","COL23A1, COL24A1"
"R-HSA-430116","GP1b-IX-V activation signalling",1.69225014961101,5,0.0050251256281407,0.000945252522135393,0.0379690052984817,"COL1A1, COL1A2, FLNA","GP1BB"
"R-HSA-77387","Insulin receptor recycling",1.22542252213211,8,0.00609756097560976,0.000961838207353143,0.0393436182050109,"","ATP6V0A1, ATP6V1A, ATP6V1B2, ATP6V1D, ATP6V1E1, ATP6V1G2, ATP6V1H"
"R-HSA-6794362","Protein-protein interactions at synapses",2.88451730047331,10,0.025,0.000988949805320885,0.00155119904429377,"IL1RAP","APBA1, APBA2, BEGAIN, DLG1, DLG2, DLG3, DLG4, DLGAP1, DLGAP2, EPB41L1, EPB41L3, GRIA1, GRIA3, GRIA4, GRIN1, GRIN2A, GRIN2C, GRM1, GRM5, HOMER1, IL1RAPL1, LIN7A, LIN7B, LRFN1, LRRTM1, LRRTM2, NLGN4Y, NRXN1, NRXN2, NRXN3, PPFIA2, PPFIA3, PPFIA4, PTPRD, RTN3, SHANK1, SHANK2, SHANK3, SIPA1L1, SLITRK1, SLITRK3, SLITRK4, SLITRK5, STX1A, STXBP1, SYT1, SYT12, SYT2, SYT9"
"R-HSA-2122947","NOTCH1 Intracellular Domain Regulates Transcription",1.16342197785757,10,0.0150376884422111,0.000994758975456462,0.0232063909449543,"HDAC1, HES1, HEY2, MAML2, MYC, NOTCH1","FBXW7, HDAC11, HDAC5, HDAC9, NBEA"
"R-HSA-9694548","Maturation of spike protein_9694548",1.46958565624114,10,0.0374554893673666,0.0010029657375921,0.0048949217944266,"DAD1, DDOST, MGAT2, RPN1, RPN2, ST6GAL1, ST6GALNAC2, STT3A","MGAT4A, MGAT4C, ST3GAL3"
"R-HSA-190861","Gap junction assembly",1.26918761220826,6,0.00503781533932288,0.00102007611123163,0.0453359436752464,"GJA9, TUBB6","GJA1, GJB1, GJB6, GJC2, TUBA4A, TUBB2A, TUBB4A"
"R-HSA-5654708","Downstream signaling of activated FGFR3",1.01535008976661,8,0.00518482699333763,0.00106013165784003,0.0409906823826403,"GAB1","FGF1, FGF2, FGF9, FGFR3"
"R-HSA-1839122","Signaling by activated point mutants of FGFR1",1.38456830422719,5,0.0050251256281407,0.00106781348927123,0.00121339249885196,"","FGF1, FGF2, FGF9"
"R-HSA-3928665","EPH-ephrin mediated repulsion of cells",1.5927060231633,10,0.0103191489361702,0.00107964892697133,0.0346769811287007,"APH1A, EPHB4, MMP2, MMP9, NCSTN, PSENEN, YES1","CLTB, DNM1, EFNA3, EPHA10, EPHA4, EPHA5, EPHA7, EPHB6, TIAM1"
"R-HSA-6803207","TP53 Regulates Transcription of Caspase Activators and Caspases",2.53837522441652,6,0.0111226866037505,0.00108847806112882,0.035677578304236,"APAF1, ATM, CASP1, CASP2, CASP6, TP53",""
"R-HSA-416572","Sema4D induced cell migration and growth-cone collapse",2.03070017953321,1,0.005,0.00110634211752032,0.00110634211752032,"ERBB2, LIMK2, RHOC, ROCK1","LIMK1, MYH11, RND1, ROCK2"
"R-HSA-9758274","Regulation of NF-kappa B signaling",1.69225014961101,7,0.00531914893617021,0.00116751489299587,0.0471005413564305,"CASP8, IKBIP, IKBKB, NLRC5, TP53, USP18",""
"R-HSA-196025","Formation of annular gap junctions",1.84609107230292,10,0.00609756097560976,0.00118912002628825,0.0481020089085546,"DNM2","CLTB, DNM1, GJA1"
"R-HSA-5218859","Regulated Necrosis",1.13789234197982,9,0.0132450331125828,0.0011935844822653,0.0194961806134334,"CASP1, CASP4, CASP8, CFLAR, FAS, IL18, IL1B, IRF1, ITCH, PDCD6IP, TNFRSF10B, TNFSF10, TP53",""
"R-HSA-3371497","HSP90 chaperone cycle for steroid hormone receptors (SHR) in the presence of ligand",0.738436428921169,10,0.0111226866037505,0.00125530841856284,0.0385699996725793,"TUBB6","DNAJA4, DYNC1I1, DYNC1LI1, NR3C2, TUBA4A, TUBB2A, TUBB4A"
"R-HSA-5339562","Uptake and actions of bacterial toxins",2.8009657648734,10,0.0100251256281407,0.0012580536052343,0.0087624385929095,"ANTXR1, ANTXR2, CD9, PDCD6IP","MAP2K1, MAP2K4, SNAP25, STX1A, STX1B, SV2A, SV2B, SV2C, SYT1, SYT2, VAMP1, VAMP2"
"R-HSA-936440","Negative regulators of DDX58/IFIH1 signaling",1.64247808638716,10,0.0318001938297529,0.00126788612686161,0.00481376770479325,"HERC5, IFIH1, ITCH, NLRC5, RNF135, TNFAIP3, TRIM25, TRIM4","CYLD, PIN1, UBE2K"
"R-HSA-9772573","Late SARS-CoV-2 Infection Events",1.37209471590082,10,0.0231382978723404,0.00134448924037086,0.00480249284951863,"ANO6, DAD1, DDOST, GALNT1, MGAT2, PARP14, PARP4, PARP9, RPN1, RPN2, ST6GAL1, ST6GALNAC2, STT3A, UBE2I","ANO3, ANO4, ANO5, MGAT4A, MGAT4C, ST3GAL3"
"R-HSA-1980143","Signaling by NOTCH1",1.37209471590082,9,0.0198675496688742,0.00134448924037086,0.025743950939814,"APH1A, DLL1, HDAC1, HES1, HEY2, ITCH, JAG1, MAML2, MYC, NCSTN, NOTCH1, PSENEN","ARRB1, DTX4, FBXW7, HDAC11, HDAC5, HDAC9, NBEA, NEURL1"
"R-HSA-1912408","Pre-NOTCH Transcription and Translation",0.725250064119005,8,0.00556134330187523,0.00136261769942264,0.0159230288401679,"CCND1, MAML2, MOV10, NOTCH1, SIRT6, TP53",""
"R-HSA-1250196","SHC1 events in ERBB2 signaling",1.84609107230292,9,0.0121951219512195,0.00137761280051155,0.025322153750977,"BTC, ERBB2","ERBB3, ERBB4, NRG1, NRG3, PRKCA, PRKCE"
"R-HSA-445095","Interaction between L1 and Ankyrins",3.27532287021486,10,0.01141670991178,0.001421454040473,0.00383829075047081,"","ANK1, ANK2, ANK3, KCNQ2, KCNQ3, L1CAM, NFASC, NRCAM, SCN1A, SCN1B, SCN2A, SCN2B, SCN3A, SCN3B, SCN4B, SCN8A, SPTAN1, SPTB, SPTBN2, SPTBN4"
"R-HSA-9664422","FCGR3A-mediated phagocytosis",0.673904926836243,10,0.01141670991178,0.00143191875794394,0.0107778259267861,"ABL1, ARPC1B, CDC42, MYO9B, NCKAP1L, WASF2, YES1","BAIAP2, CYFIP2, ELMO1, MYO5A, NCKIPSD, WASF1, WASF3, WIPF3"
"R-HSA-9664417","Leishmania phagocytosis",0.673904926836243,10,0.01141670991178,0.00143191875794394,0.0107778259267861,"ABL1, ARPC1B, CDC42, MYO9B, NCKAP1L, WASF2, YES1","BAIAP2, CYFIP2, ELMO1, MYO5A, NCKIPSD, WASF1, WASF3, WIPF3"
"R-HSA-9664407","Parasite infection",0.673904926836243,10,0.01141670991178,0.00143191875794394,0.0107778259267861,"ABL1, ARPC1B, CDC42, MYO9B, NCKAP1L, WASF2, YES1","BAIAP2, CYFIP2, ELMO1, MYO5A, NCKIPSD, WASF1, WASF3, WIPF3"
"R-HSA-1428517","Aerobic respiration and respiratory electron transport",0.693545143283201,7,0.00609756097560976,0.00144704955080973,0.0433626385561184,"COX20, PDK1, SDHAF2, SLC25A13, SUCLG2, UCP2","GOT1, GOT2, HAGH, MDH1, ME1, NDUFAF5, PC, PDK2, PDK3, PDK4, PDP1, RMND5A, SDHAF1, SLC25A12, SLC25A14, SLC25A18, SLC25A22, SLC25A27, SUCLA2"
"R-HSA-9861718","Regulation of pyruvate metabolism",1.07688645884337,5,0.0050251256281407,0.00149581426664804,0.00189361150706946,"PDK1","ME1, PDK2, PDK3, PDK4, PDP1, RMND5A"
"R-HSA-2173789","TGF-beta receptor signaling activates SMADs",1.40420757095382,10,0.0103696539866753,0.00156976118881423,0.0279895739061385,"FBN1, ITGB1, ITGB8, LTBP2, LTBP3, SMAD4, TGFB1, TGFBR1, TGFBR2","NEDD4L, SMURF1, USP25, ZFYVE9"
"R-HSA-2033514","FGFR3 mutant receptor activation",1.69225014961101,5,0.0050251256281407,0.00159323337667221,0.00181012390695727,"","FGF1, FGF2, FGF9, FGFR3"
"R-HSA-1839130","Signaling by activated point mutants of FGFR3",1.69225014961101,5,0.0050251256281407,0.00159323337667221,0.00181012390695727,"","FGF1, FGF2, FGF9, FGFR3"
"R-HSA-9708530","Regulation of BACH1 activity",1.69225014961101,6,0.0050251256281407,0.00159739680042596,0.0019418138607031,"BACH1, MIR155, SKP2","FBXL17, MAFK"
"R-HSA-9013507","NOTCH3 Activation and Transmission of Signal to the Nucleus",1.62456014362657,2,0.00556134330187523,0.00160133940213735,0.0332851069129913,"APH1A, DLL1, JAG1, NCSTN, PSENEN, TACC3, YBX1","NEURL1"
"R-HSA-164378","PKA activation in glucagon signalling",2.38905903474496,5,0.00505050505050505,0.00161866633783911,0.00181217322031451,"","ADCY1, ADCY2, ADCY5, ADCY8, ADCY9, PRKACB, PRKAR1B, PRKAR2B"
"R-HSA-432720","Lysosome Vesicle Biogenesis",1.59555014106181,10,0.0100756306786458,0.00165493844737912,0.0120924214973986,"DNM2, GNS, VAMP8","AP1G2, AP4S1, ARRB1, CLTB, CLVS1, DNAJC6, SH3GL2, VAMP2"
"R-HSA-983712","Ion channel transport",1.35380011968881,2,0.00502525252525253,0.00174892063475824,0.0187950437556155,"ANO6, ATP11C, ATP7A, BEST3, BEST4, TRPM8","ANO3, ANO4, ANO5, ASIC2, ATP13A2, ATP1A1, ATP1A2, ATP1B1, ATP1B2, ATP2B2, ATP2B3, ATP6V0A1, ATP6V1A, ATP6V1B2, ATP6V1D, ATP6V1E1, ATP6V1G2, ATP6V1H, ATP8A1, ATP8A2, ATP9A, CAMK2A, CAMK2B, CAMK2G, CASQ1, CLCN4, CLCN6, FKBP1B, FXYD1, FXYD7, NALCN, NEDD4L, RYR1, RYR2, SLC9B2, SLN, TPCN1, TRPC3, TRPM2, TRPM3, UNC79, UNC80"
"R-HSA-9013422","RHOBTB1 GTPase cycle",1.54509796268831,9,0.00609756097560976,0.00178526003912591,0.0369684253892381,"DBN1, HNRNPC, PDE5A, RHOBTB1, ROCK1, VIM","ROCK2"
"R-HSA-1433557","Signaling by SCF-KIT",0.708383783558098,2,0.00570835495588998,0.00179682288186763,0.00230605193895204,"CHEK1, MMP9, STAT5A, YES1","KIT, PRKCA"
"R-HSA-8847993","ERBB2 Activates PTK6 Signaling",2.34311559176909,8,0.00517213728215546,0.00179988303408951,0.0316275061572424,"BTC, ERBB2","ERBB3, ERBB4, NRG1, NRG3"
"R-HSA-1358803","Downregulation of ERBB2:ERBB3 signaling",1.95259632647424,5,0.00531914893617021,0.00184999291286754,0.0293241757377368,"AKT2, ERBB2","ERBB3, NRG1, RNF41"
"R-HSA-4090294","SUMOylation of intracellular receptors",1.18457510472771,8,0.0050251256281407,0.00190309528896508,0.0462439253283447,"NR1H3, RARA, UBE2I","NR3C2, NR4A2, RORA, THRB"
"R-HSA-193704","p75 NTR receptor-mediated signalling",1.67480427177997,10,0.00636003876595057,0.00192146819924992,0.0144475279508066,"AKAP13, APH1A, ARHGEF40, ARHGEF6, BCL2L11, CASP2, ECT2, GNA13, HDAC1, IKBKB, MYD88, NCSTN, PSENEN, RELA, RIPK2","ABR, ARHGEF2, ARHGEF3, ARHGEF37, ARHGEF9, KALRN, LINGO1, MAG, MAPK8, MCF2, MCF2L, NGEF, RASGRF2, RTN4R, SORCS3, TIAM1, TIAM2"
"R-HSA-381340","Transcriptional regulation of white adipocyte differentiation",0.785687569462255,10,0.0100251256281407,0.00196456518349391,0.0388405076113,"CD36, CDK4, EBF1, MED1, MED14, MED17, MED20, NR2F2, RELA, TGFB1","ANGPTL4, MED8, WNT10B"
"R-HSA-1236394","Signaling by ERBB4",1.75060360304587,8,0.0055740330130574,0.00197291069315148,0.0483670204793025,"APH1A, BTC, ITCH, NCSTN, NEDD4, PSENEN, SPARC, STAT5A","ADAP1, DLG4, ERBB3, ERBB4, GABRA1, GABRB1, GABRB2, GABRB3, GABRG2, NRG1, NRG3, STMN1"
"R-HSA-212300","PRC2 methylates histones and DNA",1.69225014961101,8,0.0141225165562914,0.00197743430556821,0.0298304581949335,"DNMT3A, DNMT3B, EZH2, PHF19, RBBP4",""
"R-HSA-8955332","Carboxyterminal post-translational modifications of tubulin",1.23823181678855,4,0.00862281350086228,0.00199111122413181,0.00669604103208983,"AGBL2, TTLL4, TUBB6, VASH2","AGTPBP1, NICN1, TTLL7, TUBA4A, TUBB2A, TUBB4A"
"R-HSA-190873","Gap junction degradation",1.69225014961101,9,0.00609756097560976,0.00200874287572995,0.00277639795963462,"DNM2","CLTB, DNM1, GJA1"
"R-HSA-163615","PKA activation",2.53837522441652,5,0.00505050505050505,0.00207371877253217,0.00232137949440666,"","ADCY1, ADCY2, ADCY5, ADCY8, ADCY9, NBEA, PRKACB, PRKAR1B, PRKAR2B"
"R-HSA-881907","Gastrin-CREB signalling pathway via PKC and MAPK",1.12816676640734,3,0.00505050505050505,0.00207371877253217,0.00319705914626122,"MAPK7","CCKBR, PRKCA, RPS6KA2"
"R-HSA-180292","GAB1 signalosome",1.19452951737248,10,0.00503781533932288,0.00209631605581442,0.00911894225951547,"BTC, CSK, GAB1, PXN",""
"R-HSA-180024","DARPP-32 events",1.90378141831239,10,0.0100251256281407,0.0021675818647451,0.00325210020237876,"","CDK5, PDE4A, PPP1R1B, PPP3CA, PPP3CB, PPP3R1, PRKACB, PRKAR1B, PRKAR2B"
"R-HSA-176409","APC/C:Cdc20 mediated degradation of mitotic proteins",0.879970077797726,10,0.00518482699333763,0.00219123898537882,0.0274907107592125,"BUB1B, CCNA2, CCNB1, CDC20, CDK1, MAD2L1, PSMB8, PSMB9, PSME1, PSMF1, PTTG1, UBE2C","ANAPC15"
"R-HSA-2028269","Signaling by Hippo",1.01535008976661,3,0.00609756097560976,0.00227708815923325,0.00268177678280128,"LATS2, MOB1A, NPHP4, WWTR1",""
"R-HSA-190373","FGFR1c ligand binding and activation",1.17155779588455,5,0.0050251256281407,0.00228914554951762,0.00260031136200692,"","FGF1, FGF2, FGF9"
"R-HSA-190375","FGFR2c ligand binding and activation",1.5620770611794,5,0.0050251256281407,0.00228914554951762,0.00260031136200692,"","FGF1, FGF2, FGF9, FGFR2"
"R-HSA-190239","FGFR3 ligand binding and activation",1.95259632647424,5,0.0050251256281407,0.00228914554951762,0.00260031136200692,"GALNT3","FGF1, FGF2, FGF9, FGFR3"
"R-HSA-190372","FGFR3c ligand binding and activation",1.95259632647424,5,0.0050251256281407,0.00228914554951762,0.00260031136200692,"GALNT3","FGF1, FGF2, FGF9, FGFR3"
"R-HSA-5654227","Phospholipase C-mediated cascade; FGFR3",1.5620770611794,5,0.0050251256281407,0.00228914554951762,0.00260031136200692,"","FGF1, FGF2, FGF9, FGFR3"
"R-HSA-3769402","Deactivation of the beta-catenin transactivating complex",1.08787509617851,7,0.00505050505050505,0.0023567692239365,0.00440608283766124,"AKT2, HDAC1, LEF1, PYGO1, SOX3, SOX4, TCF7L1","APC, BTRC"
"R-HSA-376176","Signaling by ROBO receptors",0.759140254031108,3,0.00609756097560976,0.00241351189179657,0.0242875068850381,"ABL1, CDC42, CXCR4, ENAH, MYO9B, NCBP1, NRP1, NTN1, PAK2, PFN1, PSMB8, PSMB9, PSME1, PSMF1, RPL22L1, RPLP0, RPS27L, SRGAP1","AKAP5, CAP2, EVL, NELL2, PAK1, PAK3, PAK6, PPP3CB, PRKACB, PRKCA, ROBO2, RPS4Y1, SLIT3, SRGAP3"
"R-HSA-9694635","Translation of Structural Proteins_9694635",1.33160667510375,10,0.0302268920359373,0.00241499226074016,0.0121449376578647,"DAD1, DDOST, GALNT1, MGAT2, PARP14, PARP4, PARP9, RPN1, RPN2, ST6GAL1, ST6GALNAC2, STT3A, UBE2I","MGAT4A, MGAT4C, ST3GAL3"
"R-HSA-9679191","Potential therapeutics for SARS",0.759785781458005,4,0.00570835495588998,0.00242398582108526,0.0377175697986379,"HDAC1, HMG20B, IMPDH2, ITGA4, ITGB1, RBBP4, REST, ROCK1, SAP30, SIGMAR1, VEGFA","ATP1A1, ATP1A2, ATP1B1, ATP1B2, CHD3, FXYD1, FXYD7, JAK3, MTA3, ROCK2, SH3KBP1"
"R-HSA-176814","Activation of APC/C and APC/C:Cdc20 mediated degradation of mitotic proteins",0.868391524142493,10,0.00518482699333763,0.00242672604688118,0.0293284324559442,"BUB1B, CCNA2, CCNB1, CDC20, CDK1, MAD2L1, PSMB8, PSMB9, PSME1, PSMF1, PTTG1, UBE2C","ANAPC15"
"R-HSA-9707616","Heme signaling",1.29619160395737,5,0.00609756097560976,0.00245297261572896,0.0291101741173601,"BACH1, HMOX1, LY96, MED1","ARNTL, HBB, MAFK, MEF2C, MEF2D, NPAS2, NR1D1, RORA"
"R-HSA-8940973","RUNX2 regulates osteoblast differentiation",1.90378141831239,5,0.00531914893617021,0.00246778343119555,0.00755638149952866,"ABL1, CBFB, COL1A1, HES1, HEY2, RB1, RUNX2, WWTR1, YES1",""
"R-HSA-73854","RNA Polymerase I Promoter Clearance",0.828857216136006,8,0.00609756097560976,0.00249713682628683,0.0293024239074776,"CBX3, HDAC1, POLR1B, RBBP4, TAF1A, TAF1B","CHD3, MTA3"
"R-HSA-1236978","Cross-presentation of soluble exogenous antigens (endosomes)",0.528828171753441,4,0.00609756097560976,0.00255038414518161,0.00298531427241774,"MRC2, PSMB8, PSMB9, PSME1, PSMF1",""
"R-HSA-351906","Apoptotic cleavage of cell adhesion  proteins",1.38456830422719,9,0.00505050505050505,0.00262963411009438,0.00404053704001233,"CDH1, DSG2, OCLN",""
"R-HSA-2871796","FCERI mediated MAPK activation",0.489325344465835,5,0.0050251256281407,0.00265483048733407,0.00397695424965483,"LCP2, MAP3K1, PAK2","MAP2K4, MAPK10, MAPK8, MAPK9, PAK1"
"R-HSA-5654696","Downstream signaling of activated FGFR2",0.846125074805506,5,0.0050251256281407,0.0027665030352674,0.00323752325312576,"GAB1","FGF1, FGF2, FGF9, FGFR2"
"R-HSA-73864","RNA Polymerase I Transcription",0.913815080789946,10,0.00636003876595057,0.00282051609639378,0.0329862445264778,"CBX3, HDAC1, POLR1B, PTRF, RBBP4, TAF1A, TAF1B","CHD3, MTA3"
"R-HSA-211733","Regulation of activated PAK-2p34 by proteasome mediated degradation",0.518035760085004,4,0.00609756097560976,0.00283101390685024,0.00331343625608836,"PAK2, PSMB8, PSMB9, PSME1, PSMF1",""
"R-HSA-5673000","RAF activation",1.19452951737248,10,0.0103696539866753,0.00286849814550938,0.00528457822829912,"ARAF","CAMK2A, CAMK2B, CAMK2G, MAP2K1, MRAS, PPP2R5A, PPP2R5B"
"R-HSA-9687136","Aberrant regulation of mitotic exit in cancer due to RB1 defects",1.01535008976661,6,0.00501256281407035,0.00291235799914432,0.00362496348495924,"RB1, SKP2, UBE2C","ANAPC15"
"R-HSA-6807004","Negative regulation of MET activity",0.725250064119005,2,0.00570835495588998,0.00292256556824875,0.00357370802588029,"","SH3GL2, SH3GL3, SH3KBP1"
"R-HSA-400685","Sema4D in semaphorin signaling",1.69225014961101,1,0.005,0.0029479000864584,0.0029479000864584,"ERBB2, LIMK2, RHOC, ROCK1","LIMK1, MYH11, RND1, ROCK2"
"R-HSA-174437","Removal of the Flap Intermediate from the C-strand",1.4931618967156,7,0.00662251655629139,0.00295099623164276,0.0121004819374457,"PCNA, POLD1, POLD3, POT1, WRN",""
"R-HSA-9006927","Signaling by Non-Receptor Tyrosine Kinases",1.31619456080856,8,0.00768470009622581,0.0030055882760161,0.0403187261349118,"ARAP1, BTC, CCND1, CDK2, CDK4, ERBB2, PXN, SOCS3","ELMO1, ERBB3, ERBB4, KHDRBS2, NRG1, NRG3"
"R-HSA-8848021","Signaling by PTK6",1.31619456080856,8,0.00768470009622581,0.0030055882760161,0.0403187261349118,"ARAP1, BTC, CCND1, CDK2, CDK4, ERBB2, PXN, SOCS3","ELMO1, ERBB3, ERBB4, KHDRBS2, NRG1, NRG3"
"R-HSA-5625900","RHO GTPases activate CIT",1.60318435226306,4,0.00503781533932288,0.00302132947617642,0.027582342655646,"KIF14, PRC1, RHOC","DLG4, MYH11, PPP1R12B"
"R-HSA-3000480","Scavenging by Class A Receptors",2.13757913635075,4,0.00636003876595057,0.00303960406713566,0.0303044476943,"CALR, COL1A1, COL1A2, COL3A1, COL4A1, COL4A2, MASP1, MSR1",""
"R-HSA-9678108","SARS-CoV-1 Infection",0.88754378476102,10,0.0135975609756098,0.00307992278224615,0.0358154006824299,"CASP1, CAV1, GALNT1, IFIH1, ITCH, NMI, PARP14, PARP4, PARP9, PPIB, PYCARD, RB1, RELA, RPS27L, SERPINE1, SFN, SMAD4, ST6GAL1, ST6GALNAC2, TRIM25, UBE2I","RPS4Y1, ST3GAL3, YWHAG, YWHAH"
"R-HSA-350562","Regulation of ornithine decarboxylase (ODC)",0.507675044883303,4,0.00609756097560976,0.00313539726490811,0.00366928427846242,"ODC1, PSMB8, PSMB9, PSME1, PSMF1",""
"R-HSA-5687128","MAPK6/MAPK4 signaling",0.902533413125873,5,0.00609756097560976,0.00314443035894828,0.00713069290579198,"CDC14B, CDC42, CDK1, HSBP1, MMP2, MOV10, MYC, PAK2, PSMB8, PSMB9, PSME1, PSMF1","KALRN, PAK1, PAK3, PRKACB"
"R-HSA-9762292","Regulation of CDH11 function",2.30761384037865,5,0.00505050505050505,0.00321545435394381,0.00374986220752111,"CDH11, CTNNA1","ADAM19, ANGPTL4, CDH8"
"R-HSA-388841","Costimulation by the CD28 family",1.23488524431074,5,0.00505050505050505,0.0032324567695745,0.0429307237930705,"AKT2, CDC42, CSK, HLA-DPA1, HLA-DPB1, HLA-DQA1, HLA-DRA, HLA-DRB1, MAP3K8, PAK2, TRAC, TRIB3, YES1","PAK1, PAK3, PPP2R5A, PPP2R5B, TRBC1"
"R-HSA-111931","PKA-mediated phosphorylation of CREB",2.53837522441652,5,0.00505050505050505,0.00326000944213741,0.00364857269377995,"PRKX","ADCY1, ADCY2, ADCY5, ADCY8, ADCY9, NBEA, PRKACB, PRKAR1B, PRKAR2B"
"R-HSA-5654720","PI-3K cascade:FGFR4",1.01535008976661,7,0.01,0.00326000944213741,0.0169566352692783,"GAB1","FGF1, FGF2, FGF9"
"R-HSA-5654687","Downstream signaling of activated FGFR1",0.655064574042972,5,0.0050251256281407,0.00328046943013021,0.00383829075047081,"GAB1","FGF1, FGF2, FGF9"
"R-HSA-6785631","ERBB2 Regulates Cell Motility",2.03070017953321,7,0.0050251256281407,0.0034020086097133,0.00555305431375988,"BTC, ERBB2","ERBB3, ERBB4, NRG1, NRG3"
"R-HSA-9762114","GSK3B and BTRC:CUL1-mediated-degradation of NFE2L2",0.497720632238533,4,0.00609756097560976,0.00346495887175525,0.00405451624106092,"PSMB8, PSMB9, PSME1, PSMF1","BTRC"
"R-HSA-69601","Ubiquitin Mediated Degradation of Phosphorylated Cdc25A",0.696808885133946,4,0.00609756097560976,0.00346495887175525,0.00405451624106092,"CDC25A, CHEK1, CHEK2, PSMB8, PSMB9, PSME1, PSMF1",""
"R-HSA-75815","Ubiquitin-dependent degradation of Cyclin D",0.597264758686239,4,0.00609756097560976,0.00346495887175525,0.00405451624106092,"CCND1, CDK4, PSMB8, PSMB9, PSME1, PSMF1",""
"R-HSA-69610","p53-Independent DNA Damage Response",0.696808885133946,4,0.00609756097560976,0.00346495887175525,0.00405451624106092,"CDC25A, CHEK1, CHEK2, PSMB8, PSMB9, PSME1, PSMF1",""
"R-HSA-69613","p53-Independent G1/S DNA damage checkpoint",0.696808885133946,4,0.00609756097560976,0.00346495887175525,0.00405451624106092,"CDC25A, CHEK1, CHEK2, PSMB8, PSMB9, PSME1, PSMF1",""
"R-HSA-4086400","PCP/CE pathway",1.28313472882593,10,0.0135975609756098,0.00353573910299605,0.037696622563717,"DVL3, FZD1, FZD2, FZD6, PFN1, PSMB8, PSMB9, PSME1, PSMF1, RAC2, ROR1, ROR2, RYK, SCRIB, VANGL2, WNT5A","CLTB, PARD6A, PRICKLE1, PRKCA, PRKCB, PRKCG, SMURF1"
"R-HSA-9824439","Bacterial Infection Pathways",1.55687013764213,8,0.0055740330130574,0.00353899818546493,0.0491737053902813,"ANTXR1, ANTXR2, CD9, CDH1, PDCD6IP, RNF213","ATP6V1H, CORO1A, MAP2K1, MAP2K4, SH3GL2, SH3GL3, SH3KBP1, SNAP25, STX1A, STX1B, SV2A, SV2B, SV2C, SYT1, SYT2, VAMP1, VAMP2"
"R-HSA-450321","JNK (c-Jun kinases) phosphorylation and  activation mediated by activated human TAK1",1.15380692018933,7,0.00505050505050505,0.00370943157365998,0.00488693727872267,"RIPK2","MAP2K4, MAPK10, MAPK8, MAPK9"
"R-HSA-2894862","Constitutive Signaling by NOTCH1 HD+PEST Domain Mutants",1.4004828824367,9,0.0100502512562814,0.0037193933204713,0.0459727226852098,"APH1A, DLL1, HDAC1, HES1, HEY2, JAG1, MAML2, MYC, NCSTN, NOTCH1, PSENEN","FBXW7, HDAC11, HDAC5, HDAC9, NEURL1"
"R-HSA-2644606","Constitutive Signaling by NOTCH1 PEST Domain Mutants",1.4004828824367,9,0.0100502512562814,0.0037193933204713,0.0459727226852098,"APH1A, DLL1, HDAC1, HES1, HEY2, JAG1, MAML2, MYC, NCSTN, NOTCH1, PSENEN","FBXW7, HDAC11, HDAC5, HDAC9, NEURL1"
"R-HSA-2894858","Signaling by NOTCH1 HD+PEST Domain Mutants in Cancer",1.4004828824367,9,0.0100502512562814,0.0037193933204713,0.0459727226852098,"APH1A, DLL1, HDAC1, HES1, HEY2, JAG1, MAML2, MYC, NCSTN, NOTCH1, PSENEN","FBXW7, HDAC11, HDAC5, HDAC9, NEURL1"
"R-HSA-2644602","Signaling by NOTCH1 PEST Domain Mutants in Cancer",1.4004828824367,9,0.0100502512562814,0.0037193933204713,0.0459727226852098,"APH1A, DLL1, HDAC1, HES1, HEY2, JAG1, MAML2, MYC, NCSTN, NOTCH1, PSENEN","FBXW7, HDAC11, HDAC5, HDAC9, NEURL1"
"R-HSA-2644603","Signaling by NOTCH1 in Cancer",1.4004828824367,9,0.0100502512562814,0.0037193933204713,0.0459727226852098,"APH1A, DLL1, HDAC1, HES1, HEY2, JAG1, MAML2, MYC, NCSTN, NOTCH1, PSENEN","FBXW7, HDAC11, HDAC5, HDAC9, NEURL1"
"R-HSA-2871837","FCERI mediated NF-kB activation",0.387538202200995,4,0.00609756097560976,0.00377343743433772,0.00487186713436123,"IKBKB, MALT1, PSMB8, PSMB9, PSME1, PSMF1, RELA","BTRC, PRKCQ, RASGRP1"
"R-HSA-169911","Regulation of Apoptosis",0.585778897942273,4,0.00609756097560976,0.00382117402445445,0.00447084857155084,"PAK2, PSMB8, PSMB9, PSME1, PSMF1","OPA1"
"R-HSA-180585","Vif-mediated degradation of APOBEC3G",0.488149081618561,4,0.00609756097560976,0.00382117402445445,0.00447084857155084,"APOBEC3G, PSMB8, PSMB9, PSME1, PSMF1",""
"R-HSA-180534","Vpu mediated degradation of CD4",0.488149081618561,4,0.00609756097560976,0.00382117402445445,0.00447084857155084,"PSMB8, PSMB9, PSME1, PSMF1","BTRC"
"R-HSA-190236","Signaling by FGFR",0.692284152113596,6,0.00503781533932288,0.0038443914513889,0.0401418439932154,"FGFBP3, GAB1, GALNT3, HNRNPF, HNRNPM, NCBP1","FGF1, FGF2, FGF9, FGFR2, FGFR3, RBFOX2"
"R-HSA-1483255","PI Metabolism",1.63181264426776,9,0.00609756097560976,0.00403493472131876,0.0388374619570383,"INPP4B, PLEKHA4, TNFAIP8","FIG4, GDPD1, GDPD5, INPP4A, INPP5F, INPP5J, MTMR7, MTMR9, PI4K2A, PI4KA, PIK3C2B, PIK3CB, PIP4K2A, PIP4K2B, PIP4K2C, PIP5K1B, PIP5K1C, PITPNB, PLEKHA1, PLEKHA6, SBF1, SYNJ1, SYNJ2, TNFAIP8L1"
"R-HSA-425393","Transport of inorganic cations/anions and amino acids/oligopeptides",1.72510937581705,1,0.005,0.0041750257538827,0.0041750257538827,"CTNS, SLC12A7, SLC15A3, SLC16A10, SLC24A1, SLC25A1, SLC26A2, SLC26A7, SLC38A5, SLC4A2, SLC4A7, SLC7A7","SLC12A5, SLC17A6, SLC17A7, SLC1A1, SLC1A2, SLC1A6, SLC24A3, SLC24A4, SLC25A18, SLC25A22, SLC25A26, SLC26A4, SLC32A1, SLC36A1, SLC4A3, SLC4A4, SLC4A5, SLC6A15, SLC7A10, SLC7A8, SLC8A2, SLC8A3, SLC9A6"
"R-HSA-9604323","Negative regulation of NOTCH4 signaling",0.574726465905627,4,0.00914634146341464,0.00420556915744361,0.00492005676805829,"PSMB8, PSMB9, PSME1, PSMF1, TACC3","FBXW7"
"R-HSA-373753","Nephrin family interactions",1.54509796268831,10,0.00636003876595057,0.00429567994420531,0.0328094026214305,"CD2AP, IQGAP1, KIRREL","ACTN2, KIRREL3, PIK3CB, SPTAN1"
"R-HSA-383280","Nuclear Receptor transcription pathway",1.24524067612886,3,0.00609756097560976,0.00453630023094686,0.0484022446390718,"HNF4G, MED1, NR1H3, RARA","NR1D1, NR2E1, NR3C2, NR4A1, NR4A2, NR4A3, RORA, RORB, THRB"
"R-HSA-450408","AUF1 (hnRNP D0) binds and destabilizes mRNA",0.56408338320367,4,0.00609756097560976,0.00461972231695232,0.00540397592172671,"HNRNPD, HSBP1, PSMB8, PSMB9, PSME1, PSMF1",""
"R-HSA-4641257","Degradation of AXIN",0.376055588802447,4,0.00609756097560976,0.00461972231695232,0.00540397592172671,"PSMB8, PSMB9, PSME1, PSMF1",""
"R-HSA-174113","SCF-beta-TrCP mediated degradation of Emi1",0.658097280404282,4,0.00609756097560976,0.00461972231695232,0.00540397592172671,"CDC20, FBXO5, PSMB8, PSMB9, PSME1, PSMF1","BTRC"
"R-HSA-9824272","Somitogenesis",0.846125074805506,4,0.00609756097560976,0.00461972231695232,0.00540397592172671,"DLL1, LEF1, NOTCH1, PSMB8, PSMB9, PSME1, PSMF1","EPHA4, RIPPLY2"
"R-HSA-171319","Telomere Extension By Telomerase",1.32436968230427,10,0.00636003876595057,0.00466076652016376,0.0112989051762077,"CCNA2, CDK2, GAR1, POT1, RUVBL1, WRAP53",""
"R-HSA-3270619","IRF3-mediated induction of type I IFN",1.69225014961101,1,0.005,0.00469625979287347,0.00469625979287347,"IFI16, PRKDC, XRCC5","DTX4"
"R-HSA-5362768","Hh mutants are degraded by ERAD",0.369218214460584,4,0.00609756097560976,0.00506526361736956,0.00592450121782587,"PSMB8, PSMB9, PSME1, PSMF1",""
"R-HSA-1793185","Chondroitin sulfate/dermatan sulfate metabolism",1.92916517055655,2,0.0059708327462308,0.00514732746330852,0.0361849140402462,"BGN, CHST12, CHST14, CHST3, CHST9, CHSY1, CSPG4, DSE, GPC2, GPC4, HSPG2, IDUA, SDC1, VCAN","B3GAT1, CHSY3, GPC5, IDS, SDC4"
"R-HSA-5607764","CLEC7A (Dectin-1) signaling",0.974325843715431,8,0.0104912862183257,0.00549381151787757,0.0316078167852958,"CASP8, CLEC7A, IKBKB, IL1B, MALT1, NFATC1, NFATC3, PSMB8, PSMB9, PSME1, PSMF1, PYCARD, RELA","AHCYL1, BTRC, ITPR1, PPP3CA, PPP3CB, PPP3R1"
"R-HSA-4641258","Degradation of DVL",0.543937548089254,4,0.00609756097560976,0.00554387567980703,0.00648358841571403,"DVL3, PSMB8, PSMB9, PSME1, PSMF1","HECW1"
"R-HSA-3928663","EPHA-mediated growth cone collapse",1.75060360304587,7,0.0100502512562814,0.00555586950986216,0.0237480094932484,"ROCK1, YES1","EFNA3, EPHA10, EPHA4, EPHA5, EPHA7, MYH11, NGEF, ROCK2"
"R-HSA-4641265","Repression of WNT target genes",1.5620770611794,5,0.00609756097560976,0.00562175884204661,0.0355245986382204,"HDAC1, LEF1, MYC, TCF7L1",""
"R-HSA-5654219","Phospholipase C-mediated cascade: FGFR1",0.951890709156194,5,0.0050251256281407,0.00573483425994026,0.0065109165485137,"","FGF1, FGF2, FGF9"
"R-HSA-112409","RAF-independent MAPK1/3 activation",0.88291312153618,8,0.00503781533932288,0.00589467611512472,0.00906859077019284,"CDK1","DUSP2, DUSP7, MAP2K1"
"R-HSA-389356","CD28 co-stimulation",1.16040010259041,3,0.00531914893617021,0.00593910601666194,0.020628139361745,"AKT2, CDC42, MAP3K8, PAK2, TRIB3, YES1","PAK1, PAK3"
"R-HSA-8951936","RUNX3 regulates p14-ARF",2.53837522441652,2,0.00752525252525253,0.00612692197154049,0.0393307159839888,"CBFB, CCND1, CDKN2A, RUNX3, TGFB1",""
"R-HSA-196849","Metabolism of water-soluble vitamins and cofactors",1.16515584071578,3,0.0050251256281407,0.00616639809075979,0.00810430294555868,"ABCC1, ALDH1L2, AOX1, DHFR, FPGS, MOCS3, MTHFD2, MTHFD2L, NAMPT, NMNAT3, PARP14, PARP4, PARP9, SHMT2, SLC19A1","ACACB, ENPP2, GPHN, MOCS1, NMNAT2, NMRK1, PC, PDXK, PRSS3, PTGS2, RFK, SLC25A19, SLC2A3"
"R-HSA-2122948","Activated NOTCH1 Transmits Signal to the Nucleus",1.63766143510743,7,0.00609756097560976,0.00620518024479135,0.0312108992419007,"APH1A, DLL1, ITCH, JAG1, NCSTN, NOTCH1, PSENEN","ARRB1, DTX4, NEURL1"
"R-HSA-933543","NF-kB activation through FADD/RIP-1 pathway mediated by caspase-8 and -10",2.53837522441652,10,0.00518482699333763,0.00624071411623402,0.0420245727203468,"CASP8, IFIH1, IKBKB, RNF135, TRIM25, TRIM4",""
"R-HSA-1483257","Phospholipid metabolism",1.47225763016158,4,0.00518482699333763,0.00642883151275708,0.0405358457921749,"ABHD4, ACP6, CPNE3, CRLS1, GPCPD1, INPP4B, LPCAT1, LPCAT3, MBOAT1, PEMT, PLBD1, PLEKHA4, SLC44A1, TNFAIP8","AGK, CDS1, CDS2, CPNE6, DDHD2, ETNPPL, FIG4, GDPD1, GDPD5, GPAT2, GPD1L, INPP4A, INPP5F, INPP5J, LPCAT4, MGLL, MTMR7, MTMR9, OSBPL10, PCYT2, PI4K2A, PI4KA, PIK3C2B, PIK3CB, PIP4K2A, PIP4K2B, PIP4K2C, PIP5K1B, PIP5K1C, PITPNB, PITPNM1, PITPNM2, PITPNM3, PLA1A, PLA2G4C, PLA2G5, PLD3, PLEKHA1, PLEKHA6, SBF1, STARD10, SYNJ1, SYNJ2, TNFAIP8L1"
"R-HSA-1236974","ER-Phagosome pathway",1.17155779588455,2,0.00502525252525253,0.00644708514570782,0.0152481391281175,"CALR, CD36, HLA-A, HLA-B, HLA-F, HLA-G, IKBKB, LY96, MYD88, PDIA3, PSMB8, PSMB9, PSME1, PSMF1, SEC61A1, SEC61B, SEC61G, TLR1, VAMP8","S100A1, SEC61A2"
"R-HSA-5099900","WNT5A-dependent internalization of FZD4",1.69225014961101,1,0.0050251256281407,0.00655561765104813,0.00655561765104813,"WNT5A","CLTB, PRKCA, PRKCB, PRKCG"
"R-HSA-5387390","Hh mutants abrogate ligand secretion",0.350120720609175,4,0.00609756097560976,0.00660730761748772,0.00772557715887408,"PSMB8, PSMB9, PSME1, PSMF1",""
"R-HSA-351202","Metabolism of polyamines",0.612711261066056,4,0.00914634146341464,0.00660730761748772,0.00772557715887408,"ODC1, PSMB8, PSMB9, PSME1, PSMF1","AGMAT, AZIN2"
"R-HSA-5676590","NIK-->noncanonical NF-kB signaling",0.437650900761469,4,0.00609756097560976,0.00660730761748772,0.00772557715887408,"PSMB8, PSMB9, PSME1, PSMF1","BTRC"
"R-HSA-1912422","Pre-NOTCH Expression and Processing",0.875301801522937,4,0.0055740330130574,0.00696490019486685,0.0157317733805831,"CCND1, MAML2, MFNG, MOV10, NOTCH1, POFUT1, POGLUT1, SIRT6, TP53","ST3GAL3"
"R-HSA-6790901","rRNA modification in the nucleus and cytosol",0.688372942214649,3,0.0050251256281407,0.00716775678476997,0.0092243831386742,"DCAF13, FBL, FCF1, GAR1, HEATR1, NOP2, RRP36, UTP15",""
"R-HSA-5610780","Degradation of GLI1 by the proteasome",0.602326324437818,4,0.00609756097560976,0.00719575897120414,0.00841269712288355,"ITCH, PSMB8, PSMB9, PSME1, PSMF1","BTRC, PRKACB"
"R-HSA-5610783","Degradation of GLI2 by the proteasome",0.602326324437818,4,0.00609756097560976,0.00719575897120414,0.00841269712288355,"GLI2, PSMB8, PSMB9, PSME1, PSMF1","BTRC, PRKACB"
"R-HSA-5610785","GLI3 is processed to GLI3R by the proteasome",0.516279706660987,4,0.00609756097560976,0.00719575897120414,0.00841269712288355,"PSMB8, PSMB9, PSME1, PSMF1","BTRC, PRKACB"
"R-HSA-5627123","RHO GTPases activate PAKs",1.93400017098401,10,0.0166463414634146,0.00729801854525911,0.0224245904705568,"CDC42, FLNA, PAK2","LIMK1, MYH11, PAK1, PAK3, PPP1R12B"
"R-HSA-400206","Regulation of lipid metabolism by PPARalpha",1.1186060310988,9,0.00662251655629139,0.00745129808031424,0.0376784245109824,"ABCA1, ABCB4, AHR, CD36, G0S2, MED1, MED14, MED17, MED20, NR1H3, PEX11A, PLIN2, SIN3A, TRIB3","ANGPTL4, ARNTL, GRHL1, ME1, MED8, MTF1, NPAS2, NR1D1, PPARGC1B, RGL1, RORA, TIAM2"
"R-HSA-2033519","Activated point mutants of FGFR2",1.19452951737248,5,0.0050251256281407,0.00745969983546624,0.00846770618197146,"","FGF1, FGF2, FGF9, FGFR2"
"R-HSA-190242","FGFR1 ligand binding and activation",0.895897138029359,5,0.0050251256281407,0.00745969983546624,0.00846770618197146,"","FGF1, FGF2, FGF9"
"R-HSA-9022699","MECP2 regulates neuronal receptors and channels",3.10245860762019,10,0.00609756097560976,0.0075131802746373,0.018868945534354,"HDAC1, NOTCH1, SIN3A","GPRIN1, GRIA2, GRIN2A, MECP2, OPRK1, PTPN4, SLC2A3, TRPC3"
"R-HSA-6804116","TP53 Regulates Transcription of Genes Involved in G1 Cell Cycle Arrest",1.81312516029751,10,0.00755037815339323,0.00765865473371159,0.0107158489759414,"CCNA2, CDK2, E2F7, E2F8, TP53",""
"R-HSA-174048","APC/C:Cdc20 mediated degradation of Cyclin B",1.05765634350688,6,0.00501256281407035,0.00771105020379985,0.0095822559430002,"CCNB1, CDC20, CDK1, UBE2C","ANAPC15"
"R-HSA-5678895","Defective CFTR causes cystic fibrosis",0.423062537402753,4,0.00609756097560976,0.00782454480022576,0.00914681664280717,"ERLIN2, PSMB8, PSMB9, PSME1, PSMF1",""
"R-HSA-75105","Fatty acyl-CoA biosynthesis",1.07688645884337,2,0.0058112582781457,0.00801676491462092,0.00879161069766374,"ACLY, HSD17B8, SLC27A3","ACSL3, ACSL6, ELOVL4, ELOVL7"
"R-HSA-9012852","Signaling by NOTCH3",1.45050012823801,1,0.0050251256281407,0.00803270678067949,0.00803270678067949,"APH1A, DLGAP5, DLL1, HES1, HEY2, IKZF1, JAG1, MAML2, NCSTN, NOTCH1, PSENEN, TACC3, YBX1","NEURL1"
"R-HSA-5655302","Signaling by FGFR1 in disease",1.5093041874909,6,0.00503781533932288,0.0081433608217147,0.0418230316175578,"CNTRL, ERLIN2, GAB1, STAT5A, TRIM24","BCR, FGF1, FGF2, FGF9, FGFR1OP2, MYO18A"
"R-HSA-3232118","SUMOylation of transcription factors",1.01535008976661,10,0.0100502512562814,0.00836190291368692,0.0225915477092672,"CDKN2A, SP3, TP53, UBE2I",""
"R-HSA-264876","Insulin processing",2.64873936460854,8,0.00570835495588998,0.00842401516809563,0.0127758079301735,"P4HB, RAB27A, SLC30A5","EXOC6, KIF5A, KIF5C, MYO5A, MYRIP, PCSK1, PCSK2, STX1A, VAMP2"
"R-HSA-5607761","Dectin-1 mediated noncanonical NF-kB signaling",0.499352503163905,4,0.00609756097560976,0.00849561623139789,0.00993020082855266,"PSMB8, PSMB9, PSME1, PSMF1, RELA","BTRC"
"R-HSA-165159","MTOR signalling",0.619115908394273,7,0.0050251256281407,0.00860666695061292,0.0132693750131374,"AKT2, EIF4EBP1","PPM1A, PRKAA2, TSC1"
"R-HSA-936837","Ion transport by P-type ATPases",1.69225014961101,10,0.00503781533932288,0.00862315483739843,0.0138316615368702,"ATP11C, ATP7A","ATP13A2, ATP1A1, ATP1A2, ATP1B1, ATP1B2, ATP2B2, ATP2B3, ATP8A1, ATP8A2, ATP9A, CAMK2A, CAMK2B, CAMK2G, FXYD1, FXYD7, SLN"
"R-HSA-5334118","DNA methylation",2.17575019235701,1,0.005,0.00878577271400184,0.00878577271400184,"DNMT3A, DNMT3B, UHRF1",""
"R-HSA-5668914","Diseases of metabolism",1.20572823159785,3,0.005,0.00896599159170257,0.0340683742688447,"ACAN, ADAMTS15, ADAMTS2, ADAMTS6, ADAMTSL4, ALG14, ALG6, ALG8, BGN, C1GALT1C1, CHST14, CHST3, CHST6, CHSY1, CSPG4, DOLK, DPM3, FDXR, G6PC3, GAA, GALNT3, GNS, GPC2, GPC4, GUSB, HSPG2, IDH1, IDUA, LUM, MGAT2, NAGLU, NOTCH1, PMM2, RFT1, SBSPON, SDC1, SEMA5B, SGSH, SLC26A2, SLC37A4, VCAN","ABCA3, ADAMTS18, ADAMTS8, B4GAT1, CYP26B1, GALT, GPC5, HPRT1, IDS, KHK, MAOA, PC, PPP1R3C, SDC4, ST3GAL3, TPMT"
"R-HSA-350054","Notch-HLH transcription pathway",1.08787509617851,3,0.00609756097560976,0.00899276957027169,0.0101778798015393,"HDAC1, MAML2, NOTCH1","HDAC11, HDAC5, HDAC9"
"R-HSA-1980145","Signaling by NOTCH2",1.38456830422719,1,0.0050251256281407,0.0091181277004385,0.0091181277004385,"APH1A, DLL1, HES1, JAG1, MAML2, MDK, NCSTN, PSENEN","NEURL1"
"R-HSA-1234176","Oxygen-dependent proline hydroxylation of Hypoxia-inducible Factor Alpha",0.491298430532229,4,0.00609756097560976,0.00921097916917718,0.0107651778163805,"AJUBA, LIMD1, PSMB8, PSMB9, PSME1, PSMF1",""
"R-HSA-9664424","Cell recruitment (pro-inflammatory response)",1.36681742853197,1,0.0050251256281407,0.00934578437405771,0.00934578437405771,"CASP1, HMOX1, IL18, IL1B, P2RX4, PYCARD, RELA",""
"R-HSA-9660826","Purinergic signaling in leishmaniasis infection",1.36681742853197,1,0.0050251256281407,0.00934578437405771,0.00934578437405771,"CASP1, HMOX1, IL18, IL1B, P2RX4, PYCARD, RELA",""
"R-HSA-1834941","STING mediated induction of host immune responses",1.81312516029751,6,0.00752525252525253,0.00936461895965754,0.0315937547261604,"IFI16, PRKDC, TRIM21, XRCC5","DTX4"
"R-HSA-198323","AKT phosphorylates targets in the cytosol",0.362625032059502,1,0.005,0.00936461895965754,0.00936461895965754,"AKT2",""
"R-HSA-5654221","Phospholipase C-mediated cascade; FGFR2",1.12816676640734,5,0.0050251256281407,0.00954028112428797,0.0108275152116082,"","FGF1, FGF2, FGF9, FGFR2"
"R-HSA-5654704","SHC-mediated cascade:FGFR3",1.12816676640734,5,0.0050251256281407,0.00954028112428797,0.0108275152116082,"","FGF1, FGF2, FGF9, FGFR3"
"R-HSA-75876","Synthesis of very long-chain fatty acyl-CoAs",1.26918761220826,2,0.0058112582781457,0.00965376105835707,0.0104395951229738,"SLC27A3","ACSL3, ACSL6, ELOVL4, ELOVL7"
"R-HSA-5576892","Phase 0 - rapid depolarisation",3.01432057899461,6,0.00517213728215546,0.0097361607726563,0.014538881244502,"CACNG4","CACNA2D2, CACNB1, CACNB2, CACNG8, CAMK2A, CAMK2B, CAMK2G, FGF12, FGF13, FGF14, SCN1A, SCN1B, SCN2A, SCN2B, SCN3A, SCN3B, SCN4B, SCN8A"
"R-HSA-4608870","Asymmetric localization of PCP proteins",0.967000085492007,4,0.00914634146341464,0.00997269461621662,0.0116541391090629,"FZD1, FZD2, PSMB8, PSMB9, PSME1, PSMF1, SCRIB, VANGL2, WNT5A","PARD6A, PRICKLE1, SMURF1"
"R-HSA-174084","Autodegradation of Cdh1 by Cdh1:APC/C",0.483500042746003,4,0.00609756097560976,0.00997269461621662,0.0116541391090629,"PSMB8, PSMB9, PSME1, PSMF1, UBE2C","ANAPC15"
"R-HSA-70268","Pyruvate metabolism",0.951890709156194,5,0.0050251256281407,0.0101111098353293,0.01275783177185,"PDK1","HAGH, ME1, PC, PDK2, PDK3, PDK4, PDP1, RMND5A"
"R-HSA-9759475","Regulation of CDH11 Expression and Function",1.18457510472771,5,0.00505050505050505,0.010692653498156,0.0129012522355448,"CDH11, CTNNA1, MOV10","ADAM19, ANGPTL4, BHLHE22, CDH8"
"R-HSA-5358346","Hedgehog ligand biogenesis",0.634593806104129,4,0.00609756097560976,0.0107828789780194,0.0125995398972118,"P4HB, PSMB8, PSMB9, PSME1, PSMF1, SCUBE2","DISP2, GPC5"
"R-HSA-199977","ER to Golgi Anterograde Transport",0.895897138029359,10,0.00570835495588998,0.0113488827370722,0.0211960447239778,"ARFGAP3, COG7, CTSC, KDELR2, KDELR3, LMAN2, SEC24D, SERPINA1, TUBB6","ANK1, ANK2, ANK3, CNIH3, DYNC1I1, DYNC1LI1, F8, GRIA1, NAPB, NAPG, SPTAN1, SPTB, SPTBN2, SPTBN4, TRAPPC6B, TUBA4A, TUBB2A, TUBB4A"
"R-HSA-5668599","RHO GTPases Activate NADPH Oxidases",1.90378141831239,4,0.00570835495588998,0.0113636987368348,0.0124598904736079,"CYBA, NCF2, RAC2","MAPK11, NOXA1, PIN1, PRKCA, PRKCB, PRKCZ"
"R-HSA-418346","Platelet homeostasis",1.65289549496889,9,0.00505050505050505,0.0114624449706406,0.0196289555581484,"GNG12, GNG5, KCNMB1, P2RX4, PDE5A","ATP2B2, ATP2B3, GNB5, GNG13, GNG3, GNG7, GUCY1A3, GUCY1B3, ITPR1, KCNMB2, KCNMB4, LRP8, NOS1, P2RX5, PDE10A, PDE1A, PDE1B, PDE2A, PPP2R5A, PPP2R5B, SLC8A2, SLC8A3, TRPC3"
"R-HSA-201556","Signaling by ALK",1.35380011968881,10,0.0206382978723404,0.0114662983851331,0.0431129182719675,"HDAC1, MDK, MYC, MYCN, PRDM1, SIN3A","JAK3, PIK3CB"
"R-HSA-5654716","Downstream signaling of activated FGFR4",0.752111177604894,6,0.00518482699333763,0.0115171782170488,0.0229726917516423,"GAB1","FGF1, FGF2, FGF9"
"R-HSA-5654741","Signaling by FGFR3",0.761512567324955,5,0.0050251256281407,0.0120922662388728,0.0141251096744737,"GAB1, GALNT3","FGF1, FGF2, FGF9, FGFR3"
"R-HSA-933542","TRAF6 mediated NF-kB activation",1.69225014961101,7,0.00531914893617021,0.0127960268404961,0.0169608561788876,"IFIH1, IKBKB, MAP3K1, RELA, RNF135, TRIM25, TRIM4","NKIRAS1"
"R-HSA-1989781","PPARA activates gene expression",1.09412725190367,9,0.00531914893617021,0.0129222453665091,0.0463417758070815,"ABCA1, ABCB4, AHR, CD36, G0S2, MED1, MED14, MED17, MED20, NR1H3, PEX11A, PLIN2, TRIB3","ANGPTL4, ARNTL, GRHL1, ME1, MED8, MTF1, NPAS2, NR1D1, PPARGC1B, RGL1, RORA, TIAM2"
"R-HSA-9768919","NPAS4 regulates expression of target genes",2.53837522441652,1,0.005,0.0132719193647594,0.0132719193647594,"GEM, NAMPT","ARNTL, BDNF, CDK5, CDK5R1, IQSEC3, NPAS4, PLK2, RBFOX3, RET"
"R-HSA-1236975","Antigen processing-Cross presentation",1.19734680397006,4,0.00503781533932288,0.0133130085240263,0.0467453572364846,"CALR, CD36, CTSS, CYBA, HLA-A, HLA-B, HLA-F, HLA-G, IKBKB, LY96, MRC2, MYD88, NCF2, PDIA3, PSMB8, PSMB9, PSME1, PSMF1, SEC61A1, SEC61B, SEC61G, TLR1, VAMP8","S100A1, SEC61A2"
"R-HSA-174154","APC/C:Cdc20 mediated degradation of Securin",0.606179158069616,4,0.00609756097560976,0.0135262466095114,0.0157998926886772,"CDC20, PSMB8, PSMB9, PSME1, PSMF1, PTTG1, UBE2C","ANAPC15"
"R-HSA-9793380","Formation of paraxial mesoderm",0.833496342345722,4,0.00609756097560976,0.0135262466095114,0.0157998926886772,"DLL1, LEF1, MAML2, NOTCH1, PSMB8, PSMB9, PSME1, PSMF1","EPHA4, NOG, RIPPLY2"
"R-HSA-5658442","Regulation of RAS by GAPs",0.454634368552212,4,0.00609756097560976,0.0135262466095114,0.0157998926886772,"PSMB8, PSMB9, PSME1, PSMF1","RASAL1, SYNGAP1"
"R-HSA-983705","Signaling by the B Cell Receptor (BCR)",0.606655714011495,4,0.00609756097560976,0.0135879640733889,0.0174681715882098,"IKBKB, MALT1, NFATC1, NFATC3, PIK3AP1, PSMB8, PSMB9, PSME1, PSMF1, RELA","AHCYL1, BTRC, ITPR1, PPP3CA, PPP3CB, PPP3R1, PRKCB, RASGRP1, SH3KBP1"
"R-HSA-9609523","Insertion of tail-anchored proteins into the endoplasmic reticulum membrane",1.20875010686501,8,0.00503781533932288,0.0140858268226597,0.0183650698569134,"HMOX1, SEC61B, SEC61G","STX1A, VAMP2"
"R-HSA-445144","Signal transduction by L1",1.45050012823801,10,0.00609756097560976,0.0144767008849335,0.037788450446079,"ITGA5, ITGB1, NRP1","L1CAM, MAP2K1, PAK1"
"R-HSA-9665686","Signaling by ERBB2 TMD/JMD mutants",1.45050012823801,7,0.00609756097560976,0.0144767008849335,0.0235350699615925,"BTC, ERBB2","ERBB3, ERBB4, NRG1, NRG3"
"R-HSA-8948751","Regulation of PTEN stability and activity",0.522606663850459,4,0.00609756097560976,0.0145525885319112,0.0169968873365933,"AKT2, NEDD4, PSMB8, PSMB9, PSME1, PSMF1","OTUD3"
"R-HSA-190241","FGFR2 ligand binding and activation",1.26918761220826,5,0.0050251256281407,0.014946019470259,0.0169566352692783,"FGFBP3","FGF1, FGF2, FGF9, FGFR2"
"R-HSA-5654706","FRS-mediated FGFR3 signaling",1.01535008976661,5,0.0050251256281407,0.014946019470259,0.0169566352692783,"","FGF1, FGF2, FGF9, FGFR3"
"R-HSA-2470946","Cohesin Loading onto Chromatin",1.69225014961101,1,0.0050251256281407,0.0149572108414468,0.0149572108414468,"SMC1A, SMC3, STAG1",""
"R-HSA-6804115","TP53 regulates transcription of additional cell cycle genes whose exact role in the p53 pathway remain uncertain",1.20875010686501,2,0.005,0.015282420141248,0.0165524808457963,"CDC25C, CNOT10, TP53","PLK2, RGCC"
"R-HSA-1236977","Endosomal/Vacuolar pathway",2.11531268701376,1,0.0050251256281407,0.0154742294403788,0.0154742294403788,"CTSS, HLA-A, HLA-B, HLA-F, HLA-G",""
"R-HSA-8873719","RAB geranylgeranylation",1.40586935506146,3,0.00531914893617021,0.0158132629700043,0.0191846088920576,"RAB13, RAB27A, RAB32, RAB42","CHM, RAB15, RAB26, RAB27B, RAB33A, RAB39B, RAB3A, RAB3B, RAB3C, RAB40B, RAB40C, RAB4B, RAB6B, RAB9B"
"R-HSA-4791275","Signaling by WNT in cancer",1.04521332770092,10,0.00503781533932288,0.0158805756719361,0.0267535628642665,"FZD6, LRP5, LRP6","APC, PORCN, PPP2R5A, PPP2R5B"
"R-HSA-5621481","C-type lectin receptors (CLRs)",0.870300076942806,8,0.00517213728215546,0.0161591863996819,0.0481463319376461,"CASP8, CLEC7A, IKBKB, IL1B, MALT1, NFATC1, NFATC3, PAK2, PSMB8, PSMB9, PSME1, PSMF1, PYCARD, RELA","AHCYL1, BTRC, ICAM2, ITPR1, PAK1, PAK3, PPP3CA, PPP3CB, PPP3R1, PRKACB"
"R-HSA-427413","NoRC negatively regulates rRNA expression",0.789716736485139,4,0.00556134330187523,0.0163144709335629,0.0205058872835099,"DNMT3B, HDAC1, POLR1B, SAP30, SIN3A, TAF1A, TAF1B",""
"R-HSA-375165","NCAM signaling for neurite out-growth",1.69225014961101,1,0.005,0.0166144429095933,0.0166144429095933,"COL3A1, COL4A1, COL4A2, COL5A1, COL5A2, COL6A1, COL6A2, COL6A3","CACNA1D, CACNA1G, CACNA1I, CACNB1, CACNB2, CACNB3, CACNB4, CNTN2, GFRA2, SPTAN1, SPTB, SPTBN2, SPTBN4"
"R-HSA-983170","Antigen Presentation: Folding, assembly and peptide loading of class I MHC",1.35380011968881,10,0.00570835495588998,0.0171309091402799,0.0487061024634119,"CALR, ERAP2, HLA-A, HLA-B, HLA-F, HLA-G, PDIA3, SEC24D",""
"R-HSA-5205647","Mitophagy",0.543937548089254,6,0.00518482699333763,0.0172926234117986,0.0219781698232724,"","MAP1LC3A, PINK1, ULK1"
"R-HSA-5655253","Signaling by FGFR2 in disease",0.708383783558098,5,0.0050251256281407,0.0174012700945442,0.0203154416355048,"GAB1, NCBP1","FGF1, FGF2, FGF9, FGFR2"
"R-HSA-9764260","Regulation of Expression and Function of Type II Classical Cadherins",1.07688645884337,5,0.00505050505050505,0.0174228826678999,0.0210031075726565,"CDH11, CTNNA1, MOV10","ADAM19, ANGPTL4, BHLHE22, CDH8"
"R-HSA-9759476","Regulation of Homotypic Cell-Cell Adhesion",1.07688645884337,5,0.00505050505050505,0.0174228826678999,0.0210031075726565,"CDH11, CTNNA1, MOV10","ADAM19, ANGPTL4, BHLHE22, CDH8"
"R-HSA-113501","Inhibition of replication initiation of damaged DNA by RB1/E2F1",1.95259632647424,2,0.005,0.0174533368188283,0.029626044923369,"POLA1, PPP2R3B, PRIM1, PRIM2, RB1",""
"R-HSA-977225","Amyloid fiber formation",1.29226375061205,2,0.0092820910243765,0.0176735828485767,0.0492987554624711,"APH1A, GSN, HSPG2, LYZ, MFGE8, NCSTN, PSENEN, TGFBI","BACE1, CALB1, NPPA, SNCA, SORL1, TSPAN5"
"R-HSA-1234174","Cellular response to hypoxia",0.572028219586821,4,0.00609756097560976,0.0180008381966046,0.0210173932683794,"AJUBA, CA9, LIMD1, PSMB8, PSMB9, PSME1, PSMF1, VEGFA",""
"R-HSA-8939902","Regulation of RUNX2 expression and activity",0.786538801931878,4,0.00914634146341464,0.0180008381966046,0.0210173932683794,"BMP2, CBFB, PSMB8, PSMB9, PSME1, PSMF1, RUNX2, SKP2","HIVEP3, PPARGC1B, SMURF1"
"R-HSA-5654688","SHC-mediated cascade:FGFR1",0.725250064119005,5,0.0050251256281407,0.0183650698569134,0.0208319546757896,"","FGF1, FGF2, FGF9"
"R-HSA-1483206","Glycerophospholipid biosynthesis",1.38851294327057,1,0.00505050505050505,0.0184237526433994,0.0184237526433994,"ABHD4, ACP6, CPNE3, CRLS1, GPCPD1, LPCAT1, LPCAT3, MBOAT1, PEMT, PLBD1, SLC44A1","AGK, CDS1, CDS2, CPNE6, DDHD2, ETNPPL, GPAT2, GPD1L, LPCAT4, MGLL, OSBPL10, PCYT2, PITPNB, PITPNM1, PITPNM2, PITPNM3, PLA1A, PLA2G4C, PLA2G5, PLD3, STARD10"
"R-HSA-8876198","RAB GEFs exchange GTP for GDP on RABs",1.12816676640734,3,0.00609756097560976,0.0186318653970284,0.0308707066143286,"AKT2, DENND2D, DENND4C, RAB13, RAB27A, RAB32, RIN2, ST5","CHM, DENND4B, DENND5B, MADD, RAB27B, RAB39B, RAB3A, RAB6B, RAB9B, SBF1, TRAPPC6B, ULK1"
"R-HSA-425407","SLC-mediated transmembrane transport",1.37093683006462,1,0.005,0.0187334964742892,0.0187334964742892,"ARL2BP, CP, CTNS, SLC12A7, SLC15A3, SLC16A1, SLC16A10, SLC22A4, SLC24A1, SLC25A1, SLC26A2, SLC26A7, SLC27A6, SLC29A1, SLC2A10, SLC30A5, SLC35D2, SLC38A5, SLC39A1, SLC44A1, SLC4A2, SLC4A7, SLC6A9, SLC7A7","SLC12A5, SLC13A5, SLC16A7, SLC17A6, SLC17A7, SLC1A1, SLC1A2, SLC1A6, SLC22A15, SLC24A3, SLC24A4, SLC25A18, SLC25A22, SLC25A26, SLC25A4, SLC26A4, SLC27A4, SLC29A2, SLC2A12, SLC2A13, SLC2A14, SLC2A3, SLC2A6, SLC2A8, SLC30A3, SLC32A1, SLC36A1, SLC4A3, SLC4A4, SLC4A5, SLC5A11, SLC6A1, SLC6A15, SLC7A10, SLC7A8, SLC8A2, SLC8A3, SLC9A6, SLCO1C1, SLCO4A1"
"R-HSA-69017","CDK-mediated phosphorylation and removal of Cdc6",0.56408338320367,4,0.00914634146341464,0.0192817011160536,0.0225104310158135,"CCNA2, CDK2, PSMB8, PSMB9, PSME1, PSMF1, UBE2C","ANAPC15"
"R-HSA-174184","Cdc20:Phospho-APC/C mediated degradation of Cyclin A",0.775614651905047,4,0.00609756097560976,0.0192817011160536,0.0225104310158135,"BUB1B, CCNA2, CDC20, CDK1, MAD2L1, PSMB8, PSMB9, PSME1, PSMF1, UBE2C","ANAPC15"
"R-HSA-9733709","Cardiogenesis",1.36681742853197,2,0.00501256281407035,0.0199687155239043,0.022211774857937,"HEY2, LEF1, SMAD1, SMAD4, TBX1","MEF2C, MESP1"
"R-HSA-179419","APC:Cdc20 mediated degradation of cell cycle proteins prior to satisfation of the cell cycle checkpoint",0.764989793659772,4,0.00609756097560976,0.0206326163948849,0.0240849149752585,"BUB1B, CCNA2, CDC20, CDK1, MAD2L1, PSMB8, PSMB9, PSME1, PSMF1, UBE2C","ANAPC15"
"R-HSA-198933","Immunoregulatory interactions between a Lymphoid and a non-Lymphoid cell",0.680681624424541,6,0.0050251256281407,0.0212467425541563,0.0475284431041883,"CD99, CDH1, CLEC2B, COL1A1, COL1A2, COL3A1, HLA-A, HLA-B, HLA-F, HLA-G, ICAM1, ITGA4, ITGB1, ITGB2, MICB, TRAC, TREM1, VCAM1","CD200, ICAM2, ICAM5, PIANP, PVR, TRBC1"
"R-HSA-6803529","FGFR2 alternative splicing",0.781038530589698,10,0.0100756306786458,0.0218248800329746,0.0389035333478655,"HNRNPF, HNRNPM, NCBP1","RBFOX2"
"R-HSA-5250941","Negative epigenetic regulation of rRNA expression",0.740359440454817,4,0.00556134330187523,0.0225144705723847,0.0282770007364611,"DNMT3B, HDAC1, POLR1B, SAP30, SIN3A, TAF1A, TAF1B",""
"R-HSA-390522","Striated Muscle Contraction",1.26918761220826,9,0.00609756097560976,0.0231775009482551,0.035691139954579,"ACTC1, TMOD3, TPM4, VIM","ACTN2, MYBPC1, TCAP, TMOD2, TNNT1"
"R-HSA-5685939","HDR through MMEJ (alt-NHEJ)",1.26918761220826,1,0.00609756097560976,0.0241881501052133,0.0241881501052133,"BRCA2, POLQ, RBBP8",""
"R-HSA-8963693","Aspartate and asparagine metabolism",3.38450029922202,8,0.00636003876595057,0.0242547661947503,0.0366859690406971,"SLC25A13","ASNS, ASPA, FOLH1B, GOT1, GOT2, NAT8L, SLC25A12"
"R-HSA-5210891","Uptake and function of anthrax toxins",2.30761384037865,9,0.00505050505050505,0.0253726756440782,0.0350964238587204,"ANTXR1, ANTXR2, PDCD6IP","MAP2K1, MAP2K4"
"R-HSA-72187","mRNA 3'-end processing",0.525181080913762,2,0.00501256281407035,0.025526581503511,0.0262256246263988,"ALYREF, CPSF3, DDX39A, DHX38, NCBP1, SRSF3",""
"R-HSA-8852135","Protein ubiquitination",0.713918031867145,3,0.0050251256281407,0.0255896311287692,0.0340886987459171,"HLA-A, HLA-B, PCNA, PEX12, PEX13, PRKDC, RAD18, UBE2C","UBE2K"
"R-HSA-73817","Purine ribonucleoside monophosphate biosynthesis",1.38456830422719,5,0.0050251256281407,0.0261047466985646,0.0492163118166482,"GART, IMPDH2, PAICS",""
"R-HSA-428540","Activation of RAC1",1.69225014961101,8,0.0050251256281407,0.0261789195581747,0.0326300828327886,"PAK2","PAK1, PAK3, PAK6"
"R-HSA-389359","CD28 dependent Vav1 pathway",1.69225014961101,8,0.0050251256281407,0.0261789195581747,0.0326300828327886,"CDC42, PAK2","PAK1, PAK3"
"R-HSA-844456","The NLRP3 inflammasome",1.26918761220826,5,0.00505050505050505,0.026579480058924,0.0309646967100983,"CASP1, HMOX1, PYCARD, RELA",""
"R-HSA-5619084","ABC transporter disorders",0.593386416097368,4,0.00609756097560976,0.0267913452032356,0.0312604203259337,"ABCA1, ABCB4, ERLIN2, PSMB8, PSMB9, PSME1, PSMF1","ABCA3, ABCC8"
"R-HSA-5654693","FRS-mediated FGFR1 signaling",0.662184841152135,5,0.0050251256281407,0.0268850997933208,0.030485673549153,"","FGF1, FGF2, FGF9"
"R-HSA-5654699","SHC-mediated cascade:FGFR2",0.88291312153618,5,0.0050251256281407,0.0268850997933208,0.030485673549153,"","FGF1, FGF2, FGF9, FGFR2"
"R-HSA-8941856","RUNX3 regulates NOTCH signaling",1.81312516029751,2,0.00503781533932288,0.0277245451222544,0.0281361986343215,"HES1, JAG1, MAML2, NOTCH1, RUNX3",""
"R-HSA-73762","RNA Polymerase I Transcription Initiation",0.807664844132528,1,0.005,0.0280617715798642,0.0280617715798642,"HDAC1, POLR1B, RBBP4, TAF1A, TAF1B","CHD3, MTA3"
"R-HSA-3371511","HSF1 activation",1.05036216182752,1,0.005,0.0281195933409867,0.0281195933409867,"COL4A6, HSBP1, HSPA6, SERPINH1","DEDD2, HSPH1"
"R-HSA-975110","TRAF6 mediated IRF7 activation in TLR7/8 or 9 signaling",0.781038530589698,1,0.00609756097560976,0.0284409067792807,0.0284409067792807,"IRAK4, MYD88",""
"R-HSA-8866654","E3 ubiquitin ligases ubiquitinate target proteins",0.807664844132528,3,0.0050251256281407,0.029121709834083,0.0374370877626487,"HLA-A, HLA-B, PCNA, PEX12, PEX13, PRKDC, RAD18",""
"R-HSA-75205","Dissolution of Fibrin Clot",2.34311559176909,1,0.00662251655629139,0.0300008861589757,0.0300008861589757,"ANXA2, PLAU, PLAUR, S100A10, SERPINB6, SERPINE1",""
"R-HSA-6803211","TP53 Regulates Transcription of Death Receptors and Ligands",1.69225014961101,1,0.00531914893617021,0.0300090279469424,0.0300090279469424,"FAS, TNFRSF10B, TP53","PPP1R13B"
"R-HSA-8934903","Receptor Mediated Mitophagy",0.923045536151461,6,0.00518482699333763,0.0307915872053235,0.0369236908151219,"","MAP1LC3A, ULK1"
"R-HSA-389357","CD28 dependent PI3K/Akt signaling",0.634593806104129,1,0.00609756097560976,0.0312801674100392,0.0312801674100392,"AKT2, MAP3K8, TRIB3",""
"R-HSA-4755510","SUMOylation of immune response proteins",0.846125074805506,4,0.00609756097560976,0.0318269112584032,0.035677578304236,"RELA, UBE2I",""
"R-HSA-5627117","RHO GTPases Activate ROCKs",2.13757913635075,1,0.005,0.0323700026718555,0.0323700026718555,"LIMK2, RHOC, ROCK1","LIMK1, MYH11, PAK1, PPP1R12B, ROCK2"
"R-HSA-2214320","Anchoring fibril formation",2.03070017953321,1,0.005,0.0327282633869347,0.0327282633869347,"COL1A1, COL1A2, COL4A1, COL4A2, COL4A6","TLL2"
"R-HSA-389513","CTLA4 inhibitory signaling",0.967000085492007,1,0.00662251655629139,0.0332029340483075,0.0332029340483075,"AKT2, YES1","PPP2R5A, PPP2R5B"
"R-HSA-1839124","FGFR1 mutant receptor activation",1.69225014961101,3,0.005,0.0334319791174346,0.0493212923291971,"CNTRL, ERLIN2, STAT5A, TRIM24","BCR, FGF1, FGF2, FGF9, FGFR1OP2, MYO18A"
"R-HSA-9013694","Signaling by NOTCH4",0.940138972006117,4,0.00914634146341464,0.0342960454689221,0.0399994433962075,"ACTA2, APH1A, HES1, HEY2, JAG1, MAML2, NCSTN, NOTCH1, PSENEN, PSMB8, PSMB9, PSME1, PSMF1, TACC3","FBXW7"
"R-HSA-390450","Folding of actin by CCT/TriC",1.01535008976661,10,0.00503781533932288,0.0359459771838989,0.0447916536487417,"CCT6A, CCT6B",""
"R-HSA-9692916","SARS-CoV-1 activates/modulates innate immune responses",0.990585453430836,1,0.00609756097560976,0.0360005253951347,0.0360005253951347,"CASP1, IFIH1, ITCH, NMI, PPIB, PYCARD, RELA, TRIM25",""
"R-HSA-937039","IRAK1 recruits IKK complex",0.725250064119005,1,0.00609756097560976,0.0360920664449587,0.0360920664449587,"IKBKB","PELI3"
"R-HSA-975144","IRAK1 recruits IKK complex upon TLR7/8 or 9 stimulation",0.725250064119005,1,0.00609756097560976,0.0360920664449587,0.0360920664449587,"IKBKB","PELI3"
"R-HSA-2564830","Cytosolic iron-sulfur cluster assembly",1.84609107230292,1,0.005,0.0367471001608415,0.0367471001608415,"ABCB7, BRIP1, NUBP1, POLD1",""
"R-HSA-5654700","FRS-mediated FGFR2 signaling",0.812280071813285,5,0.0050251256281407,0.0380023136229238,0.0430765603812291,"","FGF1, FGF2, FGF9, FGFR2"
"R-HSA-2022870","Chondroitin sulfate biosynthesis",2.03070017953321,1,0.00662251655629139,0.0398019760837115,0.0398019760837115,"BGN, CHST12, CHST3, CHST9, CHSY1, CSPG4, VCAN","CHSY3"
"R-HSA-5654736","Signaling by FGFR1",0.398176505790826,5,0.0050251256281407,0.0406445356354673,0.0473818219548492,"GAB1","FGF1, FGF2, FGF9"
"R-HSA-5632684","Hedgehog 'on' state",0.967000085492007,4,0.00914634146341464,0.0409251667482835,0.0477152991951599,"CDON, EVC, EVC2, GAS1, GLI2, ITCH, KIF7, PSMB8, PSMB9, PSME1, PSMF1, SMO","ARRB1, HHIP, KIF3A, SMURF1"
"R-HSA-8849932","Synaptic adhesion-like molecules",2.90100025647602,1,0.005,0.0428235960384698,0.0428235960384698,"","DLG1, DLG3, DLG4, GRIA1, GRIA3, GRIA4, GRIN1, GRIN2A, GRIN2C, LRFN1, PTPRD, RTN3"
"R-HSA-1660499","Synthesis of PIPs at the plasma membrane",1.62839165339928,3,0.0050251256281407,0.0432854910876106,0.0491120867011709,"INPP4B, PLEKHA4","INPP4A, INPP5J, MTMR9, PI4K2A, PIK3C2B, PIK3CB, PIP4K2A, PIP4K2B, PIP4K2C, PIP5K1B, PIP5K1C, PLEKHA1, PLEKHA6, SYNJ1, SYNJ2"
"R-HSA-948021","Transport to the Golgi and subsequent modification",1.02086829677621,3,0.0050251256281407,0.0433456901822316,0.0477968064964283,"ARFGAP3, B4GALT4, COG7, CTSC, KDELR2, KDELR3, LMAN2, MANEA, MGAT2, SEC24D, SERPINA1, ST6GAL1, TUBB6","ANK1, ANK2, ANK3, B4GALT6, CNIH3, DYNC1I1, DYNC1LI1, F8, GRIA1, MAN2A2, MGAT3, MGAT4A, MGAT4C, NAPB, NAPG, SPTAN1, SPTB, SPTBN2, SPTBN4, ST8SIA3, TRAPPC6B, TUBA4A, TUBB2A, TUBB4A"
"R-HSA-5682910","LGI-ADAM interactions",5.07675044883303,1,0.00609756097560976,0.0437071896114573,0.0437071896114573,"CACNG4","ADAM11, ADAM22, ADAM23, CACNG2, CACNG3, CACNG8, DLG4, LGI1, LGI2, LGI3, LGI4, STX1A, STX1B"
"R-HSA-6803204","TP53 Regulates Transcription of Genes Involved in Cytochrome C Release",1.60318435226306,2,0.00501256281407035,0.0438276036304545,0.0463547850267429,"ATM, PMAIP1, STEAP3, TP53, TP53INP1","PPP1R13B"
"R-HSA-198693","AKT phosphorylates targets in the nucleus",1.01535008976661,4,0.00503781533932288,0.0438488449535614,0.0497064822457974,"AKT2","NR4A1"
"R-HSA-399955","SEMA3A-Plexin repulsion signaling by inhibiting Integrin adhesion",2.90100025647602,2,0.00503781533932288,0.0464624518154674,0.0478819459129577,"NRP1, PLXNA3, SEMA3A, TLN1","PIP5K1C, PLXNA2, PLXNA4, RND1"
"R-HSA-392154","Nitric oxide stimulates guanylate cyclase",2.76913660845438,1,0.0050251256281407,0.0468700739337841,0.0468700739337841,"KCNMB1, PDE5A","GUCY1A3, GUCY1B3, ITPR1, KCNMB2, KCNMB4, NOS1, PDE10A, PDE1A, PDE1B, PDE2A"
"R-HSA-170670","Adenylate cyclase inhibitory pathway",2.90100025647602,1,0.0050251256281407,0.0478819459129577,0.0478819459129577,"GNAI3","ADCY1, ADCY2, ADCY5, ADCY8, ADCY9, GNAI1, GNAL"
