"GeneSymbol","STRING_id"
"ANKRD34C","9606.ENSP00000401089"
"GLS2","9606.ENSP00000310447"
"CARMIL2","9606.ENSP00000334958"
"CNNM1","9606.ENSP00000349147"
"PRSS3","9606.ENSP00000354280"
"SDR16C5","9606.ENSP00000431010"
"GJB6","9606.ENSP00000494468"
"GPR26","9606.ENSP00000284674"
"VWA5B2","9606.ENSP00000398688"
"SLC32A1","9606.ENSP00000217420"
"EGR4","9606.ENSP00000445626"
"SPTB","9606.ENSP00000495909"
"SLC6A17","9606.ENSP00000330199"
"PHF24","9606.ENSP00000242315"
"OTUD7A","9606.ENSP00000305926"
"WEE1","9606.ENSP00000402084"
"MTUS2","9606.ENSP00000498251"
"CAMK2A","9606.ENSP00000500386"
"LGI3","9606.ENSP00000302297"
"GABRA4","9606.ENSP00000264318"
"PRSS2","9606.ENSP00000488437"
"LINC00950","9606.ENSP00000367230"
"RGS7BP","9606.ENSP00000334851"
"ANKRD34A","9606.ENSP00000475189"
"STYK1","9606.ENSP00000075503"
"NPM2","9606.ENSP00000381032"
"ARHGDIG","9606.ENSP00000219409"
"IQSEC3","9606.ENSP00000437554"
"NEDD1","9606.ENSP00000451211"
"RYR2","9606.ENSP00000355533"
"PVALB","9606.ENSP00000216200"
"CAMTA2","9606.ENSP00000412886"
"SCN2B","9606.ENSP00000278947"
"ABLIM2","9606.ENSP00000393511"
"CCKBR","9606.ENSP00000435534"
"CYP4X1","9606.ENSP00000360968"
"CPNE9","9606.ENSP00000373343"
"UHRF1","9606.ENSP00000479617"
"KIAA0513","9606.ENSP00000457408"
"CABP1","9606.ENSP00000317310"
"IPCEF1","9606.ENSP00000394751"
"CHST14","9606.ENSP00000307297"
"BTBD9","9606.ENSP00000418751"
"TMEM218","9606.ENSP00000436596"
"CTXN3","9606.ENSP00000368758"
"RFPL2","9606.ENSP00000383096"
"CREG2","9606.ENSP00000315203"
"WDR5B","9606.ENSP00000330381"
"KCNAB2","9606.ENSP00000367323"
"DGKZ","9606.ENSP00000412178"
"CLEC2L","9606.ENSP00000390661"
"GAD2","9606.ENSP00000365437"
"PACSIN1","9606.ENSP00000484060"
"SYT5","9606.ENSP00000346265"
"OR2L13","9606.ENSP00000493075"
"SEC14L5","9606.ENSP00000251170"
"CARTPT","9606.ENSP00000296777"
"CDK2","9606.ENSP00000266970"
"VEZF1","9606.ENSP00000462337"
"INPP5J","9606.ENSP00000333262"
"NUP37","9606.ENSP00000448054"
"BSN","9606.ENSP00000296452"
"GOT1","9606.ENSP00000359539"
"RBM12","9606.ENSP00000363228"
"ARHGAP44","9606.ENSP00000368994"
"SNCB","9606.ENSP00000377296"
"CACNG3","9606.ENSP00000005284"
"TRPM2","9606.ENSP00000381026"
"RAB40B","9606.ENSP00000461785"
"PIN1","9606.ENSP00000247970"
"KCNH3","9606.ENSP00000257981"
"SLC12A5","9606.ENSP00000387694"
"NKAIN2","9606.ENSP00000357402"
"ABCG4","9606.ENSP00000481728"
"STX1B","9606.ENSP00000215095"
"MARCH11","9606.ENSP00000333181"
"DLG2","9606.ENSP00000365272"
"TMEM151A","9606.ENSP00000326244"
"RELL2","9606.ENSP00000297164"
"LINC00889","9606.ENSP00000396198"
"KCNJ9","9606.ENSP00000357067"
"LRTM2","9606.ENSP00000446278"
"PPFIA3","9606.ENSP00000335614"
"KCNV1","9606.ENSP00000435954"
"NCDN","9606.ENSP00000362340"
"SYN2","9606.ENSP00000480050"
"MFSD4A","9606.ENSP00000356115"
"FRMPD4","9606.ENSP00000370057"
"F2R","9606.ENSP00000321326"
"ENTPD3","9606.ENSP00000301825"
"STAR","9606.ENSP00000276449"
"DPH6","9606.ENSP00000256538"
"SHANK1","9606.ENSP00000293441"
"IQSEC2","9606.ENSP00000495726"
"ADAM11","9606.ENSP00000200557"
"GPR22","9606.ENSP00000302676"
"OPALIN","9606.ENSP00000360214"
"KRT222","9606.ENSP00000377616"
"CASKIN1","9606.ENSP00000345436"
"PPP4R1","9606.ENSP00000383402"
"YJEFN3","9606.ENSP00000426964"
"SCN1B","9606.ENSP00000396915"
"NECAB1","9606.ENSP00000387380"
"FNDC9","9606.ENSP00000310594"
"DYNLT1","9606.ENSP00000356056"
"RBM3","9606.ENSP00000365950"
"PABPC1L2B","9606.ENSP00000362621"
"PANX2","9606.ENSP00000379183"
"CES4A","9606.ENSP00000444052"
"ITPKA","9606.ENSP00000260386"
"GPX7","9606.ENSP00000354677"
"TP53INP1","9606.ENSP00000344215"
"GABRA1","9606.ENSP00000393097"
"MCHR2","9606.ENSP00000281806"
"CPLX2","9606.ENSP00000352544"
"SYT3","9606.ENSP00000340914"
"SST","9606.ENSP00000287641"
"B3GNT4","9606.ENSP00000319636"
"ICAM5","9606.ENSP00000221980"
"PAK1","9606.ENSP00000278568"
"RTN4RL1","9606.ENSP00000330631"
"YBX1","9606.ENSP00000361626"
"MVB12A","9606.ENSP00000324810"
"LYNX1","9606.ENSP00000477648"
"MGME1","9606.ENSP00000366939"
"SPTBN4","9606.ENSP00000469242"
"TLN2","9606.ENSP00000453508"
"LMO7","9606.ENSP00000366757"
"SMC1A","9606.ENSP00000323421"
"MADD","9606.ENSP00000310933"
"AKAP5","9606.ENSP00000378207"
"SVOP","9606.ENSP00000479104"
"HS3ST4","9606.ENSP00000330606"
"RGS8","9606.ENSP00000258302"
"MAP2K4","9606.ENSP00000410402"
"GARNL3","9606.ENSP00000362485"
"HTR5A","9606.ENSP00000287907"
"PELI3","9606.ENSP00000322532"
"NEFL","9606.ENSP00000482169"
"ANXA3","9606.ENSP00000264908"
"DDOST","9606.ENSP00000399457"
"ATP2B3","9606.ENSP00000263519"
"DLG4","9606.ENSP00000497806"
"VIP","9606.ENSP00000356213"
"FBXW7","9606.ENSP00000474725"
"CCDC90B","9606.ENSP00000434724"
"PRKCE","9606.ENSP00000306124"
"CALY","9606.ENSP00000252939"
"PRRT3","9606.ENSP00000392511"
"PNMAL2","9606.ENSP00000473036"
"DMTN","9606.ENSP00000427866"
"SMIM15","9606.ENSP00000339324"
"FABP3","9606.ENSP00000362817"
"MOBP","9606.ENSP00000312293"
"DTNB","9606.ENSP00000384084"
"MAPK8IP2","9606.ENSP00000330572"
"FAM114A2","9606.ENSP00000341597"
"HTR2A","9606.ENSP00000437737"
"RXFP1","9606.ENSP00000405841"
"CDH9","9606.ENSP00000231021"
"CYP20A1","9606.ENSP00000348380"
"OGDHL","9606.ENSP00000363216"
"PRDX4","9606.ENSP00000368646"
"SLC25A41","9606.ENSP00000322649"
"RASAL1","9606.ENSP00000450244"
"UMPS","9606.ENSP00000232607"
"RBM11","9606.ENSP00000383421"
"GABRB2","9606.ENSP00000274547"
"CKLF-CMTM1","9606.ENSP00000479319"
"GNAI3","9606.ENSP00000358867"
"HMGN1","9606.ENSP00000370125"
"PSD","9606.ENSP00000384830"
"PPP1R16B","9606.ENSP00000299824"
"CDK1","9606.ENSP00000378699"
"STAT4","9606.ENSP00000351255"
"SYNPR","9606.ENSP00000418994"
"SNRPG","9606.ENSP00000393388"
"SYT12","9606.ENSP00000377520"
"SEC61B","9606.ENSP00000223641"
"UNC13A","9606.ENSP00000429562"
"HSD17B10","9606.ENSP00000168216"
"MYPOP","9606.ENSP00000325402"
"RUSC2","9606.ENSP00000393922"
"ZNF70","9606.ENSP00000339314"
"CNTNAP4","9606.ENSP00000479811"
"KIAA1644","9606.ENSP00000370568"
"METAP2","9606.ENSP00000325312"
"RAB40C","9606.ENSP00000248139"
"SEC11A","9606.ENSP00000452697"
"BCDIN3D","9606.ENSP00000335201"
"RPN2","9606.ENSP00000237530"
"E2F5","9606.ENSP00000398124"
"YWHAH","9606.ENSP00000248975"
"GFOD1","9606.ENSP00000368589"
"CABLES1","9606.ENSP00000256925"
"RFPL3","9606.ENSP00000249007"
"SULT4A1","9606.ENSP00000332565"
"MOAP1","9606.ENSP00000451594"
"ATRAID","9606.ENSP00000484228"
"SOWAHA","9606.ENSP00000367965"
"NDEL1","9606.ENSP00000333982"
"HNRNPM","9606.ENSP00000325376"
"AGAP2","9606.ENSP00000449241"
"NUDCD3","9606.ENSP00000347626"
"KCNC4","9606.ENSP00000358802"
"NKRF","9606.ENSP00000442308"
"MAPK9","9606.ENSP00000394560"
"CEND1","9606.ENSP00000328336"
"TTC7B","9606.ENSP00000336127"
"PRKCG","9606.ENSP00000263431"
"PHLPP2","9606.ENSP00000457991"
"PRKD3","9606.ENSP00000368356"
"UNC13C","9606.ENSP00000260323"
"C3ORF80","9606.ENSP00000313324"
"VANGL2","9606.ENSP00000357040"
"ANKRD29","9606.ENSP00000468354"
"HECTD4","9606.ENSP00000366783"
"HBG2","9606.ENSP00000338082"
"PIK3CB","9606.ENSP00000501150"
"KDELC2","9606.ENSP00000315386"
"ZNF22","9606.ENSP00000298299"
"TPMT","9606.ENSP00000312304"
"RIMS1","9606.ENSP00000428417"
"LARP6","9606.ENSP00000299213"
"ATXN7L3","9606.ENSP00000397259"
"DDN","9606.ENSP00000390590"
"WDR7","9606.ENSP00000254442"
"CDK5R2","9606.ENSP00000304250"
"BTBD10","9606.ENSP00000431186"
"SPG21","9606.ENSP00000204566"
"CORO6","9606.ENSP00000344562"
"BICDL1","9606.ENSP00000380690"
"RAB3A","9606.ENSP00000222256"
"SNCG","9606.ENSP00000361087"
"HAUS1","9606.ENSP00000282058"
"CSRP2","9606.ENSP00000310901"
"B3GNT5","9606.ENSP00000316173"
"BCL2L2","9606.ENSP00000250405"
"NCS1","9606.ENSP00000361475"
"RYK","9606.ENSP00000478721"
"TESPA1","9606.ENSP00000400892"
"TMEM258","9606.ENSP00000443216"
"LZTS3","9606.ENSP00000353496"
"SMIM10L2B","9606.ENSP00000487709"
"MAP7D2","9606.ENSP00000368964"
"GART","9606.ENSP00000371253"
"PPP4C","9606.ENSP00000279387"
"DLGAP2","9606.ENSP00000489774"
"C2CD2L","9606.ENSP00000338885"
"CRY2","9606.ENSP00000478187"
"NPAS4","9606.ENSP00000311196"
"CEP135","9606.ENSP00000257287"
"JAKMIP1","9606.ENSP00000386711"
"RIMS4","9606.ENSP00000439287"
"MAP3K10","9606.ENSP00000253055"
"NME6","9606.ENSP00000416658"
"KDELR2","9606.ENSP00000258739"
"METTL18","9606.ENSP00000307975"
"SCN8A","9606.ENSP00000346534"
"FPGT-TNNI3K","9606.ENSP00000450895"
"TCF12","9606.ENSP00000388940"
"CAMKK2","9606.ENSP00000312741"
"LYPD8","9606.ENSP00000466070"
"TGFBR1","9606.ENSP00000447297"
"ACTL6A","9606.ENSP00000397552"
"TPRG1L","9606.ENSP00000367595"
"GRIN1","9606.ENSP00000360608"
"VSNL1","9606.ENSP00000384719"
"KIAA1107","9606.ENSP00000490913"
"CNST","9606.ENSP00000355470"
"PPP3CA","9606.ENSP00000378323"
"MAST3","9606.ENSP00000262811"
"SHANK3","9606.ENSP00000489407"
"HS6ST3","9606.ENSP00000365895"
"NDRG3","9606.ENSP00000345292"
"MAPRE1","9606.ENSP00000364721"
"UBE2J1","9606.ENSP00000451261"
"ADAP1","9606.ENSP00000442682"
"MCM5","9606.ENSP00000216122"
"CC2D2A","9606.ENSP00000403465"
"PRPF40A","9606.ENSP00000386458"
"SYN1","9606.ENSP00000295987"
"IFT81","9606.ENSP00000242591"
"SUCO","9606.ENSP00000356696"
"UPP2","9606.ENSP00000474090"
"MSANTD1","9606.ENSP00000411584"
"HNRNPD","9606.ENSP00000313199"
"PPP1R3F","9606.ENSP00000055335"
"ST6GALNAC6","9606.ENSP00000362235"
"SLC45A4","9606.ENSP00000428137"
"SREK1","9606.ENSP00000334538"
"IDS","9606.ENSP00000339801"
"TMEM130","9606.ENSP00000413163"
"MAP3K9","9606.ENSP00000451263"
"CALN1","9606.ENSP00000378690"
"NXPH2","9606.ENSP00000272641"
"KCNN1","9606.ENSP00000476519"
"CCK","9606.ENSP00000379472"
"CLSTN3","9606.ENSP00000266546"
"VIPR1","9606.ENSP00000327246"
"STX1A","9606.ENSP00000222812"
"PI4KA","9606.ENSP00000255882"
"REPS2","9606.ENSP00000349824"
"DCAF13","9606.ENSP00000297579"
"TMEM155","9606.ENSP00000495936"
"ZDHHC15","9606.ENSP00000362465"
"PDIA4","9606.ENSP00000499129"
"TP53","9606.ENSP00000269305"
"TUBG2","9606.ENSP00000251412"
"CEP170B","9606.ENSP00000404151"
"LSM14A","9606.ENSP00000446271"
"RGR","9606.ENSP00000352427"
"C19ORF54","9606.ENSP00000367564"
"IL10RB","9606.ENSP00000290200"
"HPCAL4","9606.ENSP00000481834"
"TEF","9606.ENSP00000266304"
"SEC61A1","9606.ENSP00000243253"
"PRKCZ","9606.ENSP00000367830"
"RDX","9606.ENSP00000496414"
"FAM234B","9606.ENSP00000197268"
"PHYHIP","9606.ENSP00000320017"
"KIFC2","9606.ENSP00000301332"
"AATK","9606.ENSP00000324196"
"CCDC50","9606.ENSP00000376249"
"ANTXR2","9606.ENSP00000306185"
"CDH8","9606.ENSP00000462701"
"GRM3","9606.ENSP00000355316"
"FAM111A","9606.ENSP00000434435"
"CARD8","9606.ENSP00000499211"
"C6ORF106","9606.ENSP00000363135"
"HIVEP2","9606.ENSP00000356576"
"RAB15","9606.ENSP00000434103"
"NRIP3","9606.ENSP00000310205"
"SNURF","9606.ENSP00000463201"
"NUP107","9606.ENSP00000229179"
"IL12RB2","9606.ENSP00000262345"
"SLC26A8","9606.ENSP00000347778"
"UTP23","9606.ENSP00000308332"
"CCDC68","9606.ENSP00000466690"
"DGKE","9606.ENSP00000284061"
"PIP5K1B","9606.ENSP00000265382"
"OXCT1","9606.ENSP00000196371"
"GUCY1B3","9606.ENSP00000426786"
"PENK","9606.ENSP00000400894"
"ATL1","9606.ENSP00000351155"
"HAT1","9606.ENSP00000264108"
"DNAJC5","9606.ENSP00000354111"
"RASGRF2","9606.ENSP00000265080"
"TMCO1","9606.ENSP00000480514"
"LPCAT4","9606.ENSP00000317300"
"VIM","9606.ENSP00000446007"
"HID1","9606.ENSP00000413520"
"JAKMIP3","9606.ENSP00000499375"
"SNX32","9606.ENSP00000310620"
"SLC8A2","9606.ENSP00000236877"
"KIRREL3","9606.ENSP00000435466"
"OLFM3","9606.ENSP00000345192"
"CAMK2B","9606.ENSP00000379098"
"LGALS3BP","9606.ENSP00000262776"
"NEFM","9606.ENSP00000221166"
"MYCBP2","9606.ENSP00000444596"
"DOC2A","9606.ENSP00000482870"
"STXBP1","9606.ENSP00000362399"
"C8ORF58","9606.ENSP00000289989"
"CA1","9606.ENSP00000430656"
"KIF4A","9606.ENSP00000363524"
"NAPB","9606.ENSP00000482826"
"COX7A1","9606.ENSP00000292907"
"PHACTR4","9606.ENSP00000362942"
"SPHAR","9606.ENSP00000355649"
"TOM1L2","9606.ENSP00000368818"
"PLGRKT","9606.ENSP00000223864"
"PPEF1","9606.ENSP00000354871"
"SPHKAP","9606.ENSP00000375909"
"SEMA4A","9606.ENSP00000357265"
"TMEM39A","9606.ENSP00000326063"
"SYNGR1","9606.ENSP00000332287"
"SLC43A3","9606.ENSP00000434515"
"C1ORF56","9606.ENSP00000357922"
"ANO3","9606.ENSP00000256737"
"CFAP97","9606.ENSP00000409964"
"XRCC5","9606.ENSP00000375978"
"FAM19A1","9606.ENSP00000418575"
"GNS","9606.ENSP00000258145"
"NID2","9606.ENSP00000216286"
"LIX1L","9606.ENSP00000474487"
"CAMK4","9606.ENSP00000282356"
"TYMS","9606.ENSP00000315644"
"HECW1","9606.ENSP00000379228"
"PRRC1","9606.ENSP00000421965"
"XRCC4","9606.ENSP00000421491"
"KIAA0101","9606.ENSP00000300035"
"AP3M1","9606.ENSP00000347408"
"PGLS","9606.ENSP00000252603"
"KCNK12","9606.ENSP00000327611"
"ATP6V1E1","9606.ENSP00000253413"
"HPCAL1","9606.ENSP00000483786"
"GON4L","9606.ENSP00000357315"
"C1GALT1C1","9606.ENSP00000304364"
"PREPL","9606.ENSP00000386543"
"CHRM1","9606.ENSP00000306490"
"FAM60A","9606.ENSP00000337477"
"TLL2","9606.ENSP00000350630"
"NUP160","9606.ENSP00000367721"
"MAN2B1","9606.ENSP00000395473"
"ZNF540","9606.ENSP00000324598"
"BDNF","9606.ENSP00000414303"
"ENAH","9606.ENSP00000355809"
"JPH1","9606.ENSP00000344488"
"GNB5","9606.ENSP00000261837"
"NUSAP1","9606.ENSP00000499238"
"C5ORF15","9606.ENSP00000231512"
"AVPI1","9606.ENSP00000359660"
"NELL1","9606.ENSP00000298925"
"RAB3C","9606.ENSP00000282878"
"RIMS3","9606.ENSP00000361769"
"MAPK8IP3","9606.ENSP00000481780"
"ENTPD4","9606.ENSP00000351520"
"NSRP1","9606.ENSP00000247026"
"SMAD5","9606.ENSP00000441954"
"CHRAC1","9606.ENSP00000220913"
"CACNB4","9606.ENSP00000438949"
"MCM2","9606.ENSP00000265056"
"RASD2","9606.ENSP00000216127"
"SENP5","9606.ENSP00000327197"
"PDXP","9606.ENSP00000215904"
"CALM3","9606.ENSP00000291295"
"SLC25A48","9606.ENSP00000493514"
"AK5","9606.ENSP00000346577"
"HSPB3","9606.ENSP00000303394"
"PPP1R14B","9606.ENSP00000310117"
"SFT2D3","9606.ENSP00000310803"
"STK31","9606.ENSP00000348132"
"SYP","9606.ENSP00000263233"
"SYNGR3","9606.ENSP00000248121"
"TGIF1","9606.ENSP00000327959"
"DHX40","9606.ENSP00000251241"
"ERI1","9606.ENSP00000250263"
"PPP3CB","9606.ENSP00000378306"
"PAK6","9606.ENSP00000453858"
"PTPRR","9606.ENSP00000283228"
"RAB11FIP5","9606.ENSP00000258098"
"SGTB","9606.ENSP00000370395"
"ITGB1","9606.ENSP00000379350"
"NEFH","9606.ENSP00000311997"
"KRTCAP2","9606.ENSP00000295682"
"CNTLN","9606.ENSP00000370021"
"FLYWCH1","9606.ENSP00000253928"
"OSTC","9606.ENSP00000426167"
"STOML1","9606.ENSP00000442478"
"TMEM151B","9606.ENSP00000393161"
"KLHL3","9606.ENSP00000312397"
"HMOX2","9606.ENSP00000477572"
"DNAJC10","9606.ENSP00000264065"
"CBX6","9606.ENSP00000384490"
"MED1","9606.ENSP00000300651"
"KLC2","9606.ENSP00000399403"
"SYT2","9606.ENSP00000356237"
"CHN1","9606.ENSP00000386741"
"CAPRIN1","9606.ENSP00000340329"
"ARL6IP6","9606.ENSP00000315357"
"INPP4A","9606.ENSP00000074304"
"TTC28","9606.ENSP00000381003"
"MAL","9606.ENSP00000310880"
"SYNJ1","9606.ENSP00000409667"
"SRCIN1","9606.ENSP00000484715"
"PCNX2","9606.ENSP00000258229"
"FBXO33","9606.ENSP00000298097"
"PCSK2","9606.ENSP00000262545"
"MAP6D1","9606.ENSP00000314560"
"TMEM43","9606.ENSP00000303992"
"RRM2","9606.ENSP00000353770"
"WSCD2","9606.ENSP00000448047"
"AMN1","9606.ENSP00000281471"
"SRBD1","9606.ENSP00000263736"
"MPP2","9606.ENSP00000428182"
"CYP2E1","9606.ENSP00000440689"
"VPS53","9606.ENSP00000401435"
"NRGN","9606.ENSP00000284292"
"TSEN34","9606.ENSP00000397402"
"KCNQ3","9606.ENSP00000373648"
"TRMT13","9606.ENSP00000359160"
"CPLX1","9606.ENSP00000305613"
"RAP1GDS1","9606.ENSP00000340454"
"FAM96A","9606.ENSP00000300030"
"SERPINI1","9606.ENSP00000295777"
"ATP7A","9606.ENSP00000345728"
"TOP2A","9606.ENSP00000411532"
"ZNF385B","9606.ENSP00000386845"
"MATK","9606.ENSP00000378485"
"GTF2IRD2","9606.ENSP00000406723"
"PKP4","9606.ENSP00000374409"
"EFR3A","9606.ENSP00000254624"
"CKMT1A","9606.ENSP00000406577"
"CYP46A1","9606.ENSP00000261835"
"KCNJ6","9606.ENSP00000477437"
"ERMN","9606.ENSP00000380453"
"EZH2","9606.ENSP00000320147"
"CBX7","9606.ENSP00000216133"
"POFUT1","9606.ENSP00000364902"
"IFT52","9606.ENSP00000362121"
"GABRA2","9606.ENSP00000427603"
"HAGH","9606.ENSP00000380514"
"NOS1AP","9606.ENSP00000355133"
"AMPD2","9606.ENSP00000499465"
"WBSCR17","9606.ENSP00000329654"
"RBFOX3","9606.ENSP00000463653"
"UTP15","9606.ENSP00000296792"
"FBXL15","9606.ENSP00000224862"
"RAB3B","9606.ENSP00000360718"
"RIMBP2","9606.ENSP00000261655"
"KSR2","9606.ENSP00000389715"
"CELF4","9606.ENSP00000410584"
"HCN2","9606.ENSP00000251287"
"ETNPPL","9606.ENSP00000296486"
"LIMD1","9606.ENSP00000273317"
"SMC4","9606.ENSP00000341382"
"MROH1","9606.ENSP00000435565"
"SLC25A13","9606.ENSP00000400101"
"PCLO","9606.ENSP00000334319"
"RPLP0","9606.ENSP00000449328"
"LMTK2","9606.ENSP00000297293"
"CRH","9606.ENSP00000276571"
"NPTN","9606.ENSP00000290401"
"GABRG2","9606.ENSP00000410732"
"NTSR2","9606.ENSP00000303686"
"SNRPF","9606.ENSP00000266735"
"CCDC184","9606.ENSP00000320849"
"RFC1","9606.ENSP00000371321"
"SLC45A1","9606.ENSP00000418096"
"AAR2","9606.ENSP00000363043"
"TRIM3","9606.ENSP00000433102"
"PPIB","9606.ENSP00000300026"
"CDS2","9606.ENSP00000419879"
"SERTM1","9606.ENSP00000325776"
"RNF41","9606.ENSP00000342755"
"KCTD5","9606.ENSP00000301738"
"BTN2A2","9606.ENSP00000349143"
"FXYD7","9606.ENSP00000270310"
"CA11","9606.ENSP00000084798"
"SMIM17","9606.ENSP00000471126"
"C7ORF49","9606.ENSP00000376823"
"GPR83","9606.ENSP00000243673"
"ATP2B2","9606.ENSP00000353414"
"ROMO1","9606.ENSP00000363191"
"PPP2R5B","9606.ENSP00000164133"
"XRN2","9606.ENSP00000366396"
"CFC1B","9606.ENSP00000281882"
"RRP15","9606.ENSP00000355899"
"ATP8A2","9606.ENSP00000371070"
"COMMD4","9606.ENSP00000267935"
"MEF2D","9606.ENSP00000271555"
"CHD5","9606.ENSP00000262450"
"AP3M2","9606.ENSP00000428787"
"RND1","9606.ENSP00000308461"
"ZFYVE28","9606.ENSP00000290974"
"PARD6G","9606.ENSP00000343144"
"B4GALT4","9606.ENSP00000420161"
"FAAH","9606.ENSP00000243167"
"ZNF559","9606.ENSP00000468153"
"HNRNPDL","9606.ENSP00000483254"
"DNM1","9606.ENSP00000362014"
"APBA1","9606.ENSP00000265381"
"FAM35A","9606.ENSP00000298786"
"MRPL42","9606.ENSP00000449884"
"SLC7A10","9606.ENSP00000253188"
"SH2D5","9606.ENSP00000406026"
"NUBP1","9606.ENSP00000283027"
"CDK4","9606.ENSP00000257904"
"JPH3","9606.ENSP00000284262"
"ASIC2","9606.ENSP00000225823"
"NECTIN1","9606.ENSP00000264025"
"C1QTNF4","9606.ENSP00000302274"
"DYX1C1","9606.ENSP00000323275"
"ATF1","9606.ENSP00000262053"
"RAPGEF5","9606.ENSP00000343656"
"PPP1R12C","9606.ENSP00000263433"
"SPRYD7","9606.ENSP00000354774"
"AMIGO1","9606.ENSP00000358880"
"SCAMP5","9606.ENSP00000355387"
"TSPAN6","9606.ENSP00000362111"
"GNA13","9606.ENSP00000400717"
"NECAP2","9606.ENSP00000391942"
"NIPA1","9606.ENSP00000337452"
"SSR4","9606.ENSP00000317331"
"ZBTB7A","9606.ENSP00000323670"
"SPPL2A","9606.ENSP00000261854"
"SMIM13","9606.ENSP00000451866"
"TMEM38A","9606.ENSP00000187762"
"MAG","9606.ENSP00000376048"
"LBR","9606.ENSP00000339883"
"NUDT5","9606.ENSP00000419628"
"RHOF","9606.ENSP00000267205"
"SPRYD3","9606.ENSP00000301463"
"FZD6","9606.ENSP00000351605"
"CDCA7","9606.ENSP00000306968"
"NCKIPSD","9606.ENSP00000294129"
"SLC5A11","9606.ENSP00000289932"
"ANXA5","9606.ENSP00000296511"
"NRXN3","9606.ENSP00000489551"
"LIN7B","9606.ENSP00000221459"
"ERGIC3","9606.ENSP00000349970"
"CCDC97","9606.ENSP00000269967"
"GIN1","9606.ENSP00000381970"
"KCTD16","9606.ENSP00000426548"
"MICAL2","9606.ENSP00000256194"
"ETAA1","9606.ENSP00000272342"
"LSM8","9606.ENSP00000249299"
"MAP1A","9606.ENSP00000300231"
"LDLRAD3","9606.ENSP00000318607"
"EPHB6","9606.ENSP00000481994"
"SSR1","9606.ENSP00000244763"
"SV2B","9606.ENSP00000377779"
"ABCC5","9606.ENSP00000333926"
"CDH12","9606.ENSP00000371689"
"IQGAP2","9606.ENSP00000274364"
"TTC30B","9606.ENSP00000386181"
"N4BP2","9606.ENSP00000261435"
"OSBPL1A","9606.ENSP00000320291"
"TUBA4A","9606.ENSP00000248437"
"FCHO1","9606.ENSP00000473001"
"C2ORF68","9606.ENSP00000304410"
"ATP6V1H","9606.ENSP00000352522"
"C1ORF64","9606.ENSP00000332162"
"LSM11","9606.ENSP00000286307"
"SYT13","9606.ENSP00000020926"
"ILF2","9606.ENSP00000355011"
"SSBP1","9606.ENSP00000419665"
"REEP5","9606.ENSP00000368959"
"FAM71E1","9606.ENSP00000472421"
"MOV10","9606.ENSP00000399797"
"TMEM248","9606.ENSP00000340668"
"DHFR","9606.ENSP00000396308"
"RAB6B","9606.ENSP00000285208"
"CD276","9606.ENSP00000320084"
"S1PR5","9606.ENSP00000328472"
"PPP1R13B","9606.ENSP00000202556"
"LANCL1","9606.ENSP00000388713"
"MEF2A","9606.ENSP00000453095"
"SPTSSB","9606.ENSP00000352097"
"TNFAIP3","9606.ENSP00000481570"
"HPCA","9606.ENSP00000362566"
"STMN3","9606.ENSP00000359070"
"CDC42BPA","9606.ENSP00000355731"
"TTC9B","9606.ENSP00000311760"
"RUVBL1","9606.ENSP00000318297"
"BLOC1S4","9606.ENSP00000318128"
"ARFGAP3","9606.ENSP00000263245"
"TMEM189-UBE2V1","9606.ENSP00000344166"
"SEMA3G","9606.ENSP00000231721"
"NCOA7","9606.ENSP00000376269"
"KLHL2","9606.ENSP00000424198"
"R3HDM2","9606.ENSP00000385169"
"ZNF678","9606.ENSP00000344828"
"MED14","9606.ENSP00000323720"
"NT5DC2","9606.ENSP00000406933"
"IKBIP","9606.ENSP00000299157"
"TMX1","9606.ENSP00000393316"
"RPH3A","9606.ENSP00000374036"
"TMEM251","9606.ENSP00000388431"
"TRIM37","9606.ENSP00000262294"
"IL1RAPL1","9606.ENSP00000368278"
"FBXL18","9606.ENSP00000371805"
"LSM2","9606.ENSP00000364813"
"MIS12","9606.ENSP00000370557"
"DBR1","9606.ENSP00000260803"
"PPM1H","9606.ENSP00000228705"
"C12ORF76","9606.ENSP00000498468"
"RBM7","9606.ENSP00000364639"
"EPT1","9606.ENSP00000260585"
"PITHD1","9606.ENSP00000246151"
"TMEM209","9606.ENSP00000380747"
"GABRD","9606.ENSP00000367848"
"ZNF217","9606.ENSP00000360526"
"COL4A3BP","9606.ENSP00000383996"
"ELOVL4","9606.ENSP00000358831"
"HRH3","9606.ENSP00000342560"
"PLEKHM2","9606.ENSP00000364956"
"UROS","9606.ENSP00000357787"
"DDX20","9606.ENSP00000358716"
"MTMR9","9606.ENSP00000221086"
"DAD1","9606.ENSP00000250498"
"IRAK4","9606.ENSP00000479889"
"CAMK2G","9606.ENSP00000319060"
"FAM126B","9606.ENSP00000393667"
"PTPRT","9606.ENSP00000362294"
"STUM","9606.ENSP00000355752"
"LHX6","9606.ENSP00000377854"
"RAP1GAP2","9606.ENSP00000254695"
"SERINC3","9606.ENSP00000340243"
"YWHAG","9606.ENSP00000306330"
"ITPR1","9606.ENSP00000306253"
"BRMS1L","9606.ENSP00000216807"
"PITPNM3","9606.ENSP00000262483"
"SMPX","9606.ENSP00000368808"
"RBFOX1","9606.ENSP00000391269"
"SPOCK3","9606.ENSP00000349677"
"HS3ST2","9606.ENSP00000261374"
"ERC2","9606.ENSP00000288221"
"DUSP7","9606.ENSP00000417183"
"TTBK2","9606.ENSP00000267890"
"GTF2H2C","9606.ENSP00000422907"
"NRSN1","9606.ENSP00000367739"
"SYT1","9606.ENSP00000261205"
"NDC80","9606.ENSP00000261597"
"DIDO1","9606.ENSP00000266070"
"SYCE1","9606.ENSP00000303978"
"ABL1","9606.ENSP00000361423"
"NAGPA","9606.ENSP00000310998"
"GTF3C6","9606.ENSP00000357863"
"PGM2","9606.ENSP00000371393"
"TMEM267","9606.ENSP00000426067"
"TRIM4","9606.ENSP00000348216"
"KCNC3","9606.ENSP00000434241"
"MITD1","9606.ENSP00000289359"
"C14ORF93","9606.ENSP00000299088"
"SYNGAP1","9606.ENSP00000496007"
"EFR3B","9606.ENSP00000384081"
"PCGF2","9606.ENSP00000482063"
"SS18","9606.ENSP00000414516"
"DENND4C","9606.ENSP00000473469"
"AKAP6","9606.ENSP00000280979"
"PDE1A","9606.ENSP00000410309"
"KIF11","9606.ENSP00000260731"
"PDP1","9606.ENSP00000379503"
"HTR1E","9606.ENSP00000307766"
"C15ORF61","9606.ENSP00000342254"
"PIGC","9606.ENSP00000356702"
"PSMF1","9606.ENSP00000338039"
"SLC17A7","9606.ENSP00000221485"
"SEP15","9606.ENSP00000328729"
"ATP6V1D","9606.ENSP00000216442"
"SYNE4","9606.ENSP00000316130"
"ABHD8","9606.ENSP00000247706"
"RPN1","9606.ENSP00000296255"
"GLYR1","9606.ENSP00000322716"
"DDAH2","9606.ENSP00000364949"
"MFSD2B","9606.ENSP00000342501"
"PRKACB","9606.ENSP00000359719"
"R3HDM1","9606.ENSP00000387010"
"SGPL1","9606.ENSP00000362298"
"CYFIP2","9606.ENSP00000479719"
"RHEBL1","9606.ENSP00000301068"
"AKAP11","9606.ENSP00000025301"
"NECAB2","9606.ENSP00000307449"
"SYNCRIP","9606.ENSP00000358635"
"TIPIN","9606.ENSP00000261881"
"ZMYM6","9606.ENSP00000349708"
"RAPGEFL1","9606.ENSP00000479735"
"DAP","9606.ENSP00000394163"
"MIGA2","9606.ENSP00000351138"
"ACVR1B","9606.ENSP00000442656"
"MARCH4","9606.ENSP00000273067"
"PDIA6","9606.ENSP00000385385"
"PARD6A","9606.ENSP00000219255"
"SLC30A6","9606.ENSP00000368648"
"CDH18","9606.ENSP00000371710"
"PALM2","9606.ENSP00000363654"
"NBPF26","9606.ENSP00000481542"
"GALNT9","9606.ENSP00000329846"
"CENPQ","9606.ENSP00000337289"
"LSM5","9606.ENSP00000410758"
"FAM65A","9606.ENSP00000400099"
"MAGEE1","9606.ENSP00000354912"
"HERC1","9606.ENSP00000390158"
"HTT","9606.ENSP00000347184"
"PAPD4","9606.ENSP00000397563"
"KIF5C","9606.ENSP00000393379"
"NXT1","9606.ENSP00000254998"
"HMGN4","9606.ENSP00000366798"
"HOOK1","9606.ENSP00000360252"
"ANP32B","9606.ENSP00000345848"
"EGFL7","9606.ENSP00000360764"
"FBXO9","9606.ENSP00000244426"
"MDC1","9606.ENSP00000365588"
"CRYM","9606.ENSP00000219599"
"PCDHAC2","9606.ENSP00000289269"
"PITPNB","9606.ENSP00000487693"
"TMEM67","9606.ENSP00000389998"
"CHM","9606.ENSP00000350386"
"SOHLH1","9606.ENSP00000404438"
"DNAJB11","9606.ENSP00000414398"
"CENPH","9606.ENSP00000283006"
"ATP6V1A","9606.ENSP00000273398"
"MICU3","9606.ENSP00000321455"
"SLC30A4","9606.ENSP00000261867"
"CNDP1","9606.ENSP00000351682"
"CNOT10","9606.ENSP00000399862"
"PEX5L","9606.ENSP00000419975"
"MAPRE3","9606.ENSP00000233121"
"ZNF599","9606.ENSP00000333802"
"SNPH","9606.ENSP00000371291"
"OPA1","9606.ENSP00000354681"
"CTIF","9606.ENSP00000372459"
"SLC9A6","9606.ENSP00000359729"
"PNMA6A","9606.ENSP00000391488"
"GRAMD1B","9606.ENSP00000402457"
"ADCY5","9606.ENSP00000419361"
"HLF","9606.ENSP00000226067"
"CAMK2N2","9606.ENSP00000296238"
"ANKHD1-EIF4EBP3","9606.ENSP00000432016"
"STK32C","9606.ENSP00000298630"
"PNMA3","9606.ENSP00000469445"
"RNASEH2A","9606.ENSP00000221486"
"RTN3","9606.ENSP00000367050"
"ZNF365","9606.ENSP00000387091"
"EPB41L1","9606.ENSP00000337168"
"RBM43","9606.ENSP00000331211"
"DCPS","9606.ENSP00000263579"
"SLC30A3","9606.ENSP00000233535"
"FUT1","9606.ENSP00000312021"
"DHRSX","9606.ENSP00000334113"
"PPFIA4","9606.ENSP00000402576"
"DPYSL3","9606.ENSP00000343690"
"MGAT5B","9606.ENSP00000391227"
"ACVR1C","9606.ENSP00000243349"
"PINLYP","9606.ENSP00000479240"
"RCAN2","9606.ENSP00000360425"
"DUSP3","9606.ENSP00000226004"
"PTK2B","9606.ENSP00000380638"
"TEAD1","9606.ENSP00000435233"
"RBP4","9606.ENSP00000360522"
"PCP4L1","9606.ENSP00000426296"
"RBBP4","9606.ENSP00000362592"
"CD63","9606.ENSP00000447730"
"C17ORF62","9606.ENSP00000388909"
"EIF4EBP1","9606.ENSP00000340691"
"METTL21B","9606.ENSP00000300209"
"TTC26","9606.ENSP00000419279"
"SF3B6","9606.ENSP00000233468"
"APBB1","9606.ENSP00000477213"
"GBA2","9606.ENSP00000367343"
"SCN3B","9606.ENSP00000376523"
"HMBS","9606.ENSP00000498786"
"DEGS2","9606.ENSP00000307126"
"BTG3","9606.ENSP00000344609"
"CNTRL","9606.ENSP00000362962"
"POU6F1","9606.ENSP00000330190"
"NUAK1","9606.ENSP00000261402"
"SOWAHC","9606.ENSP00000365830"
"ROCK1","9606.ENSP00000382697"
"EXOSC8","9606.ENSP00000374354"
"ANKRD33B","9606.ENSP00000296657"
"C1ORF115","9606.ENSP00000294889"
"PDCD6IP","9606.ENSP00000411825"
"MED17","9606.ENSP00000251871"
"POLA1","9606.ENSP00000368358"
"FAM131C","9606.ENSP00000364814"
"CCDC92","9606.ENSP00000238156"
"NBPF10","9606.ENSP00000463957"
"FPGS","9606.ENSP00000362344"
"TRHDE","9606.ENSP00000261180"
"KIAA1429","9606.ENSP00000297591"
"IQSEC1","9606.ENSP00000480301"
"CCM2","9606.ENSP00000370503"
"DEK","9606.ENSP00000498653"
"MELK","9606.ENSP00000298048"
"MAPKBP1","9606.ENSP00000393099"
"HMGB2","9606.ENSP00000296503"
"KIAA1804","9606.ENSP00000355583"
"PPTC7","9606.ENSP00000346255"
"HDAC11","9606.ENSP00000295757"
"SMARCE1","9606.ENSP00000323967"
"TUBB4A","9606.ENSP00000264071"
"MOB2","9606.ENSP00000328694"
"RAB11FIP4","9606.ENSP00000482620"
"CACNA1B","9606.ENSP00000360423"
"USP12","9606.ENSP00000282344"
"SCN2A","9606.ENSP00000490107"
"CAMKK1","9606.ENSP00000371188"
"SNRPE","9606.ENSP00000400591"
"HSD17B6","9606.ENSP00000451406"
"TAGLN3","9606.ENSP00000377494"
"VAMP1","9606.ENSP00000379602"
"WDR47","9606.ENSP00000383599"
"KCNA1","9606.ENSP00000371985"
"MDK","9606.ENSP00000385451"
"APH1A","9606.ENSP00000358105"
"FAM19A2","9606.ENSP00000393987"
"KCNK9","9606.ENSP00000498198"
"UNC119B","9606.ENSP00000344942"
"TNFRSF19","9606.ENSP00000371693"
"CDK5","9606.ENSP00000419782"
"DIRAS2","9606.ENSP00000364919"
"PRKCQ","9606.ENSP00000263125"
"OGFOD3","9606.ENSP00000330075"
"SLC30A5","9606.ENSP00000379836"
"SPINT2","9606.ENSP00000301244"
"UBE2C","9606.ENSP00000348838"
"RGS7","9606.ENSP00000355523"
"TUSC2","9606.ENSP00000232496"
"H6PD","9606.ENSP00000473348"
"NAGA","9606.ENSP00000379680"
"ZCCHC9","9606.ENSP00000254037"
"CLCN4","9606.ENSP00000370213"
"CACNG8","9606.ENSP00000270458"
"PDIA3","9606.ENSP00000300289"
"ABTB1","9606.ENSP00000232744"
"TMEM184B","9606.ENSP00000354441"
"FAM228A","9606.ENSP00000295150"
"MYH7B","9606.ENSP00000483640"
"PPIP5K1","9606.ENSP00000400887"
"YPEL4","9606.ENSP00000432648"
"SEPT10","9606.ENSP00000349116"
"ST3GAL3","9606.ENSP00000493823"
"RHBDL1","9606.ENSP00000219551"
"GPR6","9606.ENSP00000406986"
"GSKIP","9606.ENSP00000451188"
"NUP205","9606.ENSP00000285968"
"CEP44","9606.ENSP00000389427"
"TMEM25","9606.ENSP00000431548"
"CARNS1","9606.ENSP00000389009"
"PCDH11Y","9606.ENSP00000355419"
"MYBPC1","9606.ENSP00000400908"
"TSPYL2","9606.ENSP00000364591"
"PGP","9606.ENSP00000330918"
"PRMT8","9606.ENSP00000372067"
"ARFIP1","9606.ENSP00000296557"
"PPP4R4","9606.ENSP00000305924"
"NECAP1","9606.ENSP00000491067"
"TMEM125","9606.ENSP00000429275"
"SCAI","9606.ENSP00000362650"
"FDX1L","9606.ENSP00000377311"
"FBXL16","9606.ENSP00000380746"
"DNAJC27","9606.ENSP00000264711"
"STXBP6","9606.ENSP00000324302"
"CALB2","9606.ENSP00000307508"
"ENTPD6","9606.ENSP00000365840"
"BTBD3","9606.ENSP00000384545"
"MORC4","9606.ENSP00000347821"
"DNAAF5","9606.ENSP00000297440"
"DEF8","9606.ENSP00000268676"
"CLUH","9606.ENSP00000458986"
"PIGZ","9606.ENSP00000413405"
"GCC1","9606.ENSP00000318821"
"NIFK","9606.ENSP00000285814"
"TRIP4","9606.ENSP00000261884"
"ODC1","9606.ENSP00000234111"
"BACH1","9606.ENSP00000382805"
"CACNA2D3","9606.ENSP00000419101"
"FBN2","9606.ENSP00000424571"
"C3ORF18","9606.ENSP00000349732"
"ICE2","9606.ENSP00000261520"
"ELAC1","9606.ENSP00000269466"
"CNTN4","9606.ENSP00000380602"
"TAF1A","9606.ENSP00000339976"
"PQLC1","9606.ENSP00000380880"
"GOLT1A","9606.ENSP00000308535"
"QDPR","9606.ENSP00000281243"
"SMARCC1","9606.ENSP00000254480"
"LRRCC1","9606.ENSP00000353538"
"FGF12","9606.ENSP00000413496"
"CPNE3","9606.ENSP00000477590"
"MARK4","9606.ENSP00000262891"
"HSPG2","9606.ENSP00000363827"
"TTC30A","9606.ENSP00000347915"
"SDHAF2","9606.ENSP00000301761"
"MCM3","9606.ENSP00000480987"
"PRIMPOL","9606.ENSP00000420860"
"PTPN5","9606.ENSP00000351342"
"HSBP1","9606.ENSP00000392896"
"GLT1D1","9606.ENSP00000281703"
"STK36","9606.ENSP00000295709"
"PLP2","9606.ENSP00000365505"
"DIEXF","9606.ENSP00000419005"
"GUCY1A3","9606.ENSP00000296518"
"SGSH","9606.ENSP00000314606"
"PTPN20","9606.ENSP00000363459"
"DCLRE1B","9606.ENSP00000498042"
"TSPYL1","9606.ENSP00000357597"
"DGKQ","9606.ENSP00000273814"
"IPP","9606.ENSP00000379739"
"ORMDL2","9606.ENSP00000243045"
"GAR1","9606.ENSP00000226796"
"KIF3A","9606.ENSP00000385808"
"CNTNAP1","9606.ENSP00000264638"
"SLC25A26","9606.ENSP00000346955"
"XK","9606.ENSP00000367879"
"SMO","9606.ENSP00000249373"
"PRKCB","9606.ENSP00000496129"
"NOC3L","9606.ENSP00000360412"
"WSB2","9606.ENSP00000409131"
"ELAVL1","9606.ENSP00000385269"
"ARL13B","9606.ENSP00000377769"
"PIGO","9606.ENSP00000367880"
"SGSM1","9606.ENSP00000383212"
"PDE2A","9606.ENSP00000334910"
"ZFYVE27","9606.ENSP00000409594"
"ZER1","9606.ENSP00000291900"
"RAB11FIP2","9606.ENSP00000358200"
"LYSMD2","9606.ENSP00000267838"
"CENPU","9606.ENSP00000281453"
"VKORC1","9606.ENSP00000378426"
"ARHGEF40","9606.ENSP00000298694"
"CCSAP","9606.ENSP00000284617"
"DISP1","9606.ENSP00000284476"
"PICK1","9606.ENSP00000385205"
"CAMKV","9606.ENSP00000419195"
"STT3A","9606.ENSP00000376472"
"EFL1","9606.ENSP00000268206"
"PRKDC","9606.ENSP00000313420"
"RBM28","9606.ENSP00000223073"
"CNPY4","9606.ENSP00000262932"
"AUH","9606.ENSP00000364883"
"TSPYL4","9606.ENSP00000410943"
"TOR3A","9606.ENSP00000356599"
"C12ORF29","9606.ENSP00000349358"
"MPPED1","9606.ENSP00000388137"
"CAP2","9606.ENSP00000229922"
"INTS9","9606.ENSP00000429065"
"ZNF677","9606.ENSP00000469391"
"UCP2","9606.ENSP00000499695"
"TMEM56","9606.ENSP00000359222"
"KCTD4","9606.ENSP00000368402"
"LMBRD2","9606.ENSP00000296603"
"MAPK7","9606.ENSP00000311005"
"MSH5-SAPCD1","9606.ENSP00000364855"
"TRAM1","9606.ENSP00000262213"
"PDE1B","9606.ENSP00000243052"
"APLP1","9606.ENSP00000221891"
"AIMP2","9606.ENSP00000223029"
"PLEKHB2","9606.ENSP00000385892"
"MAST1","9606.ENSP00000251472"
"RTN4R","9606.ENSP00000043402"
"RCN1","9606.ENSP00000054950"
"GSTP1","9606.ENSP00000381607"
"NKIRAS1","9606.ENSP00000393785"
"KIF3C","9606.ENSP00000264712"
"LRR1","9606.ENSP00000298288"
"TPRKB","9606.ENSP00000325398"
"CLTB","9606.ENSP00000309415"
"ZCCHC12","9606.ENSP00000308921"
"DRAXIN","9606.ENSP00000294485"
"TCEAL9","9606.ENSP00000496422"
"POT1","9606.ENSP00000350249"
"FUS","9606.ENSP00000254108"
"GRASP","9606.ENSP00000293662"
"PGGT1B","9606.ENSP00000404676"
"ARPC5L","9606.ENSP00000345361"
"ERI2","9606.ENSP00000350651"
"ATAD2B","9606.ENSP00000238789"
"COG7","9606.ENSP00000305442"
"MRPL53","9606.ENSP00000258105"
"RBBP8","9606.ENSP00000382628"
"TRPM3","9606.ENSP00000366314"
"MRE11A","9606.ENSP00000325863"
"TP53RK","9606.ENSP00000361186"
"CACNB3","9606.ENSP00000301050"
"HDAC5","9606.ENSP00000225983"
"GNG5","9606.ENSP00000359675"
"LTBP3","9606.ENSP00000301873"
"CMTM6","9606.ENSP00000205636"
"PPIL4","9606.ENSP00000253329"
"STON1","9606.ENSP00000384615"
"TMPPE","9606.ENSP00000343398"
"SAYSD1","9606.ENSP00000229903"
"ZNF709","9606.ENSP00000380840"
"ASPHD2","9606.ENSP00000215906"
"FBXO34","9606.ENSP00000313159"
"SAAL1","9606.ENSP00000432487"
"CASP2","9606.ENSP00000312664"
"COL3A1","9606.ENSP00000304408"
"CHIC1","9606.ENSP00000362601"
"ADAM22","9606.ENSP00000265727"
"BUB1B","9606.ENSP00000287598"
"MAP2K1","9606.ENSP00000302486"
"SSX2IP","9606.ENSP00000340279"
"ARHGAP17","9606.ENSP00000289968"
"MGAT3","9606.ENSP00000345270"
"PLEKHM3","9606.ENSP00000417003"
"MAP1LC3A","9606.ENSP00000363970"
"DRAM2","9606.ENSP00000286692"
"P3H4","9606.ENSP00000347649"
"TCF3","9606.ENSP00000262965"
"CYLD","9606.ENSP00000392025"
"SERPINH1","9606.ENSP00000434412"
"NUDT3","9606.ENSP00000476119"
"VSTM2L","9606.ENSP00000362560"
"LRP11","9606.ENSP00000239367"
"PINK1","9606.ENSP00000364204"
"SLC2A6","9606.ENSP00000360966"
"NGB","9606.ENSP00000298352"
"TRIM44","9606.ENSP00000299413"
"ASPM","9606.ENSP00000356379"
"ANKRD9","9606.ENSP00000286918"
"C5","9606.ENSP00000223642"
"MYT1L","9606.ENSP00000497479"
"FAM217B","9606.ENSP00000351040"
"CHCHD5","9606.ENSP00000325655"
"BAP1","9606.ENSP00000417132"
"ZBED3","9606.ENSP00000255198"
"DYNC1I1","9606.ENSP00000320130"
"RGS4","9606.ENSP00000397181"
"LDB3","9606.ENSP00000401437"
"ALDH1A1","9606.ENSP00000297785"
"AIMP1","9606.ENSP00000378191"
"TGFB1I1","9606.ENSP00000378332"
"SPARC","9606.ENSP00000231061"
"MFAP2","9606.ENSP00000364685"
"RP2","9606.ENSP00000218340"
"PIP5K1C","9606.ENSP00000466363"
"IGH","9606.ENSP00000478289"
"DACT3","9606.ENSP00000375783"
"GOT2","9606.ENSP00000245206"
"AMMECR1L","9606.ENSP00000272647"
"GRK3","9606.ENSP00000317578"
"ZNF555","9606.ENSP00000334853"
"TCTN1","9606.ENSP00000380779"
"MBNL2","9606.ENSP00000365861"
"VWA9","9606.ENSP00000498715"
"SLC25A3","9606.ENSP00000228318"
"GRP","9606.ENSP00000256857"
"CLN3","9606.ENSP00000454229"
"TIAM2","9606.ENSP00000437188"
"HOMER1","9606.ENSP00000334382"
"ZFP62","9606.ENSP00000423820"
"CACNB2","9606.ENSP00000320025"
"TMEM68","9606.ENSP00000395204"
"ARAF","9606.ENSP00000290277"
"RAD51AP1","9606.ENSP00000228843"
"SPATA5","9606.ENSP00000274008"
"DBP","9606.ENSP00000222122"
"C11ORF54","9606.ENSP00000331209"
"P4HB","9606.ENSP00000327801"
"ROGDI","9606.ENSP00000322832"
"PBK","9606.ENSP00000428489"
"ARHGAP26","9606.ENSP00000274498"
"ASPHD1","9606.ENSP00000311447"
"ZKSCAN4","9606.ENSP00000366509"
"IPO4","9606.ENSP00000346453"
"LARGE1","9606.ENSP00000347088"
"PROS1","9606.ENSP00000377783"
"CBX3","9606.ENSP00000336687"
"SLC25A23","9606.ENSP00000301454"
"PRTFDC1","9606.ENSP00000318602"
"FTSJ3","9606.ENSP00000396673"
"RUNDC3A","9606.ENSP00000410862"
"FAM208B","9606.ENSP00000328426"
"HSPA12A","9606.ENSP00000489674"
"RPS6KA4","9606.ENSP00000333896"
"DOCK3","9606.ENSP00000266037"
"MTHFD2L","9606.ENSP00000379108"
"CLCN6","9606.ENSP00000234488"
"ATG2B","9606.ENSP00000353010"
"HNRNPF","9606.ENSP00000400433"
"CYP26A1","9606.ENSP00000224356"
"RMND5A","9606.ENSP00000283632"
"PTPRN","9606.ENSP00000295718"
"MOB1A","9606.ENSP00000379364"
"DNALI1","9606.ENSP00000296218"
"YES1","9606.ENSP00000462468"
"CCDC71L","9606.ENSP00000430897"
"GABRB1","9606.ENSP00000295454"
"MTCH2","9606.ENSP00000303222"
"UBE2K","9606.ENSP00000261427"
"CLIC4","9606.ENSP00000363500"
"CBLN2","9606.ENSP00000269503"
"RPS27L","9606.ENSP00000331019"
"SV2A","9606.ENSP00000358142"
"GAS2L3","9606.ENSP00000448955"
"CMTR2","9606.ENSP00000337512"
"SERGEF","9606.ENSP00000265965"
"LOC730098","9606.ENSP00000457701"
"PRELID3B","9606.ENSP00000348206"
"RNF138","9606.ENSP00000261593"
"CLIP3","9606.ENSP00000353732"
"PIGN","9606.ENSP00000492233"
"NRSN2","9606.ENSP00000371728"
"NECAB3","9606.ENSP00000246190"
"ATP6V1G2","9606.ENSP00000302194"
"NEURL1","9606.ENSP00000358795"
"ATM","9606.ENSP00000278616"
"PTPRN2","9606.ENSP00000374069"
"PIBF1","9606.ENSP00000317144"
"MTMR7","9606.ENSP00000180173"
"CASQ1","9606.ENSP00000357057"
"DNMT3A","9606.ENSP00000264709"
"SLC25A28","9606.ENSP00000359526"
"TP53I3","9606.ENSP00000238721"
"THADA","9606.ENSP00000385995"
"NID1","9606.ENSP00000264187"
"MPZL1","9606.ENSP00000352513"
"RASL10B","9606.ENSP00000474230"
"HCFC1R1","9606.ENSP00000248089"
"ACSBG1","9606.ENSP00000258873"
"GAL3ST4","9606.ENSP00000353142"
"CTPS2","9606.ENSP00000401264"
"SPIRE2","9606.ENSP00000367494"
"PGM2L1","9606.ENSP00000298198"
"MFSD11","9606.ENSP00000464932"
"ANKRD46","9606.ENSP00000429015"
"PAK2","9606.ENSP00000314067"
"ASUN","9606.ENSP00000261191"
"TSR1","9606.ENSP00000301364"
"EPHX4","9606.ENSP00000359410"
"TMEM237","9606.ENSP00000386264"
"DDHD2","9606.ENSP00000380352"
"DNAJB14","9606.ENSP00000404381"
"CD151","9606.ENSP00000324101"
"RSG1","9606.ENSP00000364749"
"CORO2A","9606.ENSP00000343746"
"BAZ1A","9606.ENSP00000371859"
"MMP24-AS1","9606.ENSP00000489588"
"TMEM185B","9606.ENSP00000453399"
"RB1","9606.ENSP00000267163"
"BTBD7","9606.ENSP00000335615"
"DESI1","9606.ENSP00000263256"
"B4GALNT1","9606.ENSP00000341562"
"TMEM235","9606.ENSP00000402790"
"RBL1","9606.ENSP00000362768"
"CYB561D1","9606.ENSP00000358884"
"PITPNM1","9606.ENSP00000348772"
"USP27X","9606.ENSP00000483631"
"CDKN2D","9606.ENSP00000377224"
"QSER1","9606.ENSP00000382241"
"SLC25A12","9606.ENSP00000388658"
"AQR","9606.ENSP00000156471"
"MAD2L2","9606.ENSP00000235310"
"GTF2H2C_2","9606.ENSP00000422907"
"RGS14","9606.ENSP00000386229"
"GPR158","9606.ENSP00000365529"
"CETN3","9606.ENSP00000428259"
"NKAPL","9606.ENSP00000345716"
"CRELD1","9606.ENSP00000321856"
"ZC3HC1","9606.ENSP00000351052"
"AZIN2","9606.ENSP00000362540"
"DDX60L","9606.ENSP00000260184"
"WDR34","9606.ENSP00000361800"
"ALG8","9606.ENSP00000299626"
"RECQL","9606.ENSP00000416739"
"RORB","9606.ENSP00000366093"
"LUZP1","9606.ENSP00000303758"
"SNRNP25","9606.ENSP00000372482"
"BEND6","9606.ENSP00000359782"
"SSRP1","9606.ENSP00000278412"
"PRSS16","9606.ENSP00000230582"
"RRP36","9606.ENSP00000244496"
"ZNF670","9606.ENSP00000355459"
"RBP1","9606.ENSP00000232219"
"GPCPD1","9606.ENSP00000368305"
"CNIH4","9606.ENSP00000420443"
"RAPGEF4","9606.ENSP00000380271"
"ADRB1","9606.ENSP00000358301"
"DUS4L","9606.ENSP00000265720"
"ZMYM1","9606.ENSP00000496876"
"DVL3","9606.ENSP00000316054"
"SPTBN2","9606.ENSP00000432568"
"AP1G2","9606.ENSP00000312442"
"CDCA3","9606.ENSP00000442068"
"TNFSF9","9606.ENSP00000245817"
"PCNX4","9606.ENSP00000384801"
"DNM1L","9606.ENSP00000449089"
"ZNF501","9606.ENSP00000482632"
"CCT6A","9606.ENSP00000275603"
"KCTD13","9606.ENSP00000455785"
"DOCK9","9606.ENSP00000365643"
"GABBR1","9606.ENSP00000366233"
"ERCC8","9606.ENSP00000265038"
"ELP2","9606.ENSP00000414851"
"HAPLN2","9606.ENSP00000255039"
"PPP4R2","9606.ENSP00000349124"
"CACNG2","9606.ENSP00000300105"
"CELF5","9606.ENSP00000292672"
"FBXO4","9606.ENSP00000281623"
"TAC1","9606.ENSP00000321106"
"CCNB2","9606.ENSP00000288207"
"PLEKHA6","9606.ENSP00000272203"
"SLC25A4","9606.ENSP00000281456"
"SOCS4","9606.ENSP00000452522"
"CASP8","9606.ENSP00000351273"
"BRSK2","9606.ENSP00000371614"
"DCLK3","9606.ENSP00000394484"
"RUSC1","9606.ENSP00000357336"
"CENPF","9606.ENSP00000355922"
"FPGT","9606.ENSP00000359935"
"BEX5","9606.ENSP00000446054"
"RRM1","9606.ENSP00000300738"
"GRIPAP1","9606.ENSP00000365606"
"IGSF8","9606.ENSP00000357065"
"REST","9606.ENSP00000311816"
"PDIA2","9606.ENSP00000219406"
"CPXM1","9606.ENSP00000369979"
"NEURL4","9606.ENSP00000382390"
"SLC7A14","9606.ENSP00000231706"
"RIMS2","9606.ENSP00000427018"
"ODF2","9606.ENSP00000403453"
"SLC24A1","9606.ENSP00000261892"
"FNDC3A","9606.ENSP00000441831"
"ZNF627","9606.ENSP00000354414"
"PGD","9606.ENSP00000270776"
"NUP54","9606.ENSP00000264883"
"NPY","9606.ENSP00000384364"
"PXYLP1","9606.ENSP00000286353"
"CFI","9606.ENSP00000378131"
"RASGRP1","9606.ENSP00000310244"
"CTTNBP2NL","9606.ENSP00000271277"
"STXBP5","9606.ENSP00000321826"
"RAPGEF2","9606.ENSP00000264431"
"ALG5","9606.ENSP00000239891"
"CRHBP","9606.ENSP00000274368"
"HPS5","9606.ENSP00000265967"
"NAV3","9606.ENSP00000381007"
"ARHGAP42","9606.ENSP00000298815"
"CACYBP","9606.ENSP00000356652"
"RFT1","9606.ENSP00000296292"
"NWD2","9606.ENSP00000309501"
"PLEKHF2","9606.ENSP00000322373"
"RANGAP1","9606.ENSP00000401470"
"PPP2R3B","9606.ENSP00000375080"
"SLC16A4","9606.ENSP00000358794"
"CAMK1G","9606.ENSP00000009105"
"ZNF117","9606.ENSP00000282869"
"NIPAL3","9606.ENSP00000363520"
"IRAK1BP1","9606.ENSP00000358956"
"ADNP","9606.ENSP00000360662"
"VANGL1","9606.ENSP00000347672"
"ASRGL1","9606.ENSP00000400057"
"PPP1R18","9606.ENSP00000480270"
"PKN2","9606.ENSP00000359552"
"DTL","9606.ENSP00000355958"
"AJUBA","9606.ENSP00000262713"
"CADPS2","9606.ENSP00000398481"
"CAPN2","9606.ENSP00000295006"
"GREM1","9606.ENSP00000498748"
"DDX60","9606.ENSP00000377344"
"TCAP","9606.ENSP00000312624"
"SIK3","9606.ENSP00000364449"
"CACNA1I","9606.ENSP00000385019"
"XPR1","9606.ENSP00000356562"
"NAP1L3","9606.ENSP00000362171"
"CLIC5","9606.ENSP00000185206"
"DDX39A","9606.ENSP00000242776"
"COL6A1","9606.ENSP00000355180"
"ALPPL2","9606.ENSP00000295453"
"PITPNM2","9606.ENSP00000322218"
"NOL12","9606.ENSP00000352021"
"MCF2","9606.ENSP00000430276"
"TMED8","9606.ENSP00000216468"
"UBE2O","9606.ENSP00000323687"
"VPS36","9606.ENSP00000367299"
"TNFSF10","9606.ENSP00000241261"
"PNOC","9606.ENSP00000301908"
"PNCK","9606.ENSP00000405950"
"ZNF621","9606.ENSP00000340841"
"WNT5A","9606.ENSP00000264634"
"LONRF2","9606.ENSP00000377086"
"FAM57A","9606.ENSP00000312017"
"FAM43B","9606.ENSP00000331397"
"CCDC85B","9606.ENSP00000311695"
"ARSD","9606.ENSP00000370546"
"MRVI1","9606.ENSP00000412130"
"POLD3","9606.ENSP00000263681"
"TUBB2A","9606.ENSP00000369703"
"CEP192","9606.ENSP00000427550"
"SDHAF1","9606.ENSP00000368165"
"MPP7","9606.ENSP00000337907"
"SLC17A6","9606.ENSP00000263160"
"NAPG","9606.ENSP00000324628"
"RNPEP","9606.ENSP00000295640"
"SGIP1","9606.ENSP00000360076"
"NCAPD2","9606.ENSP00000325017"
"CLIC1","9606.ENSP00000364935"
"CDYL","9606.ENSP00000380718"
"AP3B1","9606.ENSP00000255194"
"PHC1","9606.ENSP00000437659"
"COL1A1","9606.ENSP00000225964"
"TECPR1","9606.ENSP00000404923"
"RFXANK","9606.ENSP00000305071"
"SUCLA2","9606.ENSP00000494360"
"FMNL3","9606.ENSP00000335655"
"BEGAIN","9606.ENSP00000411124"
"GALNTL5","9606.ENSP00000479207"
"SRSF10","9606.ENSP00000420195"
"POP5","9606.ENSP00000350098"
"ABHD14A-ACY1","9606.ENSP00000490744"
"LOXL1","9606.ENSP00000261921"
"LLPH","9606.ENSP00000266604"
"NCAPG2","9606.ENSP00000387007"
"LRRC7","9606.ENSP00000309245"
"PRMT5","9606.ENSP00000319169"
"DERA","9606.ENSP00000416583"
"DSE","9606.ENSP00000494147"
"MYD88","9606.ENSP00000498321"
"KCNIP2","9606.ENSP00000420040"
"LIPT1","9606.ENSP00000377115"
"MCTP1","9606.ENSP00000424126"
"APEX1","9606.ENSP00000216714"
"ZYG11B","9606.ENSP00000294353"
"CDCA4","9606.ENSP00000337226"
"FBXO22","9606.ENSP00000307833"
"FIG4","9606.ENSP00000230124"
"QTRT2","9606.ENSP00000420682"
"NR1D1","9606.ENSP00000246672"
"SPRTN","9606.ENSP00000295050"
"KCTD18","9606.ENSP00000352941"
"CDCA7L","9606.ENSP00000383986"
"MED8","9606.ENSP00000290663"
"MAPK11","9606.ENSP00000333685"
"GDAP1","9606.ENSP00000220822"
"TMEM133","9606.ENSP00000298815"
"HPRT1","9606.ENSP00000298556"
"ACOT8","9606.ENSP00000217455"
"NPAS1","9606.ENSP00000469142"
"GPRASP1","9606.ENSP00000498934"
"BTBD6","9606.ENSP00000376337"
"NLK","9606.ENSP00000384625"
"SLC35F3","9606.ENSP00000355577"
"AK2","9606.ENSP00000499935"
"ARHGAP32","9606.ENSP00000310561"
"PSPC1","9606.ENSP00000343966"
"LRRC57","9606.ENSP00000326817"
"HTR2C","9606.ENSP00000276198"
"SRRM3","9606.ENSP00000480851"
"GTF3C3","9606.ENSP00000263956"
"KCNG3","9606.ENSP00000304127"
"INA","9606.ENSP00000358865"
"TMEM59L","9606.ENSP00000470879"
"RHNO1","9606.ENSP00000479598"
"GRM5","9606.ENSP00000306138"
"KCNA2","9606.ENSP00000487785"
"PSD3","9606.ENSP00000324127"
"SMAD4","9606.ENSP00000341551"
"NXT2","9606.ENSP00000218004"
"IMPDH2","9606.ENSP00000321584"
"SLC27A3","9606.ENSP00000271857"
"EZH1","9606.ENSP00000404658"
"ZCCHC4","9606.ENSP00000303468"
"TM4SF18","9606.ENSP00000296059"
"CHRD","9606.ENSP00000204604"
"TTLL7","9606.ENSP00000260505"
"ZNF488","9606.ENSP00000462269"
"HIST1H4J","9606.ENSP00000347168"
"HIST1H4J","9606.ENSP00000244537"
"SLITRK4","9606.ENSP00000349400"
"ERAP2","9606.ENSP00000400376"
"ZBTB1","9606.ENSP00000451000"
"ANO6","9606.ENSP00000409126"
"CXCR4","9606.ENSP00000386884"
"HEBP2","9606.ENSP00000475750"
"PARP9","9606.ENSP00000353512"
"FLNA","9606.ENSP00000358866"
"ERLIN2","9606.ENSP00000428112"
"FKBP1B","9606.ENSP00000370373"
"ADRA2A","9606.ENSP00000280155"
"CCDC15","9606.ENSP00000341684"
"KNTC1","9606.ENSP00000328236"
"UBE2QL1","9606.ENSP00000382713"
"TOLLIP","9606.ENSP00000314733"
"KCNAB1","9606.ENSP00000419952"
"C14ORF132","9606.ENSP00000490925"
"DNM3","9606.ENSP00000347457"
"CBLN4","9606.ENSP00000064571"
"TGIF2","9606.ENSP00000362981"
"MKS1","9606.ENSP00000376827"
"CKS1B","9606.ENSP00000311083"
"ZNRD1","9606.ENSP00000331111"
"TPX2","9606.ENSP00000300403"
"SMC3","9606.ENSP00000354720"
"SEPT4","9606.ENSP00000354874"
"RAB27B","9606.ENSP00000262094"
"MAGED2","9606.ENSP00000364193"
"ZNF572","9606.ENSP00000319305"
"PITRM1","9606.ENSP00000370377"
"TMSB15B","9606.ENSP00000455771"
"PFN1","9606.ENSP00000225655"
"SH3GL3","9606.ENSP00000320092"
"CEP55","9606.ENSP00000360540"
"CHRNA3","9606.ENSP00000315602"
"GALNT1","9606.ENSP00000269195"
"GJC2","9606.ENSP00000355675"
"MAP3K12","9606.ENSP00000449038"
"BRAT1","9606.ENSP00000339637"
"SPATA2","9606.ENSP00000416799"
"ATP6V0A1","9606.ENSP00000264649"
"DTYMK","9606.ENSP00000304802"
"FAAP20","9606.ENSP00000383710"
"SNAPC1","9606.ENSP00000216294"
"BRCA1","9606.ENSP00000418960"
"DYNC1LI1","9606.ENSP00000273130"
"GUCA1A","9606.ENSP00000053469"
"TMEM268","9606.ENSP00000363161"
"SH3GL2","9606.ENSP00000369981"
"KIAA0319","9606.ENSP00000367459"
"C1ORF216","9606.ENSP00000425166"
"SH3BP4","9606.ENSP00000386862"
"KCTD2","9606.ENSP00000312814"
"KCNIP4","9606.ENSP00000371587"
"RFK","9606.ENSP00000365926"
"CDKN2C","9606.ENSP00000262662"
"MAL2","9606.ENSP00000479708"
"SHCBP1","9606.ENSP00000306473"
"TMEM263","9606.ENSP00000449785"
"HMMR","9606.ENSP00000377492"
"NAP1L5","9606.ENSP00000320488"
"B4GAT1","9606.ENSP00000309096"
"ZNF260","9606.ENSP00000429803"
"CD93","9606.ENSP00000246006"
"FEZF2","9606.ENSP00000283268"
"PLPP7","9606.ENSP00000361338"
"CAD","9606.ENSP00000264705"
"HCN1","9606.ENSP00000307342"
"PSTK","9606.ENSP00000384653"
"LOX","9606.ENSP00000231004"
"SLC44A1","9606.ENSP00000363852"
"PPFIA2","9606.ENSP00000450337"
"CUEDC1","9606.ENSP00000462717"
"CARD6","9606.ENSP00000254691"
"AKT2","9606.ENSP00000375892"
"ZNF558","9606.ENSP00000471277"
"ANK3","9606.ENSP00000280772"
"POLR1B","9606.ENSP00000444136"
"CNPY3","9606.ENSP00000361926"
"NUCB2","9606.ENSP00000436455"
"HHATL","9606.ENSP00000405423"
"CSK","9606.ENSP00000220003"
"INTS4","9606.ENSP00000434466"
"FBXO44","9606.ENSP00000365959"
"RGL2","9606.ENSP00000420211"
"LMAN2","9606.ENSP00000303366"
"MAML2","9606.ENSP00000434552"
"UGDH","9606.ENSP00000319501"
"SNRPD1","9606.ENSP00000300413"
"DNAJC6","9606.ENSP00000360108"
"FBL","9606.ENSP00000221801"
"C18ORF54","9606.ENSP00000477654"
"EPHA5","9606.ENSP00000480763"
"SERP2","9606.ENSP00000368477"
"VAMP4","9606.ENSP00000236192"
"CYYR1","9606.ENSP00000299340"
"ST8SIA3","9606.ENSP00000320431"
"SLC25A14","9606.ENSP00000477981"
"TXLNA","9606.ENSP00000362711"
"IP6K1","9606.ENSP00000482032"
"PI4K2A","9606.ENSP00000359665"
"NCEH1","9606.ENSP00000442464"
"SETDB1","9606.ENSP00000271640"
"MED20","9606.ENSP00000265350"
"GLE1","9606.ENSP00000308622"
"SLC25A43","9606.ENSP00000217909"
"MRPL50","9606.ENSP00000363999"
"TPPP","9606.ENSP00000353785"
"TMEM138","9606.ENSP00000278826"
"POLR3C","9606.ENSP00000334564"
"PDZD4","9606.ENSP00000377355"
"GNAZ","9606.ENSP00000478892"
"GRM2","9606.ENSP00000378492"
"EIF5A2","9606.ENSP00000295822"
"SLC25A22","9606.ENSP00000322020"
"UBR3","9606.ENSP00000396068"
"ZNF764","9606.ENSP00000252797"
"WRN","9606.ENSP00000298139"
"TET2","9606.ENSP00000442788"
"CLSTN1","9606.ENSP00000366513"
"USP40","9606.ENSP00000415434"
"SNAP91","9606.ENSP00000400459"
"CAMK1","9606.ENSP00000256460"
"CNKSR2","9606.ENSP00000368824"
"GOLM1","9606.ENSP00000373364"
"SH3BGRL2","9606.ENSP00000358853"
"FAIM","9606.ENSP00000342805"
"SLC35D2","9606.ENSP00000253270"
"GORAB","9606.ENSP00000356737"
"ELMOD2","9606.ENSP00000326342"
"RALYL","9606.ENSP00000430128"
"BTRC","9606.ENSP00000359206"
"CDKL2","9606.ENSP00000306340"
"GINS3","9606.ENSP00000401018"
"ZNF7","9606.ENSP00000393260"
"TMCC2","9606.ENSP00000350718"
"AMPH","9606.ENSP00000348602"
"TRIM45","9606.ENSP00000256649"
"ZNF606","9606.ENSP00000343617"
"STEAP3","9606.ENSP00000376822"
"SLC25A24","9606.ENSP00000457733"
"SLIT3","9606.ENSP00000332164"
"IRF2BP2","9606.ENSP00000355568"
"OAS3","9606.ENSP00000228928"
"DPM3","9606.ENSP00000357384"
"KIF14","9606.ENSP00000356319"
"GPC5","9606.ENSP00000366267"
"FARS2","9606.ENSP00000316335"
"DCAF6","9606.ENSP00000356814"
"CCT6B","9606.ENSP00000327191"
"SDCCAG3","9606.ENSP00000349929"
"ATG13","9606.ENSP00000432412"
"CGREF1","9606.ENSP00000385452"
"CNNM2","9606.ENSP00000358894"
"MCU","9606.ENSP00000362144"
"YAE1D1","9606.ENSP00000223273"
"NRM","9606.ENSP00000259953"
"CACNA1E","9606.ENSP00000356545"
"KIN","9606.ENSP00000368881"
"EBPL","9606.ENSP00000242827"
"PAIP2B","9606.ENSP00000244221"
"MGAT2","9606.ENSP00000307423"
"SPICE1","9606.ENSP00000295872"
"SNAP25","9606.ENSP00000254976"
"CHEK1","9606.ENSP00000391090"
"XPO5","9606.ENSP00000265351"
"NICN1","9606.ENSP00000273598"
"VAT1","9606.ENSP00000347872"
"DLG1","9606.ENSP00000345731"
"OPTN","9606.ENSP00000368022"
"DEAF1","9606.ENSP00000371846"
"ZC3H10","9606.ENSP00000257940"
"E2F7","9606.ENSP00000323246"
"LYZ","9606.ENSP00000261267"
"LRP3","9606.ENSP00000253193"
"SBNO1","9606.ENSP00000473665"
"PTP4A3","9606.ENSP00000428976"
"KLC1","9606.ENSP00000414982"
"PLCB1","9606.ENSP00000338185"
"BUD13","9606.ENSP00000260210"
"TRNP1","9606.ENSP00000429216"
"TMEM196","9606.ENSP00000385087"
"TRDMT1","9606.ENSP00000367030"
"CCSER2","9606.ENSP00000361160"
"TOMM40L","9606.ENSP00000356967"
"RTN2","9606.ENSP00000245923"
"PXDN","9606.ENSP00000252804"
"ACLY","9606.ENSP00000466259"
"LRFN5","9606.ENSP00000298119"
"KCNJ3","9606.ENSP00000295101"
"HABP4","9606.ENSP00000364398"
"FBXL17","9606.ENSP00000437464"
"SHANK2","9606.ENSP00000345193"
"PTX3","9606.ENSP00000295927"
"IKBKB","9606.ENSP00000430684"
"UBE2I","9606.ENSP00000348056"
"ADCY1","9606.ENSP00000297323"
"ITPK1","9606.ENSP00000267615"
"LGI2","9606.ENSP00000371548"
"ZMAT4","9606.ENSP00000297737"
"SEPN1","9606.ENSP00000355141"
"IQGAP1","9606.ENSP00000268182"
"UEVLD","9606.ENSP00000379500"
"CAMK1D","9606.ENSP00000478874"
"NRP1","9606.ENSP00000265371"
"PIANP","9606.ENSP00000442157"
"AGTPBP1","9606.ENSP00000338512"
"INPP5F","9606.ENSP00000497527"
"YIF1A","9606.ENSP00000366098"
"GNG3","9606.ENSP00000294117"
"PPM1L","9606.ENSP00000417659"
"NDRG4","9606.ENSP00000377823"
"NR4A2","9606.ENSP00000344479"
"FAM102B","9606.ENSP00000359052"
"MINK1","9606.ENSP00000347427"
"CISD1","9606.ENSP00000363041"
"WNT10B","9606.ENSP00000301061"
"GABPA","9606.ENSP00000346886"
"ABCC4","9606.ENSP00000494609"
"SMCHD1","9606.ENSP00000326603"
"PAK3","9606.ENSP00000353864"
"SGO2","9606.ENSP00000350447"
"PC","9606.ENSP00000498994"
"PTK7","9606.ENSP00000418754"
"KATNA1","9606.ENSP00000356381"
"THG1L","9606.ENSP00000231198"
"BRI3","9606.ENSP00000297290"
"CTHRC1","9606.ENSP00000330523"
"MYO5A","9606.ENSP00000382177"
"KCNB1","9606.ENSP00000360806"
"MBNL3","9606.ENSP00000359890"
"CPEB1","9606.ENSP00000477715"
"CCDC85A","9606.ENSP00000384040"
"OLFM1","9606.ENSP00000360858"
"KLHL1","9606.ENSP00000367075"
"GAS7","9606.ENSP00000407552"
"RAB32","9606.ENSP00000356465"
"POLI","9606.ENSP00000462664"
"CHN2","9606.ENSP00000222792"
"SLC25A1","9606.ENSP00000215882"
"KCNK1","9606.ENSP00000355580"
"DARS2","9606.ENSP00000497569"
"PPM1A","9606.ENSP00000327255"
"WRAP53","9606.ENSP00000324203"
"CORO1B","9606.ENSP00000340211"
"FAM131A","9606.ENSP00000373360"
"RIT1","9606.ENSP00000357305"
"ZNF2","9606.ENSP00000482030"
"ARHGEF9","9606.ENSP00000490940"
"DTWD1","9606.ENSP00000251250"
"KIAA0408","9606.ENSP00000435150"
"PLXNB2","9606.ENSP00000352288"
"PGBD5","9606.ENSP00000375733"
"DEDD2","9606.ENSP00000471512"
"PHOSPHO2","9606.ENSP00000481046"
"ARFGEF3","9606.ENSP00000251691"
"MNS1","9606.ENSP00000260453"
"CREB3L4","9606.ENSP00000271889"
"MUM1L1","9606.ENSP00000338641"
"HIVEP3","9606.ENSP00000361664"
"TCTN3","9606.ENSP00000483364"
"ZC3HAV1L","9606.ENSP00000275766"
"RGS11","9606.ENSP00000380876"
"NOX4","9606.ENSP00000263317"
"ZNF667","9606.ENSP00000439402"
"FRAS1","9606.ENSP00000422834"
"RMI1","9606.ENSP00000317039"
"TAF4B","9606.ENSP00000462980"
"BIRC5","9606.ENSP00000301633"
"NAGLU","9606.ENSP00000225927"
"ACRC","9606.ENSP00000362799"
"ICAM2","9606.ENSP00000415283"
"TMEM178A","9606.ENSP00000281961"
"ALDH7A1","9606.ENSP00000387123"
"KLK6","9606.ENSP00000366047"
"EIF4E2","9606.ENSP00000258416"
"ZNF200","9606.ENSP00000395723"
"ENKD1","9606.ENSP00000243878"
"GDPD5","9606.ENSP00000337972"
"SYT4","9606.ENSP00000255224"
"ANKRD39","9606.ENSP00000377170"
"TGFBI","9606.ENSP00000416330"
"BARD1","9606.ENSP00000260947"
"NUF2","9606.ENSP00000271452"
"ZNF134","9606.ENSP00000379464"
"PXN","9606.ENSP00000267257"
"CASP6","9606.ENSP00000265164"
"CCDC106","9606.ENSP00000465757"
"MZT1","9606.ENSP00000367049"
"DIO2","9606.ENSP00000451419"
"POLE2","9606.ENSP00000216367"
"TECPR2","9606.ENSP00000352510"
"STXBP4","9606.ENSP00000365530"
"ZNF561","9606.ENSP00000303915"
"CELF2","9606.ENSP00000488422"
"PLOD3","9606.ENSP00000223127"
"IGFLR1","9606.ENSP00000246532"
"ANGPTL2","9606.ENSP00000362524"
"AKR7A2","9606.ENSP00000235835"
"RUNDC3B","9606.ENSP00000337732"
"MCF2L","9606.ENSP00000440374"
"THY1","9606.ENSP00000284240"
"ZNF551","9606.ENSP00000282296"
"ELMO1","9606.ENSP00000312185"
"FAM58A","9606.ENSP00000402949"
"ACTL6B","9606.ENSP00000160382"
"LRP6","9606.ENSP00000261349"
"NPTXR","9606.ENSP00000327545"
"BRINP1","9606.ENSP00000265922"
"JPH4","9606.ENSP00000380307"
"KLHL18","9606.ENSP00000232766"
"LPAR6","9606.ENSP00000367691"
"FAM114A1","9606.ENSP00000351740"
"SOCS2","9606.ENSP00000481249"
"GUSB","9606.ENSP00000302728"
"APOM","9606.ENSP00000365081"
"SCRT1","9606.ENSP00000455711"
"ARL2BP","9606.ENSP00000219204"
"GPX8","9606.ENSP00000423822"
"RAB39B","9606.ENSP00000358466"
"VPS13C","9606.ENSP00000493560"
"TWSG1","9606.ENSP00000262120"
"NUP88","9606.ENSP00000458954"
"TRAM2","9606.ENSP00000182527"
"FBXO30","9606.ENSP00000237281"
"GABARAPL1","9606.ENSP00000411256"
"XKR4","9606.ENSP00000328326"
"SMAD1","9606.ENSP00000305769"
"DTX3L","9606.ENSP00000296161"
"VGLL4","9606.ENSP00000404251"
"DBNDD1","9606.ENSP00000457625"
"CAMSAP2","9606.ENSP00000236925"
"IGIP","9606.ENSP00000327344"
"QRSL1","9606.ENSP00000358042"
"EMP3","9606.ENSP00000469194"
"ATP9A","9606.ENSP00000342481"
"PRDM5","9606.ENSP00000264808"
"ADGRL1","9606.ENSP00000340688"
"DOLK","9606.ENSP00000361667"
"COL1A2","9606.ENSP00000297268"
"BGN","9606.ENSP00000327336"
"SLC1A6","9606.ENSP00000221742"
"ANK1","9606.ENSP00000265709"
"TMEM257","9606.ENSP00000334374"
"NRG1","9606.ENSP00000287842"
"RDH12","9606.ENSP00000449079"
"AGPS","9606.ENSP00000264167"
"MCM9","9606.ENSP00000314505"
"DLGAP5","9606.ENSP00000247191"
"AKAIN1","9606.ENSP00000462259"
"PPP3R1","9606.ENSP00000234310"
"DCAF16","9606.ENSP00000371682"
"SLC25A39","9606.ENSP00000366299"
"DRAM1","9606.ENSP00000258534"
"SLC2A13","9606.ENSP00000280871"
"ZNF253","9606.ENSP00000468720"
"PSMB8","9606.ENSP00000364016"
"ATP6V1B2","9606.ENSP00000276390"
"TMEM266","9606.ENSP00000373594"
"ZCCHC17","9606.ENSP00000480986"
"ZSCAN5A","9606.ENSP00000375593"
"SPNS2","9606.ENSP00000333292"
"ZNF112","9606.ENSP00000337081"
"FANCI","9606.ENSP00000310842"
"EFS","9606.ENSP00000216733"
"CD200","9606.ENSP00000420298"
"LRFN1","9606.ENSP00000248668"
"SP3","9606.ENSP00000310301"
"TMEM173","9606.ENSP00000498596"
"WDR35","9606.ENSP00000314444"
"ARHGEF25","9606.ENSP00000335560"
"RGS6","9606.ENSP00000451030"
"DPY19L4","9606.ENSP00000389630"
"BIN1","9606.ENSP00000316779"
"ZDHHC4","9606.ENSP00000379934"
"BEND4","9606.ENSP00000421169"
"ARPIN","9606.ENSP00000350075"
"GPATCH2L","9606.ENSP00000261530"
"TEX9","9606.ENSP00000342169"
"EPCAM","9606.ENSP00000263735"
"CELF6","9606.ENSP00000287202"
"ROCK2","9606.ENSP00000317985"
"SLC35F5","9606.ENSP00000245680"
"CLHC1","9606.ENSP00000384869"
"PPP1R3B","9606.ENSP00000308318"
"SLC1A2","9606.ENSP00000278379"
"IL17RD","9606.ENSP00000296318"
"LXN","9606.ENSP00000264265"
"PSME1","9606.ENSP00000372155"
"SLC6A1","9606.ENSP00000494136"
"STIL","9606.ENSP00000360944"
"DLGAP1","9606.ENSP00000316377"
"TRIM5","9606.ENSP00000369373"
"ZNF45","9606.ENSP00000269973"
"PEX12","9606.ENSP00000482609"
"MTFR1","9606.ENSP00000262146"
"NPHP3","9606.ENSP00000338766"
"TMEM123","9606.ENSP00000381204"
"GINS2","9606.ENSP00000253462"
"TTC39B","9606.ENSP00000422496"
"SNX5","9606.ENSP00000366998"
"ASXL1","9606.ENSP00000364839"
"KIT","9606.ENSP00000288135"
"AIFM3","9606.ENSP00000382120"
"ANO4","9606.ENSP00000376703"
"TPD52L1","9606.ENSP00000306285"
"MEX3C","9606.ENSP00000385610"
"ZCCHC8","9606.ENSP00000438993"
"SLC24A2","9606.ENSP00000344801"
"LOXL3","9606.ENSP00000264094"
"METTL2A","9606.ENSP00000309610"
"CCL3L3","9606.ENSP00000480558"
"ACADSB","9606.ENSP00000357873"
"SCN4B","9606.ENSP00000322460"
"UQCC1","9606.ENSP00000363506"
"FAM219A","9606.ENSP00000499069"
"TBC1D30","9606.ENSP00000440207"
"IFI44","9606.ENSP00000359783"
"NOB1","9606.ENSP00000268802"
"ZNF766","9606.ENSP00000409652"
"BCAS3","9606.ENSP00000468592"
"SLC35F2","9606.ENSP00000436785"
"GAD1","9606.ENSP00000350928"
"NTN1","9606.ENSP00000173229"
"LHFPL2","9606.ENSP00000369702"
"BDH1","9606.ENSP00000376184"
"ATP13A2","9606.ENSP00000327214"
"CDIP1","9606.ENSP00000382508"
"TMPO","9606.ENSP00000266732"
"S1PR3","9606.ENSP00000365006"
"SEC61G","9606.ENSP00000388337"
"COL4A1","9606.ENSP00000364979"
"RFX7","9606.ENSP00000501317"
"TMEM63C","9606.ENSP00000298351"
"CYP2J2","9606.ENSP00000360247"
"KCTD20","9606.ENSP00000362836"
"CCDC149","9606.ENSP00000488929"
"CDK14","9606.ENSP00000369390"
"EDN1","9606.ENSP00000368683"
"RFWD3","9606.ENSP00000354361"
"LRRC42","9606.ENSP00000360421"
"STRIP2","9606.ENSP00000249344"
"C5ORF30","9606.ENSP00000326110"
"PTPN21","9606.ENSP00000452414"
"FJX1","9606.ENSP00000400223"
"SLC39A12","9606.ENSP00000366586"
"AP4S1","9606.ENSP00000216366"
"S100PBP","9606.ENSP00000362574"
"FAM122A","9606.ENSP00000377807"
"CPSF3","9606.ENSP00000238112"
"TTK","9606.ENSP00000358813"
"GPR88","9606.ENSP00000314223"
"TRIM6-TRIM34","9606.ENSP00000346916"
"ERICH3","9606.ENSP00000322609"
"MGAT4A","9606.ENSP00000264968"
"PAXBP1","9606.ENSP00000328992"
"EFHC1","9606.ENSP00000360107"
"ZNF581","9606.ENSP00000466047"
"PARP4","9606.ENSP00000371419"
"IVNS1ABP","9606.ENSP00000356468"
"PRTG","9606.ENSP00000373937"
"NSMCE4A","9606.ENSP00000358019"
"MAP4K5","9606.ENSP00000013125"
"PAICS","9606.ENSP00000382595"
"ZNF519","9606.ENSP00000464872"
"PURA","9606.ENSP00000332706"
"FCGRT","9606.ENSP00000410798"
"MFSD6","9606.ENSP00000376141"
"SLC39A1","9606.ENSP00000357612"
"CCDC14","9606.ENSP00000420180"
"PPP2R2C","9606.ENSP00000372042"
"DSG2","9606.ENSP00000261590"
"RHOXF1","9606.ENSP00000217999"
"PRRT2","9606.ENSP00000456226"
"MYO9A","9606.ENSP00000348349"
"DMRTC1B","9606.ENSP00000334501"
"PCMTD2","9606.ENSP00000307854"
"ZNF311","9606.ENSP00000366384"
"RSL1D1","9606.ENSP00000460871"
"LAMC1","9606.ENSP00000258341"
"CDS1","9606.ENSP00000295887"
"ASTE1","9606.ENSP00000426421"
"NCAPG","9606.ENSP00000251496"
"PARP12","9606.ENSP00000263549"
"ZNF649","9606.ENSP00000347043"
"ADARB1","9606.ENSP00000353920"
"B4GALT6","9606.ENSP00000306459"
"FLVCR2","9606.ENSP00000238667"
"CCDC136","9606.ENSP00000297788"
"ZNF300","9606.ENSP00000397178"
"PSENEN","9606.ENSP00000468411"
"ZSCAN25","9606.ENSP00000377708"
"SLC38A10","9606.ENSP00000363891"
"TXNRD3NB","9606.ENSP00000373066"
"GLIS2","9606.ENSP00000262366"
"ZBED4","9606.ENSP00000216268"
"CKAP2","9606.ENSP00000367276"
"PLEKHA1","9606.ENSP00000357986"
"CHD1L","9606.ENSP00000358262"
"ITPRIP","9606.ENSP00000278071"
"VCAN","9606.ENSP00000265077"
"CALB1","9606.ENSP00000265431"
"KCNC1","9606.ENSP00000265969"
"ZNF813","9606.ENSP00000379684"
"HK2","9606.ENSP00000290573"
"PLS1","9606.ENSP00000336831"
"TAGLN2","9606.ENSP00000357076"
"CTNNAL1","9606.ENSP00000320434"
"RNFT1","9606.ENSP00000304670"
"RREB1","9606.ENSP00000369270"
"KIAA1549L","9606.ENSP00000315295"
"ABCC8","9606.ENSP00000494321"
"BCAS4","9606.ENSP00000351642"
"MRPS16","9606.ENSP00000362036"
"SLC9B2","9606.ENSP00000378265"
"UNG","9606.ENSP00000242576"
"BAIAP2","9606.ENSP00000316338"
"ARHGAP23","9606.ENSP00000481862"
"TMEM132D","9606.ENSP00000408581"
"CYB561D2","9606.ENSP00000391209"
"SLC48A1","9606.ENSP00000415998"
"MICALL1","9606.ENSP00000215957"
"LRRC8B","9606.ENSP00000491377"
"COL6A2","9606.ENSP00000300527"
"SOBP","9606.ENSP00000318900"
"RIN2","9606.ENSP00000255006"
"SNCA","9606.ENSP00000500990"
"SLC4A2","9606.ENSP00000419412"
"ENO2","9606.ENSP00000437402"
"CFLAR","9606.ENSP00000312455"
"SPDL1","9606.ENSP00000265295"
"ANK2","9606.ENSP00000349588"
"KIAA1324","9606.ENSP00000358955"
"NCSTN","9606.ENSP00000294785"
"KNDC1","9606.ENSP00000304437"
"TPRN","9606.ENSP00000387100"
"ZBTB26","9606.ENSP00000362760"
"ELK3","9606.ENSP00000228741"
"PDYN","9606.ENSP00000440185"
"HELLS","9606.ENSP00000377601"
"UNC5A","9606.ENSP00000332737"
"SDS","9606.ENSP00000257549"
"PTPN4","9606.ENSP00000263708"
"COL4A2","9606.ENSP00000353654"
"MRC2","9606.ENSP00000307513"
"SLK","9606.ENSP00000358770"
"HDGF","9606.ENSP00000357189"
"EFCAB2","9606.ENSP00000355480"
"ACOT7","9606.ENSP00000367086"
"POC1B-GALNT4","9606.ENSP00000447852"
"MTG2","9606.ENSP00000359859"
"GEMIN6","9606.ENSP00000281950"
"NIP7","9606.ENSP00000254940"
"HNRNPC","9606.ENSP00000451291"
"AACS","9606.ENSP00000324842"
"TENM2","9606.ENSP00000427874"
"ZNF691","9606.ENSP00000361580"
"COL5A1","9606.ENSP00000360882"
"CMTM3","9606.ENSP00000400482"
"USP6NL","9606.ENSP00000277575"
"CDC37L1","9606.ENSP00000371278"
"UNC80","9606.ENSP00000391088"
"CENPK","9606.ENSP00000379911"
"DOK6","9606.ENSP00000372160"
"C11ORF87","9606.ENSP00000331581"
"TROAP","9606.ENSP00000257909"
"TNIP2","9606.ENSP00000321203"
"KLF10","9606.ENSP00000285407"
"TACC1","9606.ENSP00000321703"
"LRRC3B","9606.ENSP00000379880"
"NEUROD6","9606.ENSP00000297142"
"NUDT18","9606.ENSP00000480722"
"FAM189A1","9606.ENSP00000261275"
"OAT","9606.ENSP00000357838"
"TSPO","9606.ENSP00000379563"
"KIAA1217","9606.ENSP00000365637"
"NOP2","9606.ENSP00000371858"
"OLFML2A","9606.ENSP00000362682"
"GRIN2C","9606.ENSP00000293190"
"TMOD2","9606.ENSP00000249700"
"RCC1","9606.ENSP00000497402"
"FAM81A","9606.ENSP00000288228"
"ABCA1","9606.ENSP00000363868"
"TLR3","9606.ENSP00000296795"
"VARS","9606.ENSP00000364815"
"DLG3","9606.ENSP00000363480"
"PDE4A","9606.ENSP00000370078"
"CNTNAP2","9606.ENSP00000354778"
"CUX2","9606.ENSP00000261726"
"FBLIM1","9606.ENSP00000416387"
"WIPF3","9606.ENSP00000242140"
"LYRM9","9606.ENSP00000368397"
"SYDE1","9606.ENSP00000341489"
"EPHA10","9606.ENSP00000362139"
"MANEA","9606.ENSP00000351669"
"FMO4","9606.ENSP00000356723"
"GLA","9606.ENSP00000218516"
"FAM64A","9606.ENSP00000250056"
"POLD1","9606.ENSP00000472445"
"MPHOSPH8","9606.ENSP00000355388"
"RAB13","9606.ENSP00000357564"
"CALCRL","9606.ENSP00000376177"
"DGKH","9606.ENSP00000337572"
"PPM1G","9606.ENSP00000342778"
"SLC37A4","9606.ENSP00000476176"
"PCOLCE","9606.ENSP00000223061"
"BTG1","9606.ENSP00000256015"
"METAP1D","9606.ENSP00000315152"
"RARA","9606.ENSP00000254066"
"NFIB","9606.ENSP00000370340"
"KIF18B","9606.ENSP00000465992"
"DCP1B","9606.ENSP00000280665"
"ZNF3","9606.ENSP00000306372"
"PCNA","9606.ENSP00000368458"
"AP3B2","9606.ENSP00000440984"
"HAGHL","9606.ENSP00000374353"
"PEG3","9606.ENSP00000326581"
"HAS2","9606.ENSP00000306991"
"ADAM12","9606.ENSP00000357668"
"PLPP5","9606.ENSP00000392553"
"ZBTB10","9606.ENSP00000387462"
"TLR1","9606.ENSP00000354932"
"ZFYVE9","9606.ENSP00000287727"
"PLCXD2","9606.ENSP00000420686"
"SYNE2","9606.ENSP00000350719"
"ANKS1B","9606.ENSP00000449629"
"STK39","9606.ENSP00000348278"
"SLC2A8","9606.ENSP00000362469"
"SLC35F6","9606.ENSP00000345528"
"PCP4","9606.ENSP00000329403"
"TUB","9606.ENSP00000305426"
"PLAGL2","9606.ENSP00000246229"
"NOXA1","9606.ENSP00000342848"
"MAPT","9606.ENSP00000340820"
"WHSC1","9606.ENSP00000372351"
"AMER3","9606.ENSP00000392700"
"KIAA1468","9606.ENSP00000256858"
"SLC26A2","9606.ENSP00000286298"
"KNL1","9606.ENSP00000335463"
"ICA1","9606.ENSP00000403982"
"TARBP2","9606.ENSP00000266987"
"PRDM2","9606.ENSP00000235372"
"CLMN","9606.ENSP00000298912"
"NEK3","9606.ENSP00000484443"
"RORA","9606.ENSP00000261523"
"HSD11B1L","9606.ENSP00000480443"
"SFRP4","9606.ENSP00000410715"
"CRIP1","9606.ENSP00000332449"
"TTC31","9606.ENSP00000233623"
"DENND4B","9606.ENSP00000354597"
"RAP1GAP","9606.ENSP00000363895"
"CRLS1","9606.ENSP00000368140"
"PLCE1","9606.ENSP00000360431"
"DNAJA4","9606.ENSP00000378324"
"PRMT3","9606.ENSP00000331879"
"ABCC12","9606.ENSP00000311030"
"GCAT","9606.ENSP00000371110"
"STMN2","9606.ENSP00000429243"
"NFATC3","9606.ENSP00000300659"
"ITGA4","9606.ENSP00000380227"
"PAK5","9606.ENSP00000367686"
"ESPL1","9606.ENSP00000257934"
"GATB","9606.ENSP00000263985"
"SEMA4F","9606.ENSP00000350547"
"PRRG3","9606.ENSP00000359378"
"RPRML","9606.ENSP00000318032"
"NUP35","9606.ENSP00000295119"
"COX20","9606.ENSP00000355486"
"PTGES2","9606.ENSP00000345341"
"ZCCHC2","9606.ENSP00000269499"
"FRY","9606.ENSP00000445043"
"SPX","9606.ENSP00000256969"
"IGFBP5","9606.ENSP00000233813"
"ZNF438","9606.ENSP00000412363"
"FLNC","9606.ENSP00000327145"
"REEP2","9606.ENSP00000367590"
"OTUD3","9606.ENSP00000364261"
"RASIP1","9606.ENSP00000222145"
"PGM3","9606.ENSP00000425809"
"LMNB1","9606.ENSP00000261366"
"SENP1","9606.ENSP00000394791"
"ACOT4","9606.ENSP00000323071"
"CHSY1","9606.ENSP00000254190"
"REC8","9606.ENSP00000482546"
"STAT5A","9606.ENSP00000341208"
"ADCYAP1","9606.ENSP00000462647"
"UCHL1","9606.ENSP00000284440"
"CACNA1D","9606.ENSP00000288139"
"LGI4","9606.ENSP00000312273"
"ACVR1","9606.ENSP00000405004"
"YPEL2","9606.ENSP00000312272"
"THEMIS","9606.ENSP00000487358"
"NUP62","9606.ENSP00000471191"
"SHTN1","9606.ENSP00000347532"
"LINGO2","9606.ENSP00000369328"
"BORCS6","9606.ENSP00000373669"
"SFN","9606.ENSP00000340989"
"GALNT18","9606.ENSP00000227756"
"POLM","9606.ENSP00000379174"
"TBC1D25","9606.ENSP00000365962"
"DZIP1L","9606.ENSP00000332148"
"CTBS","9606.ENSP00000359664"
"HDAC1","9606.ENSP00000362649"
"KCTD11","9606.ENSP00000495203"
"MKL1","9606.ENSP00000498671"
"NAP1L2","9606.ENSP00000362616"
"SMC5","9606.ENSP00000354957"
"TDG","9606.ENSP00000376611"
"PYCARD","9606.ENSP00000247470"
"ALKBH6","9606.ENSP00000368152"
"C1ORF226","9606.ENSP00000413150"
"NHSL1","9606.ENSP00000394546"
"SOX4","9606.ENSP00000244745"
"IGFBP2","9606.ENSP00000233809"
"TRIP11","9606.ENSP00000267622"
"KDELC1","9606.ENSP00000365172"
"PLCL1","9606.ENSP00000402861"
"DONSON","9606.ENSP00000307143"
"ARHGAP12","9606.ENSP00000345808"
"ACSL3","9606.ENSP00000350012"
"KIAA1462","9606.ENSP00000364526"
"KDM6A","9606.ENSP00000367203"
"KCNQ2","9606.ENSP00000352035"
"MRAS","9606.ENSP00000289104"
"FREM3","9606.ENSP00000332886"
"MECP2","9606.ENSP00000395535"
"NBL1","9606.ENSP00000289749"
"MAPRE2","9606.ENSP00000300249"
"MBD6","9606.ENSP00000347896"
"FAHD2A","9606.ENSP00000233379"
"YEATS4","9606.ENSP00000247843"
"SIN3A","9606.ENSP00000378402"
"SNRPA","9606.ENSP00000243563"
"IRX3","9606.ENSP00000331608"
"VCPIP1","9606.ENSP00000309031"
"BORA","9606.ENSP00000479266"
"SLC26A4","9606.ENSP00000494017"
"RHOBTB2","9606.ENSP00000427926"
"TRIM46","9606.ENSP00000334657"
"STMN4","9606.ENSP00000342538"
"WASF2","9606.ENSP00000483313"
"SGSM2","9606.ENSP00000268989"
"SLC25A18","9606.ENSP00000329033"
"ARMCX5-GPRASP2","9606.ENSP00000498643"
"NPPA","9606.ENSP00000365663"
"BEAN1","9606.ENSP00000442793"
"CACNB1","9606.ENSP00000377840"
"BMPER","9606.ENSP00000497748"
"PPARGC1B","9606.ENSP00000312649"
"INVS","9606.ENSP00000262457"
"OIP5","9606.ENSP00000220514"
"TBC1D1","9606.ENSP00000261439"
"RIT2","9606.ENSP00000321805"
"C16ORF45","9606.ENSP00000300006"
"CEP162","9606.ENSP00000385215"
"NUAK2","9606.ENSP00000499251"
"FXR2","9606.ENSP00000250113"
"GPAT2","9606.ENSP00000389395"
"RASSF7","9606.ENSP00000380713"
"ALDH8A1","9606.ENSP00000265605"
"ARX","9606.ENSP00000368332"
"CTNS","9606.ENSP00000371294"
"CPNE6","9606.ENSP00000440077"
"ORC2","9606.ENSP00000234296"
"STEAP2","9606.ENSP00000378119"
"ZNF140","9606.ENSP00000347755"
"E2F6","9606.ENSP00000370936"
"CCDC125","9606.ENSP00000379754"
"NAIP","9606.ENSP00000428657"
"CCBE1","9606.ENSP00000497183"
"NMNAT2","9606.ENSP00000287713"
"GNG12","9606.ENSP00000360021"
"CTNNA1","9606.ENSP00000304669"
"MACROD2","9606.ENSP00000217246"
"REV3L","9606.ENSP00000351697"
"FAM76B","9606.ENSP00000351631"
"C11ORF70","9606.ENSP00000414390"
"PVR","9606.ENSP00000402060"
"ZNF432","9606.ENSP00000221315"
"ZNF624","9606.ENSP00000310472"
"EXOC6B","9606.ENSP00000489442"
"YPEL3","9606.ENSP00000381821"
"MFNG","9606.ENSP00000349490"
"MSN","9606.ENSP00000353408"
"DUSP26","9606.ENSP00000256261"
"C1QTNF5","9606.ENSP00000431140"
"ANXA2","9606.ENSP00000346032"
"TGFBR2","9606.ENSP00000351905"
"SCRIB","9606.ENSP00000349486"
"HEY2","9606.ENSP00000357348"
"IGF2BP3","9606.ENSP00000258729"
"SQLE","9606.ENSP00000265896"
"ARRB1","9606.ENSP00000409581"
"NYAP1","9606.ENSP00000300179"
"MPP1","9606.ENSP00000358547"
"PDSS1","9606.ENSP00000365388"
"MCUB","9606.ENSP00000378145"
"USP46","9606.ENSP00000407818"
"KANK3","9606.ENSP00000328923"
"SPRY1","9606.ENSP00000481675"
"BCL7C","9606.ENSP00000369674"
"FBXO5","9606.ENSP00000229758"
"CKMT2","9606.ENSP00000404203"
"ELF4","9606.ENSP00000311280"
"ADAM23","9606.ENSP00000264377"
"SEPT6","9606.ENSP00000341524"
"SMURF1","9606.ENSP00000354621"
"LIMS4","9606.ENSP00000404432"
"MIPEP","9606.ENSP00000371607"
"ECM2","9606.ENSP00000344758"
"TSC1","9606.ENSP00000298552"
"SLC38A6","9606.ENSP00000346959"
"HTR7","9606.ENSP00000337949"
"CSMD1","9606.ENSP00000489225"
"MAST4","9606.ENSP00000385727"
"TWF1","9606.ENSP00000449428"
"CEP57","9606.ENSP00000317902"
"DNTTIP1","9606.ENSP00000361705"
"TMED7-TICAM2","9606.ENSP00000282382"
"TMEM45A","9606.ENSP00000385089"
"PABPC4L","9606.ENSP00000463233"
"GAS1","9606.ENSP00000298743"
"CXCL14","9606.ENSP00000337065"
"AGK","9606.ENSP00000497280"
"EML2","9606.ENSP00000468312"
"TACC3","9606.ENSP00000326550"
"GNG7","9606.ENSP00000371594"
"PDPN","9606.ENSP00000294489"
"TNFAIP8","9606.ENSP00000427424"
"PHACTR3","9606.ENSP00000360054"
"KCNK3","9606.ENSP00000306275"
"TSPAN11","9606.ENSP00000261177"
"PHF19","9606.ENSP00000483946"
"GRN","9606.ENSP00000053867"
"ATRNL1","9606.ENSP00000347152"
"ZNF546","9606.ENSP00000339823"
"NPTX1","9606.ENSP00000307549"
"TAC3","9606.ENSP00000483110"
"TTF2","9606.ENSP00000358478"
"NMI","9606.ENSP00000243346"
"GAREM1","9606.ENSP00000269209"
"PPP1R37","9606.ENSP00000221462"
"F2RL1","9606.ENSP00000296677"
"WASF1","9606.ENSP00000376367"
"CELF3","9606.ENSP00000290583"
"DEPDC1","9606.ENSP00000412292"
"ZNF367","9606.ENSP00000364405"
"RFC2","9606.ENSP00000055077"
"MDM1","9606.ENSP00000302537"
"ABCB7","9606.ENSP00000253577"
"VSTM2A","9606.ENSP00000303108"
"SNX18","9606.ENSP00000342276"
"NDST3","9606.ENSP00000296499"
"CAMK2N1","9606.ENSP00000364219"
"ETS1","9606.ENSP00000376436"
"SMARCAD1","9606.ENSP00000351947"
"UNC5C","9606.ENSP00000406022"
"DHRS1","9606.ENSP00000380027"
"FAM133A","9606.ENSP00000318974"
"KLF13","9606.ENSP00000302456"
"MEF2C","9606.ENSP00000340874"
"TTC9","9606.ENSP00000256367"
"CHSY3","9606.ENSP00000302629"
"KIF5A","9606.ENSP00000408979"
"MSH6","9606.ENSP00000234420"
"NEGR1","9606.ENSP00000350364"
"TIAM1","9606.ENSP00000286827"
"SNAI2","9606.ENSP00000020945"
"RABGAP1L","9606.ENSP00000251507"
"MAFG","9606.ENSP00000350369"
"TIGD7","9606.ENSP00000380071"
"TMEM74B","9606.ENSP00000371318"
"STARD10","9606.ENSP00000335247"
"PLA2G4C","9606.ENSP00000472546"
"FOXQ1","9606.ENSP00000296839"
"TSPAN5","9606.ENSP00000307701"
"MTA3","9606.ENSP00000385823"
"MAD2L1","9606.ENSP00000296509"
"AURKA","9606.ENSP00000216911"
"SYTL5","9606.ENSP00000395220"
"STAG1","9606.ENSP00000372689"
"TBPL1","9606.ENSP00000237264"
"RPEL1","9606.ENSP00000476672"
"PNMAL1","9606.ENSP00000318131"
"IGDCC4","9606.ENSP00000319623"
"FYCO1","9606.ENSP00000296137"
"KIF15","9606.ENSP00000324020"
"DRP2","9606.ENSP00000378635"
"ADAMTS8","9606.ENSP00000257359"
"GPR62","9606.ENSP00000319250"
"EHMT1","9606.ENSP00000417980"
"TIMELESS","9606.ENSP00000450607"
"USP20","9606.ENSP00000313811"
"SLC19A1","9606.ENSP00000308895"
"KCNMB4","9606.ENSP00000258111"
"SEZ6","9606.ENSP00000312942"
"EMX1","9606.ENSP00000258106"
"SLC35F4","9606.ENSP00000452086"
"TMTC1","9606.ENSP00000442046"
"MCPH1","9606.ENSP00000342924"
"ACSL6","9606.ENSP00000498260"
"MKL2","9606.ENSP00000459626"
"DUSP14","9606.ENSP00000477653"
"CKAP4","9606.ENSP00000367265"
"SLC24A4","9606.ENSP00000431840"
"KIFC1","9606.ENSP00000393963"
"PLCB4","9606.ENSP00000367762"
"PRR18","9606.ENSP00000319590"
"SHISA7","9606.ENSP00000365503"
"CCDC191","9606.ENSP00000295878"
"PSMB9","9606.ENSP00000363993"
"NMB","9606.ENSP00000378089"
"CNTN6","9606.ENSP00000407822"
"PDK2","9606.ENSP00000420927"
"LRRC73","9606.ENSP00000361518"
"CAND2","9606.ENSP00000387641"
"RIPPLY2","9606.ENSP00000358703"
"SRRM4","9606.ENSP00000267260"
"LRP5","9606.ENSP00000294304"
"WASF3","9606.ENSP00000335055"
"TMEM160","9606.ENSP00000253047"
"SRFBP1","9606.ENSP00000341324"
"SLITRK1","9606.ENSP00000366288"
"MESDC1","9606.ENSP00000267984"
"SPATA13","9606.ENSP00000398560"
"AEBP1","9606.ENSP00000223357"
"HAPLN4","9606.ENSP00000291481"
"METTL7B","9606.ENSP00000377796"
"PRPH2","9606.ENSP00000230381"
"FZD2","9606.ENSP00000323901"
"B3GAT1","9606.ENSP00000433847"
"CNTN2","9606.ENSP00000330633"
"FOXM1","9606.ENSP00000342307"
"MS4A6A","9606.ENSP00000435844"
"ELF1","9606.ENSP00000239882"
"KIAA1324L","9606.ENSP00000413445"
"SLC25A19","9606.ENSP00000385312"
"CD2AP","9606.ENSP00000352264"
"SEMA7A","9606.ENSP00000261918"
"MTURN","9606.ENSP00000324204"
"ALDOC","9606.ENSP00000378731"
"CHD7","9606.ENSP00000392028"
"KCTD1","9606.ENSP00000384367"
"SLC6A15","9606.ENSP00000266682"
"PCP2","9606.ENSP00000310585"
"S100A1","9606.ENSP00000292169"
"PNMA2","9606.ENSP00000429344"
"FGFR1OP2","9606.ENSP00000229395"
"EEF1A2","9606.ENSP00000217182"
"ZNF618","9606.ENSP00000363241"
"C1ORF27","9606.ENSP00000287859"
"CCDC127","9606.ENSP00000296824"
"KDM5A","9606.ENSP00000382688"
"RPP38","9606.ENSP00000478982"
"TCF19","9606.ENSP00000365433"
"PAQR8","9606.ENSP00000406197"
"ABCA3","9606.ENSP00000301732"
"LHPP","9606.ENSP00000357835"
"ZNF532","9606.ENSP00000338217"
"TPBGL","9606.ENSP00000474988"
"ARHGAP20","9606.ENSP00000260283"
"SBF1","9606.ENSP00000370196"
"FBXL2","9606.ENSP00000417601"
"BRSK1","9606.ENSP00000310649"
"ZFP37","9606.ENSP00000452552"
"TSPOAP1","9606.ENSP00000345824"
"SORCS1","9606.ENSP00000263054"
"CCDC121","9606.ENSP00000412150"
"MCM7","9606.ENSP00000307288"
"ULBP2","9606.ENSP00000356320"
"SLFN12","9606.ENSP00000378063"
"GGT7","9606.ENSP00000338964"
"ALG10","9606.ENSP00000266483"
"CCL2","9606.ENSP00000225831"
"FAM49A","9606.ENSP00000370724"
"TSPAN4","9606.ENSP00000380553"
"OPCML","9606.ENSP00000330862"
"SYBU","9606.ENSP00000407118"
"ALMS1","9606.ENSP00000482968"
"TRNAU1AP","9606.ENSP00000362936"
"BEND3","9606.ENSP00000411268"
"ATXN1","9606.ENSP00000244769"
"G6PC3","9606.ENSP00000269097"
"CBFB","9606.ENSP00000415151"
"FAM83D","9606.ENSP00000481465"
"CHGA","9606.ENSP00000216492"
"C15ORF59","9606.ENSP00000457205"
"ZNF616","9606.ENSP00000471000"
"CHCHD10","9606.ENSP00000384973"
"SEZ6L2","9606.ENSP00000481917"
"SLC25A27","9606.ENSP00000360398"
"CEP112","9606.ENSP00000376522"
"GRIN2A","9606.ENSP00000332549"
"CHD1","9606.ENSP00000483667"
"TMEM144","9606.ENSP00000296529"
"ANAPC15","9606.ENSP00000437360"
"KIF20A","9606.ENSP00000378356"
"AGTRAP","9606.ENSP00000319713"
"CSRNP2","9606.ENSP00000228515"
"KCTD3","9606.ENSP00000259154"
"MFSD1","9606.ENSP00000484175"
"ZNF248","9606.ENSP00000379208"
"EPB41L4A","9606.ENSP00000482810"
"PPM1E","9606.ENSP00000312411"
"AKAP10","9606.ENSP00000225737"
"CDH11","9606.ENSP00000268603"
"NUP85","9606.ENSP00000245544"
"PSKH1","9606.ENSP00000291041"
"CWF19L2","9606.ENSP00000282251"
"HMG20B","9606.ENSP00000328269"
"RHOBTB1","9606.ENSP00000338671"
"KIF23","9606.ENSP00000260363"
"KIF18A","9606.ENSP00000263181"
"APC","9606.ENSP00000257430"
"TVP23B","9606.ENSP00000305654"
"DOCK7","9606.ENSP00000251157"
"SUV39H2","9606.ENSP00000346997"
"NCKAP5","9606.ENSP00000387128"
"ENHO","9606.ENSP00000382675"
"SPIN4","9606.ENSP00000364018"
"IFI30","9606.ENSP00000384886"
"ZWINT","9606.ENSP00000363055"
"GLS","9606.ENSP00000317379"
"SV2C","9606.ENSP00000423541"
"BUB1","9606.ENSP00000302530"
"ZBTB6","9606.ENSP00000362763"
"SAMD13","9606.ENSP00000359707"
"KIF2C","9606.ENSP00000361298"
"FUT9","9606.ENSP00000302599"
"ENPP2","9606.ENSP00000259486"
"SAMD9","9606.ENSP00000369292"
"CDK5R1","9606.ENSP00000318486"
"FUBP3","9606.ENSP00000318177"
"RASGEF1A","9606.ENSP00000363583"
"EMP2","9606.ENSP00000352540"
"EVL","9606.ENSP00000376652"
"C4ORF46","9606.ENSP00000368503"
"NEDD4L","9606.ENSP00000383199"
"PRC1","9606.ENSP00000377793"
"EPS15L1","9606.ENSP00000393313"
"TCEAL3","9606.ENSP00000361711"
"RPL22L1","9606.ENSP00000346080"
"ARRDC2","9606.ENSP00000222250"
"DIRAS1","9606.ENSP00000325836"
"ATP1A1","9606.ENSP00000445306"
"ZKSCAN7","9606.ENSP00000273320"
"C22ORF29","9606.ENSP00000384924"
"SNX30","9606.ENSP00000363349"
"NVL","9606.ENSP00000281701"
"CNRIP1","9606.ENSP00000263655"
"NT5DC3","9606.ENSP00000376615"
"THRB","9606.ENSP00000379904"
"ERCC4","9606.ENSP00000310520"
"ZFAND1","9606.ENSP00000220669"
"DSCC1","9606.ENSP00000322180"
"ANTXR1","9606.ENSP00000301945"
"VAMP2","9606.ENSP00000418572"
"FAM213B","9606.ENSP00000413218"
"CHST12","9606.ENSP00000481912"
"NTNG1","9606.ENSP00000359085"
"LPCAT3","9606.ENSP00000261407"
"USP31","9606.ENSP00000219689"
"ATG9A","9606.ENSP00000386710"
"KIF1B","9606.ENSP00000263934"
"CHGB","9606.ENSP00000368244"
"MBTD1","9606.ENSP00000468304"
"BTN3A3","9606.ENSP00000244519"
"FUT11","9606.ENSP00000361932"
"EPSTI1","9606.ENSP00000318982"
"BCL6B","9606.ENSP00000293805"
"LSM7","9606.ENSP00000252622"
"ASCC1","9606.ENSP00000339404"
"ZC3H14","9606.ENSP00000251038"
"C17ORF96","9606.ENSP00000484710"
"SLC16A7","9606.ENSP00000448071"
"C6ORF136","9606.ENSP00000293604"
"ANXA1","9606.ENSP00000366109"
"EXOC6","9606.ENSP00000260762"
"FABP6","9606.ENSP00000377549"
"PARP14","9606.ENSP00000418194"
"ZNF850","9606.ENSP00000464976"
"PRICKLE1","9606.ENSP00000345064"
"RYR1","9606.ENSP00000352608"
"MBLAC2","9606.ENSP00000314776"
"ZNF232","9606.ENSP00000250076"
"PDK3","9606.ENSP00000498864"
"RNASE4","9606.ENSP00000452245"
"LRIG3","9606.ENSP00000326759"
"PRICKLE2","9606.ENSP00000492363"
"PTPRO","9606.ENSP00000281171"
"PLXNA3","9606.ENSP00000358696"
"HMP19","9606.ENSP00000307722"
"MYO9B","9606.ENSP00000471457"
"MAPK1IP1L","9606.ENSP00000378851"
"ESYT3","9606.ENSP00000374218"
"PACRGL","9606.ENSP00000423881"
"RNF213","9606.ENSP00000464087"
"CHCHD6","9606.ENSP00000290913"
"NINL","9606.ENSP00000278886"
"CYP26B1","9606.ENSP00000001146"
"TSEN15","9606.ENSP00000355299"
"NOTCH2NL","9606.ENSP00000472124"
"NOTCH2NL","9606.ENSP00000354929"
"ZNF107","9606.ENSP00000483720"
"MCM4","9606.ENSP00000262105"
"LPCAT1","9606.ENSP00000283415"
"FKBP9","9606.ENSP00000439250"
"FAM131B","9606.ENSP00000410603"
"FBXL20","9606.ENSP00000264658"
"CARMIL3","9606.ENSP00000340467"
"SWAP70","9606.ENSP00000315630"
"TMEM246","9606.ENSP00000363984"
"PCDH12","9606.ENSP00000231484"
"ZNF320","9606.ENSP00000473091"
"DDX58","9606.ENSP00000369213"
"CCNJ","9606.ENSP00000435373"
"FN1","9606.ENSP00000346839"
"BACE1","9606.ENSP00000318585"
"KIF1A","9606.ENSP00000438388"
"PLCXD3","9606.ENSP00000367032"
"GABPB1","9606.ENSP00000220429"
"SLC36A1","9606.ENSP00000243389"
"HEATR1","9606.ENSP00000355541"
"SCN1A","9606.ENSP00000303540"
"PORCN","9606.ENSP00000322304"
"MAN2A2","9606.ENSP00000452948"
"RCC2","9606.ENSP00000364585"
"TIMP1","9606.ENSP00000218388"
"EHD3","9606.ENSP00000327116"
"FANCG","9606.ENSP00000367910"
"LCA5","9606.ENSP00000376686"
"DDX25","9606.ENSP00000263576"
"PLSCR1","9606.ENSP00000345494"
"GRM1","9606.ENSP00000282753"
"GABRB3","9606.ENSP00000308725"
"SYNDIG1L","9606.ENSP00000331474"
"LNP1","9606.ENSP00000373191"
"MRO","9606.ENSP00000397900"
"ZAK","9606.ENSP00000364361"
"RGS22","9606.ENSP00000354109"
"SRXN1","9606.ENSP00000371388"
"ISYNA1","9606.ENSP00000337746"
"P4HA1","9606.ENSP00000263556"
"C1ORF112","9606.ENSP00000286031"
"TRIP10","9606.ENSP00000320117"
"SLC4A3","9606.ENSP00000273063"
"CTDSPL2","9606.ENSP00000260327"
"NUDT1","9606.ENSP00000380241"
"ACP6","9606.ENSP00000463574"
"CCNA2","9606.ENSP00000481380"
"LRRN1","9606.ENSP00000314901"
"ELAVL4","9606.ENSP00000349594"
"TSKU","9606.ENSP00000434847"
"CHIC2","9606.ENSP00000263921"
"SF3A2","9606.ENSP00000221494"
"ZCCHC7","9606.ENSP00000443113"
"SERTAD3","9606.ENSP00000375882"
"SRPX2","9606.ENSP00000362095"
"APOBEC3B","9606.ENSP00000327459"
"TTC8","9606.ENSP00000482306"
"TMEFF2","9606.ENSP00000272771"
"ZNF700","9606.ENSP00000479449"
"GREM2","9606.ENSP00000318650"
"TAF8","9606.ENSP00000362068"
"SERPING1","9606.ENSP00000278407"
"SPATA6","9606.ENSP00000360913"
"LOXL2","9606.ENSP00000373783"
"CLDND1","9606.ENSP00000377735"
"RAD51","9606.ENSP00000493712"
"FLT1","9606.ENSP00000282397"
"PTGDS","9606.ENSP00000360687"
"RGS20","9606.ENSP00000297313"
"CYGB","9606.ENSP00000293230"
"CCNB1","9606.ENSP00000256442"
"CNN3","9606.ENSP00000359225"
"PHF14","9606.ENSP00000385795"
"FGF13","9606.ENSP00000396198"
"LMNA","9606.ENSP00000357283"
"ZNF548","9606.ENSP00000337555"
"SRGAP3","9606.ENSP00000373347"
"C21ORF62","9606.ENSP00000418653"
"RASL11B","9606.ENSP00000248706"
"OPN3","9606.ENSP00000355512"
"C8ORF48","9606.ENSP00000297324"
"DNAJC12","9606.ENSP00000225171"
"JAG1","9606.ENSP00000254958"
"SAMD9L","9606.ENSP00000326247"
"NRN1","9606.ENSP00000480483"
"KCNJ4","9606.ENSP00000306497"
"NRG3","9606.ENSP00000361214"
"ARHGAP18","9606.ENSP00000357131"
"SH3BP5","9606.ENSP00000373301"
"RNFT2","9606.ENSP00000257575"
"ATP1B1","9606.ENSP00000356790"
"LAS1L","9606.ENSP00000363944"
"DOCK4","9606.ENSP00000410746"
"SPATA18","9606.ENSP00000295213"
"TTC27","9606.ENSP00000313953"
"RELA","9606.ENSP00000384273"
"MMD2","9606.ENSP00000384690"
"TTC23","9606.ENSP00000377690"
"NEDD4","9606.ENSP00000424827"
"SZT2","9606.ENSP00000457168"
"SHISA8","9606.ENSP00000481203"
"RNF157","9606.ENSP00000269391"
"SWSAP1","9606.ENSP00000310008"
"GBP1","9606.ENSP00000359504"
"LAMA4","9606.ENSP00000230538"
"ZNF586","9606.ENSP00000379458"
"PIP4K2B","9606.ENSP00000482548"
"RBFOX2","9606.ENSP00000413035"
"CBX2","9606.ENSP00000308750"
"ARHGAP19","9606.ENSP00000351333"
"FANCD2","9606.ENSP00000287647"
"EPHA4","9606.ENSP00000281821"
"ELAVL2","9606.ENSP00000369453"
"TPD52","9606.ENSP00000429309"
"FNDC5","9606.ENSP00000362570"
"ELN","9606.ENSP00000351807"
"PRKY","9606.ENSP00000498737"
"RALGPS1","9606.ENSP00000259351"
"FMNL1","9606.ENSP00000329219"
"OSBP2","9606.ENSP00000332576"
"PRCD","9606.ENSP00000467661"
"DGKB","9606.ENSP00000385780"
"SNIP1","9606.ENSP00000296215"
"PPP1R14A","9606.ENSP00000301242"
"UNC5D","9606.ENSP00000385143"
"LANCL3","9606.ENSP00000367882"
"FANCF","9606.ENSP00000330875"
"CYP39A1","9606.ENSP00000275016"
"EPHB4","9606.ENSP00000350896"
"SLC8A3","9606.ENSP00000370669"
"GABBR2","9606.ENSP00000259455"
"SLC25A33","9606.ENSP00000306328"
"ZGRF1","9606.ENSP00000424737"
"MYC","9606.ENSP00000478887"
"TMOD3","9606.ENSP00000308753"
"GPR173","9606.ENSP00000331600"
"S100A4","9606.ENSP00000357704"
"ATP11C","9606.ENSP00000332756"
"PLA1A","9606.ENSP00000273371"
"CYBA","9606.ENSP00000261623"
"SLC2A10","9606.ENSP00000352216"
"RSU1","9606.ENSP00000367154"
"SCIN","9606.ENSP00000297029"
"EMILIN1","9606.ENSP00000369677"
"DNAAF2","9606.ENSP00000298292"
"TEAD3","9606.ENSP00000345772"
"MND1","9606.ENSP00000240488"
"SFMBT1","9606.ENSP00000378235"
"RPS6KL1","9606.ENSP00000450567"
"MFAP4","9606.ENSP00000378957"
"SLITRK5","9606.ENSP00000366283"
"NSUN7","9606.ENSP00000371201"
"MYEF2","9606.ENSP00000316950"
"AKNA","9606.ENSP00000303769"
"TMEM132A","9606.ENSP00000005286"
"PITPNC1","9606.ENSP00000464006"
"CAMSAP3","9606.ENSP00000416797"
"TMEM8A","9606.ENSP00000401338"
"DPF1","9606.ENSP00000347716"
"LCMT2","9606.ENSP00000307214"
"BMPR1A","9606.ENSP00000361107"
"PCDHA1","9606.ENSP00000420840"
"FAM129A","9606.ENSP00000356481"
"JADE3","9606.ENSP00000481850"
"TNFAIP8L1","9606.ENSP00000444215"
"ABHD14B","9606.ENSP00000420065"
"NDUFAF5","9606.ENSP00000367346"
"LHFPL4","9606.ENSP00000287585"
"HLA-DRA","9606.ENSP00000378786"
"WDR92","9606.ENSP00000295121"
"KBTBD8","9606.ENSP00000401878"
"MOG","9606.ENSP00000366091"
"DUSP2","9606.ENSP00000288943"
"MYH11","9606.ENSP00000379616"
"MRAP2","9606.ENSP00000257776"
"GOLGA7B","9606.ENSP00000359634"
"ZXDA","9606.ENSP00000351530"
"FCF1","9606.ENSP00000344393"
"MMD","9606.ENSP00000262065"
"RGL1","9606.ENSP00000303192"
"ASCC3","9606.ENSP00000358159"
"MTFR2","9606.ENSP00000395232"
"ATP8A1","9606.ENSP00000371084"
"CENPL","9606.ENSP00000348527"
"HSPH1","9606.ENSP00000487365"
"OSTF1","9606.ENSP00000340836"
"RIPK2","9606.ENSP00000220751"
"MKI67","9606.ENSP00000357643"
"SCAPER","9606.ENSP00000454973"
"ZNF114","9606.ENSP00000469998"
"ZNF256","9606.ENSP00000282308"
"NAT1","9606.ENSP00000443194"
"TRAF4","9606.ENSP00000262395"
"FANCE","9606.ENSP00000229769"
"PEX13","9606.ENSP00000295030"
"ZC3H12B","9606.ENSP00000340839"
"CXORF23","9606.ENSP00000369009"
"MAP3K2","9606.ENSP00000387246"
"SAP30","9606.ENSP00000296504"
"MINA","9606.ENSP00000328251"
"SLCO4A1","9606.ENSP00000217159"
"FAIM2","9606.ENSP00000321951"
"NOL4","9606.ENSP00000261592"
"SGK223","9606.ENSP00000481109"
"JADE2","9606.ENSP00000282605"
"CCDC28A","9606.ENSP00000479060"
"RCBTB2","9606.ENSP00000389910"
"ZBTB20","9606.ENSP00000419153"
"CSDC2","9606.ENSP00000302485"
"ELOVL7","9606.ENSP00000424123"
"IDUA","9606.ENSP00000247933"
"ADGRA1","9606.ENSP00000376384"
"MYO1E","9606.ENSP00000288235"
"CPNE8","9606.ENSP00000329748"
"ADGRB3","9606.ENSP00000359630"
"RFC5","9606.ENSP00000408295"
"OBSL1","9606.ENSP00000385636"
"FA2H","9606.ENSP00000219368"
"SLC25A17","9606.ENSP00000390722"
"MOCS3","9606.ENSP00000244051"
"INF2","9606.ENSP00000376410"
"SUSD1","9606.ENSP00000363382"
"RAD18","9606.ENSP00000264926"
"CXORF38","9606.ENSP00000330488"
"TNC","9606.ENSP00000265131"
"ARRDC3","9606.ENSP00000265138"
"PATZ1","9606.ENSP00000266269"
"USP25","9606.ENSP00000383044"
"POU2F1","9606.ENSP00000356840"
"NOS1","9606.ENSP00000477999"
"ZNF280B","9606.ENSP00000485750"
"MAGI1","9606.ENSP00000385450"
"PLEKHH1","9606.ENSP00000330278"
"STK33","9606.ENSP00000416750"
"USP3","9606.ENSP00000369681"
"FAM175A","9606.ENSP00000369857"
"TRIM21","9606.ENSP00000254436"
"AHCYL1","9606.ENSP00000358814"
"BTN3A2","9606.ENSP00000366937"
"ZNF195","9606.ENSP00000382511"
"FAM171B","9606.ENSP00000304108"
"GEM","9606.ENSP00000297596"
"TTLL4","9606.ENSP00000375951"
"WDR73","9606.ENSP00000387982"
"MRRF","9606.ENSP00000343867"
"MESP1","9606.ENSP00000300057"
"ETS2","9606.ENSP00000353344"
"MGLL","9606.ENSP00000265052"
"ADGRB2","9606.ENSP00000362759"
"LIN7A","9606.ENSP00000447488"
"PCGF6","9606.ENSP00000358862"
"BEND7","9606.ENSP00000345773"
"MIGA1","9606.ENSP00000393675"
"ZFP36L2","9606.ENSP00000282388"
"GIMAP2","9606.ENSP00000223293"
"GLI2","9606.ENSP00000390436"
"PRKAR1B","9606.ENSP00000385749"
"FNDC10","9606.ENSP00000389111"
"RBCK1","9606.ENSP00000348632"
"MAGEE2","9606.ENSP00000362457"
"BEX2","9606.ENSP00000442521"
"WDHD1","9606.ENSP00000353793"
"NR4A1","9606.ENSP00000440864"
"HLA-DMA","9606.ENSP00000363976"
"CLN5","9606.ENSP00000498772"
"PLOD1","9606.ENSP00000196061"
"LRRC4C","9606.ENSP00000278198"
"USP18","9606.ENSP00000215794"
"SEC31B","9606.ENSP00000359370"
"HLA-G","9606.ENSP00000366024"
"ALYREF","9606.ENSP00000421592"
"BASP1","9606.ENSP00000319281"
"MIS18A","9606.ENSP00000290130"
"C9ORF16","9606.ENSP00000362085"
"SOX11","9606.ENSP00000322568"
"SLN","9606.ENSP00000435380"
"ENPEP","9606.ENSP00000265162"
"RTN1","9606.ENSP00000267484"
"TMEM204","9606.ENSP00000454945"
"NCAPD3","9606.ENSP00000433681"
"FBN1","9606.ENSP00000325527"
"RAI14","9606.ENSP00000427123"
"GNG13","9606.ENSP00000248150"
"UBASH3B","9606.ENSP00000284273"
"ZDHHC23","9606.ENSP00000498556"
"EMC10","9606.ENSP00000334037"
"SFXN5","9606.ENSP00000272433"
"SLC2A3","9606.ENSP00000075120"
"TNFRSF10B","9606.ENSP00000276431"
"LRRTM1","9606.ENSP00000295057"
"CALD1","9606.ENSP00000354826"
"PIP4K2A","9606.ENSP00000365757"
"TANC1","9606.ENSP00000263635"
"PCDHB2","9606.ENSP00000194155"
"C20ORF194","9606.ENSP00000252032"
"SIGMAR1","9606.ENSP00000277010"
"IGFBP7","9606.ENSP00000295666"
"UVSSA","9606.ENSP00000425130"
"ALKBH2","9606.ENSP00000398181"
"NPY1R","9606.ENSP00000354652"
"PPP1R3C","9606.ENSP00000238994"
"FBXL19","9606.ENSP00000369666"
"NCBP1","9606.ENSP00000364289"
"B3GALT2","9606.ENSP00000356404"
"NTNG2","9606.ENSP00000376921"
"DNM2","9606.ENSP00000373905"
"NRXN2","9606.ENSP00000265459"
"FAM184A","9606.ENSP00000342604"
"CREB3L2","9606.ENSP00000329140"
"LNX1","9606.ENSP00000263925"
"CACNA1G","9606.ENSP00000352011"
"HSPBAP1","9606.ENSP00000302562"
"PLIN2","9606.ENSP00000276914"
"TMEM170B","9606.ENSP00000368737"
"INPP5A","9606.ENSP00000357583"
"TNNT1","9606.ENSP00000467176"
"AGA","9606.ENSP00000264595"
"YPEL1","9606.ENSP00000342832"
"HLA-A","9606.ENSP00000379873"
"CECR6","9606.ENSP00000329318"
"CCL4","9606.ENSP00000482259"
"SDHAF3","9606.ENSP00000414066"
"EFEMP2","9606.ENSP00000309953"
"GLB1L","9606.ENSP00000295759"
"DYNLT3","9606.ENSP00000367841"
"FAS","9606.ENSP00000498466"
"FAM78B","9606.ENSP00000346404"
"A2M","9606.ENSP00000323929"
"L1CAM","9606.ENSP00000359077"
"PCDHB16","9606.ENSP00000477314"
"GGACT","9606.ENSP00000365426"
"RGPD2","9606.ENSP00000381214"
"SMPD3","9606.ENSP00000219334"
"TMEM198","9606.ENSP00000343507"
"GAA","9606.ENSP00000305692"
"SLC27A4","9606.ENSP00000300456"
"PPM1K","9606.ENSP00000477341"
"PIGB","9606.ENSP00000164305"
"GPHN","9606.ENSP00000417901"
"TIGD4","9606.ENSP00000355162"
"BNC2","9606.ENSP00000370047"
"SLC13A5","9606.ENSP00000406220"
"PLIN3","9606.ENSP00000221957"
"KDELR3","9606.ENSP00000386918"
"ZNF343","9606.ENSP00000482819"
"ATOH7","9606.ENSP00000362777"
"GABRG1","9606.ENSP00000295452"
"LANCL2","9606.ENSP00000254770"
"PRIM2","9606.ENSP00000484105"
"ZDHHC21","9606.ENSP00000370303"
"ARG2","9606.ENSP00000261783"
"DLX1","9606.ENSP00000354478"
"HJURP","9606.ENSP00000414109"
"FSD1","9606.ENSP00000221856"
"ADAM9","9606.ENSP00000419446"
"DENND5B","9606.ENSP00000444889"
"SNRPB","9606.ENSP00000412566"
"CX3CL1","9606.ENSP00000006053"
"EXTL1","9606.ENSP00000363398"
"IDH1","9606.ENSP00000390265"
"WWTR1","9606.ENSP00000419465"
"FAM169A","9606.ENSP00000373808"
"C4ORF47","9606.ENSP00000368127"
"GPD1L","9606.ENSP00000282541"
"SLC22A15","9606.ENSP00000358515"
"TGDS","9606.ENSP00000261296"
"MT1M","9606.ENSP00000369146"
"DDX11","9606.ENSP00000440402"
"ZNF19","9606.ENSP00000288177"
"LIMK2","9606.ENSP00000339916"
"P3H1","9606.ENSP00000236040"
"ZNF287","9606.ENSP00000379169"
"CCR5","9606.ENSP00000292303"
"HN1L","9606.ENSP00000248098"
"HN1L","9606.ENSP00000380559"
"CDK18","9606.ENSP00000423665"
"E2F8","9606.ENSP00000250024"
"BCL2L12","9606.ENSP00000482218"
"FXYD1","9606.ENSP00000481244"
"RFXAP","9606.ENSP00000255476"
"LRRC20","9606.ENSP00000348043"
"NBPF20","9606.ENSP00000479291"
"CDC20","9606.ENSP00000361540"
"CD248","9606.ENSP00000308117"
"CPVL","9606.ENSP00000387164"
"RAVER1","9606.ENSP00000482486"
"FSTL1","9606.ENSP00000295633"
"FSTL5","9606.ENSP00000305334"
"DCBLD2","9606.ENSP00000321573"
"ZHX2","9606.ENSP00000314709"
"EPB41L4B","9606.ENSP00000363694"
"KHNYN","9606.ENSP00000450799"
"LRRC1","9606.ENSP00000359925"
"NRXN1","9606.ENSP00000385142"
"EDNRA","9606.ENSP00000315011"
"GSDMB","9606.ENSP00000415049"
"TBC1D9","9606.ENSP00000411197"
"C10ORF35","9606.ENSP00000362376"
"CNTN3","9606.ENSP00000263665"
"SLC25A15","9606.ENSP00000342267"
"ZNF738","9606.ENSP00000311957"
"LIMA1","9606.ENSP00000378400"
"CXCL8","9606.ENSP00000306512"
"TRAPPC6B","9606.ENSP00000330289"
"SCRN2","9606.ENSP00000290216"
"FCGBP","9606.ENSP00000481056"
"MSANTD2","9606.ENSP00000364118"
"ARNTL","9606.ENSP00000384517"
"CEP152","9606.ENSP00000370337"
"VCPKMT","9606.ENSP00000379201"
"SCAMP2","9606.ENSP00000268099"
"TCEA3","9606.ENSP00000406293"
"LPAR4","9606.ENSP00000408205"
"ZNF585A","9606.ENSP00000292841"
"ERO1B","9606.ENSP00000346635"
"CHST2","9606.ENSP00000307911"
"SEPSECS","9606.ENSP00000371535"
"ENC1","9606.ENSP00000499185"
"GEN1","9606.ENSP00000370653"
"ZNF416","9606.ENSP00000196489"
"TESK2","9606.ENSP00000361158"
"PRKAA2","9606.ENSP00000360290"
"PM20D2","9606.ENSP00000275072"
"PABPC1L","9606.ENSP00000255136"
"DBN1","9606.ENSP00000377195"
"RFC3","9606.ENSP00000369411"
"CAPN3","9606.ENSP00000380349"
"NR1H3","9606.ENSP00000477707"
"TMA16","9606.ENSP00000351380"
"C8ORF46","9606.ENSP00000302260"
"SMN2","9606.ENSP00000370119"
"TBC1D32","9606.ENSP00000381270"
"SLFN11","9606.ENSP00000378067"
"XBP1","9606.ENSP00000216037"
"C6ORF1","9606.ENSP00000489784"
"RAB33A","9606.ENSP00000257017"
"IFFO2","9606.ENSP00000387941"
"VCAM1","9606.ENSP00000294728"
"TRIM59","9606.ENSP00000311219"
"GAB1","9606.ENSP00000262995"
"S100A11","9606.ENSP00000271638"
"SLC29A2","9606.ENSP00000440329"
"PPP1R9A","9606.ENSP00000405514"
"TMEM168","9606.ENSP00000323068"
"COL24A1","9606.ENSP00000359603"
"LMTK3","9606.ENSP00000270238"
"RUFY3","9606.ENSP00000370394"
"NECTIN2","9606.ENSP00000252483"
"PCDH9","9606.ENSP00000367096"
"KIAA0930","9606.ENSP00000251993"
"CBARP","9606.ENSP00000465260"
"FREM2","9606.ENSP00000280481"
"TP53I11","9606.ENSP00000436152"
"SLC2A4RG","9606.ENSP00000266077"
"ZNF665","9606.ENSP00000379702"
"STAU2","9606.ENSP00000428756"
"CROT","9606.ENSP00000413575"
"SPOCK1","9606.ENSP00000378401"
"GFOD2","9606.ENSP00000268797"
"SERPINE1","9606.ENSP00000223095"
"FAM155A","9606.ENSP00000365080"
"KIRREL","9606.ENSP00000352138"
"BCL2L11","9606.ENSP00000376943"
"CDT1","9606.ENSP00000301019"
"PLXNA2","9606.ENSP00000356000"
"RNF135","9606.ENSP00000328340"
"AURKB","9606.ENSP00000313950"
"KHK","9606.ENSP00000260599"
"ZBTB16","9606.ENSP00000338157"
"FAM149A","9606.ENSP00000227065"
"SCG5","9606.ENSP00000300175"
"AGMAT","9606.ENSP00000364986"
"LIG1","9606.ENSP00000263274"
"SDSL","9606.ENSP00000341117"
"CRYZ","9606.ENSP00000399805"
"RAB26","9606.ENSP00000210187"
"IFI35","9606.ENSP00000395590"
"FGF14","9606.ENSP00000365301"
"LOC81691","9606.ENSP00000261377"
"NUDT14","9606.ENSP00000376349"
"SEMA5B","9606.ENSP00000389588"
"LINC00998","9606.ENSP00000490095"
"ALDH1L2","9606.ENSP00000258494"
"CDKN3","9606.ENSP00000335357"
"LAMA2","9606.ENSP00000400365"
"SLC2A12","9606.ENSP00000275230"
"CDCA2","9606.ENSP00000328228"
"MXRA5","9606.ENSP00000217939"
"MGAT4C","9606.ENSP00000481096"
"RPP25","9606.ENSP00000317691"
"PLEKHA4","9606.ENSP00000263265"
"TRIM14","9606.ENSP00000344208"
"BAG2","9606.ENSP00000359727"
"DDX19B","9606.ENSP00000455813"
"MEST","9606.ENSP00000223215"
"ZDHHC14","9606.ENSP00000352821"
"RFC4","9606.ENSP00000376272"
"GATA2","9606.ENSP00000345681"
"UNC79","9606.ENSP00000256339"
"CHD3","9606.ENSP00000369716"
"PIP4K2C","9606.ENSP00000347032"
"N4BP2L1","9606.ENSP00000369473"
"ACTN2","9606.ENSP00000355537"
"NDE1","9606.ENSP00000379643"
"NES","9606.ENSP00000357206"
"LDOC1","9606.ENSP00000359557"
"PMM2","9606.ENSP00000268261"
"TRIM6","9606.ENSP00000369440"
"SPSB2","9606.ENSP00000428338"
"QSOX1","9606.ENSP00000356574"
"PPP1R10","9606.ENSP00000365694"
"C10ORF88","9606.ENSP00000419126"
"C2ORF81","9606.ENSP00000491941"
"MAP2","9606.ENSP00000353508"
"PCYOX1L","9606.ENSP00000274569"
"SESN1","9606.ENSP00000393762"
"TMEM216","9606.ENSP00000334844"
"PDXK","9606.ENSP00000291565"
"MLLT11","9606.ENSP00000357917"
"CTDSP1","9606.ENSP00000273062"
"PLEKHG4","9606.ENSP00000353646"
"CDC42","9606.ENSP00000497733"
"ABCA7","9606.ENSP00000263094"
"LRRTM2","9606.ENSP00000274711"
"PYGO1","9606.ENSP00000302327"
"AQP11","9606.ENSP00000318770"
"HYLS1","9606.ENSP00000414884"
"NAA40","9606.ENSP00000367024"
"SEC61A2","9606.ENSP00000298428"
"TSPAN7","9606.ENSP00000367743"
"PTPRD","9606.ENSP00000370593"
"SIPA1L1","9606.ENSP00000450832"
"ZNF219","9606.ENSP00000354206"
"SKP2","9606.ENSP00000274255"
"HECW2","9606.ENSP00000260983"
"LACTB2","9606.ENSP00000276590"
"PTTG1","9606.ENSP00000377536"
"C8ORF37","9606.ENSP00000286688"
"TCERG1L","9606.ENSP00000357631"
"TLN1","9606.ENSP00000316029"
"SEPT3","9606.ENSP00000494051"
"CLVS1","9606.ENSP00000428402"
"CD44","9606.ENSP00000398632"
"APAF1","9606.ENSP00000448165"
"PCBD2","9606.ENSP00000421544"
"FAM129B","9606.ENSP00000362409"
"GLRB","9606.ENSP00000264428"
"PDLIM1","9606.ENSP00000360305"
"ITCH","9606.ENSP00000499786"
"GPR3","9606.ENSP00000363136"
"MYCN","9606.ENSP00000281043"
"ANKH","9606.ENSP00000284268"
"RPGRIP1L","9606.ENSP00000493946"
"ZNF155","9606.ENSP00000385163"
"PPP4R3A","9606.ENSP00000450864"
"LYPLA1","9606.ENSP00000320043"
"LRRC28","9606.ENSP00000304923"
"FAM122C","9606.ENSP00000359820"
"KCNN2","9606.ENSP00000264773"
"SS18L1","9606.ENSP00000333012"
"MAP4K2","9606.ENSP00000294066"
"PLBD1","9606.ENSP00000240617"
"SPC25","9606.ENSP00000282074"
"LOC101927057","9606.ENSP00000247271"
"KALRN","9606.ENSP00000240874"
"CDKAL1","9606.ENSP00000274695"
"ZNF334","9606.ENSP00000473194"
"RBM4B","9606.ENSP00000433071"
"CALR","9606.ENSP00000320866"
"SHROOM1","9606.ENSP00000367950"
"KCNQ5","9606.ENSP00000345055"
"FKBP10","9606.ENSP00000317232"
"KBTBD11","9606.ENSP00000321544"
"TYRO3","9606.ENSP00000263798"
"PRKAR2B","9606.ENSP00000265717"
"THBS3","9606.ENSP00000357362"
"ZNF844","9606.ENSP00000392024"
"BRIP1","9606.ENSP00000259008"
"POGLUT1","9606.ENSP00000295588"
"SH2D3C","9606.ENSP00000317817"
"CHST1","9606.ENSP00000309270"
"PRR36","9606.ENSP00000482374"
"EVC","9606.ENSP00000264956"
"PLP1","9606.ENSP00000481006"
"BTN3A1","9606.ENSP00000289361"
"SATB1","9606.ENSP00000399518"
"S100A10","9606.ENSP00000357801"
"IFIH1","9606.ENSP00000497271"
"CPNE5","9606.ENSP00000244751"
"ZC3H7B","9606.ENSP00000345793"
"HEATR5A","9606.ENSP00000437968"
"ZNF473","9606.ENSP00000472808"
"MEX3A","9606.ENSP00000432845"
"CALML4","9606.ENSP00000419081"
"RASGEF1C","9606.ENSP00000377037"
"PPP1R1A","9606.ENSP00000257905"
"CLEC2B","9606.ENSP00000228438"
"CD58","9606.ENSP00000358501"
"FRRS1L","9606.ENSP00000477141"
"ARL15","9606.ENSP00000433427"
"ZSCAN16","9606.ENSP00000366527"
"GABRA5","9606.ENSP00000382953"
"ANKDD1A","9606.ENSP00000325895"
"FAT2","9606.ENSP00000261800"
"DIAPH3","9606.ENSP00000383178"
"GTF2IRD1","9606.ENSP00000397566"
"ADAMTS6","9606.ENSP00000370443"
"CCDC88C","9606.ENSP00000374507"
"PCDH8","9606.ENSP00000367177"
"RNF175","9606.ENSP00000340979"
"OCLN","9606.ENSP00000347379"
"EMCN","9606.ENSP00000296420"
"ADGRL4","9606.ENSP00000359778"
"COL4A6","9606.ENSP00000378340"
"DDX31","9606.ENSP00000361232"
"HOXC4","9606.ENSP00000399808"
"FAM216A","9606.ENSP00000366901"
"PLPPR4","9606.ENSP00000359204"
"FGF9","9606.ENSP00000371790"
"ZNF608","9606.ENSP00000307746"
"ST5","9606.ENSP00000433528"
"MFSD13A","9606.ENSP00000238936"
"GNL3L","9606.ENSP00000354091"
"ABLIM3","9606.ENSP00000425394"
"BHLHE22","9606.ENSP00000318799"
"EML4","9606.ENSP00000320663"
"ATCAY","9606.ENSP00000390941"
"ARHGEF3","9606.ENSP00000341071"
"SP100","9606.ENSP00000343023"
"NIT2","9606.ENSP00000377696"
"HLA-B","9606.ENSP00000399168"
"EFCAB11","9606.ENSP00000326267"
"ACOT9","9606.ENSP00000368605"
"INPP4B","9606.ENSP00000422793"
"C2CD4C","9606.ENSP00000328677"
"H2AFJ","9606.ENSP00000438553"
"ATAD2","9606.ENSP00000287394"
"CRISPLD1","9606.ENSP00000262207"
"SLC4A7","9606.ENSP00000390394"
"PDK4","9606.ENSP00000005178"
"SIGIRR","9606.ENSP00000403104"
"SLC7A8","9606.ENSP00000320378"
"ABCC1","9606.ENSP00000382342"
"NLRC5","9606.ENSP00000262510"
"BRICD5","9606.ENSP00000332389"
"PRKX","9606.ENSP00000262848"
"WDR90","9606.ENSP00000293879"
"ADCY9","9606.ENSP00000294016"
"TIFA","9606.ENSP00000354911"
"P3H2","9606.ENSP00000316881"
"SLC4A5","9606.ENSP00000251768"
"STH","9606.ENSP00000443168"
"ITGB8","9606.ENSP00000222573"
"CCDC138","9606.ENSP00000295124"
"APBA2","9606.ENSP00000453293"
"MCM10","9606.ENSP00000418268"
"GALT","9606.ENSP00000368119"
"TOM1L1","9606.ENSP00000460823"
"ME1","9606.ENSP00000358719"
"IMPACT","9606.ENSP00000284202"
"PIFO","9606.ENSP00000358753"
"PMAIP1","9606.ENSP00000326119"
"SHISA6","9606.ENSP00000390084"
"TBC1D24","9606.ENSP00000494678"
"SHMT2","9606.ENSP00000333667"
"TAF1B","9606.ENSP00000263663"
"MALT1","9606.ENSP00000497997"
"TTBK1","9606.ENSP00000259750"
"GON7","9606.ENSP00000306320"
"SUMF1","9606.ENSP00000272902"
"NAMPT","9606.ENSP00000222553"
"ABCD2","9606.ENSP00000310688"
"LAMB2","9606.ENSP00000307156"
"SIAH3","9606.ENSP00000383256"
"SP110","9606.ENSP00000258381"
"SERPINA3","9606.ENSP00000450540"
"LITAF","9606.ENSP00000459533"
"TFPI","9606.ENSP00000233156"
"FAM69B","9606.ENSP00000360757"
"CFAP44","9606.ENSP00000377428"
"NEMP1","9606.ENSP00000300128"
"BMP2","9606.ENSP00000368104"
"NPHP1","9606.ENSP00000313169"
"CYTIP","9606.ENSP00000264192"
"LAMA1","9606.ENSP00000374309"
"CNPPD1","9606.ENSP00000386277"
"RGS2","9606.ENSP00000235382"
"SGK494","9606.ENSP00000301037"
"CDH10","9606.ENSP00000264463"
"TGFB1","9606.ENSP00000221930"
"HES1","9606.ENSP00000232424"
"IRF1","9606.ENSP00000245414"
"L3HYPDH","9606.ENSP00000247194"
"LGI1","9606.ENSP00000360472"
"IQGAP3","9606.ENSP00000354451"
"SERINC5","9606.ENSP00000426237"
"AFDN","9606.ENSP00000355771"
"ANO5","9606.ENSP00000315371"
"SMC2","9606.ENSP00000286398"
"PPP2R5A","9606.ENSP00000261461"
"CELSR3","9606.ENSP00000164024"
"SPAG16","9606.ENSP00000332592"
"MAP7","9606.ENSP00000482335"
"ZNF132","9606.ENSP00000254166"
"GBP2","9606.ENSP00000359497"
"EME2","9606.ENSP00000457353"
"SPPL2B","9606.ENSP00000478298"
"CRIP2","9606.ENSP00000426119"
"TUFT1","9606.ENSP00000357842"
"SCARF2","9606.ENSP00000485276"
"C1R","9606.ENSP00000444271"
"SULT1A1","9606.ENSP00000378972"
"NALCN","9606.ENSP00000251127"
"SLC15A3","9606.ENSP00000227880"
"ZNF662","9606.ENSP00000329264"
"APPL2","9606.ENSP00000446917"
"ASPA","9606.ENSP00000263080"
"GPSM2","9606.ENSP00000385510"
"GDA","9606.ENSP00000238018"
"SPATA17","9606.ENSP00000355900"
"LMNB2","9606.ENSP00000327054"
"PYGL","9606.ENSP00000216392"
"KCNK10","9606.ENSP00000312811"
"GJB1","9606.ENSP00000354900"
"CCDC177","9606.ENSP00000469474"
"CHEK2","9606.ENSP00000372023"
"SPTAN1","9606.ENSP00000487444"
"TAF7L","9606.ENSP00000361998"
"TMEM229B","9606.ENSP00000350050"
"CDK16","9606.ENSP00000276052"
"FRMD4B","9606.ENSP00000381549"
"CCDC102B","9606.ENSP00000353377"
"TTC25","9606.ENSP00000478589"
"SLITRK3","9606.ENSP00000420091"
"TP53INP2","9606.ENSP00000363943"
"CCDC146","9606.ENSP00000285871"
"MYOF","9606.ENSP00000352208"
"SELM","9606.ENSP00000384564"
"SLC1A1","9606.ENSP00000262352"
"CADPS","9606.ENSP00000373215"
"HHIP","9606.ENSP00000296575"
"GOLIM4","9606.ENSP00000417354"
"RNF112","9606.ENSP00000454919"
"KIAA0922","9606.ENSP00000386787"
"MAPKAPK3","9606.ENSP00000396467"
"ZNF235","9606.ENSP00000291182"
"NR4A3","9606.ENSP00000482027"
"CORO1A","9606.ENSP00000219150"
"ZNF880","9606.ENSP00000406318"
"HENMT1","9606.ENSP00000359049"
"CTSC","9606.ENSP00000227266"
"GBP3","9606.ENSP00000359512"
"PBX3","9606.ENSP00000362588"
"PUM3","9606.ENSP00000380982"
"SLC2A14","9606.ENSP00000445929"
"PLK4","9606.ENSP00000270861"
"SLC16A1","9606.ENSP00000441065"
"PEMT","9606.ENSP00000255389"
"PAQR6","9606.ENSP00000338330"
"CMTM4","9606.ENSP00000333833"
"OLFML3","9606.ENSP00000322273"
"ANGPT1","9606.ENSP00000428340"
"FAM19A5","9606.ENSP00000383933"
"CSPG4","9606.ENSP00000312506"
"PLCH2","9606.ENSP00000367747"
"MXD1","9606.ENSP00000264444"
"ROBO2","9606.ENSP00000417335"
"FAM72A","9606.ENSP00000356096"
"SYNE1","9606.ENSP00000356224"
"ACVR2A","9606.ENSP00000241416"
"NACAD","9606.ENSP00000420477"
"HERC5","9606.ENSP00000264350"
"RPS6KA2","9606.ENSP00000422435"
"ST8SIA5","9606.ENSP00000445492"
"FKBP7","9606.ENSP00000413152"
"FAM57B","9606.ENSP00000369863"
"LY6E","9606.ENSP00000428572"
"PALMD","9606.ENSP00000263174"
"EPB41L3","9606.ENSP00000343158"
"SNTA1","9606.ENSP00000217381"
"MOCS1","9606.ENSP00000344794"
"PIK3C2B","9606.ENSP00000356155"
"PHACTR1","9606.ENSP00000329880"
"CTSF","9606.ENSP00000310832"
"CAV1","9606.ENSP00000339191"
"NELL2","9606.ENSP00000416341"
"P2RX5","9606.ENSP00000225328"
"HS1BP3","9606.ENSP00000305193"
"RARRES1","9606.ENSP00000237696"
"PRRX1","9606.ENSP00000239461"
"CNP","9606.ENSP00000377470"
"CEP126","9606.ENSP00000263468"
"TCEAL2","9606.ENSP00000361866"
"SIRPA","9606.ENSP00000478763"
"LPXN","9606.ENSP00000431284"
"ZNF628","9606.ENSP00000469591"
"COTL1","9606.ENSP00000262428"
"MXRA8","9606.ENSP00000399229"
"FAM107A","9606.ENSP00000419124"
"HMCN1","9606.ENSP00000271588"
"RAB27A","9606.ENSP00000379601"
"NPIPB15","9606.ENSP00000411140"
"KCTD17","9606.ENSP00000385096"
"ERO1A","9606.ENSP00000379042"
"GRIA4","9606.ENSP00000282499"
"SULT1C4","9606.ENSP00000272452"
"ADAT3","9606.ENSP00000332448"
"PXK","9606.ENSP00000348472"
"FAM84B","9606.ENSP00000302578"
"PTPDC1","9606.ENSP00000477817"
"HSPA12B","9606.ENSP00000254963"
"ECSCR","9606.ENSP00000479243"
"CDCA8","9606.ENSP00000362146"
"DHCR24","9606.ENSP00000360316"
"PPIC","9606.ENSP00000303057"
"SLCO2A1","9606.ENSP00000311291"
"PRRG1","9606.ENSP00000444278"
"SLC24A3","9606.ENSP00000333519"
"TUBB6","9606.ENSP00000318697"
"CDK6","9606.ENSP00000265734"
"ZFP69","9606.ENSP00000361791"
"NINJ2","9606.ENSP00000499548"
"ABCA2","9606.ENSP00000344155"
"ZNF823","9606.ENSP00000340683"
"CHST9","9606.ENSP00000480991"
"PCDH19","9606.ENSP00000362125"
"PFKFB4","9606.ENSP00000232375"
"MGP","9606.ENSP00000228938"
"HOPX","9606.ENSP00000450527"
"DDIAS","9606.ENSP00000435421"
"PROM1","9606.ENSP00000426809"
"GABRA6","9606.ENSP00000274545"
"C8ORF76","9606.ENSP00000276704"
"CENPM","9606.ENSP00000215980"
"NEUROD2","9606.ENSP00000306754"
"C7ORF31","9606.ENSP00000283905"
"G2E3","9606.ENSP00000206595"
"CRABP1","9606.ENSP00000299529"
"SNX10","9606.ENSP00000395474"
"C1ORF204","9606.ENSP00000357080"
"TPCN1","9606.ENSP00000448083"
"CADM2","9606.ENSP00000384193"
"FOXP1","9606.ENSP00000484803"
"CPNE4","9606.ENSP00000478878"
"PLD3","9606.ENSP00000387050"
"EVI5L","9606.ENSP00000445905"
"ERCC6L","9606.ENSP00000334675"
"LRBA","9606.ENSP00000349629"
"GLIPR2","9606.ENSP00000367196"
"HMGCLL1","9606.ENSP00000381654"
"TRIP6","9606.ENSP00000200457"
"BCR","9606.ENSP00000303507"
"CD84","9606.ENSP00000312367"
"ZIK1","9606.ENSP00000472867"
"TMEM220","9606.ENSP00000339830"
"LURAP1L","9606.ENSP00000321026"
"ARAP1","9606.ENSP00000377233"
"TRIM24","9606.ENSP00000340507"
"TNFRSF11B","9606.ENSP00000297350"
"C10ORF2","9606.ENSP00000432279"
"C10ORF2","9606.ENSP00000309595"
"STMN1","9606.ENSP00000410452"
"ZNF385D","9606.ENSP00000281523"
"WDR78","9606.ENSP00000360065"
"FILIP1L","9606.ENSP00000346560"
"TOX2","9606.ENSP00000344724"
"EIF4E3","9606.ENSP00000393324"
"PRUNE2","9606.ENSP00000365908"
"PCDH18","9606.ENSP00000355082"
"SPHK1","9606.ENSP00000313681"
"VIT","9606.ENSP00000368544"
"EVC2","9606.ENSP00000342144"
"ABHD6","9606.ENSP00000295962"
"MYRF","9606.ENSP00000278836"
"RGS18","9606.ENSP00000356430"
"ITPKC","9606.ENSP00000263370"
"ZIC1","9606.ENSP00000282928"
"PDLIM7","9606.ENSP00000348099"
"RDH10","9606.ENSP00000240285"
"MTCL1","9606.ENSP00000352927"
"BTBD19","9606.ENSP00000395461"
"CPS1","9606.ENSP00000402608"
"CSPP1","9606.ENSP00000262210"
"NMT2","9606.ENSP00000367407"
"DRG2","9606.ENSP00000225729"
"MMRN1","9606.ENSP00000378431"
"EMX2","9606.ENSP00000450962"
"APITD1-CORT","9606.ENSP00000383692"
"APITD1-CORT","9606.ENSP00000308583"
"LRRC34","9606.ENSP00000414635"
"DTX4","9606.ENSP00000227451"
"SHC2","9606.ENSP00000264554"
"CPNE2","9606.ENSP00000290776"
"FAM174B","9606.ENSP00000329040"
"SLC29A1","9606.ENSP00000498610"
"TMEM35A","9606.ENSP00000362021"
"IAH1","9606.ENSP00000417580"
"HFM1","9606.ENSP00000359454"
"TYW3","9606.ENSP00000359904"
"STS","9606.ENSP00000217961"
"C7ORF57","9606.ENSP00000335500"
"ID3","9606.ENSP00000363689"
"ARL4A","9606.ENSP00000379898"
"ADPRH","9606.ENSP00000420200"
"BEX1","9606.ENSP00000361813"
"CTNNA2","9606.ENSP00000384638"
"APCDD1","9606.ENSP00000347433"
"ULK4","9606.ENSP00000301831"
"MAP3K1","9606.ENSP00000382423"
"PPM1J","9606.ENSP00000308926"
"TMEM98","9606.ENSP00000463245"
"MDFIC","9606.ENSP00000257724"
"NFIA","9606.ENSP00000360231"
"SCUBE3","9606.ENSP00000274938"
"POLG2","9606.ENSP00000442563"
"TMEM64","9606.ENSP00000414786"
"ADGRE5","9606.ENSP00000242786"
"LRRN4CL","9606.ENSP00000325808"
"GALNT3","9606.ENSP00000376465"
"EFNA3","9606.ENSP00000357393"
"TCEAL7","9606.ENSP00000329794"
"PTGR2","9606.ENSP00000452280"
"COL6A3","9606.ENSP00000295550"
"STC2","9606.ENSP00000265087"
"GPR65","9606.ENSP00000267549"
"IKZF1","9606.ENSP00000331614"
"C2ORF80","9606.ENSP00000343171"
"GCK","9606.ENSP00000223366"
"RIDA","9606.ENSP00000254878"
"ALG14","9606.ENSP00000359224"
"TK1","9606.ENSP00000468425"
"GNAL","9606.ENSP00000334051"
"SERPINA5","9606.ENSP00000333203"
"PALM","9606.ENSP00000341911"
"HES6","9606.ENSP00000272937"
"PLPPR5","9606.ENSP00000263177"
"ZNF324","9606.ENSP00000444812"
"EID2B","9606.ENSP00000317564"
"RACGAP1","9606.ENSP00000404190"
"GDPD1","9606.ENSP00000284116"
"DPP6","9606.ENSP00000367001"
"OSGIN2","9606.ENSP00000396445"
"IRX1","9606.ENSP00000305244"
"SOCS7","9606.ENSP00000499750"
"CTH","9606.ENSP00000359976"
"SERPINB1","9606.ENSP00000370115"
"FOXJ1","9606.ENSP00000323880"
"GYPC","9606.ENSP00000259254"
"CSTA","9606.ENSP00000264474"
"SLC31A2","9606.ENSP00000259392"
"NUP62CL","9606.ENSP00000361544"
"ANG","9606.ENSP00000336762"
"RAB42","9606.ENSP00000491546"
"ST6GAL1","9606.ENSP00000169298"
"BORCS8","9606.ENSP00000425864"
"IGFBP1","9606.ENSP00000275525"
"ULK1","9606.ENSP00000324560"
"SIX5","9606.ENSP00000316842"
"TMEM221","9606.ENSP00000342162"
"DRC3","9606.ENSP00000382140"
"CTSK","9606.ENSP00000271651"
"SDC4","9606.ENSP00000361818"
"TMED4","9606.ENSP00000404042"
"MCM8","9606.ENSP00000368164"
"TAGAP","9606.ENSP00000356033"
"ITGA1","9606.ENSP00000282588"
"LINGO1","9606.ENSP00000347451"
"EMP1","9606.ENSP00000256951"
"ECT2","9606.ENSP00000376457"
"TMEM231","9606.ENSP00000258173"
"OAS1","9606.ENSP00000388001"
"RGS17","9606.ENSP00000206262"
"CD99","9606.ENSP00000370588"
"RPS6KA6","9606.ENSP00000262752"
"MAP1LC3C","9606.ENSP00000349785"
"CRTAM","9606.ENSP00000227348"
"USP9Y","9606.ENSP00000342812"
"SMAP2","9606.ENSP00000361803"
"STK32B","9606.ENSP00000282908"
"ROR2","9606.ENSP00000364860"
"LIF","9606.ENSP00000249075"
"IL17RA","9606.ENSP00000320936"
"ICAM1","9606.ENSP00000264832"
"FRMD6","9606.ENSP00000343899"
"AOX1","9606.ENSP00000363832"
"NPAS2","9606.ENSP00000338283"
"DHX38","9606.ENSP00000268482"
"EMILIN3","9606.ENSP00000332806"
"CCND1","9606.ENSP00000227507"
"ABCC3","9606.ENSP00000285238"
"EML3","9606.ENSP00000434513"
"NCKAP1L","9606.ENSP00000293373"
"IGSF10","9606.ENSP00000282466"
"LATS2","9606.ENSP00000372035"
"LRRC17","9606.ENSP00000344242"
"FAM46A","9606.ENSP00000318298"
"TRPC3","9606.ENSP00000368966"
"TMEM35B","9606.ENSP00000362435"
"PHLDA1","9606.ENSP00000266671"
"FGFBP3","9606.ENSP00000339067"
"EFHB","9606.ENSP00000295824"
"PRIM1","9606.ENSP00000350491"
"C15ORF65","9606.ENSP00000456337"
"RTP4","9606.ENSP00000259030"
"SPTLC2","9606.ENSP00000216484"
"KCNQ4","9606.ENSP00000262916"
"RSAD2","9606.ENSP00000371471"
"IGSF6","9606.ENSP00000268389"
"COL18A1","9606.ENSP00000352798"
"MARVELD2","9606.ENSP00000323264"
"POSTN","9606.ENSP00000369071"
"SYNJ2","9606.ENSP00000347792"
"SERPINB6","9606.ENSP00000484343"
"NOTCH1","9606.ENSP00000498587"
"CKAP2L","9606.ENSP00000305204"
"ALG6","9606.ENSP00000263440"
"SLC12A7","9606.ENSP00000264930"
"ITPRIPL2","9606.ENSP00000370849"
"ZFR2","9606.ENSP00000262961"
"MOK","9606.ENSP00000355304"
"SORCS2","9606.ENSP00000422185"
"PRSS23","9606.ENSP00000280258"
"COL8A2","9606.ENSP00000380901"
"RAC2","9606.ENSP00000249071"
"KDM5D","9606.ENSP00000322408"
"PCSK1","9606.ENSP00000308024"
"MTMR11","9606.ENSP00000391668"
"PLXNA4","9606.ENSP00000352882"
"NDRG2","9606.ENSP00000451712"
"IFT74","9606.ENSP00000404122"
"RTTN","9606.ENSP00000491507"
"RHOC","9606.ENSP00000285735"
"FDXR","9606.ENSP00000416515"
"MR1","9606.ENSP00000477563"
"PSMC3IP","9606.ENSP00000377384"
"FBXO2","9606.ENSP00000346240"
"ASF1B","9606.ENSP00000263382"
"CHRM3","9606.ENSP00000255380"
"SHC3","9606.ENSP00000364995"
"C12ORF60","9606.ENSP00000331691"
"IP6K3","9606.ENSP00000293756"
"VAX2","9606.ENSP00000234392"
"FERMT1","9606.ENSP00000217289"
"TSPAN13","9606.ENSP00000262067"
"RCSD1","9606.ENSP00000356828"
"KDR","9606.ENSP00000263923"
"ITGA2","9606.ENSP00000296585"
"DAAM2","9606.ENSP00000381876"
"TANC2","9606.ENSP00000387593"
"KCNE4","9606.ENSP00000281830"
"RNF150","9606.ENSP00000425840"
"PCOLCE2","9606.ENSP00000295992"
"CASP1","9606.ENSP00000433138"
"CTSO","9606.ENSP00000414904"
"COL5A2","9606.ENSP00000364000"
"SLC38A5","9606.ENSP00000471683"
"KCNJ8","9606.ENSP00000499300"
"CELSR1","9606.ENSP00000262738"
"PTCHD1","9606.ENSP00000368666"
"CD109","9606.ENSP00000287097"
"TNFRSF12A","9606.ENSP00000326737"
"SPSB1","9606.ENSP00000330221"
"GTF2I","9606.ENSP00000460070"
"MDFI","9606.ENSP00000230321"
"PDGFC","9606.ENSP00000422464"
"TENM1","9606.ENSP00000403954"
"RNASE2","9606.ENSP00000303276"
"DDB2","9606.ENSP00000256996"
"INTS6","9606.ENSP00000310260"
"TCF7L1","9606.ENSP00000282111"
"PDAP1","9606.ENSP00000222968"
"GPIHBP1","9606.ENSP00000480053"
"HACD4","9606.ENSP00000419503"
"PPP1R12B","9606.ENSP00000375821"
"ARL6","9606.ENSP00000419619"
"EXO1","9606.ENSP00000355506"
"WDR76","9606.ENSP00000263795"
"GPR19","9606.ENSP00000498976"
"METTL2B","9606.ENSP00000262432"
"DAB1","9606.ENSP00000360280"
"VAMP8","9606.ENSP00000263864"
"SNX20","9606.ENSP00000332062"
"SIDT1","9606.ENSP00000377416"
"CHODL","9606.ENSP00000299295"
"MYO7A","9606.ENSP00000386331"
"CDH13","9606.ENSP00000268613"
"AASS","9606.ENSP00000403768"
"OXR1","9606.ENSP00000405424"
"IGF1","9606.ENSP00000376637"
"LUM","9606.ENSP00000266718"
"FAM24B","9606.ENSP00000357894"
"FBXO31","9606.ENSP00000310841"
"SYTL4","9606.ENSP00000362080"
"NR2E1","9606.ENSP00000357979"
"NPHP4","9606.ENSP00000367398"
"C16ORF87","9606.ENSP00000285697"
"SETD9","9606.ENSP00000285947"
"KLHDC3","9606.ENSP00000313995"
"ATRIP","9606.ENSP00000323099"
"HLA-F","9606.ENSP00000259951"
"PPP1R3D","9606.ENSP00000360035"
"FAXC","9606.ENSP00000374328"
"LIMCH1","9606.ENSP00000425631"
"CLEC18A","9606.ENSP00000484176"
"ACTA2","9606.ENSP00000224784"
"ABHD14A","9606.ENSP00000273596"
"COL22A1","9606.ENSP00000303153"
"WIF1","9606.ENSP00000286574"
"PTPRB","9606.ENSP00000334928"
"PDE1C","9606.ENSP00000379496"
"ALDH2","9606.ENSP00000261733"
"WFDC1","9606.ENSP00000456920"
"NMNAT3","9606.ENSP00000495112"
"FBLL1","9606.ENSP00000473383"
"PLAU","9606.ENSP00000361850"
"EPDR1","9606.ENSP00000199448"
"CPEB3","9606.ENSP00000265997"
"ABHD4","9606.ENSP00000414558"
"ZNF93","9606.ENSP00000342002"
"IGSF21","9606.ENSP00000251296"
"DHRS11","9606.ENSP00000482704"
"MAK","9606.ENSP00000346484"
"LRRC4","9606.ENSP00000249363"
"SNRNP40","9606.ENSP00000263694"
"SORL1","9606.ENSP00000260197"
"BICD1","9606.ENSP00000498700"
"KIF7","9606.ENSP00000377934"
"SBK1","9606.ENSP00000343248"
"TEX26","9606.ENSP00000369840"
"NCKAP5L","9606.ENSP00000337998"
"CLUL1","9606.ENSP00000441726"
"RPGR","9606.ENSP00000495537"
"IQCH","9606.ENSP00000336861"
"ASNS","9606.ENSP00000377845"
"DCDC5","9606.ENSP00000385936"
"C1ORF106","9606.ENSP00000392105"
"PTGFRN","9606.ENSP00000376899"
"HS6ST2","9606.ENSP00000429473"
"CARHSP1","9606.ENSP00000379838"
"COL8A1","9606.ENSP00000261037"
"GMCL1P1","9606.ENSP00000497178"
"PCYT2","9606.ENSP00000442050"
"NLGN4Y","9606.ENSP00000348169"
"GRIK2","9606.ENSP00000397026"
"IGSF9","9606.ENSP00000357073"
"S100A2","9606.ENSP00000499289"
"LDHD","9606.ENSP00000300051"
"CENPE","9606.ENSP00000265148"
"HMOX1","9606.ENSP00000216117"
"THAP9","9606.ENSP00000305533"
"KIAA1211L","9606.ENSP00000380996"
"UNC93B1","9606.ENSP00000227471"
"LMO2","9606.ENSP00000257818"
"SLC7A7","9606.ENSP00000380666"
"EPHA7","9606.ENSP00000358309"
"FGF1","9606.ENSP00000480791"
"GGH","9606.ENSP00000260118"
"HINT3","9606.ENSP00000229633"
"RET","9606.ENSP00000347942"
"SPECC1","9606.ENSP00000261503"
"EFHD2","9606.ENSP00000365147"
"ZNF687","9606.ENSP00000319829"
"CDON","9606.ENSP00000376458"
"KLHL35","9606.ENSP00000438526"
"PHEX","9606.ENSP00000368682"
"CFB","9606.ENSP00000416561"
"MIS18BP1","9606.ENSP00000309790"
"PIH1D2","9606.ENSP00000280350"
"PHTF1","9606.ENSP00000358617"
"ANGPT2","9606.ENSP00000314897"
"CENPW","9606.ENSP00000357308"
"CA3","9606.ENSP00000285381"
"SLC35G1","9606.ENSP00000400932"
"PLOD2","9606.ENSP00000282903"
"FREM1","9606.ENSP00000412940"
"PLVAP","9606.ENSP00000252590"
"LPP","9606.ENSP00000491657"
"CYTL1","9606.ENSP00000303550"
"LRRK1","9606.ENSP00000373600"
"MASTL","9606.ENSP00000365107"
"RAB9B","9606.ENSP00000243298"
"PARPBP","9606.ENSP00000440850"
"GDF15","9606.ENSP00000252809"
"KCNS3","9606.ENSP00000385968"
"RBM4","9606.ENSP00000386894"
"DYRK2","9606.ENSP00000342105"
"KIF22","9606.ENSP00000160827"
"FAM69A","9606.ENSP00000359333"
"GRIA2","9606.ENSP00000296526"
"PDE5A","9606.ENSP00000347046"
"ZC3HAV1","9606.ENSP00000242351"
"IRX5","9606.ENSP00000378132"
"HBA2","9606.ENSP00000251595"
"UFL1","9606.ENSP00000358283"
"RHOJ","9606.ENSP00000316729"
"KIAA0040","9606.ENSP00000462172"
"IGSF5","9606.ENSP00000369962"
"CA10","9606.ENSP00000405388"
"GLUD1","9606.ENSP00000277865"
"MAPK8","9606.ENSP00000378974"
"ABHD15","9606.ENSP00000302657"
"CFAP69","9606.ENSP00000373948"
"NEK11","9606.ENSP00000372857"
"SLC6A11","9606.ENSP00000254488"
"ESM1","9606.ENSP00000370812"
"ATF7IP2","9606.ENSP00000379808"
"MTHFD2","9606.ENSP00000377617"
"ODF3B","9606.ENSP00000382804"
"NBEA","9606.ENSP00000383295"
"RAD54B","9606.ENSP00000336606"
"CLDN10","9606.ENSP00000299339"
"BVES","9606.ENSP00000313172"
"IQCG","9606.ENSP00000265239"
"PARM1","9606.ENSP00000370224"
"CD48","9606.ENSP00000484431"
"IL18","9606.ENSP00000280357"
"GIMAP7","9606.ENSP00000315474"
"EYA2","9606.ENSP00000333640"
"GPC2","9606.ENSP00000292377"
"ZNF804A","9606.ENSP00000303252"
"C1RL","9606.ENSP00000266542"
"AIM2","9606.ENSP00000357112"
"ERBB2","9606.ENSP00000269571"
"SSTR2","9606.ENSP00000350198"
"ROR1","9606.ENSP00000360120"
"NIPAL2","9606.ENSP00000407087"
"ISG20","9606.ENSP00000306565"
"ART3","9606.ENSP00000348064"
"CTNND2","9606.ENSP00000307134"
"CD9","9606.ENSP00000371958"
"RUNX1T1","9606.ENSP00000402257"
"EML6","9606.ENSP00000348842"
"PYCR1","9606.ENSP00000384949"
"PLAUR","9606.ENSP00000339328"
"TMEM27","9606.ENSP00000369699"
"EVI2A","9606.ENSP00000247270"
"MECOM","9606.ENSP00000264674"
"BRPF3","9606.ENSP00000350267"
"TF","9606.ENSP00000385834"
"GNAI1","9606.ENSP00000497260"
"HLA-DQA1","9606.ENSP00000339398"
"GRIA3","9606.ENSP00000481554"
"HLA-DPA1","9606.ENSP00000393566"
"SRSF3","9606.ENSP00000362820"
"WDR49","9606.ENSP00000311343"
"SEC24D","9606.ENSP00000280551"
"KLHL29","9606.ENSP00000420659"
"MBOAT1","9606.ENSP00000324944"
"MMP9","9606.ENSP00000361405"
"SPOCD1","9606.ENSP00000353670"
"CHST3","9606.ENSP00000362207"
"FNBP1L","9606.ENSP00000271234"
"IL1RAP","9606.ENSP00000314807"
"PHKG1","9606.ENSP00000445440"
"ELAVL3","9606.ENSP00000352162"
"EVI2B","9606.ENSP00000333779"
"PRKD1","9606.ENSP00000390535"
"PIK3AP1","9606.ENSP00000339826"
"PTH1R","9606.ENSP00000402723"
"ZNF91","9606.ENSP00000300619"
"CCDC3","9606.ENSP00000368102"
"FST","9606.ENSP00000256759"
"IGFBP4","9606.ENSP00000269593"
"HBB","9606.ENSP00000494175"
"LRRC55","9606.ENSP00000498533"
"CRTAC1","9606.ENSP00000359629"
"GNA14","9606.ENSP00000365807"
"PDE7B","9606.ENSP00000310661"
"CACNA2D1","9606.ENSP00000349320"
"PEX11A","9606.ENSP00000300056"
"AIM1","9606.ENSP00000313950"
"AIM1","9606.ENSP00000296589"
"AIM1","9606.ENSP00000358062"
"SOX5","9606.ENSP00000398273"
"CLEC14A","9606.ENSP00000353013"
"ACADL","9606.ENSP00000233710"
"WHRN","9606.ENSP00000354623"
"SIRT6","9606.ENSP00000337332"
"OCIAD2","9606.ENSP00000423014"
"LRP10","9606.ENSP00000352601"
"ITGA5","9606.ENSP00000293379"
"STARD4","9606.ENSP00000296632"
"GDAP1L1","9606.ENSP00000440498"
"ABR","9606.ENSP00000303909"
"CASP4","9606.ENSP00000388566"
"YBEY","9606.ENSP00000329614"
"DPP10","9606.ENSP00000376855"
"C1GALT1C1L","9606.ENSP00000489061"
"CCDC89","9606.ENSP00000320649"
"RGCC","9606.ENSP00000368664"
"LIMK1","9606.ENSP00000336740"
"NGEF","9606.ENSP00000264051"
"PCDH7","9606.ENSP00000441802"
"PPP2R2B","9606.ENSP00000377936"
"MEIS3","9606.ENSP00000453307"
"NFATC1","9606.ENSP00000389377"
"WLS","9606.ENSP00000346829"
"RIBC1","9606.ENSP00000364476"
"RBM47","9606.ENSP00000295971"
"P2RX4","9606.ENSP00000353032"
"KDM6B","9606.ENSP00000254846"
"B3GNT9","9606.ENSP00000400157"
"BRINP2","9606.ENSP00000354481"
"DCUN1D2","9606.ENSP00000417706"
"CTSS","9606.ENSP00000357981"
"SAXO2","9606.ENSP00000340445"
"TRPM8","9606.ENSP00000323926"
"GPRIN1","9606.ENSP00000305839"
"DNAH5","9606.ENSP00000265104"
"ABCB4","9606.ENSP00000265723"
"RNF32","9606.ENSP00000385285"
"HSD17B8","9606.ENSP00000363794"
"STEAP1","9606.ENSP00000297205"
"DISP2","9606.ENSP00000267889"
"CP","9606.ENSP00000264613"
"DPYD","9606.ENSP00000359211"
"HSPA6","9606.ENSP00000310219"
"ACOX2","9606.ENSP00000307697"
"MYRIP","9606.ENSP00000301972"
"DCAF15","9606.ENSP00000254337"
"CACNA2D2","9606.ENSP00000418081"
"DOCK5","9606.ENSP00000276440"
"ZNF43","9606.ENSP00000350085"
"CENPI","9606.ENSP00000362018"
"GIMAP6","9606.ENSP00000479580"
"CFAP43","9606.ENSP00000349568"
"RASSF5","9606.ENSP00000462099"
"NAT8L","9606.ENSP00000413064"
"RPRM","9606.ENSP00000314946"
"SETSIP","9606.ENSP00000480946"
"DSC2","9606.ENSP00000280904"
"CDKN2B","9606.ENSP00000276925"
"LOC102724250","9606.ENSP00000480818"
"DEPTOR","9606.ENSP00000286234"
"PALLD","9606.ENSP00000425556"
"C12ORF75","9606.ENSP00000448536"
"ANKRD37","9606.ENSP00000335147"
"EIF5A","9606.ENSP00000336702"
"IFNLR1","9606.ENSP00000327824"
"ALDH6A1","9606.ENSP00000450436"
"SH3KBP1","9606.ENSP00000380921"
"CNIH3","9606.ENSP00000272133"
"DENND2D","9606.ENSP00000350266"
"GLB1L2","9606.ENSP00000444628"
"ACTG2","9606.ENSP00000386857"
"CYS1","9606.ENSP00000371234"
"VAMP5","9606.ENSP00000305647"
"NMRK1","9606.ENSP00000366007"
"ANXA4","9606.ENSP00000377833"
"CAPG","9606.ENSP00000263867"
"NCAPH","9606.ENSP00000240423"
"ACKR1","9606.ENSP00000357103"
"LDB2","9606.ENSP00000306772"
"CRTAP","9606.ENSP00000323696"
"ZSCAN2","9606.ENSP00000410198"
"CETN2","9606.ENSP00000359300"
"DNAH14","9606.ENSP00000383737"
"SLC16A6","9606.ENSP00000319991"
"KYNU","9606.ENSP00000264170"
"PAX3","9606.ENSP00000375921"
"KHDRBS2","9606.ENSP00000281156"
"SEL1L2","9606.ENSP00000367312"
"SDPR","9606.ENSP00000305675"
"CHI3L2","9606.ENSP00000437082"
"PLA2G5","9606.ENSP00000364249"
"TPM4","9606.ENSP00000494125"
"CEP128","9606.ENSP00000451162"
"KCND3","9606.ENSP00000319591"
"GPC4","9606.ENSP00000359864"
"TMEM154","9606.ENSP00000302144"
"C5AR1","9606.ENSP00000347197"
"CDH22","9606.ENSP00000437790"
"MT1E","9606.ENSP00000328137"
"ADGRA3","9606.ENSP00000334952"
"MAFK","9606.ENSP00000344903"
"MT3","9606.ENSP00000200691"
"DLX2","9606.ENSP00000234198"
"BACE2","9606.ENSP00000332979"
"CXCL2","9606.ENSP00000427279"
"ARHGAP25","9606.ENSP00000386911"
"PAGR1","9606.ENSP00000326519"
"JAK3","9606.ENSP00000432511"
"TBX15","9606.ENSP00000358437"
"NME7","9606.ENSP00000356785"
"BTC","9606.ENSP00000379092"
"TRAF3IP2","9606.ENSP00000345984"
"ADORA1","9606.ENSP00000356205"
"MMP19","9606.ENSP00000313437"
"SLPI","9606.ENSP00000342082"
"FNDC1","9606.ENSP00000297267"
"ZNF536","9606.ENSP00000347730"
"CXCL10","9606.ENSP00000305651"
"RPE65","9606.ENSP00000262340"
"PRR5L","9606.ENSP00000368144"
"KANK4","9606.ENSP00000360195"
"CSRNP3","9606.ENSP00000318258"
"GSTM5","9606.ENSP00000256593"
"FAM81B","9606.ENSP00000283357"
"DRC1","9606.ENSP00000288710"
"CCDC80","9606.ENSP00000206423"
"ANGPTL4","9606.ENSP00000301455"
"PROCR","9606.ENSP00000216968"
"FBXO16","9606.ENSP00000369604"
"ARRDC4","9606.ENSP00000268042"
"PLEKHH2","9606.ENSP00000282406"
"ASTN1","9606.ENSP00000354536"
"BCAS1","9606.ENSP00000379290"
"FZD1","9606.ENSP00000287934"
"RCOR2","9606.ENSP00000301459"
"LAYN","9606.ENSP00000364765"
"CDC25A","9606.ENSP00000303706"
"MAGEL2","9606.ENSP00000497810"
"ITGBL1","9606.ENSP00000365351"
"HDAC9","9606.ENSP00000408617"
"TMEM110-MUSTN1","9606.ENSP00000422941"
"ARHGEF2","9606.ENSP00000354837"
"MAP3K5","9606.ENSP00000351908"
"STXBP5L","9606.ENSP00000273666"
"FAM50B","9606.ENSP00000369627"
"SYNE3","9606.ENSP00000334308"
"SZRD1","9606.ENSP00000383866"
"CRB2","9606.ENSP00000362734"
"ARMCX4","9606.ENSP00000404304"
"MOB3B","9606.ENSP00000262244"
"NFASC","9606.ENSP00000344786"
"CBLN3","9606.ENSP00000267406"
"EOGT","9606.ENSP00000373206"
"SHPK","9606.ENSP00000225519"
"GRIA1","9606.ENSP00000428994"
"SLCO1C1","9606.ENSP00000444149"
"APOBEC3F","9606.ENSP00000309749"
"HLA-DRB1","9606.ENSP00000353099"
"DCHS1","9606.ENSP00000299441"
"KCNF1","9606.ENSP00000295082"
"HIST2H2BE","9606.ENSP00000358151"
"LACC1","9606.ENSP00000391747"
"C20ORF27","9606.ENSP00000217195"
"UBE2E2","9606.ENSP00000379931"
"GALNT6","9606.ENSP00000348668"
"STOX1","9606.ENSP00000298596"
"ARAP3","9606.ENSP00000239440"
"BRCA2","9606.ENSP00000369497"
"TNFRSF1A","9606.ENSP00000162749"
"CCDC160","9606.ENSP00000427951"
"INS-IGF2","9606.ENSP00000380440"
"PDE10A","9606.ENSP00000355847"
"TACR1","9606.ENSP00000303522"
"PYGM","9606.ENSP00000164139"
"RSPH4A","9606.ENSP00000229554"
"IL1B","9606.ENSP00000263341"
"ATP1B2","9606.ENSP00000250111"
"FGFR2","9606.ENSP00000410294"
"DNAH9","9606.ENSP00000262442"
"MAP3K7CL","9606.ENSP00000382828"
"ASAH2B","9606.ENSP00000495463"
"VMP1","9606.ENSP00000262291"
"C6ORF52","9606.ENSP00000259983"
"STX3","9606.ENSP00000338562"
"POLQ","9606.ENSP00000264233"
"EBF1","9606.ENSP00000322898"
"FBLN5","9606.ENSP00000345008"
"ANKFN1","9606.ENSP00000321627"
"MAP3K19","9606.ENSP00000376647"
"ACTC1","9606.ENSP00000290378"
"ABCB9","9606.ENSP00000440288"
"SH3GLB2","9606.ENSP00000361634"
"CFAP126","9606.ENSP00000356951"
"IBSP","9606.ENSP00000226284"
"SDC1","9606.ENSP00000370542"
"HIP1","9606.ENSP00000336747"
"IFT88","9606.ENSP00000323580"
"INHBB","9606.ENSP00000295228"
"NR2F2","9606.ENSP00000377721"
"TKTL1","9606.ENSP00000358931"
"RASSF8","9606.ENSP00000384491"
"SCUBE2","9606.ENSP00000310658"
"COL28A1","9606.ENSP00000382356"
"LRP2BP","9606.ENSP00000332681"
"SSTR1","9606.ENSP00000267377"
"MAPK12","9606.ENSP00000215659"
"AKAP13","9606.ENSP00000354718"
"NPC2","9606.ENSP00000451206"
"PXDC1","9606.ENSP00000369636"
"PLCH1","9606.ENSP00000345988"
"PRDM1","9606.ENSP00000358092"
"RASSF9","9606.ENSP00000354884"
"HLA-DOA","9606.ENSP00000229829"
"PQLC3","9606.ENSP00000295083"
"SLC25A53","9606.ENSP00000468980"
"GPR137C","9606.ENSP00000315106"
"TMEM55A","9606.ENSP00000285419"
"WDR54","9606.ENSP00000006526"
"MSR1","9606.ENSP00000405453"
"KCNJ16","9606.ENSP00000465295"
"LRRC46","9606.ENSP00000269025"
"PLXDC2","9606.ENSP00000366460"
"APOBEC3G","9606.ENSP00000385057"
"MERTK","9606.ENSP00000295408"
"SPOCK2","9606.ENSP00000321108"
"PLEKHA7","9606.ENSP00000435389"
"IL18BP","9606.ENSP00000434717"
"OGFRL1","9606.ENSP00000359464"
"TPST2","9606.ENSP00000339813"
"NR3C2","9606.ENSP00000350815"
"NUP58","9606.ENSP00000371155"
"RFX2","9606.ENSP00000306335"
"ARPC1B","9606.ENSP00000389631"
"CDCA5","9606.ENSP00000275517"
"LDLRAD4","9606.ENSP00000352420"
"RGS9","9606.ENSP00000262406"
"TMEM176A","9606.ENSP00000417626"
"CISH","9606.ENSP00000409346"
"ARAP2","9606.ENSP00000302895"
"GSN","9606.ENSP00000362924"
"CLEC5A","9606.ENSP00000449999"
"CFAP206","9606.ENSP00000358575"
"GPR155","9606.ENSP00000376335"
"CXCL16","9606.ENSP00000293778"
"CCDC81","9606.ENSP00000415528"
"WDR63","9606.ENSP00000294664"
"MFAP3L","9606.ENSP00000354583"
"NOV","9606.ENSP00000413436"
"NOV","9606.ENSP00000377061"
"NOV","9606.ENSP00000259526"
"ZNF474","9606.ENSP00000296600"
"KAZN","9606.ENSP00000365198"
"BLM","9606.ENSP00000347232"
"FAT3","9606.ENSP00000432586"
"MST1","9606.ENSP00000414287"
"SMIM5","9606.ENSP00000477017"
"ZNF516","9606.ENSP00000394757"
"ACTR3B","9606.ENSP00000256001"
"ARHGEF6","9606.ENSP00000250617"
"ARHGAP33","9606.ENSP00000320038"
"C6ORF118","9606.ENSP00000230301"
"CPLX3","9606.ENSP00000378464"
"TLR8","9606.ENSP00000312082"
"ARMC2","9606.ENSP00000376417"
"PADI2","9606.ENSP00000364635"
"ARMC3","9606.ENSP00000298032"
"SVIL","9606.ENSP00000348128"
"NARR","9606.ENSP00000413156"
"SPATA24","9606.ENSP00000414920"
"HIST1H2AH","9606.ENSP00000366679"
"PLEKHG4B","9606.ENSP00000490806"
"CCDC151","9606.ENSP00000348757"
"CSRP1","9606.ENSP00000356275"
"MELTF","9606.ENSP00000296350"
"C1ORF158","9606.ENSP00000477802"
"SERPINI2","9606.ENSP00000481699"
"SLC35E2B","9606.ENSP00000481694"
"SORBS2","9606.ENSP00000347852"
"LCP1","9606.ENSP00000381581"
"IQUB","9606.ENSP00000417769"
"GULP1","9606.ENSP00000386289"
"DPEP1","9606.ENSP00000376807"
"TEKT2","9606.ENSP00000207457"
"TEKT1","9606.ENSP00000341346"
"VAT1L","9606.ENSP00000303129"
"CNTNAP5","9606.ENSP00000399013"
"ENPP5","9606.ENSP00000360436"
"HOXA3","9606.ENSP00000484411"
"SHB","9606.ENSP00000366936"
"RUNX3","9606.ENSP00000382800"
"TRIB3","9606.ENSP00000415416"
"MAP3K8","9606.ENSP00000263056"
"SLC26A7","9606.ENSP00000309504"
"OAS2","9606.ENSP00000342278"
"GRID1","9606.ENSP00000330148"
"TSPAN18","9606.ENSP00000429993"
"DDX3Y","9606.ENSP00000353284"
"PPP1R1B","9606.ENSP00000254079"
"FMN2","9606.ENSP00000318884"
"RUNX2","9606.ENSP00000360493"
"MICB","9606.ENSP00000252229"
"SPSB4","9606.ENSP00000311609"
"ECHDC3","9606.ENSP00000368517"
"PTRF","9606.ENSP00000349541"
"GMFG","9606.ENSP00000472249"
"CORO2B","9606.ENSP00000261861"
"DEPDC1B","9606.ENSP00000265036"
"AGBL2","9606.ENSP00000435582"
"CCDC74B","9606.ENSP00000308873"
"EHF","9606.ENSP00000435835"
"ZYX","9606.ENSP00000324422"
"MMP2","9606.ENSP00000219070"
"ANKRD45","9606.ENSP00000331268"
"NEBL","9606.ENSP00000366326"
"LY75","9606.ENSP00000263636"
"PLLP","9606.ENSP00000219207"
"ZFHX3","9606.ENSP00000493252"
"CCDC173","9606.ENSP00000391504"
"DYRK3","9606.ENSP00000356076"
"CDKN2A","9606.ENSP00000418915"
"GPR183","9606.ENSP00000365596"
"LPAR2","9606.ENSP00000443256"
"TTC29","9606.ENSP00000423505"
"TCTEX1D1","9606.ENSP00000282670"
"KLHL4","9606.ENSP00000362206"
"ZNF33B","9606.ENSP00000352444"
"ZDHHC11B","9606.ENSP00000442373"
"FBXW9","9606.ENSP00000376945"
"MASP1","9606.ENSP00000296280"
"TTC21A","9606.ENSP00000398211"
"ATP1A2","9606.ENSP00000354490"
"SLC22A4","9606.ENSP00000200652"
"VRK2","9606.ENSP00000408002"
"EDIL3","9606.ENSP00000296591"
"PCDH10","9606.ENSP00000264360"
"VWA3B","9606.ENSP00000417955"
"DNMT3B","9606.ENSP00000328547"
"GLDN","9606.ENSP00000335196"
"ANGPTL1","9606.ENSP00000234816"
"GRHL1","9606.ENSP00000324693"
"FAP","9606.ENSP00000188790"
"SLC27A6","9606.ENSP00000262462"
"CXCL3","9606.ENSP00000296026"
"APOL6","9606.ENSP00000386280"
"SCAF11","9606.ENSP00000358374"
"CTGF","9606.ENSP00000356954"
"SUSD4","9606.ENSP00000344219"
"ADCY8","9606.ENSP00000286355"
"H2AFY2","9606.ENSP00000362352"
"SORCS3","9606.ENSP00000358715"
"IFIT2","9606.ENSP00000490935"
"LGALS1","9606.ENSP00000215909"
"DEPDC7","9606.ENSP00000241051"
"HOXB2","9606.ENSP00000331741"
"CCDC65","9606.ENSP00000312706"
"DNAH12","9606.ENSP00000312554"
"OSBPL6","9606.ENSP00000376293"
"F8","9606.ENSP00000353393"
"ZNF423","9606.ENSP00000455426"
"CDC25C","9606.ENSP00000321656"
"PRRG4","9606.ENSP00000257836"
"DOCK11","9606.ENSP00000276202"
"FGFR3","9606.ENSP00000339824"
"DBF4","9606.ENSP00000265728"
"KCNMB1","9606.ENSP00000274629"
"LTBP2","9606.ENSP00000261978"
"MYLIP","9606.ENSP00000349298"
"TNFSF13","9606.ENSP00000343505"
"NCALD","9606.ENSP00000379256"
"KIAA1024","9606.ENSP00000307461"
"SOX3","9606.ENSP00000359567"
"FBXL13","9606.ENSP00000321927"
"C4B_2","9606.ENSP00000415941"
"CA9","9606.ENSP00000367608"
"CFAP45","9606.ENSP00000357079"
"CD69","9606.ENSP00000228434"
"HPGDS","9606.ENSP00000295256"
"RNASE1","9606.ENSP00000381057"
"HNF4G","9606.ENSP00000501146"
"SLC4A4","9606.ENSP00000393557"
"ERBB4","9606.ENSP00000342235"
"OLFML1","9606.ENSP00000332511"
"CLDN11","9606.ENSP00000064724"
"ADCY2","9606.ENSP00000342952"
"BICC1","9606.ENSP00000362993"
"CASC1","9606.ENSP00000379310"
"CYP4F12","9606.ENSP00000448998"
"ANKEF1","9606.ENSP00000367644"
"TRIM56","9606.ENSP00000305161"
"TES","9606.ENSP00000350937"
"GIMAP8","9606.ENSP00000305107"
"DOCK8","9606.ENSP00000394888"
"LY96","9606.ENSP00000284818"
"CAPSL","9606.ENSP00000380524"
"SCG2","9606.ENSP00000304133"
"ACACB","9606.ENSP00000341044"
"SPAG4","9606.ENSP00000363391"
"ST6GALNAC2","9606.ENSP00000225276"
"CCDC170","9606.ENSP00000239374"
"TRIM25","9606.ENSP00000323889"
"LOC102724788","9606.ENSP00000481127"
"RIBC2","9606.ENSP00000483356"
"SERPINA1","9606.ENSP00000416066"
"LRP1B","9606.ENSP00000374135"
"SIX1","9606.ENSP00000494686"
"SPAG17","9606.ENSP00000337804"
"SLC6A9","9606.ENSP00000353791"
"RNF165","9606.ENSP00000269439"
"FCGR3B","9606.ENSP00000433642"
"AK7","9606.ENSP00000267584"
"CHST6","9606.ENSP00000328983"
"C11ORF88","9606.ENSP00000333845"
"DAW1","9606.ENSP00000311899"
"KRT17","9606.ENSP00000308452"
"MTTP","9606.ENSP00000427679"
"ITGB2","9606.ENSP00000380948"
"AMER2","9606.ENSP00000426528"
"GPR82","9606.ENSP00000303549"
"MYO18A","9606.ENSP00000437073"
"SUCLG2","9606.ENSP00000419325"
"BCL11B","9606.ENSP00000349723"
"SLC16A10","9606.ENSP00000357844"
"IL1R2","9606.ENSP00000330959"
"NRCAM","9606.ENSP00000368314"
"GDPD2","9606.ENSP00000414019"
"SYNC","9606.ENSP00000386439"
"CYP3A5","9606.ENSP00000222982"
"LINC01279","9606.ENSP00000206423"
"MDGA1","9606.ENSP00000402584"
"TDRD6","9606.ENSP00000346065"
"CCM2L","9606.ENSP00000262659"
"HMGA2","9606.ENSP00000437621"
"CD36","9606.ENSP00000415743"
"IFI16","9606.ENSP00000357113"
"PPBP","9606.ENSP00000296028"
"MPEG1","9606.ENSP00000354335"
"ADAMTS2","9606.ENSP00000251582"
"AKR1C1","9606.ENSP00000370254"
"ARMC4","9606.ENSP00000306410"
"KCNJ2","9606.ENSP00000243457"
"MYBL2","9606.ENSP00000217026"
"C15ORF52","9606.ENSP00000453969"
"SOSTDC1","9606.ENSP00000304930"
"MYO16","9606.ENSP00000401633"
"C1ORF61","9606.ENSP00000479346"
"FBN3","9606.ENSP00000270509"
"CNR1","9606.ENSP00000358513"
"DNAAF3","9606.ENSP00000436975"
"TMEM71","9606.ENSP00000349296"
"ZC2HC1C","9606.ENSP00000435550"
"CCDC40","9606.ENSP00000380679"
"GAP43","9606.ENSP00000377372"
"LCAT","9606.ENSP00000264005"
"PTGS2","9606.ENSP00000356438"
"ZNF124","9606.ENSP00000440365"
"KLHDC8A","9606.ENSP00000356124"
"BMP5","9606.ENSP00000359866"
"LGALS3","9606.ENSP00000254301"
"PURG","9606.ENSP00000418721"
"SLAMF8","9606.ENSP00000289707"
"SCRN1","9606.ENSP00000388942"
"LMO3","9606.ENSP00000442786"
"SAMSN1","9606.ENSP00000285670"
"KLHL26","9606.ENSP00000300976"
"ZNF185","9606.ENSP00000440847"
"CXCL6","9606.ENSP00000226317"
"FRZB","9606.ENSP00000295113"
"ZMYND10","9606.ENSP00000231749"
"EFHC2","9606.ENSP00000404232"
"NXPH1","9606.ENSP00000384551"
"SOD3","9606.ENSP00000371554"
"KCNMB2","9606.ENSP00000407592"
"CRACR2A","9606.ENSP00000409382"
"TBX1","9606.ENSP00000331791"
"UBALD1","9606.ENSP00000283474"
"TTC12","9606.ENSP00000419652"
"AKAP14","9606.ENSP00000360485"
"MAEL","9606.ENSP00000356846"
"NDUFC2-KCTD14","9606.ENSP00000478766"
"NEUROD1","9606.ENSP00000295108"
"CCDC8","9606.ENSP00000303158"
"ST6GALNAC5","9606.ENSP00000417583"
"TREM1","9606.ENSP00000244709"
"TBC1D8","9606.ENSP00000386856"
"ZNF493","9606.ENSP00000376110"
"FAR2","9606.ENSP00000443291"
"STK17A","9606.ENSP00000319192"
"GPR85","9606.ENSP00000297146"
"CAV2","9606.ENSP00000222693"
"CXCL5","9606.ENSP00000296027"
"SCG3","9606.ENSP00000220478"
"CCDC96","9606.ENSP00000309285"
"FSIP1","9606.ENSP00000280236"
"COL21A1","9606.ENSP00000244728"
"C11ORF63","9606.ENSP00000227349"
"ST3GAL5","9606.ENSP00000491316"
"OSBPL10","9606.ENSP00000379804"
"TET1","9606.ENSP00000362748"
"EGR3","9606.ENSP00000318057"
"HR","9606.ENSP00000370826"
"KRBOX1","9606.ENSP00000388094"
"GJA1","9606.ENSP00000282561"
"TLR5","9606.ENSP00000496355"
"MVP","9606.ENSP00000378760"
"PLK2","9606.ENSP00000274289"
"EFCAB12","9606.ENSP00000420854"
"TM6SF1","9606.ENSP00000317000"
"PDK1","9606.ENSP00000376352"
"TSPAN2","9606.ENSP00000358529"
"GALNT14","9606.ENSP00000314500"
"SFRP2","9606.ENSP00000274063"
"ARHGEF37","9606.ENSP00000328083"
"PDLIM3","9606.ENSP00000284767"
"NCF2","9606.ENSP00000356505"
"SCN3A","9606.ENSP00000283254"
"PRKCA","9606.ENSP00000408695"
"PASK","9606.ENSP00000351475"
"CDCP1","9606.ENSP00000296129"
"ADAMTS18","9606.ENSP00000282849"
"LEF1","9606.ENSP00000265165"
"CLEC7A","9606.ENSP00000302569"
"VASH2","9606.ENSP00000428324"
"CD74","9606.ENSP00000009530"
"PSPH","9606.ENSP00000378854"
"COL23A1","9606.ENSP00000375069"
"NUPR1","9606.ENSP00000379003"
"LCP2","9606.ENSP00000046794"
"G0S2","9606.ENSP00000355996"
"DLL1","9606.ENSP00000355718"
"BEST4","9606.ENSP00000361281"
"NSG1","9606.ENSP00000388823"
"ERFE","9606.ENSP00000442304"
"SBSPON","9606.ENSP00000297354"
"RNF128","9606.ENSP00000255499"
"OLR1","9606.ENSP00000309124"
"SYTL2","9606.ENSP00000318803"
"PLEK","9606.ENSP00000234313"
"P2RY1","9606.ENSP00000304767"
"PCDHB7","9606.ENSP00000231137"
"ENKUR","9606.ENSP00000331044"
"RALGPS2","9606.ENSP00000356607"
"VEGFC","9606.ENSP00000480043"
"TBR1","9606.ENSP00000374205"
"LRP8","9606.ENSP00000303634"
"LGALSL","9606.ENSP00000238875"
"NOG","9606.ENSP00000328181"
"GALNT16","9606.ENSP00000336729"
"IL17D","9606.ENSP00000302924"
"PACRG","9606.ENSP00000337946"
"TSPYL5","9606.ENSP00000322802"
"FCGR2C","9606.ENSP00000271450"
"FCGR2C","9606.ENSP00000351497"
"SEMA3A","9606.ENSP00000265362"
"CLIC6","9606.ENSP00000353959"
"AQP1","9606.ENSP00000311165"
"BAALC","9606.ENSP00000312457"
"GALNT10","9606.ENSP00000297107"
"PIRT","9606.ENSP00000462046"
"ERBB3","9606.ENSP00000267101"
"DALRD3","9606.ENSP00000344989"
"ADAMTS15","9606.ENSP00000299164"
"MAOA","9606.ENSP00000340684"
"S100A6","9606.ENSP00000357709"
"BRINP3","9606.ENSP00000356432"
"PRPH","9606.ENSP00000257860"
"SRGAP1","9606.ENSP00000347198"
"KIF21B","9606.ENSP00000411831"
"WDR38","9606.ENSP00000483312"
"HKDC1","9606.ENSP00000346643"
"CDH1","9606.ENSP00000261769"
"CFAP100","9606.ENSP00000344749"
"DOK4","9606.ENSP00000455566"
"SOCS3","9606.ENSP00000330341"
"ADAM19","9606.ENSP00000257527"
"ADAMTSL4","9606.ENSP00000358035"
"FAM181A","9606.ENSP00000267594"
"SYT9","9606.ENSP00000324419"
"FMO1","9606.ENSP00000346901"
"CH25H","9606.ENSP00000360918"
"ABAT","9606.ENSP00000379845"
"CCR1","9606.ENSP00000296140"
"AHR","9606.ENSP00000242057"
"PLCL2","9606.ENSP00000478458"
"GADD45B","9606.ENSP00000215631"
"ROPN1L","9606.ENSP00000421405"
"LYPD1","9606.ENSP00000380605"
"ALCAM","9606.ENSP00000305988"
"NDUFA4L2","9606.ENSP00000377411"
"ELFN2","9606.ENSP00000385277"
"TIMP4","9606.ENSP00000287814"
"LRRC18","9606.ENSP00000363275"
"MFGE8","9606.ENSP00000268150"
"DRC7","9606.ENSP00000353942"
"CAPS","9606.ENSP00000498855"
"DNAH6","9606.ENSP00000374045"
"PLTP","9606.ENSP00000417138"
"ACAN","9606.ENSP00000387356"
"RBM20","9606.ENSP00000358532"
"C4ORF19","9606.ENSP00000371408"
"CPT1C","9606.ENSP00000376303"
"HLA-DPB1","9606.ENSP00000408146"
"CLDN1","9606.ENSP00000295522"
"TSHZ2","9606.ENSP00000360552"
"EFHD1","9606.ENSP00000264059"
"WDR72","9606.ENSP00000379619"
"IFI44L","9606.ENSP00000359787"
"GALR1","9606.ENSP00000299727"
"C15ORF48","9606.ENSP00000341610"
"BEST3","9606.ENSP00000332413"
"SEZ6L","9606.ENSP00000248933"
"BCL7A","9606.ENSP00000445868"
"OSMR","9606.ENSP00000274276"
"ACKR3","9606.ENSP00000272928"
"KIF9","9606.ENSP00000333942"
"F2RL2","9606.ENSP00000296641"
"TMEM255A","9606.ENSP00000310110"
"BTNL9","9606.ENSP00000330200"
"DCDC2","9606.ENSP00000367715"
"CYP27C1","9606.ENSP00000334128"
"GFRA2","9606.ENSP00000428518"
"PNPLA4","9606.ENSP00000370430"
"TRAC","9606.ENSP00000384018"
"HEPN1","9606.ENSP00000386143"
"PHYHIPL","9606.ENSP00000362987"
"WDR66","9606.ENSP00000288912"
"CACNG4","9606.ENSP00000262138"
"C22ORF23","9606.ENSP00000384667"
"RPS4Y1","9606.ENSP00000250784"
"PPIL6","9606.ENSP00000392257"
